ticker,trade_date,open_price,high_price,low_price,close_price,volume,turnover,shares_outstanding
005290,2020-01-02,16700,16750,16250,16400,730952,12027000000,51414494
005290,2020-01-03,16750,17450,16250,16300,2544400,42499000000,51414494
005290,2020-01-06,15750,16400,15700,15900,1229157,19639000000,51414494
005290,2020-01-07,16050,16300,15900,15900,634841,10185000000,51414494
005290,2020-01-08,15700,16200,15300,15600,1448615,22844000000,51414494
005290,2020-01-09,16100,16950,16050,16700,2247051,37270000000,51414494
005290,2020-01-10,16850,16900,16250,16850,1504895,25044000000,51414494
005290,2020-01-13,17500,17650,16800,17100,1928811,33050000000,51414494
005290,2020-01-14,17200,18300,17150,17300,3686655,65243000000,51414494
005290,2020-01-15,17350,17950,16950,17800,1575483,27468000000,51414494
005290,2020-01-16,17950,18800,17700,18600,3234647,59319000000,51414494
005290,2020-01-17,18850,19200,18400,18800,2246469,42319000000,51414494
005290,2020-01-20,18900,19250,18450,18800,1564134,29555000000,51414494
005290,2020-01-21,19100,19500,18550,18600,1834673,34711000000,51414494
005290,2020-01-22,18650,19900,18550,19700,3343621,65145000000,51414494
005290,2020-01-23,19550,19800,19000,19200,1972512,38290000000,51414494
005290,2020-01-28,18200,18600,17950,18550,2464527,45111000000,51414494
005290,2020-01-29,18850,19000,18400,18500,1216239,22662000000,51414494
005290,2020-01-30,18200,19300,18000,18250,2434072,45300000000,51414494
005290,2020-01-31,18550,18600,17400,17500,1499070,26875000000,51414494
005290,2020-02-03,17000,18150,16750,18000,1595245,28004000000,51414494
005290,2020-02-04,18050,18100,17550,18000,1375335,24573000000,51414494
005290,2020-02-05,18350,18550,17350,17400,1444436,25728000000,51414494
005290,2020-02-06,17650,18150,17650,18000,1115155,19976000000,51414494
005290,2020-02-07,18000,18000,17000,17200,1761464,30419000000,51414494
005290,2020-02-10,17100,17350,17000,17250,651494,11204000000,51414494
005290,2020-02-11,17300,17600,17150,17550,853924,14809000000,51414494
005290,2020-02-12,17600,17750,17350,17600,848204,14917000000,51414494
005290,2020-02-13,17700,18000,17200,17400,1128123,19771000000,51414494
005290,2020-02-14,17250,18150,17250,17950,1485690,26537000000,51414494
005290,2020-02-17,17900,18300,17550,18300,957633,17160000000,51414494
005290,2020-02-18,18150,18200,17450,17600,1140705,20256000000,51414494
005290,2020-02-19,17600,17900,17400,17550,912990,16081000000,51414494
005290,2020-02-20,17800,17950,17500,17700,1089791,19308000000,51414494
005290,2020-02-21,17450,17600,17000,17050,1127987,19432000000,51414494
005290,2020-02-24,16100,16700,16050,16400,1013994,16662000000,51414494
005290,2020-02-25,16250,16950,16200,16650,989472,16419000000,51414494
005290,2020-02-26,16250,16600,16100,16400,717883,11724000000,51414494
005290,2020-02-27,16350,16600,15200,15400,1535872,24262000000,51414494
005290,2020-02-28,15000,15250,14650,14750,1456298,21679000000,51414494
005290,2020-03-02,14800,15500,14700,15200,1066868,16144000000,51414494
005290,2020-03-03,15900,15950,14950,15000,1161579,17893000000,51414494
005290,2020-03-04,14800,15600,14750,15450,837844,12831000000,51414494
005290,2020-03-05,15700,15850,15250,15450,778193,12041000000,51414494
005290,2020-03-06,15150,15450,14900,15150,730186,11029000000,51414494
005290,2020-03-09,14650,14800,14000,14050,1123633,16105000000,51414494
005290,2020-03-10,13850,14650,13800,14550,891244,12762000000,51414494
005290,2020-03-11,14600,14950,14100,14400,1249564,18167000000,51414494
005290,2020-03-12,14200,14750,13000,13500,1858307,25593000000,51414494
005290,2020-03-13,12450,13100,11350,12600,2784024,33956000000,51414494
005290,2020-03-16,12850,13250,11750,11750,1443880,18272000000,51414494
005290,2020-03-17,10950,12200,10950,11650,2152742,24865000000,51414494
005290,2020-03-18,11700,11850,10500,10500,1822778,20671000000,51414494
005290,2020-03-19,11000,11100,9150,9800,3054885,31189000000,51414494
005290,2020-03-20,10200,11650,9910,11600,2539987,27597000000,51414494
005290,2020-03-23,10600,11200,10300,10550,1899765,20238000000,51414494
005290,2020-03-24,11050,12750,10950,12500,2999593,36363000000,51414494
005290,2020-03-25,13150,13450,12500,13000,2207625,28542000000,51414494
005290,2020-03-26,13050,13900,12400,13150,2084109,27773000000,51414494
005290,2020-03-27,14050,14100,12700,13250,1628962,21967000000,51414494
005290,2020-03-30,12700,13700,12650,13650,1131117,14978000000,51414494
005290,2020-03-31,13950,14000,13150,13350,1204518,16295000000,51414494
005290,2020-04-01,13150,13950,12950,12950,1322996,17814000000,51414494
005290,2020-04-02,13050,13450,12850,13450,904951,11934000000,51414494
005290,2020-04-03,13550,13650,13050,13050,712250,9427000000,51414494
005290,2020-04-06,13200,14100,13150,14100,1421872,19509000000,51414494
005290,2020-04-07,14550,15450,14150,14700,2966749,43843000000,51414494
005290,2020-04-08,14450,15000,14350,14500,993884,14667000000,51414494
005290,2020-04-09,14900,14950,14350,14600,803789,11745000000,51414494
005290,2020-04-10,14500,14550,14000,14250,800316,11418000000,51414494
005290,2020-04-13,14250,14300,13150,13250,1124811,15270000000,51414494
005290,2020-04-14,13550,13800,13400,13650,789649,10737000000,51414494
005290,2020-04-16,13500,14200,13350,14200,906304,12523000000,51414494
005290,2020-04-17,14800,14850,14250,14500,1112957,16208000000,51414494
005290,2020-04-20,14600,14650,14150,14250,635199,9151000000,51414494
005290,2020-04-21,14100,14800,13900,14600,1600499,23007000000,51414494
005290,2020-04-22,14200,14600,14000,14600,779870,11112000000,51414494
005290,2020-04-23,14900,14900,14500,14700,735308,10777000000,51414494
005290,2020-04-24,14600,14600,14100,14150,599130,8588000000,51414494
005290,2020-04-27,14250,14650,14150,14650,662478,9582000000,51414494
005290,2020-04-28,14850,14850,14250,14650,648143,9444000000,51414494
005290,2020-04-29,14750,16200,14650,15700,4145059,65064000000,51414494
005290,2020-05-04,15400,16650,15300,16150,2834433,46030000000,51414494
005290,2020-05-06,16650,16950,16200,16950,1606607,26694000000,51414494
005290,2020-05-07,16900,17850,16900,17700,2082828,36545000000,51414494
005290,2020-05-08,18000,18100,17550,18000,1417544,25291000000,51414494
005290,2020-05-11,17900,18050,17400,17650,1046373,18558000000,51414494
005290,2020-05-12,17750,17800,16900,17500,1401731,24268000000,51414494
005290,2020-05-13,17050,18000,17050,18000,1079752,18999000000,51414494
005290,2020-05-14,17700,17850,17350,17600,783839,13772000000,51414494
005290,2020-05-15,17850,18750,16600,17300,4072236,72563000000,51414494
005290,2020-05-18,17400,17850,16850,17850,1802973,31602000000,51414494
005290,2020-05-19,18550,18550,17900,18150,1579935,28743000000,51414494
005290,2020-05-20,17950,18550,17900,18550,1173968,21564000000,51414494
005290,2020-05-21,18850,19450,18500,18700,2381451,45300000000,51414494
005290,2020-05-22,18700,18800,17850,18200,1360687,24716000000,51414494
005290,2020-05-25,18200,18550,17750,18350,1008881,18357000000,51414494
005290,2020-05-26,18400,18750,18150,18250,1149373,21133000000,51414494
005290,2020-05-27,18050,18700,17800,17850,1120136,20276000000,51414494
005290,2020-05-28,18150,18150,16800,17050,1622075,28151000000,51414494
005290,2020-05-29,16900,17900,16750,17900,1052397,18253000000,51414494
005290,2020-06-01,18050,18150,17700,18100,1270153,22797000000,51414494
005290,2020-06-02,18150,19750,17950,19650,5389243,103566000000,51414494
005290,2020-06-03,19900,20000,18900,19100,2254018,43580000000,51414494
005290,2020-06-04,19300,19800,19050,19550,1658857,32247000000,51414494
005290,2020-06-05,19750,21200,19550,20650,4128239,84952000000,51414494
005290,2020-06-08,21000,21050,20250,20600,1260998,25952000000,51414494
005290,2020-06-09,20750,21750,20550,21300,2332294,49692000000,51414494
005290,2020-06-10,21350,21600,21050,21350,912448,19441000000,51414494
005290,2020-06-11,21450,22500,21150,21750,2728938,59713000000,51414494
005290,2020-06-12,20600,21350,19850,21200,2678367,55123000000,51414494
005290,2020-06-15,20800,20850,18300,18300,2874912,56289000000,51414494
005290,2020-06-16,19350,20300,18700,20250,2120657,41763000000,51414494
005290,2020-06-17,20150,21100,19950,20250,1886075,38660000000,51414494
005290,2020-06-18,20050,22400,20050,21800,4310746,93588000000,51414494
005290,2020-06-19,22400,23650,22150,22900,3993291,91627000000,51414494
005290,2020-06-22,22750,24450,22700,23850,2898986,68744000000,51414494
005290,2020-06-23,24200,24850,23000,23200,2010052,47642000000,51414494
005290,2020-06-24,24000,28400,23850,26450,13751048,363509000000,51414494
005290,2020-06-25,26050,30000,25900,28450,10908981,310865000000,51414494
005290,2020-06-26,29800,30200,26850,27000,5356135,150267000000,51414494
005290,2020-06-29,26900,29150,26850,28250,4163046,117474000000,51414494
005290,2020-06-30,29550,30350,27850,28150,3887554,112845000000,51414494
005290,2020-07-01,28600,29150,27000,27200,2817641,79077000000,51414494
005290,2020-07-02,27600,28600,27300,28000,2427785,67863000000,51414494
005290,2020-07-03,28300,28300,27250,27400,1591931,43899000000,51414494
005290,2020-07-06,27150,29350,26950,29300,2961408,83968000000,51414494
005290,2020-07-07,30000,30300,28200,28400,2654040,76374000000,51414494
005290,2020-07-08,28500,28750,27650,28750,1752757,49471000000,51414494
005290,2020-07-09,29100,29200,28050,28400,2512280,71924000000,51414494
005290,2020-07-10,28900,31900,28700,30400,10574158,324214000000,51414494
005290,2020-07-13,30650,31250,30000,31100,2447775,75108000000,51414494
005290,2020-07-14,30550,30700,29750,30350,1832707,55266000000,51414494
005290,2020-07-15,30400,30450,29100,29600,1688337,49833000000,51414494
005290,2020-07-16,29600,29700,28050,28650,1805056,51774000000,51414494
005290,2020-07-17,28500,29350,28300,28850,954669,27644000000,51414494
005290,2020-07-20,29050,29600,28450,28800,1073743,31087000000,51414494
005290,2020-07-21,29150,29750,29000,29400,1378918,40546000000,51414494
005290,2020-07-22,29600,31700,29050,31550,4323087,133451000000,51414494
005290,2020-07-23,31800,32300,30800,31650,2696264,85188000000,51414494
005290,2020-07-24,31100,31550,29800,30700,1542227,47450000000,51414494
005290,2020-07-27,30700,32700,30650,30850,3303915,105104000000,51414494
005290,2020-07-28,31350,32500,30800,32450,2459308,78028000000,51414494
005290,2020-07-29,32350,33700,31500,32200,3293111,107365000000,51414494
005290,2020-07-30,33500,34300,32450,32750,2011750,66607000000,51414494
005290,2020-07-31,33250,33250,31400,31600,1872935,59783000000,51414494
005290,2020-08-03,32000,33900,31400,33650,3097795,102423000000,51414494
005290,2020-08-04,34100,34100,32750,33700,1397318,46633000000,51414494
005290,2020-08-05,33900,35600,33350,35300,2753072,96162000000,51414494
005290,2020-08-06,35550,37500,35450,37250,2793269,102519000000,51414494
005290,2020-08-07,37400,38400,36150,37650,2105933,77779000000,51414494
005290,2020-08-10,38000,38800,36750,37700,1554910,58537000000,51414494
005290,2020-08-11,37850,38850,36100,36700,2225030,83125000000,51414494
005290,2020-08-12,36700,36700,34350,35250,2149681,75768000000,51414494
005290,2020-08-13,36000,36400,33400,33600,2361208,82195000000,51414494
005290,2020-08-14,34500,35400,33000,34200,3093183,105610000000,51414494
005290,2020-08-18,33600,34250,30300,31300,3135293,101458000000,51414494
005290,2020-08-19,32700,34100,31750,33200,3045563,100423000000,51414494
005290,2020-08-20,33150,33500,30900,31350,2179713,69441000000,51414494
005290,2020-08-21,31650,35300,31600,34200,5573540,188114000000,51414494
005290,2020-08-24,33750,34750,33000,34000,1871543,63600000000,51414494
005290,2020-08-25,34500,34600,33300,34350,1637272,55570000000,51414494
005290,2020-08-26,37500,37500,34950,35550,5574044,200900000000,51414494
005290,2020-08-27,35100,36500,34700,34700,2247421,79581000000,51414494
005290,2020-08-28,34700,35200,33550,33900,1693013,58184000000,51414494
005290,2020-08-31,34150,34500,32250,33200,1716802,57060000000,51414494
005290,2020-09-01,33050,33550,32350,33250,1210245,40027000000,51414494
005290,2020-09-02,33650,34500,33400,33500,1471216,49884000000,51414494
005290,2020-09-03,34300,35150,33900,34300,1902025,65810000000,51414494
005290,2020-09-04,32500,33500,32500,33200,1681561,55549000000,51414494
005290,2020-09-07,33050,33100,32050,32700,1198240,39006000000,51414494
005290,2020-09-08,32850,33300,31900,32300,990524,32439000000,51414494
005290,2020-09-09,31500,32150,31350,31600,1088073,34460000000,51414494
005290,2020-09-10,32250,32650,31600,32650,844157,27010000000,51414494
005290,2020-09-11,32300,32550,31650,31950,707334,22560000000,51414494
005290,2020-09-14,32150,32750,31500,32500,1004898,32453000000,51414494
005290,2020-09-15,33200,35300,33150,34450,5427333,186686000000,51414494
005290,2020-09-16,34100,34200,32900,32900,1677859,56157000000,51414494
005290,2020-09-17,32900,32950,31550,31900,1425373,45480000000,51414494
005290,2020-09-18,31700,32100,30550,31300,1410703,43916000000,51414494
005290,2020-09-21,31300,31300,29050,29550,1785672,53611000000,51414494
005290,2020-09-22,29100,30300,28150,29450,1852925,53853000000,51414494
005290,2020-09-23,30050,30750,29000,30000,1402857,42024000000,51414494
005290,2020-09-24,29150,29600,28100,28350,1048669,30226000000,51414494
005290,2020-09-25,28450,29400,27900,28850,791992,22831000000,51414494
005290,2020-09-28,29200,30000,29000,29750,620837,18354000000,51414494
005290,2020-09-29,30100,30250,29300,29650,479904,14260000000,51414494
005290,2020-10-05,29600,30000,29350,29650,390533,11600000000,51414494
005290,2020-10-06,30100,30750,29700,29900,686843,20774000000,51414494
005290,2020-10-07,29550,30200,29450,29850,365930,10927000000,51414494
005290,2020-10-08,30300,30300,29550,29650,452430,13471000000,51414494
005290,2020-10-12,29900,30250,29550,29850,398798,11909000000,51414494
005290,2020-10-13,30150,30200,29350,29450,470362,13948000000,51414494
005290,2020-10-14,29450,29450,28050,28200,1108157,31645000000,51414494
005290,2020-10-15,28300,28300,27350,27900,684013,18980000000,51414494
005290,2020-10-16,28200,28350,27000,27400,560009,15384000000,51414494
005290,2020-10-19,27250,28250,27250,27550,531317,14777000000,51414494
005290,2020-10-20,27100,28350,27100,28250,709031,19672000000,51414494
005290,2020-10-21,28450,28500,27850,28200,483756,13649000000,51414494
005290,2020-10-22,28150,28150,26900,26900,557441,15252000000,51414494
005290,2020-10-23,26900,27150,26000,26550,689896,18190000000,51414494
005290,2020-10-26,26350,26500,25150,25250,827899,21191000000,51414494
005290,2020-10-27,25000,27350,24750,26950,1390445,36752000000,51414494
005290,2020-10-28,26850,27800,26650,27800,774694,21205000000,51414494
005290,2020-10-29,27150,28550,27100,28550,893931,24985000000,51414494
005290,2020-10-30,28650,28800,26900,27150,972887,27147000000,51414494
005290,2020-11-02,27300,27450,26550,26850,480798,12963000000,51414494
005290,2020-11-03,27300,28200,27200,27900,645845,17992000000,51414494
005290,2020-11-04,28400,30450,28100,30050,2463609,72619000000,51414494
005290,2020-11-05,29800,30450,29200,30400,1438547,42923000000,51414494
005290,2020-11-06,30650,30650,29550,29750,887123,26552000000,51414494
005290,2020-11-09,30100,30200,29650,29950,607796,18184000000,51414494
005290,2020-11-10,29850,29850,29100,29450,721135,21232000000,51414494
005290,2020-11-11,29450,30250,29100,29850,635961,18898000000,51414494
005290,2020-11-12,30250,31500,30050,30950,1870166,57879000000,51414494
005290,2020-11-13,30600,31300,30500,30900,1207975,37313000000,51414494
005290,2020-11-16,31350,32350,30850,31850,1771694,56331000000,51414494
005290,2020-11-17,32000,32000,31100,31850,985500,31193000000,51414494
005290,2020-11-18,31750,32150,31150,31250,743110,23402000000,51414494
005290,2020-11-19,31200,32000,30850,31900,811916,25579000000,51414494
005290,2020-11-20,32050,32100,31550,31650,567042,18029000000,51414494
005290,2020-11-23,31650,32250,31350,31800,599730,19126000000,51414494
005290,2020-11-24,32150,32150,31400,31450,630344,19984000000,51414494
005290,2020-11-25,31750,31800,30200,30500,1267748,39128000000,51414494
005290,2020-11-26,30500,31300,30200,30950,681545,21029000000,51414494
005290,2020-11-27,30900,31450,30700,31250,604645,18838000000,51414494
005290,2020-11-30,31450,31500,30800,30850,542565,16837000000,51414494
005290,2020-12-01,30850,31200,30050,30300,838418,25430000000,51414494
005290,2020-12-02,30350,30950,30050,30200,876703,26629000000,51414494
005290,2020-12-03,30250,30400,29300,29450,1116288,33089000000,51414494
005290,2020-12-04,29550,31400,29450,31300,1805840,55111000000,51414494
005290,2020-12-07,31900,32250,30700,31400,1439755,45422000000,51414494
005290,2020-12-08,31900,33950,31750,32850,4518418,149600000000,51414494
005290,2020-12-09,33050,33350,31900,32800,1718721,56123000000,51414494
005290,2020-12-10,32450,32700,32150,32300,876428,28365000000,51414494
005290,2020-12-11,32350,32550,31600,31850,974467,31049000000,51414494
005290,2020-12-14,31850,33300,31350,32600,1487854,48531000000,51414494
005290,2020-12-15,33000,34500,32950,33950,3063328,103738000000,51414494
005290,2020-12-16,34000,34300,33400,34100,1208386,40983000000,51414494
005290,2020-12-17,34350,34700,33750,34450,1259311,43143000000,51414494
005290,2020-12-18,34900,35450,34200,34450,1157214,40208000000,51414494
005290,2020-12-21,34400,34400,33300,33950,793638,26769000000,51414494
005290,2020-12-22,33850,33850,32500,32650,1075668,35602000000,51414494
005290,2020-12-23,32500,33200,31700,32700,934278,30445000000,51414494
005290,2020-12-24,33000,34300,32900,33650,1237222,41704000000,51414494
005290,2020-12-28,33950,34700,33550,34400,1180804,40308000000,51414494
005290,2020-12-29,34700,34750,34100,34450,853701,29391000000,51414494
005290,2020-12-30,34450,37200,34250,36500,2990071,108190000000,51414494
005290,2021-01-04,36550,37000,35900,37000,1781585,65113000000,51414494
005290,2021-01-05,36850,38400,36100,36600,1826951,67657000000,51414494
005290,2021-01-06,37050,37700,35450,35500,1661905,60292000000,51414494
005290,2021-01-07,35800,36150,35400,35650,1052242,37550000000,51414494
005290,2021-01-08,36050,36600,35600,35900,1485782,53367000000,51414494
005290,2021-01-11,36050,37600,35100,36200,2469295,89421000000,51414494
005290,2021-01-12,36200,37500,35700,36500,1795679,65680000000,51414494
005290,2021-01-13,37250,37450,36150,36250,1013675,37167000000,51414494
005290,2021-01-14,36150,36550,35450,35700,920174,32927000000,51414494
005290,2021-01-15,36000,36750,35000,35200,1164304,41687000000,51414494
005290,2021-01-18,34500,34750,33650,33900,1212823,41407000000,51414494
005290,2021-01-19,34050,34300,33250,33950,876344,29759000000,51414494
005290,2021-01-20,34350,35850,34200,35500,1321048,46482000000,51414494
005290,2021-01-21,35800,35950,34900,35350,773233,27299000000,51414494
005290,2021-01-22,35750,35750,34300,34450,894841,31255000000,51414494
005290,2021-01-25,34550,35250,34150,35250,695724,24265000000,51414494
005290,2021-01-26,35550,35600,34300,34350,755142,26252000000,51414494
005290,2021-01-27,34650,34700,32950,33150,1371742,45886000000,51414494
005290,2021-01-28,32250,32600,30950,31250,1654656,52481000000,51414494
005290,2021-01-29,31700,31850,29750,30400,1215861,37258000000,51414494
005290,2021-02-01,30000,31200,29800,31100,787573,24208000000,51414494
005290,2021-02-02,31450,32200,31100,31500,680957,21507000000,51414494
005290,2021-02-03,32000,32300,31400,31700,671554,21324000000,51414494
005290,2021-02-04,31600,31650,30500,30850,691350,21338000000,51414494
005290,2021-02-05,31150,31550,30650,31400,520474,16217000000,51414494
005290,2021-02-08,31400,31450,30600,30700,501594,15451000000,51414494
005290,2021-02-09,31050,31650,30850,31000,414218,12955000000,51414494
005290,2021-02-10,30900,31150,30550,30800,327758,10115000000,51414494
005290,2021-02-15,31300,32800,31100,32650,1071330,34474000000,51414494
005290,2021-02-16,32750,33800,32350,33450,1101566,36697000000,51414494
005290,2021-02-17,33550,33900,32700,33800,629287,20917000000,51414494
005290,2021-02-18,33400,33700,32850,32900,470458,15586000000,51414494
005290,2021-02-19,32700,33500,32250,33450,693323,22841000000,51414494
005290,2021-02-22,33700,33750,32450,32600,513833,16910000000,51414494
005290,2021-02-23,31950,32500,31500,32100,399469,12760000000,51414494
005290,2021-02-24,32100,32500,30300,30450,845939,26388000000,51414494
005290,2021-02-25,31300,31900,30900,31600,473771,14840000000,51414494
005290,2021-02-26,30500,30900,30150,30700,600139,18293000000,51414494
005290,2021-03-02,31500,32000,30700,31000,560082,17565000000,51414494
005290,2021-03-03,30750,31700,30650,31200,284890,8872000000,51414494
005290,2021-03-04,30800,31000,30350,30600,326829,9994000000,51414494
005290,2021-03-05,30100,30500,29650,30500,373628,11220000000,51414494
005290,2021-03-08,30700,30800,29600,29600,344914,10383000000,51414494
005290,2021-03-09,29300,29450,27850,28700,812987,23071000000,51414494
005290,2021-03-10,29500,29700,28000,28000,498453,14262000000,51414494
005290,2021-03-11,28100,30400,28100,30100,744420,22013000000,51414494
005290,2021-03-12,31000,31700,30550,31200,724008,22583000000,51414494
005290,2021-03-15,31300,31350,30700,30850,282547,8739000000,51414494
005290,2021-03-16,32250,33500,32050,33200,2769907,91569000000,51414494
005290,2021-03-17,33250,33450,32300,33300,861403,28340000000,51414494
005290,2021-03-18,33650,33700,32700,32750,649338,21464000000,51414494
005290,2021-03-19,31900,32500,31500,32500,539403,17244000000,51414494
005290,2021-03-22,32650,32700,31900,32100,385832,12422000000,51414494
005290,2021-03-23,32600,33350,32400,32500,691487,22702000000,51414494
005290,2021-03-24,31950,33800,31650,33600,1078729,35745000000,51414494
005290,2021-03-25,33400,35000,32850,34300,2093103,71657000000,51414494
005290,2021-03-26,35000,35200,34000,34200,1110339,38294000000,51414494
005290,2021-03-29,34200,34400,33300,33350,690728,23261000000,51414494
005290,2021-03-30,33550,34100,33000,33200,469637,15744000000,51414494
005290,2021-03-31,33150,33150,32500,32600,510833,16723000000,51414494
005290,2021-04-01,33000,33800,32800,33700,582463,19376000000,51414494
005290,2021-04-02,34300,34350,33200,33400,567158,19103000000,51414494
005290,2021-04-05,33650,34300,33350,34100,682937,23117000000,51414494
005290,2021-04-06,34300,34350,33100,33300,564756,18879000000,51414494
005290,2021-04-07,33350,33600,33000,33000,350232,11626000000,51414494
005290,2021-04-08,33050,33100,32300,32400,562259,18288000000,51414494
005290,2021-04-09,32750,33300,32650,32750,411158,13540000000,51414494
005290,2021-04-12,32850,32900,31850,32300,611271,19704000000,51414494
005290,2021-04-13,32100,32500,32000,32400,294314,9511000000,51414494
005290,2021-04-14,32400,32500,31950,32200,377173,12104000000,51414494
005290,2021-04-15,32200,32600,31950,32250,321330,10377000000,51414494
005290,2021-04-16,32550,32600,32100,32450,353463,11412000000,51414494
005290,2021-04-19,32600,34200,32400,33750,1440506,48414000000,51414494
005290,2021-04-20,33800,33950,33100,33800,580973,19526000000,51414494
005290,2021-04-21,33500,33700,32650,32850,709505,23433000000,51414494
005290,2021-04-22,33200,33500,32850,32950,413295,13684000000,51414494
005290,2021-04-23,32650,33200,32250,32950,353570,11582000000,51414494
005290,2021-04-26,33200,33350,32800,33200,394691,13049000000,51414494
005290,2021-04-27,33450,33600,32350,32500,549080,18076000000,51414494
005290,2021-04-28,32500,32500,30600,30750,1211051,37666000000,51414494
005290,2021-04-29,30850,31200,29950,30150,743039,22495000000,51414494
005290,2021-04-30,30250,30900,30000,30850,437090,13279000000,51414494
005290,2021-05-03,30300,31150,30100,30250,503807,15415000000,51414494
005290,2021-05-04,30150,30450,29500,30400,503837,15023000000,51414494
005290,2021-05-06,30150,30750,29900,30350,284594,8641000000,51414494
005290,2021-05-07,30500,30850,30350,30800,321013,9830000000,51414494
005290,2021-05-10,30850,31700,30800,31500,494328,15493000000,51414494
005290,2021-05-11,30800,31050,30000,30250,624950,18983000000,51414494
005290,2021-05-12,30300,30450,29700,29850,414078,12402000000,51414494
005290,2021-05-13,29050,29400,28350,28350,834889,24076000000,51414494
005290,2021-05-14,29050,29650,28650,29250,497889,14508000000,51414494
005290,2021-05-17,29600,29700,28400,28750,410092,11845000000,51414494
005290,2021-05-18,28600,29300,28600,29300,228739,6648000000,51414494
005290,2021-05-20,29000,29500,28800,29400,278279,8124000000,51414494
005290,2021-05-21,29700,29750,29150,29200,267470,7860000000,51414494
005290,2021-05-24,29200,29250,28200,28350,436050,12409000000,51414494
005290,2021-05-25,28600,28700,28200,28500,360119,10223000000,51414494
005290,2021-05-26,28550,29150,28350,28350,390102,11155000000,51414494
005290,2021-05-27,28550,28850,28000,28800,377184,10699000000,51414494
005290,2021-05-28,28900,29100,28500,28850,261236,7550000000,51414494
005290,2021-05-31,29000,29100,28350,28600,288366,8244000000,51414494
005290,2021-06-01,28700,29000,28400,28650,314759,9017000000,51414494
005290,2021-06-02,28700,28850,28300,28400,321863,9179000000,51414494
005290,2021-06-03,28600,29500,28500,29150,752026,21936000000,51414494
005290,2021-06-04,29050,29050,28550,28700,322246,9250000000,51414494
005290,2021-06-07,29050,29850,28900,29550,618772,18231000000,51414494
005290,2021-06-08,29850,29900,28750,28900,682439,19758000000,51414494
005290,2021-06-09,29000,29050,28450,28450,363174,10375000000,51414494
005290,2021-06-10,28500,28950,28400,28850,415635,11925000000,51414494
005290,2021-06-11,28850,29200,28850,29000,300783,8721000000,51414494
005290,2021-06-14,29000,29000,28550,28650,223776,6415000000,51414494
005290,2021-06-15,28750,28850,28650,28700,150085,4308000000,51414494
005290,2021-06-16,28800,28850,28550,28650,227433,6512000000,51414494
005290,2021-06-17,28650,29100,28500,28900,301008,8676000000,51414494
005290,2021-06-18,29200,29300,28850,29050,364247,10577000000,51414494
005290,2021-06-21,28650,28700,27600,27700,1416520,39543000000,51414494
005290,2021-06-22,27850,27950,26650,26800,1317222,35491000000,51414494
005290,2021-06-23,26900,27750,26700,27450,800456,21694000000,51414494
005290,2021-06-24,27400,27700,27050,27400,345241,9443000000,51414494
005290,2021-06-25,27450,28050,27400,27500,398018,11022000000,51414494
005290,2021-06-28,28000,28350,27750,28200,575590,16183000000,51414494
005290,2021-06-29,28300,28450,27900,28250,353957,9976000000,51414494
005290,2021-06-30,28600,28850,28400,28650,454684,13005000000,51414494
005290,2021-07-01,28800,28800,28150,28150,267021,7559000000,51414494
005290,2021-07-02,28150,28350,27900,28150,324876,9121000000,51414494
005290,2021-07-05,28250,28500,28100,28400,245994,6968000000,51414494
005290,2021-07-06,28400,28650,28150,28250,325787,9261000000,51414494
005290,2021-07-07,28350,28400,27800,28200,312427,8753000000,51414494
005290,2021-07-08,28050,28200,27250,27350,529395,14573000000,51414494
005290,2021-07-09,27000,27200,26700,27050,430899,11594000000,51414494
005290,2021-07-12,27300,27700,27150,27550,244325,6711000000,51414494
005290,2021-07-13,27450,28350,27400,28250,423183,11851000000,51414494
005290,2021-07-14,28100,28150,27700,27850,227806,6344000000,51414494
005290,2021-07-15,27850,28800,27800,28700,726163,20688000000,51414494
005290,2021-07-16,28550,29000,28300,28350,590843,16906000000,51414494
005290,2021-07-19,28150,29050,27650,28800,666303,18941000000,51414494
005290,2021-07-20,28400,31150,28350,30350,3609998,109218000000,51414494
005290,2021-07-21,30700,30700,29350,29800,984641,29381000000,51414494
005290,2021-07-22,29850,30600,29550,29950,1156158,34828000000,51414494
005290,2021-07-23,30050,30150,29500,29650,484664,14375000000,51414494
005290,2021-07-26,29900,30450,28900,29300,630894,18753000000,51414494
005290,2021-07-27,29300,29650,29000,29000,380598,11149000000,51414494
005290,2021-07-28,28800,30400,28650,29600,1250729,37252000000,51414494
005290,2021-07-29,29800,30200,29500,30000,611869,18306000000,51414494
005290,2021-07-30,29900,30000,29050,29250,479277,14078000000,51414494
005290,2021-08-02,29350,29800,28950,29650,416748,12291000000,51414494
005290,2021-08-03,29600,30350,29400,29900,593404,17777000000,51414494
005290,2021-08-04,30350,30350,29400,29600,453481,13450000000,51414494
005290,2021-08-05,29600,29750,29350,29600,270690,7985000000,51414494
005290,2021-08-06,29700,29900,29400,29550,282045,8343000000,51414494
005290,2021-08-09,29500,30100,29200,30000,533197,15870000000,51414494
005290,2021-08-10,30100,30100,29100,29300,460287,13555000000,51414494
005290,2021-08-11,28950,29100,27700,27750,1294857,36350000000,51414494
005290,2021-08-12,27450,27950,27200,27750,459557,12717000000,51414494
005290,2021-08-13,27500,27600,26400,26900,724239,19398000000,51414494
005290,2021-08-17,26850,27250,26400,26950,464355,12465000000,51414494
005290,2021-08-18,26800,27150,26400,27050,299542,8038000000,51414494
005290,2021-08-19,26600,27050,25800,25850,574240,15107000000,51414494
005290,2021-08-20,26550,26600,25000,25100,458671,11735000000,51414494
005290,2021-08-23,25300,25700,25050,25550,271065,6908000000,51414494
005290,2021-08-24,25800,26500,25800,26500,347560,9137000000,51414494
005290,2021-08-25,26950,26950,25950,26250,485483,12816000000,51414494
005290,2021-08-26,26350,26800,25800,25900,392683,10289000000,51414494
005290,2021-08-27,25600,26250,25400,26050,256993,6658000000,51414494
005290,2021-08-30,26300,26500,25900,26100,233176,6101000000,51414494
005290,2021-08-31,26000,26500,25850,26500,239725,6267000000,51414494
005290,2021-09-01,26550,26650,26250,26400,247543,6530000000,51414494
005290,2021-09-02,26350,26400,25950,26000,303810,7910000000,51414494
005290,2021-09-03,26050,26450,25900,26400,366458,9583000000,51414494
005290,2021-09-06,26500,27200,26400,26800,602618,16168000000,51414494
005290,2021-09-07,26850,26900,26350,26450,204478,5415000000,51414494
005290,2021-09-08,26250,26500,25950,26150,256961,6724000000,51414494
005290,2021-09-09,26100,26250,25700,26000,269924,6993000000,51414494
005290,2021-09-10,26000,26100,25550,25850,203917,5257000000,51414494
005290,2021-09-13,25750,25800,25200,25450,318449,8094000000,51414494
005290,2021-09-14,25550,26550,25350,26450,376360,9822000000,51414494
005290,2021-09-15,26400,28600,26250,28350,1714549,47701000000,51414494
005290,2021-09-16,28450,29800,28000,29450,2324131,67884000000,51414494
005290,2021-09-17,29800,32000,29600,30950,4837549,150517000000,51414494
005290,2021-09-23,30950,31800,30700,30950,1502793,46895000000,51414494
005290,2021-09-24,31200,31400,30350,31000,1397870,43325000000,51414494
005290,2021-09-27,31100,32800,31100,32500,2327200,74843000000,51414494
005290,2021-09-28,32000,32550,31200,31900,1127007,35837000000,51414494
005290,2021-09-29,30800,31600,30500,31450,1267053,39308000000,51414494
005290,2021-09-30,31800,31850,30700,31450,830725,25982000000,51414494
005290,2021-10-01,31250,40850,30800,32400,17563170,626193000000,51414494
005290,2021-10-05,31000,33600,29350,32250,4200952,130329000000,51414494
005290,2021-10-06,32450,32650,29850,30350,2484641,76301000000,51414494
005290,2021-10-07,30500,32650,30350,31650,1281539,40377000000,51414494
005290,2021-10-08,31850,34950,31350,33600,2949845,99080000000,51414494
005290,2021-10-12,33900,34450,32500,32850,1123621,37443000000,51414494
005290,2021-10-13,32450,34800,32400,34300,1622071,54627000000,51414494
005290,2021-10-14,34600,34800,34000,34700,999685,34392000000,51414494
005290,2021-10-15,34700,35100,34050,34150,725882,25008000000,51414494
005290,2021-10-18,34400,34750,33850,34150,731391,25031000000,51414494
005290,2021-10-19,34250,34450,33400,33750,771412,26135000000,51414494
005290,2021-10-20,34400,35700,34400,34750,2070920,72649000000,51414494
005290,2021-10-21,34600,34650,32850,33150,1153510,38391000000,51414494
005290,2021-10-22,33100,34150,32850,33500,699870,23512000000,51414494
005290,2021-10-25,33250,33800,31900,32650,719316,23462000000,51414494
005290,2021-10-26,32850,33950,32700,33750,700149,23423000000,51414494
005290,2021-10-27,33900,35350,33550,34300,994157,34353000000,51414494
005290,2021-10-28,34300,35650,34200,35150,1246636,43815000000,51414494
005290,2021-10-29,35300,35500,34550,35000,605768,21234000000,51414494
005290,2021-11-01,35200,35450,33300,34050,696538,23938000000,51414494
005290,2021-11-02,34100,34550,33700,34050,407633,13878000000,51414494
005290,2021-11-03,34100,34500,32900,33300,624856,20972000000,51414494
005290,2021-11-04,33800,33800,33000,33350,427036,14249000000,51414494
005290,2021-11-05,33600,34200,32400,32550,603955,19931000000,51414494
005290,2021-11-08,33000,33550,32100,33300,695532,22837000000,51414494
005290,2021-11-09,33300,34500,31050,31550,2082694,67100000000,51414494
005290,2021-11-10,31500,31500,30550,30700,627712,19401000000,51414494
005290,2021-11-11,30300,31800,30250,31800,567501,17673000000,51414494
005290,2021-11-12,32450,36850,32350,34700,5853361,206138000000,51414494
005290,2021-11-15,35150,38500,34800,37850,4381390,162778000000,51414494
005290,2021-11-16,37150,38500,37100,37800,1681820,63703000000,51414494
005290,2021-11-17,37850,39550,36150,36800,2932969,110993000000,51414494
005290,2021-11-18,37950,39800,37000,38800,2961884,114444000000,51414494
005290,2021-11-19,38500,39800,37800,39100,1315050,51325000000,51414494
005290,2021-11-22,40000,40400,37650,38650,1854879,71751000000,51414494
005290,2021-11-23,38200,39500,37550,38500,960440,37133000000,51414494
005290,2021-11-24,38850,39150,36550,38450,1559719,58769000000,51414494
005290,2021-11-25,38550,39100,36950,37100,871718,32744000000,51414494
005290,2021-11-26,37050,37450,35600,36250,1249028,45607000000,51414494
005290,2021-11-29,35000,35800,34550,35000,1085929,38139000000,51414494
005290,2021-11-30,35650,36300,33150,33650,1327655,45903000000,51414494
005290,2021-12-01,34000,34500,32700,34100,957943,32273000000,51414494
005290,2021-12-02,33500,34750,33200,34100,1063499,36086000000,51414494
005290,2021-12-03,34300,34300,33400,33850,669475,22618000000,51414494
005290,2021-12-06,33400,33700,33000,33450,590142,19642000000,51414494
005290,2021-12-07,34000,34600,33200,33550,935971,31687000000,51414494
005290,2021-12-08,34200,35000,33700,33900,1060791,36363000000,51414494
005290,2021-12-09,33900,34300,33500,33900,702496,23785000000,51414494
005290,2021-12-10,33550,33700,32050,32350,1179585,38449000000,51414494
005290,2021-12-13,32400,32750,32050,32550,436089,14157000000,51414494
005290,2021-12-14,32450,32750,31800,31950,1038361,33317000000,51414494
005290,2021-12-15,32100,32500,30950,31500,1746890,54863000000,51414494
005290,2021-12-16,32350,33050,31900,32650,2486771,80583000000,51414494
005290,2021-12-17,32350,32850,32150,32650,954836,31076000000,51414494
005290,2021-12-20,35700,37800,34800,35950,15057537,546978000000,51414494
005290,2021-12-21,36500,43400,35500,42500,20266149,816471000000,51414494
005290,2021-12-22,42100,43950,42000,42850,7148828,306363000000,51414494
005290,2021-12-23,42350,46750,41950,42850,11290085,497685000000,51414494
005290,2021-12-24,44100,46250,43000,45350,9504601,426010000000,51414494
005290,2021-12-27,45500,46450,44150,44550,3009384,135294000000,51414494
005290,2021-12-28,45100,45700,42800,45500,4654043,207743000000,51414494
005290,2021-12-29,45600,48000,44300,44550,6696721,309114000000,51414494
005290,2021-12-30,44800,52100,44350,51000,12318174,603364000000,51414494
005290,2022-01-03,48250,50400,46400,46700,9003827,432566000000,51414494
005290,2022-01-04,47050,48100,45100,45900,6060598,283028000000,51414494
005290,2022-01-05,45600,46100,42600,43300,4967161,217642000000,51414494
005290,2022-01-06,43800,44350,41850,42100,4918690,213522000000,51414494
005290,2022-01-07,42750,43850,41900,42850,2976778,127776000000,51414494
005290,2022-01-10,41800,42200,39800,40250,3388433,136819000000,51414494
005290,2022-01-11,40300,40750,38900,39300,2323717,92259000000,51414494
005290,2022-01-12,39900,40650,39650,39950,1947051,78062000000,51414494
005290,2022-01-13,40500,43150,40250,41150,4093607,171308000000,51414494
005290,2022-01-14,40400,41500,40100,40650,1292996,52580000000,51414494
005290,2022-01-17,40800,40850,39050,39550,1336899,52916000000,51414494
005290,2022-01-18,39350,41450,39150,40000,1518208,61307000000,51414494
005290,2022-01-19,39500,39900,38500,39000,1120134,43788000000,51414494
005290,2022-01-20,38700,40450,38500,40450,945831,37439000000,51414494
005290,2022-01-21,39650,40000,38500,38950,1176157,45892000000,51414494
005290,2022-01-24,38200,39250,38050,38900,997187,38574000000,51414494
005290,2022-01-25,39150,39650,38050,38700,1214154,47210000000,51414494
005290,2022-01-26,39050,39200,37950,37950,684403,26348000000,51414494
005290,2022-01-27,38450,39150,36850,37300,1449725,54789000000,51414494
005290,2022-01-28,37550,39250,36250,38850,1286977,48973000000,51414494
005290,2022-02-03,39800,39850,38200,38200,943863,36754000000,51414494
005290,2022-02-04,38150,39150,38100,38800,654109,25323000000,51414494
005290,2022-02-07,38750,38750,37100,37150,848944,31907000000,51414494
005290,2022-02-08,37300,37650,35800,36100,1026351,37532000000,51414494
005290,2022-02-09,36800,37850,36400,37700,839833,31391000000,51414494
005290,2022-02-10,38250,38350,36950,37450,537037,20100000000,51414494
005290,2022-02-11,36700,37150,35250,35700,824880,29830000000,51414494
005290,2022-02-14,34650,35450,34300,35000,815201,28454000000,51414494
005290,2022-02-15,35050,35600,34300,34550,478275,16616000000,51414494
005290,2022-02-16,35500,35750,34900,35500,669760,23679000000,51414494
005290,2022-02-17,35450,36200,34050,34900,833804,29483000000,51414494
005290,2022-02-18,34150,35150,34050,34950,421455,14615000000,51414494
005290,2022-02-21,34300,34450,33550,34450,551937,18792000000,51414494
005290,2022-02-22,33650,34000,33250,33650,617201,20732000000,51414494
005290,2022-02-23,34050,34600,33550,34550,564323,19235000000,51414494
005290,2022-02-24,33850,34600,32950,33150,1432175,48039000000,51414494
005290,2022-02-25,34000,34900,33950,34650,882724,30427000000,51414494
005290,2022-02-28,34300,36200,34300,35400,817855,28772000000,51414494
005290,2022-03-02,35300,35850,35000,35550,475621,16865000000,51414494
005290,2022-03-03,36050,37250,35950,36450,684251,24976000000,51414494
005290,2022-03-04,36150,36250,35600,35650,439146,15742000000,51414494
005290,2022-03-07,34350,35000,33850,33950,760035,26034000000,51414494
005290,2022-03-08,33200,33800,32950,33150,582625,19410000000,51414494
005290,2022-03-10,34100,34800,33700,33700,556831,18971000000,51414494
005290,2022-03-11,33750,34800,33200,33400,599598,20276000000,51414494
005290,2022-03-14,33200,33300,31600,31900,885926,28470000000,51414494
005290,2022-03-15,31650,31900,31100,31450,569467,17909000000,51414494
005290,2022-03-16,32250,32500,31750,32200,540649,17378000000,51414494
005290,2022-03-17,33300,34300,33250,34050,1071076,36246000000,51414494
005290,2022-03-18,34150,37350,33650,36700,2638803,95350000000,51414494
005290,2022-03-21,36950,38200,36500,37700,1684948,63375000000,51414494
005290,2022-03-22,38050,38300,37350,37700,796646,30114000000,51414494
005290,2022-03-23,38200,38950,37900,38600,1109751,42756000000,51414494
005290,2022-03-24,38350,39750,38300,39500,1208563,47429000000,51414494
005290,2022-03-25,40050,40950,39650,40350,1566091,63287000000,51414494
005290,2022-03-28,40400,40750,38950,40300,1339672,53503000000,51414494
005290,2022-03-29,40650,41200,39900,40250,678808,27429000000,51414494
005290,2022-03-30,40950,41450,39200,39650,1264905,50688000000,51414494
005290,2022-03-31,39300,39850,38750,39300,807845,31733000000,51414494
005290,2022-04-01,38950,39300,38200,38200,720964,27763000000,51414494
005290,2022-04-04,37850,38750,37550,38600,775504,29531000000,51414494
005290,2022-04-05,39000,39150,37750,37850,681739,26077000000,51414494
005290,2022-04-06,37200,37400,36850,37000,585912,21764000000,51414494
005290,2022-04-07,36300,37250,36300,36950,469112,17253000000,51414494
005290,2022-04-08,37200,38000,36600,37600,587120,21909000000,51414494
005290,2022-04-11,37300,37350,36300,36500,525540,19287000000,51414494
005290,2022-04-12,35800,36600,35550,36500,381071,13785000000,51414494
005290,2022-04-13,36750,38150,36550,37750,863465,32412000000,51414494
005290,2022-04-14,37850,38150,37500,37650,405011,15326000000,51414494
005290,2022-04-15,37250,38050,36750,37500,505954,18853000000,51414494
005290,2022-04-18,37600,39150,37250,38600,977539,37813000000,51414494
005290,2022-04-19,38950,39500,38600,39150,666094,26060000000,51414494
005290,2022-04-20,39250,39450,38750,39000,475710,18629000000,51414494
005290,2022-04-21,39350,40600,39150,40100,1175573,47214000000,51414494
005290,2022-04-22,39550,41000,39450,40350,835903,33650000000,51414494
005290,2022-04-25,39450,39750,37900,37900,1090357,42104000000,51414494
005290,2022-04-26,38500,38650,37850,37950,438868,16798000000,51414494
005290,2022-04-27,36750,37900,36700,37900,563044,21037000000,51414494
005290,2022-04-28,38050,38150,35900,36600,845412,30972000000,51414494
005290,2022-04-29,36950,38450,36700,38100,711210,26776000000,51414494
005290,2022-05-02,37400,38300,37200,38000,369860,13949000000,51414494
005290,2022-05-03,38350,39850,38100,39700,908618,35667000000,51414494
005290,2022-05-04,40700,42000,40200,40900,1970426,81082000000,51414494
005290,2022-05-06,40700,42300,40150,41350,1429441,59075000000,51414494
005290,2022-05-09,41150,41150,39500,39650,910531,36499000000,51414494
005290,2022-05-10,38800,40750,38650,40450,1136885,45089000000,51414494
005290,2022-05-11,40000,43350,39950,42400,3189015,133768000000,51414494
005290,2022-05-12,41600,42600,41050,41150,1621620,67820000000,51414494
005290,2022-05-13,41650,43000,41550,42000,1268268,53584000000,51414494
005290,2022-05-16,42500,42550,40850,41100,862577,35751000000,51414494
005290,2022-05-17,41100,42400,40900,41850,899807,37516000000,51414494
005290,2022-05-18,42550,42600,40750,41050,819368,33991000000,51414494
005290,2022-05-19,39800,43650,39650,41700,2904720,121751000000,51414494
005290,2022-05-20,42300,44400,41600,42800,2268576,97755000000,51414494
005290,2022-05-23,44050,47700,43850,44150,5192453,236076000000,51414494
005290,2022-05-24,43550,45000,42900,42950,1495191,65775000000,51414494
005290,2022-05-25,43700,43900,42500,42500,995074,42871000000,51414494
005290,2022-05-26,42500,44300,41300,41650,1408428,60077000000,51414494
005290,2022-05-27,42500,43200,41800,42550,859953,36585000000,51414494
005290,2022-05-30,43300,43450,42400,42800,578035,24736000000,51414494
005290,2022-05-31,43050,43050,42000,42500,553940,23551000000,51414494
005290,2022-06-02,42200,42650,41850,42000,431858,18223000000,51414494
005290,2022-06-03,42600,43400,42100,42250,722457,30900000000,51414494
005290,2022-06-07,41900,41950,39450,39450,1364979,54783000000,51414494
005290,2022-06-08,39550,40000,38900,38950,706793,27855000000,51414494
005290,2022-06-09,38900,39550,38650,39150,597372,23381000000,51414494
005290,2022-06-10,38450,39150,37850,38200,557716,21435000000,51414494
005290,2022-06-13,36950,37650,36300,36850,1029490,38005000000,51414494
005290,2022-06-14,36000,37200,35950,37150,759951,27817000000,51414494
005290,2022-06-15,37200,37500,36000,36500,555501,20406000000,51414494
005290,2022-06-16,37450,38300,36900,37150,711590,26790000000,51414494
005290,2022-06-17,36300,36700,36100,36600,560590,20405000000,51414494
005290,2022-06-20,37150,37250,34250,34750,974364,34098000000,51414494
005290,2022-06-21,35050,35800,34250,35300,524378,18411000000,51414494
005290,2022-06-22,35800,35850,33400,33500,904390,30768000000,51414494
005290,2022-06-23,33500,34950,32900,33150,779155,26303000000,51414494
005290,2022-06-24,33400,35300,33400,34900,645987,22423000000,51414494
005290,2022-06-27,35500,36000,34600,35550,499908,17753000000,51414494
005290,2022-06-28,35250,35800,34900,35300,316762,11171000000,51414494
005290,2022-06-29,34700,34750,33600,34150,521285,17769000000,51414494
005290,2022-06-30,33850,34050,32100,32100,732819,23969000000,51414494
005290,2022-07-01,32550,33850,31650,31950,710981,23128000000,51414494
005290,2022-07-04,32350,32350,30850,31500,536294,16895000000,51414494
005290,2022-07-05,32100,32800,31700,32350,528725,17127000000,51414494
005290,2022-07-06,32400,33100,31600,31900,596313,19355000000,51414494
005290,2022-07-07,32350,34000,32350,33550,779733,26057000000,51414494
005290,2022-07-08,34000,34300,33450,33450,389131,13162000000,51414494
005290,2022-07-11,33550,33850,32800,33350,239136,7993000000,51414494
005290,2022-07-12,32800,33150,32050,32300,437048,14188000000,51414494
005290,2022-07-13,32400,33000,32100,32700,286699,9338000000,51414494
005290,2022-07-14,32300,33000,31950,32450,407487,13227000000,51414494
005290,2022-07-15,32950,33650,32350,33250,650115,21477000000,51414494
005290,2022-07-18,34050,34600,33600,34300,719026,24537000000,51414494
005290,2022-07-19,33800,34400,33350,34350,391721,13270000000,51414494
005290,2022-07-20,35200,35400,34100,34300,584609,20302000000,51414494
005290,2022-07-21,34800,36850,34400,35650,1105901,39458000000,51414494
005290,2022-07-22,35750,35900,35000,35000,597808,21202000000,51414494
005290,2022-07-25,34600,35300,34450,35200,306872,10698000000,51414494
005290,2022-07-26,35200,35600,34700,35500,288918,10168000000,51414494
005290,2022-07-27,35350,35750,35000,35350,221742,7830000000,51414494
005290,2022-07-28,36050,36400,35300,35650,421404,15080000000,51414494
005290,2022-07-29,35950,36400,35450,35550,377414,13537000000,51414494
005290,2022-08-01,35900,37500,35400,36800,976216,35680000000,51414494
005290,2022-08-02,37100,37700,36250,36600,817413,30258000000,51414494
005290,2022-08-03,36600,36800,36100,36700,314931,11511000000,51414494
005290,2022-08-04,37150,38200,37050,37700,1136463,42851000000,51414494
005290,2022-08-05,38200,38200,37200,37300,574561,21607000000,51414494
005290,2022-08-08,37350,37350,34250,35100,2147500,75958000000,51414494
005290,2022-08-09,35250,35400,33350,33650,1596546,54158000000,51414494
005290,2022-08-10,33350,34350,33050,33400,863407,29135000000,51414494
005290,2022-08-11,34200,34650,33750,33900,954165,32561000000,51414494
005290,2022-08-12,33950,34450,33750,34200,560037,19104000000,51414494
005290,2022-08-16,34600,35650,34300,35100,871618,30565000000,51414494
005290,2022-08-17,35200,35800,34600,35500,719865,25456000000,51414494
005290,2022-08-18,35250,36250,35000,35750,682736,24380000000,51414494
005290,2022-08-19,36150,37100,35400,35400,1157179,41890000000,51414494
005290,2022-08-22,34700,35150,34100,34150,463498,15967000000,51414494
005290,2022-08-23,33850,35150,33850,34550,509936,17685000000,51414494
005290,2022-08-24,34900,35700,34400,35000,378532,13236000000,51414494
005290,2022-08-25,35250,35500,34900,35500,349552,12320000000,51414494
005290,2022-08-26,35950,36300,34650,34750,596953,21148000000,51414494
005290,2022-08-29,33200,33600,32750,32850,694117,23031000000,51414494
005290,2022-08-30,32950,33600,32550,33550,474479,15693000000,51414494
005290,2022-08-31,33100,34600,32950,34550,410513,13939000000,51414494
005290,2022-09-01,33750,34100,33150,33150,450167,15138000000,51414494
005290,2022-09-02,33300,33550,32300,32400,360859,11833000000,51414494
005290,2022-09-05,32050,32500,31650,31850,388021,12410000000,51414494
005290,2022-09-06,31900,32350,31550,31950,306670,9779000000,51414494
005290,2022-09-07,31750,31800,31100,31400,360690,11303000000,51414494
005290,2022-09-08,31750,32100,31450,31650,385065,12232000000,51414494
005290,2022-09-13,32500,33400,32400,33400,432266,14271000000,51414494
005290,2022-09-14,31900,32300,31650,32050,432571,13820000000,51414494
005290,2022-09-15,32350,32400,31650,31900,313873,10004000000,51414494
005290,2022-09-16,31650,31850,31300,31400,279075,8794000000,51414494
005290,2022-09-19,31400,32000,31050,31100,348646,10937000000,51414494
005290,2022-09-20,31250,31850,31100,31300,220711,6939000000,51414494
005290,2022-09-21,31000,31150,28350,29600,1838563,53978000000,51414494
005290,2022-09-22,28900,30500,28500,30500,751700,22466000000,51414494
005290,2022-09-23,30700,31550,29500,29650,659218,20072000000,51414494
005290,2022-09-26,29000,29150,27900,28000,663663,18854000000,51414494
005290,2022-09-27,27950,28300,27000,27800,666336,18319000000,51414494
005290,2022-09-28,27650,27900,26300,26350,703473,18864000000,51414494
005290,2022-09-29,27000,27450,26100,26300,505143,13592000000,51414494
005290,2022-09-30,25700,26850,25700,26500,520265,13661000000,51414494
005290,2022-10-04,27250,28100,27100,28050,432276,11981000000,51414494
005290,2022-10-05,28900,28950,27500,27750,443513,12492000000,51414494
005290,2022-10-06,28100,29300,28050,28950,497094,14341000000,51414494
005290,2022-10-07,28500,29250,28300,28650,356352,10254000000,51414494
005290,2022-10-11,27500,30000,26800,27250,1014465,28167000000,51414494
005290,2022-10-12,27500,28250,27200,28050,353089,9815000000,51414494
005290,2022-10-13,27750,27950,27050,27050,297191,8128000000,51414494
005290,2022-10-14,28000,29500,27800,29100,602794,17405000000,51414494
005290,2022-10-17,28400,29200,28300,28850,304457,8775000000,51414494
005290,2022-10-18,29600,29650,28250,29100,431598,12464000000,51414494
005290,2022-10-19,29000,29400,28450,28450,334538,9654000000,51414494
005290,2022-10-20,28900,29000,27400,27950,516569,14485000000,51414494
005290,2022-10-21,27800,28400,27650,27750,249012,6963000000,51414494
005290,2022-10-24,28550,30100,28500,29850,844958,24927000000,51414494
005290,2022-10-25,30000,31350,29950,30700,965046,29763000000,51414494
005290,2022-10-26,31100,31200,30450,30650,440155,13551000000,51414494
005290,2022-10-27,30650,31150,29850,30150,576735,17492000000,51414494
005290,2022-10-28,29800,30250,28900,29000,619345,18254000000,51414494
005290,2022-10-31,29650,30500,29300,30100,483473,14521000000,51414494
005290,2022-11-01,29900,30400,29750,30200,246973,7427000000,51414494
005290,2022-11-02,29900,30050,29050,29150,392536,11534000000,51414494
005290,2022-11-03,28350,29250,28300,28850,301076,8658000000,51414494
005290,2022-11-04,28550,29150,28350,28900,307159,8835000000,51414494
005290,2022-11-07,29300,30150,29250,30100,466581,13897000000,51414494
005290,2022-11-08,30400,33200,30200,32900,3452016,110528000000,51414494
005290,2022-11-09,32550,33200,32300,32750,1249243,40907000000,51414494
005290,2022-11-10,32200,33100,31350,31650,956247,30579000000,51414494
005290,2022-11-11,33450,34150,33150,33550,1814773,61020000000,51414494
005290,2022-11-14,34150,34200,32700,32750,677204,22575000000,51414494
005290,2022-11-15,33000,35000,33000,34850,1286055,44173000000,51414494
005290,2022-11-16,35000,35150,34250,34700,694451,24134000000,51414494
005290,2022-11-17,33900,34950,33500,34950,493525,16869000000,51414494
005290,2022-11-18,34950,35300,34300,34400,592672,20674000000,51414494
005290,2022-11-21,34150,34450,33500,33700,471186,15953000000,51414494
005290,2022-11-22,33300,33800,32550,33250,439686,14564000000,51414494
005290,2022-11-23,33900,34250,33500,33900,405353,13747000000,51414494
005290,2022-11-24,34000,34600,33150,34400,490074,16655000000,51414494
005290,2022-11-25,34450,34600,33700,33800,250471,8517000000,51414494
005290,2022-11-28,33550,33550,32650,33150,387049,12790000000,51414494
005290,2022-11-29,32850,33500,32700,33300,193847,6441000000,51414494
005290,2022-11-30,33300,33300,32550,32850,256007,8408000000,51414494
005290,2022-12-01,33950,34950,33100,33850,1380955,47142000000,51414494
005290,2022-12-02,34000,34000,32750,32800,500860,16619000000,51414494
005290,2022-12-05,33150,33600,32700,32850,354641,11726000000,51414494
005290,2022-12-06,32400,32700,31900,31900,323021,10369000000,51414494
005290,2022-12-07,31700,32450,31450,31850,237941,7603000000,51414494
005290,2022-12-08,32000,32150,31450,31800,273220,8695000000,51414494
005290,2022-12-09,32100,32850,31900,32600,400281,13010000000,51414494
005290,2022-12-12,32100,32450,31600,31650,192304,6121000000,51414494
005290,2022-12-13,31950,32150,31500,31800,172811,5492000000,51414494
005290,2022-12-14,32050,33350,32050,33200,406341,13374000000,51414494
005290,2022-12-15,32750,33050,32350,32450,197389,6442000000,51414494
005290,2022-12-16,31700,31900,31150,31450,315888,9930000000,51414494
005290,2022-12-19,31450,31700,30800,31200,225356,7035000000,51414494
005290,2022-12-20,31000,31200,30100,30200,311973,9532000000,51414494
005290,2022-12-21,30400,30850,30100,30600,356020,10865000000,51414494
005290,2022-12-22,31150,32900,31100,32250,940467,30340000000,51414494
005290,2022-12-23,31450,32150,31150,31300,609904,19260000000,51414494
005290,2022-12-26,31350,32100,30800,31750,427095,13510000000,51414494
005290,2022-12-27,31750,32500,31200,31850,736324,23404000000,51414494
005290,2022-12-28,31850,31950,30450,30600,733846,22747000000,51414494
005290,2022-12-29,30400,30600,29700,29950,315497,9504000000,51414494
005290,2023-01-02,30050,31100,29850,30000,333132,10145000000,51414494
005290,2023-01-03,30050,30350,28650,30100,574153,16930000000,51414494
005290,2023-01-04,29700,32150,29550,31900,938721,29619000000,51414494
005290,2023-01-05,31900,32100,30900,31400,459746,14471000000,51414494
005290,2023-01-06,31100,32850,31050,32450,603499,19476000000,51414494
005290,2023-01-09,32950,33500,32400,32550,512995,16809000000,51414494
005290,2023-01-10,32500,32850,31900,31950,367972,11890000000,51414494
005290,2023-01-11,32250,32750,32100,32350,311192,10091000000,51414494
005290,2023-01-12,32700,32700,31850,32000,378542,12177000000,51414494
005290,2023-01-13,32400,32550,31600,31850,260916,8324000000,51414494
005290,2023-01-16,31900,32150,31450,31500,260308,8231000000,51414494
005290,2023-01-17,31500,31850,30900,30950,385058,12017000000,51414494
005290,2023-01-18,31100,31250,30850,31100,193444,6002000000,51414494
005290,2023-01-19,30800,31150,30350,30950,304928,9383000000,51414494
005290,2023-01-20,30800,31850,30750,31300,397798,12396000000,51414494
005290,2023-01-25,32000,33050,31700,32950,794433,25826000000,51414494
005290,2023-01-26,33050,33650,32500,33300,624701,20703000000,51414494
005290,2023-01-27,33300,33550,32800,32900,365339,12106000000,51414494
005290,2023-01-30,32800,32950,31900,32500,388338,12562000000,51414494
005290,2023-01-31,32300,34000,32000,33400,964719,31966000000,51414494
005290,2023-02-01,33700,35700,33650,34850,1978226,69516000000,51414494
005290,2023-02-02,36000,36050,35000,35200,867655,30851000000,51414494
005290,2023-02-03,35000,35400,34650,34900,464351,16224000000,51414494
005290,2023-02-06,34700,34900,33850,34450,395899,13637000000,51414494
005290,2023-02-07,34250,35800,34250,35500,710709,25129000000,51414494
005290,2023-02-08,35900,36200,35200,35900,643113,23084000000,51414494
005290,2023-02-09,35700,37400,35350,36700,996160,36327000000,51414494
005290,2023-02-10,36450,37300,36050,36350,525179,19184000000,51414494
005290,2023-02-13,36100,37450,36100,36650,532715,19566000000,51414494
005290,2023-02-14,36850,37050,36450,36750,407672,14996000000,51414494
005290,2023-02-15,37000,37800,36250,36450,989909,36700000000,51414494
005290,2023-02-16,36850,38000,36700,37950,890427,33408000000,51414494
005290,2023-02-17,37500,38150,37200,37450,466402,17525000000,51414494
005290,2023-02-20,37500,38550,37200,37800,523095,19773000000,51414494
005290,2023-02-21,37600,37600,36150,36350,815754,29832000000,51414494
005290,2023-02-22,35650,36700,35500,36100,619345,22346000000,51414494
005290,2023-02-23,36500,36850,36150,36300,479412,17467000000,51414494
005290,2023-02-24,36450,36800,35700,35700,444474,16108000000,51414494
005290,2023-02-27,35450,35700,34950,35200,335772,11843000000,51414494
005290,2023-02-28,35600,36300,35150,35650,394382,14067000000,51414494
005290,2023-03-02,35350,35750,34500,34800,488297,17132000000,51414494
005290,2023-03-03,35150,36850,34850,35800,774561,27800000000,51414494
005290,2023-03-06,36400,37650,35800,37400,900993,33122000000,51414494
005290,2023-03-07,38000,38000,35000,35100,1262458,46027000000,51414494
005290,2023-03-08,34650,35250,32500,33100,2477476,83008000000,51414494
005290,2023-03-09,32800,33150,29950,31550,3429356,106749000000,51414494
005290,2023-03-10,31050,32150,30850,31900,1194819,37831000000,51414494
005290,2023-03-13,31650,31900,30600,31250,932222,28976000000,51414494
005290,2023-03-14,31050,31050,29450,29700,934433,27985000000,51414494
005290,2023-03-15,30700,30700,29800,30150,541119,16298000000,51414494
005290,2023-03-16,29700,31650,29500,31200,958916,29802000000,51414494
005290,2023-03-17,31700,31800,31100,31400,998535,31407000000,51414494
005290,2023-03-20,31550,31700,31000,31250,419943,13179000000,51414494
005290,2023-03-21,31400,31500,30800,31000,456707,14185000000,51414494
005290,2023-03-22,31300,31350,30550,31150,616548,19047000000,51414494
005290,2023-03-23,30800,31100,30200,30600,736998,22568000000,51414494
005290,2023-03-24,31100,32500,30900,32100,1544185,49248000000,51414494
005290,2023-03-27,32150,32300,30950,32150,742152,23558000000,51414494
005290,2023-03-28,32300,33200,31800,33050,974177,31924000000,51414494
005290,2023-03-29,33600,33600,32500,33200,705721,23311000000,51414494
005290,2023-03-30,34100,35000,33500,34200,1648206,56209000000,51414494
005290,2023-03-31,34500,34600,32750,33000,979119,32769000000,51414494
005290,2023-04-03,33350,33350,32450,33150,669779,22021000000,51414494
005290,2023-04-04,32550,32600,30750,30950,1865464,58712000000,51414494
005290,2023-04-05,31000,31450,30950,31400,503801,15741000000,51414494
005290,2023-04-06,31250,31250,30600,30900,512244,15804000000,51414494
005290,2023-04-07,31400,32700,31350,32500,1257231,40426000000,51414494
005290,2023-04-10,33000,33150,31950,32150,811775,26286000000,51414494
005290,2023-04-11,32550,33200,32300,33000,1077116,35289000000,51414494
005290,2023-04-12,33300,33400,32150,32350,779697,25379000000,51414494
005290,2023-04-13,32000,32400,31500,32250,554110,17750000000,51414494
005290,2023-04-14,32550,32600,31900,32150,488958,15732000000,51414494
005290,2023-04-17,32100,32300,31350,32100,473070,15048000000,51414494
005290,2023-04-18,31900,31950,31050,31400,695093,21765000000,51414494
005290,2023-04-19,31250,31750,31200,31450,389559,12251000000,51414494
005290,2023-04-20,31500,31500,30550,30700,534960,16524000000,51414494
005290,2023-04-21,30750,31200,30300,30450,376354,11518000000,51414494
005290,2023-04-24,30300,30450,29900,30100,357236,10744000000,51414494
005290,2023-04-25,30050,30200,29100,29700,604905,17886000000,51414494
005290,2023-04-26,29400,30100,29100,29500,430838,12739000000,51414494
005290,2023-04-27,29350,30100,29000,30100,415234,12321000000,51414494
005290,2023-04-28,30100,30100,29250,29450,470337,13944000000,51414494
005290,2023-05-02,29600,30100,29250,29650,285156,8448000000,51414494
005290,2023-05-03,29300,29900,29050,29600,267966,7919000000,51414494
005290,2023-05-04,29600,29600,29000,29400,333956,9747000000,51414494
005290,2023-05-08,30050,32000,29750,31600,1903198,59179000000,51414494
005290,2023-05-09,31100,31300,29500,30100,1192929,36027000000,51414494
005290,2023-05-10,30200,31000,29850,30850,504996,15466000000,51414494
005290,2023-05-11,31050,31100,30250,30350,496335,15163000000,51414494
005290,2023-05-12,30250,30650,29950,30350,240395,7292000000,51414494
005290,2023-05-15,30050,30350,29600,30250,304593,9128000000,51414494
005290,2023-05-16,30850,31150,29950,29950,437011,13249000000,51414494
005290,2023-05-17,30000,30550,29950,30550,244834,7435000000,51414494
005290,2023-05-18,30850,30950,30400,30800,315918,9687000000,51414494
005290,2023-05-19,31300,35450,31300,35200,5312072,179198000000,51414494
005290,2023-05-22,35250,37500,35000,36900,3088653,112402000000,51414494
005290,2023-05-23,36500,37750,36400,36850,1318317,48789000000,51414494
005290,2023-05-24,36400,37450,36050,36800,983202,36207000000,51414494
005290,2023-05-25,37750,38000,35000,35650,1818892,65376000000,51414494
005290,2023-05-26,36050,39150,35650,38700,4021251,152807000000,51414494
005290,2023-05-30,39700,39700,38400,39050,1676298,65570000000,51414494
005290,2023-05-31,38850,39700,38000,38350,1105325,42885000000,51414494
005290,2023-06-01,37500,38900,37450,38650,776178,29628000000,51414494
005290,2023-06-02,39000,39200,37550,37700,773061,29412000000,51414494
005290,2023-06-05,37900,38250,37250,37850,477320,18089000000,51414494
005290,2023-06-07,37800,38100,37150,37450,495609,18670000000,51414494
005290,2023-06-08,37300,37700,36500,37450,739622,27550000000,51414494
005290,2023-06-09,37600,38300,36750,37900,818706,30887000000,51414494
005290,2023-06-12,38000,38100,36400,36950,804805,29679000000,51414494
005290,2023-06-13,37400,37950,37050,37350,763589,28609000000,51414494
005290,2023-06-14,37600,37650,36200,36650,731533,26879000000,51414494
005290,2023-06-15,37400,39200,37200,38600,1472019,56440000000,51414494
005290,2023-06-16,38350,38350,37300,37500,744213,28068000000,51414494
005290,2023-06-19,37750,38400,36900,38400,809247,30652000000,51414494
005290,2023-06-20,38850,38900,37600,38550,855613,32758000000,51414494
005290,2023-06-21,38200,38600,36700,36900,770570,28800000000,51414494
005290,2023-06-22,36250,36950,35700,36150,726005,26368000000,51414494
005290,2023-06-23,36500,36950,35900,36150,460135,16773000000,51414494
005290,2023-06-26,37200,39500,37100,39150,2691039,104193000000,51414494
005290,2023-06-27,38850,39500,38550,38750,845841,32956000000,51414494
005290,2023-06-28,39000,39050,37350,37750,847592,32138000000,51414494
005290,2023-06-29,38050,39300,38000,39000,989776,38379000000,51414494
005290,2023-06-30,38850,43300,38100,42100,4613073,192593000000,51414494
005290,2023-07-03,42500,42600,41100,41550,1724858,72238000000,51414494
005290,2023-07-04,41950,42250,41100,41750,1226259,51150000000,51414494
005290,2023-07-05,41750,42000,40700,41300,1054215,43624000000,51414494
005290,2023-07-06,40900,41300,39250,39400,1333501,53409000000,51414494
005290,2023-07-07,39200,40400,38800,39950,1025242,40618000000,51414494
005290,2023-07-10,39450,39800,36650,36850,2169610,81353000000,51414494
005290,2023-07-11,37300,37950,36750,37900,784674,29371000000,51414494
005290,2023-07-12,39000,40900,39000,39600,2268198,90596000000,51414494
005290,2023-07-13,39850,40650,39250,40250,1142364,45745000000,51414494
005290,2023-07-14,40700,42250,39800,40550,2302065,94160000000,51414494
005290,2023-07-17,40100,40850,39100,40150,925234,37199000000,51414494
005290,2023-07-18,40750,40850,38850,39950,871153,34528000000,51414494
005290,2023-07-19,40350,43250,38900,40050,3207493,131410000000,51414494
005290,2023-07-20,39400,40050,38550,39600,929972,36567000000,51414494
005290,2023-07-21,38450,39150,38050,38300,931330,35774000000,51414494
005290,2023-07-24,37900,39200,37900,39050,823372,31881000000,51414494
005290,2023-07-25,39200,40800,38850,39500,1388073,55436000000,51414494
005290,2023-07-26,40000,40000,37950,38400,1381570,53768000000,51414494
005290,2023-07-27,38500,40350,38200,39500,1254503,49450000000,51414494
005290,2023-07-28,39600,41450,39600,41100,1880730,76344000000,51414494
005290,2023-07-31,42050,44900,41500,42350,3915236,169629000000,51414494
005290,2023-08-01,42150,42500,40350,40850,1771338,72527000000,51414494
005290,2023-08-02,40350,40600,38600,39050,1318837,51989000000,51414494
005290,2023-08-03,38850,39200,37900,38600,1060884,40813000000,51414494
005290,2023-08-04,38500,39350,37750,37800,856940,32723000000,51414494
005290,2023-08-07,37950,38800,37200,37850,927144,35184000000,51414494
005290,2023-08-08,38150,38250,36250,36450,984525,36275000000,51414494
005290,2023-08-09,36350,37150,36150,37050,496280,18221000000,51414494
005290,2023-08-10,36350,36400,35250,36200,864600,30921000000,51414494
005290,2023-08-11,36050,36650,35850,36250,432741,15663000000,51414494
005290,2023-08-14,36000,36000,35000,35900,417442,14880000000,51414494
005290,2023-08-16,35950,36300,35150,35450,531085,18889000000,51414494
005290,2023-08-17,34950,36350,34750,36300,557003,19856000000,51414494
005290,2023-08-18,35750,37050,35250,36100,713092,25732000000,51414494
005290,2023-08-21,36450,36700,35800,36250,523669,18973000000,51414494
005290,2023-08-22,37000,37150,35200,35350,711865,25497000000,51414494
005290,2023-08-23,35050,35400,33800,34050,890707,30579000000,51414494
005290,2023-08-24,34650,35350,34600,34850,679565,23723000000,51414494
005290,2023-08-25,34000,34100,33200,33600,753967,25343000000,51414494
005290,2023-08-28,33900,33950,33400,33550,371094,12483000000,51414494
005290,2023-08-29,33650,34050,33550,33950,424845,14383000000,51414494
005290,2023-08-30,34500,34900,34000,34100,478711,16458000000,51414494
005290,2023-08-31,34100,34300,33400,34100,536852,18141000000,51414494
005290,2023-09-01,34200,35600,33750,35350,1011920,35416000000,51414494
005290,2023-09-04,35700,35800,34800,35300,491066,17239000000,51414494
005290,2023-09-05,35400,35600,34900,35350,373839,13205000000,51414494
005290,2023-09-06,35400,35400,34350,34500,410146,14297000000,51414494
005290,2023-09-07,34200,34800,34000,34600,399088,13745000000,51414494
005290,2023-09-08,34800,34850,33800,34200,399681,13687000000,51414494
005290,2023-09-11,34200,34250,33500,33800,316566,10683000000,51414494
005290,2023-09-12,34050,34300,33550,34100,339042,11532000000,51414494
005290,2023-09-13,33900,34800,33500,33600,440631,14969000000,51414494
005290,2023-09-14,33900,36100,33700,36000,1086116,38457000000,51414494
005290,2023-09-15,35950,36300,35500,35800,530792,19057000000,51414494
005290,2023-09-18,35100,35550,34850,34950,428288,15036000000,51414494
005290,2023-09-19,35000,35500,34650,34800,297594,10391000000,51414494
005290,2023-09-20,34700,34900,33500,33850,513439,17413000000,51414494
005290,2023-09-21,33450,33600,32300,32500,608315,19912000000,51414494
005290,2023-09-22,31650,32650,31650,32600,325640,10527000000,51414494
005290,2023-09-25,32300,33550,32150,33400,384668,12693000000,51414494
005290,2023-09-26,33300,33500,32800,33300,270447,8952000000,51414494
005290,2023-09-27,33000,33750,32900,33600,341837,11394000000,51414494
005290,2023-10-04,33300,33700,32650,33250,441798,14648000000,51414494
005290,2023-10-05,33700,34100,32750,32750,393854,13155000000,51414494
005290,2023-10-06,32500,33200,32500,33100,168580,5553000000,51414494
005290,2023-10-10,33250,33650,31950,32200,368668,12080000000,51414494
005290,2023-10-11,32700,34150,32700,33450,388082,13034000000,51414494
005290,2023-10-12,33800,34100,33400,33800,310786,10496000000,51414494
005290,2023-10-13,33450,34150,33400,33700,291072,9824000000,51414494
005290,2023-10-16,33150,33400,31900,32450,465264,15077000000,51414494
005290,2023-10-17,32800,33850,32500,33750,393782,13100000000,51414494
005290,2023-10-18,33350,34050,33000,33800,335317,11280000000,51414494
005290,2023-10-19,33150,33400,32450,32650,287296,9430000000,51414494
005290,2023-10-20,32300,32800,31500,32200,431553,13877000000,51414494
005290,2023-10-23,32200,32950,31900,32000,307659,9953000000,51414494
005290,2023-10-24,32400,33250,31900,33250,365011,11912000000,51414494
005290,2023-10-25,33350,33350,32150,32400,393662,12860000000,51414494
005290,2023-10-26,31500,31650,30400,30400,661337,20409000000,51414494
005290,2023-10-27,30650,31500,30450,31000,384662,11892000000,51414494
005290,2023-10-30,31000,31450,30700,30950,373925,11588000000,51414494
005290,2023-10-31,31100,31350,29950,29950,485936,14751000000,51414494
005290,2023-11-01,30300,31200,30300,30450,436320,13387000000,51414494
005290,2023-11-02,31600,32350,31550,32150,623129,19909000000,51414494
005290,2023-11-03,32350,32850,31800,32700,333476,10814000000,51414494
005290,2023-11-06,34000,34500,32950,34400,797668,26955000000,51414494
005290,2023-11-07,34200,34800,33100,34100,696061,23661000000,51414494
005290,2023-11-08,34400,35350,34350,34650,797487,27855000000,51414494
005290,2023-11-09,35150,36250,34900,35050,832637,29553000000,51414494
005290,2023-11-10,34850,36050,34300,35700,679750,24161000000,51414494
005290,2023-11-13,36350,37450,36000,36250,1169400,43005000000,51414494
005290,2023-11-14,36500,37100,36000,36850,581383,21311000000,51414494
005290,2023-11-15,37550,37600,36300,36600,913642,33681000000,51414494
005290,2023-11-16,36600,37100,35750,37000,502295,18361000000,51414494
005290,2023-11-17,37100,37350,36150,36600,416911,15362000000,51414494
005290,2023-11-20,36250,37050,36250,36900,341077,12517000000,51414494
005290,2023-11-21,37200,38350,36650,37500,881141,33179000000,51414494
005290,2023-11-22,37050,37800,36950,37650,315500,11790000000,51414494
005290,2023-11-23,37700,37800,36750,36850,518688,19260000000,51414494
005290,2023-11-24,37100,37550,36850,37050,336657,12535000000,51414494
005290,2023-11-27,36900,37400,36400,37000,370011,13679000000,51414494
005290,2023-11-28,37150,38100,36850,37550,682464,25653000000,51414494
005290,2023-11-29,37400,37800,36950,37350,399688,14919000000,51414494
005290,2023-11-30,37450,38650,37450,38450,920001,35226000000,51414494
005290,2023-12-01,38450,39400,37900,38900,866095,33639000000,51414494
005290,2023-12-04,38700,39050,38000,38200,495091,19013000000,51414494
005290,2023-12-05,37800,38600,37400,37700,568902,21626000000,51414494
005290,2023-12-06,37900,39100,37450,38850,511830,19673000000,51414494
005290,2023-12-07,38550,38550,37850,38200,346870,13252000000,51414494
005290,2023-12-08,38950,40100,38900,39250,1010015,39907000000,51414494
005290,2023-12-11,39550,39550,38350,38400,467554,18091000000,51414494
005290,2023-12-12,38850,38950,37900,38250,412153,15801000000,51414494
005290,2023-12-13,38950,40350,38250,38250,1304830,51108000000,51414494
005290,2023-12-14,38800,39250,38500,39250,658721,25665000000,51414494
005290,2023-12-15,39300,39450,38050,38150,539379,20731000000,51414494
005290,2023-12-18,38250,38800,38250,38600,292301,11274000000,51414494
005290,2023-12-19,38600,38750,38200,38500,286367,11005000000,51414494
005290,2023-12-20,38700,38800,37200,37800,890752,33542000000,51414494
005290,2023-12-21,37300,38050,37250,37550,484928,18221000000,51414494
005290,2023-12-22,37900,38100,37500,37700,400523,15131000000,51414494
005290,2023-12-26,37700,37700,37050,37450,411334,15360000000,51414494
005290,2023-12-27,37550,38800,37550,38650,595762,22787000000,51414494
005290,2023-12-28,38500,39050,38200,38700,456731,17666000000,51414494
005290,2024-01-02,38550,41900,38500,41450,2089267,85591000000,51414494
005290,2024-01-03,40600,42150,40000,41750,1059114,43566000000,51414494
005290,2024-01-04,41250,42900,41100,42100,1032263,43359000000,51414494
005290,2024-01-05,42600,42600,40800,41250,630680,26108000000,51414494
005290,2024-01-08,40900,41750,40600,41550,366372,15109000000,51414494
005290,2024-01-09,42000,42450,40100,40450,846160,34836000000,51414494
005290,2024-01-10,40600,40700,38900,39650,659053,26093000000,51414494
005290,2024-01-11,39750,42300,39350,42050,1067357,43725000000,51414494
005290,2024-01-12,42650,44650,41500,41800,2452969,106135000000,51414494
005290,2024-01-15,41850,42050,40700,41000,553590,22859000000,51414494
005290,2024-01-16,40900,41850,40200,40650,526368,21591000000,51414494
005290,2024-01-17,41200,41850,39650,39900,610791,24748000000,51414494
005290,2024-01-18,40150,41050,39700,40700,509639,20545000000,51414494
005290,2024-01-19,41450,42450,40950,42000,949227,39627000000,51414494
005290,2024-01-22,42900,43000,41500,42200,835784,35255000000,51414494
005290,2024-01-23,42300,42300,40950,41400,474455,19633000000,51414494
005290,2024-01-24,41150,42700,41050,42500,518080,21700000000,51414494
005290,2024-01-25,43150,44200,42100,42200,1252852,53969000000,51414494
005290,2024-01-26,41800,42300,41250,41700,364460,15226000000,51414494
005290,2024-01-29,41700,42700,40350,40600,686259,28396000000,51414494
005290,2024-01-30,40950,41000,39400,40050,595294,23792000000,51414494
005290,2024-01-31,39600,39800,38500,38650,541318,21068000000,51414494
005290,2024-02-01,38500,39050,37650,38300,596444,22834000000,51414494
005290,2024-02-02,38800,40350,38750,39750,594708,23633000000,51414494
005290,2024-02-05,39900,40150,38200,38350,444783,17314000000,51414494
005290,2024-02-06,38650,39850,37600,39250,399958,15570000000,51414494
005290,2024-02-07,39250,39400,38000,38200,396173,15243000000,51414494
005290,2024-02-08,38400,39000,38100,38250,414466,15965000000,51414494
005290,2024-02-13,39000,41550,38350,40000,1415721,56796000000,51414494
005290,2024-02-14,39100,40400,39000,40300,481978,19193000000,51414494
005290,2024-02-15,40550,40800,39500,39900,476243,19013000000,51414494
005290,2024-02-16,40000,40050,38450,38750,605063,23548000000,51414494
005290,2024-02-19,38750,39350,38250,38600,530666,20547000000,51414494
005290,2024-02-20,38500,38800,37750,38350,483960,18473000000,51414494
005290,2024-02-21,37900,38800,37700,38200,485298,18557000000,51414494
005290,2024-02-22,38800,38900,38000,38200,505438,19330000000,51414494
005290,2024-02-23,38450,38550,36500,36750,1063574,39560000000,51414494
005290,2024-02-26,36400,36850,35750,36150,737377,26672000000,51414494
005290,2024-02-27,35650,35950,35000,35200,656922,23183000000,51414494
005290,2024-02-28,35400,37600,35350,36800,1131591,41741000000,51414494
005290,2024-02-29,36400,37800,36000,37200,628677,23358000000,51414494
005290,2024-03-04,38200,38600,37500,38350,831708,31672000000,51414494
005290,2024-03-05,38400,38400,37500,37950,349571,13246000000,51414494
005290,2024-03-06,37450,41650,37200,41500,2473474,99149000000,51414494
005290,2024-03-07,41500,41950,39850,40250,1543689,63129000000,51414494
005290,2024-03-08,40950,41100,39650,40150,851603,34423000000,51414494
005290,2024-03-11,39050,40500,38650,40100,701672,27793000000,51414494
005290,2024-03-12,40100,41200,39750,40500,639633,25994000000,51414494
005290,2024-03-13,40900,40950,39350,39750,608362,24231000000,51414494
005290,2024-03-14,39400,39750,38300,38700,623771,24188000000,51414494
005290,2024-03-15,38100,39150,38050,38650,398671,15365000000,51414494
005290,2024-03-18,38950,39500,38500,39300,423235,16575000000,51414494
005290,2024-03-19,38950,39300,38500,39100,309547,12058000000,51414494
005290,2024-03-20,39500,41550,38750,41150,1521772,61900000000,51414494
005290,2024-03-21,42350,48700,42100,47950,14410948,666223000000,51414494
005290,2024-03-22,47200,47400,43800,44700,5006047,226770000000,51414494
005290,2024-03-25,44550,45150,43950,44000,1767174,78460000000,51414494
005290,2024-03-26,44750,45350,43600,43750,2315077,102924000000,51414494
005290,2024-03-27,43300,45150,42750,44550,1812695,80106000000,51414494
005290,2024-03-28,44500,47350,44150,46600,4241031,195681000000,51414494
005290,2024-03-29,47150,49700,45750,48250,5090351,245213000000,51414494
005290,2024-04-01,48650,51500,47300,50100,3426274,170066000000,51414494
005290,2024-04-02,50600,51500,48150,48950,2721075,133778000000,51414494
005290,2024-04-03,48000,48850,46900,47150,1449292,69071000000,51414494
005290,2024-04-04,47950,49200,47600,48000,1660547,80239000000,51414494
005290,2024-04-05,46750,48600,46700,48450,1231625,59078000000,51414494
005290,2024-04-08,49100,49100,46150,46300,1210462,57084000000,51414494
005290,2024-04-09,46350,46900,45300,46500,725772,33521000000,51414494
005290,2024-04-11,45650,48750,45650,47950,1299553,62105000000,51414494
005290,2024-04-12,49200,49200,46550,46950,1204846,57504000000,51414494
005290,2024-04-15,46150,48150,45900,48050,1051418,49662000000,51414494
005290,2024-04-16,47300,48500,45350,46100,1167152,54556000000,51414494
005290,2024-04-17,46800,47500,45950,46150,947372,44294000000,51414494
005290,2024-04-18,45600,46900,45150,46550,850368,39239000000,51414494
005290,2024-04-19,45650,45650,42250,44350,1985835,86529000000,51414494
005290,2024-04-22,43850,44250,42500,43350,944283,40728000000,51414494
005290,2024-04-23,43800,44000,43000,43000,477422,20738000000,51414494
005290,2024-04-24,44050,44650,43700,43750,811752,35821000000,51414494
005290,2024-04-25,42950,44100,42600,42850,661574,28564000000,51414494
005290,2024-04-26,43650,44450,43100,44050,812359,35613000000,51414494
005290,2024-04-29,44750,44950,43450,44200,615388,27112000000,51414494
005290,2024-04-30,43900,44700,43300,43400,535087,23424000000,51414494
005290,2024-05-02,42800,44650,42800,44450,520083,22884000000,51414494
005290,2024-05-03,45000,46250,43900,45200,924245,41798000000,51414494
005290,2024-05-07,46100,46750,46000,46350,737746,34202000000,51414494
005290,2024-05-08,46350,47650,45500,47200,888941,41557000000,51414494
005290,2024-05-09,47800,49450,47650,47800,2208591,107164000000,51414494
005290,2024-05-10,47950,48450,45950,46650,999994,46891000000,51414494
005290,2024-05-13,46750,46850,44200,44550,1086657,48911000000,51414494
005290,2024-05-14,44900,45050,44100,44300,452499,20098000000,51414494
005290,2024-05-16,45100,45550,44100,44350,681165,30461000000,51414494
005290,2024-05-17,44500,44750,43350,43450,541199,23778000000,51414494
005290,2024-05-20,43500,43700,42500,43200,595948,25582000000,51414494
005290,2024-05-21,43800,44850,43400,44150,593861,26264000000,51414494
005290,2024-05-22,44250,45000,43450,44550,432650,19249000000,51414494
005290,2024-05-23,45000,45050,43300,43650,556586,24445000000,51414494
005290,2024-05-24,43000,43250,41650,41800,822784,34653000000,51414494
005290,2024-05-27,41750,42700,41500,42700,469451,19756000000,51414494
005290,2024-05-28,42900,45200,42500,44350,1183829,52565000000,51414494
005290,2024-05-29,44600,44700,43000,43000,499909,21849000000,51414494
005290,2024-05-30,42700,43000,42000,42550,428035,18149000000,51414494
005290,2024-05-31,42550,42700,41550,41950,566428,23741000000,51414494
005290,2024-06-03,42000,43100,41800,42650,413760,17646000000,51414494
005290,2024-06-04,42650,42800,41900,42100,347136,14706000000,51414494
005290,2024-06-05,43000,43500,42450,42500,397134,17011000000,51414494
005290,2024-06-07,42950,43950,42650,43500,514477,22393000000,51414494
005290,2024-06-10,43400,43500,42650,43200,251848,10838000000,51414494
005290,2024-06-11,43200,43450,42300,42300,350895,15004000000,51414494
005290,2024-06-12,42300,42950,42150,42500,310636,13174000000,51414494
005290,2024-06-13,43300,43350,42050,42050,835878,35506000000,51414494
005290,2024-06-14,42250,42500,41200,41350,658210,27489000000,51414494
005290,2024-06-17,41300,41400,40250,40750,486479,19858000000,51414494
005290,2024-06-18,41250,42250,41200,42200,532686,22314000000,51414494
005290,2024-06-19,42600,43150,42150,42850,528252,22565000000,51414494
005290,2024-06-20,42850,43100,41550,41800,508500,21412000000,51414494
005290,2024-06-21,41350,41400,40100,40250,651676,26323000000,51414494
005290,2024-06-24,40250,40250,39500,39900,348938,13875000000,51414494
005290,2024-06-25,39550,39800,38800,39300,440360,17258000000,51414494
005290,2024-06-26,39500,40500,39150,40350,359808,14325000000,51414494
005290,2024-06-27,39850,40550,39650,40100,240743,9634000000,51414494
005290,2024-06-28,40200,40350,39700,40050,199030,7954000000,51414494
005290,2024-07-01,39800,41050,39800,40200,329015,13270000000,51414494
005290,2024-07-02,40050,40250,38000,38500,821037,31802000000,51414494
005290,2024-07-03,38450,38650,37400,38400,632762,24001000000,51414494
005290,2024-07-04,38600,40100,38600,40000,627160,24880000000,51414494
005290,2024-07-05,41050,41400,40150,40500,679935,27687000000,51414494
005290,2024-07-08,41000,41700,40150,40400,454197,18527000000,51414494
005290,2024-07-09,40600,40750,39600,39750,513311,20533000000,51414494
005290,2024-07-10,39750,39750,38200,38650,820678,31729000000,51414494
005290,2024-07-11,39000,39300,38550,38600,538019,20884000000,51414494
005290,2024-07-12,38350,38550,37900,38300,433797,16586000000,51414494
005290,2024-07-15,38550,39150,37850,38900,395437,15219000000,51414494
005290,2024-07-16,38900,39050,38500,38600,283744,10971000000,51414494
005290,2024-07-17,38750,38750,37350,37500,565558,21410000000,51414494
005290,2024-07-18,36350,37550,36150,37550,552539,20342000000,51414494
005290,2024-07-19,37100,38050,36900,37600,306759,11538000000,51414494
005290,2024-07-22,37600,37750,36200,36500,432917,15844000000,51414494
005290,2024-07-23,37000,37350,35700,35850,438609,15864000000,51414494
005290,2024-07-24,35450,36400,35350,36000,326995,11746000000,51414494
005290,2024-07-25,35950,35950,34900,35000,396526,13957000000,51414494
005290,2024-07-26,35300,36200,34850,35200,297995,10554000000,51414494
005290,2024-07-29,35400,35850,35200,35650,253265,8997000000,51414494
005290,2024-07-30,35300,35350,34400,34850,377869,13126000000,51414494
005290,2024-07-31,34750,36350,34500,36150,344084,12255000000,51414494
005290,2024-08-01,36800,36800,35600,36050,315474,11422000000,51414494
005290,2024-08-02,35000,35250,33950,34200,557796,19225000000,51414494
005290,2024-08-05,33000,33500,28750,29650,980377,30529000000,51414494
005290,2024-08-06,30500,32200,30400,31600,541973,17015000000,51414494
005290,2024-08-07,31300,32400,31100,32250,373674,11922000000,51414494
005290,2024-08-08,31200,31950,30950,31300,310940,9745000000,51414494
005290,2024-08-09,32650,33250,32200,32550,520637,17068000000,51414494
005290,2024-08-12,32600,33500,32500,32600,261611,8598000000,51414494
005290,2024-08-13,32800,32950,32200,32450,174072,5649000000,51414494
005290,2024-08-14,33450,33700,33050,33150,336282,11189000000,51414494
005290,2024-08-16,34100,34300,33500,33600,317264,10726000000,51414494
005290,2024-08-19,33700,33750,32950,33050,161240,5360000000,51414494
005290,2024-08-20,33550,34000,33350,33800,208573,7032000000,51414494
005290,2024-08-21,33400,33850,33200,33750,124612,4184000000,51414494
005290,2024-08-22,34000,34050,32900,33100,200640,6665000000,51414494
005290,2024-08-23,32600,32900,32250,32450,218384,7093000000,51414494
005290,2024-08-26,32700,32750,31600,31750,207995,6641000000,51414494
005290,2024-08-27,31750,31900,31350,31600,174186,5493000000,51414494
005290,2024-08-28,31500,31800,31100,31700,232317,7299000000,51414494
005290,2024-08-29,30500,30850,30200,30800,395399,12074000000,51414494
005290,2024-08-30,30900,31450,30750,31300,241018,7496000000,51414494
005290,2024-09-02,31200,31250,30250,30750,314855,9623000000,51414494
005290,2024-09-03,30750,30900,30050,30050,229945,7001000000,51414494
005290,2024-09-04,28800,29200,28250,28500,587352,16854000000,51414494
005290,2024-09-05,28650,29150,27900,28200,357124,10140000000,51414494
005290,2024-09-06,28050,28350,27250,27550,330760,9120000000,51414494
005290,2024-09-09,26850,28400,26700,28350,260143,7194000000,51414494
005290,2024-09-10,28350,28400,27250,27350,277363,7654000000,51414494
005290,2024-09-11,27450,27700,26800,27200,261843,7130000000,51414494
005290,2024-09-12,27950,28850,27850,28500,422631,12011000000,51414494
005290,2024-09-13,28200,28450,27750,28050,206253,5798000000,51414494
005290,2024-09-19,28200,28200,26200,27250,515524,13911000000,51414494
005290,2024-09-20,27800,27850,26800,27050,334908,9144000000,51414494
005290,2024-09-23,26800,27800,26700,27450,250915,6882000000,51414494
005290,2024-09-24,27650,28300,27400,28250,250259,6967000000,51414494
005290,2024-09-25,28750,29100,28150,28150,353586,10148000000,51414494
005290,2024-09-26,29200,29700,28900,29700,500785,14705000000,51414494
005290,2024-09-27,29750,30100,29200,29700,273570,8116000000,51414494
005290,2024-09-30,29650,29650,28900,29000,232093,6764000000,51414494
005290,2024-10-02,28450,30300,28250,29900,462565,13699000000,51414494
005290,2024-10-04,30200,30400,29550,29600,201628,6069000000,51414494
005290,2024-10-07,29800,29900,29250,29800,243765,7233000000,51414494
005290,2024-10-08,29350,29850,28800,28850,290948,8457000000,51414494
005290,2024-10-10,29100,29250,28500,28500,229262,6581000000,51414494
005290,2024-10-11,28550,29250,28550,28800,234537,6781000000,51414494
005290,2024-10-14,28950,29700,28800,29200,181897,5318000000,51414494
005290,2024-10-15,29650,29700,28500,28600,278580,8035000000,51414494
005290,2024-10-16,27700,27900,27050,27350,351893,9680000000,51414494
005290,2024-10-17,27600,27850,27100,27550,231464,6346000000,51414494
005290,2024-10-18,27550,27650,26500,26600,314663,8417000000,51414494
005290,2024-10-21,26500,27450,26250,27250,193041,5219000000,51414494
005290,2024-10-22,27250,27250,26250,26300,210317,5549000000,51414494
005290,2024-10-23,26300,27450,25800,27350,284983,7642000000,51414494
005290,2024-10-24,27250,27250,26550,26700,156944,4209000000,51414494
005290,2024-10-25,26950,27000,26400,26750,195518,5212000000,51414494
005290,2024-10-28,26750,27600,26500,27200,201881,5477000000,51414494
005290,2024-10-29,27200,27200,26300,27150,171472,4590000000,51414494
005290,2024-10-30,27250,27350,26500,26600,161923,4361000000,51414494
005290,2024-10-31,26200,27300,26050,27050,337935,9089000000,51414494
005290,2024-11-01,26600,26950,26550,26650,182518,4872000000,51414494
005290,2024-11-04,26650,27350,26450,27250,245106,6629000000,51414494
005290,2024-11-05,26950,27350,26850,26950,206409,5577000000,51414494
005290,2024-11-06,27250,30100,27100,29050,2449779,70908000000,51414494
005290,2024-11-07,29250,29250,27500,27600,692090,19325000000,51414494
005290,2024-11-08,27900,27950,26200,26250,628012,16937000000,51414494
005290,2024-11-11,26100,26300,24250,24500,681865,16823000000,51414494
005290,2024-11-12,24350,24600,23600,23850,459842,11022000000,51414494
005290,2024-11-13,23600,23900,23000,23100,452102,10520000000,51414494
005290,2024-11-14,23300,23600,22550,22550,537912,12339000000,51414494
005290,2024-11-15,22250,24100,22250,23800,455682,10709000000,51414494
005290,2024-11-18,24050,24500,23250,23500,375083,8942000000,51414494
005290,2024-11-19,23450,24350,23050,24150,298825,7072000000,51414494
005290,2024-11-20,24300,24800,24000,24400,278509,6814000000,51414494
005290,2024-11-21,24500,24750,24050,24150,193818,4711000000,51414494
005290,2024-11-22,24300,24800,24200,24550,190551,4690000000,51414494
005290,2024-11-25,24650,24950,24600,24850,264910,6572000000,51414494
005290,2024-11-26,24200,24250,23250,23700,644384,15253000000,51414494
005290,2024-11-27,23400,23400,22600,22800,368306,8448000000,51414494
005290,2024-11-28,22800,22950,22400,22550,193591,4366000000,51414494
005290,2024-11-29,22500,22550,21450,21850,453507,9870000000,51414494
005290,2024-12-02,22000,22050,21250,21350,331561,7127000000,51414494
005290,2024-12-03,21150,21950,21150,21800,280216,6073000000,51414494
005290,2024-12-04,21100,21800,21100,21700,227641,4902000000,51414494
005290,2024-12-05,21900,22200,21650,21900,258262,5674000000,51414494
005290,2024-12-06,22100,22100,21100,21550,328179,7068000000,51414494
005290,2024-12-09,20950,21150,20200,20400,333196,6887000000,51414494
005290,2024-12-10,20650,21550,20600,21450,264538,5610000000,51414494
005290,2024-12-11,21450,22050,21300,21900,276245,6033000000,51414494
005290,2024-12-12,22200,22400,21750,22150,506451,11177000000,51414494
005290,2024-12-13,22150,22350,21200,21600,725011,15702000000,51414494
005290,2024-12-16,21900,23250,21850,22350,517056,11642000000,51414494
005290,2024-12-17,22600,22600,21500,21700,581720,12711000000,51414494
005290,2024-12-18,21700,22350,21550,22350,306367,6725000000,51414494
005290,2024-12-19,21600,21800,21200,21400,365047,7835000000,51414494
005290,2024-12-20,21300,21650,20750,20900,283407,5945000000,51414494
005290,2024-12-23,21100,21650,20800,21550,252367,5403000000,51414494
005290,2024-12-24,21850,22100,21450,21800,256943,5596000000,51414494
005290,2024-12-26,22000,22000,20950,21050,267731,5682000000,51414494
005290,2024-12-27,20900,21350,20550,20700,272439,5680000000,51414494
005290,2024-12-30,20550,21050,20350,20900,130597,2711000000,51414494
005290,2025-01-02,20750,21100,20250,21000,151974,3154000000,51414494
005290,2025-01-03,20950,22600,20850,22200,649034,14270000000,51414494
005290,2025-01-06,22500,23350,22350,23050,706533,16255000000,51414494
005290,2025-01-07,23350,23450,22550,22600,496915,11413000000,51414494
005290,2025-01-08,22450,24250,22300,24150,890940,20995000000,51414494
005290,2025-01-09,24200,24200,23250,23250,635236,14965000000,51414494
005290,2025-01-10,23400,23600,22900,22900,329118,7614000000,51414494
005290,2025-01-13,22600,22800,22200,22200,276139,6186000000,51414494
005290,2025-01-14,22450,22550,21950,22500,191241,4266000000,51414494
005290,2025-01-15,22600,23150,22250,22450,255606,5787000000,51414494
005290,2025-01-16,22950,23200,22550,22600,323097,7380000000,51414494
005290,2025-01-17,22600,23000,22400,22950,340939,7738000000,51414494
005290,2025-01-20,23200,23200,22600,23050,318750,7304000000,51414494
005290,2025-01-21,23200,23550,22550,22950,449403,10323000000,51414494
005290,2025-01-22,23000,23600,22550,23500,540983,12534000000,51414494
005290,2025-01-23,23600,23650,22600,22600,443208,10167000000,51414494
005290,2025-01-24,22850,23350,22600,23150,364167,8418000000,51414494
005290,2025-01-31,22900,22900,21700,21900,665494,14631000000,51414494
005290,2025-02-03,21350,21350,20550,20750,472238,9836000000,51414494
005290,2025-02-04,21200,21900,21000,21400,312160,6728000000,51414494
005290,2025-02-05,21600,22050,21550,21650,300325,6534000000,51414494
005290,2025-02-06,21950,22200,21650,22100,252909,5539000000,51414494
005290,2025-02-07,22250,24750,21950,24100,1674074,39757000000,51414494
005290,2025-02-10,23700,25950,23600,25750,1671337,41749000000,51414494
005290,2025-02-11,26100,28250,25700,26400,2192218,59229000000,51414494
005290,2025-02-12,26200,27150,26000,26600,692846,18456000000,51414494
005290,2025-02-13,27200,27750,26400,26500,765039,20624000000,51414494
005290,2025-02-14,27100,28150,26450,27450,1006225,27573000000,51414494
005290,2025-02-17,28000,28000,26900,27100,555878,15178000000,51414494
005290,2025-02-18,27250,28450,26950,27450,665903,18403000000,51414494
005290,2025-02-19,28100,28850,27700,28150,1060512,30066000000,51414494
005290,2025-02-20,29150,31500,27950,27950,3223434,94925000000,51414494
005290,2025-02-21,28100,28850,27100,28350,711822,19891000000,51414494
005290,2025-02-24,27700,27950,27100,27850,573069,15801000000,51414494
005290,2025-02-25,27500,33600,27350,29400,20243291,637871000000,51414494
005290,2025-02-26,29800,29850,27800,28450,2930857,83680000000,51414494
005290,2025-02-27,28650,28800,27200,27400,1357962,37757000000,51414494
005290,2025-02-28,26600,26950,26150,26200,1364598,36080000000,51414494
005290,2025-03-04,26000,26650,25600,26000,768330,20005000000,51414494
005290,2025-03-05,26300,27350,26250,27200,829342,22267000000,51414494
005290,2025-03-06,27300,27350,26100,26250,482686,12847000000,51414494
005290,2025-03-07,26000,27900,25600,27850,974814,26516000000,51414494
005290,2025-03-10,27550,28800,27500,27750,771555,21691000000,51414494
005290,2025-03-11,26750,28100,26700,28100,607909,16848000000,51414494
005290,2025-03-12,28200,29350,28000,29250,1113235,32189000000,51414494
005290,2025-03-13,29600,29800,28350,28500,991254,28572000000,51414494
005290,2025-03-14,28650,30900,28400,30700,1951786,58801000000,51414494
005290,2025-03-17,31000,32250,30800,31500,1781612,56338000000,51414494
005290,2025-03-18,31700,31750,30550,30650,810360,25055000000,51414494
005290,2025-03-19,30450,32900,30300,32350,1958047,62998000000,51414494
005290,2025-03-20,32550,32700,31600,32100,868677,27883000000,51414494
005290,2025-03-21,32300,32450,31450,31800,911942,29153000000,51414494
005290,2025-03-24,32100,32550,31000,31650,399653,12762000000,51414494
005290,2025-03-25,32250,32450,31100,31200,427764,13499000000,51414494
005290,2025-03-26,31350,31750,30550,31350,384153,11997000000,51414494
005290,2025-03-27,30800,31950,30650,31550,440930,13905000000,51414494
005290,2025-03-28,31600,31600,29900,30000,604910,18301000000,51414494
005290,2025-03-31,29250,29850,28700,29150,515019,15024000000,51414494
005290,2025-04-01,29750,30100,28950,29400,362614,10694000000,51414494
005290,2025-04-02,29700,29750,29200,29550,236672,6961000000,51414494
005290,2025-04-03,28650,28950,28150,28800,280128,8026000000,51414494
005290,2025-04-04,28000,29050,26750,27550,557814,15478000000,51414494
005290,2025-04-07,26150,26450,25500,25750,466330,12116000000,51414494
005290,2025-04-08,26700,27050,25700,26050,351087,9238000000,51414494
005290,2025-04-09,25850,26500,24800,25400,502996,12868000000,51414494
005290,2025-04-10,27750,27750,26600,27050,553138,14975000000,51414494
005290,2025-04-11,26450,28050,26450,28050,463626,12759000000,51414494
005290,2025-04-14,28450,28450,27750,27900,278047,7777000000,51414494
005290,2025-04-15,28100,28550,27800,28200,216845,6135000000,51414494
005290,2025-04-16,27850,27850,26750,26850,295446,8037000000,51414494
005290,2025-04-17,26800,27400,26800,27400,166221,4521000000,51414494
005290,2025-04-18,27150,27800,26800,27700,200349,5462000000,51414494
005290,2025-04-21,27450,29750,27450,29400,643897,18793000000,51414494
005290,2025-04-22,29100,29950,29050,29350,436143,12884000000,51414494
005290,2025-04-23,30050,30200,29500,29650,363863,10822000000,51414494
005290,2025-04-24,29900,31150,29600,30600,606711,18502000000,51414494
005290,2025-04-25,31300,32050,30850,31100,584839,18327000000,51414494
005290,2025-04-28,30800,30850,29300,29650,442104,13179000000,51414494
005290,2025-04-29,29700,30000,29400,29600,189495,5627000000,51414494
005290,2025-04-30,29500,29600,28900,29150,272219,7940000000,51414494
005290,2025-05-02,29150,30200,28700,29950,375840,11136000000,51414494
005290,2025-05-07,30200,30350,29750,29950,174959,5240000000,51414494
005290,2025-05-08,30300,31300,29750,29900,703150,21492000000,51414494
005290,2025-05-09,30000,30100,27850,28150,698055,19863000000,51414494
005290,2025-05-12,28600,30600,28500,30500,690636,20514000000,51414494
005290,2025-05-13,31500,31550,30150,30700,531651,16323000000,51414494
005290,2025-05-14,31100,31400,30600,30800,367855,11379000000,51414494
005290,2025-05-15,30650,31500,29950,30000,352100,10764000000,51414494
005290,2025-05-16,30350,30400,29200,29500,358466,10585000000,51414494
005290,2025-05-19,29400,29450,28450,29000,385774,11148000000,51414494
005290,2025-05-20,29450,29550,28550,28600,193585,5588000000,51414494
005290,2025-05-21,28700,29000,28550,28600,192120,5512000000,51414494
005290,2025-05-22,28250,28400,27300,27650,332749,9235000000,51414494
005290,2025-05-23,27850,28000,27300,27600,140263,3865000000,51414494
005290,2025-05-26,27500,28800,27500,28550,319424,9054000000,51414494
005290,2025-05-27,28400,28550,27950,28100,169921,4773000000,51414494
005290,2025-05-28,28500,29150,28250,28700,369091,10589000000,51414494
005290,2025-05-29,29300,29300,28500,28800,246595,7096000000,51414494
005290,2025-05-30,28500,28900,28100,28300,302520,8596000000,51414494
005290,2025-06-02,28400,29150,27850,27950,349615,9910000000,51414494
005290,2025-06-04,28600,28900,28100,28200,293808,8381000000,51414494
005290,2025-06-05,28550,30150,28300,29700,629332,18659000000,51414494
005290,2025-06-09,30250,30650,29900,30000,355959,10725000000,51414494
005290,2025-06-10,30450,30450,29600,30050,342641,10268000000,51414494
005290,2025-06-11,30300,31100,30125,30800,614720,18903000000,51414494
005290,2025-06-12,30800,31350,30500,30750,483872,14934000000,51414494
005290,2025-06-13,31200,31600,29400,29800,556715,16700000000,51414494
005290,2025-06-16,29600,30000,29000,29850,308208,9082000000,51414494
005290,2025-06-17,30200,31550,29750,30900,791662,24529000000,51414494
005290,2025-06-18,30900,31450,30600,31400,460294,14309000000,51414494
005290,2025-06-19,31500,31500,30600,30900,353889,10935000000,51414494
005290,2025-06-20,30950,31450,30650,30950,446481,13851000000,51414494
005290,2025-06-23,30350,30450,29450,29800,541851,16115000000,51414494
005290,2025-06-24,30400,32400,30300,32100,1391415,43950000000,51414494
005290,2025-06-25,33750,34200,33000,33750,1098152,36801000000,51414494
005290,2025-06-26,34550,34550,32850,33300,772562,25849000000,51414494
005290,2025-06-27,33200,33200,32250,32650,391647,12767000000,51414494
005290,2025-06-30,32950,33150,32500,32700,243174,7956000000,51414494
005290,2025-07-01,32700,33100,32250,32350,366011,11889000000,51414494
005290,2025-07-02,32250,32450,31700,31850,365841,11692000000,51414494
005290,2025-07-03,32300,33150,32150,33000,699476,22941000000,51414494
005290,2025-07-04,33350,33400,31800,31950,444040,14343000000,51414494
005290,2025-07-07,31650,31750,31100,31550,294386,9255000000,51414494
005290,2025-07-08,31400,31900,31100,31600,376145,11830000000,51414494
005290,2025-07-09,31800,31800,30550,30650,361645,11196000000,51414494
005290,2025-07-10,30950,31300,30400,30500,378675,11601000000,51414494
005290,2025-07-11,30650,31500,30650,30850,412630,12797000000,51414494
005290,2025-07-14,30900,31000,30450,30450,236587,7237000000,51414494
005290,2025-07-15,30500,31150,30400,30950,288410,8886000000,51414494
005290,2025-07-16,31250,31800,30750,31150,321215,10043000000,51414494
005290,2025-07-17,31250,31700,30400,31300,393960,12232000000,51414494
005290,2025-07-18,31450,31500,31100,31200,236881,7407000000,51414494
005290,2025-07-21,31300,32200,31100,31900,616589,19637000000,51414494
005290,2025-07-22,31900,32050,30550,30650,415750,12935000000,51414494
005290,2025-07-23,30700,30950,30400,30700,298301,9119000000,51414494
005290,2025-07-24,30950,31150,30250,30400,314812,9588000000,51414494
005290,2025-07-25,30250,30550,29750,29800,274546,8227000000,51414494
005290,2025-07-28,30650,33150,30000,32550,2144738,67880000000,51414494
005290,2025-07-29,33150,33200,31550,32700,843500,27306000000,51414494
005290,2025-07-30,32500,33200,32200,32250,676406,22066000000,51414494
005290,2025-07-31,32450,32550,31350,31700,547434,17441000000,51414494
005290,2025-08-01,31000,31650,29650,29650,638714,19317000000,51414494
005290,2025-08-04,29600,30000,29350,29600,327630,9701000000,51414494
005290,2025-08-05,30150,30600,29650,29800,261069,7831000000,51414494
005290,2025-08-06,29600,29650,28950,29400,448646,13128000000,51414494
005290,2025-08-07,30250,31400,30050,30400,818780,25148000000,51414494
005290,2025-08-08,30600,31750,30350,31200,514847,16099000000,51414494
005290,2025-08-11,31800,31850,31200,31700,275593,8708000000,51414494
005290,2025-08-12,31650,32650,31450,31700,505642,16213000000,51414494
005290,2025-08-13,32450,32700,32000,32500,421343,13667000000,51414494
005290,2025-08-14,32500,32650,32000,32450,318054,10294000000,51414494
005290,2025-08-18,31650,31850,31100,31150,241768,7563000000,51414494
005290,2025-08-19,31400,31450,30750,30900,212483,6601000000,51414494
005290,2025-08-20,30150,30400,29750,30150,268303,8048000000,51414494
005290,2025-08-21,30500,30500,29700,29850,250376,7521000000,51414494
005290,2025-08-22,29950,30200,29700,29750,165721,4949000000,51414494
005290,2025-08-25,30150,30300,29850,30000,157171,4712000000,51414494
005290,2025-08-26,29800,30250,29700,30000,160485,4818000000,51414494
005290,2025-08-27,30150,30200,29750,29900,150793,4515000000,51414494
005290,2025-08-28,29700,30050,29550,29750,206457,6143000000,51414494
005290,2025-08-29,30250,30850,29900,29950,406973,12342000000,51414494
005290,2025-09-01,29250,29300,28000,28000,736272,20901000000,51414494
005290,2025-09-02,28150,28450,27950,28200,232820,6556000000,51414494
005290,2025-09-03,28300,28500,28150,28400,165575,4686000000,51414494
005290,2025-09-04,28500,29150,28450,28850,224760,6487000000,51414494
005290,2025-09-05,29350,29350,28550,28750,226827,6535000000,51414494
005290,2025-09-08,28950,29300,28800,29250,175929,5124000000,51414494
005290,2025-09-09,29450,31750,29300,31700,1029752,32019000000,51414494
005290,2025-09-10,32050,33200,31800,33150,992372,32469000000,51414494
005290,2025-09-11,33550,33600,32900,33600,691531,23094000000,51414494
005290,2025-09-12,34250,36900,34000,36200,2234862,80583000000,51414494
005290,2025-09-15,37250,37650,36100,37200,1128761,41709000000,51414494
005290,2025-09-16,37300,37750,36800,37650,581157,21669000000,51414494
005290,2025-09-17,36550,37450,36400,37300,451509,16713000000,51414494
005290,2025-09-18,37650,39250,37050,38500,996764,38139000000,51414494
005290,2025-09-19,39100,39200,38150,38950,538973,20829000000,51414494
005290,2025-09-22,39000,41550,38850,41350,1153979,46841000000,51414494
005290,2025-09-23,42250,42300,40700,41350,587549,24354000000,51414494
005290,2025-09-24,40450,41950,40000,41850,634049,25987000000,51414494
005290,2025-09-25,40800,42100,40700,41500,529861,22022000000,51414494
005290,2025-09-26,40700,41150,39700,40400,619931,24976000000,51414494
005290,2025-09-29,40400,41250,40100,40900,313319,12819000000,51414494
005290,2025-09-30,41200,41950,40950,41150,402315,16642000000,51414494
005290,2025-10-01,41500,43450,41500,43150,771159,32977000000,51414494
005290,2025-10-02,44150,45000,43450,44000,1383824,61155000000,51414494
005290,2025-10-10,45600,47250,44700,46850,1090982,50329000000,51414494
005290,2025-10-13,45000,45750,44500,45650,625689,28255000000,51414494
005290,2025-10-14,46950,47000,43050,43850,753919,33529000000,51414494
005290,2025-10-15,44250,44800,43600,44700,360839,15984000000,51414494
005290,2025-10-16,44550,44950,43950,44300,328935,14563000000,51414494
005290,2025-10-17,43650,44600,42750,43150,577575,25043000000,51414494
005290,2025-10-20,43400,43450,42100,42650,472729,20220000000,51414494
005290,2025-10-21,43250,43450,41850,42250,595974,25413000000,51414494
005290,2025-10-22,41650,42100,40550,41850,581447,24094000000,51414494
005290,2025-10-23,41350,42100,40900,41850,312251,12984000000,51414494
005290,2025-10-24,43000,43250,41900,42900,530892,22613000000,51414494
005290,2025-10-27,43800,43800,42300,43000,479813,20595000000,51414494
005290,2025-10-28,42450,42800,41550,42100,444681,18678000000,51414494
005290,2025-10-29,42400,43600,41925,43300,464732,19899000000,51414494
005290,2025-10-30,42700,42700,41100,42400,530108,22273000000,51414494
005290,2025-10-31,42250,43550,42200,42800,332172,14237000000,51414494
005290,2025-11-03,42550,42800,41850,42750,427672,18096000000,51414494
005290,2025-11-04,43150,44150,42250,42400,441304,18983000000,51414494
005290,2025-11-05,41500,41500,37750,39100,851999,33462000000,51414494
005290,2025-11-06,40000,40050,37050,37500,766440,28984000000,51414494
005290,2025-11-07,36150,37000,35000,35800,776698,27720000000,51414494
005290,2025-11-10,36150,36600,35550,36400,458253,16609000000,51414494
005290,2025-11-11,37450,37900,35600,36200,532765,19566000000,51414494
005290,2025-11-12,36000,36050,35200,35700,386592,13725000000,51414494
005290,2025-11-13,35450,36300,35350,35650,392446,14049000000,51414494
005290,2025-11-14,34800,34900,34250,34650,655430,22674000000,51414494
005290,2025-11-17,35550,35700,34650,35350,292300,10258000000,51414494
005290,2025-11-18,34800,35100,33500,33700,374412,12722000000,51414494
005290,2025-11-19,33650,33850,32700,33200,258427,8588000000,51414494
005290,2025-11-20,34300,34400,33350,33550,340285,11460000000,51414494
005290,2025-11-21,31950,32500,31500,31600,305952,9742000000,51414494
005290,2025-11-24,32200,32600,31650,31950,158323,5081000000,51414494
005290,2025-11-25,33300,33700,32650,33450,336116,11145000000,51414494
005290,2025-11-26,34850,34900,33500,34500,440313,15054000000,51414494
005290,2025-11-27,35000,35500,34500,34950,321237,11199000000,51414494
005290,2025-11-28,35500,36700,35300,36150,588453,21300000000,51414494
005290,2025-12-01,37100,40500,36150,40150,3076708,120684000000,51414494
005290,2025-12-02,41000,41000,38750,38950,1723665,68099000000,51414494
005290,2025-12-03,39850,39900,38300,38550,814609,31559000000,51414494
005290,2025-12-04,37750,38050,36400,36750,947976,34923000000,51414494
005290,2025-12-05,37400,37500,36500,36850,575483,21173000000,51414494
005290,2025-12-08,38750,39800,38050,39100,1420148,55180000000,51414494
005290,2025-12-09,38700,38950,38200,38650,439766,16980000000,51414494
005290,2025-12-10,38550,39300,38100,38350,490036,18885000000,51414494
005290,2025-12-11,38600,38800,37250,37900,639748,24172000000,51414494
005290,2025-12-12,37650,37750,36650,37750,557541,20754000000,51414494
005290,2025-12-15,36300,36750,35950,36550,308596,11266000000,51414494
005290,2025-12-16,36450,36550,35350,35450,356391,12761000000,51414494
005290,2025-12-17,36000,37500,35800,37450,479339,17697000000,51414494
005290,2025-12-18,36700,37650,36250,36700,294716,10830000000,51414494
005290,2025-12-19,37600,37650,36700,37050,318516,11808000000,51414494
005290,2025-12-22,37900,38200,37450,37800,410397,15524000000,51414494
005290,2025-12-23,38200,38200,37600,37900,327308,12389000000,51414494
005290,2025-12-24,38150,38150,37300,37450,260423,9795000000,51414494
005290,2025-12-26,37750,38450,37500,38150,508709,19383000000,51414494
005290,2025-12-29,38400,38500,36700,36750,636217,23671000000,51414494
005290,2025-12-30,36750,37550,36300,36650,386110,14232000000,51414494
