ticker,trade_date,fin_inv_net_amt,trust_net_amt,pension_net_amt,private_equity_net_amt,bank_net_amt,insurance_net_amt,etc_finance_net_amt,etc_corp_net_amt,etc_foreign_net_amt
140860,2020-01-02,51000000,169000000,0,-151000000,0,0,0,-55000000,-4000000
140860,2020-01-03,107000000,107000000,0,3000000,0,0,0,-24000000,0
140860,2020-01-06,13000000,0,0,7000000,0,0,0,-1000000,0
140860,2020-01-07,-13000000,106000000,0,11000000,0,0,0,86000000,0
140860,2020-01-08,0,-9000000,0,8000000,0,0,0,-21000000,0
140860,2020-01-09,0,73000000,39000000,8000000,0,0,0,42000000,0
140860,2020-01-10,0,-21000000,0,5000000,0,0,0,0,-2000000
140860,2020-01-13,0,-90000000,0,4000000,-2000000,0,0,0,0
140860,2020-01-14,0,0,0,0,0,0,0,0,0
140860,2020-01-15,0,0,0,4000000,-11000000,0,0,0,0
140860,2020-01-16,-14000000,0,0,4000000,0,0,0,0,0
140860,2020-01-17,-22000000,-20000000,0,0,0,0,0,-12000000,0
140860,2020-01-20,0,-41000000,0,0,0,0,0,0,0
140860,2020-01-21,-40000000,-30000000,0,0,0,0,0,18000000,0
140860,2020-01-22,-43000000,-88000000,0,0,0,0,0,-25000000,0
140860,2020-01-23,9000000,60000000,0,2000000,0,0,0,0,-1000000
140860,2020-01-28,0,0,97000000,0,0,0,0,0,0
140860,2020-01-29,0,0,145000000,5000000,0,0,0,24000000,0
140860,2020-01-30,4000000,233000000,0,3000000,0,0,0,-69000000,-4000000
140860,2020-01-31,3000000,65000000,0,10000000,0,0,0,-74000000,13000000
140860,2020-02-03,61000000,29000000,0,72000000,0,0,0,-90000000,5000000
140860,2020-02-04,0,0,0,51000000,0,0,0,-21000000,0
140860,2020-02-05,-4000000,0,0,0,0,0,0,0,-8000000
140860,2020-02-06,0,0,0,0,0,0,0,0,0
140860,2020-02-07,0,0,0,0,0,0,0,-3000000,0
140860,2020-02-10,0,0,0,0,0,0,0,0,0
140860,2020-02-11,21000000,0,0,0,0,0,0,-58000000,0
140860,2020-02-12,0,0,0,0,0,0,0,-4000000,-4000000
140860,2020-02-13,-12000000,0,0,63000000,0,0,0,0,0
140860,2020-02-14,0,-21000000,0,0,0,0,0,-3000000,0
140860,2020-02-17,0,-359000000,0,0,0,0,0,0,-2000000
140860,2020-02-18,0,-168000000,0,-24000000,0,0,0,0,0
140860,2020-02-19,12000000,-21000000,0,32000000,0,0,0,-19000000,0
140860,2020-02-20,0,0,0,-14000000,0,0,0,0,0
140860,2020-02-21,7000000,0,0,22000000,0,0,0,10000000,0
140860,2020-02-24,0,110000000,0,0,0,0,0,14000000,0
140860,2020-02-25,-70000000,0,0,9000000,0,0,0,1000000,0
140860,2020-02-26,0,0,0,-24000000,0,0,0,39000000,0
140860,2020-02-27,0,0,0,-37000000,0,0,0,12000000,0
140860,2020-02-28,0,0,0,6000000,0,0,0,-4000000,-1000000
140860,2020-03-02,67000000,0,0,176000000,0,0,0,1000000,0
140860,2020-03-03,0,152000000,219000000,33000000,0,0,0,-4000000,0
140860,2020-03-04,0,0,0,11000000,0,0,0,-30000000,0
140860,2020-03-05,0,-75000000,0,0,0,0,0,0,0
140860,2020-03-06,0,0,0,-35000000,0,0,0,0,0
140860,2020-03-09,0,0,0,-35000000,0,0,0,0,0
140860,2020-03-10,0,0,0,5000000,0,0,0,0,0
140860,2020-03-11,0,0,0,0,0,0,0,0,0
140860,2020-03-12,18000000,67000000,-21000000,61000000,0,0,0,20000000,1000000
140860,2020-03-13,-253000000,184000000,577000000,10000000,0,33000000,63000000,20000000,5000000
140860,2020-03-16,355000000,379000000,0,25000000,0,0,0,8000000,0
140860,2020-03-17,13000000,183000000,13000000,16000000,0,0,0,49000000,6000000
140860,2020-03-18,69000000,-8000000,0,492000000,0,0,0,-73000000,0
140860,2020-03-19,-1494000000,239000000,101000000,128000000,0,-19000000,0,-75000000,4000000
140860,2020-03-20,294000000,130000000,0,526000000,-7000000,0,4000000,111000000,-2000000
140860,2020-03-23,360000000,199000000,29000000,55000000,0,0,0,-16000000,0
140860,2020-03-24,102000000,51000000,0,-82000000,0,0,6000000,-30000000,0
140860,2020-03-25,-57000000,59000000,0,-530000000,149000000,221000000,6000000,-91000000,0
140860,2020-03-26,157000000,165000000,52000000,-8000000,0,0,3000000,17000000,0
140860,2020-03-27,50000000,160000000,0,-86000000,6000000,0,0,-3000000,0
140860,2020-03-30,2000000,-74000000,0,0,0,0,0,-10000000,0
140860,2020-03-31,0,0,0,0,0,0,0,19000000,0
140860,2020-04-01,0,-112000000,0,22000000,0,0,0,8000000,0
140860,2020-04-02,7000000,-83000000,0,-6000000,0,0,0,24000000,1000000
140860,2020-04-03,-27000000,-30000000,0,12000000,0,0,0,-5000000,0
140860,2020-04-06,-34000000,-31000000,0,0,0,0,0,1000000,0
140860,2020-04-07,-42000000,-33000000,112000000,0,0,0,0,1000000,0
140860,2020-04-08,-8000000,-36000000,0,0,0,0,0,16000000,0
140860,2020-04-09,68000000,0,0,-13000000,0,0,0,-13000000,0
140860,2020-04-10,-93000000,-51000000,-32000000,0,0,0,0,3000000,0
140860,2020-04-13,0,-48000000,-32000000,-48000000,0,0,0,68000000,0
140860,2020-04-14,-40000000,-14000000,-19000000,154000000,0,0,0,18000000,-2000000
140860,2020-04-16,0,-34000000,0,0,0,0,0,8000000,0
140860,2020-04-17,2000000,-114000000,0,-11000000,0,0,0,2000000,0
140860,2020-04-20,-36000000,-64000000,0,-7000000,0,0,0,7000000,0
140860,2020-04-21,-1000000,362000000,0,0,-25000000,-33000000,0,-40000000,0
140860,2020-04-22,0,-127000000,-84000000,0,0,0,0,35000000,0
140860,2020-04-23,6000000,0,0,0,0,0,0,11000000,0
140860,2020-04-24,31000000,188000000,0,0,0,0,0,3000000,0
140860,2020-04-27,-28000000,89000000,0,0,0,0,0,0,0
140860,2020-04-28,0,0,0,0,0,0,0,4000000,0
140860,2020-04-29,0,36000000,0,-39000000,0,0,0,3000000,0
140860,2020-05-04,0,0,0,0,0,0,0,-14000000,0
140860,2020-05-06,170000000,64000000,0,0,0,0,0,-1000000,0
140860,2020-05-07,2000000,104000000,-19000000,43000000,0,0,0,14000000,0
140860,2020-05-08,40000000,71000000,-21000000,87000000,0,71000000,0,25000000,3000000
140860,2020-05-11,-11000000,-942000000,0,160000000,0,0,0,153000000,9000000
140860,2020-05-12,-165000000,28000000,0,0,0,0,0,-41000000,-8000000
140860,2020-05-13,17000000,0,0,0,-34000000,-126000000,0,16000000,-25000000
140860,2020-05-14,32000000,46000000,0,-38000000,0,3000000,0,21000000,0
140860,2020-05-15,109000000,63000000,-64000000,66000000,0,0,0,-25000000,0
140860,2020-05-18,89000000,324000000,45000000,-15000000,0,7000000,0,-239000000,-194000000
140860,2020-05-19,0,962000000,0,76000000,0,0,0,-4000000,10000000
140860,2020-05-20,179000000,299000000,44000000,-345000000,5000000,3000000,0,-256000000,-10000000
140860,2020-05-21,-1000000,195000000,0,0,0,0,0,243000000,-4000000
140860,2020-05-22,0,0,0,241000000,0,0,0,62000000,-2000000
140860,2020-05-25,-10000000,0,0,216000000,-21000000,-32000000,0,47000000,-279000000
140860,2020-05-26,-85000000,225000000,0,0,-33000000,-49000000,0,0,1000000
140860,2020-05-27,-2000000,-21000000,0,22000000,-29000000,-45000000,0,33000000,-1000000
140860,2020-05-28,-90000000,-111000000,0,209000000,-34000000,-51000000,0,-219000000,1000000
140860,2020-05-29,0,151000000,0,0,0,0,0,0,-5000000
140860,2020-06-01,0,93000000,0,292000000,0,0,0,-25000000,22000000
140860,2020-06-02,-23000000,-262000000,0,0,0,0,0,-150000000,0
140860,2020-06-03,0,-49000000,0,-26000000,33000000,-1000000,0,167000000,7000000
140860,2020-06-04,-29000000,0,0,-163000000,0,322000000,0,0,-2000000
140860,2020-06-05,0,661000000,0,133000000,0,72000000,0,-11000000,-6000000
140860,2020-06-08,-67000000,71000000,0,87000000,0,60000000,-19000000,-55000000,-1000000
140860,2020-06-09,-240000000,-13000000,422000000,-42000000,0,59000000,0,8000000,4000000
140860,2020-06-10,0,101000000,0,177000000,0,45000000,0,-41000000,4000000
140860,2020-06-11,-61000000,-122000000,-144000000,492000000,0,16000000,-4000000,-1000000,-5000000
140860,2020-06-12,145000000,331000000,0,326000000,0,0,0,-147000000,-2000000
140860,2020-06-15,0,451000000,-124000000,390000000,0,0,0,-44000000,-4000000
140860,2020-06-16,0,0,0,99000000,0,40000000,0,0,-5000000
140860,2020-06-17,0,0,0,146000000,0,0,0,-124000000,0
140860,2020-06-18,-24000000,236000000,0,199000000,0,0,0,-2000000,0
140860,2020-06-19,67000000,169000000,0,365000000,0,0,0,-123000000,-1000000
140860,2020-06-22,-6000000,0,0,84000000,0,0,0,-132000000,2000000
140860,2020-06-23,9000000,2000000,0,51000000,0,0,0,29000000,0
140860,2020-06-24,9000000,-270000000,0,256000000,0,0,0,-101000000,2000000
140860,2020-06-25,-29000000,-505000000,0,-154000000,0,0,0,9000000,1000000
140860,2020-06-26,6000000,54000000,91000000,53000000,1000000,0,0,-2000000,-2000000
140860,2020-06-29,3000000,277000000,0,60000000,1000000,0,0,-76000000,0
140860,2020-06-30,-126000000,0,97000000,130000000,0,-105000000,0,5000000,6000000
140860,2020-07-01,0,5000000,382000000,34000000,0,-2000000,-4000000,4000000,0
140860,2020-07-02,0,0,153000000,0,0,0,-4000000,0,0
140860,2020-07-03,21000000,49000000,27000000,-51000000,0,0,0,0,-1000000
140860,2020-07-06,0,0,155000000,84000000,0,0,0,64000000,0
140860,2020-07-07,0,59000000,155000000,104000000,0,0,0,0,0
140860,2020-07-08,13000000,-77000000,469000000,5000000,0,0,0,25000000,0
140860,2020-07-09,230000000,110000000,611000000,33000000,0,0,0,164000000,1000000
140860,2020-07-10,-192000000,33000000,1147000000,10000000,0,128000000,0,-130000000,4000000
140860,2020-07-13,0,-52000000,289000000,81000000,0,0,0,55000000,-10000000
140860,2020-07-14,0,21000000,231000000,78000000,0,0,0,-176000000,-22000000
140860,2020-07-15,0,44000000,225000000,154000000,0,0,0,-134000000,-3000000
140860,2020-07-16,0,35000000,175000000,-144000000,0,0,0,-21000000,0
140860,2020-07-17,95000000,41000000,174000000,0,0,66000000,0,23000000,-8000000
140860,2020-07-20,-11000000,166000000,0,0,0,0,0,36000000,0
140860,2020-07-21,0,221000000,0,119000000,0,0,0,-21000000,0
140860,2020-07-22,146000000,58000000,0,26000000,0,0,0,5000000,1000000
140860,2020-07-23,0,93000000,171000000,-1000000,-19000000,0,0,-16000000,-3000000
140860,2020-07-24,0,124000000,168000000,-10000000,-20000000,0,0,-9000000,1000000
140860,2020-07-27,13000000,354000000,207000000,50000000,-41000000,-69000000,0,1000000,-4000000
140860,2020-07-28,0,253000000,202000000,109000000,0,0,0,-271000000,5000000
140860,2020-07-29,0,436000000,0,34000000,0,0,0,-86000000,-2000000
140860,2020-07-30,64000000,407000000,98000000,-21000000,0,0,0,-417000000,0
140860,2020-07-31,20000000,203000000,0,0,0,0,0,59000000,1000000
140860,2020-08-03,63000000,0,0,0,0,-13000000,0,61000000,0
140860,2020-08-04,38000000,28000000,0,-23000000,0,0,0,36000000,1000000
140860,2020-08-05,-19000000,-62000000,540000000,29000000,0,-25000000,0,93000000,-1000000
140860,2020-08-06,97000000,47000000,0,0,0,0,0,485000000,-1000000
140860,2020-08-07,-56000000,0,0,-18000000,0,-12000000,0,-6000000,-73000000
140860,2020-08-10,-51000000,-165000000,284000000,-57000000,0,0,0,25000000,0
140860,2020-08-11,0,216000000,0,0,0,0,0,54000000,0
140860,2020-08-12,284000000,-7000000,0,-179000000,0,0,0,-42000000,0
140860,2020-08-13,5000000,0,-53000000,0,0,0,0,189000000,0
140860,2020-08-14,-7000000,223000000,0,0,0,-34000000,0,-69000000,0
140860,2020-08-18,-40000000,-266000000,837000000,-11000000,0,-23000000,0,-7000000,0
140860,2020-08-19,27000000,212000000,-104000000,172000000,0,-13000000,-12000000,37000000,3000000
140860,2020-08-20,-27000000,-1000000,-33000000,296000000,0,0,0,130000000,1000000
140860,2020-08-21,42000000,43000000,224000000,0,0,-12000000,0,-55000000,2000000
140860,2020-08-24,221000000,160000000,172000000,-135000000,0,-16000000,0,-180000000,11000000
140860,2020-08-25,0,0,0,88000000,0,-6000000,0,-106000000,5000000
140860,2020-08-26,56000000,-64000000,112000000,-285000000,-14000000,-5000000,0,-187000000,0
140860,2020-08-27,0,-214000000,0,-29000000,0,0,0,-3000000,0
140860,2020-08-28,0,166000000,0,26000000,0,-12000000,0,-42000000,0
140860,2020-08-31,0,0,266000000,0,-10000000,0,0,-3000000,5000000
140860,2020-09-01,0,-43000000,680000000,-600000000,-11000000,0,0,110000000,-5000000
140860,2020-09-02,0,211000000,16000000,0,0,0,0,-10000000,0
140860,2020-09-03,9000000,135000000,622000000,0,0,0,0,-30000000,0
140860,2020-09-04,-1000000,179000000,717000000,0,0,0,0,-3000000,-2000000
140860,2020-09-07,0,21000000,522000000,-40000000,0,0,0,-51000000,1000000
140860,2020-09-08,0,67000000,316000000,13000000,0,0,-7000000,-13000000,0
140860,2020-09-09,0,191000000,0,48000000,0,0,-7000000,-3000000,0
140860,2020-09-10,0,853000000,0,176000000,0,0,-7000000,-185000000,-910000000
140860,2020-09-11,198000000,1803000000,1109000000,-223000000,0,-15000000,-8000000,-149000000,31000000
140860,2020-09-14,-5000000,-213000000,70000000,56000000,0,-15000000,0,-458000000,-4000000
140860,2020-09-15,-21000000,347000000,324000000,-74000000,0,-26000000,0,-269000000,-5000000
140860,2020-09-16,0,367000000,255000000,137000000,0,0,0,-54000000,0
140860,2020-09-17,0,511000000,61000000,483000000,0,0,0,-344000000,14000000
140860,2020-09-18,-2000000,36000000,0,-56000000,0,0,0,73000000,61000000
140860,2020-09-21,279000000,524000000,100000000,-171000000,0,0,0,2000000,-38000000
140860,2020-09-22,0,168000000,66000000,-129000000,-12000000,0,0,1000000,-4000000
140860,2020-09-23,0,4000000,0,-4000000,0,0,0,-254000000,0
140860,2020-09-24,-13000000,128000000,220000000,0,0,0,0,25000000,1000000
140860,2020-09-25,0,129000000,296000000,-164000000,0,32000000,0,-108000000,3000000
140860,2020-09-28,-5000000,0,252000000,-175000000,0,0,0,28000000,-7000000
140860,2020-09-29,150000000,800000000,69000000,666000000,0,161000000,0,30000000,-16000000
140860,2020-10-05,0,127000000,20000000,-93000000,0,80000000,0,-82000000,-8000000
140860,2020-10-06,-115000000,128000000,-8000000,211000000,0,81000000,0,9000000,-1000000
140860,2020-10-07,-122000000,-59000000,0,-40000000,0,0,0,-13000000,4000000
140860,2020-10-08,-134000000,-11000000,0,-265000000,0,-3000000,0,-35000000,14000000
140860,2020-10-12,-145000000,49000000,-536000000,-62000000,0,0,0,-23000000,-1000000
140860,2020-10-13,-51000000,-1000000,312000000,-5000000,0,0,0,67000000,-11000000
140860,2020-10-14,0,210000000,669000000,-132000000,0,0,0,-1000000,-5000000
140860,2020-10-15,-77000000,-154000000,0,54000000,0,0,1000000,-48000000,4000000
140860,2020-10-16,18000000,-144000000,0,0,0,0,1000000,-44000000,2000000
140860,2020-10-19,5000000,128000000,-59000000,-145000000,0,0,0,0,0
140860,2020-10-20,0,0,0,0,0,0,0,-130000000,1000000
140860,2020-10-21,25000000,-97000000,325000000,-52000000,0,0,0,4000000,0
140860,2020-10-22,-59000000,-3000000,0,-13000000,0,0,1000000,71000000,0
140860,2020-10-23,-89000000,-7000000,0,0,0,0,0,0,0
140860,2020-10-26,-130000000,-53000000,594000000,-267000000,-2000000,0,0,26000000,1000000
140860,2020-10-27,11000000,-24000000,0,-75000000,0,0,0,171000000,-1000000
140860,2020-10-28,-60000000,148000000,215000000,100000000,0,0,0,3000000,5000000
140860,2020-10-29,5000000,-47000000,0,-175000000,0,0,0,-3000000,-3000000
140860,2020-10-30,24000000,-133000000,0,-38000000,0,-23000000,0,0,2000000
140860,2020-11-02,4000000,-62000000,0,-8000000,0,0,0,0,3000000
140860,2020-11-03,-24000000,22000000,124000000,-49000000,0,0,0,0,0
140860,2020-11-04,-5000000,-77000000,273000000,81000000,0,16000000,0,26000000,3000000
140860,2020-11-05,294000000,-130000000,-92000000,203000000,0,-12000000,0,164000000,1000000
140860,2020-11-06,-36000000,-32000000,202000000,216000000,0,0,0,-9000000,0
140860,2020-11-09,-8000000,318000000,0,-94000000,0,0,0,-67000000,0
140860,2020-11-10,-209000000,147000000,57000000,239000000,0,10000000,0,-3000000,0
140860,2020-11-11,0,-259000000,-123000000,-78000000,0,0,0,1000000,0
140860,2020-11-12,0,-4000000,0,-21000000,0,0,0,62000000,1000000
140860,2020-11-13,0,-10000000,0,-16000000,0,0,0,96000000,5000000
140860,2020-11-16,0,250000000,0,16000000,0,-474000000,16000000,189000000,12000000
140860,2020-11-17,-36000000,2000000,0,-19000000,0,18000000,0,155000000,0
140860,2020-11-18,-19000000,-5000000,50000000,406000000,0,0,0,138000000,6000000
140860,2020-11-19,-236000000,-9000000,0,16000000,0,0,0,0,0
140860,2020-11-20,215000000,-31000000,263000000,-182000000,0,3000000,0,33000000,0
140860,2020-11-23,-29000000,-26000000,130000000,-103000000,0,0,0,-9000000,0
140860,2020-11-24,95000000,-658000000,-38000000,159000000,0,-310000000,0,-90000000,49000000
140860,2020-11-25,0,-95000000,0,-73000000,0,0,0,0,-33000000
140860,2020-11-26,0,-36000000,-28000000,-78000000,0,0,0,-334000000,12000000
140860,2020-11-27,161000000,341000000,274000000,273000000,0,11000000,0,-278000000,0
140860,2020-11-30,-44000000,161000000,107000000,14000000,0,-6000000,0,-262000000,-21000000
140860,2020-12-01,-183000000,-234000000,-65000000,-31000000,0,-26000000,0,-69000000,-4000000
140860,2020-12-02,0,-215000000,0,0,0,0,0,40000000,-3000000
140860,2020-12-03,0,-2000000,0,-17000000,0,0,0,-5000000,0
140860,2020-12-04,0,-333000000,64000000,0,0,0,0,68000000,0
140860,2020-12-07,0,22000000,144000000,26000000,0,-4000000,0,-16000000,0
140860,2020-12-08,-3000000,-2000000,0,-24000000,0,-2000000,0,7000000,-2000000
140860,2020-12-09,0,-60000000,-3000000,0,0,0,0,0,0
140860,2020-12-10,0,-67000000,0,0,0,0,0,0,-2000000
140860,2020-12-11,-6000000,90000000,0,0,0,31000000,0,38000000,0
140860,2020-12-14,-24000000,-62000000,-18000000,0,0,0,0,0,0
140860,2020-12-15,1000000,36000000,0,17000000,0,0,0,-14000000,30000000
140860,2020-12-16,8000000,109000000,-121000000,6000000,0,18000000,0,-154000000,-3000000
140860,2020-12-17,177000000,0,68000000,24000000,0,754000000,0,-75000000,3000000
140860,2020-12-18,1000000,14000000,-8000000,0,0,0,0,46000000,-4000000
140860,2020-12-21,0,55000000,-3000000,0,0,-20000000,0,-9000000,1000000
140860,2020-12-22,88000000,-190000000,-3000000,5000000,0,320000000,0,-17000000,47000000
140860,2020-12-23,0,284000000,99000000,37000000,0,131000000,0,22000000,-2000000
140860,2020-12-24,-16000000,-36000000,-6000000,-188000000,0,-3000000,0,27000000,7000000
140860,2020-12-28,-82000000,-124000000,0,-174000000,0,0,0,77000000,29000000
140860,2020-12-29,103000000,228000000,-41000000,24000000,0,138000000,0,-134000000,-25000000
140860,2020-12-30,-140000000,-1236000000,-71000000,-173000000,0,56000000,-23000000,74000000,-27000000
140860,2021-01-04,-146000000,-175000000,-31000000,5000000,0,663000000,-12000000,-17000000,-5000000
140860,2021-01-05,38000000,-701000000,-93000000,-258000000,0,-14000000,0,179000000,-1000000
140860,2021-01-06,-203000000,-391000000,0,-137000000,0,-7000000,0,-51000000,-5000000
140860,2021-01-07,29000000,-547000000,-144000000,-136000000,0,-19000000,0,20000000,-22000000
140860,2021-01-08,-6000000,-325000000,-138000000,-18000000,0,-52000000,0,26000000,0
140860,2021-01-11,-347000000,-126000000,-2000000,-118000000,0,-14000000,0,-198000000,1000000
140860,2021-01-12,-60000000,-112000000,0,0,0,176000000,0,7000000,8000000
140860,2021-01-13,6000000,-46000000,-3000000,0,0,-13000000,0,16000000,8000000
140860,2021-01-14,-323000000,688000000,350000000,194000000,0,172000000,0,24000000,5000000
140860,2021-01-15,78000000,426000000,-7000000,329000000,0,20000000,0,46000000,-921000000
140860,2021-01-18,-1000000,0,-36000000,94000000,0,-3000000,0,-96000000,-2000000
140860,2021-01-19,1000000,-36000000,-66000000,0,0,26000000,0,-9000000,-4000000
140860,2021-01-20,-67000000,391000000,-585000000,323000000,0,10000000,0,-102000000,10000000
140860,2021-01-21,0,-4000000,0,-45000000,0,0,0,-41000000,0
140860,2021-01-22,-112000000,921000000,63000000,1000000,0,29000000,0,3000000,-9000000
140860,2021-01-25,-2000000,0,-132000000,673000000,0,3000000,0,90000000,1000000
140860,2021-01-26,-19000000,658000000,100000000,99000000,0,73000000,0,-37000000,3000000
140860,2021-01-27,8000000,-353000000,-79000000,-54000000,0,13000000,-34000000,-195000000,-3000000
140860,2021-01-28,2000000,453000000,0,159000000,0,0,0,-6000000,3000000
140860,2021-01-29,147000000,434000000,-1000000,-537000000,0,-4000000,145000000,-41000000,0
140860,2021-02-01,2000000,37000000,-7000000,-82000000,0,-5000000,-133000000,-42000000,8000000
140860,2021-02-02,2000000,763000000,-525000000,-218000000,0,51000000,0,-19000000,9000000
140860,2021-02-03,3000000,-246000000,35000000,80000000,0,2000000,0,4000000,-4000000
140860,2021-02-04,-311000000,200000000,-339000000,-29000000,0,0,0,-56000000,8000000
140860,2021-02-05,4000000,-2000000,0,-5000000,0,0,0,-10000000,2000000
140860,2021-02-08,2000000,-208000000,-5000000,-68000000,0,-81000000,0,-130000000,7000000
140860,2021-02-09,2000000,16000000,0,1000000,0,0,0,2000000,-6000000
140860,2021-02-10,1000000,511000000,-92000000,-43000000,0,-33000000,0,-105000000,19000000
140860,2021-02-15,-5000000,-901000000,-503000000,-2000000,0,-15000000,0,-938000000,-2000000
140860,2021-02-16,-11000000,-180000000,-54000000,-127000000,0,-5000000,0,-297000000,1000000
140860,2021-02-17,10000000,-1000000,0,88000000,0,-86000000,0,-1000000,19000000
140860,2021-02-18,9000000,317000000,0,9000000,0,13000000,0,45000000,0
140860,2021-02-19,1000000,-338000000,0,-31000000,0,0,0,-24000000,-14000000
140860,2021-02-22,-10000000,75000000,0,-76000000,0,0,0,-2000000,-1000000
140860,2021-02-23,6000000,83000000,0,-138000000,0,48000000,0,58000000,-15000000
140860,2021-02-24,250000000,533000000,-54000000,15000000,0,261000000,0,58000000,7000000
140860,2021-02-25,11000000,-217000000,1050000000,-205000000,0,-14000000,0,-24000000,4000000
140860,2021-02-26,-197000000,47000000,0,-271000000,0,40000000,0,-148000000,-15000000
140860,2021-03-02,9000000,-28000000,235000000,-23000000,0,-27000000,0,33000000,5000000
140860,2021-03-03,1000000,-172000000,30000000,-88000000,0,16000000,0,34000000,9000000
140860,2021-03-04,2000000,-529000000,-596000000,-226000000,0,-9000000,0,-22000000,-23000000
140860,2021-03-05,-1000000,-925000000,-488000000,-162000000,0,31000000,0,-8000000,-3000000
140860,2021-03-08,-77000000,-577000000,-52000000,19000000,0,0,0,27000000,-30000000
140860,2021-03-09,311000000,92000000,182000000,-942000000,0,195000000,0,-118000000,-20000000
140860,2021-03-10,-117000000,-182000000,0,-240000000,0,-5000000,0,-31000000,-2000000
140860,2021-03-11,-110000000,-38000000,323000000,-11000000,0,85000000,0,0,-4000000
140860,2021-03-12,279000000,753000000,104000000,-90000000,0,-205000000,0,51000000,0
140860,2021-03-15,42000000,-327000000,-13000000,-10000000,0,-43000000,0,-3000000,4000000
140860,2021-03-16,0,31000000,0,93000000,0,0,0,10000000,0
140860,2021-03-17,7000000,47000000,-15000000,54000000,0,-55000000,0,-42000000,2000000
140860,2021-03-18,-1000000,15000000,-9000000,153000000,0,-6000000,0,9000000,1000000
140860,2021-03-19,-169000000,123000000,-78000000,-184000000,0,-8000000,0,39000000,13000000
140860,2021-03-22,-13000000,-188000000,-67000000,34000000,0,2000000,0,4000000,-3000000
140860,2021-03-23,40000000,272000000,0,942000000,0,-53000000,0,-8000000,-1000000
140860,2021-03-24,-243000000,-20000000,-158000000,141000000,0,106000000,0,-5000000,4000000
140860,2021-03-25,-16000000,-305000000,-329000000,-503000000,0,-16000000,0,0,-11000000
140860,2021-03-26,48000000,-289000000,-1018000000,-528000000,0,38000000,0,-31000000,-6000000
140860,2021-03-29,-174000000,-825000000,-108000000,-446000000,0,-585000000,0,-119000000,9000000
140860,2021-03-30,-2000000,805000000,-135000000,49000000,0,-50000000,0,31000000,1000000
140860,2021-03-31,0,408000000,-260000000,-540000000,0,-28000000,0,6000000,1000000
140860,2021-04-01,-2000000,-109000000,375000000,301000000,0,-24000000,0,-166000000,9000000
140860,2021-04-02,117000000,110000000,-635000000,448000000,0,-34000000,0,-307000000,-5000000
140860,2021-04-05,14000000,-740000000,-604000000,-699000000,0,-23000000,0,-164000000,2000000
140860,2021-04-06,-54000000,-515000000,611000000,-1387000000,0,-5000000,0,-405000000,-1000000
140860,2021-04-07,-3000000,-64000000,0,-128000000,0,-168000000,0,31000000,-96000000
140860,2021-04-08,-5000000,-168000000,-444000000,-1065000000,0,-38000000,0,-88000000,4000000
140860,2021-04-09,2000000,43000000,-856000000,-58000000,0,-5000000,0,-13000000,0
140860,2021-04-12,-11000000,6000000,-2288000000,-67000000,0,41000000,0,-65000000,32000000
140860,2021-04-13,-83000000,-358000000,-613000000,-63000000,0,0,0,-20000000,-16000000
140860,2021-04-14,0,-38000000,-1604000000,-48000000,0,-363000000,0,-28000000,62000000
140860,2021-04-15,32000000,-382000000,-86000000,-70000000,0,-15000000,0,1000000,-50000000
140860,2021-04-16,13000000,-111000000,207000000,-57000000,0,-8000000,0,31000000,4000000
140860,2021-04-19,42000000,159000000,-696000000,-4000000,0,-12000000,0,-5000000,-34000000
140860,2021-04-20,57000000,424000000,-368000000,1188000000,0,23000000,0,553000000,86000000
140860,2021-04-21,95000000,6000000,563000000,31000000,0,10000000,0,-13000000,-4000000
140860,2021-04-22,-86000000,-321000000,-7000000,117000000,0,13000000,0,3000000,22000000
140860,2021-04-23,-74000000,858000000,150000000,-40000000,0,-10000000,0,-3000000,1000000
140860,2021-04-26,13000000,-70000000,0,26000000,0,-57000000,0,-122000000,8000000
140860,2021-04-27,-14000000,158000000,0,-70000000,0,-8000000,0,0,2000000
140860,2021-04-28,45000000,-361000000,-133000000,-841000000,0,-149000000,0,-81000000,-1000000
140860,2021-04-29,2000000,112000000,-627000000,-301000000,0,-56000000,0,-22000000,-3000000
140860,2021-04-30,2000000,-184000000,0,84000000,0,0,0,-30000000,-6000000
140860,2021-05-03,15000000,173000000,0,-2000000,0,16000000,0,-85000000,28000000
140860,2021-05-04,-25000000,-30000000,-705000000,-26000000,0,-19000000,0,22000000,7000000
140860,2021-05-06,1000000,-93000000,0,-28000000,0,-3000000,0,6000000,-9000000
140860,2021-05-07,-12000000,-290000000,0,-7000000,0,-32000000,0,21000000,-5000000
140860,2021-05-10,4000000,-83000000,-841000000,-71000000,0,-9000000,0,-71000000,2000000
140860,2021-05-11,-73000000,-507000000,-82000000,-64000000,0,-2000000,0,17000000,-4000000
140860,2021-05-12,11000000,13000000,0,57000000,0,4000000,0,-1000000,8000000
140860,2021-05-13,7000000,-389000000,0,-400000000,0,18000000,0,-22000000,31000000
140860,2021-05-14,4000000,180000000,-141000000,54000000,0,0,0,-1000000,1000000
140860,2021-05-17,277000000,24000000,-209000000,20000000,0,0,0,16000000,-3000000
140860,2021-05-18,21000000,-140000000,-231000000,77000000,0,211000000,0,1000000,-10000000
140860,2021-05-20,28000000,44000000,-582000000,43000000,0,114000000,0,9000000,0
140860,2021-05-21,-7000000,-91000000,-699000000,30000000,0,0,0,36000000,-6000000
140860,2021-05-24,-1000000,-191000000,-781000000,-55000000,0,99000000,0,46000000,-4000000
140860,2021-05-25,22000000,-426000000,-908000000,93000000,0,102000000,0,-5000000,-5000000
140860,2021-05-26,-35000000,-565000000,-696000000,-462000000,0,-230000000,0,11000000,10000000
140860,2021-05-27,-338000000,-1146000000,-2100000000,-12000000,0,0,0,106000000,-16000000
140860,2021-05-28,5000000,-460000000,-18000000,-65000000,0,23000000,0,217000000,-3000000
140860,2021-05-31,-34000000,-1670000000,-135000000,-392000000,0,-48000000,0,-16000000,4000000
140860,2021-06-01,-26000000,25000000,0,38000000,0,-88000000,0,-45000000,-46000000
140860,2021-06-02,-90000000,-35000000,60000000,-106000000,0,4000000,0,35000000,14000000
140860,2021-06-03,5000000,46000000,-91000000,-39000000,0,-1000000,0,-145000000,-12000000
140860,2021-06-04,-6000000,-136000000,0,-292000000,0,1000000,0,14000000,5000000
140860,2021-06-07,25000000,50000000,854000000,0,0,0,0,-49000000,-1000000
140860,2021-06-08,-6000000,-89000000,318000000,-299000000,0,0,0,14000000,0
140860,2021-06-09,-41000000,-394000000,279000000,-52000000,0,-162000000,0,-192000000,-85000000
140860,2021-06-10,-16000000,7624000000,317000000,26000000,0,6000000,0,21000000,9000000
140860,2021-06-11,-1978000000,1320000000,-186000000,0,0,45000000,0,63000000,55000000
140860,2021-06-14,140000000,130000000,-406000000,536000000,0,-395000000,0,229000000,31000000
140860,2021-06-15,-8000000,475000000,-1059000000,-803000000,0,-16000000,0,129000000,4000000
140860,2021-06-16,-14000000,5000000,11000000,158000000,0,0,0,20000000,6000000
140860,2021-06-17,176000000,-12000000,252000000,-115000000,0,173000000,0,145000000,-11000000
140860,2021-06-18,257000000,0,17000000,0,0,38000000,0,48000000,1000000
140860,2021-06-21,-301000000,-291000000,-16000000,-1000000,0,2000000,0,6000000,9000000
140860,2021-06-22,4000000,-213000000,137000000,128000000,0,-2000000,0,0,-14000000
140860,2021-06-23,167000000,-574000000,-798000000,109000000,0,1027000000,0,279000000,1000000
140860,2021-06-24,103000000,10000000,-150000000,45000000,0,28000000,0,7000000,-2000000
140860,2021-06-25,-340000000,-366000000,-156000000,45000000,0,128000000,0,-36000000,0
140860,2021-06-28,-18000000,97000000,-129000000,73000000,0,333000000,0,29000000,0
140860,2021-06-29,-270000000,175000000,131000000,36000000,0,1431000000,0,0,0
140860,2021-06-30,-126000000,229000000,154000000,-667000000,0,0,0,-12000000,0
140860,2021-07-01,-147000000,780000000,-46000000,-507000000,228000000,-34000000,0,-115000000,6000000
140860,2021-07-02,-148000000,19000000,0,-5000000,0,0,0,20000000,46000000
140860,2021-07-05,276000000,108000000,0,51000000,0,58000000,0,0,-11000000
140860,2021-07-06,-4000000,178000000,8000000,23000000,0,0,0,27000000,3000000
140860,2021-07-07,-47000000,-724000000,2000000,-20000000,0,-14000000,0,-37000000,0
140860,2021-07-08,-148000000,-1000000,-5000000,23000000,0,49000000,0,0,5000000
140860,2021-07-09,74000000,40000000,4000000,-625000000,0,19000000,0,-15000000,9000000
140860,2021-07-12,61000000,25000000,3000000,140000000,0,45000000,0,9000000,-10000000
140860,2021-07-13,69000000,178000000,0,9000000,0,0,0,-9000000,-4000000
140860,2021-07-14,-235000000,109000000,-671000000,-79000000,0,0,0,31000000,1000000
140860,2021-07-15,-12000000,0,0,-75000000,0,5000000,0,0,5000000
140860,2021-07-16,-125000000,-114000000,-48000000,8000000,0,0,0,75000000,29000000
140860,2021-07-19,-38000000,179000000,80000000,-8000000,0,0,0,3000000,0
140860,2021-07-20,-14000000,0,6000000,-402000000,0,0,0,87000000,0
140860,2021-07-21,-220000000,14000000,-6000000,-41000000,0,0,0,0,-42000000
140860,2021-07-22,239000000,-9000000,12000000,-60000000,0,0,0,-76000000,2000000
140860,2021-07-23,55000000,20000000,640000000,3000000,0,0,0,41000000,-1000000
140860,2021-07-26,-138000000,-167000000,0,-1000000,0,24000000,0,-31000000,63000000
140860,2021-07-27,-44000000,6000000,0,0,0,0,0,383000000,0
140860,2021-07-28,-101000000,764000000,145000000,-32000000,0,0,0,0,-9000000
140860,2021-07-29,11000000,-334000000,3000000,-8000000,0,49000000,0,4000000,0
140860,2021-07-30,-340000000,413000000,-9000000,-19000000,0,50000000,0,-41000000,0
140860,2021-08-02,508000000,260000000,7000000,-2000000,0,0,0,-1000000,-7000000
140860,2021-08-03,226000000,-12000000,-23000000,-20000000,0,0,295000000,-4000000,-20000000
140860,2021-08-04,112000000,24000000,6000000,-10000000,0,-2000000,0,-4000000,2000000
140860,2021-08-05,92000000,-132000000,-15000000,-116000000,0,-354000000,0,1000000,-7000000
140860,2021-08-06,-70000000,61000000,0,2000000,0,-99000000,0,13000000,24000000
140860,2021-08-09,-190000000,375000000,-913000000,-8000000,0,-4000000,0,1000000,22000000
140860,2021-08-10,4000000,-13000000,-486000000,462000000,0,-1000000,0,12000000,0
140860,2021-08-11,-223000000,259000000,-123000000,431000000,0,-52000000,0,0,-23000000
140860,2021-08-12,-77000000,-271000000,0,-14000000,0,-39000000,0,-5000000,7000000
140860,2021-08-13,79000000,13000000,6000000,458000000,0,0,0,-74000000,-31000000
140860,2021-08-17,-92000000,25000000,-4000000,-5000000,0,0,0,-20000000,-2000000
140860,2021-08-18,247000000,1138000000,-656000000,-1115000000,0,33000000,0,512000000,36000000
140860,2021-08-19,-104000000,141000000,-558000000,0,0,-138000000,0,-12000000,2000000
140860,2021-08-20,-94000000,-121000000,3000000,-139000000,0,-357000000,0,0,1000000
140860,2021-08-23,-176000000,93000000,-6000000,-2000000,0,0,0,6000000,2000000
140860,2021-08-24,-67000000,0,-6000000,285000000,0,-865000000,0,61000000,0
140860,2021-08-25,-326000000,-796000000,-107000000,-35000000,0,-56000000,0,-16000000,0
140860,2021-08-26,-199000000,-383000000,-174000000,-109000000,0,0,0,-11000000,3000000
140860,2021-08-27,14000000,-708000000,0,-405000000,0,-99000000,0,30000000,0
140860,2021-08-30,-122000000,-1359000000,0,-6000000,0,0,0,30000000,0
140860,2021-08-31,-33000000,-664000000,0,-154000000,0,0,0,-40000000,0
140860,2021-09-01,-80000000,-104000000,-65000000,-230000000,0,119000000,0,3000000,-25000000
140860,2021-09-02,101000000,263000000,0,596000000,0,70000000,0,23000000,-30000000
140860,2021-09-03,-43000000,-221000000,0,-35000000,0,-110000000,0,10000000,0
140860,2021-09-06,-104000000,44000000,90000000,-10000000,0,6000000,0,0,0
140860,2021-09-07,-126000000,142000000,134000000,-12000000,0,25000000,0,6000000,0
140860,2021-09-08,-134000000,0,0,-135000000,0,0,0,-2000000,12000000
140860,2021-09-09,123000000,214000000,-65000000,151000000,0,0,0,-9000000,0
140860,2021-09-10,-17000000,-21000000,-30000000,-116000000,0,6000000,0,15000000,0
140860,2021-09-13,-68000000,0,-77000000,-47000000,0,0,0,-24000000,0
140860,2021-09-14,-134000000,-9000000,-6000000,-8000000,0,0,0,91000000,7000000
140860,2021-09-15,-95000000,-232000000,0,-132000000,0,0,0,74000000,4000000
140860,2021-09-16,-346000000,-922000000,0,-61000000,0,0,0,6000000,28000000
140860,2021-09-17,-343000000,-299000000,0,10000000,0,0,0,0,8000000
140860,2021-09-23,-13000000,-12000000,0,198000000,0,0,0,0,-6000000
140860,2021-09-24,-314000000,-8000000,0,-107000000,0,0,0,30000000,2000000
140860,2021-09-27,-155000000,-6000000,0,24000000,0,0,0,-33000000,5000000
140860,2021-09-28,-417000000,-116000000,239000000,243000000,0,5000000,0,-9000000,1000000
140860,2021-09-29,20000000,-3000000,0,326000000,0,0,0,-47000000,-16000000
140860,2021-09-30,12000000,-111000000,0,388000000,0,0,0,94000000,7000000
140860,2021-10-01,-114000000,25000000,0,-79000000,0,0,0,-13000000,12000000
140860,2021-10-05,460000000,612000000,0,-517000000,0,-101000000,0,-49000000,0
140860,2021-10-06,368000000,-127000000,0,239000000,0,9000000,0,-11000000,6000000
140860,2021-10-07,162000000,5000000,3000000,1000000,0,-1000000,0,0,1000000
140860,2021-10-08,-397000000,-3000000,-2000000,73000000,0,0,0,21000000,1000000
140860,2021-10-12,98000000,-65000000,5000000,-32000000,0,0,0,-20000000,-1000000
140860,2021-10-13,144000000,236000000,8000000,281000000,0,3000000,0,-329000000,2000000
140860,2021-10-14,99000000,187000000,0,-21000000,0,0,0,17000000,0
140860,2021-10-15,-29000000,-147000000,0,-29000000,0,0,0,12000000,0
140860,2021-10-18,-151000000,-57000000,385000000,-47000000,0,73000000,0,50000000,7000000
140860,2021-10-19,-83000000,0,-77000000,-1000000,0,0,0,-14000000,1000000
140860,2021-10-20,-92000000,206000000,61000000,15000000,0,6000000,0,-10000000,0
140860,2021-10-21,-86000000,77000000,-221000000,-8000000,0,0,0,1000000,0
140860,2021-10-22,-28000000,-87000000,-323000000,-5000000,0,0,0,25000000,0
140860,2021-10-25,52000000,83000000,0,-7000000,0,0,0,-35000000,0
140860,2021-10-26,151000000,39000000,-285000000,94000000,0,50000000,0,-28000000,0
140860,2021-10-27,-103000000,-57000000,152000000,201000000,0,35000000,0,0,0
140860,2021-10-28,381000000,879000000,620000000,68000000,0,45000000,0,31000000,-82000000
140860,2021-10-29,-109000000,341000000,162000000,55000000,0,0,0,31000000,3000000
140860,2021-11-01,358000000,4000000,483000000,0,0,-266000000,0,-68000000,1000000
140860,2021-11-02,59000000,312000000,50000000,65000000,0,0,0,-272000000,1000000
140860,2021-11-03,-178000000,-62000000,-27000000,-7000000,0,14000000,0,-145000000,1000000
140860,2021-11-04,239000000,209000000,0,185000000,0,6000000,0,-25000000,-42000000
140860,2021-11-05,-6000000,-13000000,0,42000000,0,6000000,0,-10000000,-22000000
140860,2021-11-08,59000000,198000000,0,-5000000,0,0,0,53000000,-4000000
140860,2021-11-09,-23000000,-6000000,-37000000,-2000000,0,7000000,0,-7000000,-3000000
140860,2021-11-10,-43000000,429000000,213000000,433000000,0,0,0,-38000000,-1000000
140860,2021-11-11,-57000000,359000000,78000000,-7000000,0,0,0,15000000,-72000000
140860,2021-11-12,-79000000,0,122000000,-2000000,0,0,0,-12000000,-11000000
140860,2021-11-15,187000000,54000000,379000000,1258000000,0,-159000000,13000000,179000000,-3000000
140860,2021-11-16,-141000000,55000000,75000000,304000000,0,17000000,0,-13000000,-3000000
140860,2021-11-17,-5000000,14000000,200000000,250000000,0,106000000,0,98000000,0
140860,2021-11-18,463000000,16000000,434000000,865000000,0,42000000,0,-257000000,-64000000
140860,2021-11-19,-8000000,33000000,428000000,416000000,0,-64000000,0,100000000,146000000
140860,2021-11-22,785000000,671000000,316000000,1066000000,0,0,0,-29000000,-22000000
140860,2021-11-23,-134000000,-79000000,515000000,-398000000,0,-344000000,0,-194000000,-100000000
140860,2021-11-24,-145000000,139000000,451000000,-352000000,0,0,0,-198000000,-57000000
140860,2021-11-25,42000000,-115000000,338000000,-798000000,0,-325000000,0,-122000000,-36000000
140860,2021-11-26,-15000000,227000000,0,18000000,0,4000000,0,-255000000,0
140860,2021-11-29,456000000,133000000,304000000,3000000,0,-336000000,0,-20000000,2000000
140860,2021-11-30,348000000,379000000,52000000,-11000000,0,0,0,361000000,-1000000
140860,2021-12-01,347000000,435000000,0,54000000,0,0,0,-36000000,0
140860,2021-12-02,435000000,-213000000,400000000,17000000,0,7000000,0,-82000000,-4000000
140860,2021-12-03,725000000,-28000000,103000000,-76000000,0,0,0,-11000000,0
140860,2021-12-06,3000000,0,467000000,-818000000,0,0,0,-10000000,14000000
140860,2021-12-07,777000000,216000000,0,-66000000,0,0,0,-12000000,-2000000
140860,2021-12-08,565000000,162000000,0,-15000000,0,0,0,-7000000,113000000
140860,2021-12-09,1159000000,-59000000,-41000000,-2000000,0,1000000,0,0,-28000000
140860,2021-12-10,145000000,-56000000,-104000000,-40000000,0,-4000000,0,-37000000,-96000000
140860,2021-12-13,175000000,477000000,-10000000,19000000,0,0,0,21000000,0
140860,2021-12-14,130000000,319000000,-290000000,214000000,0,0,0,-18000000,0
140860,2021-12-15,336000000,13000000,7000000,49000000,0,0,0,0,1000000
140860,2021-12-16,101000000,219000000,231000000,85000000,0,0,0,-4000000,-15000000
140860,2021-12-17,34000000,-143000000,-7000000,642000000,0,4000000,0,7000000,1000000
140860,2021-12-20,87000000,0,7000000,730000000,0,-11000000,0,0,-2000000
140860,2021-12-21,188000000,-394000000,-124000000,191000000,0,-11000000,0,-72000000,0
140860,2021-12-22,222000000,28000000,-3000000,-258000000,0,0,0,-3000000,0
140860,2021-12-23,654000000,-84000000,7000000,-106000000,0,0,0,-1000000,0
140860,2021-12-24,480000000,-243000000,0,478000000,0,0,0,-1000000,0
140860,2021-12-27,956000000,-69000000,751000000,1207000000,0,93000000,0,243000000,-2000000
140860,2021-12-28,2412000000,-124000000,336000000,260000000,0,0,0,-72000000,18000000
140860,2021-12-29,-1747000000,39000000,1533000000,415000000,0,0,0,0,-11000000
140860,2021-12-30,-413000000,1454000000,-108000000,349000000,0,0,0,3000000,15000000
140860,2022-01-03,-87000000,-55000000,0,-97000000,0,0,0,-12000000,7000000
140860,2022-01-04,-884000000,-1218000000,39000000,-247000000,0,0,0,-109000000,14000000
140860,2022-01-05,17000000,-25000000,-355000000,-501000000,0,-83000000,0,-350000000,44000000
140860,2022-01-06,-375000000,-290000000,-1579000000,-722000000,0,-38000000,0,-76000000,21000000
140860,2022-01-07,-233000000,411000000,110000000,354000000,0,2000000,0,46000000,430000000
140860,2022-01-10,-80000000,1058000000,-114000000,-725000000,0,0,0,-1000000,171000000
140860,2022-01-11,88000000,257000000,67000000,-1352000000,0,-17000000,0,38000000,131000000
140860,2022-01-12,218000000,-454000000,109000000,267000000,0,-5000000,0,-33000000,0
140860,2022-01-13,25000000,422000000,110000000,-36000000,0,0,0,44000000,13000000
140860,2022-01-14,-145000000,13000000,-69000000,406000000,0,0,0,-28000000,49000000
140860,2022-01-17,325000000,-232000000,-42000000,-150000000,0,0,0,20000000,67000000
140860,2022-01-18,51000000,0,-42000000,-107000000,0,0,0,10000000,35000000
140860,2022-01-19,218000000,334000000,-11000000,34000000,0,0,0,5000000,-40000000
140860,2022-01-20,289000000,487000000,14000000,-5000000,0,0,0,-39000000,0
140860,2022-01-21,34000000,727000000,-72000000,-137000000,0,0,0,11000000,16000000
140860,2022-01-24,520000000,2000000,-226000000,-172000000,0,0,0,2000000,5000000
140860,2022-01-25,377000000,94000000,57000000,128000000,0,0,0,41000000,24000000
140860,2022-01-26,458000000,127000000,-114000000,-82000000,0,0,0,5000000,-21000000
140860,2022-01-27,183000000,-13000000,-115000000,16000000,0,0,0,-5000000,-2000000
140860,2022-01-28,268000000,340000000,-160000000,-5000000,0,-22000000,0,-35000000,59000000
140860,2022-02-03,-368000000,-11000000,-232000000,-137000000,0,0,0,-98000000,30000000
140860,2022-02-04,-94000000,-179000000,0,5000000,0,-90000000,0,11000000,-1000000
140860,2022-02-07,-384000000,275000000,-81000000,1000000,0,-1000000,0,20000000,1000000
140860,2022-02-08,-192000000,19000000,0,0,0,0,0,-11000000,-141000000
140860,2022-02-09,128000000,777000000,150000000,241000000,0,0,0,0,1000000
140860,2022-02-10,-376000000,170000000,448000000,244000000,0,0,0,-18000000,133000000
140860,2022-02-11,-310000000,62000000,0,-199000000,0,0,0,0,10000000
140860,2022-02-14,215000000,446000000,0,-104000000,0,0,0,0,-45000000
140860,2022-02-15,398000000,394000000,112000000,-397000000,0,0,0,33000000,22000000
140860,2022-02-16,-402000000,1175000000,230000000,-339000000,0,0,0,-149000000,0
140860,2022-02-17,-143000000,11000000,-2000000,-270000000,0,0,0,0,-55000000
140860,2022-02-18,6000000,0,0,32000000,0,0,0,0,1000000
140860,2022-02-21,-92000000,-36000000,0,11000000,0,-47000000,0,0,1000000
140860,2022-02-22,-236000000,-9000000,0,-138000000,0,0,0,0,-16000000
140860,2022-02-23,-4000000,0,0,-223000000,0,0,0,-10000000,-11000000
140860,2022-02-24,103000000,-138000000,0,23000000,0,0,0,0,0
140860,2022-02-25,223000000,-206000000,0,-62000000,0,0,0,-65000000,-1000000
140860,2022-02-28,-62000000,960000000,0,-73000000,0,0,0,2000000,0
140860,2022-03-02,-38000000,-15000000,0,-86000000,0,0,0,65000000,-240000000
140860,2022-03-03,98000000,114000000,0,-14000000,0,0,0,0,18000000
140860,2022-03-04,-552000000,0,53000000,-153000000,0,0,0,1000000,0
140860,2022-03-07,-175000000,3000000,144000000,6000000,0,0,0,0,0
140860,2022-03-08,-155000000,21000000,133000000,35000000,0,0,0,24000000,0
140860,2022-03-10,1046000000,-72000000,-545000000,505000000,0,0,0,0,0
140860,2022-03-11,-4000000,-39000000,-70000000,-20000000,0,0,0,0,12000000
140860,2022-03-14,-289000000,-393000000,0,-72000000,0,0,0,2000000,6000000
140860,2022-03-15,-115000000,28000000,-123000000,-73000000,0,0,0,0,35000000
140860,2022-03-16,631000000,9000000,0,84000000,0,-1000000,118000000,0,0
140860,2022-03-17,422000000,-36000000,0,672000000,0,0,0,-12000000,-1000000
140860,2022-03-18,331000000,-186000000,-166000000,19000000,0,0,0,0,0
140860,2022-03-21,455000000,-50000000,-1331000000,-22000000,0,0,0,44000000,170000000
140860,2022-03-22,-79000000,906000000,-821000000,-1228000000,0,23000000,0,-211000000,1000000
140860,2022-03-23,156000000,624000000,0,-415000000,0,33000000,0,-9000000,86000000
140860,2022-03-24,227000000,864000000,634000000,-929000000,0,38000000,0,-304000000,3000000
140860,2022-03-25,-104000000,1208000000,326000000,-772000000,30000000,153000000,0,-243000000,26000000
140860,2022-03-28,-463000000,247000000,-642000000,334000000,0,-4000000,0,0,20000000
140860,2022-03-29,303000000,190000000,0,-184000000,0,0,0,-55000000,2000000
140860,2022-03-30,75000000,46000000,77000000,-335000000,0,0,0,-113000000,3000000
140860,2022-03-31,192000000,642000000,408000000,-147000000,0,119000000,0,-53000000,-14000000
140860,2022-04-01,-71000000,478000000,-254000000,-59000000,0,0,0,-8000000,10000000
140860,2022-04-04,267000000,313000000,385000000,-24000000,0,35000000,0,12000000,0
140860,2022-04-05,-46000000,184000000,0,-40000000,0,0,0,-11000000,-401000000
140860,2022-04-06,-112000000,-129000000,-930000000,146000000,0,-41000000,0,-68000000,5000000
140860,2022-04-07,51000000,-30000000,0,-6000000,0,0,0,-1000000,0
140860,2022-04-08,198000000,0,0,63000000,0,0,0,2000000,-6000000
140860,2022-04-11,-388000000,-35000000,-216000000,-34000000,0,-23000000,0,0,5000000
140860,2022-04-12,16000000,-70000000,165000000,-21000000,0,-42000000,0,0,16000000
140860,2022-04-13,518000000,-49000000,0,-27000000,0,-30000000,0,6000000,1000000
140860,2022-04-14,46000000,-576000000,-399000000,-222000000,0,0,0,0,2000000
140860,2022-04-15,-252000000,0,-23000000,-2000000,0,60000000,0,0,-26000000
140860,2022-04-18,59000000,-119000000,0,-30000000,0,-2000000,0,-27000000,6000000
140860,2022-04-19,745000000,105000000,0,-16000000,0,0,0,-4000000,0
140860,2022-04-20,-50000000,96000000,312000000,-121000000,0,35000000,0,-39000000,0
140860,2022-04-21,100000000,4000000,0,-119000000,0,48000000,0,-70000000,2000000
140860,2022-04-22,-620000000,78000000,0,30000000,0,0,0,0,-5000000
140860,2022-04-25,-110000000,-223000000,61000000,7000000,0,0,0,-63000000,-11000000
140860,2022-04-26,368000000,24000000,78000000,-213000000,0,0,0,0,0
140860,2022-04-27,-405000000,-71000000,-59000000,-7000000,0,0,0,0,0
140860,2022-04-28,220000000,-208000000,-154000000,-175000000,0,0,0,0,0
140860,2022-04-29,573000000,-189000000,134000000,129000000,0,0,0,0,0
140860,2022-05-02,-339000000,-226000000,-108000000,-8000000,0,0,0,0,1000000
140860,2022-05-03,153000000,-107000000,0,-117000000,0,0,0,0,0
140860,2022-05-04,-99000000,0,0,34000000,0,0,0,0,2000000
140860,2022-05-06,-433000000,40000000,-354000000,-29000000,0,0,0,0,12000000
140860,2022-05-09,110000000,192000000,-94000000,114000000,0,20000000,0,-3000000,0
140860,2022-05-10,86000000,453000000,132000000,254000000,0,0,0,0,0
140860,2022-05-11,368000000,570000000,110000000,19000000,0,0,0,0,0
140860,2022-05-12,-443000000,597000000,-165000000,191000000,0,0,-5000000,0,13000000
140860,2022-05-13,428000000,201000000,-119000000,108000000,0,0,-5000000,0,1000000
140860,2022-05-16,-30000000,8000000,4000000,109000000,0,0,0,0,-2000000
140860,2022-05-17,83000000,81000000,0,112000000,0,0,0,0,-1000000
140860,2022-05-18,-362000000,655000000,-136000000,106000000,0,0,0,110000000,3000000
140860,2022-05-19,-403000000,0,-71000000,-11000000,0,0,0,64000000,0
140860,2022-05-20,403000000,-48000000,4000000,0,0,0,0,7000000,2000000
140860,2022-05-23,-160000000,-151000000,0,49000000,0,0,0,0,-19000000
140860,2022-05-24,-463000000,173000000,43000000,86000000,0,-40000000,0,-168000000,25000000
140860,2022-05-25,567000000,1056000000,628000000,-6000000,0,202000000,0,1000000,-1000000
140860,2022-05-26,4000000,759000000,429000000,349000000,0,-157000000,0,100000000,-16000000
140860,2022-05-27,264000000,355000000,364000000,859000000,0,0,0,23000000,-5000000
140860,2022-05-30,687000000,5000000,11000000,-18000000,0,0,0,0,0
140860,2022-05-31,-67000000,269000000,121000000,300000000,0,0,0,-11000000,0
140860,2022-06-02,-139000000,-71000000,-60000000,-81000000,0,0,0,21000000,3000000
140860,2022-06-03,188000000,25000000,9000000,45000000,0,-9000000,0,0,0
140860,2022-06-07,-384000000,249000000,-242000000,-111000000,0,0,0,1000000,0
140860,2022-06-08,191000000,-44000000,-209000000,117000000,0,0,0,0,0
140860,2022-06-09,29000000,-121000000,-683000000,9000000,0,0,0,-56000000,35000000
140860,2022-06-10,-192000000,-78000000,-292000000,92000000,0,7000000,0,-12000000,-39000000
140860,2022-06-13,-515000000,-154000000,0,79000000,0,0,0,0,0
140860,2022-06-14,454000000,-330000000,0,178000000,0,0,0,9000000,12000000
140860,2022-06-15,581000000,670000000,0,453000000,0,82000000,0,24000000,0
140860,2022-06-16,135000000,348000000,270000000,66000000,0,32000000,0,29000000,39000000
140860,2022-06-17,-701000000,-70000000,153000000,65000000,0,0,0,0,0
140860,2022-06-20,418000000,519000000,0,1339000000,0,0,0,0,-12000000
140860,2022-06-21,-7000000,443000000,447000000,194000000,0,0,0,41000000,-8000000
140860,2022-06-22,-155000000,-97000000,289000000,38000000,0,0,0,-26000000,8000000
140860,2022-06-23,359000000,-140000000,77000000,161000000,0,0,0,-69000000,0
140860,2022-06-24,88000000,438000000,55000000,119000000,0,-25000000,0,39000000,0
140860,2022-06-27,-246000000,291000000,349000000,32000000,0,-48000000,0,27000000,-9000000
140860,2022-06-28,-33000000,298000000,3000000,883000000,0,30000000,0,-9000000,20000000
140860,2022-06-29,-325000000,716000000,0,162000000,0,0,0,19000000,5000000
140860,2022-06-30,-64000000,306000000,-7000000,123000000,0,0,0,9000000,0
140860,2022-07-01,52000000,114000000,-107000000,49000000,0,0,0,6000000,0
140860,2022-07-04,180000000,-221000000,79000000,-302000000,0,-5000000,0,0,0
140860,2022-07-05,119000000,341000000,56000000,-119000000,0,-12000000,0,0,0
140860,2022-07-06,-153000000,175000000,0,-1000000,0,1000000,0,0,0
140860,2022-07-07,134000000,129000000,70000000,144000000,0,-5000000,0,0,0
140860,2022-07-08,21000000,179000000,0,33000000,0,0,0,0,0
140860,2022-07-11,-281000000,-359000000,-96000000,1000000,0,-5000000,0,0,0
140860,2022-07-12,-125000000,-599000000,-210000000,-297000000,0,-17000000,0,61000000,0
140860,2022-07-13,209000000,-707000000,-180000000,153000000,0,-6000000,0,5000000,-12000000
140860,2022-07-14,-117000000,-680000000,-94000000,19000000,0,0,0,0,0
140860,2022-07-15,-25000000,-685000000,1030000000,58000000,0,0,0,0,0
140860,2022-07-18,122000000,110000000,-115000000,-7000000,0,217000000,0,0,0
140860,2022-07-19,129000000,-87000000,221000000,-99000000,0,0,0,0,0
140860,2022-07-20,357000000,264000000,161000000,-248000000,0,6000000,0,0,0
140860,2022-07-21,-2000000,109000000,381000000,484000000,0,0,0,0,0
140860,2022-07-22,-46000000,-207000000,339000000,8000000,0,9000000,0,-6000000,3000000
140860,2022-07-25,92000000,-119000000,233000000,-220000000,0,-10000000,0,0,0
140860,2022-07-26,19000000,11000000,161000000,62000000,0,-36000000,0,0,0
140860,2022-07-27,76000000,3000000,1000000,189000000,0,0,0,0,0
140860,2022-07-28,4000000,-137000000,105000000,-542000000,0,0,4000000,0,-2000000
140860,2022-07-29,111000000,-195000000,201000000,498000000,0,-3000000,4000000,-8000000,0
140860,2022-08-01,-159000000,4000000,-356000000,126000000,0,83000000,4000000,-21000000,16000000
140860,2022-08-02,-224000000,-225000000,-264000000,140000000,0,92000000,2000000,22000000,0
140860,2022-08-03,-20000000,-162000000,46000000,-17000000,0,0,0,-18000000,0
140860,2022-08-04,-90000000,-343000000,-258000000,-354000000,0,0,2000000,-63000000,0
140860,2022-08-05,42000000,-352000000,129000000,-635000000,0,8000000,4000000,7000000,0
140860,2022-08-08,-28000000,-235000000,-54000000,-681000000,0,0,0,0,0
140860,2022-08-09,-273000000,-234000000,818000000,-307000000,0,-67000000,0,-5000000,0
140860,2022-08-10,-123000000,-703000000,428000000,-649000000,0,-73000000,0,-52000000,3000000
140860,2022-08-11,636000000,-277000000,-192000000,233000000,0,-25000000,0,0,0
140860,2022-08-12,43000000,12000000,28000000,92000000,0,0,0,0,5000000
140860,2022-08-16,-182000000,399000000,116000000,-24000000,0,0,0,-9000000,0
140860,2022-08-17,-225000000,-157000000,235000000,41000000,0,0,0,0,0
140860,2022-08-18,162000000,-626000000,2000000,-136000000,0,0,0,2000000,-6000000
140860,2022-08-19,-100000000,-20000000,76000000,-17000000,0,0,0,0,0
140860,2022-08-22,14000000,-394000000,-182000000,-82000000,0,-253000000,0,4000000,2000000
140860,2022-08-23,-51000000,-737000000,-581000000,-173000000,0,-63000000,1000000,0,2000000
140860,2022-08-24,119000000,-573000000,-162000000,-19000000,0,0,1000000,4000000,0
140860,2022-08-25,352000000,153000000,-205000000,57000000,0,50000000,1000000,0,0
140860,2022-08-26,-235000000,23000000,-290000000,0,0,-34000000,0,0,0
140860,2022-08-29,-343000000,111000000,-130000000,24000000,0,49000000,12000000,3000000,2000000
140860,2022-08-30,812000000,196000000,33000000,26000000,31000000,0,0,0,0
140860,2022-08-31,-65000000,225000000,0,168000000,75000000,92000000,1000000,0,0
140860,2022-09-01,-573000000,-12000000,118000000,71000000,0,0,0,20000000,-1000000
140860,2022-09-02,-46000000,637000000,-190000000,-43000000,0,0,1000000,7000000,0
140860,2022-09-05,265000000,229000000,250000000,-209000000,8000000,0,0,2000000,-39000000
140860,2022-09-06,346000000,209000000,-71000000,541000000,139000000,0,40000000,-30000000,9000000
140860,2022-09-07,-10000000,254000000,396000000,310000000,52000000,0,0,3000000,-54000000
140860,2022-09-08,351000000,323000000,76000000,338000000,0,31000000,0,0,0
140860,2022-09-13,696000000,395000000,135000000,362000000,0,0,0,0,0
140860,2022-09-14,-672000000,-15000000,3000000,192000000,0,0,0,0,0
140860,2022-09-15,-100000000,-190000000,-478000000,104000000,0,0,0,-4000000,-2000000
140860,2022-09-16,-6000000,-19000000,-404000000,-40000000,0,0,0,1000000,0
140860,2022-09-19,254000000,54000000,68000000,27000000,0,0,0,0,0
140860,2022-09-20,306000000,-38000000,189000000,-9000000,0,0,0,-1000000,1000000
140860,2022-09-21,53000000,73000000,0,487000000,0,47000000,0,0,0
140860,2022-09-22,105000000,599000000,345000000,418000000,0,150000000,0,-10000000,2000000
140860,2022-09-23,245000000,-3000000,0,233000000,0,24000000,0,-40000000,0
140860,2022-09-26,718000000,-220000000,341000000,72000000,0,-10000000,0,2000000,0
140860,2022-09-27,478000000,493000000,9000000,362000000,0,2000000,0,0,0
140860,2022-09-28,406000000,185000000,0,31000000,0,0,0,0,0
140860,2022-09-29,416000000,473000000,5000000,481000000,0,9000000,0,-21000000,0
140860,2022-09-30,303000000,752000000,-117000000,-103000000,0,36000000,0,-1000000,-1000000
140860,2022-10-04,487000000,-14000000,1000000,152000000,0,0,0,0,0
140860,2022-10-05,-500000000,87000000,404000000,154000000,0,0,1000000,0,0
140860,2022-10-06,293000000,-20000000,200000000,85000000,0,0,0,-1000000,0
140860,2022-10-07,-72000000,457000000,0,-89000000,0,0,0,-1000000,0
140860,2022-10-11,-276000000,743000000,-32000000,125000000,0,0,0,-1000000,0
140860,2022-10-12,273000000,220000000,-32000000,56000000,0,0,0,0,0
140860,2022-10-13,-130000000,330000000,-93000000,-9000000,0,0,0,-5000000,4000000
140860,2022-10-14,648000000,59000000,393000000,76000000,0,0,0,-26000000,0
140860,2022-10-17,-293000000,-87000000,-102000000,-81000000,0,0,0,0,1000000
140860,2022-10-18,146000000,0,0,-77000000,0,0,0,0,-1000000
140860,2022-10-19,-304000000,5000000,-165000000,-115000000,0,0,1000000,0,0
140860,2022-10-20,-474000000,-4807000000,942000000,1082000000,0,39000000,-12000000,25000000,1000000
140860,2022-10-21,-149000000,195000000,-461000000,406000000,0,-36000000,0,5000000,-24000000
140860,2022-10-24,768000000,-304000000,374000000,347000000,0,-49000000,0,-11000000,-3000000
140860,2022-10-25,-46000000,-68000000,-695000000,-427000000,0,0,0,6000000,-2000000
140860,2022-10-26,-22000000,718000000,-287000000,107000000,0,0,0,-99000000,0
140860,2022-10-27,271000000,0,-334000000,-114000000,0,-56000000,-18000000,4000000,0
140860,2022-10-28,-49000000,160000000,-721000000,-386000000,0,118000000,0,5000000,-2000000
140860,2022-10-31,25000000,372000000,-723000000,535000000,0,325000000,0,96000000,2000000
140860,2022-11-01,105000000,88000000,-413000000,-343000000,0,330000000,0,-12000000,-3000000
140860,2022-11-02,-220000000,94000000,-170000000,-64000000,0,9000000,0,-28000000,0
140860,2022-11-03,-405000000,198000000,0,-559000000,0,0,0,-12000000,0
140860,2022-11-04,-359000000,164000000,63000000,-21000000,0,85000000,0,0,0
140860,2022-11-07,-35000000,655000000,0,-448000000,0,0,0,-142000000,2000000
140860,2022-11-08,507000000,350000000,-232000000,-1072000000,0,13000000,0,-405000000,11000000
140860,2022-11-09,-398000000,-338000000,751000000,-1857000000,0,-103000000,0,-642000000,-41000000
140860,2022-11-10,-485000000,71000000,113000000,0,0,-26000000,0,-40000000,0
140860,2022-11-11,1336000000,412000000,295000000,-609000000,0,595000000,0,61000000,-1000000
140860,2022-11-14,-450000000,1037000000,-85000000,-232000000,0,-1000000,0,-309000000,0
140860,2022-11-15,134000000,428000000,118000000,-1280000000,0,575000000,0,-525000000,0
140860,2022-11-16,-172000000,290000000,0,-1331000000,0,675000000,0,-396000000,0
140860,2022-11-17,-150000000,171000000,139000000,-10000000,0,0,0,27000000,0
140860,2022-11-18,-20000000,428000000,-386000000,-67000000,0,0,58000000,-4000000,0
140860,2022-11-21,-470000000,4000000,107000000,681000000,0,0,0,0,0
140860,2022-11-22,45000000,139000000,651000000,495000000,0,0,0,-2000000,0
140860,2022-11-23,345000000,201000000,538000000,136000000,0,36000000,0,-507000000,1000000
140860,2022-11-24,275000000,974000000,0,-1915000000,0,0,0,-111000000,0
140860,2022-11-25,-115000000,1073000000,179000000,-1057000000,0,58000000,0,-253000000,0
140860,2022-11-28,-539000000,308000000,115000000,-27000000,0,220000000,0,-42000000,0
140860,2022-11-29,334000000,455000000,436000000,-1287000000,0,28000000,0,-471000000,0
140860,2022-11-30,-48000000,201000000,-327000000,32000000,0,65000000,0,3000000,1000000
140860,2022-12-01,924000000,48000000,108000000,104000000,0,30000000,0,-4000000,2000000
140860,2022-12-02,-702000000,15000000,124000000,-1000000,0,0,0,4000000,0
140860,2022-12-05,337000000,561000000,0,2000000,0,0,0,-13000000,0
140860,2022-12-06,-38000000,31000000,157000000,-1000000,0,0,0,0,-11000000
140860,2022-12-07,-161000000,301000000,-20000000,-3000000,0,0,0,-33000000,0
140860,2022-12-08,-773000000,-46000000,-82000000,371000000,49000000,149000000,2000000,140000000,0
140860,2022-12-09,274000000,16000000,-190000000,178000000,0,-4000000,0,0,0
140860,2022-12-12,-137000000,257000000,82000000,3000000,0,0,1000000,0,5000000
140860,2022-12-13,84000000,227000000,-108000000,28000000,54000000,-46000000,0,23000000,10000000
140860,2022-12-14,309000000,32000000,-684000000,-241000000,0,0,0,326000000,0
140860,2022-12-15,-189000000,60000000,26000000,-27000000,0,61000000,0,-8000000,0
140860,2022-12-16,-245000000,-35000000,-229000000,-8000000,0,-8000000,0,1000000,0
140860,2022-12-19,49000000,16000000,-180000000,0,0,13000000,0,-20000000,0
140860,2022-12-20,-56000000,-60000000,-229000000,8000000,0,0,0,-17000000,12000000
140860,2022-12-21,159000000,-309000000,840000000,155000000,0,0,0,-38000000,-1000000
140860,2022-12-22,577000000,95000000,-100000000,280000000,0,0,0,-4000000,-1000000
140860,2022-12-23,-143000000,295000000,0,3000000,0,0,0,4000000,16000000
140860,2022-12-26,847000000,-202000000,0,45000000,0,16000000,0,-17000000,0
140860,2022-12-27,1221000000,-23000000,0,245000000,0,-4000000,0,59000000,10000000
140860,2022-12-28,-1225000000,117000000,0,295000000,0,0,13000000,44000000,6000000
140860,2022-12-29,-303000000,172000000,0,56000000,0,0,5000000,-23000000,-5000000
140860,2023-01-02,-231000000,48000000,0,46000000,0,0,0,-12000000,1000000
140860,2023-01-03,-29000000,-450000000,-344000000,27000000,0,-57000000,1000000,282000000,2000000
140860,2023-01-04,-28000000,77000000,183000000,0,0,0,0,83000000,6000000
140860,2023-01-05,-334000000,-174000000,-6000000,10000000,0,0,0,105000000,17000000
140860,2023-01-06,488000000,327000000,-91000000,99000000,0,-91000000,0,39000000,6000000
140860,2023-01-09,444000000,-173000000,-221000000,6000000,0,1000000,0,8000000,0
140860,2023-01-10,-760000000,301000000,-282000000,-96000000,0,0,0,-14000000,0
140860,2023-01-11,369000000,-480000000,0,-134000000,0,39000000,0,51000000,6000000
140860,2023-01-12,-180000000,57000000,-54000000,-104000000,0,0,0,16000000,0
140860,2023-01-13,102000000,58000000,-24000000,-355000000,0,75000000,0,5000000,23000000
140860,2023-01-16,140000000,-51000000,-241000000,439000000,0,-213000000,0,3000000,1000000
140860,2023-01-17,-459000000,-2000000,189000000,-8000000,0,11000000,4000000,1000000,-25000000
140860,2023-01-18,100000000,19000000,0,-53000000,0,0,0,17000000,-418000000
140860,2023-01-19,-28000000,66000000,628000000,-454000000,0,0,0,68000000,-450000000
140860,2023-01-20,30000000,-113000000,-69000000,-26000000,0,0,0,3000000,-2000000
140860,2023-01-25,302000000,177000000,4000000,71000000,0,-15000000,0,-7000000,87000000
140860,2023-01-26,-68000000,-437000000,-853000000,70000000,0,0,0,-17000000,4000000
140860,2023-01-27,-157000000,-48000000,-362000000,11000000,0,31000000,0,-54000000,45000000
140860,2023-01-30,-262000000,38000000,-656000000,18000000,0,-2000000,0,-36000000,-23000000
140860,2023-01-31,-363000000,-103000000,-95000000,-261000000,0,-5000000,0,-39000000,1000000
140860,2023-02-01,-3000000,18000000,-122000000,-114000000,0,0,0,27000000,0
140860,2023-02-02,285000000,-547000000,-192000000,-398000000,0,0,0,9000000,-154000000
140860,2023-02-03,-98000000,-286000000,-256000000,-75000000,-159000000,0,0,0,1000000
140860,2023-02-06,-413000000,386000000,-368000000,-32000000,0,215000000,0,-13000000,1000000
140860,2023-02-07,513000000,638000000,700000000,-40000000,-20000000,658000000,0,-348000000,-13000000
140860,2023-02-08,147000000,-132000000,-60000000,-319000000,0,-88000000,-19000000,-4000000,-44000000
140860,2023-02-09,-246000000,-45000000,-227000000,-45000000,0,-41000000,0,-5000000,-27000000
140860,2023-02-10,-451000000,-303000000,-3000000,-63000000,0,-11000000,0,-15000000,-4000000
140860,2023-02-13,-193000000,-149000000,-18000000,-11000000,0,-169000000,-31000000,-33000000,-35000000
140860,2023-02-14,289000000,7000000,-108000000,-13000000,63000000,-89000000,0,-2000000,5000000
140860,2023-02-15,-685000000,-268000000,-223000000,-150000000,0,-154000000,0,5000000,0
140860,2023-02-16,1277000000,-47000000,-296000000,-126000000,0,0,0,5000000,1000000
140860,2023-02-17,-251000000,413000000,-256000000,-308000000,-29000000,276000000,0,-38000000,-58000000
140860,2023-02-20,279000000,-30000000,-65000000,-73000000,0,-23000000,0,-120000000,0
140860,2023-02-21,-428000000,-728000000,-194000000,-119000000,0,-159000000,0,-879000000,-5000000
140860,2023-02-22,-445000000,-3000000,-893000000,-184000000,0,25000000,0,17000000,-156000000
140860,2023-02-23,311000000,9000000,144000000,-4000000,0,303000000,0,0,2000000
140860,2023-02-24,-1892000000,-746000000,0,14000000,0,14000000,-68000000,52000000,10000000
140860,2023-02-27,-442000000,-25000000,-269000000,-18000000,0,0,3000000,5000000,-1000000
140860,2023-02-28,378000000,61000000,-97000000,-10000000,0,18000000,0,6000000,1000000
140860,2023-03-02,-374000000,-62000000,0,-33000000,0,4000000,0,12000000,1000000
140860,2023-03-03,-212000000,260000000,-3000000,112000000,0,-24000000,1000000,-66000000,0
140860,2023-03-06,-112000000,-17000000,947000000,3000000,0,5000000,19000000,17000000,-1000000
140860,2023-03-07,-192000000,-241000000,652000000,-102000000,0,-162000000,3000000,29000000,4000000
140860,2023-03-08,-563000000,-1349000000,-318000000,-76000000,0,0,1000000,2000000,3000000
140860,2023-03-09,86000000,-60000000,-897000000,87000000,0,3000000,0,0,2000000
140860,2023-03-10,-19000000,-135000000,262000000,49000000,0,-30000000,0,-37000000,-463000000
140860,2023-03-13,645000000,-221000000,-8000000,3000000,0,-3000000,0,-11000000,-6000000
140860,2023-03-14,-245000000,-760000000,-573000000,-177000000,0,-64000000,0,0,-7000000
140860,2023-03-15,-198000000,-11000000,-209000000,269000000,0,4000000,0,35000000,12000000
140860,2023-03-16,-301000000,-12000000,485000000,-15000000,0,2000000,0,3000000,1000000
140860,2023-03-17,451000000,114000000,-1051000000,464000000,0,122000000,0,69000000,-8000000
140860,2023-03-20,-187000000,341000000,0,243000000,-16000000,-74000000,-38000000,22000000,0
140860,2023-03-21,145000000,-105000000,-115000000,5000000,-40000000,-72000000,0,0,0
140860,2023-03-22,-117000000,-68000000,-622000000,-126000000,-55000000,-139000000,0,2000000,2000000
140860,2023-03-23,123000000,-945000000,0,19000000,0,-28000000,0,107000000,0
140860,2023-03-24,-849000000,-373000000,897000000,496000000,-35000000,199000000,0,105000000,-9000000
140860,2023-03-27,-68000000,1051000000,-164000000,13000000,0,0,0,29000000,0
140860,2023-03-28,-8000000,220000000,-187000000,188000000,-8000000,294000000,0,42000000,9000000
140860,2023-03-29,-268000000,3000000,107000000,110000000,0,31000000,0,82000000,-5000000
140860,2023-03-30,218000000,329000000,647000000,316000000,0,-138000000,0,-85000000,-23000000
140860,2023-03-31,-149000000,-100000000,0,472000000,0,0,0,3000000,-14000000
140860,2023-04-03,-410000000,20000000,-992000000,-316000000,0,0,0,2000000,-18000000
140860,2023-04-04,112000000,-222000000,-654000000,8000000,0,11000000,0,-21000000,0
140860,2023-04-05,-662000000,-77000000,111000000,-231000000,-97000000,-194000000,0,-73000000,0
140860,2023-04-06,-552000000,506000000,297000000,-39000000,0,145000000,0,14000000,6000000
140860,2023-04-07,463000000,-178000000,397000000,3000000,0,53000000,0,41000000,7000000
140860,2023-04-10,-675000000,-32000000,89000000,-102000000,0,42000000,-19000000,2000000,2000000
140860,2023-04-11,-103000000,-374000000,-228000000,-30000000,0,122000000,-33000000,-124000000,-10000000
140860,2023-04-12,-98000000,369000000,-99000000,34000000,0,500000000,0,-14000000,2000000
140860,2023-04-13,255000000,361000000,-252000000,64000000,0,194000000,3000000,-49000000,4000000
140860,2023-04-14,550000000,-232000000,-23000000,5000000,0,0,0,6000000,4000000
140860,2023-04-17,-375000000,-317000000,-267000000,0,0,0,0,3000000,0
140860,2023-04-18,-275000000,-61000000,117000000,-79000000,0,38000000,0,4000000,1000000
140860,2023-04-19,-61000000,-311000000,-501000000,-74000000,0,81000000,0,291000000,1000000
140860,2023-04-20,-355000000,-778000000,-473000000,-219000000,0,29000000,0,-29000000,-3000000
140860,2023-04-21,88000000,-94000000,519000000,-217000000,0,0,38000000,-13000000,-6000000
140860,2023-04-24,-191000000,-516000000,-545000000,17000000,0,-40000000,0,-79000000,0
140860,2023-04-25,560000000,-49000000,-92000000,-19000000,0,28000000,0,-22000000,0
140860,2023-04-26,473000000,25000000,1384000000,13000000,0,75000000,0,12000000,0
140860,2023-04-27,1053000000,172000000,0,5000000,0,0,0,-62000000,-1000000
140860,2023-04-28,339000000,101000000,-291000000,66000000,0,0,0,-109000000,0
140860,2023-05-02,422000000,48000000,-446000000,72000000,0,-1000000,0,-57000000,0
140860,2023-05-03,-472000000,6000000,-89000000,179000000,0,0,0,4000000,0
140860,2023-05-04,-64000000,0,0,80000000,0,163000000,0,2000000,0
140860,2023-05-08,426000000,-19000000,-10000000,87000000,0,0,0,27000000,0
140860,2023-05-09,-89000000,-89000000,-112000000,9000000,0,-96000000,0,32000000,-2000000
140860,2023-05-10,114000000,-462000000,-411000000,-37000000,0,0,0,33000000,0
140860,2023-05-11,518000000,-683000000,-120000000,5000000,0,-134000000,0,33000000,-1000000
140860,2023-05-12,219000000,85000000,-345000000,84000000,0,-11000000,0,-12000000,1000000
140860,2023-05-15,241000000,336000000,188000000,421000000,0,35000000,-20000000,20000000,0
140860,2023-05-16,-67000000,219000000,1386000000,-1000000,0,29000000,3000000,-50000000,3000000
140860,2023-05-17,472000000,141000000,419000000,-92000000,0,0,6000000,67000000,0
140860,2023-05-18,317000000,577000000,-200000000,345000000,0,95000000,0,-38000000,0
140860,2023-05-19,1843000000,1139000000,517000000,250000000,0,115000000,-178000000,-112000000,36000000
140860,2023-05-22,191000000,-115000000,731000000,12000000,0,137000000,0,30000000,7000000
140860,2023-05-23,-331000000,-1355000000,461000000,183000000,0,158000000,0,-1000000,-1000000
140860,2023-05-24,-85000000,262000000,-520000000,-78000000,0,21000000,0,10000000,-2000000
140860,2023-05-25,-874000000,-145000000,619000000,-18000000,0,148000000,0,0,-1000000
140860,2023-05-26,-1192000000,690000000,836000000,22000000,0,71000000,-1000000,-26000000,-9000000
140860,2023-05-30,343000000,-867000000,-260000000,170000000,0,325000000,0,-50000000,-60000000
140860,2023-05-31,183000000,168000000,158000000,179000000,0,44000000,27000000,0,-1000000
140860,2023-06-01,164000000,108000000,-49000000,31000000,0,0,1000000,-30000000,-12000000
140860,2023-06-02,487000000,-183000000,-1065000000,23000000,-12000000,-1000000,0,13000000,-5000000
140860,2023-06-05,194000000,-248000000,-165000000,453000000,0,-2000000,-34000000,-67000000,-3000000
140860,2023-06-07,-91000000,-582000000,0,321000000,0,-208000000,0,21000000,-6000000
140860,2023-06-08,320000000,-329000000,85000000,-179000000,0,0,0,-11000000,0
140860,2023-06-09,-63000000,-418000000,-379000000,-475000000,0,18000000,-25000000,12000000,1000000
140860,2023-06-12,-409000000,-33000000,356000000,-295000000,0,-268000000,-31000000,4000000,-3000000
140860,2023-06-13,386000000,-2941000000,6307000000,-206000000,0,317000000,0,55000000,-52000000
140860,2023-06-14,-795000000,-4443000000,86000000,-1179000000,0,45000000,0,454000000,41000000
140860,2023-06-15,-800000000,348000000,1969000000,240000000,0,98000000,0,44000000,-21000000
140860,2023-06-16,84000000,-115000000,-49000000,168000000,0,-167000000,0,8000000,-2000000
140860,2023-06-19,-68000000,-669000000,1000000,-282000000,0,67000000,0,3000000,14000000
140860,2023-06-20,-465000000,66000000,-579000000,-1000000,0,74000000,0,-3000000,-6000000
140860,2023-06-21,-239000000,30000000,-51000000,14000000,0,172000000,0,2000000,-4000000
140860,2023-06-22,131000000,-45000000,-12000000,-486000000,0,73000000,0,-5000000,-5000000
140860,2023-06-23,-346000000,-113000000,0,-91000000,0,37000000,0,-12000000,4000000
140860,2023-06-26,146000000,-512000000,0,-678000000,0,145000000,4000000,-38000000,5000000
140860,2023-06-27,-102000000,-51000000,1401000000,-327000000,0,0,0,26000000,-7000000
140860,2023-06-28,308000000,382000000,504000000,1114000000,90000000,324000000,0,12000000,-3000000
140860,2023-06-29,219000000,196000000,875000000,295000000,0,679000000,0,72000000,-31000000
140860,2023-06-30,1139000000,406000000,-784000000,28000000,0,595000000,52000000,10000000,-16000000
140860,2023-07-03,723000000,-89000000,-294000000,-17000000,0,-5000000,0,-51000000,-4000000
140860,2023-07-04,-507000000,-519000000,328000000,-160000000,0,-3000000,0,-99000000,-4000000
140860,2023-07-05,-356000000,-49000000,294000000,-499000000,0,-43000000,0,-14000000,0
140860,2023-07-06,-1147000000,-316000000,146000000,-288000000,0,70000000,0,-26000000,-2000000
140860,2023-07-07,-635000000,-448000000,0,-208000000,0,29000000,0,-23000000,2000000
140860,2023-07-10,-261000000,-682000000,323000000,-943000000,0,-130000000,0,-514000000,-12000000
140860,2023-07-11,882000000,-50000000,122000000,56000000,0,-657000000,-14000000,-40000000,7000000
140860,2023-07-12,-427000000,-645000000,2035000000,-629000000,0,17000000,0,203000000,-31000000
140860,2023-07-13,-377000000,-37000000,59000000,-102000000,0,390000000,0,30000000,6000000
140860,2023-07-14,-924000000,33000000,-592000000,700000000,0,185000000,0,338000000,0
140860,2023-07-17,-337000000,34000000,460000000,-230000000,0,-2000000,1000000,25000000,1000000
140860,2023-07-18,-296000000,-126000000,-284000000,-81000000,44000000,42000000,0,-194000000,15000000
140860,2023-07-19,861000000,-398000000,357000000,-247000000,0,-184000000,-19000000,17000000,-6000000
140860,2023-07-20,845000000,-48000000,205000000,-520000000,0,-295000000,0,34000000,0
140860,2023-07-21,487000000,-1125000000,205000000,-524000000,0,-65000000,0,42000000,0
140860,2023-07-24,464000000,-85000000,32000000,-274000000,0,-223000000,0,-15000000,8000000
140860,2023-07-25,912000000,562000000,-371000000,-3000000,0,-387000000,-5000000,-5000000,1000000
140860,2023-07-26,309000000,159000000,702000000,-318000000,0,-50000000,0,-359000000,-14000000
140860,2023-07-27,1495000000,-702000000,2563000000,220000000,0,45000000,15000000,3000000,-11000000
140860,2023-07-28,-422000000,137000000,-133000000,2000000,0,-55000000,0,-1000000,-3000000
140860,2023-07-31,-115000000,474000000,242000000,-170000000,0,852000000,0,-16000000,-5000000
140860,2023-08-01,16000000,-371000000,186000000,-584000000,0,-8000000,0,-70000000,-9000000
140860,2023-08-02,177000000,-762000000,-357000000,-1119000000,0,-97000000,-15000000,-750000000,0
140860,2023-08-03,243000000,5000000,-690000000,7000000,0,0,0,44000000,1000000
140860,2023-08-04,-231000000,19000000,-550000000,-111000000,0,-18000000,0,7000000,0
140860,2023-08-07,108000000,-523000000,-277000000,78000000,0,89000000,0,-100000000,-23000000
140860,2023-08-08,-100000000,-941000000,-117000000,1351000000,50000000,-60000000,0,-28000000,-1000000
140860,2023-08-09,623000000,-1306000000,-348000000,-123000000,0,-33000000,0,6000000,22000000
140860,2023-08-10,988000000,-1864000000,-662000000,-104000000,0,-559000000,86000000,22000000,46000000
140860,2023-08-11,-112000000,-922000000,1159000000,-546000000,0,537000000,46000000,2000000,-9000000
140860,2023-08-14,-30000000,-315000000,333000000,-331000000,0,-174000000,0,-121000000,-12000000
140860,2023-08-16,662000000,101000000,-218000000,-269000000,0,27000000,0,-108000000,-1000000
140860,2023-08-17,1009000000,1453000000,393000000,169000000,0,211000000,316000000,141000000,-5000000
140860,2023-08-18,-302000000,-328000000,1100000000,-76000000,0,154000000,0,-45000000,17000000
140860,2023-08-21,744000000,-28000000,138000000,-64000000,0,0,0,-10000000,-9000000
140860,2023-08-22,-409000000,344000000,633000000,553000000,0,-24000000,27000000,0,-1000000
140860,2023-08-23,-270000000,-532000000,354000000,-118000000,0,0,0,-3000000,0
140860,2023-08-24,143000000,-807000000,644000000,29000000,28000000,-52000000,0,41000000,1000000
140860,2023-08-25,-686000000,134000000,34000000,-69000000,0,-95000000,0,-36000000,-1000000
140860,2023-08-28,90000000,-63000000,-597000000,-49000000,0,-74000000,0,18000000,0
140860,2023-08-29,448000000,-306000000,-89000000,-35000000,0,69000000,0,-27000000,-9000000
140860,2023-08-30,451000000,-1443000000,-260000000,0,0,-31000000,0,-81000000,-14000000
140860,2023-08-31,-752000000,-143000000,-22000000,398000000,0,-271000000,0,1000000,-4000000
140860,2023-09-01,-903000000,-1228000000,-448000000,873000000,87000000,-313000000,0,-33000000,-24000000
140860,2023-09-04,98000000,209000000,511000000,98000000,24000000,-14000000,0,14000000,73000000
140860,2023-09-05,-232000000,-107000000,1214000000,-101000000,0,-94000000,0,20000000,5000000
140860,2023-09-06,138000000,41000000,469000000,-13000000,0,-90000000,0,-24000000,0
140860,2023-09-07,256000000,-286000000,620000000,-474000000,0,-76000000,0,5000000,0
140860,2023-09-08,167000000,-266000000,987000000,-350000000,30000000,-207000000,0,0,2000000
140860,2023-09-11,618000000,23000000,-53000000,-170000000,0,13000000,0,12000000,0
140860,2023-09-12,737000000,991000000,0,-15000000,0,58000000,-55000000,5000000,0
140860,2023-09-13,1182000000,223000000,593000000,-15000000,0,-5000000,0,-8000000,0
140860,2023-09-14,-153000000,-198000000,92000000,220000000,0,123000000,0,3000000,0
140860,2023-09-15,18000000,69000000,-141000000,41000000,0,-27000000,0,0,7000000
140860,2023-09-18,305000000,-239000000,-3430000000,-194000000,19000000,12000000,0,46000000,3000000
140860,2023-09-19,132000000,-21000000,-116000000,-220000000,0,-146000000,0,-8000000,10000000
140860,2023-09-20,221000000,-147000000,-73000000,-91000000,0,39000000,0,1000000,5000000
140860,2023-09-21,37000000,-1157000000,-1695000000,120000000,0,287000000,-49000000,85000000,6000000
140860,2023-09-22,269000000,171000000,-875000000,217000000,32000000,143000000,0,87000000,19000000
140860,2023-09-25,463000000,1120000000,189000000,403000000,0,0,0,0,7000000
140860,2023-09-26,311000000,35000000,1357000000,159000000,0,-160000000,1000000,-3000000,0
140860,2023-09-27,486000000,-234000000,0,83000000,0,25000000,0,0,5000000
140860,2023-10-04,367000000,104000000,226000000,-537000000,0,1000000,0,9000000,-3000000
140860,2023-10-05,345000000,86000000,199000000,47000000,0,-22000000,0,21000000,0
140860,2023-10-06,153000000,148000000,118000000,-1295000000,0,171000000,0,30000000,0
140860,2023-10-10,388000000,-199000000,-110000000,-44000000,0,-247000000,0,8000000,-15000000
140860,2023-10-11,-167000000,-636000000,-55000000,-105000000,0,-238000000,0,52000000,40000000
140860,2023-10-12,-205000000,-179000000,-1592000000,-170000000,-128000000,-575000000,0,-20000000,1000000
140860,2023-10-13,-776000000,-254000000,2000000,381000000,0,318000000,0,245000000,-7000000
140860,2023-10-16,670000000,-483000000,0,-115000000,0,1000000,0,-34000000,13000000
140860,2023-10-17,167000000,583000000,-538000000,-86000000,0,-350000000,484000000,17000000,-3000000
140860,2023-10-18,-221000000,-766000000,-391000000,86000000,0,-234000000,0,-1000000,-6000000
140860,2023-10-19,449000000,-176000000,-1301000000,-156000000,-42000000,14000000,0,-10000000,-19000000
140860,2023-10-20,994000000,-108000000,-946000000,-381000000,0,-24000000,0,-4000000,4000000
140860,2023-10-23,324000000,-113000000,0,-82000000,18000000,-108000000,0,-96000000,-1000000
140860,2023-10-24,778000000,719000000,0,371000000,0,-81000000,0,-212000000,-4000000
140860,2023-10-25,-257000000,-555000000,0,-326000000,0,0,0,-190000000,-12000000
140860,2023-10-26,808000000,-659000000,-197000000,-1131000000,0,0,0,-46000000,25000000
140860,2023-10-27,816000000,-37000000,0,18000000,0,-48000000,0,11000000,-1000000
140860,2023-10-30,0,67000000,0,-137000000,0,42000000,0,-2000000,-9000000
140860,2023-10-31,-217000000,445000000,0,155000000,-80000000,-36000000,-92000000,-4000000,1000000
140860,2023-11-01,162000000,222000000,0,333000000,0,-2000000,0,0,1000000
140860,2023-11-02,797000000,159000000,-296000000,392000000,0,404000000,0,0,-16000000
140860,2023-11-03,-599000000,-160000000,358000000,109000000,0,-7000000,0,0,-4000000
140860,2023-11-06,-455000000,238000000,759000000,1241000000,0,639000000,-3000000,47000000,-45000000
140860,2023-11-07,-650000000,185000000,18000000,-1886000000,0,140000000,0,10000000,-5000000
140860,2023-11-08,52000000,12000000,326000000,-416000000,0,-6000000,0,-70000000,0
140860,2023-11-09,146000000,924000000,40000000,9000000,0,-6000000,0,7000000,0
140860,2023-11-10,-132000000,481000000,986000000,-297000000,0,-535000000,0,0,6000000
140860,2023-11-13,-212000000,563000000,49000000,-637000000,0,45000000,0,-124000000,1000000
140860,2023-11-14,50000000,-295000000,16000000,-309000000,0,7000000,0,-75000000,-6000000
140860,2023-11-15,-2000000,-2921000000,-154000000,344000000,0,-687000000,0,9000000,14000000
140860,2023-11-16,-378000000,-1126000000,-289000000,-365000000,0,29000000,0,-16000000,33000000
140860,2023-11-17,-507000000,-1509000000,308000000,-442000000,0,345000000,46000000,16000000,11000000
140860,2023-11-20,417000000,350000000,0,181000000,0,114000000,14000000,2000000,3000000
140860,2023-11-21,443000000,-1227000000,917000000,123000000,0,-59000000,17000000,29000000,0
140860,2023-11-22,-358000000,310000000,-286000000,425000000,0,-188000000,8000000,19000000,-9000000
140860,2023-11-23,350000000,-139000000,-764000000,-309000000,0,-112000000,0,4000000,27000000
140860,2023-11-24,67000000,-2000000,-167000000,190000000,0,0,0,-9000000,1000000
140860,2023-11-27,-169000000,-404000000,314000000,-318000000,0,-52000000,0,-16000000,8000000
140860,2023-11-28,-268000000,205000000,0,0,0,-62000000,0,0,-12000000
140860,2023-11-29,-359000000,-660000000,-506000000,-554000000,0,-47000000,0,-31000000,12000000
140860,2023-11-30,-538000000,-16000000,-1149000000,-272000000,0,4000000,0,-19000000,2000000
140860,2023-12-01,-440000000,324000000,-299000000,0,0,-2000000,0,5000000,-15000000
140860,2023-12-04,78000000,40000000,-2012000000,-533000000,0,-195000000,0,4000000,5000000
140860,2023-12-05,176000000,-552000000,-1623000000,34000000,0,30000000,0,-63000000,2000000
140860,2023-12-06,-23000000,-712000000,-1351000000,-97000000,0,3000000,0,0,-1000000
140860,2023-12-07,-160000000,17000000,3000000,-898000000,0,62000000,0,0,1000000
140860,2023-12-08,597000000,44000000,334000000,257000000,0,-76000000,0,103000000,1000000
140860,2023-12-11,30000000,-115000000,54000000,-209000000,0,-2000000,0,19000000,60000000
140860,2023-12-12,168000000,-26000000,-248000000,53000000,0,-210000000,0,22000000,0
140860,2023-12-13,-184000000,1335000000,-248000000,757000000,0,18000000,0,121000000,-53000000
140860,2023-12-14,970000000,936000000,-345000000,182000000,0,-18000000,0,-1000000,7000000
140860,2023-12-15,708000000,-326000000,0,156000000,0,50000000,0,-23000000,-39000000
140860,2023-12-18,31000000,256000000,0,92000000,0,164000000,-4000000,1000000,-4000000
140860,2023-12-19,-659000000,89000000,227000000,-184000000,0,-122000000,0,-152000000,9000000
140860,2023-12-20,290000000,255000000,973000000,-198000000,0,-6000000,11000000,3000000,0
140860,2023-12-21,-974000000,-530000000,136000000,490000000,0,-20000000,0,7000000,-11000000
140860,2023-12-22,-374000000,-500000000,-329000000,-718000000,0,-13000000,0,127000000,31000000
140860,2023-12-26,247000000,-119000000,103000000,-199000000,0,-70000000,0,13000000,-8000000
140860,2023-12-27,-787000000,-448000000,263000000,-281000000,121000000,-13000000,0,-96000000,-1000000
140860,2023-12-28,-162000000,68000000,-184000000,-206000000,0,-29000000,9000000,11000000,-14000000
140860,2024-01-02,-1176000000,770000000,1727000000,-40000000,0,749000000,0,-21000000,-73000000
140860,2024-01-03,-1321000000,-14000000,922000000,-256000000,72000000,10000000,0,-45000000,-52000000
140860,2024-01-04,-821000000,-118000000,440000000,-132000000,0,143000000,0,885000000,73000000
140860,2024-01-05,-39000000,-3000000,132000000,346000000,0,8000000,0,-186000000,1000000
140860,2024-01-08,-17000000,191000000,83000000,-145000000,0,23000000,0,-224000000,-1000000
140860,2024-01-09,712000000,-106000000,252000000,-172000000,0,-74000000,0,-216000000,-22000000
140860,2024-01-10,-140000000,-184000000,-56000000,-301000000,0,-97000000,0,-207000000,4000000
140860,2024-01-11,637000000,122000000,-476000000,-139000000,0,10000000,0,-89000000,-71000000
140860,2024-01-12,-466000000,286000000,84000000,60000000,0,-343000000,0,-182000000,-1000000
140860,2024-01-15,222000000,-599000000,0,-7000000,0,0,0,-45000000,0
140860,2024-01-16,756000000,451000000,-5000000,-22000000,0,405000000,0,-21000000,-6000000
140860,2024-01-17,858000000,189000000,174000000,5000000,0,14000000,1000000,-7000000,0
140860,2024-01-18,91000000,-35000000,16000000,75000000,0,-331000000,0,-102000000,-26000000
140860,2024-01-19,505000000,1184000000,2050000000,492000000,0,414000000,0,20000000,-3000000
140860,2024-01-22,-1130000000,-169000000,637000000,942000000,0,-17000000,0,141000000,-7000000
140860,2024-01-23,2000000,284000000,192000000,-218000000,0,72000000,0,-150000000,-13000000
140860,2024-01-24,291000000,-734000000,1056000000,-396000000,0,445000000,0,1000000,2000000
140860,2024-01-25,-314000000,319000000,156000000,308000000,0,5000000,0,-12000000,-2000000
140860,2024-01-26,1000000000,420000000,23000000,172000000,0,8000000,0,1000000,4000000
140860,2024-01-29,-166000000,-275000000,-424000000,233000000,0,-71000000,0,-58000000,0
140860,2024-01-30,689000000,-312000000,104000000,13000000,0,-201000000,0,0,5000000
140860,2024-01-31,1026000000,-253000000,-173000000,-81000000,0,-38000000,0,37000000,1000000
140860,2024-02-01,1873000000,-3179000000,-899000000,-435000000,0,-109000000,0,-116000000,-3000000
140860,2024-02-02,1169000000,-1409000000,249000000,220000000,0,-5000000,25000000,33000000,9000000
140860,2024-02-05,-18000000,181000000,-331000000,-58000000,0,-67000000,0,2000000,1000000
140860,2024-02-06,-464000000,148000000,-1662000000,42000000,0,222000000,0,0,0
140860,2024-02-07,42000000,23000000,-1671000000,114000000,0,-810000000,0,-109000000,-11000000
140860,2024-02-08,-836000000,380000000,-1111000000,-87000000,0,-2000000,0,8000000,-7000000
140860,2024-02-13,-1474000000,211000000,26000000,414000000,101000000,208000000,0,5000000,-8000000
140860,2024-02-14,-26000000,-484000000,645000000,635000000,0,112000000,0,30000000,-22000000
140860,2024-02-15,-277000000,1074000000,-104000000,34000000,0,0,0,-32000000,4000000
140860,2024-02-16,916000000,-315000000,-240000000,-262000000,72000000,-18000000,0,-26000000,-6000000
140860,2024-02-19,904000000,-51000000,17000000,-53000000,0,-220000000,0,-7000000,0
140860,2024-02-20,-171000000,-281000000,-3000000,-183000000,0,38000000,0,89000000,0
140860,2024-02-21,-157000000,-163000000,-55000000,15000000,0,-218000000,0,0,6000000
140860,2024-02-22,-438000000,-225000000,150000000,-56000000,0,-8000000,0,3000000,-1000000
140860,2024-02-23,374000000,-132000000,70000000,0,0,-67000000,0,-5000000,14000000
140860,2024-02-26,61000000,-297000000,477000000,-43000000,0,18000000,0,0,1000000
140860,2024-02-27,-267000000,2000000,-26000000,-38000000,-258000000,1000000,0,-22000000,4000000
140860,2024-02-28,-1569000000,107000000,-85000000,403000000,0,-12000000,0,-87000000,-18000000
140860,2024-02-29,-677000000,1000000,-334000000,-9000000,0,-24000000,0,-4000000,0
140860,2024-03-04,-1240000000,246000000,0,-160000000,0,-82000000,0,-19000000,-5000000
140860,2024-03-05,-164000000,-228000000,0,-10000000,0,-1000000,0,-43000000,8000000
140860,2024-03-06,-493000000,-990000000,266000000,-182000000,0,4000000,0,11000000,12000000
140860,2024-03-07,171000000,-260000000,-3524000000,208000000,0,-211000000,0,-22000000,2000000
140860,2024-03-08,-212000000,-524000000,-274000000,-363000000,0,191000000,-1000000,-28000000,-2000000
140860,2024-03-11,128000000,-666000000,-707000000,-7000000,0,60000000,0,-28000000,2000000
140860,2024-03-12,905000000,-450000000,-716000000,-331000000,0,35000000,0,-8000000,8000000
140860,2024-03-13,720000000,-11000000,-722000000,206000000,0,22000000,1000000,-160000000,-33000000
140860,2024-03-14,356000000,-2041000000,-949000000,-690000000,0,754000000,0,-73000000,-14000000
140860,2024-03-15,124000000,-712000000,-733000000,-39000000,0,-77000000,1000000,0,1000000
140860,2024-03-18,194000000,-1363000000,-752000000,-1000000,0,-133000000,0,2000000,-4000000
140860,2024-03-19,-279000000,347000000,-635000000,181000000,0,27000000,0,-54000000,1000000
140860,2024-03-20,75000000,-338000000,-605000000,-34000000,0,16000000,0,0,0
140860,2024-03-21,-528000000,166000000,-1554000000,-43000000,0,-877000000,0,5000000,1000000
140860,2024-03-22,133000000,-591000000,276000000,-160000000,0,47000000,0,-18000000,-323000000
140860,2024-03-25,201000000,-1126000000,-6249000000,-124000000,0,16000000,194000000,38000000,7000000
140860,2024-03-26,-498000000,-740000000,-211000000,155000000,0,-1000000,46000000,4000000,1000000
140860,2024-03-27,34000000,-1147000000,-41000000,-817000000,0,20000000,0,-15000000,0
140860,2024-03-28,-1707000000,-732000000,56000000,-362000000,0,-258000000,0,8000000,1000000
140860,2024-03-29,46000000,-380000000,1469000000,408000000,0,288000000,0,1000000,-34000000
140860,2024-04-01,739000000,-319000000,605000000,-119000000,0,118000000,0,-13000000,5000000
140860,2024-04-02,-119000000,3000000,4289000000,-17000000,0,-6000000,0,11000000,0
140860,2024-04-03,-549000000,-1708000000,313000000,-3000000,0,-123000000,0,0,-6000000
140860,2024-04-04,-251000000,-194000000,252000000,-114000000,0,0,170000000,-15000000,83000000
140860,2024-04-05,322000000,274000000,677000000,-180000000,0,-13000000,0,-6000000,-15000000
140860,2024-04-08,-440000000,-171000000,568000000,-181000000,0,4000000,-169000000,10000000,-1000000
140860,2024-04-09,68000000,272000000,77000000,-139000000,0,-205000000,0,-5000000,15000000
140860,2024-04-11,-646000000,-1000000,2000000,-296000000,0,1000000,0,-21000000,0
140860,2024-04-12,-292000000,-1166000000,776000000,-1419000000,0,65000000,0,0,-14000000
140860,2024-04-15,729000000,-187000000,0,0,0,25000000,0,-9000000,0
140860,2024-04-16,949000000,-90000000,80000000,-252000000,0,-335000000,0,-17000000,-31000000
140860,2024-04-17,581000000,15000000,-232000000,-59000000,0,-22000000,0,0,-1000000
140860,2024-04-18,56000000,-466000000,-364000000,-439000000,0,17000000,0,1000000,-3000000
140860,2024-04-19,899000000,-86000000,-859000000,-44000000,0,-140000000,0,27000000,-13000000
140860,2024-04-22,1324000000,-1255000000,-777000000,-614000000,0,-625000000,-221000000,62000000,3000000
140860,2024-04-23,-549000000,-1498000000,-2884000000,-109000000,-81000000,-183000000,0,-21000000,1000000
140860,2024-04-24,-379000000,-166000000,-273000000,513000000,0,-14000000,0,108000000,0
140860,2024-04-25,2000000,203000000,135000000,278000000,0,-5000000,0,-10000000,1000000
140860,2024-04-26,364000000,47000000,23000000,-2000000,0,-17000000,0,60000000,0
140860,2024-04-29,359000000,69000000,-664000000,-123000000,0,-55000000,0,45000000,0
140860,2024-04-30,14000000,-130000000,-1000000,-11000000,0,-1000000,0,-66000000,0
140860,2024-05-02,282000000,-23000000,-13000000,-21000000,0,11000000,0,-24000000,0
140860,2024-05-03,294000000,-52000000,-178000000,12000000,0,-222000000,-1000000,5000000,-1000000
140860,2024-05-07,286000000,-434000000,1407000000,475000000,0,117000000,0,430000000,-3000000
140860,2024-05-08,341000000,-27000000,50000000,52000000,0,77000000,4000000,-100000000,2000000
140860,2024-05-09,-327000000,180000000,-153000000,1000000,0,34000000,0,47000000,0
140860,2024-05-10,809000000,-248000000,-311000000,-27000000,0,-3000000,0,3000000,16000000
140860,2024-05-13,210000000,0,72000000,0,0,-2000000,0,-5000000,6000000
140860,2024-05-14,899000000,364000000,179000000,884000000,0,-54000000,0,-3000000,2000000
140860,2024-05-16,-146000000,654000000,540000000,459000000,0,-8000000,-59000000,-184000000,47000000
140860,2024-05-17,1199000000,-29000000,291000000,285000000,0,-46000000,0,1000000,-1000000
140860,2024-05-20,1032000000,45000000,0,336000000,0,-3000000,0,7000000,-51000000
140860,2024-05-21,798000000,1175000000,149000000,1232000000,0,-120000000,-7000000,18000000,-20000000
140860,2024-05-22,95000000,2372000000,38000000,679000000,0,0,0,-48000000,-9000000
140860,2024-05-23,-369000000,671000000,-276000000,602000000,0,-2000000,0,-38000000,-6000000
140860,2024-05-24,200000000,216000000,-1281000000,-4000000,0,-16000000,0,0,167000000
140860,2024-05-27,460000000,42000000,-114000000,-740000000,0,-7000000,0,0,216000000
140860,2024-05-28,-1171000000,1290000000,173000000,-187000000,0,-67000000,0,0,-1000000
140860,2024-05-29,-505000000,183000000,-91000000,-144000000,0,36000000,6000000,0,43000000
140860,2024-05-30,437000000,56000000,-247000000,215000000,0,5000000,0,-3000000,16000000
140860,2024-05-31,374000000,994000000,450000000,1197000000,0,-26000000,0,72000000,-45000000
140860,2024-06-03,875000000,-5000000,-112000000,244000000,107000000,0,0,-35000000,-1000000
140860,2024-06-04,11000000,2412000000,-145000000,541000000,0,-63000000,-9000000,-667000000,6000000
140860,2024-06-05,77000000,1051000000,-745000000,-61000000,0,-5000000,0,-46000000,-1000000
140860,2024-06-07,-416000000,15000000,111000000,-90000000,0,-6000000,0,250000000,-5000000
140860,2024-06-10,-181000000,72000000,0,357000000,-105000000,-3000000,0,54000000,-24000000
140860,2024-06-11,324000000,-12000000,-324000000,16000000,0,25000000,0,-2000000,0
140860,2024-06-12,-52000000,432000000,423000000,4000000,0,2000000,1000000,24000000,6000000
140860,2024-06-13,-1243000000,-651000000,96000000,-101000000,0,-155000000,0,-5000000,0
140860,2024-06-14,-353000000,-13000000,-23000000,-1478000000,0,-9000000,0,17000000,1000000
140860,2024-06-17,19000000,-314000000,100000000,-362000000,0,4000000,0,3000000,-2000000
140860,2024-06-18,-150000000,101000000,-590000000,39000000,0,-82000000,0,0,0
140860,2024-06-19,-35000000,6473000000,-168000000,-170000000,113000000,9000000,0,-25000000,12000000
140860,2024-06-20,-209000000,-583000000,100000000,56000000,0,4000000,0,-17000000,1000000
140860,2024-06-21,132000000,-361000000,19000000,-134000000,51000000,256000000,0,0,-10000000
140860,2024-06-24,-55000000,196000000,-176000000,157000000,0,0,0,40000000,0
140860,2024-06-25,500000000,5000000,0,-249000000,0,9000000,-33000000,-22000000,-1000000
140860,2024-06-26,26000000,210000000,14000000,-44000000,0,-15000000,0,-42000000,0
140860,2024-06-27,-187000000,-51000000,-1579000000,150000000,0,-5000000,0,0,0
140860,2024-06-28,91000000,1856000000,-3310000000,-162000000,0,1000000,0,-7000000,0
140860,2024-07-01,587000000,3000000,-1331000000,20000000,0,0,0,-22000000,0
140860,2024-07-02,257000000,203000000,12000000,-47000000,0,0,0,-21000000,-2000000
140860,2024-07-03,-64000000,503000000,209000000,192000000,-53000000,-601000000,-6000000,-42000000,0
140860,2024-07-04,-68000000,351000000,-26000000,-176000000,0,94000000,0,-177000000,1000000
140860,2024-07-05,-595000000,-304000000,0,-545000000,0,-15000000,-9000000,-170000000,2000000
140860,2024-07-08,-853000000,-807000000,-362000000,-25000000,0,-19000000,0,-3000000,0
140860,2024-07-09,-1733000000,-182000000,-292000000,42000000,0,-50000000,0,-65000000,-20000000
140860,2024-07-10,-449000000,-351000000,-49000000,22000000,0,7000000,0,-77000000,10000000
140860,2024-07-11,-278000000,148000000,67000000,-165000000,0,17000000,0,-37000000,3000000
140860,2024-07-12,199000000,-1665000000,-115000000,-255000000,-106000000,0,0,-181000000,1000000
140860,2024-07-15,38000000,-248000000,-24000000,99000000,0,10000000,0,0,2000000
140860,2024-07-16,434000000,-630000000,-232000000,-58000000,0,-20000000,0,-54000000,-5000000
140860,2024-07-17,1111000000,-692000000,-157000000,3000000,0,-55000000,0,-3000000,8000000
140860,2024-07-18,1390000000,-1932000000,-3102000000,34000000,0,71000000,0,-63000000,50000000
140860,2024-07-19,-116000000,71000000,-405000000,359000000,0,-2000000,0,139000000,-21000000
140860,2024-07-22,232000000,-112000000,-1000000,0,0,0,0,14000000,5000000
140860,2024-07-23,-311000000,-152000000,-341000000,2000000,0,-1000000,0,13000000,0
140860,2024-07-24,-182000000,-485000000,130000000,322000000,0,-120000000,263000000,-56000000,-7000000
140860,2024-07-25,1089000000,-440000000,-633000000,87000000,0,0,0,4000000,5000000
140860,2024-07-26,687000000,-333000000,117000000,41000000,0,0,0,3000000,2000000
140860,2024-07-29,274000000,-144000000,2000000,-208000000,0,0,0,-1000000,-1000000
140860,2024-07-30,-125000000,322000000,-804000000,26000000,0,-14000000,0,-19000000,3000000
140860,2024-07-31,247000000,558000000,76000000,-83000000,0,0,0,4000000,1000000
140860,2024-08-01,128000000,981000000,-154000000,-45000000,0,-39000000,0,-22000000,-4000000
140860,2024-08-02,742000000,-119000000,-1395000000,-250000000,0,-19000000,6000000,-13000000,7000000
140860,2024-08-05,2499000000,-527000000,-1232000000,4000000,0,-5000000,0,12000000,2000000
140860,2024-08-06,-174000000,151000000,145000000,0,0,54000000,0,-17000000,-15000000
140860,2024-08-07,-594000000,806000000,679000000,115000000,0,489000000,126000000,0,0
140860,2024-08-08,-262000000,1415000000,384000000,-143000000,0,11000000,0,-49000000,-30000000
140860,2024-08-09,-353000000,-6000000,-250000000,-13000000,0,6000000,0,-9000000,-2000000
140860,2024-08-12,-240000000,301000000,-115000000,0,0,-10000000,0,0,-2000000
140860,2024-08-13,-49000000,43000000,182000000,-191000000,0,0,0,-69000000,0
140860,2024-08-14,-515000000,101000000,-893000000,115000000,0,0,0,0,1000000
140860,2024-08-16,-26000000,386000000,670000000,262000000,0,0,0,0,-1000000
140860,2024-08-19,43000000,198000000,82000000,128000000,0,0,0,0,0
140860,2024-08-20,208000000,264000000,0,-15000000,0,1000000,-1000000,-335000000,29000000
140860,2024-08-21,286000000,995000000,198000000,202000000,0,8000000,0,-140000000,0
140860,2024-08-22,-634000000,386000000,96000000,187000000,0,162000000,97000000,42000000,-4000000
140860,2024-08-23,57000000,269000000,-469000000,74000000,0,225000000,0,-64000000,-29000000
140860,2024-08-26,-200000000,-618000000,0,-177000000,0,0,0,50000000,1000000
140860,2024-08-27,-210000000,-150000000,99000000,-65000000,0,0,163000000,0,0
140860,2024-08-28,9000000,267000000,179000000,0,0,50000000,0,0,1000000
140860,2024-08-29,-73000000,196000000,0,10000000,0,186000000,0,0,1000000
140860,2024-08-30,-96000000,289000000,539000000,-177000000,0,93000000,-1000000,54000000,7000000
140860,2024-09-02,-412000000,-11000000,-336000000,-234000000,0,-6000000,0,-1000000,0
140860,2024-09-03,-95000000,-136000000,-343000000,0,0,-103000000,0,-10000000,0
140860,2024-09-04,5000000,-291000000,-699000000,162000000,0,-21000000,0,-19000000,1000000
140860,2024-09-05,384000000,-551000000,-513000000,-345000000,0,-42000000,0,0,1000000
140860,2024-09-06,560000000,323000000,97000000,-400000000,0,217000000,1000000,-10000000,0
140860,2024-09-09,702000000,130000000,557000000,222000000,0,275000000,125000000,-21000000,0
140860,2024-09-10,-510000000,261000000,115000000,-24000000,0,52000000,0,2000000,0
140860,2024-09-11,-211000000,418000000,45000000,75000000,0,91000000,1000000,-97000000,0
140860,2024-09-12,208000000,-472000000,673000000,249000000,0,108000000,0,-141000000,-188000000
140860,2024-09-13,-159000000,-221000000,113000000,-46000000,0,72000000,0,5000000,0
140860,2024-09-19,271000000,-307000000,-524000000,-11000000,0,0,0,0,0
140860,2024-09-20,114000000,-389000000,0,366000000,0,1000000,0,-19000000,0
140860,2024-09-23,412000000,712000000,228000000,-107000000,0,12000000,0,81000000,10000000
140860,2024-09-24,380000000,-93000000,1033000000,47000000,0,96000000,0,-1000000,0
140860,2024-09-25,-43000000,-39000000,-249000000,-209000000,22000000,629000000,11000000,-16000000,-10000000
140860,2024-09-26,288000000,-1269000000,306000000,236000000,5000000,-117000000,23000000,-13000000,-179000000
140860,2024-09-27,-232000000,-906000000,-642000000,58000000,0,-128000000,0,-10000000,-6000000
140860,2024-09-30,284000000,-806000000,222000000,-235000000,0,-208000000,0,-99000000,0
140860,2024-10-02,130000000,-534000000,110000000,-558000000,0,-312000000,0,-9000000,0
140860,2024-10-04,935000000,0,50000000,-543000000,0,-37000000,0,39000000,-96000000
140860,2024-10-07,44000000,-403000000,104000000,-413000000,0,56000000,0,9000000,0
140860,2024-10-08,79000000,-158000000,80000000,-269000000,0,-161000000,0,-1000000,0
140860,2024-10-10,-187000000,-632000000,-5000000,-74000000,0,9000000,0,0,0
140860,2024-10-11,-99000000,344000000,45000000,-48000000,0,0,0,0,2000000
140860,2024-10-14,-242000000,589000000,709000000,12000000,0,72000000,0,-8000000,0
140860,2024-10-15,1232000000,1307000000,1547000000,471000000,7000000,-101000000,-157000000,269000000,13000000
140860,2024-10-16,554000000,1917000000,403000000,1247000000,0,609000000,-200000000,131000000,10000000
140860,2024-10-17,-48000000,183000000,513000000,239000000,0,37000000,-218000000,227000000,8000000
140860,2024-10-18,-807000000,658000000,899000000,87000000,0,180000000,0,-41000000,-3000000
140860,2024-10-21,132000000,431000000,110000000,276000000,0,4000000,0,-14000000,12000000
140860,2024-10-22,-402000000,0,687000000,6000000,0,0,0,-163000000,-13000000
140860,2024-10-23,543000000,178000000,694000000,-11000000,0,44000000,0,-33000000,1000000
140860,2024-10-24,-282000000,238000000,337000000,241000000,0,213000000,0,149000000,-95000000
140860,2024-10-25,450000000,1629000000,-28000000,93000000,55000000,80000000,10000000,-30000000,1000000
140860,2024-10-28,384000000,33000000,152000000,-229000000,0,31000000,0,-28000000,-2000000
140860,2024-10-29,1000000,-133000000,534000000,-100000000,0,100000000,0,8000000,3000000
140860,2024-10-30,181000000,47000000,649000000,67000000,0,1000000,0,0,-1000000
140860,2024-10-31,-931000000,282000000,-143000000,20000000,0,250000000,0,96000000,8000000
140860,2024-11-01,-48000000,-324000000,437000000,-121000000,0,-197000000,0,-53000000,-11000000
140860,2024-11-04,391000000,53000000,106000000,182000000,0,-147000000,0,99000000,31000000
140860,2024-11-05,253000000,-293000000,116000000,11000000,0,554000000,-13000000,0,1000000
140860,2024-11-06,51000000,469000000,347000000,-25000000,0,332000000,0,0,-1000000
140860,2024-11-07,295000000,577000000,143000000,458000000,0,-222000000,0,95000000,19000000
140860,2024-11-08,185000000,585000000,-274000000,-41000000,0,390000000,0,-3000000,5000000
140860,2024-11-11,-14000000,-333000000,367000000,18000000,0,-3000000,0,-8000000,4000000
140860,2024-11-12,34000000,213000000,995000000,9000000,10000000,93000000,219000000,-52000000,-146000000
140860,2024-11-13,1061000000,121000000,-119000000,37000000,0,-241000000,0,-3000000,-7000000
140860,2024-11-14,458000000,125000000,-1435000000,-184000000,0,-25000000,1000000,-61000000,-11000000
140860,2024-11-15,1065000000,-21000000,276000000,-22000000,-28000000,16000000,0,194000000,12000000
140860,2024-11-18,-725000000,-5055000000,-2986000000,-481000000,31000000,-432000000,80000000,-28000000,8000000
140860,2024-11-19,337000000,-1398000000,-428000000,-424000000,0,-121000000,142000000,85000000,-3000000
140860,2024-11-20,-445000000,-225000000,0,4000000,0,-56000000,0,0,0
140860,2024-11-21,589000000,1020000000,17000000,308000000,0,144000000,0,161000000,2000000
140860,2024-11-22,1021000000,208000000,-113000000,-27000000,0,-59000000,-1000000,-106000000,-1000000
140860,2024-11-25,831000000,-487000000,-497000000,334000000,0,-210000000,0,-12000000,-2000000
140860,2024-11-26,-211000000,-742000000,-944000000,87000000,0,-296000000,0,54000000,0
140860,2024-11-27,846000000,361000000,-775000000,265000000,0,-1404000000,-322000000,0,6000000
140860,2024-11-28,283000000,-2408000000,-418000000,3000000,0,-207000000,1000000,-63000000,-11000000
140860,2024-11-29,89000000,-110000000,-314000000,33000000,0,2000000,0,0,0
140860,2024-12-02,443000000,-768000000,-158000000,-287000000,0,133000000,0,-52000000,0
140860,2024-12-03,-531000000,-1770000000,-74000000,-336000000,0,-188000000,-91000000,-46000000,-14000000
140860,2024-12-04,8000000,38000000,-678000000,-182000000,0,-44000000,0,1000000,2000000
140860,2024-12-05,-54000000,228000000,-214000000,-20000000,26000000,19000000,103000000,9000000,0
140860,2024-12-06,1179000000,-57000000,-61000000,-138000000,0,-36000000,0,5000000,0
140860,2024-12-09,1153000000,75000000,239000000,-74000000,0,-8000000,0,-301000000,0
140860,2024-12-10,203000000,26000000,0,-556000000,0,-63000000,0,115000000,1000000
140860,2024-12-11,-645000000,-1746000000,-371000000,-516000000,36000000,-266000000,8000000,2000000,0
140860,2024-12-12,-662000000,-1077000000,-2000000,-259000000,0,5000000,122000000,93000000,0
140860,2024-12-13,-1212000000,4032000000,261000000,-291000000,0,5000000,0,-136000000,1000000
140860,2024-12-16,-698000000,-465000000,0,-212000000,0,-122000000,0,-5000000,-1000000
140860,2024-12-17,-768000000,-115000000,119000000,-112000000,0,25000000,0,-197000000,-14000000
140860,2024-12-18,335000000,-1018000000,193000000,-165000000,0,8000000,0,19000000,1000000
140860,2024-12-19,-44000000,-606000000,-402000000,-365000000,0,-21000000,0,1000000,1000000
140860,2024-12-20,71000000,59000000,-125000000,-161000000,0,0,0,-99000000,-1000000
140860,2024-12-23,368000000,-448000000,1120000000,-275000000,0,-95000000,0,-1000000,0
140860,2024-12-24,-6000000,127000000,-496000000,-223000000,80000000,45000000,71000000,-3000000,0
140860,2024-12-26,460000000,-74000000,0,30000000,0,55000000,0,1000000,0
140860,2024-12-27,-878000000,-102000000,824000000,-227000000,-99000000,-871000000,-127000000,2000000,-6000000
140860,2024-12-30,-396000000,-172000000,0,-198000000,0,-10000000,0,-58000000,-22000000
140860,2025-01-02,113000000,-36000000,1940000000,-136000000,0,158000000,0,41000000,-21000000
140860,2025-01-03,133000000,112000000,-389000000,-40000000,31000000,-119000000,10000000,51000000,-6000000
140860,2025-01-06,-655000000,-1572000000,-90000000,108000000,0,4000000,0,2000000,-23000000
140860,2025-01-07,-735000000,705000000,-980000000,211000000,0,174000000,0,182000000,5000000
140860,2025-01-08,-289000000,203000000,87000000,128000000,0,37000000,0,107000000,17000000
140860,2025-01-09,-81000000,406000000,393000000,28000000,0,-9000000,-216000000,20000000,23000000
140860,2025-01-10,-865000000,355000000,112000000,126000000,0,-83000000,0,-55000000,0
140860,2025-01-13,-448000000,76000000,705000000,80000000,0,0,0,-68000000,0
140860,2025-01-14,105000000,-217000000,166000000,-20000000,0,-1000000,0,12000000,0
140860,2025-01-15,-91000000,-6000000,0,9000000,0,3000000,0,81000000,0
140860,2025-01-16,827000000,-256000000,-227000000,69000000,0,-12000000,257000000,86000000,0
140860,2025-01-17,-306000000,323000000,506000000,133000000,0,63000000,0,-55000000,-2000000
140860,2025-01-20,-297000000,156000000,466000000,113000000,0,0,0,-57000000,-16000000
140860,2025-01-21,78000000,-330000000,539000000,-10000000,0,0,0,0,3000000
140860,2025-01-22,345000000,83000000,-67000000,281000000,-20000000,17000000,-12000000,-1000000,1000000
140860,2025-01-23,-112000000,-148000000,111000000,-117000000,0,-81000000,0,76000000,0
140860,2025-01-24,243000000,-92000000,0,28000000,0,64000000,0,-12000000,0
140860,2025-01-31,331000000,350000000,-1140000000,257000000,0,-212000000,0,-78000000,2000000
140860,2025-02-03,-803000000,-707000000,-479000000,9000000,0,-281000000,0,66000000,4000000
140860,2025-02-04,521000000,-340000000,-45000000,-219000000,0,-92000000,0,-6000000,2000000
140860,2025-02-05,-4000000,-2427000000,-335000000,-1000000,0,-36000000,0,4000000,3000000
140860,2025-02-06,91000000,-534000000,-312000000,-169000000,0,10000000,182000000,0,0
140860,2025-02-07,-333000000,-18000000,-65000000,-266000000,0,0,0,1000000,4000000
140860,2025-02-10,-579000000,61000000,427000000,-293000000,0,-249000000,0,25000000,-5000000
140860,2025-02-11,-226000000,-188000000,233000000,-36000000,0,64000000,0,-251000000,-1000000
140860,2025-02-12,762000000,-538000000,-128000000,-105000000,0,-46000000,0,0,0
140860,2025-02-13,-44000000,-220000000,19000000,-281000000,0,-202000000,0,0,0
140860,2025-02-14,-30000000,-649000000,103000000,-274000000,0,-56000000,0,-8000000,0
140860,2025-02-17,22000000,-1822000000,-79000000,-139000000,0,-423000000,0,34000000,-2000000
140860,2025-02-18,-491000000,-1101000000,-1795000000,-37000000,0,-28000000,-19000000,7000000,-8000000
140860,2025-02-19,134000000,-1593000000,0,-14000000,0,-1032000000,0,-441000000,6000000
140860,2025-02-20,-199000000,-498000000,12000000,1050000000,0,0,0,44000000,-10000000
140860,2025-02-21,-113000000,-915000000,358000000,-181000000,0,-15000000,0,-2000000,-11000000
140860,2025-02-24,-128000000,290000000,-348000000,144000000,0,-4000000,0,2000000,1000000
140860,2025-02-25,-6000000,38000000,-250000000,29000000,0,0,0,128000000,-10000000
140860,2025-02-26,62000000,-128000000,44000000,102000000,0,0,0,-17000000,10000000
140860,2025-02-27,314000000,2518000000,0,108000000,0,-8000000,0,154000000,1000000
140860,2025-02-28,-237000000,498000000,-453000000,18000000,0,-16000000,0,4000000,7000000
140860,2025-03-04,434000000,-155000000,-253000000,-299000000,0,-470000000,0,162000000,16000000
140860,2025-03-05,-56000000,-139000000,-11000000,-5000000,0,-52000000,0,-28000000,-7000000
140860,2025-03-06,-1488000000,-289000000,-179000000,-204000000,0,22000000,0,8000000,11000000
140860,2025-03-07,-16000000,-106000000,1856000000,184000000,0,42000000,1000000,9000000,1000000
140860,2025-03-10,-139000000,-492000000,0,42000000,-25000000,-22000000,-28000000,-16000000,1000000
140860,2025-03-11,-356000000,-573000000,0,125000000,-142000000,-162000000,0,49000000,3000000
140860,2025-03-12,-73000000,290000000,396000000,621000000,0,-12000000,0,-115000000,-1000000
140860,2025-03-13,-1210000000,1005000000,469000000,278000000,0,100000000,140000000,2000000,2000000
140860,2025-03-14,654000000,649000000,932000000,336000000,0,136000000,59000000,1000000,1000000
140860,2025-03-17,-400000000,-266000000,929000000,-202000000,0,303000000,0,1000000,1000000
140860,2025-03-18,76000000,247000000,673000000,-67000000,37000000,247000000,0,41000000,0
140860,2025-03-19,424000000,-216000000,-1000000,-116000000,0,-1000000,0,40000000,0
140860,2025-03-20,551000000,381000000,119000000,-134000000,0,85000000,0,-48000000,21000000
140860,2025-03-21,1506000000,1481000000,354000000,371000000,0,163000000,0,-206000000,-236000000
140860,2025-03-24,246000000,305000000,0,111000000,0,-30000000,0,0,3000000
140860,2025-03-25,-115000000,149000000,-377000000,789000000,0,-1000000,0,-71000000,0
140860,2025-03-26,825000000,429000000,-494000000,158000000,30000000,163000000,25000000,290000000,0
140860,2025-03-27,230000000,688000000,-181000000,49000000,0,53000000,0,4000000,1000000
140860,2025-03-28,528000000,52000000,-298000000,-207000000,0,1000000,0,-6000000,0
140860,2025-03-31,1532000000,3157000000,-128000000,822000000,0,0,0,0,0
140860,2025-04-01,1211000000,737000000,4000000,-80000000,0,890000000,0,0,0
140860,2025-04-02,418000000,148000000,0,0,0,-29000000,0,-9000000,0
140860,2025-04-03,351000000,103000000,237000000,771000000,0,-9000000,0,12000000,0
140860,2025-04-04,1076000000,562000000,-164000000,-8000000,0,-5000000,0,6000000,0
140860,2025-04-07,-268000000,44000000,29000000,-580000000,0,5000000,0,-107000000,3000000
140860,2025-04-08,867000000,-185000000,36000000,-344000000,25000000,102000000,20000000,-20000000,5000000
140860,2025-04-09,742000000,-1104000000,15000000,-1422000000,-125000000,-3000000,0,2000000,2000000
140860,2025-04-10,1596000000,145000000,6000000,-211000000,0,70000000,0,0,-1000000
140860,2025-04-11,-736000000,83000000,0,137000000,0,3000000,0,76000000,4000000
140860,2025-04-14,-319000000,93000000,0,17000000,0,0,0,67000000,0
140860,2025-04-15,-107000000,78000000,0,54000000,0,-2000000,0,96000000,1000000
140860,2025-04-16,-329000000,-477000000,29000000,-244000000,0,-267000000,0,112000000,4000000
140860,2025-04-17,370000000,-583000000,0,-94000000,0,2000000,0,14000000,0
140860,2025-04-18,-271000000,204000000,52000000,-102000000,0,0,0,33000000,1000000
140860,2025-04-21,12000000,283000000,40000000,-2000000,0,541000000,0,7000000,4000000
140860,2025-04-22,25000000,-44000000,173000000,0,0,-36000000,0,47000000,11000000
140860,2025-04-23,500000000,-538000000,230000000,3000000,0,40000000,0,91000000,3000000
140860,2025-04-24,-80000000,330000000,-124000000,-16000000,0,-74000000,0,-14000000,3000000
140860,2025-04-25,93000000,-121000000,45000000,207000000,0,344000000,0,111000000,4000000
140860,2025-04-28,-482000000,-679000000,514000000,-23000000,0,0,0,-6000000,12000000
140860,2025-04-29,233000000,95000000,-141000000,-34000000,0,-115000000,0,10000000,0
140860,2025-04-30,-1044000000,698000000,-156000000,-279000000,0,-54000000,-17000000,69000000,4000000
140860,2025-05-02,98000000,110000000,114000000,156000000,0,0,0,3000000,1000000
140860,2025-05-07,-120000000,-109000000,64000000,-58000000,0,-261000000,0,-111000000,0
140860,2025-05-08,50000000,-533000000,-13000000,-4000000,98000000,0,0,-190000000,-32000000
140860,2025-05-09,357000000,65000000,-396000000,165000000,0,-1000000,0,50000000,12000000
140860,2025-05-12,456000000,392000000,55000000,-253000000,43000000,-1000000,0,-60000000,9000000
140860,2025-05-13,70000000,771000000,-31000000,-262000000,0,280000000,-188000000,-75000000,-6000000
140860,2025-05-14,237000000,291000000,28000000,-212000000,0,0,-105000000,-7000000,-23000000
140860,2025-05-15,-101000000,505000000,-75000000,-48000000,0,1000000,-104000000,31000000,0
140860,2025-05-16,301000000,-295000000,81000000,238000000,0,-24000000,22000000,-68000000,6000000
140860,2025-05-19,-323000000,-195000000,119000000,-155000000,0,-19000000,0,96000000,-2000000
140860,2025-05-20,373000000,-67000000,16000000,312000000,0,0,6000000,-15000000,0
140860,2025-05-21,448000000,283000000,44000000,232000000,0,3000000,7000000,-40000000,1000000
140860,2025-05-22,30000000,-1171000000,37000000,-95000000,0,39000000,11000000,4000000,-9000000
140860,2025-05-23,25000000,-399000000,-217000000,-62000000,0,-18000000,0,104000000,-9000000
140860,2025-05-26,771000000,122000000,382000000,266000000,3000000,1000000,0,-86000000,-4000000
140860,2025-05-27,33000000,-190000000,0,-641000000,0,17000000,2000000,27000000,-11000000
140860,2025-05-28,13000000,559000000,90000000,749000000,0,-38000000,0,32000000,0
140860,2025-05-29,853000000,93000000,34000000,291000000,0,33000000,0,160000000,-2000000
140860,2025-05-30,-289000000,-41000000,-188000000,175000000,0,-28000000,0,41000000,5000000
140860,2025-06-02,223000000,766000000,492000000,389000000,0,265000000,0,-194000000,5000000
140860,2025-06-04,1762000000,-532000000,65000000,77000000,-5000000,-154000000,8000000,-9000000,3000000
140860,2025-06-05,191000000,-261000000,1617000000,106000000,-48000000,91000000,-19000000,48000000,4000000
140860,2025-06-09,-243000000,-136000000,-125000000,-288000000,0,-70000000,-1000000,-389000000,10000000
140860,2025-06-10,-355000000,-360000000,0,64000000,-22000000,49000000,-273000000,3000000,-3000000
140860,2025-06-11,812000000,-671000000,1557000000,239000000,0,233000000,-1000000,-68000000,-6000000
140860,2025-06-12,21000000,-1006000000,-76000000,-3000000,-105000000,13000000,0,1000000,3000000
140860,2025-06-13,327000000,583000000,0,523000000,0,-29000000,-27000000,-38000000,8000000
140860,2025-06-16,608000000,-1116000000,-247000000,-56000000,0,37000000,0,15000000,-13000000
140860,2025-06-17,381000000,425000000,0,-27000000,0,107000000,-1000000,10000000,7000000
140860,2025-06-18,459000000,-131000000,744000000,-109000000,0,-2000000,0,36000000,1000000
140860,2025-06-19,-588000000,-81000000,0,-19000000,0,-16000000,0,-25000000,1000000
140860,2025-06-20,-79000000,-68000000,0,34000000,-10000000,-13000000,-24000000,7000000,50000000
140860,2025-06-23,-697000000,-405000000,-1611000000,-238000000,0,-182000000,0,65000000,18000000
140860,2025-06-24,641000000,79000000,-82000000,539000000,0,-93000000,0,16000000,7000000
140860,2025-06-25,1208000000,-1001000000,81000000,-409000000,0,-1000000,0,9000000,-4000000
140860,2025-06-26,-263000000,-359000000,565000000,-256000000,0,-12000000,0,-36000000,-6000000
140860,2025-06-27,459000000,272000000,574000000,-110000000,0,-2000000,0,-5000000,3000000
140860,2025-06-30,364000000,766000000,488000000,-41000000,0,-33000000,0,-28000000,0
140860,2025-07-01,1651000000,88000000,183000000,-67000000,0,-79000000,7000000,-156000000,-7000000
140860,2025-07-02,104000000,577000000,419000000,-229000000,0,2000000,0,-107000000,8000000
140860,2025-07-03,-6000000,-337000000,-1576000000,-13000000,0,-2000000,0,36000000,8000000
140860,2025-07-04,3000000,423000000,301000000,-123000000,0,-22000000,0,4000000,-5000000
140860,2025-07-07,-450000000,-7000000,-184000000,49000000,0,-113000000,0,20000000,1000000
140860,2025-07-08,-850000000,14000000,-22000000,-282000000,0,-408000000,0,34000000,2000000
140860,2025-07-09,-827000000,57000000,608000000,-131000000,0,0,-45000000,-63000000,-8000000
140860,2025-07-10,-987000000,-159000000,179000000,52000000,0,5000000,-30000000,-29000000,0
140860,2025-07-11,-2380000000,121000000,605000000,83000000,0,-19000000,0,9000000,1000000
140860,2025-07-14,-648000000,30000000,305000000,-8000000,0,-43000000,0,-41000000,1000000
140860,2025-07-15,-752000000,139000000,-661000000,187000000,0,-34000000,0,101000000,3000000
140860,2025-07-16,-845000000,-248000000,0,-14000000,0,3000000,0,10000000,0
140860,2025-07-17,-33000000,-928000000,131000000,-350000000,0,-676000000,15000000,53000000,12000000
140860,2025-07-18,67000000,-850000000,-669000000,-90000000,0,-81000000,0,46000000,-22000000
140860,2025-07-21,-167000000,-3608000000,-192000000,-237000000,0,-478000000,-1000000,62000000,2000000
140860,2025-07-22,-715000000,-1119000000,-453000000,119000000,0,-253000000,14000000,158000000,-4000000
140860,2025-07-23,-304000000,-211000000,-248000000,-797000000,-4000000,-154000000,-28000000,-23000000,2000000
140860,2025-07-24,29000000,204000000,-171000000,-22000000,0,-123000000,-1000000,71000000,9000000
140860,2025-07-25,-10000000,88000000,-211000000,12000000,0,5000000,-1000000,6000000,2000000
140860,2025-07-28,-54000000,-1292000000,-534000000,-320000000,0,-117000000,0,244000000,2000000
140860,2025-07-29,50000000,-543000000,0,-101000000,0,-14000000,0,41000000,-1000000
140860,2025-07-30,-439000000,-185000000,0,1325000000,0,-11000000,0,67000000,3000000
140860,2025-07-31,-689000000,107000000,359000000,975000000,0,-18000000,14000000,31000000,11000000
140860,2025-08-01,-90000000,-540000000,1102000000,1108000000,0,246000000,0,-87000000,4000000
140860,2025-08-04,38000000,-56000000,-584000000,-519000000,0,25000000,13000000,16000000,11000000
140860,2025-08-05,-234000000,-90000000,0,1126000000,0,28000000,0,-114000000,-10000000
140860,2025-08-06,115000000,-668000000,-530000000,-415000000,0,-12000000,0,-33000000,-5000000
140860,2025-08-07,-304000000,-2115000000,-156000000,801000000,0,-38000000,-8000000,190000000,3000000
140860,2025-08-08,-322000000,90000000,-234000000,-354000000,0,18000000,0,-17000000,-9000000
140860,2025-08-11,-413000000,571000000,380000000,253000000,0,92000000,0,-31000000,-14000000
140860,2025-08-12,-246000000,143000000,564000000,93000000,0,55000000,0,-141000000,-26000000
140860,2025-08-13,1260000000,1214000000,1346000000,506000000,0,349000000,310000000,304000000,6000000
140860,2025-08-14,-192000000,-110000000,431000000,49000000,0,82000000,128000000,6000000,8000000
140860,2025-08-18,-84000000,-569000000,928000000,86000000,0,-21000000,0,6000000,-11000000
140860,2025-08-19,614000000,-215000000,971000000,-466000000,0,72000000,0,19000000,-11000000
140860,2025-08-20,306000000,-189000000,379000000,23000000,0,-16000000,-2000000,2000000,0
140860,2025-08-21,15000000,-584000000,-225000000,-105000000,0,-10000000,0,35000000,0
140860,2025-08-22,239000000,-487000000,358000000,552000000,0,139000000,0,216000000,4000000
140860,2025-08-25,-693000000,1462000000,495000000,225000000,0,-29000000,0,0,0
140860,2025-08-26,-747000000,152000000,1478000000,-4000000,0,0,0,0,0
140860,2025-08-27,-162000000,243000000,920000000,140000000,0,0,0,128000000,0
140860,2025-08-28,167000000,-80000000,200000000,60000000,0,-5000000,0,0,30000000
140860,2025-08-29,-223000000,1154000000,925000000,1023000000,0,-259000000,0,53000000,16000000
140860,2025-09-01,922000000,-114000000,140000000,304000000,0,72000000,0,37000000,0
140860,2025-09-02,1453000000,133000000,364000000,1136000000,0,121000000,0,36000000,-20000000
140860,2025-09-03,130000000,1202000000,1546000000,490000000,0,90000000,0,340000000,0
140860,2025-09-04,1595000000,2491000000,2136000000,12000000,0,17000000,0,-64000000,1000000
140860,2025-09-05,431000000,654000000,2313000000,483000000,0,57000000,13000000,-56000000,5000000
140860,2025-09-08,-1028000000,-198000000,33000000,615000000,0,22000000,0,-28000000,6000000
140860,2025-09-09,-175000000,907000000,153000000,361000000,0,113000000,6000000,15000000,4000000
140860,2025-09-10,202000000,-327000000,618000000,223000000,0,36000000,32000000,91000000,7000000
140860,2025-09-11,243000000,-2038000000,310000000,-83000000,0,-11000000,-1000000,-13000000,-2000000
140860,2025-09-12,661000000,-1008000000,414000000,-519000000,0,-33000000,0,-155000000,0
140860,2025-09-15,767000000,254000000,-105000000,-258000000,0,-178000000,1000000,-117000000,15000000
140860,2025-09-16,747000000,-536000000,672000000,356000000,0,-20000000,44000000,-106000000,-4000000
140860,2025-09-17,-970000000,658000000,649000000,-101000000,0,-23000000,0,78000000,6000000
140860,2025-09-18,1492000000,1834000000,2169000000,-917000000,0,149000000,0,-63000000,0
140860,2025-09-19,762000000,1389000000,1763000000,-670000000,0,566000000,22000000,-284000000,13000000
140860,2025-09-22,1244000000,1611000000,780000000,1295000000,0,144000000,0,-63000000,1000000
140860,2025-09-23,2226000000,1006000000,531000000,-350000000,0,118000000,6000000,-85000000,-3000000
140860,2025-09-24,-491000000,1231000000,545000000,-63000000,0,-195000000,-11000000,-10000000,4000000
140860,2025-09-25,-71000000,-244000000,572000000,-1178000000,0,32000000,5000000,-29000000,-6000000
140860,2025-09-26,154000000,-523000000,377000000,165000000,0,-70000000,3000000,-28000000,-3000000
140860,2025-09-29,645000000,319000000,269000000,97000000,15000000,94000000,36000000,180000000,-7000000
140860,2025-09-30,64000000,-1192000000,181000000,237000000,0,22000000,0,12000000,-1000000
140860,2025-10-01,192000000,-1000000,1468000000,47000000,104000000,122000000,0,27000000,-8000000
140860,2025-10-02,-1647000000,-2258000000,32000000,-150000000,0,-142000000,7000000,96000000,7000000
140860,2025-10-10,-2641000000,1087000000,-59000000,-151000000,0,-92000000,0,84000000,-3000000
140860,2025-10-13,44000000,-498000000,-433000000,315000000,0,-251000000,8000000,42000000,2000000
140860,2025-10-14,-969000000,-3267000000,-917000000,112000000,0,-342000000,2000000,63000000,47000000
140860,2025-10-15,726000000,-1291000000,-660000000,-653000000,0,-84000000,0,4000000,-21000000
140860,2025-10-16,-618000000,-1686000000,-2260000000,112000000,0,-32000000,0,-5000000,6000000
140860,2025-10-17,-726000000,-1500000000,-659000000,84000000,0,-59000000,0,32000000,4000000
140860,2025-10-20,598000000,-1117000000,-500000000,-38000000,-119000000,-54000000,-21000000,-7000000,1000000
140860,2025-10-21,86000000,1235000000,-584000000,-755000000,-2000000,-91000000,0,50000000,8000000
140860,2025-10-22,-1254000000,217000000,-1382000000,109000000,0,-22000000,0,4000000,12000000
140860,2025-10-23,292000000,-1065000000,-243000000,-111000000,0,-96000000,-24000000,-14000000,12000000
140860,2025-10-24,883000000,-187000000,0,165000000,0,-52000000,0,1000000,0
140860,2025-10-27,-444000000,-747000000,-265000000,-329000000,0,-78000000,0,32000000,4000000
140860,2025-10-28,1031000000,-812000000,-873000000,124000000,-2000000,-36000000,-236000000,64000000,-2000000
140860,2025-10-29,491000000,645000000,295000000,272000000,-3000000,0,-196000000,68000000,-6000000
140860,2025-10-30,1774000000,-394000000,2000000,-67000000,0,189000000,0,-14000000,0
140860,2025-10-31,2767000000,-7000000,0,-2000000,0,-15000000,-5000000,23000000,4000000
140860,2025-11-03,509000000,-1401000000,-621000000,-587000000,-44000000,-300000000,0,56000000,-6000000
140860,2025-11-04,266000000,411000000,-368000000,981000000,0,-4000000,0,-30000000,-4000000
140860,2025-11-05,1579000000,898000000,0,2751000000,0,-3000000,0,-42000000,0
140860,2025-11-06,-2548000000,867000000,-163000000,322000000,0,-9000000,-8000000,6000000,6000000
140860,2025-11-07,1488000000,-3552000000,-3095000000,-988000000,0,-132000000,0,282000000,47000000
140860,2025-11-10,1156000000,1222000000,-261000000,624000000,0,155000000,0,171000000,-14000000
140860,2025-11-11,-1399000000,374000000,286000000,1813000000,0,5000000,0,-1000000,4000000
140860,2025-11-12,-475000000,793000000,-873000000,22000000,0,61000000,0,-40000000,-2000000
140860,2025-11-13,-46000000,-150000000,-2620000000,1361000000,0,-94000000,0,88000000,0
140860,2025-11-14,1239000000,4417000000,46000000,2069000000,0,-13000000,32000000,10000000,1000000
140860,2025-11-17,-878000000,4193000000,-111000000,501000000,0,629000000,48000000,-169000000,-2000000
140860,2025-11-18,253000000,79000000,-143000000,602000000,0,7000000,34000000,-70000000,-16000000
140860,2025-11-19,994000000,346000000,1535000000,282000000,0,48000000,0,32000000,-4000000
140860,2025-11-20,-224000000,3787000000,693000000,823000000,0,9000000,0,18000000,1000000
140860,2025-11-21,-330000000,771000000,1028000000,33000000,0,43000000,-1000000,5000000,-3000000
140860,2025-11-24,-61000000,-151000000,-95000000,635000000,0,-24000000,0,45000000,0
140860,2025-11-25,-381000000,-210000000,-425000000,-7000000,0,-41000000,0,18000000,0
140860,2025-11-26,457000000,-154000000,40000000,15000000,0,-6000000,0,-37000000,1000000
140860,2025-11-27,-397000000,-1742000000,-1499000000,628000000,0,-181000000,0,76000000,0
140860,2025-11-28,1212000000,1260000000,18000000,-1000000,0,571000000,0,50000000,21000000
140860,2025-12-01,1206000000,-6251000000,1060000000,162000000,0,-2000000,0,-2000000,0
140860,2025-12-02,438000000,778000000,-181000000,-248000000,0,0,0,26000000,2000000
140860,2025-12-03,-776000000,-3249000000,702000000,-57000000,0,3000000,0,71000000,0
140860,2025-12-04,909000000,-503000000,922000000,-389000000,0,234000000,0,50000000,-4000000
140860,2025-12-05,1402000000,3000000,-166000000,0,0,-5000000,0,-37000000,0
140860,2025-12-08,-387000000,-1205000000,131000000,514000000,0,-8000000,0,71000000,6000000
140860,2025-12-09,-220000000,-1629000000,109000000,-30000000,0,-12000000,0,-114000000,0
140860,2025-12-10,-637000000,-1452000000,354000000,121000000,0,1000000,0,7000000,11000000
140860,2025-12-11,-301000000,-4052000000,48000000,0,0,-13000000,0,10000000,0
140860,2025-12-12,1877000000,-8601000000,444000000,160000000,0,20000000,0,105000000,16000000
140860,2025-12-15,161000000,-210000000,264000000,2000000,0,-30000000,0,50000000,5000000
140860,2025-12-16,74000000,792000000,-317000000,245000000,0,-21000000,0,-65000000,0
140860,2025-12-17,569000000,-747000000,-224000000,-104000000,0,77000000,0,-2000000,1000000
140860,2025-12-18,-659000000,949000000,-222000000,-315000000,0,-48000000,0,23000000,1000000
140860,2025-12-19,-17000000,-203000000,8000000,-272000000,0,-21000000,0,1000000,-1000000
140860,2025-12-22,-145000000,748000000,-1591000000,-29000000,0,-134000000,0,37000000,3000000
140860,2025-12-23,29000000,1266000000,19000000,-12000000,0,6000000,-27000000,25000000,0
140860,2025-12-24,431000000,105000000,-475000000,-223000000,0,-3000000,0,17000000,0
140860,2025-12-26,1180000000,-19000000,0,-179000000,0,0,0,-288000000,-52000000
140860,2025-12-29,-398000000,-268000000,105000000,-169000000,0,-8000000,0,51000000,3000000
140860,2025-12-30,-976000000,-200000000,249000000,-326000000,0,-36000000,-1000000,-13000000,-3000000
