ticker,trade_date,fin_inv_net_amt,trust_net_amt,pension_net_amt,private_equity_net_amt,bank_net_amt,insurance_net_amt,etc_finance_net_amt,etc_corp_net_amt,etc_foreign_net_amt
000250,2020-01-02,-533000000,80000000,-43000000,-109000000,0,138000000,0,213000000,0
000250,2020-01-03,-347000000,78000000,42000000,-32000000,0,95000000,0,-284000000,-24000000
000250,2020-01-06,-263000000,-632000000,-347000000,-228000000,0,151000000,0,-3000000,4000000
000250,2020-01-07,87000000,-217000000,-448000000,55000000,0,9000000,0,0,0
000250,2020-01-08,-20000000,-119000000,-355000000,-880000000,0,26000000,0,-82000000,5000000
000250,2020-01-09,-68000000,-321000000,-147000000,-206000000,0,-108000000,0,25000000,6000000
000250,2020-01-10,106000000,-25000000,-125000000,193000000,0,-9000000,0,-131000000,0
000250,2020-01-13,-113000000,-291000000,-246000000,0,0,-209000000,0,-216000000,0
000250,2020-01-14,-233000000,-714000000,-436000000,-325000000,0,-72000000,0,21000000,7000000
000250,2020-01-15,-379000000,-402000000,204000000,-111000000,0,-166000000,0,-13000000,2000000
000250,2020-01-16,268000000,-461000000,14000000,-57000000,0,0,0,0,-1000000
000250,2020-01-17,44000000,-54000000,-40000000,0,0,-46000000,0,0,3000000
000250,2020-01-20,-301000000,-287000000,1287000000,-360000000,0,-10000000,0,-274000000,-2000000
000250,2020-01-21,-628000000,174000000,884000000,32000000,0,-78000000,0,27000000,3000000
000250,2020-01-22,196000000,-106000000,12000000,9000000,0,0,0,0,0
000250,2020-01-23,-404000000,-249000000,-392000000,-204000000,0,-266000000,0,0,1000000
000250,2020-01-28,-278000000,-174000000,-17000000,-61000000,0,1000000,0,37000000,9000000
000250,2020-01-29,53000000,86000000,6000000,-12000000,0,-257000000,0,18000000,3000000
000250,2020-01-30,-220000000,-34000000,-539000000,2000000,-10000000,-170000000,0,-9000000,5000000
000250,2020-01-31,269000000,492000000,532000000,0,0,-136000000,0,1000000,-6000000
000250,2020-02-03,344000000,-103000000,2000000,419000000,0,-109000000,0,-26000000,0
000250,2020-02-04,352000000,601000000,-1185000000,1783000000,0,553000000,174000000,199000000,7000000
000250,2020-02-05,198000000,809000000,11000000,55000000,0,120000000,0,-62000000,-3000000
000250,2020-02-06,-16000000,525000000,-37000000,595000000,0,-2000000,0,-117000000,0
000250,2020-02-07,-349000000,-54000000,-24000000,400000000,0,3000000,0,36000000,8000000
000250,2020-02-10,254000000,-81000000,72000000,506000000,8000000,3000000,0,25000000,-2000000
000250,2020-02-11,212000000,982000000,-837000000,1247000000,0,169000000,0,158000000,-8000000
000250,2020-02-12,-27000000,-413000000,-547000000,208000000,0,-130000000,0,162000000,-3000000
000250,2020-02-13,-428000000,-91000000,153000000,670000000,0,-73000000,0,284000000,0
000250,2020-02-14,-65000000,-257000000,-208000000,391000000,0,-132000000,0,229000000,0
000250,2020-02-17,-55000000,297000000,-1109000000,753000000,1000000,86000000,1000000,-126000000,29000000
000250,2020-02-18,-265000000,56000000,343000000,407000000,19000000,362000000,0,-49000000,0
000250,2020-02-19,-310000000,2810000000,80000000,864000000,128000000,1014000000,82000000,-210000000,86000000
000250,2020-02-20,368000000,647000000,416000000,411000000,33000000,869000000,34000000,46000000,-86000000
000250,2020-02-21,-93000000,253000000,98000000,80000000,0,331000000,0,-81000000,2000000
000250,2020-02-24,443000000,98000000,2554000000,-48000000,9000000,84000000,51000000,54000000,-2000000
000250,2020-02-25,767000000,244000000,-129000000,579000000,222000000,19000000,0,-3000000,-8000000
000250,2020-02-26,114000000,160000000,-207000000,752000000,22000000,5000000,0,29000000,-50000000
000250,2020-02-27,-374000000,-41000000,2816000000,-674000000,15000000,27000000,0,29000000,31000000
000250,2020-02-28,393000000,-120000000,648000000,-808000000,0,5000000,-37000000,0,79000000
000250,2020-03-02,624000000,285000000,14000000,-3000000,0,2000000,0,19000000,0
000250,2020-03-03,-171000000,257000000,-383000000,412000000,18000000,407000000,0,26000000,33000000
000250,2020-03-04,218000000,178000000,-106000000,180000000,9000000,280000000,9000000,170000000,-617000000
000250,2020-03-05,-536000000,478000000,614000000,107000000,27000000,594000000,28000000,-47000000,-44000000
000250,2020-03-06,-376000000,795000000,938000000,383000000,14000000,259000000,14000000,26000000,-8000000
000250,2020-03-09,48000000,-525000000,-354000000,79000000,0,-94000000,0,39000000,3000000
000250,2020-03-10,1203000000,-280000000,905000000,-688000000,-34000000,16000000,0,-79000000,-1000000
000250,2020-03-11,140000000,-747000000,-77000000,-76000000,-27000000,-23000000,82000000,29000000,-9000000
000250,2020-03-12,-1477000000,-210000000,1098000000,333000000,0,75000000,0,399000000,19000000
000250,2020-03-13,1538000000,808000000,379000000,2944000000,-64000000,365000000,0,-268000000,69000000
000250,2020-03-16,-170000000,-870000000,105000000,330000000,23000000,-346000000,10000000,-776000000,94000000
000250,2020-03-17,518000000,-764000000,162000000,-926000000,13000000,358000000,0,-28000000,-11000000
000250,2020-03-18,-175000000,-434000000,895000000,-315000000,0,-87000000,-19000000,30000000,-13000000
000250,2020-03-19,1043000000,-790000000,1203000000,-311000000,-27000000,433000000,-56000000,194000000,167000000
000250,2020-03-20,480000000,616000000,32000000,-1047000000,0,223000000,-118000000,-67000000,45000000
000250,2020-03-23,110000000,-53000000,246000000,1579000000,0,69000000,0,-10000000,9000000
000250,2020-03-24,725000000,209000000,-23000000,310000000,267000000,-86000000,0,2245000000,-8000000
000250,2020-03-25,-95000000,1197000000,-8000000,-120000000,203000000,-2000000,0,-65000000,13000000
000250,2020-03-26,-614000000,481000000,393000000,-45000000,0,-85000000,0,48000000,25000000
000250,2020-03-27,-139000000,100000000,-46000000,111000000,143000000,134000000,0,45000000,-216000000
000250,2020-03-30,234000000,249000000,491000000,1021000000,0,54000000,0,-124000000,-2000000
000250,2020-03-31,-253000000,365000000,627000000,6000000,119000000,490000000,15000000,-3000000,-16000000
000250,2020-04-01,307000000,-157000000,-168000000,41000000,133000000,178000000,13000000,131000000,-6000000
000250,2020-04-02,624000000,55000000,146000000,37000000,0,-69000000,0,51000000,0
000250,2020-04-03,-31000000,22000000,354000000,25000000,0,40000000,0,-17000000,0
000250,2020-04-06,333000000,-144000000,-387000000,-263000000,-21000000,-128000000,0,-18000000,2000000
000250,2020-04-07,-330000000,-245000000,-49000000,-199000000,28000000,204000000,0,66000000,7000000
000250,2020-04-08,-196000000,-68000000,-35000000,-181000000,0,163000000,0,59000000,20000000
000250,2020-04-09,-408000000,127000000,-49000000,-220000000,-3000000,-53000000,0,68000000,-17000000
000250,2020-04-10,-154000000,-58000000,313000000,86000000,0,302000000,0,-49000000,-9000000
000250,2020-04-13,-175000000,97000000,-101000000,-307000000,0,-146000000,-43000000,-5000000,16000000
000250,2020-04-14,92000000,-142000000,0,-262000000,-14000000,-89000000,-32000000,-53000000,-16000000
000250,2020-04-16,-25000000,-34000000,93000000,-303000000,0,86000000,0,-80000000,2000000
000250,2020-04-17,314000000,97000000,0,19000000,0,-286000000,0,149000000,-15000000
000250,2020-04-20,-167000000,357000000,0,-194000000,0,9000000,0,36000000,11000000
000250,2020-04-21,-166000000,-292000000,0,-55000000,-76000000,-160000000,0,-136000000,18000000
000250,2020-04-22,-218000000,-367000000,71000000,-449000000,0,-130000000,0,69000000,6000000
000250,2020-04-23,-50000000,-96000000,0,-339000000,0,194000000,0,19000000,-14000000
000250,2020-04-24,-200000000,-1767000000,-254000000,-594000000,-72000000,-182000000,0,-11000000,16000000
000250,2020-04-27,7000000,58000000,-46000000,132000000,9000000,-59000000,0,-61000000,1000000
000250,2020-04-28,-136000000,-369000000,159000000,-341000000,-14000000,-440000000,0,2000000,1000000
000250,2020-04-29,-144000000,177000000,41000000,-278000000,0,-372000000,0,50000000,4000000
000250,2020-05-04,-436000000,158000000,304000000,-42000000,0,0,0,61000000,-2000000
000250,2020-05-06,145000000,-214000000,-20000000,-27000000,-1000000,229000000,0,-18000000,13000000
000250,2020-05-07,-38000000,-198000000,640000000,-55000000,0,-22000000,0,7000000,4000000
000250,2020-05-08,367000000,456000000,-388000000,721000000,59000000,370000000,0,74000000,-106000000
000250,2020-05-11,-410000000,1019000000,0,-93000000,0,1205000000,0,-1000000,2000000
000250,2020-05-12,-24000000,-94000000,1888000000,-159000000,0,-80000000,0,24000000,-8000000
000250,2020-05-13,217000000,-434000000,-263000000,342000000,0,-164000000,0,-23000000,-140000000
000250,2020-05-14,-509000000,-874000000,327000000,-339000000,0,-351000000,0,-175000000,37000000
000250,2020-05-15,131000000,-285000000,-2508000000,-832000000,0,-827000000,0,-18000000,161000000
000250,2020-05-18,46000000,-92000000,-1445000000,558000000,18000000,-136000000,0,-31000000,117000000
000250,2020-05-19,-150000000,-337000000,-411000000,-129000000,0,-408000000,0,29000000,71000000
000250,2020-05-20,-19000000,99000000,363000000,101000000,0,-74000000,0,191000000,46000000
000250,2020-05-21,-154000000,534000000,118000000,557000000,0,-112000000,0,168000000,85000000
000250,2020-05-22,131000000,233000000,-928000000,38000000,0,7000000,0,270000000,102000000
000250,2020-05-25,129000000,276000000,-788000000,453000000,0,403000000,0,35000000,11000000
000250,2020-05-26,419000000,1622000000,754000000,232000000,0,775000000,0,-85000000,56000000
000250,2020-05-27,-320000000,14000000,-67000000,-29000000,0,-93000000,3000000,-408000000,-5000000
000250,2020-05-28,-1380000000,-1203000000,-638000000,-871000000,0,-319000000,9000000,331000000,-40000000
000250,2020-05-29,-86000000,-557000000,51000000,-837000000,0,-18000000,0,-540000000,-3000000
000250,2020-06-01,116000000,155000000,-390000000,88000000,2000000,-24000000,-102000000,0,11000000
000250,2020-06-02,110000000,-8000000,-681000000,2000000,7000000,43000000,0,75000000,-1000000
000250,2020-06-03,-24000000,-658000000,-722000000,-411000000,9000000,-107000000,-20000000,169000000,-995000000
000250,2020-06-04,-353000000,-888000000,-1601000000,-73000000,8000000,85000000,20000000,14000000,-14000000
000250,2020-06-05,46000000,351000000,-188000000,596000000,-1000000,415000000,0,349000000,275000000
000250,2020-06-08,-5000000,-303000000,-57000000,-787000000,5000000,-36000000,15000000,67000000,2000000
000250,2020-06-09,-137000000,159000000,-150000000,95000000,0,3000000,0,-23000000,7000000
000250,2020-06-10,13000000,-401000000,-134000000,15000000,0,25000000,-173000000,-187000000,401000000
000250,2020-06-11,-462000000,-379000000,-181000000,-171000000,0,139000000,0,-52000000,-13000000
000250,2020-06-12,-50000000,7000000,-125000000,-74000000,0,37000000,0,43000000,-42000000
000250,2020-06-15,-232000000,-97000000,3000000,181000000,1000000,14000000,-82000000,212000000,0
000250,2020-06-16,-127000000,312000000,-68000000,-417000000,0,24000000,0,-46000000,12000000
000250,2020-06-17,-364000000,-406000000,3000000,-18000000,0,281000000,0,173000000,-484000000
000250,2020-06-18,-339000000,562000000,-65000000,286000000,0,593000000,0,29000000,-10000000
000250,2020-06-19,-203000000,374000000,478000000,18000000,-11000000,38000000,0,91000000,118000000
000250,2020-06-22,-263000000,200000000,3000000,-114000000,0,8000000,0,-21000000,0
000250,2020-06-23,-178000000,-77000000,0,-47000000,-5000000,31000000,0,177000000,10000000
000250,2020-06-24,55000000,-81000000,-15000000,-24000000,3000000,70000000,0,-63000000,-2000000
000250,2020-06-25,-478000000,-403000000,0,-150000000,4000000,11000000,-24000000,18000000,8000000
000250,2020-06-26,-93000000,-352000000,-13000000,-458000000,61000000,-65000000,8000000,-207000000,16000000
000250,2020-06-29,-363000000,-137000000,22000000,-1486000000,3000000,0,8000000,19000000,-23000000
000250,2020-06-30,132000000,-722000000,-112000000,72000000,0,-129000000,0,1000000,4000000
000250,2020-07-01,-26000000,-39000000,-379000000,-193000000,0,10000000,0,-69000000,2000000
000250,2020-07-02,199000000,67000000,385000000,-10000000,6000000,0,0,-6000000,24000000
000250,2020-07-03,-124000000,-378000000,84000000,1000000,-2000000,26000000,3000000,2000000,5000000
000250,2020-07-06,-3000000,-395000000,-644000000,-81000000,-6000000,-154000000,18000000,40000000,11000000
000250,2020-07-07,-401000000,-17000000,46000000,-26000000,-2000000,-221000000,0,-13000000,3000000
000250,2020-07-08,-112000000,-603000000,-91000000,-560000000,0,-446000000,-54000000,-16000000,18000000
000250,2020-07-09,-176000000,-141000000,-45000000,-5000000,0,-341000000,0,-10000000,2000000
000250,2020-07-10,-455000000,54000000,0,-38000000,-9000000,-18000000,0,14000000,-184000000
000250,2020-07-13,51000000,21000000,-92000000,-2000000,0,-598000000,0,29000000,-252000000
000250,2020-07-14,-72000000,-12000000,-25000000,104000000,0,-344000000,0,19000000,-5000000
000250,2020-07-15,40000000,-119000000,385000000,0,-1000000,-94000000,77000000,139000000,-96000000
000250,2020-07-16,-363000000,-125000000,380000000,-58000000,1000000,20000000,0,42000000,0
000250,2020-07-17,-784000000,-782000000,-425000000,960000000,-98000000,50000000,0,-152000000,5000000
000250,2020-07-20,-104000000,340000000,1400000000,96000000,-131000000,-8000000,0,163000000,49000000
000250,2020-07-21,335000000,132000000,589000000,0,0,-68000000,0,128000000,-70000000
000250,2020-07-22,-18000000,34000000,-85000000,86000000,-6000000,-339000000,0,-696000000,34000000
000250,2020-07-23,-165000000,-893000000,1095000000,332000000,-22000000,346000000,-97000000,-793000000,-49000000
000250,2020-07-24,-16000000,-104000000,683000000,132000000,-10000000,95000000,0,-631000000,16000000
000250,2020-07-27,94000000,-85000000,-223000000,-141000000,0,-36000000,181000000,21000000,4000000
000250,2020-07-28,-231000000,-320000000,-558000000,-799000000,0,-27000000,0,-802000000,-20000000
000250,2020-07-29,-135000000,277000000,248000000,174000000,-1000000,64000000,0,-913000000,27000000
000250,2020-07-30,15000000,1151000000,780000000,140000000,-3000000,1009000000,57000000,-1623000000,-139000000
000250,2020-07-31,536000000,4008000000,1266000000,516000000,-4000000,846000000,0,-1179000000,-8000000
000250,2020-08-03,-261000000,508000000,29000000,287000000,0,3000000,0,-315000000,-4000000
000250,2020-08-04,332000000,331000000,-293000000,-79000000,-8000000,-92000000,0,223000000,16000000
000250,2020-08-05,197000000,924000000,85000000,-174000000,0,1000000,0,-969000000,-29000000
000250,2020-08-06,169000000,-18000000,-1585000000,609000000,-5000000,-272000000,0,-490000000,63000000
000250,2020-08-07,-183000000,458000000,-129000000,675000000,-63000000,395000000,0,-39000000,-88000000
000250,2020-08-10,-114000000,201000000,-21000000,2463000000,-28000000,-27000000,-232000000,-133000000,691000000
000250,2020-08-11,-391000000,-101000000,-1537000000,-488000000,-45000000,-307000000,-442000000,514000000,-91000000
000250,2020-08-12,-422000000,-1540000000,-1158000000,-490000000,-57000000,-493000000,7000000,-627000000,-145000000
000250,2020-08-13,86000000,843000000,-38000000,213000000,-2000000,629000000,38000000,-18000000,111000000
000250,2020-08-14,-36000000,-49000000,531000000,191000000,-14000000,-61000000,0,-561000000,52000000
000250,2020-08-18,-152000000,-335000000,-180000000,-307000000,-34000000,-139000000,0,-56000000,34000000
000250,2020-08-19,568000000,346000000,-371000000,376000000,-2000000,174000000,0,67000000,-1000000
000250,2020-08-20,-638000000,11000000,-25000000,-72000000,-18000000,-114000000,0,170000000,-67000000
000250,2020-08-21,499000000,6000000,-2000000,58000000,-7000000,19000000,0,338000000,47000000
000250,2020-08-24,300000000,985000000,211000000,530000000,-21000000,-410000000,82000000,323000000,46000000
000250,2020-08-25,842000000,522000000,277000000,49000000,113000000,-412000000,0,-1138000000,0
000250,2020-08-26,-853000000,-37000000,-13000000,-799000000,-18000000,19000000,-22000000,-1176000000,-55000000
000250,2020-08-27,-495000000,-1728000000,22000000,-1462000000,-5000000,-125000000,-22000000,256000000,-35000000
000250,2020-08-28,305000000,268000000,-112000000,-305000000,-123000000,-1000000,-11000000,-1257000000,-8000000
000250,2020-08-31,-298000000,-282000000,-749000000,-1185000000,0,-177000000,-6000000,-237000000,1000000
000250,2020-09-01,-244000000,-316000000,0,-11000000,-94000000,-255000000,0,-1812000000,4000000
000250,2020-09-02,53000000,1992000000,-1400000000,-844000000,-9000000,-184000000,0,-2065000000,-125000000
000250,2020-09-03,-304000000,-592000000,496000000,72000000,-6000000,-107000000,0,-1175000000,-21000000
000250,2020-09-04,-552000000,-999000000,360000000,-47000000,-3000000,3000000,-93000000,-1859000000,217000000
000250,2020-09-07,-234000000,-262000000,-35000000,-82000000,0,-85000000,0,-72000000,-6000000
000250,2020-09-08,472000000,422000000,-1485000000,-540000000,-1000000,62000000,-28000000,278000000,-35000000
000250,2020-09-09,-141000000,60000000,-15000000,-44000000,-17000000,-1000000,0,2000000,-14000000
000250,2020-09-10,141000000,290000000,-1508000000,34000000,-14000000,-41000000,0,88000000,-6000000
000250,2020-09-11,-598000000,-463000000,177000000,-29000000,0,-4000000,0,577000000,25000000
000250,2020-09-14,-83000000,-333000000,-103000000,-64000000,-16000000,0,109000000,115000000,27000000
000250,2020-09-15,462000000,1916000000,725000000,522000000,-44000000,-31000000,0,18000000,-282000000
000250,2020-09-16,-373000000,-74000000,584000000,170000000,-69000000,-431000000,0,-205000000,-1000000
000250,2020-09-17,-631000000,-262000000,-14000000,-1115000000,-25000000,0,0,-30000000,62000000
000250,2020-09-18,96000000,-308000000,2000000,-166000000,-9000000,-281000000,0,37000000,11000000
000250,2020-09-21,-371000000,-441000000,-179000000,-1175000000,-7000000,-211000000,0,276000000,-5000000
000250,2020-09-22,-221000000,-63000000,-253000000,-187000000,-12000000,-370000000,0,-91000000,1000000
000250,2020-09-23,-1000000,-997000000,-2169000000,193000000,0,-236000000,0,139000000,15000000
000250,2020-09-24,-252000000,632000000,-43000000,781000000,0,-15000000,-7000000,192000000,-222000000
000250,2020-09-25,-370000000,-306000000,-279000000,554000000,0,-32000000,0,-66000000,-57000000
000250,2020-09-28,228000000,78000000,-2647000000,17000000,0,0,0,145000000,22000000
000250,2020-09-29,-14000000,-63000000,38000000,574000000,0,303000000,0,-172000000,71000000
000250,2020-10-05,700000000,14000000,-1100000000,552000000,0,-32000000,0,887000000,28000000
000250,2020-10-06,-540000000,-39000000,-209000000,32000000,-6000000,-20000000,0,15000000,-8000000
000250,2020-10-07,-113000000,2181000000,-130000000,250000000,0,0,293000000,-199000000,71000000
000250,2020-10-08,-355000000,598000000,-265000000,-1597000000,44000000,337000000,-37000000,-53000000,-408000000
000250,2020-10-12,256000000,-408000000,-39000000,-1401000000,-73000000,-529000000,0,-109000000,234000000
000250,2020-10-13,-168000000,-40000000,-138000000,499000000,0,-139000000,0,-289000000,47000000
000250,2020-10-14,-642000000,-308000000,-379000000,-292000000,-4000000,-50000000,0,1036000000,3000000
000250,2020-10-15,-219000000,-1429000000,-181000000,-489000000,0,-593000000,0,81000000,5000000
000250,2020-10-16,-297000000,-318000000,-309000000,-810000000,-5000000,-3000000,0,-386000000,-2000000
000250,2020-10-19,269000000,-1788000000,-406000000,-329000000,0,-285000000,0,-273000000,6000000
000250,2020-10-20,-227000000,-260000000,-377000000,530000000,-6000000,-135000000,-58000000,171000000,0
000250,2020-10-21,-240000000,-603000000,55000000,-369000000,0,-48000000,0,-253000000,0
000250,2020-10-22,-476000000,-404000000,-47000000,105000000,-194000000,0,0,-64000000,6000000
000250,2020-10-23,-37000000,942000000,125000000,281000000,0,388000000,0,177000000,125000000
000250,2020-10-26,24000000,-623000000,63000000,-1579000000,0,363000000,0,36000000,8000000
000250,2020-10-27,340000000,-1637000000,-75000000,-856000000,0,15000000,0,272000000,24000000
000250,2020-10-28,90000000,336000000,130000000,-726000000,-1000000,108000000,0,594000000,54000000
000250,2020-10-29,525000000,370000000,-28000000,-31000000,0,0,0,212000000,54000000
000250,2020-10-30,-525000000,-402000000,2669000000,-173000000,0,-51000000,0,-25000000,10000000
000250,2020-11-02,254000000,-1235000000,542000000,-63000000,0,-258000000,0,116000000,-3000000
000250,2020-11-03,293000000,-1000000,515000000,-12000000,0,6000000,0,-87000000,0
000250,2020-11-04,123000000,284000000,513000000,56000000,-1000000,95000000,0,114000000,55000000
000250,2020-11-05,472000000,766000000,144000000,146000000,0,403000000,0,-78000000,-15000000
000250,2020-11-06,-772000000,-351000000,416000000,263000000,0,398000000,0,-361000000,1000000
000250,2020-11-09,160000000,-1013000000,502000000,-11000000,0,-406000000,0,-22000000,23000000
000250,2020-11-10,-125000000,-282000000,-177000000,-380000000,-2000000,39000000,0,75000000,0
000250,2020-11-11,254000000,-590000000,-275000000,-209000000,5000000,69000000,0,218000000,-100000000
000250,2020-11-12,-551000000,2717000000,2448000000,1346000000,470000000,1107000000,0,-520000000,-368000000
000250,2020-11-13,-402000000,-249000000,1083000000,-186000000,0,924000000,0,-60000000,66000000
000250,2020-11-16,821000000,-263000000,-644000000,-24000000,-6000000,-349000000,0,209000000,57000000
000250,2020-11-17,-347000000,170000000,-16000000,168000000,0,56000000,0,-39000000,-18000000
000250,2020-11-18,524000000,331000000,1773000000,9000000,-13000000,270000000,0,-693000000,-119000000
000250,2020-11-19,-120000000,-1197000000,477000000,-85000000,0,0,0,-15000000,30000000
000250,2020-11-20,1047000000,-134000000,1990000000,-340000000,-22000000,630000000,0,-247000000,-20000000
000250,2020-11-23,-538000000,103000000,1542000000,538000000,-1000000,-819000000,0,-302000000,56000000
000250,2020-11-24,91000000,1015000000,1247000000,166000000,-2000000,20000000,0,-304000000,113000000
000250,2020-11-25,-720000000,-50000000,581000000,0,-1000000,-156000000,0,129000000,2000000
000250,2020-11-26,709000000,665000000,-52000000,-3000000,-4000000,-108000000,0,-6000000,0
000250,2020-11-27,618000000,86000000,1043000000,10000000,0,263000000,0,77000000,-118000000
000250,2020-11-30,-47000000,-177000000,-27000000,-102000000,-482000000,0,0,-51000000,16000000
000250,2020-12-01,-204000000,259000000,5000000,386000000,-1000000,-14000000,-290000000,-211000000,0
000250,2020-12-02,-434000000,-867000000,-215000000,-378000000,0,99000000,-119000000,-397000000,20000000
000250,2020-12-03,-731000000,491000000,-492000000,245000000,132000000,8000000,0,-813000000,10000000
000250,2020-12-04,34000000,-467000000,-952000000,-377000000,0,-147000000,0,-41000000,14000000
000250,2020-12-07,41000000,750000000,-185000000,219000000,0,5000000,0,66000000,-101000000
000250,2020-12-08,899000000,549000000,-825000000,112000000,162000000,-8000000,0,-215000000,3000000
000250,2020-12-09,60000000,1330000000,1937000000,62000000,-2000000,296000000,0,-1086000000,13000000
000250,2020-12-10,1002000000,-524000000,778000000,694000000,0,-22000000,0,-747000000,33000000
000250,2020-12-11,-370000000,-63000000,-3226000000,660000000,0,-207000000,-16000000,-255000000,45000000
000250,2020-12-14,-94000000,-235000000,-847000000,-76000000,-327000000,-28000000,43000000,-331000000,7000000
000250,2020-12-15,-395000000,-1169000000,1534000000,-216000000,-10000000,0,-530000000,-65000000,-3000000
000250,2020-12-16,409000000,-926000000,367000000,-141000000,-4000000,-81000000,-2000000,57000000,16000000
000250,2020-12-17,272000000,-709000000,-298000000,-339000000,0,32000000,0,-202000000,49000000
000250,2020-12-18,-452000000,560000000,-184000000,1793000000,0,-173000000,0,-127000000,193000000
000250,2020-12-21,-1029000000,270000000,291000000,-1452000000,-130000000,-86000000,0,-1289000000,30000000
000250,2020-12-22,-2005000000,-2440000000,-3768000000,-1551000000,-1000000,50000000,0,-497000000,150000000
000250,2020-12-23,295000000,-320000000,-998000000,-448000000,-2000000,-339000000,0,364000000,-67000000
000250,2020-12-24,2383000000,1101000000,324000000,1215000000,0,-424000000,0,437000000,-15000000
000250,2020-12-28,4346000000,-175000000,-231000000,2769000000,-40000000,1000000,0,3000000,77000000
000250,2020-12-29,-1570000000,-612000000,-75000000,-562000000,0,226000000,0,-653000000,-85000000
000250,2020-12-30,222000000,2797000000,-34000000,-412000000,0,-40000000,0,-145000000,-129000000
000250,2021-01-04,-1994000000,-590000000,-612000000,-1460000000,0,-575000000,20000000,-110000000,-356000000
000250,2021-01-05,-1768000000,-1050000000,469000000,-819000000,0,-1361000000,11000000,-773000000,13000000
000250,2021-01-06,-1513000000,-842000000,23000000,-210000000,-2000000,-127000000,13000000,3000000,-45000000
000250,2021-01-07,363000000,-1195000000,-692000000,-261000000,0,76000000,-96000000,-44000000,24000000
000250,2021-01-08,-269000000,-252000000,-165000000,-902000000,0,-99000000,0,435000000,-72000000
000250,2021-01-11,-17000000,-4832000000,-2652000000,-651000000,-5000000,-380000000,0,57000000,-130000000
000250,2021-01-12,-633000000,-557000000,-564000000,75000000,-4000000,-351000000,0,90000000,-30000000
000250,2021-01-13,-175000000,-1939000000,-405000000,0,-9000000,-134000000,0,-239000000,57000000
000250,2021-01-14,-442000000,-178000000,-1076000000,-176000000,-1000000,-122000000,0,2000000,-22000000
000250,2021-01-15,-1000000000,225000000,-1355000000,216000000,-1000000,-21000000,0,-603000000,15000000
000250,2021-01-18,-929000000,-593000000,527000000,170000000,-5000000,131000000,0,-58000000,139000000
000250,2021-01-19,678000000,-246000000,1009000000,137000000,6000000,-153000000,0,129000000,-58000000
000250,2021-01-20,985000000,480000000,-757000000,191000000,12000000,84000000,0,107000000,-300000000
000250,2021-01-21,-844000000,-164000000,1248000000,349000000,11000000,285000000,0,-103000000,39000000
000250,2021-01-22,-491000000,-727000000,410000000,-1436000000,-14000000,-226000000,0,68000000,-92000000
000250,2021-01-25,525000000,480000000,58000000,348000000,26000000,-12000000,0,203000000,-216000000
000250,2021-01-26,-630000000,-410000000,-13000000,-171000000,5000000,-34000000,0,84000000,-1000000
000250,2021-01-27,-889000000,-394000000,-1633000000,-143000000,4000000,-332000000,0,184000000,-78000000
000250,2021-01-28,-491000000,-176000000,30000000,-25000000,12000000,527000000,0,54000000,5000000
000250,2021-01-29,-289000000,209000000,-2000000,0,0,-3000000,0,22000000,-111000000
000250,2021-02-01,398000000,-134000000,-3000000,-83000000,0,370000000,0,390000000,4000000
000250,2021-02-02,-20000000,-75000000,-353000000,0,-30000000,-56000000,0,1000000,-39000000
000250,2021-02-03,-12000000,-682000000,-517000000,-21000000,-1000000,-121000000,0,-438000000,46000000
000250,2021-02-04,-398000000,-388000000,1824000000,-92000000,0,-20000000,0,88000000,3000000
000250,2021-02-05,546000000,-2167000000,0,-5000000,-4000000,-284000000,-6000000,-232000000,28000000
000250,2021-02-08,-73000000,12000000,1554000000,144000000,0,-240000000,0,279000000,92000000
000250,2021-02-09,3000000,48000000,71000000,909000000,0,-156000000,0,-126000000,-18000000
000250,2021-02-10,239000000,677000000,1300000000,695000000,0,-96000000,0,17000000,-117000000
000250,2021-02-15,635000000,-1190000000,-173000000,0,0,-153000000,0,-41000000,-22000000
000250,2021-02-16,-535000000,-978000000,50000000,-106000000,4000000,105000000,0,-136000000,49000000
000250,2021-02-17,-295000000,-488000000,0,-573000000,-5000000,10000000,0,18000000,17000000
000250,2021-02-18,-209000000,-156000000,1185000000,0,0,-359000000,56000000,164000000,24000000
000250,2021-02-19,127000000,417000000,450000000,-179000000,1000000,-183000000,0,70000000,28000000
000250,2021-02-22,-73000000,171000000,-176000000,-15000000,0,-18000000,0,123000000,51000000
000250,2021-02-23,-95000000,-680000000,16000000,9000000,0,1000000,12000000,4000000,-25000000
000250,2021-02-24,-88000000,-275000000,-1062000000,0,0,1000000,0,151000000,46000000
000250,2021-02-25,531000000,467000000,-1561000000,104000000,0,-2000000,0,-47000000,-159000000
000250,2021-02-26,-693000000,-551000000,23000000,152000000,0,88000000,0,-95000000,-64000000
000250,2021-03-02,271000000,-54000000,130000000,669000000,25000000,147000000,0,-340000000,-8000000
000250,2021-03-03,192000000,-558000000,-823000000,3000000,0,-241000000,0,302000000,-150000000
000250,2021-03-04,-365000000,-1371000000,-912000000,-307000000,16000000,-1473000000,0,-217000000,293000000
000250,2021-03-05,-609000000,-110000000,-333000000,-502000000,0,-482000000,12000000,132000000,75000000
000250,2021-03-08,77000000,-88000000,-141000000,0,0,-339000000,0,268000000,105000000
000250,2021-03-09,-373000000,-126000000,0,-421000000,0,-187000000,0,62000000,-35000000
000250,2021-03-10,-393000000,623000000,-197000000,1501000000,0,733000000,0,-39000000,-3000000
000250,2021-03-11,-8000000,-375000000,-1023000000,4000000,0,49000000,0,-14000000,2000000
000250,2021-03-12,108000000,745000000,1508000000,39000000,-3000000,-22000000,15000000,-79000000,-26000000
000250,2021-03-15,166000000,-255000000,-41000000,-3000000,0,-229000000,0,92000000,5000000
000250,2021-03-16,323000000,313000000,224000000,0,0,306000000,0,20000000,-3000000
000250,2021-03-17,-179000000,420000000,98000000,34000000,0,416000000,12000000,-16000000,-15000000
000250,2021-03-18,199000000,210000000,78000000,20000000,-1000000,219000000,0,6000000,0
000250,2021-03-19,-281000000,517000000,231000000,2290000000,0,1036000000,0,-11000000,-157000000
000250,2021-03-22,-6000000,224000000,40000000,1367000000,0,-136000000,0,-62000000,-27000000
000250,2021-03-23,-41000000,117000000,83000000,-8000000,0,10000000,0,-146000000,4000000
000250,2021-03-24,172000000,-283000000,-1016000000,-1074000000,0,-96000000,0,20000000,1000000
000250,2021-03-25,-89000000,-207000000,-1182000000,-5000000,0,0,0,87000000,11000000
000250,2021-03-26,-231000000,32000000,-1050000000,-24000000,0,13000000,0,1584000000,1000000
000250,2021-03-29,-109000000,-9000000,-111000000,-29000000,0,17000000,0,-534000000,0
000250,2021-03-30,185000000,-20000000,11000000,-27000000,0,-52000000,0,33000000,3000000
000250,2021-03-31,-156000000,-104000000,-70000000,-836000000,0,299000000,0,-430000000,45000000
000250,2021-04-01,134000000,-131000000,-6000000,-1832000000,0,-6000000,0,-11000000,7000000
000250,2021-04-02,-117000000,-12000000,-969000000,127000000,0,-97000000,0,138000000,37000000
000250,2021-04-05,-648000000,-1083000000,-483000000,-438000000,-92000000,-600000000,0,115000000,-36000000
000250,2021-04-06,0,-262000000,-433000000,-80000000,0,-4000000,0,101000000,32000000
000250,2021-04-07,16000000,-242000000,6000000,18000000,0,-168000000,0,-58000000,83000000
000250,2021-04-08,153000000,-39000000,-2811000000,427000000,0,-42000000,0,22000000,-17000000
000250,2021-04-09,-178000000,728000000,249000000,2100000000,0,70000000,0,-507000000,-31000000
000250,2021-04-12,217000000,-23000000,-862000000,-169000000,0,27000000,0,-804000000,22000000
000250,2021-04-13,106000000,-3000000,39000000,-8000000,-297000000,-12000000,0,38000000,6000000
000250,2021-04-14,260000000,70000000,353000000,1162000000,0,0,0,58000000,-60000000
000250,2021-04-15,-398000000,-858000000,31000000,-4000000,0,-276000000,-49000000,663000000,21000000
000250,2021-04-16,-56000000,-497000000,-29000000,-23000000,0,-12000000,0,51000000,27000000
000250,2021-04-19,106000000,-95000000,-16000000,-106000000,0,0,0,16000000,-4000000
000250,2021-04-20,-294000000,-75000000,-100000000,-11000000,-21000000,-132000000,0,-7000000,24000000
000250,2021-04-21,-459000000,-419000000,-4000000,-444000000,-5000000,0,0,4000000,28000000
000250,2021-04-22,-119000000,-1000000,-20000000,13000000,0,-4000000,0,-16000000,53000000
000250,2021-04-23,1000000,-6000000,-236000000,-18000000,0,-3000000,0,-29000000,-27000000
000250,2021-04-26,-46000000,-501000000,0,0,0,-718000000,102000000,134000000,-15000000
000250,2021-04-27,121000000,9000000,-827000000,537000000,0,-184000000,0,47000000,14000000
000250,2021-04-28,-189000000,-1101000000,-139000000,-672000000,0,-50000000,0,45000000,57000000
000250,2021-04-29,-41000000,-139000000,-30000000,310000000,0,-190000000,0,-10000000,14000000
000250,2021-04-30,44000000,0,-320000000,334000000,0,0,0,66000000,-1000000
000250,2021-05-03,277000000,-144000000,-13000000,-775000000,0,-474000000,0,891000000,129000000
000250,2021-05-04,252000000,922000000,34000000,-263000000,0,-31000000,0,942000000,5000000
000250,2021-05-06,200000000,217000000,-64000000,-188000000,0,-90000000,145000000,21000000,-190000000
000250,2021-05-07,33000000,588000000,534000000,-53000000,0,303000000,0,-327000000,-80000000
000250,2021-05-10,182000000,1705000000,1233000000,300000000,0,133000000,0,31000000,-7000000
000250,2021-05-11,-429000000,-1247000000,380000000,-788000000,0,-18000000,0,5000000,-19000000
000250,2021-05-12,14000000,399000000,396000000,20000000,0,0,0,-14000000,-202000000
000250,2021-05-13,39000000,-307000000,-722000000,363000000,0,-3000000,0,783000000,-26000000
000250,2021-05-14,8000000,47000000,5000000,-29000000,0,-14000000,0,-90000000,2000000
000250,2021-05-17,-290000000,741000000,-5000000,1766000000,0,-15000000,0,3000000,13000000
000250,2021-05-18,1452000000,405000000,229000000,1155000000,0,110000000,0,19000000,-59000000
000250,2021-05-20,164000000,-276000000,10000000,174000000,0,0,0,232000000,15000000
000250,2021-05-21,74000000,-74000000,-958000000,-1023000000,0,-1000000,0,-31000000,12000000
000250,2021-05-24,-77000000,-7000000,-606000000,11000000,0,2000000,0,-115000000,47000000
000250,2021-05-25,402000000,-137000000,-975000000,31000000,0,-483000000,0,26000000,36000000
000250,2021-05-26,15000000,-847000000,-603000000,-33000000,0,-744000000,0,194000000,56000000
000250,2021-05-27,171000000,-571000000,37000000,-295000000,0,56000000,0,57000000,35000000
000250,2021-05-28,-104000000,49000000,-23000000,74000000,0,0,-27000000,311000000,-5000000
000250,2021-05-31,-269000000,-193000000,-29000000,-562000000,0,-359000000,0,-19000000,33000000
000250,2021-06-01,-52000000,-2000000,-39000000,-2000000,0,-1000000,0,24000000,-14000000
000250,2021-06-02,-212000000,-62000000,14000000,-82000000,0,-355000000,0,6000000,1000000
000250,2021-06-03,70000000,-9000000,-10000000,-12000000,0,-285000000,0,-43000000,2000000
000250,2021-06-04,-306000000,0,18000000,-5000000,0,-5000000,0,10000000,-2000000
000250,2021-06-07,71000000,0,24000000,0,0,0,0,27000000,130000000
000250,2021-06-08,64000000,-75000000,-70000000,-13000000,0,-225000000,-24000000,38000000,3000000
000250,2021-06-09,-26000000,-1097000000,5000000,37000000,0,-601000000,10000000,12000000,-88000000
000250,2021-06-10,2313000000,-1490000000,-40000000,-82000000,0,-80000000,0,77000000,-6000000
000250,2021-06-11,100000000,-194000000,249000000,-159000000,0,-1000000,0,68000000,1000000
000250,2021-06-14,-180000000,-220000000,103000000,0,0,0,0,0,9000000
000250,2021-06-15,-116000000,-586000000,249000000,0,0,-5000000,0,-121000000,-15000000
000250,2021-06-16,-38000000,-4000000,-730000000,0,0,-82000000,0,10000000,0
000250,2021-06-17,-172000000,379000000,1989000000,102000000,0,201000000,0,45000000,0
000250,2021-06-18,201000000,-4000000,134000000,0,0,-11000000,0,144000000,-7000000
000250,2021-06-21,-246000000,-4000000,43000000,-1000000,0,-119000000,0,-12000000,15000000
000250,2021-06-22,22000000,60000000,832000000,-2000000,0,169000000,0,5000000,0
000250,2021-06-23,54000000,-11000000,39000000,15000000,0,133000000,0,24000000,21000000
000250,2021-06-24,-189000000,5000000,-87000000,3000000,0,-3000000,0,60000000,0
000250,2021-06-25,-108000000,0,-232000000,-819000000,0,1000000,0,-441000000,41000000
000250,2021-06-28,-14000000,-135000000,-20000000,-2000000,0,-248000000,0,199000000,4000000
000250,2021-06-29,47000000,20000000,-19000000,-15000000,0,-481000000,0,-495000000,-67000000
000250,2021-06-30,-10000000,74000000,-133000000,28000000,0,39000000,0,-320000000,-66000000
000250,2021-07-01,-132000000,-134000000,136000000,-85000000,0,-153000000,0,14000000,-15000000
000250,2021-07-02,-147000000,44000000,403000000,-1000000,0,59000000,0,-132000000,-29000000
000250,2021-07-05,370000000,670000000,180000000,1683000000,0,97000000,0,-603000000,-37000000
000250,2021-07-06,-63000000,212000000,206000000,144000000,0,-243000000,0,-740000000,8000000
000250,2021-07-07,-89000000,-29000000,-440000000,-59000000,0,9000000,0,-40000000,6000000
000250,2021-07-08,-592000000,-949000000,-186000000,-686000000,0,33000000,0,-121000000,1000000
000250,2021-07-09,1000000,-149000000,-303000000,-642000000,0,-24000000,0,-156000000,27000000
000250,2021-07-12,60000000,39000000,-23000000,4000000,0,0,0,15000000,10000000
000250,2021-07-13,26000000,0,-24000000,58000000,0,-3000000,0,-561000000,-41000000
000250,2021-07-14,-282000000,21000000,-1116000000,-138000000,0,68000000,0,15000000,-9000000
000250,2021-07-15,-16000000,4000000,0,0,0,7000000,0,10000000,0
000250,2021-07-16,-202000000,1000000,-1273000000,2000000,0,22000000,0,58000000,65000000
000250,2021-07-19,-84000000,0,-1124000000,-8000000,0,0,0,-76000000,28000000
000250,2021-07-20,-39000000,0,-310000000,2000000,0,0,0,21000000,6000000
000250,2021-07-21,-309000000,104000000,-8000000,709000000,0,1000000,0,7000000,11000000
000250,2021-07-22,415000000,-425000000,-592000000,119000000,0,-943000000,0,44000000,70000000
000250,2021-07-23,27000000,-6000000,-811000000,8000000,99000000,0,0,-277000000,-10000000
000250,2021-07-26,122000000,-571000000,-755000000,2000000,29000000,-618000000,0,-521000000,10000000
000250,2021-07-27,-332000000,-2000000,-616000000,0,19000000,0,0,69000000,57000000
000250,2021-07-28,-220000000,-17000000,-13000000,-37000000,6000000,0,0,21000000,78000000
000250,2021-07-29,129000000,2045000000,1368000000,1506000000,-29000000,150000000,0,-120000000,-322000000
000250,2021-07-30,-662000000,91000000,-75000000,-9000000,-29000000,-226000000,0,34000000,60000000
000250,2021-08-02,547000000,125000000,-525000000,-805000000,-6000000,-185000000,0,549000000,-116000000
000250,2021-08-03,-831000000,912000000,-18000000,-1460000000,0,1099000000,0,310000000,-65000000
000250,2021-08-04,1036000000,-48000000,-783000000,-14000000,0,42000000,0,358000000,33000000
000250,2021-08-05,195000000,-1000000,-99000000,-12000000,0,0,0,-73000000,56000000
000250,2021-08-06,-95000000,-21000000,-135000000,-1000000,0,0,0,11000000,3000000
000250,2021-08-09,-568000000,30000000,-984000000,9000000,0,131000000,0,197000000,-109000000
000250,2021-08-10,-101000000,221000000,-1022000000,87000000,-3000000,-162000000,-4000000,30000000,-23000000
000250,2021-08-11,-308000000,650000000,-541000000,1599000000,0,-204000000,-6000000,-294000000,-10000000
000250,2021-08-12,-539000000,196000000,0,8000000,0,24000000,0,-71000000,14000000
000250,2021-08-13,8000000,-541000000,9000000,40000000,0,0,-110000000,-69000000,10000000
000250,2021-08-17,-405000000,-37000000,-5000000,-5000000,0,0,0,-115000000,-20000000
000250,2021-08-18,465000000,55000000,23000000,196000000,-3000000,-180000000,0,111000000,-18000000
000250,2021-08-19,696000000,177000000,-807000000,3000000,0,-388000000,0,-147000000,-80000000
000250,2021-08-20,-351000000,490000000,89000000,-62000000,0,120000000,0,-282000000,4000000
000250,2021-08-23,7000000,1274000000,-9000000,111000000,0,-1000000,0,525000000,-15000000
000250,2021-08-24,73000000,179000000,-361000000,661000000,0,-227000000,0,185000000,-24000000
000250,2021-08-25,-84000000,322000000,11000000,508000000,0,-114000000,0,989000000,-39000000
000250,2021-08-26,-590000000,-1618000000,-1452000000,-147000000,0,0,0,-415000000,69000000
000250,2021-08-27,-72000000,0,-261000000,-36000000,39000000,-97000000,0,166000000,7000000
000250,2021-08-30,-216000000,-65000000,-2649000000,-24000000,0,-527000000,9000000,645000000,31000000
000250,2021-08-31,187000000,0,539000000,-10000000,15000000,-17000000,0,-59000000,27000000
000250,2021-09-01,-85000000,-169000000,-179000000,34000000,0,-118000000,20000000,21000000,6000000
000250,2021-09-02,-208000000,-98000000,-246000000,-129000000,20000000,39000000,0,50000000,50000000
000250,2021-09-03,-146000000,-51000000,-113000000,-9000000,0,24000000,0,-79000000,-77000000
000250,2021-09-06,-148000000,-14000000,-882000000,-31000000,0,24000000,0,-191000000,52000000
000250,2021-09-07,-246000000,-36000000,-259000000,-11000000,0,46000000,10000000,-64000000,8000000
000250,2021-09-08,-230000000,-190000000,-952000000,-85000000,0,-327000000,0,-319000000,99000000
000250,2021-09-09,121000000,-765000000,-177000000,-96000000,0,-22000000,0,269000000,11000000
000250,2021-09-10,-37000000,53000000,-136000000,-7000000,0,9000000,0,308000000,106000000
000250,2021-09-13,-161000000,-6000000,-231000000,-16000000,-28000000,-2023000000,0,-281000000,142000000
000250,2021-09-14,-5000000,0,-9000000,-6000000,0,-72000000,3000000,-103000000,4000000
000250,2021-09-15,-120000000,-870000000,0,-28000000,0,0,0,14000000,-1000000
000250,2021-09-16,-270000000,-742000000,0,0,0,9000000,1000000,58000000,6000000
000250,2021-09-17,-442000000,73000000,-167000000,102000000,-9000000,-17000000,0,52000000,-2000000
000250,2021-09-23,158000000,-11000000,0,2000000,0,7000000,0,-153000000,-44000000
000250,2021-09-24,-138000000,-740000000,-241000000,-11000000,0,-160000000,0,-22000000,30000000
000250,2021-09-27,19000000,-973000000,-686000000,-33000000,0,-293000000,0,-23000000,16000000
000250,2021-09-28,-327000000,-1024000000,-63000000,-47000000,0,-68000000,0,-24000000,76000000
000250,2021-09-29,98000000,0,-211000000,-751000000,0,-39000000,0,-55000000,257000000
000250,2021-09-30,6000000,-96000000,-95000000,2000000,0,-22000000,0,87000000,5000000
000250,2021-10-01,-164000000,-27000000,0,486000000,0,0,0,-45000000,8000000
000250,2021-10-05,460000000,-2036000000,-342000000,-439000000,2000000,164000000,0,26000000,119000000
000250,2021-10-06,582000000,-269000000,-936000000,-531000000,9000000,-441000000,0,-138000000,22000000
000250,2021-10-07,34000000,67000000,4000000,1000000,-12000000,-313000000,0,8000000,-7000000
000250,2021-10-08,-597000000,-184000000,-3000000,43000000,0,-126000000,0,154000000,9000000
000250,2021-10-12,105000000,0,7000000,4000000,0,0,0,43000000,29000000
000250,2021-10-13,237000000,-26000000,11000000,0,0,416000000,0,39000000,-1000000
000250,2021-10-14,90000000,0,0,0,0,0,0,-35000000,3000000
000250,2021-10-15,-320000000,-2000000,0,0,0,0,0,-9000000,-4000000
000250,2021-10-18,-199000000,-3000000,-12000000,1000000,0,0,0,11000000,-59000000
000250,2021-10-19,-129000000,0,88000000,-1000000,0,0,0,29000000,0
000250,2021-10-20,-131000000,0,82000000,-1000000,0,0,0,-24000000,-121000000
000250,2021-10-21,-252000000,471000000,0,-19000000,0,-6000000,0,-206000000,-47000000
000250,2021-10-22,-162000000,356000000,0,-3000000,0,0,0,0,-5000000
000250,2021-10-25,13000000,454000000,0,-4000000,0,0,0,0,0
000250,2021-10-26,282000000,968000000,0,1000000,0,0,0,-16000000,4000000
000250,2021-10-27,-244000000,835000000,0,1000000,0,-1000000,0,26000000,-9000000
000250,2021-10-28,-93000000,-262000000,-11000000,2000000,0,-15000000,0,-67000000,1000000
000250,2021-10-29,-147000000,0,0,1000000,0,0,0,4000000,-7000000
000250,2021-11-01,449000000,0,266000000,71000000,0,466000000,0,-74000000,-123000000
000250,2021-11-02,66000000,-14000000,0,-3000000,0,0,0,-7000000,-1000000
000250,2021-11-03,-222000000,54000000,-19000000,-2000000,0,-6000000,0,-246000000,2000000
000250,2021-11-04,293000000,18000000,181000000,0,0,0,0,0,0
000250,2021-11-05,-26000000,30000000,-4000000,0,0,-2000000,0,-1000000,-1000000
000250,2021-11-08,-50000000,0,0,3000000,0,0,0,17000000,218000000
000250,2021-11-09,-8000000,0,0,0,0,0,0,-2000000,24000000
000250,2021-11-10,-334000000,-29000000,-97000000,57000000,0,0,0,-6000000,33000000
000250,2021-11-11,-213000000,0,0,-19000000,0,0,0,0,0
000250,2021-11-12,-107000000,-35000000,0,1000000,0,0,0,0,1000000
000250,2021-11-15,0,-7000000,0,0,0,0,0,-45000000,0
000250,2021-11-16,-249000000,0,0,-10000000,0,-5000000,0,1000000,17000000
000250,2021-11-17,19000000,-86000000,-292000000,-366000000,0,0,0,-28000000,-44000000
000250,2021-11-18,72000000,-12000000,-65000000,30000000,0,-10000000,0,22000000,-23000000
000250,2021-11-19,-37000000,0,-183000000,-2000000,0,-158000000,0,40000000,-22000000
000250,2021-11-22,251000000,-35000000,-28000000,-6000000,0,-5000000,0,0,0
000250,2021-11-23,-168000000,0,-22000000,0,0,0,0,-43000000,-1000000
000250,2021-11-24,-63000000,0,-94000000,1000000,0,0,0,1000000,0
000250,2021-11-25,-124000000,-4000000,0,-27000000,0,0,0,2000000,0
000250,2021-11-26,-203000000,10000000,0,-41000000,0,0,0,-17000000,0
000250,2021-11-29,121000000,47000000,0,4000000,0,0,0,3000000,-21000000
000250,2021-11-30,350000000,0,0,5000000,0,0,0,5000000,0
000250,2021-12-01,344000000,10000000,0,13000000,0,0,0,3000000,0
000250,2021-12-02,173000000,-37000000,0,2000000,0,22000000,0,-83000000,0
000250,2021-12-03,366000000,173000000,0,19000000,0,85000000,0,-22000000,0
000250,2021-12-06,-267000000,-20000000,0,0,0,-16000000,-1000000,22000000,0
000250,2021-12-07,305000000,0,0,-50000000,0,-16000000,0,-18000000,-2000000
000250,2021-12-08,349000000,147000000,72000000,0,0,0,0,-3000000,0
000250,2021-12-09,889000000,-304000000,32000000,-2000000,0,0,0,-32000000,-10000000
000250,2021-12-10,-246000000,-38000000,-105000000,-6000000,0,-10000000,-4000000,47000000,9000000
000250,2021-12-13,7000000,-10000000,0,-5000000,0,0,0,0,0
000250,2021-12-14,69000000,-2000000,0,-9000000,-1000000,-49000000,0,-3000000,-1000000
000250,2021-12-15,124000000,13000000,7000000,-5000000,0,0,0,-319000000,-6000000
000250,2021-12-16,122000000,81000000,0,0,0,-11000000,0,-90000000,0
000250,2021-12-17,-297000000,-1000000,74000000,-20000000,0,-11000000,0,-146000000,49000000
000250,2021-12-20,39000000,-1000000,-55000000,-3000000,0,0,0,60000000,-44000000
000250,2021-12-21,226000000,63000000,-56000000,0,0,0,0,-128000000,2000000
000250,2021-12-22,-11000000,0,-77000000,-3000000,0,0,0,-148000000,-1000000
000250,2021-12-23,502000000,-46000000,6000000,0,0,0,-62000000,-106000000,2000000
000250,2021-12-24,428000000,11000000,-15000000,0,0,0,-21000000,-123000000,28000000
000250,2021-12-27,640000000,0,334000000,0,0,16000000,0,2000000,1000000
000250,2021-12-28,1967000000,66000000,488000000,178000000,0,54000000,0,64000000,21000000
000250,2021-12-29,-1713000000,-3000000,0,-19000000,0,-45000000,0,-68000000,-2000000
000250,2021-12-30,-319000000,-8000000,432000000,-31000000,0,0,0,10000000,4000000
000250,2022-01-03,64000000,28000000,247000000,8000000,0,27000000,0,-1000000,1000000
000250,2022-01-04,-111000000,0,227000000,-12000000,0,0,0,0,0
000250,2022-01-05,26000000,4000000,0,-3000000,0,0,0,10000000,1000000
000250,2022-01-06,74000000,41000000,213000000,-31000000,0,-40000000,0,42000000,-68000000
000250,2022-01-07,-211000000,49000000,0,-51000000,0,0,0,0,0
000250,2022-01-10,-160000000,20000000,0,9000000,0,0,0,-120000000,0
000250,2022-01-11,-15000000,15000000,0,2000000,19000000,-336000000,0,-3000000,35000000
000250,2022-01-12,179000000,169000000,-38000000,-1000000,0,-18000000,-189000000,12000000,-4000000
000250,2022-01-13,286000000,-27000000,0,-1000000,0,-41000000,0,0,134000000
000250,2022-01-14,-169000000,56000000,0,0,0,0,0,34000000,0
000250,2022-01-17,-64000000,23000000,0,2000000,0,0,0,-13000000,-34000000
000250,2022-01-18,-164000000,0,-3000000,12000000,14000000,25000000,0,-26000000,0
000250,2022-01-19,-27000000,195000000,-360000000,-1000000,18000000,5000000,0,31000000,-36000000
000250,2022-01-20,324000000,148000000,0,-2000000,0,-19000000,0,51000000,-6000000
000250,2022-01-21,-180000000,-115000000,0,2000000,0,0,0,0,-73000000
000250,2022-01-24,277000000,39000000,0,0,0,-28000000,0,-26000000,8000000
000250,2022-01-25,536000000,107000000,-33000000,3000000,22000000,44000000,0,103000000,-3000000
000250,2022-01-26,420000000,112000000,-64000000,0,3000000,-154000000,0,0,0
000250,2022-01-27,260000000,73000000,-2683000000,0,67000000,-72000000,-2000000,194000000,7000000
000250,2022-01-28,481000000,117000000,0,-2000000,-60000000,-81000000,0,38000000,0
000250,2022-02-03,-545000000,113000000,0,7000000,0,8000000,0,-12000000,4000000
000250,2022-02-04,-83000000,85000000,0,-2000000,0,0,0,18000000,0
000250,2022-02-07,-422000000,0,-148000000,13000000,0,-1000000,0,27000000,0
000250,2022-02-08,-262000000,-117000000,-29000000,-21000000,0,0,0,-121000000,2000000
000250,2022-02-09,17000000,-34000000,-278000000,-40000000,0,0,0,24000000,3000000
000250,2022-02-10,-161000000,-108000000,0,9000000,0,0,0,16000000,6000000
000250,2022-02-11,-320000000,0,0,-8000000,0,0,0,60000000,7000000
000250,2022-02-14,210000000,14000000,0,0,0,0,-2000000,38000000,0
000250,2022-02-15,171000000,-28000000,-10000000,-2000000,0,-34000000,0,48000000,-1000000
000250,2022-02-16,-15000000,64000000,0,0,0,0,0,-67000000,-10000000
000250,2022-02-17,-145000000,36000000,-212000000,-1000000,0,0,0,-61000000,-3000000
000250,2022-02-18,-48000000,-86000000,0,1000000,0,-41000000,0,45000000,3000000
000250,2022-02-21,-96000000,-70000000,0,0,0,0,0,0,8000000
000250,2022-02-22,-217000000,-150000000,0,-5000000,0,0,0,45000000,0
000250,2022-02-23,-38000000,-17000000,-230000000,-3000000,0,0,0,23000000,-7000000
000250,2022-02-24,159000000,-140000000,0,0,0,-113000000,0,41000000,-3000000
000250,2022-02-25,232000000,-75000000,0,0,0,0,0,-67000000,15000000
000250,2022-02-28,-332000000,-73000000,0,0,0,37000000,0,25000000,1000000
000250,2022-03-02,-62000000,-24000000,0,0,0,63000000,0,-12000000,-3000000
000250,2022-03-03,170000000,-11000000,0,8000000,0,-1000000,0,-23000000,-10000000
000250,2022-03-04,-507000000,0,0,-26000000,-2000000,0,0,32000000,115000000
000250,2022-03-07,-145000000,0,0,-11000000,0,0,0,31000000,6000000
000250,2022-03-08,-136000000,-40000000,0,-5000000,0,0,0,5000000,7000000
000250,2022-03-10,926000000,-69000000,33000000,-1000000,0,0,0,-4000000,0
000250,2022-03-11,169000000,6000000,0,10000000,0,0,0,-9000000,0
000250,2022-03-14,-297000000,-17000000,0,0,0,0,0,41000000,0
000250,2022-03-15,-153000000,-8000000,0,-1000000,0,0,-6000000,0,0
000250,2022-03-16,456000000,8000000,0,-15000000,0,0,0,-22000000,1000000
000250,2022-03-17,460000000,0,133000000,1000000,0,0,0,-98000000,2000000
000250,2022-03-18,-25000000,0,73000000,3000000,0,-1000000,0,-8000000,0
000250,2022-03-21,-115000000,0,31000000,-1000000,0,0,0,0,0
000250,2022-03-22,93000000,0,-30000000,-8000000,0,0,0,-7000000,3000000
000250,2022-03-23,5000000,-5000000,0,-3000000,0,0,0,-4000000,0
000250,2022-03-24,-55000000,0,-133000000,6000000,0,0,0,28000000,0
000250,2022-03-25,-147000000,-15000000,-118000000,-16000000,0,0,0,3000000,0
000250,2022-03-28,-542000000,22000000,-70000000,-4000000,0,0,0,31000000,8000000
000250,2022-03-29,195000000,17000000,0,57000000,0,0,0,-91000000,-1000000
000250,2022-03-30,-38000000,0,-44000000,-16000000,0,0,0,-8000000,0
000250,2022-03-31,74000000,0,0,-14000000,0,0,0,17000000,-2000000
000250,2022-04-01,-137000000,0,-21000000,-11000000,0,0,0,5000000,5000000
000250,2022-04-04,257000000,13000000,0,-24000000,0,0,0,-7000000,0
000250,2022-04-05,-24000000,7000000,0,-17000000,0,0,0,0,0
000250,2022-04-06,-633000000,27000000,0,0,0,31000000,0,0,-4000000
000250,2022-04-07,-36000000,-52000000,0,-6000000,0,0,0,72000000,0
000250,2022-04-08,137000000,0,0,-8000000,0,7000000,0,2000000,0
000250,2022-04-11,-365000000,-44000000,0,-46000000,0,0,-3000000,-52000000,-14000000
000250,2022-04-12,13000000,13000000,0,-4000000,0,0,0,86000000,0
000250,2022-04-13,397000000,0,0,-1000000,0,0,0,-27000000,-5000000
000250,2022-04-14,1000000,0,0,-5000000,0,0,0,-7000000,1000000
000250,2022-04-15,-245000000,413000000,971000000,-6000000,0,38000000,7000000,-32000000,-1000000
000250,2022-04-18,180000000,-24000000,819000000,-1000000,0,8000000,2000000,-161000000,31000000
000250,2022-04-19,520000000,69000000,477000000,-3000000,-17000000,0,0,33000000,2000000
000250,2022-04-20,-96000000,0,453000000,-83000000,0,56000000,0,72000000,-5000000
000250,2022-04-21,51000000,-6000000,120000000,-18000000,0,0,0,12000000,12000000
000250,2022-04-22,-575000000,200000000,504000000,41000000,0,160000000,47000000,184000000,-79000000
000250,2022-04-25,-94000000,358000000,1484000000,27000000,0,68000000,0,126000000,-5000000
000250,2022-04-26,428000000,457000000,394000000,279000000,0,551000000,0,-9000000,29000000
000250,2022-04-27,195000000,1458000000,1334000000,-7000000,0,235000000,0,-76000000,45000000
000250,2022-04-28,371000000,429000000,421000000,63000000,0,0,0,-96000000,118000000
000250,2022-04-29,753000000,190000000,749000000,139000000,-4000000,12000000,0,84000000,-55000000
000250,2022-05-02,-355000000,166000000,153000000,204000000,0,32000000,0,64000000,-29000000
000250,2022-05-03,215000000,53000000,338000000,0,0,-56000000,0,401000000,-5000000
000250,2022-05-04,-268000000,8000000,0,-165000000,0,0,0,181000000,3000000
000250,2022-05-06,-549000000,-62000000,0,-107000000,0,0,0,65000000,-46000000
000250,2022-05-09,1000000,-66000000,21000000,-95000000,0,-95000000,0,114000000,19000000
000250,2022-05-10,188000000,13000000,65000000,21000000,-9000000,0,0,0,0
000250,2022-05-11,222000000,-28000000,0,-60000000,-8000000,0,0,18000000,17000000
000250,2022-05-12,-663000000,170000000,166000000,6000000,0,238000000,0,30000000,0
000250,2022-05-13,519000000,41000000,0,69000000,0,-6000000,0,-19000000,3000000
000250,2022-05-16,-162000000,92000000,231000000,8000000,0,0,-16000000,39000000,-41000000
000250,2022-05-17,104000000,-90000000,-409000000,46000000,0,-198000000,-15000000,0,0
000250,2022-05-18,-718000000,816000000,-59000000,73000000,96000000,21000000,0,-231000000,4000000
000250,2022-05-19,-475000000,651000000,0,-5000000,0,142000000,0,36000000,-23000000
000250,2022-05-20,655000000,281000000,246000000,418000000,135000000,124000000,0,84000000,-2000000
000250,2022-05-23,-74000000,363000000,-260000000,364000000,463000000,291000000,0,17000000,-1000000
000250,2022-05-24,-605000000,514000000,1111000000,0,0,780000000,0,-96000000,0
000250,2022-05-25,500000000,22000000,552000000,-4000000,0,464000000,0,22000000,0
000250,2022-05-26,-30000000,-172000000,773000000,-2000000,0,327000000,0,120000000,0
000250,2022-05-27,191000000,46000000,0,0,0,0,0,-94000000,0
000250,2022-05-30,426000000,135000000,-1000000,12000000,0,-4000000,0,22000000,23000000
000250,2022-05-31,-136000000,0,205000000,-13000000,0,0,0,-88000000,27000000
000250,2022-06-02,-41000000,2000000,96000000,21000000,0,0,0,22000000,1000000
000250,2022-06-03,177000000,0,3000000,-3000000,0,-13000000,0,41000000,5000000
000250,2022-06-07,-627000000,363000000,62000000,198000000,0,124000000,0,-108000000,-12000000
000250,2022-06-08,240000000,71000000,335000000,8000000,0,357000000,0,132000000,-28000000
000250,2022-06-09,239000000,-272000000,1440000000,20000000,0,-30000000,0,94000000,6000000
000250,2022-06-10,36000000,-342000000,303000000,4000000,0,153000000,0,-1000000,-17000000
000250,2022-06-13,177000000,-270000000,169000000,4000000,0,71000000,0,-173000000,-13000000
000250,2022-06-14,654000000,250000000,-193000000,-5000000,0,-12000000,0,-83000000,-16000000
000250,2022-06-15,192000000,-201000000,387000000,2000000,0,-73000000,0,5000000,17000000
000250,2022-06-16,62000000,74000000,0,0,0,-8000000,0,0,-32000000
000250,2022-06-17,-99000000,-520000000,341000000,7000000,-33000000,250000000,0,4000000,0
000250,2022-06-20,186000000,-520000000,-14000000,48000000,0,169000000,0,-11000000,12000000
000250,2022-06-21,354000000,7000000,-105000000,91000000,0,5000000,0,0,5000000
000250,2022-06-22,-373000000,-2000000,-8000000,2000000,0,-145000000,0,-3000000,96000000
000250,2022-06-23,575000000,-429000000,-86000000,-1000000,-12000000,0,0,90000000,-92000000
000250,2022-06-24,377000000,-30000000,0,2000000,0,-9000000,0,14000000,0
000250,2022-06-27,-246000000,-540000000,-549000000,14000000,0,-540000000,0,-35000000,0
000250,2022-06-28,-173000000,-94000000,-396000000,-1000000,0,-90000000,0,0,3000000
000250,2022-06-29,-242000000,-880000000,-762000000,-68000000,0,-272000000,0,57000000,19000000
000250,2022-06-30,-354000000,52000000,-394000000,-251000000,0,-199000000,0,117000000,0
000250,2022-07-01,-9000000,-896000000,-297000000,5000000,0,-174000000,0,120000000,18000000
000250,2022-07-04,42000000,-491000000,-212000000,-56000000,1000000,-156000000,0,41000000,2000000
000250,2022-07-05,369000000,-21000000,-376000000,-53000000,-14000000,-240000000,0,31000000,-21000000
000250,2022-07-06,-411000000,65000000,-263000000,-4000000,0,-137000000,0,49000000,0
000250,2022-07-07,94000000,-452000000,-604000000,-3000000,-222000000,-285000000,0,30000000,0
000250,2022-07-08,124000000,-387000000,-207000000,-17000000,0,-12000000,0,-33000000,0
000250,2022-07-11,-281000000,-110000000,-58000000,-28000000,0,2000000,0,-3000000,0
000250,2022-07-12,-369000000,-58000000,-175000000,-8000000,0,-226000000,0,-10000000,0
000250,2022-07-13,304000000,-216000000,-148000000,-22000000,0,0,0,-96000000,-1000000
000250,2022-07-14,-217000000,-339000000,108000000,-7000000,0,-132000000,0,0,3000000
000250,2022-07-15,-89000000,14000000,269000000,-2000000,0,0,0,-164000000,3000000
000250,2022-07-18,108000000,3000000,-112000000,-21000000,0,0,0,0,0
000250,2022-07-19,0,-24000000,5000000,0,0,0,0,-28000000,9000000
000250,2022-07-20,-109000000,-56000000,-93000000,-14000000,-23000000,-155000000,-1000000,229000000,16000000
000250,2022-07-21,288000000,106000000,-348000000,87000000,0,-313000000,0,-57000000,-13000000
000250,2022-07-22,-76000000,-38000000,-516000000,-6000000,0,-892000000,0,19000000,1000000
000250,2022-07-25,306000000,27000000,-283000000,30000000,0,0,0,-27000000,4000000
000250,2022-07-26,-160000000,0,-464000000,0,0,-57000000,0,30000000,0
000250,2022-07-27,91000000,18000000,0,258000000,0,0,0,6000000,2000000
000250,2022-07-28,-36000000,0,0,81000000,0,-19000000,0,66000000,0
000250,2022-07-29,-192000000,-2000000,-14000000,184000000,0,0,0,75000000,-1000000
000250,2022-08-01,-194000000,-78000000,0,-16000000,0,0,0,-146000000,1000000
000250,2022-08-02,-232000000,0,0,3000000,0,-28000000,0,21000000,0
000250,2022-08-03,-72000000,-44000000,0,-105000000,0,10000000,0,3000000,3000000
000250,2022-08-04,-92000000,-6000000,126000000,-2000000,0,22000000,0,15000000,-5000000
000250,2022-08-05,342000000,0,74000000,-7000000,0,19000000,0,149000000,-8000000
000250,2022-08-08,-11000000,9000000,189000000,-16000000,0,5000000,0,5000000,-3000000
000250,2022-08-09,-25000000,-79000000,180000000,-7000000,0,1000000,0,-34000000,0
000250,2022-08-10,-43000000,0,2000000,13000000,0,0,0,80000000,0
000250,2022-08-11,1071000000,53000000,-75000000,122000000,0,614000000,0,-157000000,-82000000
000250,2022-08-12,-25000000,31000000,98000000,-5000000,0,366000000,0,20000000,-3000000
000250,2022-08-16,-247000000,-17000000,1000000,-179000000,0,5000000,0,-3000000,0
000250,2022-08-17,-217000000,-390000000,0,-322000000,0,-71000000,0,0,-18000000
000250,2022-08-18,-313000000,5000000,3000000,-139000000,0,-31000000,0,22000000,0
000250,2022-08-19,-299000000,80000000,6000000,0,0,0,0,-18000000,0
000250,2022-08-22,-329000000,-5000000,6000000,-15000000,0,-8000000,0,-10000000,0
000250,2022-08-23,105000000,-468000000,-66000000,-65000000,0,17000000,0,-38000000,67000000
000250,2022-08-24,61000000,-231000000,-43000000,-6000000,0,6000000,0,-89000000,0
000250,2022-08-25,355000000,-6000000,-11000000,-2000000,0,3000000,0,0,3000000
000250,2022-08-26,-289000000,0,3000000,0,0,1000000,0,-25000000,0
000250,2022-08-29,-377000000,0,-123000000,-3000000,0,2000000,0,133000000,-29000000
000250,2022-08-30,439000000,0,0,-10000000,0,-4000000,0,-32000000,-23000000
000250,2022-08-31,-81000000,-158000000,0,-25000000,-38000000,1000000,-34000000,-114000000,0
000250,2022-09-01,-787000000,-1000000,0,-7000000,0,0,0,2000000,-7000000
000250,2022-09-02,-58000000,0,0,15000000,0,0,-40000000,2000000,0
000250,2022-09-05,261000000,0,-93000000,6000000,0,0,0,-3000000,0
000250,2022-09-06,224000000,-72000000,-129000000,15000000,0,-47000000,0,-35000000,17000000
000250,2022-09-07,-204000000,8000000,-70000000,5000000,0,125000000,0,-3000000,-21000000
000250,2022-09-08,419000000,31000000,-103000000,-14000000,0,128000000,0,67000000,5000000
000250,2022-09-13,612000000,9000000,0,-14000000,0,-86000000,0,24000000,1000000
000250,2022-09-14,-603000000,-7000000,0,0,0,0,0,9000000,-8000000
000250,2022-09-15,160000000,9000000,0,1000000,0,0,0,0,-1000000
000250,2022-09-16,562000000,89000000,-186000000,5000000,-7000000,196000000,0,-79000000,-1000000
000250,2022-09-19,175000000,-20000000,0,123000000,0,0,0,-8000000,0
000250,2022-09-20,433000000,16000000,0,18000000,0,169000000,0,4000000,0
000250,2022-09-21,35000000,19000000,0,71000000,0,0,0,0,15000000
000250,2022-09-22,-151000000,-41000000,-53000000,-43000000,0,0,0,-8000000,8000000
000250,2022-09-23,192000000,-6000000,0,32000000,0,0,0,1000000,0
000250,2022-09-26,686000000,2000000,5000000,-5000000,5000000,2000000,0,0,1000000
000250,2022-09-27,437000000,161000000,131000000,3000000,66000000,27000000,0,-4000000,0
000250,2022-09-28,400000000,0,0,33000000,0,0,0,0,0
000250,2022-09-29,897000000,46000000,97000000,75000000,0,-9000000,0,9000000,-9000000
000250,2022-09-30,-181000000,-51000000,134000000,-3000000,0,140000000,0,-17000000,4000000
000250,2022-10-04,487000000,51000000,0,5000000,0,0,0,-29000000,5000000
000250,2022-10-05,-594000000,-31000000,33000000,3000000,0,-24000000,0,6000000,3000000
000250,2022-10-06,475000000,16000000,0,1000000,0,0,0,44000000,3000000
000250,2022-10-07,-518000000,0,28000000,0,0,0,0,25000000,0
000250,2022-10-11,-228000000,-12000000,0,0,-26000000,-27000000,0,9000000,27000000
000250,2022-10-12,86000000,16000000,0,0,0,165000000,0,62000000,2000000
000250,2022-10-13,-35000000,37000000,-78000000,33000000,0,266000000,0,390000000,0
000250,2022-10-14,475000000,-67000000,-8000000,0,0,0,0,-1000000,-1000000
000250,2022-10-17,-332000000,-6000000,0,-96000000,0,112000000,0,-136000000,-2000000
000250,2022-10-18,40000000,-2000000,-133000000,0,0,0,0,-2000000,8000000
000250,2022-10-19,-391000000,29000000,0,311000000,0,0,0,0,0
000250,2022-10-20,-266000000,0,0,0,0,0,0,0,0
000250,2022-10-21,-75000000,1000000,0,-8000000,0,0,0,-189000000,5000000
000250,2022-10-24,598000000,16000000,0,-2000000,0,0,0,0,0
000250,2022-10-25,27000000,-86000000,0,0,0,73000000,0,-108000000,0
000250,2022-10-26,0,15000000,-2000000,75000000,0,0,0,9000000,30000000
000250,2022-10-27,227000000,40000000,-61000000,91000000,0,0,0,21000000,21000000
000250,2022-10-28,-212000000,0,0,0,0,0,0,-4000000,0
000250,2022-10-31,100000000,-7000000,-33000000,-44000000,0,0,0,0,0
000250,2022-11-01,119000000,2000000,0,-72000000,0,-27000000,0,6000000,0
000250,2022-11-02,-24000000,46000000,228000000,0,0,0,0,-29000000,-7000000
000250,2022-11-03,-278000000,0,29000000,-13000000,0,-22000000,0,-3000000,0
000250,2022-11-04,-317000000,-163000000,353000000,-161000000,0,-27000000,0,-12000000,9000000
000250,2022-11-07,19000000,1000000,-6000000,-11000000,-9000000,-135000000,0,-44000000,-31000000
000250,2022-11-08,497000000,229000000,187000000,19000000,0,-34000000,0,32000000,-14000000
000250,2022-11-09,-291000000,-17000000,0,-42000000,0,-13000000,0,1000000,0
000250,2022-11-10,-527000000,0,0,-171000000,0,-25000000,0,-13000000,0
000250,2022-11-11,1465000000,-635000000,0,0,0,-25000000,0,19000000,-6000000
000250,2022-11-14,-379000000,-85000000,0,-285000000,0,0,0,17000000,0
000250,2022-11-15,309000000,-32000000,0,0,0,0,0,0,-5000000
000250,2022-11-16,-164000000,0,51000000,244000000,0,0,0,17000000,0
000250,2022-11-17,-337000000,14000000,0,34000000,0,-5000000,0,15000000,0
000250,2022-11-18,-63000000,0,0,-2000000,0,-8000000,0,-153000000,0
000250,2022-11-21,-374000000,3000000,0,-9000000,0,-14000000,0,-6000000,-10000000
000250,2022-11-22,-85000000,6000000,0,10000000,0,0,0,60000000,0
000250,2022-11-23,284000000,-45000000,0,-46000000,0,0,0,-50000000,-7000000
000250,2022-11-24,415000000,-590000000,-147000000,-10000000,0,-11000000,0,14000000,-15000000
000250,2022-11-25,-121000000,-64000000,127000000,-20000000,0,63000000,0,14000000,-7000000
000250,2022-11-28,-888000000,153000000,-142000000,-77000000,0,-31000000,0,38000000,26000000
000250,2022-11-29,-3618000000,175000000,-110000000,-338000000,0,413000000,-2000000,6345000000,-244000000
000250,2022-11-30,403000000,-134000000,-354000000,-249000000,0,57000000,0,-6684000000,41000000
000250,2022-12-01,807000000,1482000000,291000000,2751000000,9000000,603000000,0,760000000,-33000000
000250,2022-12-02,-637000000,-4000000,0,307000000,0,-123000000,0,120000000,39000000
000250,2022-12-05,891000000,-92000000,0,317000000,6000000,0,0,-21000000,13000000
000250,2022-12-06,116000000,11000000,0,-1715000000,0,-53000000,0,82000000,-27000000
000250,2022-12-07,2227000000,335000000,1822000000,-255000000,0,-54000000,0,135000000,-18000000
000250,2022-12-08,-796000000,-197000000,521000000,25000000,-18000000,0,0,398000000,-11000000
000250,2022-12-09,632000000,178000000,-226000000,2000000,0,177000000,0,-325000000,-4000000
000250,2022-12-12,-233000000,218000000,0,397000000,0,0,0,-66000000,-14000000
000250,2022-12-13,64000000,53000000,86000000,-131000000,0,0,0,101000000,2000000
000250,2022-12-14,360000000,-18000000,8000000,319000000,0,-11000000,0,-7000000,0
000250,2022-12-15,-185000000,36000000,-233000000,12000000,0,0,0,32000000,13000000
000250,2022-12-16,552000000,-56000000,-64000000,-207000000,0,3000000,0,9000000,-5000000
000250,2022-12-19,270000000,-377000000,0,-282000000,0,-213000000,0,-64000000,-2000000
000250,2022-12-20,613000000,9000000,-39000000,-8000000,0,-9000000,0,25000000,0
000250,2022-12-21,505000000,65000000,60000000,606000000,0,0,0,-276000000,-2000000
000250,2022-12-22,462000000,794000000,151000000,1907000000,0,0,125000000,-94000000,-2000000
000250,2022-12-23,1986000000,725000000,266000000,2138000000,-1000000,40000000,0,551000000,21000000
000250,2022-12-26,1755000000,903000000,-104000000,1941000000,0,59000000,0,-123000000,6000000
000250,2022-12-27,1792000000,1184000000,-622000000,1402000000,0,-198000000,0,225000000,16000000
000250,2022-12-28,-3699000000,-42000000,1629000000,-7735000000,0,-287000000,0,461000000,68000000
000250,2022-12-29,-356000000,-112000000,188000000,-4719000000,0,0,0,-48000000,-7000000
000250,2023-01-02,-814000000,50000000,0,237000000,0,-149000000,0,37000000,-2000000
000250,2023-01-03,162000000,4000000,76000000,30000000,0,-151000000,0,-39000000,3000000
000250,2023-01-04,65000000,3000000,322000000,-3000000,0,-21000000,0,26000000,7000000
000250,2023-01-05,-602000000,-41000000,167000000,353000000,0,-28000000,0,-12000000,3000000
000250,2023-01-06,140000000,-11000000,-42000000,218000000,0,0,0,-135000000,-7000000
000250,2023-01-09,555000000,151000000,-52000000,120000000,0,29000000,0,-202000000,-12000000
000250,2023-01-10,-373000000,-226000000,-8000000,16000000,0,-25000000,0,-168000000,-4000000
000250,2023-01-11,360000000,-145000000,0,53000000,0,0,0,-5000000,4000000
000250,2023-01-12,-139000000,28000000,36000000,12000000,0,-7000000,0,91000000,0
000250,2023-01-13,-848000000,-57000000,264000000,-94000000,0,-25000000,0,-97000000,36000000
000250,2023-01-16,-157000000,-176000000,-47000000,-88000000,0,-5000000,0,7000000,0
000250,2023-01-17,-725000000,-77000000,183000000,-117000000,0,0,0,-79000000,0
000250,2023-01-18,226000000,22000000,-25000000,-10000000,0,0,0,-74000000,0
000250,2023-01-19,85000000,35000000,0,16000000,0,-95000000,0,-59000000,0
000250,2023-01-20,-51000000,-12000000,45000000,-90000000,0,52000000,0,44000000,0
000250,2023-01-25,430000000,15000000,0,-55000000,0,38000000,0,-39000000,0
000250,2023-01-26,-119000000,31000000,0,36000000,0,5000000,0,74000000,0
000250,2023-01-27,-151000000,88000000,46000000,141000000,0,-11000000,0,-112000000,-9000000
000250,2023-01-30,-187000000,4000000,61000000,395000000,0,0,0,41000000,0
000250,2023-01-31,-941000000,333000000,606000000,63000000,0,0,0,151000000,-28000000
000250,2023-02-01,320000000,18000000,167000000,215000000,0,186000000,0,77000000,-251000000
000250,2023-02-02,327000000,456000000,147000000,216000000,0,0,0,-266000000,-26000000
000250,2023-02-03,183000000,-44000000,217000000,18000000,0,0,0,-153000000,13000000
000250,2023-02-06,-238000000,47000000,-113000000,-176000000,0,7000000,0,70000000,12000000
000250,2023-02-07,1703000000,710000000,1040000000,217000000,0,369000000,0,-409000000,-49000000
000250,2023-02-08,379000000,-264000000,0,11000000,0,0,0,-9000000,5000000
000250,2023-02-09,102000000,-6000000,0,-426000000,0,41000000,0,-246000000,36000000
000250,2023-02-10,-477000000,226000000,-102000000,138000000,0,9000000,0,-42000000,4000000
000250,2023-02-13,178000000,-73000000,-141000000,-340000000,0,-2000000,0,-52000000,-5000000
000250,2023-02-14,441000000,-189000000,34000000,-270000000,0,-182000000,0,-87000000,0
000250,2023-02-15,-613000000,-154000000,61000000,-953000000,0,0,0,36000000,81000000
000250,2023-02-16,1238000000,496000000,253000000,645000000,0,0,0,1164000000,-8000000
000250,2023-02-17,-657000000,60000000,0,-83000000,0,0,0,1059000000,-7000000
000250,2023-02-20,697000000,14000000,216000000,-126000000,0,-645000000,0,320000000,17000000
000250,2023-02-21,-539000000,-158000000,0,93000000,0,0,0,-51000000,0
000250,2023-02-22,-1271000000,-262000000,-169000000,-1663000000,0,0,0,849000000,-8000000
000250,2023-02-23,506000000,116000000,0,-355000000,0,2000000,0,565000000,-42000000
000250,2023-02-24,-289000000,0,0,-184000000,0,-15000000,0,-21000000,-26000000
000250,2023-02-27,-218000000,-29000000,-172000000,39000000,0,0,0,-33000000,0
000250,2023-02-28,1675000000,100000000,-917000000,-371000000,-1000000,-752000000,0,896000000,43000000
000250,2023-03-02,-635000000,229000000,0,13000000,0,-11000000,0,-11000000,-34000000
000250,2023-03-03,105000000,63000000,498000000,40000000,0,176000000,0,54000000,44000000
000250,2023-03-06,814000000,-273000000,446000000,-24000000,0,-1000000,0,108000000,93000000
000250,2023-03-07,-218000000,203000000,-44000000,134000000,0,-566000000,0,33000000,-31000000
000250,2023-03-08,-899000000,0,-762000000,-49000000,0,106000000,0,6000000,-17000000
000250,2023-03-09,-2068000000,1618000000,0,-125000000,0,0,0,63000000,-17000000
000250,2023-03-10,-448000000,-228000000,-119000000,-86000000,0,-68000000,0,1508000000,154000000
000250,2023-03-13,126000000,357000000,269000000,26000000,0,157000000,0,-14000000,74000000
000250,2023-03-14,248000000,20000000,97000000,-3000000,0,4000000,0,-5000000,-4000000
000250,2023-03-15,1017000000,204000000,540000000,27000000,0,-53000000,0,320000000,-52000000
000250,2023-03-16,-577000000,73000000,1438000000,-9000000,0,303000000,0,-20000000,14000000
000250,2023-03-17,960000000,904000000,339000000,57000000,0,41000000,0,195000000,11000000
000250,2023-03-20,563000000,-431000000,63000000,-330000000,0,-1000000,0,-198000000,314000000
000250,2023-03-21,199000000,-258000000,-109000000,-99000000,0,115000000,0,603000000,115000000
000250,2023-03-22,1329000000,-610000000,207000000,-82000000,0,1000000,0,33000000,75000000
000250,2023-03-23,1220000000,369000000,1913000000,559000000,0,80000000,0,-470000000,-143000000
000250,2023-03-24,-963000000,481000000,1455000000,615000000,0,75000000,99000000,-800000000,411000000
000250,2023-03-27,-2051000000,-744000000,-133000000,2806000000,-5000000,-648000000,-6000000,5532000000,-623000000
000250,2023-03-28,965000000,-1469000000,324000000,1366000000,-1000000,-209000000,-119000000,-2514000000,7000000
000250,2023-03-29,2132000000,667000000,-350000000,1240000000,0,-257000000,0,-2138000000,97000000
000250,2023-03-30,3731000000,-395000000,-7000000,1609000000,-9000000,-360000000,-5000000,-102000000,-59000000
000250,2023-03-31,-458000000,-150000000,-1645000000,-232000000,0,112000000,0,9000000,-8000000
000250,2023-04-03,-796000000,-1892000000,-1178000000,-254000000,0,-34000000,-8000000,-342000000,-65000000
000250,2023-04-04,405000000,203000000,-603000000,-129000000,0,5000000,-3000000,-300000000,-4000000
000250,2023-04-05,223000000,383000000,689000000,1817000000,0,-24000000,-6000000,458000000,13000000
000250,2023-04-06,1134000000,-131000000,-227000000,-143000000,0,0,0,28000000,14000000
000250,2023-04-07,1329000000,120000000,-134000000,340000000,-4000000,-32000000,-14000000,117000000,-15000000
000250,2023-04-10,-883000000,-31000000,-148000000,-315000000,-16000000,-316000000,-11000000,84000000,14000000
000250,2023-04-11,1552000000,177000000,-48000000,-291000000,0,0,0,-146000000,-9000000
000250,2023-04-12,-3258000000,1583000000,97000000,437000000,-4000000,-151000000,-5000000,-289000000,174000000
000250,2023-04-13,2226000000,275000000,365000000,3914000000,-8000000,-125000000,0,-490000000,-20000000
000250,2023-04-14,-1098000000,-1186000000,-277000000,-3141000000,0,-937000000,-11000000,-1265000000,-310000000
000250,2023-04-17,-44000000,-510000000,-235000000,-518000000,0,131000000,0,89000000,-20000000
000250,2023-04-18,666000000,1453000000,-237000000,1694000000,-4000000,-57000000,0,-3351000000,-5000000
000250,2023-04-19,247000000,-242000000,169000000,-643000000,0,-90000000,0,-3160000000,-66000000
000250,2023-04-20,5265000000,-4476000000,-252000000,-8329000000,-19000000,-250000000,-1000000,177000000,75000000
000250,2023-04-21,-595000000,-2080000000,222000000,-347000000,-2000000,-420000000,-72000000,220000000,-9000000
000250,2023-04-24,106000000,131000000,182000000,349000000,0,0,0,45000000,-13000000
000250,2023-04-25,-878000000,1264000000,1355000000,-459000000,0,83000000,0,136000000,-31000000
000250,2023-04-26,-1267000000,-144000000,-249000000,-451000000,-5000000,239000000,0,327000000,35000000
000250,2023-04-27,-39000000,258000000,818000000,193000000,0,87000000,0,-7000000,-25000000
000250,2023-04-28,894000000,149000000,0,-199000000,0,103000000,0,-32000000,47000000
000250,2023-05-02,-2902000000,-83000000,-737000000,400000000,0,224000000,0,114000000,75000000
000250,2023-05-03,-1502000000,-492000000,-87000000,-138000000,0,0,-10000000,-444000000,16000000
000250,2023-05-04,-451000000,55000000,-76000000,157000000,0,-286000000,0,-149000000,-157000000
000250,2023-05-08,-82000000,900000000,0,1221000000,0,-145000000,0,633000000,-291000000
000250,2023-05-09,-1982000000,708000000,-220000000,365000000,0,-105000000,0,-1280000000,-80000000
000250,2023-05-10,-2779000000,-45000000,-23000000,-18000000,0,0,0,-1012000000,-65000000
000250,2023-05-11,-2976000000,-65000000,-411000000,1150000000,0,0,0,223000000,195000000
000250,2023-05-12,-365000000,-177000000,-112000000,-1032000000,0,0,0,-519000000,5000000
000250,2023-05-15,-78000000,-348000000,222000000,-145000000,0,0,0,-39000000,47000000
000250,2023-05-16,317000000,-22000000,-82000000,-125000000,0,0,0,33000000,-66000000
000250,2023-05-17,1711000000,493000000,816000000,-331000000,0,-16000000,0,203000000,-125000000
000250,2023-05-18,-1303000000,-315000000,-84000000,-153000000,-1000000,0,0,43000000,62000000
000250,2023-05-19,1036000000,230000000,-194000000,-135000000,0,-10000000,0,-302000000,0
000250,2023-05-22,-630000000,-188000000,-182000000,-374000000,0,0,0,118000000,-1000000
000250,2023-05-23,540000000,-126000000,-78000000,-362000000,0,138000000,0,33000000,-13000000
000250,2023-05-24,-959000000,-915000000,233000000,-184000000,0,0,0,200000000,0
000250,2023-05-25,-253000000,-336000000,-148000000,-570000000,0,0,0,-26000000,27000000
000250,2023-05-26,-41000000,-31000000,-571000000,-291000000,0,-5000000,0,-18000000,0
000250,2023-05-30,1301000000,-143000000,-62000000,-124000000,0,22000000,0,-149000000,-42000000
000250,2023-05-31,95000000,56000000,-210000000,-571000000,0,34000000,0,-23000000,-9000000
000250,2023-06-01,148000000,78000000,759000000,-104000000,0,11000000,0,106000000,31000000
000250,2023-06-02,731000000,-9000000,19000000,85000000,0,-2000000,0,238000000,5000000
000250,2023-06-05,165000000,-7000000,9000000,-15000000,0,0,0,-80000000,-7000000
000250,2023-06-07,604000000,94000000,-416000000,-10000000,0,-1000000,0,2000000,-3000000
000250,2023-06-08,-2373000000,-353000000,65000000,-125000000,0,0,0,43000000,7000000
000250,2023-06-09,2415000000,-9000000,-36000000,382000000,0,0,0,60000000,7000000
000250,2023-06-12,-1365000000,-296000000,9000000,-201000000,0,196000000,0,86000000,31000000
000250,2023-06-13,-759000000,764000000,-1403000000,500000000,0,717000000,0,240000000,118000000
000250,2023-06-14,-540000000,0,15000000,-270000000,0,0,0,-60000000,4000000
000250,2023-06-15,-1073000000,-49000000,-114000000,-733000000,0,179000000,0,-176000000,-2000000
000250,2023-06-16,663000000,0,-423000000,0,0,0,0,291000000,6000000
000250,2023-06-19,1011000000,225000000,-74000000,998000000,0,0,0,-120000000,3000000
000250,2023-06-20,285000000,21000000,-824000000,-207000000,0,6000000,0,-12000000,0
000250,2023-06-21,361000000,196000000,-140000000,-1671000000,0,26000000,0,-842000000,-52000000
000250,2023-06-22,-141000000,-164000000,-77000000,-11000000,0,-48000000,0,-257000000,12000000
000250,2023-06-23,10000000,57000000,-157000000,-3000000,0,0,0,136000000,40000000
000250,2023-06-26,-434000000,0,-109000000,0,0,0,0,369000000,-7000000
000250,2023-06-27,-369000000,217000000,-1628000000,455000000,0,196000000,0,636000000,-59000000
000250,2023-06-28,407000000,1569000000,636000000,792000000,0,325000000,0,-208000000,18000000
000250,2023-06-29,-99000000,-1555000000,1577000000,320000000,0,-285000000,0,268000000,64000000
000250,2023-06-30,423000000,21000000,0,-4000000,0,-21000000,0,-6000000,13000000
000250,2023-07-03,956000000,-3000000,-106000000,471000000,0,-12000000,0,-210000000,-269000000
000250,2023-07-04,388000000,-216000000,201000000,-4841000000,0,-320000000,0,-399000000,165000000
000250,2023-07-05,866000000,187000000,0,145000000,0,-1000000,0,78000000,7000000
000250,2023-07-06,48000000,-1000000,0,-200000000,0,-4000000,0,122000000,-14000000
000250,2023-07-07,-13000000,-816000000,0,-1598000000,0,-6000000,0,-20000000,7000000
000250,2023-07-10,908000000,59000000,0,0,0,-1000000,0,-15000000,1000000
000250,2023-07-11,1495000000,120000000,0,906000000,0,0,0,258000000,-26000000
000250,2023-07-12,63000000,0,-148000000,0,0,0,0,11000000,0
000250,2023-07-13,-1254000000,-95000000,-49000000,0,0,53000000,0,-79000000,21000000
000250,2023-07-14,656000000,91000000,-124000000,257000000,0,0,0,445000000,5000000
000250,2023-07-17,302000000,-91000000,164000000,0,0,0,0,85000000,-6000000
000250,2023-07-18,-638000000,-36000000,370000000,1649000000,0,0,0,18000000,33000000
000250,2023-07-19,3187000000,794000000,778000000,742000000,0,64000000,76000000,492000000,-60000000
000250,2023-07-20,1955000000,304000000,553000000,421000000,0,166000000,9000000,-421000000,18000000
000250,2023-07-21,-300000000,58000000,3069000000,1654000000,0,55000000,0,10000000,15000000
000250,2023-07-24,-1144000000,19000000,344000000,-82000000,0,0,9000000,-179000000,51000000
000250,2023-07-25,-679000000,-94000000,1117000000,-427000000,0,234000000,0,-30000000,-19000000
000250,2023-07-26,62000000,1034000000,303000000,234000000,0,45000000,0,-276000000,-72000000
000250,2023-07-27,1317000000,684000000,741000000,450000000,0,148000000,-22000000,-74000000,-7000000
000250,2023-07-28,223000000,164000000,622000000,-184000000,0,131000000,0,-2000000,0
000250,2023-07-31,-94000000,-49000000,299000000,-426000000,0,0,0,84000000,-45000000
000250,2023-08-01,886000000,-93000000,800000000,205000000,0,-68000000,-15000000,53000000,68000000
000250,2023-08-02,-85000000,-119000000,0,457000000,0,-193000000,-1000000,125000000,-11000000
000250,2023-08-03,75000000,183000000,613000000,577000000,0,28000000,-6000000,-52000000,41000000
000250,2023-08-04,181000000,44000000,-146000000,276000000,0,-20000000,0,158000000,14000000
000250,2023-08-07,656000000,-65000000,166000000,129000000,0,0,0,61000000,0
000250,2023-08-08,714000000,0,-14000000,317000000,0,-92000000,-6000000,-104000000,-2000000
000250,2023-08-09,534000000,-51000000,-487000000,-140000000,0,0,-58000000,-84000000,-40000000
000250,2023-08-10,-572000000,2000000,317000000,-21000000,0,185000000,0,-12000000,34000000
000250,2023-08-11,340000000,-70000000,-7000000,-77000000,0,138000000,-5000000,-125000000,1000000
000250,2023-08-14,223000000,0,30000000,2000000,0,66000000,0,-91000000,-59000000
000250,2023-08-16,1342000000,-157000000,-138000000,-431000000,0,-13000000,0,20000000,9000000
000250,2023-08-17,736000000,-734000000,2000000,185000000,0,-36000000,0,178000000,17000000
000250,2023-08-18,-783000000,-120000000,-10000000,97000000,0,-7000000,0,133000000,-21000000
000250,2023-08-21,-1272000000,-191000000,-66000000,-626000000,0,0,0,57000000,0
000250,2023-08-22,-411000000,-3000000,-35000000,11000000,0,0,-8000000,-20000000,322000000
000250,2023-08-23,-286000000,0,-295000000,3000000,0,0,0,-22000000,340000000
000250,2023-08-24,-511000000,-355000000,-345000000,-1466000000,0,-655000000,0,224000000,-158000000
000250,2023-08-25,-1806000000,-456000000,-3914000000,540000000,25000000,250000000,41000000,1593000000,300000000
000250,2023-08-28,1812000000,719000000,-420000000,124000000,0,15000000,138000000,-178000000,-687000000
000250,2023-08-29,-1347000000,-143000000,-2005000000,-614000000,0,-48000000,-1000000,361000000,-25000000
000250,2023-08-30,-348000000,-162000000,949000000,-620000000,0,-11000000,0,131000000,-179000000
000250,2023-08-31,-1092000000,-229000000,-52000000,-98000000,0,-15000000,0,1488000000,132000000
000250,2023-09-01,662000000,16000000,-154000000,1227000000,0,0,0,-1331000000,54000000
000250,2023-09-04,-319000000,277000000,556000000,720000000,0,0,5000000,-505000000,629000000
000250,2023-09-05,712000000,0,209000000,-383000000,0,5000000,0,160000000,31000000
000250,2023-09-06,-729000000,-101000000,-85000000,-308000000,0,-9000000,5000000,-294000000,20000000
000250,2023-09-07,1618000000,47000000,69000000,578000000,0,-35000000,0,32000000,-20000000
000250,2023-09-08,-1781000000,16000000,194000000,313000000,0,-46000000,0,149000000,481000000
000250,2023-09-11,243000000,-43000000,6000000,-703000000,0,-15000000,-2000000,-37000000,171000000
000250,2023-09-12,-834000000,106000000,1039000000,-2706000000,0,94000000,-18000000,-7000000,-150000000
000250,2023-09-13,1807000000,93000000,0,-461000000,0,0,0,-74000000,36000000
000250,2023-09-14,-3918000000,32000000,548000000,-59000000,0,0,0,64000000,62000000
000250,2023-09-15,1940000000,-617000000,0,-67000000,0,0,0,52000000,130000000
000250,2023-09-18,-962000000,143000000,32000000,1457000000,0,39000000,0,406000000,-16000000
000250,2023-09-19,377000000,166000000,-333000000,388000000,0,0,0,-21000000,-4000000
000250,2023-09-20,1725000000,508000000,1904000000,454000000,0,-11000000,0,-1683000000,15000000
000250,2023-09-21,-1531000000,-1139000000,-1160000000,-1964000000,0,-11000000,0,-406000000,85000000
000250,2023-09-22,912000000,89000000,-68000000,311000000,0,43000000,0,-1669000000,80000000
000250,2023-09-25,912000000,321000000,0,45000000,0,0,0,-2268000000,-28000000
000250,2023-09-26,1059000000,235000000,0,-145000000,0,0,0,-1235000000,151000000
000250,2023-09-27,325000000,498000000,-115000000,78000000,0,0,0,-1515000000,-96000000
000250,2023-10-04,-1349000000,-21000000,-40000000,92000000,0,106000000,0,-656000000,-61000000
000250,2023-10-05,-345000000,184000000,2197000000,50000000,0,236000000,0,-674000000,61000000
000250,2023-10-06,-103000000,310000000,1976000000,-28000000,0,234000000,0,-735000000,7000000
000250,2023-10-10,-2106000000,140000000,1309000000,-32000000,0,0,0,558000000,42000000
000250,2023-10-11,-1195000000,142000000,852000000,28000000,0,0,0,-308000000,-5000000
000250,2023-10-12,-5184000000,-14000000,635000000,1637000000,0,27000000,0,-1062000000,11000000
000250,2023-10-13,-206000000,129000000,9000000,65000000,0,17000000,3000000,-1183000000,113000000
000250,2023-10-16,1837000000,0,68000000,-87000000,0,0,0,-529000000,1000000
000250,2023-10-17,-123000000,111000000,338000000,0,0,0,0,-246000000,7000000
000250,2023-10-18,470000000,-95000000,335000000,-1587000000,0,-39000000,0,-1527000000,-562000000
000250,2023-10-19,909000000,-918000000,82000000,-245000000,0,0,0,-269000000,136000000
000250,2023-10-20,1258000000,-707000000,730000000,-2000000,0,0,0,1057000000,-55000000
000250,2023-10-23,24000000,4000000,-129000000,-146000000,0,29000000,0,-57000000,0
000250,2023-10-24,1643000000,66000000,0,70000000,0,0,0,-142000000,18000000
000250,2023-10-25,307000000,0,0,258000000,0,0,0,-96000000,1000000
000250,2023-10-26,1072000000,54000000,0,117000000,0,2000000,0,-25000000,-18000000
000250,2023-10-27,1138000000,-19000000,0,8000000,0,10000000,0,18000000,46000000
000250,2023-10-30,538000000,-138000000,0,-416000000,0,0,-34000000,-322000000,0
000250,2023-10-31,177000000,-109000000,0,-152000000,0,52000000,0,-332000000,-5000000
000250,2023-11-01,107000000,146000000,8000000,35000000,0,40000000,0,34000000,1000000
000250,2023-11-02,395000000,526000000,-71000000,307000000,0,0,0,286000000,0
000250,2023-11-03,-972000000,-142000000,116000000,-14000000,0,0,0,435000000,-5000000
000250,2023-11-06,-2532000000,1114000000,708000000,310000000,0,20000000,0,454000000,29000000
000250,2023-11-07,-1432000000,1596000000,0,260000000,0,-15000000,0,-262000000,3000000
000250,2023-11-08,-225000000,440000000,17000000,34000000,0,0,0,438000000,33000000
000250,2023-11-09,-970000000,40000000,110000000,-54000000,0,78000000,20000000,-157000000,1000000
000250,2023-11-10,34000000,-164000000,0,34000000,0,105000000,5000000,-64000000,-7000000
000250,2023-11-13,-124000000,125000000,0,-23000000,0,0,0,-1877000000,-18000000
000250,2023-11-14,-502000000,28000000,533000000,6000000,0,51000000,0,43000000,17000000
000250,2023-11-15,-48000000,0,64000000,36000000,0,316000000,0,-201000000,0
000250,2023-11-16,-254000000,9000000,18000000,11000000,0,81000000,0,22000000,1000000
000250,2023-11-17,-333000000,-525000000,37000000,-242000000,8000000,20000000,0,-289000000,-22000000
000250,2023-11-20,237000000,0,-1343000000,21000000,0,-11000000,0,-171000000,-1000000
000250,2023-11-21,-1919000000,-1824000000,-8071000000,960000000,0,-771000000,0,-1723000000,-72000000
000250,2023-11-22,-210000000,-400000000,-758000000,205000000,0,266000000,7000000,-1820000000,92000000
000250,2023-11-23,1037000000,-186000000,609000000,14000000,0,0,0,-439000000,-14000000
000250,2023-11-24,1994000000,2966000000,-1414000000,4000000,322000000,-40000000,0,-1566000000,6000000
000250,2023-11-27,1543000000,0,32000000,-1000000,20000000,48000000,0,-230000000,-35000000
000250,2023-11-28,361000000,262000000,342000000,20000000,0,0,0,75000000,-187000000
000250,2023-11-29,-437000000,284000000,1989000000,-687000000,0,69000000,0,-1644000000,-112000000
000250,2023-11-30,246000000,-203000000,44000000,0,0,2000000,0,-1100000000,-69000000
000250,2023-12-01,-191000000,-198000000,311000000,-55000000,0,0,0,-1361000000,55000000
000250,2023-12-04,169000000,544000000,392000000,-597000000,9000000,-152000000,0,-957000000,83000000
000250,2023-12-05,-97000000,-1804000000,516000000,-277000000,0,35000000,0,-1615000000,39000000
000250,2023-12-06,375000000,-125000000,-71000000,-18000000,0,0,0,-699000000,1000000
000250,2023-12-07,779000000,-2364000000,1551000000,4000000,0,-7000000,0,-141000000,-2000000
000250,2023-12-08,827000000,-629000000,902000000,89000000,0,-10000000,0,40000000,9000000
000250,2023-12-11,-232000000,0,388000000,3000000,0,0,0,-903000000,27000000
000250,2023-12-12,258000000,-39000000,456000000,-1000000,0,-1000000,0,-202000000,-17000000
000250,2023-12-13,434000000,0,72000000,0,0,0,0,13000000,11000000
000250,2023-12-14,-4054000000,515000000,12000000,-6000000,0,-13000000,0,59000000,7000000
000250,2023-12-15,1565000000,132000000,925000000,12000000,0,0,0,-10000000,-42000000
000250,2023-12-18,2466000000,94000000,0,-55000000,0,-27000000,0,177000000,4000000
000250,2023-12-19,2048000000,134000000,730000000,27000000,0,523000000,0,-66000000,-2000000
000250,2023-12-20,1532000000,877000000,502000000,80000000,0,10000000,0,-284000000,35000000
000250,2023-12-21,-1065000000,-75000000,2031000000,25000000,-182000000,0,0,-251000000,1000000
000250,2023-12-22,67000000,427000000,1373000000,1000000,0,-758000000,0,83000000,8000000
000250,2023-12-26,-323000000,972000000,0,156000000,0,0,0,-1666000000,52000000
000250,2023-12-27,-716000000,374000000,-27000000,564000000,0,479000000,0,-197000000,-14000000
000250,2023-12-28,-681000000,342000000,1306000000,370000000,0,103000000,15000000,218000000,34000000
000250,2024-01-02,-362000000,122000000,55000000,-509000000,0,230000000,0,370000000,52000000
000250,2024-01-03,-1904000000,113000000,105000000,-1000000,0,0,0,246000000,54000000
000250,2024-01-04,-879000000,-44000000,147000000,-194000000,0,98000000,3000000,445000000,-94000000
000250,2024-01-05,111000000,0,0,-5000000,0,0,0,-760000000,-23000000
000250,2024-01-08,-36000000,-68000000,0,13000000,0,228000000,0,361000000,7000000
000250,2024-01-09,588000000,230000000,-550000000,27000000,0,58000000,0,263000000,-4000000
000250,2024-01-10,-643000000,-440000000,49000000,422000000,0,121000000,0,92000000,5000000
000250,2024-01-11,-827000000,0,0,8000000,0,116000000,0,720000000,-20000000
000250,2024-01-12,-208000000,15000000,-4000000,-31000000,0,1000000,0,-93000000,159000000
000250,2024-01-15,155000000,-219000000,-175000000,0,0,0,0,71000000,-4000000
000250,2024-01-16,727000000,-143000000,0,-391000000,0,81000000,0,-23000000,10000000
000250,2024-01-17,529000000,-114000000,-15000000,240000000,0,7000000,0,-53000000,10000000
000250,2024-01-18,58000000,12000000,-164000000,946000000,0,0,0,-46000000,-2000000
000250,2024-01-19,182000000,-2000000,-325000000,-8000000,0,-241000000,0,87000000,45000000
000250,2024-01-22,969000000,-22000000,-71000000,18000000,0,7000000,0,-9000000,15000000
000250,2024-01-23,717000000,-40000000,0,252000000,0,-1000000,0,53000000,-3000000
000250,2024-01-24,128000000,-4000000,-108000000,-243000000,0,-400000000,0,56000000,6000000
000250,2024-01-25,94000000,-74000000,-387000000,-90000000,0,-20000000,0,141000000,16000000
000250,2024-01-26,264000000,519000000,-240000000,4000000,0,0,0,-206000000,-30000000
000250,2024-01-29,-172000000,-423000000,-274000000,0,0,4000000,0,-474000000,0
000250,2024-01-30,-699000000,7000000,-62000000,-119000000,0,-1000000,0,-51000000,0
000250,2024-01-31,-465000000,-103000000,-89000000,58000000,0,-4000000,0,49000000,-31000000
000250,2024-02-01,880000000,-41000000,446000000,-65000000,0,-53000000,0,-145000000,8000000
000250,2024-02-02,-219000000,-62000000,88000000,-302000000,0,140000000,-40000000,77000000,28000000
000250,2024-02-05,-2761000000,-3000000,283000000,-2000000,0,7000000,0,-418000000,30000000
000250,2024-02-06,-558000000,-7000000,-164000000,0,0,0,0,-14000000,-1000000
000250,2024-02-07,-650000000,83000000,-107000000,13000000,0,19000000,0,-220000000,2000000
000250,2024-02-08,-2233000000,125000000,374000000,13000000,0,-241000000,0,-61000000,-1000000
000250,2024-02-13,-656000000,183000000,34000000,11000000,0,-62000000,0,79000000,-8000000
000250,2024-02-14,-412000000,0,22000000,-9000000,0,-48000000,0,-53000000,1000000
000250,2024-02-15,246000000,18000000,155000000,-101000000,-160000000,0,0,257000000,21000000
000250,2024-02-16,388000000,43000000,0,5000000,0,-3000000,0,108000000,8000000
000250,2024-02-19,249000000,-7000000,-58000000,-62000000,0,-53000000,0,129000000,0
000250,2024-02-20,-613000000,-21000000,11000000,-8000000,0,0,0,29000000,1000000
000250,2024-02-21,-950000000,-78000000,-271000000,-316000000,0,0,0,7000000,-3000000
000250,2024-02-22,370000000,-54000000,-456000000,38000000,0,0,0,577000000,6000000
000250,2024-02-23,-1138000000,228000000,495000000,359000000,0,0,0,428000000,-157000000
000250,2024-02-26,-158000000,-20000000,-165000000,-8000000,0,0,0,-14000000,4000000
000250,2024-02-27,-87000000,-624000000,230000000,-312000000,0,-1000000,0,-203000000,36000000
000250,2024-02-28,-50000000,539000000,-255000000,-17000000,0,35000000,0,-486000000,7000000
000250,2024-02-29,-1074000000,732000000,-93000000,-133000000,0,94000000,0,218000000,24000000
000250,2024-03-04,1334000000,158000000,464000000,236000000,0,-35000000,0,248000000,30000000
000250,2024-03-05,-72000000,70000000,771000000,0,0,0,0,202000000,-27000000
000250,2024-03-06,197000000,120000000,-707000000,458000000,0,-72000000,0,466000000,42000000
000250,2024-03-07,-147000000,599000000,-1047000000,-489000000,0,225000000,0,-42000000,-30000000
000250,2024-03-08,306000000,1853000000,-2000000,214000000,0,58000000,200000000,329000000,-61000000
000250,2024-03-11,-875000000,272000000,-690000000,-50000000,0,22000000,161000000,465000000,-13000000
000250,2024-03-12,-656000000,-9000000,-284000000,7000000,0,-5000000,0,144000000,-16000000
000250,2024-03-13,-1179000000,198000000,-386000000,-807000000,0,-94000000,0,859000000,-57000000
000250,2024-03-14,-1513000000,-17000000,-455000000,-172000000,0,-8000000,0,605000000,23000000
000250,2024-03-15,1158000000,1327000000,0,-368000000,0,0,0,-21000000,26000000
000250,2024-03-18,2168000000,891000000,257000000,-276000000,0,355000000,0,2518000000,-30000000
000250,2024-03-19,-500000000,2346000000,135000000,73000000,0,-183000000,99000000,399000000,-7000000
000250,2024-03-20,157000000,-110000000,916000000,-19000000,1000000,111000000,11000000,-212000000,176000000
000250,2024-03-21,1121000000,56000000,-81000000,51000000,0,16000000,0,-185000000,-6000000
000250,2024-03-22,-362000000,-49000000,1520000000,-921000000,2000000,208000000,454000000,2347000000,13000000
000250,2024-03-25,-971000000,791000000,-6699000000,6030000000,0,-488000000,-24000000,4586000000,642000000
000250,2024-03-26,2906000000,-1795000000,3282000000,11953000000,30000000,-195000000,-50000000,-3808000000,-479000000
000250,2024-03-27,8297000000,4878000000,-3116000000,5217000000,-55000000,-1992000000,0,-2225000000,-1505000000
000250,2024-03-28,10935000000,1743000000,-2402000000,2362000000,0,828000000,1000000,-1855000000,-77000000
000250,2024-03-29,10906000000,60000000,0,10197000000,0,595000000,0,28000000,10000000
000250,2024-04-01,2321000000,1177000000,-239000000,3318000000,0,195000000,3000000,-7821000000,148000000
000250,2024-04-02,-13864000000,-3813000000,-9583000000,-104000000,-7000000,-638000000,-41000000,-6719000000,317000000
000250,2024-04-03,-5828000000,-2066000000,2945000000,-4286000000,0,-686000000,22000000,-447000000,54000000
000250,2024-04-04,-10048000000,42000000,1641000000,-1525000000,0,-666000000,0,-1580000000,186000000
000250,2024-04-05,-7834000000,-1094000000,-323000000,-851000000,0,-184000000,53000000,-1011000000,139000000
000250,2024-04-08,-1647000000,-274000000,1116000000,-2210000000,0,-15000000,0,-672000000,87000000
000250,2024-04-09,-6925000000,1174000000,95000000,-2811000000,0,123000000,0,812000000,25000000
000250,2024-04-11,-13942000000,-438000000,786000000,-2307000000,0,-434000000,0,-800000000,393000000
000250,2024-04-12,6435000000,219000000,2546000000,-638000000,-23000000,-535000000,0,1164000000,-175000000
000250,2024-04-15,1044000000,143000000,248000000,-255000000,-23000000,-144000000,0,539000000,78000000
000250,2024-04-16,3307000000,-467000000,-2074000000,-90000000,0,176000000,0,115000000,57000000
000250,2024-04-17,3018000000,-53000000,-1023000000,-128000000,0,0,0,17000000,-21000000
000250,2024-04-18,-2360000000,-59000000,271000000,366000000,0,57000000,0,1177000000,-151000000
000250,2024-04-19,373000000,511000000,0,2150000000,0,16000000,0,504000000,25000000
000250,2024-04-22,-156000000,-692000000,606000000,-1947000000,0,0,0,-853000000,-11000000
000250,2024-04-23,766000000,342000000,27000000,184000000,0,122000000,0,42000000,22000000
000250,2024-04-24,2192000000,1211000000,719000000,5217000000,0,-67000000,0,1093000000,102000000
000250,2024-04-25,-2325000000,240000000,120000000,-3897000000,0,-201000000,0,-30000000,48000000
000250,2024-04-26,-464000000,231000000,2285000000,-108000000,213000000,-169000000,0,3288000000,-70000000
000250,2024-04-29,354000000,-179000000,-2093000000,-821000000,0,-365000000,0,339000000,-427000000
000250,2024-04-30,965000000,-640000000,0,-670000000,-126000000,3000000,0,569000000,-13000000
000250,2024-05-02,-598000000,789000000,3491000000,3188000000,-43000000,132000000,0,965000000,109000000
000250,2024-05-03,1951000000,1588000000,2533000000,-462000000,0,216000000,0,-30000000,-234000000
000250,2024-05-07,-3440000000,1777000000,-175000000,1171000000,0,152000000,10000000,444000000,-23000000
000250,2024-05-08,-1742000000,-642000000,75000000,-2952000000,0,594000000,-2000000,27000000,17000000
000250,2024-05-09,-8321000000,76000000,121000000,-159000000,-45000000,64000000,0,716000000,-22000000
000250,2024-05-10,2777000000,187000000,487000000,-35000000,0,6000000,0,-452000000,15000000
000250,2024-05-13,1000000,-25000000,-1065000000,26000000,0,56000000,-308000000,-691000000,88000000
000250,2024-05-14,1243000000,264000000,-312000000,194000000,0,14000000,0,-356000000,-8000000
000250,2024-05-16,-1347000000,310000000,-1279000000,107000000,0,-116000000,0,-641000000,-778000000
000250,2024-05-17,3844000000,-1322000000,343000000,1967000000,0,217000000,0,-856000000,-60000000
000250,2024-05-20,1822000000,-63000000,2560000000,-262000000,0,306000000,113000000,-538000000,15000000
000250,2024-05-21,372000000,673000000,719000000,370000000,0,134000000,0,-132000000,-81000000
000250,2024-05-22,-3447000000,1864000000,2397000000,1193000000,0,66000000,0,-656000000,613000000
000250,2024-05-23,-140000000,0,-531000000,1183000000,0,3000000,0,-75000000,-44000000
000250,2024-05-24,-3129000000,29000000,-456000000,-1215000000,0,-5000000,0,-178000000,49000000
000250,2024-05-27,-548000000,-1186000000,-436000000,-1330000000,0,-141000000,0,-967000000,-34000000
000250,2024-05-28,-609000000,88000000,182000000,-721000000,0,105000000,0,-285000000,-31000000
000250,2024-05-29,-1411000000,-748000000,-656000000,-196000000,0,-196000000,0,-906000000,55000000
000250,2024-05-30,1072000000,-54000000,241000000,155000000,0,56000000,0,500000000,17000000
000250,2024-05-31,1821000000,369000000,857000000,1411000000,0,-5000000,0,-452000000,-215000000
000250,2024-06-03,2060000000,2176000000,336000000,4751000000,0,-11000000,0,-1420000000,31000000
000250,2024-06-04,3367000000,2833000000,998000000,2086000000,0,381000000,0,239000000,-1000000
000250,2024-06-05,1386000000,509000000,187000000,-623000000,0,28000000,0,-12000000,35000000
000250,2024-06-07,-882000000,215000000,-436000000,-515000000,0,5000000,0,1519000000,-287000000
000250,2024-06-10,802000000,-1088000000,72000000,-164000000,0,0,0,421000000,-141000000
000250,2024-06-11,1277000000,-405000000,-269000000,552000000,0,24000000,1000000,1131000000,115000000
000250,2024-06-12,1285000000,293000000,-306000000,2002000000,0,-42000000,0,370000000,41000000
000250,2024-06-13,-5526000000,-682000000,-2677000000,380000000,0,-68000000,29000000,790000000,133000000
000250,2024-06-14,203000000,-1829000000,387000000,-638000000,0,37000000,0,70000000,-61000000
000250,2024-06-17,-916000000,-1042000000,-2568000000,-697000000,0,-68000000,0,-531000000,-24000000
000250,2024-06-18,614000000,-772000000,-4624000000,5383000000,0,-141000000,152000000,-3655000000,665000000
000250,2024-06-19,7229000000,2062000000,-6864000000,48000000,-2000000,-513000000,-309000000,-4966000000,-264000000
000250,2024-06-20,1456000000,-2925000000,-688000000,-1099000000,-2000000,-782000000,0,215000000,-211000000
000250,2024-06-21,756000000,-511000000,-839000000,-2798000000,0,-484000000,0,632000000,-97000000
000250,2024-06-24,-8468000000,-2138000000,-505000000,-3706000000,0,-507000000,-510000000,-32001000000,-647000000
000250,2024-06-25,1187000000,-722000000,273000000,-890000000,0,-156000000,0,2135000000,184000000
000250,2024-06-26,881000000,68000000,-452000000,-2838000000,0,-19000000,0,-605000000,-76000000
000250,2024-06-27,2250000000,-96000000,170000000,-634000000,0,-38000000,0,2583000000,74000000
000250,2024-06-28,-3833000000,292000000,1806000000,3718000000,0,3000000,29000000,-32749000000,193000000
000250,2024-07-01,489000000,2317000000,833000000,1704000000,0,513000000,25000000,-224000000,567000000
000250,2024-07-02,-3094000000,-2591000000,-1441000000,82000000,0,-224000000,6000000,221000000,-234000000
000250,2024-07-03,-508000000,2065000000,1326000000,4558000000,0,254000000,-36000000,-2360000000,120000000
000250,2024-07-04,4166000000,-892000000,-1866000000,-1983000000,0,190000000,14000000,-989000000,146000000
000250,2024-07-05,-6095000000,-1039000000,-2265000000,-67000000,-2000000,-114000000,-15000000,-2332000000,-126000000
000250,2024-07-08,34000000,1311000000,-3238000000,1653000000,-5000000,-71000000,-8000000,156000000,56000000
000250,2024-07-09,-3119000000,-4197000000,-819000000,-623000000,0,-324000000,-2000000,-581000000,-76000000
000250,2024-07-10,-4290000000,-2498000000,-10438000000,-1335000000,0,582000000,8000000,-5038000000,712000000
000250,2024-07-11,-1393000000,-10981000000,-9303000000,-2259000000,0,-229000000,-21000000,-72000000,15000000
000250,2024-07-12,484000000,-3399000000,-6049000000,34000000,0,-873000000,0,708000000,109000000
000250,2024-07-15,1220000000,-1598000000,-3696000000,-126000000,0,50000000,0,139000000,312000000
000250,2024-07-16,-6705000000,-4966000000,-10959000000,-7005000000,0,-1586000000,-27000000,-391000000,508000000
000250,2024-07-17,521000000,-623000000,-5197000000,-9140000000,0,-56000000,-5000000,1338000000,-281000000
000250,2024-07-18,1817000000,-2710000000,-4211000000,-81000000,0,-415000000,0,-1147000000,115000000
000250,2024-07-19,158000000,23000000,-900000000,8565000000,0,430000000,10000000,428000000,37000000
000250,2024-07-22,-3939000000,-2206000000,-2985000000,2208000000,0,-894000000,-9000000,641000000,373000000
000250,2024-07-23,1515000000,10000000,-1196000000,727000000,0,187000000,4000000,102000000,177000000
000250,2024-07-24,-540000000,316000000,-2101000000,3436000000,0,-24000000,0,594000000,-507000000
000250,2024-07-25,7036000000,-1470000000,-171000000,-6482000000,0,0,0,-2203000000,122000000
000250,2024-07-26,1634000000,-123000000,-1970000000,-1033000000,0,-2284000000,0,371000000,42000000
000250,2024-07-29,-1684000000,562000000,-339000000,231000000,0,-373000000,0,36000000,106000000
000250,2024-07-30,-1603000000,97000000,1174000000,-2542000000,0,-6000000,0,424000000,16000000
000250,2024-07-31,2788000000,-237000000,172000000,127000000,0,-5000000,0,185000000,66000000
000250,2024-08-01,-322000000,-259000000,-981000000,-1759000000,0,-22000000,0,1480000000,-54000000
000250,2024-08-02,595000000,-274000000,-1324000000,-2308000000,0,-384000000,0,1078000000,-13000000
000250,2024-08-05,3081000000,-96000000,-760000000,-810000000,0,-106000000,0,-598000000,147000000
000250,2024-08-06,1937000000,-2396000000,647000000,-28000000,0,-179000000,-10000000,1820000000,31000000
000250,2024-08-07,-3399000000,363000000,2360000000,-110000000,0,678000000,0,-57000000,74000000
000250,2024-08-08,-3312000000,-1617000000,1475000000,2000000,0,135000000,0,433000000,-61000000
000250,2024-08-09,-678000000,-925000000,525000000,-379000000,0,-409000000,0,538000000,59000000
000250,2024-08-12,-1018000000,-88000000,-455000000,-671000000,0,-67000000,0,116000000,44000000
000250,2024-08-13,1870000000,-1191000000,1549000000,-269000000,0,-84000000,0,892000000,-150000000
000250,2024-08-14,1264000000,-197000000,-568000000,0,0,0,0,-1568000000,-8000000
000250,2024-08-16,-15000000,277000000,-616000000,3249000000,0,0,0,-721000000,-63000000
000250,2024-08-19,-3353000000,-30000000,-222000000,-266000000,0,-13000000,7000000,635000000,51000000
000250,2024-08-20,1767000000,102000000,-203000000,-703000000,0,0,6000000,-3089000000,51000000
000250,2024-08-21,-1908000000,-72000000,-290000000,-212000000,0,55000000,5000000,-2771000000,42000000
000250,2024-08-22,3990000000,-75000000,252000000,-2324000000,0,-43000000,0,-446000000,78000000
000250,2024-08-23,-4246000000,-5000000,-1075000000,-68000000,0,13000000,0,-813000000,40000000
000250,2024-08-26,-1547000000,94000000,687000000,-144000000,0,139000000,0,217000000,57000000
000250,2024-08-27,1190000000,303000000,1601000000,867000000,0,-18000000,0,-119000000,-26000000
000250,2024-08-28,-1576000000,58000000,229000000,-33000000,0,230000000,11000000,398000000,-28000000
000250,2024-08-29,2237000000,339000000,837000000,-129000000,109000000,605000000,0,144000000,-99000000
000250,2024-08-30,2073000000,706000000,1291000000,1564000000,0,-1000000,0,-19000000,-70000000
000250,2024-09-02,-2826000000,155000000,-1202000000,172000000,0,294000000,0,326000000,79000000
000250,2024-09-03,-1716000000,26000000,20000000,-608000000,-106000000,-5000000,0,101000000,211000000
000250,2024-09-04,1673000000,-129000000,-796000000,-2039000000,0,-3000000,0,-1212000000,97000000
000250,2024-09-05,2598000000,578000000,-3596000000,-7000000,0,-724000000,-7000000,-32000000,-82000000
000250,2024-09-06,1941000000,-1221000000,-710000000,-71000000,0,1000000,0,-982000000,79000000
000250,2024-09-09,2891000000,111000000,-197000000,223000000,0,4000000,0,-324000000,65000000
000250,2024-09-10,-709000000,0,8000000,-12000000,0,-394000000,0,-196000000,-124000000
000250,2024-09-11,1344000000,693000000,-442000000,-5000000,0,0,0,72000000,79000000
000250,2024-09-12,-1366000000,1115000000,835000000,15000000,0,77000000,0,-18000000,4000000
000250,2024-09-13,-365000000,-43000000,430000000,-26000000,0,0,-1000000,-5000000,15000000
000250,2024-09-19,1004000000,172000000,186000000,-49000000,0,-380000000,0,47000000,20000000
000250,2024-09-20,542000000,23000000,-363000000,93000000,0,0,0,396000000,39000000
000250,2024-09-23,325000000,207000000,12000000,239000000,0,0,-1000000,152000000,13000000
000250,2024-09-24,71000000,156000000,-188000000,-45000000,0,0,0,306000000,-56000000
000250,2024-09-25,1711000000,-725000000,-800000000,-2290000000,0,0,0,-26000000,-95000000
000250,2024-09-26,3596000000,850000000,448000000,0,0,0,16000000,41000000,-84000000
000250,2024-09-27,-2679000000,0,108000000,5000000,0,0,0,149000000,19000000
000250,2024-09-30,2590000000,-275000000,-601000000,310000000,0,0,0,335000000,47000000
000250,2024-10-02,-1987000000,0,-72000000,0,0,0,0,-724000000,46000000
000250,2024-10-04,2973000000,103000000,1057000000,346000000,0,0,11000000,-252000000,-76000000
000250,2024-10-07,-2335000000,73000000,-662000000,-120000000,0,-6000000,0,376000000,-6000000
000250,2024-10-08,-153000000,242000000,-2965000000,1400000000,0,37000000,0,626000000,93000000
000250,2024-10-10,-1811000000,573000000,-2183000000,-1308000000,0,76000000,0,-560000000,37000000
000250,2024-10-11,1947000000,-57000000,716000000,-26000000,0,37000000,0,-50000000,-21000000
000250,2024-10-14,-1714000000,-42000000,-69000000,-143000000,0,-51000000,0,78000000,-99000000
000250,2024-10-15,641000000,43000000,137000000,-27000000,0,51000000,0,-63000000,-363000000
000250,2024-10-16,-1024000000,-518000000,-258000000,-14000000,0,0,0,363000000,19000000
000250,2024-10-17,2061000000,71000000,-404000000,25000000,0,51000000,0,-253000000,-86000000
000250,2024-10-18,-6606000000,-33000000,-350000000,-65000000,0,0,0,414000000,187000000
000250,2024-10-21,715000000,-6000000,293000000,-363000000,0,50000000,0,-203000000,127000000
000250,2024-10-22,-2411000000,11000000,-68000000,-10000000,0,56000000,0,1239000000,-3000000
000250,2024-10-23,-2246000000,-34000000,-2250000000,-6000000,0,-27000000,0,370000000,189000000
000250,2024-10-24,526000000,-147000000,707000000,-2000000,0,-184000000,0,475000000,-121000000
000250,2024-10-25,3940000000,4000000,532000000,-14000000,0,0,0,-193000000,107000000
000250,2024-10-28,4570000000,584000000,552000000,860000000,0,-1000000,0,281000000,-241000000
000250,2024-10-29,-437000000,83000000,-890000000,2927000000,0,0,0,111000000,-27000000
000250,2024-10-30,358000000,-263000000,171000000,283000000,0,-2000000,0,205000000,3000000
000250,2024-10-31,1222000000,74000000,-400000000,688000000,0,52000000,0,-217000000,-103000000
000250,2024-11-01,-4455000000,-149000000,-1357000000,220000000,0,0,0,361000000,122000000
000250,2024-11-04,5516000000,28000000,829000000,45000000,0,-3000000,0,320000000,-64000000
000250,2024-11-05,1148000000,1545000000,505000000,284000000,0,0,0,-677000000,-33000000
000250,2024-11-06,-1126000000,41000000,23000000,0,0,49000000,0,-88000000,-60000000
000250,2024-11-07,178000000,-79000000,492000000,-1605000000,0,-11000000,0,-96000000,13000000
000250,2024-11-08,395000000,49000000,-960000000,-73000000,0,87000000,0,-574000000,-4000000
000250,2024-11-11,1294000000,146000000,-305000000,-1316000000,0,0,0,-118000000,15000000
000250,2024-11-12,-322000000,-886000000,22000000,0,0,10000000,0,883000000,85000000
000250,2024-11-13,-358000000,-158000000,126000000,11000000,0,-4000000,0,-224000000,-13000000
000250,2024-11-14,-4203000000,-4000000,-620000000,12000000,0,0,-108000000,-223000000,92000000
000250,2024-11-15,-200000000,643000000,154000000,-589000000,0,-25000000,0,-256000000,-116000000
000250,2024-11-18,-1378000000,117000000,-1073000000,0,0,-14000000,0,29000000,63000000
000250,2024-11-19,-151000000,-79000000,459000000,10000000,0,0,0,-78000000,20000000
000250,2024-11-20,1650000000,-56000000,-61000000,7000000,0,0,0,150000000,-36000000
000250,2024-11-21,1010000000,-1000000,-238000000,13000000,0,-1000000,0,21000000,4000000
000250,2024-11-22,2885000000,70000000,1516000000,0,0,-22000000,0,-179000000,18000000
000250,2024-11-25,4310000000,-311000000,597000000,-1469000000,0,0,0,-187000000,21000000
000250,2024-11-26,-344000000,-99000000,-1213000000,-4000000,0,-48000000,5000000,-134000000,-108000000
000250,2024-11-27,1777000000,-94000000,-399000000,17000000,0,23000000,0,814000000,22000000
000250,2024-11-28,856000000,42000000,-422000000,20000000,0,27000000,0,713000000,27000000
000250,2024-11-29,4000000,77000000,-692000000,96000000,0,69000000,0,-599000000,18000000
000250,2024-12-02,79000000,159000000,184000000,36000000,0,24000000,0,-317000000,73000000
000250,2024-12-03,-1293000000,-282000000,-441000000,-116000000,0,-177000000,0,-20000000,-19000000
000250,2024-12-04,-2428000000,184000000,996000000,-44000000,0,0,0,2000000,41000000
000250,2024-12-05,-443000000,-1019000000,200000000,12000000,0,23000000,8000000,246000000,6000000
000250,2024-12-06,1536000000,37000000,60000000,12000000,0,47000000,0,-199000000,7000000
000250,2024-12-09,4440000000,-64000000,1205000000,-95000000,0,0,0,-209000000,6000000
000250,2024-12-10,3181000000,0,102000000,18000000,0,-31000000,0,-348000000,-6000000
000250,2024-12-11,-691000000,17000000,-806000000,-26000000,0,50000000,0,189000000,7000000
000250,2024-12-12,-4134000000,-1000000000,-137000000,-57000000,0,0,0,163000000,-14000000
000250,2024-12-13,-185000000,122000000,607000000,14000000,0,-8000000,0,283000000,-201000000
000250,2024-12-16,-535000000,147000000,382000000,32000000,0,0,0,260000000,9000000
000250,2024-12-17,2062000000,180000000,260000000,153000000,0,0,0,999000000,498000000
000250,2024-12-18,1072000000,-10000000,-277000000,-4000000,0,-10000000,3000000,-242000000,9000000
000250,2024-12-19,-1540000000,101000000,320000000,-197000000,0,47000000,0,1166000000,-232000000
000250,2024-12-20,75000000,308000000,-191000000,149000000,0,84000000,0,-15000000,-218000000
000250,2024-12-23,-260000000,-152000000,-400000000,2155000000,0,0,0,4415000000,-107000000
000250,2024-12-24,-2176000000,1471000000,1991000000,575000000,0,158000000,0,-5943000000,452000000
000250,2024-12-26,13665000000,1896000000,238000000,2658000000,0,280000000,0,561000000,-301000000
000250,2024-12-27,-2540000000,1984000000,-1051000000,547000000,0,87000000,0,4000000,83000000
000250,2024-12-30,-2538000000,-16000000,277000000,99000000,0,0,0,223000000,3000000
000250,2025-01-02,863000000,31000000,723000000,600000000,0,0,0,667000000,-28000000
000250,2025-01-03,-3297000000,-24000000,250000000,602000000,0,140000000,0,352000000,-59000000
000250,2025-01-06,1153000000,-399000000,3754000000,-220000000,0,48000000,0,-1033000000,-8000000
000250,2025-01-07,5120000000,-685000000,483000000,582000000,0,0,0,100000000,-274000000
000250,2025-01-08,-1235000000,2045000000,-2539000000,2721000000,0,0,0,1401000000,1000000
000250,2025-01-09,-1463000000,615000000,-404000000,1329000000,0,80000000,-5000000,2430000000,-138000000
000250,2025-01-10,-3062000000,63000000,106000000,28000000,0,48000000,0,-293000000,212000000
000250,2025-01-13,-3056000000,-438000000,3604000000,-1852000000,0,0,0,1078000000,-13000000
000250,2025-01-14,-353000000,193000000,-1821000000,-104000000,0,0,0,760000000,-81000000
000250,2025-01-15,-2390000000,-1042000000,-1070000000,-3060000000,0,30000000,0,737000000,344000000
000250,2025-01-16,757000000,838000000,2090000000,2973000000,0,237000000,0,-927000000,-208000000
000250,2025-01-17,-845000000,662000000,-1341000000,-963000000,0,95000000,0,-1304000000,-17000000
000250,2025-01-20,-658000000,39000000,1454000000,53000000,0,0,0,-723000000,-18000000
000250,2025-01-21,-3642000000,-1928000000,-1835000000,-2997000000,0,-68000000,0,267000000,105000000
000250,2025-01-22,-672000000,-213000000,1506000000,-640000000,0,22000000,0,-8373000000,79000000
000250,2025-01-23,-1073000000,1142000000,934000000,8000000,0,0,0,1036000000,13000000
000250,2025-01-24,-40000000,-3598000000,-2060000000,533000000,0,-2415000000,18000000,1124000000,35000000
000250,2025-01-31,675000000,69000000,2843000000,368000000,0,195000000,13000000,-899000000,266000000
000250,2025-02-03,-4851000000,48000000,-1893000000,1013000000,0,314000000,0,182000000,81000000
000250,2025-02-04,-2263000000,223000000,1296000000,-425000000,0,-4000000,0,-325000000,-63000000
000250,2025-02-05,2558000000,-856000000,2617000000,5903000000,0,-285000000,-39000000,-1657000000,-94000000
000250,2025-02-06,4113000000,3803000000,2688000000,7495000000,0,41000000,-23000000,-582000000,9000000
000250,2025-02-07,702000000,963000000,-2209000000,576000000,0,-19000000,0,1387000000,173000000
000250,2025-02-10,-3850000000,1030000000,-640000000,-1823000000,0,202000000,0,-1848000000,124000000
000250,2025-02-11,-1156000000,-985000000,1103000000,-3964000000,0,48000000,0,660000000,-71000000
000250,2025-02-12,1027000000,-330000000,-980000000,-319000000,0,0,0,78000000,99000000
000250,2025-02-13,-6636000000,-96000000,881000000,-4905000000,0,0,0,837000000,16000000
000250,2025-02-14,-3604000000,-481000000,-601000000,-2532000000,0,-2000000,0,661000000,82000000
000250,2025-02-17,406000000,-461000000,781000000,-2241000000,0,7000000,0,-390000000,-48000000
000250,2025-02-18,-828000000,-631000000,716000000,-419000000,0,-3000000,0,567000000,-205000000
000250,2025-02-19,1284000000,-264000000,641000000,0,0,12000000,0,-285000000,-216000000
000250,2025-02-20,-602000000,-164000000,966000000,-200000000,5000000,0,0,-222000000,15000000
000250,2025-02-21,-144000000,-101000000,334000000,17000000,3000000,-158000000,0,-127000000,52000000
000250,2025-02-24,-417000000,-14000000,-1233000000,2000000,5000000,0,0,511000000,-140000000
000250,2025-02-25,980000000,755000000,-10000000,14000000,3000000,0,16000000,337000000,101000000
000250,2025-02-26,-3178000000,3500000000,-1319000000,116000000,1000000,0,0,-96000000,8000000
000250,2025-02-27,-439000000,-3067000000,1029000000,-14000000,1000000,4000000,0,95000000,49000000
000250,2025-02-28,298000000,68000000,-802000000,-181000000,0,-53000000,0,19000000,-84000000
000250,2025-03-04,356000000,-310000000,296000000,-1068000000,0,-56000000,0,463000000,-277000000
000250,2025-03-05,5593000000,-139000000,3588000000,506000000,0,0,-21000000,-465000000,-259000000
000250,2025-03-06,431000000,-15000000,385000000,457000000,0,0,0,2128000000,108000000
000250,2025-03-07,-1255000000,19000000,-3064000000,219000000,0,2000000,0,1148000000,-39000000
000250,2025-03-10,746000000,-205000000,424000000,-670000000,0,-39000000,0,835000000,-89000000
000250,2025-03-11,-797000000,-1022000000,132000000,-490000000,0,-55000000,0,2371000000,4000000
000250,2025-03-12,-1167000000,-140000000,-50000000,0,0,0,0,181000000,4000000
000250,2025-03-13,-6775000000,-2957000000,-476000000,-71000000,0,1000000,0,218000000,66000000
000250,2025-03-14,256000000,-1282000000,814000000,153000000,0,-48000000,0,-427000000,19000000
000250,2025-03-17,4053000000,-973000000,773000000,0,0,0,0,247000000,-19000000
000250,2025-03-18,3258000000,-827000000,-756000000,0,0,0,0,-148000000,-12000000
000250,2025-03-19,-4957000000,-59000000,-736000000,0,55000000,0,0,1757000000,325000000
000250,2025-03-20,767000000,-124000000,612000000,17000000,-52000000,-59000000,0,819000000,27000000
000250,2025-03-21,5658000000,3000000,435000000,200000000,0,0,0,811000000,-76000000
000250,2025-03-24,677000000,-61000000,-474000000,-2000000,0,0,0,-71000000,-145000000
000250,2025-03-25,-183000000,7000000,-1118000000,-107000000,0,-214000000,-4000000,-129000000,0
000250,2025-03-26,-131000000,-257000000,-1038000000,-42000000,0,-58000000,0,2438000000,208000000
000250,2025-03-27,-295000000,-43000000,-77000000,208000000,0,-286000000,0,225000000,-32000000
000250,2025-03-28,-555000000,-150000000,1050000000,-343000000,0,0,0,561000000,-419000000
000250,2025-03-31,7198000000,483000000,894000000,-123000000,0,0,0,1137000000,140000000
000250,2025-04-01,2889000000,0,-1358000000,-123000000,0,0,0,-100000000,-79000000
000250,2025-04-02,875000000,289000000,1103000000,-448000000,0,144000000,0,37000000,-10000000
000250,2025-04-03,795000000,665000000,-902000000,2307000000,0,105000000,8000000,-18000000,-16000000
000250,2025-04-04,2896000000,-527000000,-276000000,3883000000,0,239000000,0,-1482000000,110000000
000250,2025-04-07,141000000,283000000,-25000000,-2462000000,0,234000000,0,-1109000000,35000000
000250,2025-04-08,2297000000,1692000000,3158000000,877000000,0,237000000,0,109000000,130000000
000250,2025-04-09,1769000000,-2120000000,-2888000000,-3077000000,0,3000000,0,505000000,-345000000
000250,2025-04-10,573000000,890000000,-367000000,-79000000,0,29000000,0,-536000000,24000000
000250,2025-04-11,-1253000000,2004000000,-13000000,929000000,0,273000000,0,153000000,1000000
000250,2025-04-14,-886000000,-273000000,919000000,-1221000000,0,8000000,0,206000000,-101000000
000250,2025-04-15,-54000000,-162000000,214000000,-341000000,0,95000000,0,196000000,-62000000
000250,2025-04-16,-1287000000,-147000000,-921000000,-408000000,0,111000000,0,-444000000,20000000
000250,2025-04-17,251000000,-14000000,331000000,-39000000,0,118000000,0,0,2000000
000250,2025-04-18,-3396000000,-218000000,17000000,39000000,0,0,0,-124000000,107000000
000250,2025-04-21,-4078000000,130000000,-526000000,-391000000,0,118000000,0,-646000000,65000000
000250,2025-04-22,-5549000000,482000000,34000000,-446000000,0,67000000,0,285000000,-17000000
000250,2025-04-23,744000000,-1000000,-34000000,42000000,0,-36000000,0,-234000000,-31000000
000250,2025-04-24,-2375000000,-1412000000,-680000000,1286000000,0,-12000000,0,428000000,-219000000
000250,2025-04-25,-294000000,-864000000,88000000,9000000,0,-2000000,0,367000000,19000000
000250,2025-04-28,-1821000000,-1288000000,-3000000,-318000000,0,0,0,-54000000,6000000
000250,2025-04-29,430000000,-97000000,650000000,139000000,0,-21000000,0,50000000,104000000
000250,2025-04-30,-1837000000,-20000000,-799000000,0,0,0,0,511000000,0
000250,2025-05-02,424000000,0,86000000,-176000000,0,0,0,68000000,0
000250,2025-05-07,1040000000,-557000000,1223000000,-46000000,0,-69000000,0,194000000,-5000000
000250,2025-05-08,1079000000,-14000000,-1622000000,0,0,45000000,0,-45000000,2000000
000250,2025-05-09,-963000000,-6000000,341000000,-23000000,0,-4000000,0,16000000,17000000
000250,2025-05-12,-551000000,-124000000,288000000,0,0,-1000000,0,49000000,7000000
000250,2025-05-13,6167000000,315000000,693000000,901000000,0,-2000000,0,-105000000,-36000000
000250,2025-05-14,530000000,148000000,-442000000,195000000,0,-588000000,0,30000000,-104000000
000250,2025-05-15,-718000000,-12000000,-426000000,-42000000,0,0,0,-8000000,5000000
000250,2025-05-16,-18000000,-243000000,138000000,73000000,0,0,0,-403000000,6000000
000250,2025-05-19,-4498000000,-825000000,564000000,-821000000,0,-2000000,-27000000,379000000,90000000
000250,2025-05-20,-141000000,306000000,903000000,127000000,0,46000000,0,171000000,91000000
000250,2025-05-21,562000000,-436000000,78000000,-139000000,0,0,0,8000000,-1000000
000250,2025-05-22,617000000,63000000,-88000000,-39000000,0,0,0,283000000,-21000000
000250,2025-05-23,-188000000,-67000000,3000000,0,0,-140000000,0,392000000,51000000
000250,2025-05-26,574000000,-146000000,-263000000,-273000000,0,3000000,0,52000000,11000000
000250,2025-05-27,-461000000,-98000000,99000000,-145000000,0,0,0,-95000000,4000000
000250,2025-05-28,316000000,-1314000000,261000000,-13000000,0,-5000000,0,-15000000,0
000250,2025-05-29,1103000000,-100000000,-296000000,-382000000,0,0,0,575000000,6000000
000250,2025-05-30,223000000,-35000000,678000000,-24000000,0,-1000000,0,59000000,9000000
000250,2025-06-02,238000000,-41000000,-42000000,75000000,0,-1000000,0,-496000000,8000000
000250,2025-06-04,2860000000,11000000,-679000000,96000000,0,74000000,0,-303000000,-26000000
000250,2025-06-05,1184000000,-111000000,-1497000000,-63000000,0,-35000000,-3000000,112000000,280000000
000250,2025-06-09,24000000,207000000,327000000,1270000000,0,-9000000,0,14000000,-2000000
000250,2025-06-10,-487000000,691000000,-304000000,1016000000,0,-11000000,0,307000000,-46000000
000250,2025-06-11,4117000000,-424000000,1001000000,-3167000000,0,126000000,-7000000,198000000,-40000000
000250,2025-06-12,5188000000,-1159000000,-572000000,108000000,0,79000000,0,117000000,-38000000
000250,2025-06-13,-1906000000,142000000,-250000000,-394000000,0,-20000000,0,242000000,56000000
000250,2025-06-16,2055000000,174000000,71000000,-55000000,0,-3000000,0,239000000,20000000
000250,2025-06-17,482000000,-419000000,-289000000,-23000000,0,-37000000,0,-560000000,-3000000
000250,2025-06-18,-998000000,-211000000,-170000000,-36000000,0,82000000,0,854000000,20000000
000250,2025-06-19,-188000000,36000000,96000000,30000000,0,112000000,0,-121000000,8000000
000250,2025-06-20,1891000000,-140000000,1122000000,-121000000,0,-203000000,0,-603000000,-4000000
000250,2025-06-23,-1432000000,2000000,-775000000,27000000,0,0,0,242000000,-5000000
000250,2025-06-24,1405000000,-2000000,-551000000,325000000,0,-2000000,-10000000,-116000000,-14000000
000250,2025-06-25,-1645000000,0,129000000,-49000000,0,31000000,0,-2000000,-68000000
000250,2025-06-26,-1362000000,0,705000000,-25000000,0,0,0,127000000,-63000000
000250,2025-06-27,-303000000,-12000000,604000000,-2000000,0,-1000000,0,-278000000,2000000
000250,2025-06-30,471000000,24000000,-270000000,-73000000,0,0,0,-683000000,-54000000
000250,2025-07-01,12000000,97000000,-41000000,-7000000,0,-1000000,0,-5000000,-9000000
000250,2025-07-02,-3845000000,1716000000,226000000,1264000000,0,86000000,0,1455000000,2000000
000250,2025-07-03,8000000,39000000,57000000,320000000,0,0,0,190000000,-33000000
000250,2025-07-04,-478000000,-420000000,-181000000,80000000,0,0,0,54000000,12000000
000250,2025-07-07,818000000,-32000000,1118000000,0,0,0,0,143000000,3000000
000250,2025-07-08,699000000,87000000,-46000000,21000000,0,0,0,46000000,-94000000
000250,2025-07-09,2101000000,-52000000,92000000,355000000,0,0,0,211000000,-123000000
000250,2025-07-10,-524000000,-56000000,-1425000000,-11000000,0,0,0,79000000,31000000
000250,2025-07-11,-680000000,-229000000,11000000,-59000000,0,0,0,-84000000,4000000
000250,2025-07-14,68000000,-49000000,293000000,164000000,0,0,0,47000000,1000000
000250,2025-07-15,-134000000,5000000,988000000,-32000000,0,0,0,305000000,-9000000
000250,2025-07-16,-290000000,271000000,-1220000000,21000000,0,0,0,21000000,-18000000
000250,2025-07-17,-630000000,285000000,1502000000,323000000,0,124000000,0,122000000,-39000000
000250,2025-07-18,-80000000,256000000,-196000000,212000000,0,0,0,93000000,-1000000
000250,2025-07-21,505000000,-105000000,73000000,-28000000,0,0,0,-34000000,2000000
000250,2025-07-22,-1012000000,10000000,78000000,-17000000,0,0,0,324000000,-42000000
000250,2025-07-23,978000000,741000000,-5395000000,718000000,0,-62000000,-20000000,1265000000,-40000000
000250,2025-07-24,-1705000000,-307000000,-3323000000,1752000000,0,-155000000,-51000000,1180000000,31000000
000250,2025-07-25,4969000000,-3097000000,-2917000000,47000000,0,-39000000,-6000000,19000000,22000000
000250,2025-07-28,793000000,90000000,-159000000,1478000000,0,-8000000,0,308000000,2000000
000250,2025-07-29,496000000,68000000,592000000,-67000000,0,0,0,-177000000,-4000000
000250,2025-07-30,-955000000,-761000000,-2729000000,309000000,0,-92000000,0,-68000000,-3000000
000250,2025-07-31,-917000000,-122000000,-107000000,-282000000,0,0,0,-174000000,-60000000
000250,2025-08-01,889000000,88000000,747000000,-2843000000,0,0,0,-49000000,-15000000
000250,2025-08-04,-328000000,-49000000,-554000000,-71000000,0,417000000,0,305000000,31000000
000250,2025-08-05,-209000000,-335000000,-420000000,-492000000,0,-7000000,0,224000000,0
000250,2025-08-06,1260000000,-229000000,227000000,-202000000,0,0,0,327000000,-2000000
000250,2025-08-07,291000000,-177000000,-505000000,-164000000,0,-396000000,0,-553000000,1000000
000250,2025-08-08,-128000000,-15000000,795000000,-589000000,0,0,0,-108000000,17000000
000250,2025-08-11,437000000,-180000000,55000000,-15000000,0,0,0,108000000,35000000
000250,2025-08-12,1147000000,18000000,519000000,-106000000,0,0,0,220000000,9000000
000250,2025-08-13,-472000000,268000000,-60000000,-47000000,0,-1000000,0,127000000,8000000
000250,2025-08-14,-3924000000,-51000000,-1384000000,-19000000,0,0,0,180000000,50000000
000250,2025-08-18,-247000000,0,155000000,-51000000,0,0,0,63000000,20000000
000250,2025-08-19,-14000000,111000000,46000000,-142000000,0,0,0,126000000,175000000
000250,2025-08-20,-4368000000,108000000,693000000,105000000,0,0,0,30000000,-20000000
000250,2025-08-21,815000000,-2000000,-212000000,-28000000,0,6000000,0,614000000,24000000
000250,2025-08-22,707000000,-10000000,115000000,25000000,0,7000000,0,253000000,28000000
000250,2025-08-25,948000000,438000000,768000000,546000000,0,-2000000,0,-13000000,-7000000
000250,2025-08-26,-1016000000,5000000,-305000000,35000000,0,0,0,235000000,-242000000
000250,2025-08-27,522000000,-265000000,762000000,398000000,0,102000000,0,1087000000,-72000000
000250,2025-08-28,1889000000,-22000000,-815000000,108000000,0,33000000,0,294000000,-29000000
000250,2025-08-29,-751000000,86000000,-431000000,22000000,0,0,0,-61000000,2000000
000250,2025-09-01,-8156000000,-41000000,-637000000,-322000000,0,0,0,-44000000,-36000000
000250,2025-09-02,-921000000,134000000,1062000000,71000000,0,-1000000,0,96000000,9000000
000250,2025-09-03,-1039000000,135000000,-51000000,8000000,0,0,0,5000000,11000000
000250,2025-09-04,-681000000,-24000000,273000000,345000000,0,226000000,0,-70000000,-21000000
000250,2025-09-05,-543000000,-22000000,959000000,130000000,0,52000000,0,-481000000,9000000
000250,2025-09-08,183000000,-63000000,-124000000,-45000000,0,49000000,0,147000000,-4000000
000250,2025-09-09,192000000,-49000000,-29000000,-399000000,0,9000000,0,156000000,7000000
000250,2025-09-10,4238000000,-90000000,645000000,216000000,0,148000000,0,-1704000000,-21000000
000250,2025-09-11,5686000000,-755000000,839000000,25000000,0,0,0,-79000000,374000000
000250,2025-09-12,-91000000,-152000000,276000000,99000000,0,-1000000,0,-73000000,1000000
000250,2025-09-15,-270000000,-120000000,-1527000000,-341000000,0,-1000000,0,113000000,-27000000
000250,2025-09-16,1352000000,51000000,222000000,216000000,0,23000000,0,-78000000,61000000
000250,2025-09-17,-420000000,-265000000,-616000000,24000000,0,-45000000,0,-245000000,7000000
000250,2025-09-18,831000000,0,-75000000,-95000000,0,-3000000,0,296000000,30000000
000250,2025-09-19,2139000000,0,-140000000,157000000,0,0,0,434000000,-153000000
000250,2025-09-22,1226000000,138000000,-1077000000,48000000,0,54000000,-9000000,847000000,-347000000
000250,2025-09-23,-2479000000,-143000000,-1880000000,1465000000,0,0,0,226000000,39000000
000250,2025-09-24,840000000,-632000000,-2374000000,-2665000000,0,-613000000,-9000000,150000000,90000000
000250,2025-09-25,-1543000000,-293000000,-1602000000,-348000000,0,0,0,495000000,21000000
000250,2025-09-26,99000000,-298000000,-145000000,-237000000,0,0,0,352000000,-11000000
000250,2025-09-29,-54000000,314000000,2055000000,-4000000,0,1173000000,0,-9000000,23000000
000250,2025-09-30,345000000,488000000,1062000000,144000000,0,42000000,0,-1064000000,-46000000
000250,2025-10-01,119000000,-2000000,720000000,48000000,0,0,0,-1603000000,41000000
000250,2025-10-02,2088000000,505000000,566000000,87000000,0,-10000000,0,-126000000,70000000
000250,2025-10-10,-115000000,-2000000,168000000,77000000,0,-7000000,0,29000000,10000000
000250,2025-10-13,345000000,119000000,19000000,-301000000,0,-1000000,0,-224000000,-77000000
000250,2025-10-14,-1804000000,-92000000,-469000000,88000000,0,-119000000,0,468000000,3000000
000250,2025-10-15,428000000,-23000000,-281000000,-73000000,0,-18000000,0,38000000,30000000
000250,2025-10-16,-77000000,94000000,807000000,-523000000,0,-68000000,0,-276000000,19000000
000250,2025-10-17,1760000000,12000000,-530000000,-136000000,0,-1000000,0,-116000000,54000000
000250,2025-10-20,640000000,-40000000,-289000000,-360000000,0,-4000000,0,53000000,16000000
000250,2025-10-21,704000000,-148000000,1724000000,854000000,0,-6000000,0,-77000000,-35000000
000250,2025-10-22,-268000000,-82000000,319000000,293000000,0,0,0,-228000000,7000000
000250,2025-10-23,124000000,0,-80000000,-33000000,0,-3000000,0,2000000,-3000000
000250,2025-10-24,1950000000,-21000000,372000000,-786000000,0,-5000000,0,-267000000,-12000000
000250,2025-10-27,3615000000,484000000,1365000000,678000000,0,83000000,0,1238000000,-118000000
000250,2025-10-28,767000000,-336000000,314000000,-81000000,0,-98000000,0,-315000000,17000000
000250,2025-10-29,994000000,-13000000,-1809000000,77000000,0,-10000000,0,846000000,24000000
000250,2025-10-30,457000000,-1000000,-836000000,2112000000,0,-22000000,0,-64000000,115000000
000250,2025-10-31,2515000000,-33000000,3376000000,260000000,0,-3000000,35000000,269000000,-81000000
000250,2025-11-03,1802000000,8000000,1386000000,249000000,0,26000000,0,-495000000,-29000000
000250,2025-11-04,802000000,420000000,1968000000,136000000,0,159000000,0,422000000,17000000
000250,2025-11-05,-26000000,-41000000,-1214000000,-62000000,0,0,0,-181000000,-1000000
000250,2025-11-06,-226000000,-26000000,178000000,0,0,-16000000,0,63000000,74000000
000250,2025-11-07,1389000000,-75000000,547000000,153000000,0,35000000,0,-1839000000,-13000000
000250,2025-11-10,2591000000,64000000,50000000,-1000000,0,0,0,178000000,-4000000
000250,2025-11-11,-17000000,127000000,-697000000,9000000,0,-4000000,0,-94000000,14000000
000250,2025-11-12,1623000000,271000000,1979000000,114000000,0,1000000,0,218000000,-53000000
000250,2025-11-13,7583000000,204000000,1649000000,-33000000,0,0,0,-147000000,10000000
000250,2025-11-14,-1285000000,-3864000000,-950000000,-177000000,0,0,-13000000,111000000,0
000250,2025-11-17,-92000000,-65000000,-273000000,378000000,0,3000000,0,98000000,20000000
000250,2025-11-18,-1199000000,-7000000,121000000,6000000,0,0,0,-205000000,-147000000
000250,2025-11-19,-14000000,0,-328000000,-14000000,0,0,0,36000000,2000000
000250,2025-11-20,25000000,26000000,-1163000000,143000000,0,0,0,-175000000,-5000000
000250,2025-11-21,-1908000000,-640000000,-165000000,-194000000,0,0,-7000000,-78000000,75000000
000250,2025-11-24,-428000000,-92000000,-15000000,5000000,0,-2000000,0,12000000,-4000000
000250,2025-11-25,-972000000,38000000,-90000000,71000000,0,-135000000,0,237000000,106000000
000250,2025-11-26,501000000,-66000000,-1335000000,8000000,0,-43000000,0,173000000,7000000
000250,2025-11-27,-270000000,-166000000,-215000000,-69000000,0,-80000000,0,-206000000,8000000
000250,2025-11-28,5020000000,348000000,1419000000,1675000000,0,0,0,86000000,-20000000
000250,2025-12-01,2685000000,331000000,-488000000,414000000,0,138000000,-7000000,303000000,-3000000
000250,2025-12-02,1974000000,-2000000,-1748000000,146000000,0,0,0,78000000,-95000000
000250,2025-12-03,129000000,0,0,-220000000,0,0,0,39000000,4000000
000250,2025-12-04,1370000000,-242000000,-111000000,190000000,0,-1000000,0,-167000000,-22000000
000250,2025-12-05,1759000000,-113000000,125000000,-1699000000,0,0,0,309000000,96000000
000250,2025-12-08,597000000,-10000000,-937000000,-3885000000,0,-9000000,-34000000,-329000000,128000000
000250,2025-12-09,223000000,-28000000,-443000000,-64000000,0,-311000000,0,373000000,-259000000
000250,2025-12-10,1700000000,1420000000,3023000000,835000000,0,-141000000,0,-112000000,-30000000
000250,2025-12-11,2406000000,-6234000000,-2269000000,-1631000000,0,-4000000,13000000,88000000,-7000000
000250,2025-12-12,771000000,63000000,-21000000,-1358000000,0,-49000000,0,89000000,10000000
000250,2025-12-15,742000000,322000000,121000000,27000000,0,0,0,131000000,8000000
000250,2025-12-16,348000000,170000000,298000000,-17000000,0,-9000000,-73000000,21000000,41000000
000250,2025-12-17,885000000,91000000,-887000000,1191000000,0,0,0,253000000,105000000
000250,2025-12-18,140000000,50000000,178000000,0,0,188000000,0,81000000,63000000
000250,2025-12-19,7984000000,835000000,2677000000,-1410000000,0,80000000,0,-797000000,-102000000
000250,2025-12-22,325000000,-76000000,-116000000,-141000000,0,-7000000,0,191000000,-29000000
000250,2025-12-23,-1868000000,0,-1101000000,401000000,0,0,0,679000000,139000000
000250,2025-12-24,443000000,525000000,415000000,1658000000,0,47000000,0,39000000,254000000
000250,2025-12-26,3667000000,44000000,2056000000,831000000,0,-1000000,0,6000000,35000000
000250,2025-12-29,202000000,126000000,677000000,1046000000,0,0,0,-403000000,-106000000
000250,2025-12-30,-71000000,-119000000,76000000,-190000000,0,-53000000,0,-23000000,-12000000
