ticker,trade_date,fin_inv_net_amt,trust_net_amt,pension_net_amt,private_equity_net_amt,bank_net_amt,insurance_net_amt,etc_finance_net_amt,etc_corp_net_amt,etc_foreign_net_amt
042000,2020-01-02,-466000000,0,-32000000,3000000,0,0,0,-3000000,0
042000,2020-01-03,-269000000,-60000000,0,-153000000,0,0,103000000,103000000,-7000000
042000,2020-01-06,-182000000,-173000000,2000000,-65000000,0,-2000000,0,53000000,8000000
042000,2020-01-07,-376000000,112000000,-13000000,-13000000,0,-4000000,15000000,52000000,2000000
042000,2020-01-08,-72000000,102000000,4000000,0,0,10000000,0,4000000,23000000
042000,2020-01-09,-113000000,289000000,-37000000,0,0,7000000,0,3000000,-90000000
042000,2020-01-10,-240000000,52000000,-21000000,-80000000,0,0,0,15000000,-1000000
042000,2020-01-13,-119000000,-24000000,-3000000,-13000000,0,1000000,0,-82000000,10000000
042000,2020-01-14,-193000000,1000000,-66000000,-25000000,0,-1000000,0,10000000,-4000000
042000,2020-01-15,-291000000,3000000,-2000000,-26000000,0,1000000,-40000000,0,0
042000,2020-01-16,201000000,105000000,12000000,-33000000,0,0,0,5000000,2000000
042000,2020-01-17,137000000,0,-134000000,-1000000,0,-2000000,20000000,0,5000000
042000,2020-01-20,-68000000,39000000,-6000000,-107000000,0,0,12000000,0,0
042000,2020-01-21,-291000000,-147000000,7000000,-11000000,0,1000000,0,229000000,20000000
042000,2020-01-22,586000000,5000000,10000000,-393000000,0,0,0,8000000,0
042000,2020-01-23,-334000000,-308000000,-5000000,-8000000,0,0,0,112000000,7000000
042000,2020-01-28,-135000000,-129000000,-12000000,39000000,0,1000000,0,57000000,0
042000,2020-01-29,19000000,-250000000,5000000,-5000000,0,1000000,0,-4000000,9000000
042000,2020-01-30,-121000000,-254000000,295000000,81000000,0,0,0,-14000000,-31000000
042000,2020-01-31,238000000,90000000,36000000,110000000,0,0,36000000,-11000000,-37000000
042000,2020-02-03,83000000,203000000,157000000,502000000,0,0,0,25000000,-10000000
042000,2020-02-04,-157000000,81000000,404000000,126000000,0,-2000000,19000000,30000000,0
042000,2020-02-05,-7000000,389000000,277000000,-874000000,-111000000,285000000,10000000,-71000000,1000000
042000,2020-02-06,8000000,37000000,-105000000,-393000000,0,0,0,2000000,18000000
042000,2020-02-07,-285000000,-398000000,-19000000,-45000000,0,-5000000,0,0,33000000
042000,2020-02-10,116000000,26000000,-4000000,37000000,0,0,0,0,31000000
042000,2020-02-11,184000000,80000000,9000000,0,0,0,0,15000000,25000000
042000,2020-02-12,34000000,124000000,-3000000,-2000000,0,-3000000,0,10000000,43000000
042000,2020-02-13,-359000000,1000000,-12000000,-242000000,0,-3000000,0,11000000,12000000
042000,2020-02-14,-255000000,116000000,34000000,-221000000,0,0,0,-3000000,-8000000
042000,2020-02-17,-23000000,47000000,292000000,-154000000,0,0,0,2000000,0
042000,2020-02-18,-118000000,3000000,-114000000,-194000000,0,0,0,0,0
042000,2020-02-19,-41000000,83000000,18000000,-38000000,0,0,0,89000000,2000000
042000,2020-02-20,-20000000,99000000,126000000,-1000000,0,0,0,-13000000,-3000000
042000,2020-02-21,-46000000,1000000,-10000000,-29000000,0,0,0,-4000000,0
042000,2020-02-24,408000000,2000000,18000000,67000000,0,0,0,24000000,-1000000
042000,2020-02-25,374000000,6000000,16000000,262000000,0,0,0,-69000000,1000000
042000,2020-02-26,-122000000,-40000000,-119000000,-246000000,4000000,0,8000000,-1000000,-5000000
042000,2020-02-27,-340000000,-3909000000,-1741000000,661000000,-9000000,-64000000,-77000000,42000000,74000000
042000,2020-02-28,336000000,124000000,-254000000,751000000,0,-144000000,-18000000,38000000,-102000000
042000,2020-03-02,215000000,114000000,6000000,351000000,0,0,0,0,10000000
042000,2020-03-03,-74000000,7000000,-111000000,-9000000,0,0,0,3000000,9000000
042000,2020-03-04,100000000,20000000,-6000000,0,0,-55000000,-18000000,-13000000,-33000000
042000,2020-03-05,-455000000,-126000000,2000000,-1000000,0,-221000000,0,0,0
042000,2020-03-06,-138000000,9000000,137000000,-442000000,0,1000000,0,17000000,8000000
042000,2020-03-09,38000000,-79000000,-1000000,-10000000,0,9000000,0,310000000,-22000000
042000,2020-03-10,701000000,-63000000,9000000,247000000,0,2000000,0,174000000,2000000
042000,2020-03-11,93000000,-161000000,-11000000,-451000000,0,0,0,172000000,0
042000,2020-03-12,-20000000,-134000000,-20000000,2000000,0,0,0,61000000,4000000
042000,2020-03-13,450000000,144000000,8000000,403000000,0,0,0,88000000,19000000
042000,2020-03-16,-67000000,-7000000,47000000,1000000,0,0,-92000000,0,-10000000
042000,2020-03-17,209000000,14000000,3000000,16000000,0,0,0,54000000,0
042000,2020-03-18,-22000000,-150000000,-234000000,-14000000,-5000000,-148000000,-81000000,0,-1000000
042000,2020-03-19,496000000,-400000000,-502000000,7000000,-17000000,-77000000,0,-23000000,-1000000
042000,2020-03-20,87000000,176000000,-1000000,39000000,0,-47000000,0,2000000,-23000000
042000,2020-03-23,-268000000,-108000000,-8000000,22000000,0,0,0,-5000000,4000000
042000,2020-03-24,272000000,11000000,0,-27000000,0,0,0,-10000000,-4000000
042000,2020-03-25,-188000000,278000000,-4000000,-43000000,0,0,-1000000,171000000,22000000
042000,2020-03-26,-280000000,117000000,0,-32000000,0,0,0,64000000,-8000000
042000,2020-03-27,-95000000,77000000,-2000000,5000000,0,0,0,5000000,30000000
042000,2020-03-30,-44000000,11000000,0,48000000,0,0,0,45000000,0
042000,2020-03-31,6000000,496000000,-284000000,-9000000,0,1000000,0,68000000,1000000
042000,2020-04-01,-46000000,-84000000,70000000,204000000,0,103000000,0,92000000,3000000
042000,2020-04-02,199000000,619000000,-56000000,50000000,0,105000000,0,-281000000,8000000
042000,2020-04-03,-158000000,231000000,56000000,468000000,0,150000000,0,-2000000,-4000000
042000,2020-04-06,126000000,214000000,53000000,-23000000,0,-33000000,0,9000000,2000000
042000,2020-04-07,-222000000,-6000000,0,141000000,0,-114000000,0,-291000000,1000000
042000,2020-04-08,-138000000,-8000000,0,-4000000,0,-49000000,0,-21000000,31000000
042000,2020-04-09,-54000000,-20000000,0,-28000000,0,0,0,-49000000,-1000000
042000,2020-04-10,-187000000,6000000,0,73000000,0,0,0,7000000,-6000000
042000,2020-04-13,-64000000,-232000000,0,-37000000,0,-164000000,0,61000000,6000000
042000,2020-04-14,57000000,15000000,0,165000000,0,0,0,-63000000,1000000
042000,2020-04-16,-305000000,230000000,49000000,2000000,0,0,0,0,-4000000
042000,2020-04-17,-58000000,388000000,87000000,-14000000,0,0,0,-163000000,-17000000
042000,2020-04-20,-141000000,72000000,44000000,-13000000,0,0,0,6000000,-1000000
042000,2020-04-21,-41000000,-1000000,326000000,0,0,0,0,0,-4000000
042000,2020-04-22,-101000000,66000000,164000000,1000000,0,0,0,0,-2000000
042000,2020-04-23,90000000,301000000,29000000,104000000,4000000,0,32000000,-621000000,965000000
042000,2020-04-24,-135000000,394000000,52000000,-520000000,8000000,0,53000000,-33000000,57000000
042000,2020-04-27,11000000,419000000,402000000,-793000000,0,84000000,0,-250000000,-1026000000
042000,2020-04-28,-131000000,135000000,9000000,-10000000,0,0,0,-6000000,545000000
042000,2020-04-29,-95000000,0,446000000,-4000000,0,0,0,-4000000,-1000000
042000,2020-05-04,-186000000,93000000,237000000,17000000,0,164000000,0,122000000,-18000000
042000,2020-05-06,305000000,157000000,-516000000,-32000000,0,2000000,0,3000000,62000000
042000,2020-05-07,12000000,271000000,451000000,-28000000,0,5000000,41000000,-12000000,13000000
042000,2020-05-08,405000000,-756000000,188000000,-8000000,0,204000000,0,-73000000,-43000000
042000,2020-05-11,-132000000,-44000000,-386000000,-21000000,0,300000000,0,103000000,-22000000
042000,2020-05-12,-67000000,95000000,0,0,0,2000000,0,142000000,21000000
042000,2020-05-13,126000000,58000000,0,-292000000,0,-1000000,0,24000000,-7000000
042000,2020-05-14,-38000000,5000000,0,0,0,0,0,-127000000,-26000000
042000,2020-05-15,191000000,0,3000000,-77000000,0,-1000000,-3000000,50000000,-19000000
042000,2020-05-18,-29000000,-32000000,4000000,0,0,-18000000,0,10000000,8000000
042000,2020-05-19,99000000,0,-18000000,1000000,0,-3000000,0,35000000,0
042000,2020-05-20,13000000,39000000,-282000000,149000000,0,-56000000,0,133000000,27000000
042000,2020-05-21,1008000000,1998000000,619000000,2645000000,304000000,71000000,0,410000000,83000000
042000,2020-05-22,-749000000,121000000,176000000,-565000000,0,112000000,0,-31000000,58000000
042000,2020-05-25,93000000,238000000,13000000,1807000000,0,54000000,0,-236000000,-15000000
042000,2020-05-26,53000000,720000000,149000000,-1433000000,0,-28000000,0,27000000,-232000000
042000,2020-05-27,-368000000,-1895000000,-655000000,-2396000000,0,-37000000,-62000000,14000000,-24000000
042000,2020-05-28,-463000000,-717000000,-163000000,-107000000,-67000000,-44000000,-130000000,298000000,-65000000
042000,2020-05-29,-88000000,94000000,0,-431000000,0,-47000000,0,-274000000,21000000
042000,2020-06-01,23000000,-157000000,-14000000,-338000000,-91000000,-45000000,23000000,-26000000,1000000
042000,2020-06-02,125000000,-455000000,0,0,0,-17000000,0,-37000000,-8000000
042000,2020-06-03,-117000000,-932000000,-367000000,35000000,-199000000,-73000000,-11000000,18000000,-18000000
042000,2020-06-04,-275000000,-156000000,0,-603000000,0,-4000000,0,8000000,20000000
042000,2020-06-05,-2000000,-262000000,-189000000,-83000000,0,-2000000,22000000,42000000,2000000
042000,2020-06-08,13000000,-215000000,-93000000,-30000000,0,-48000000,0,29000000,14000000
042000,2020-06-09,-96000000,60000000,-1000000,1000000,0,-1000000,11000000,0,-7000000
042000,2020-06-10,-25000000,170000000,174000000,-6000000,0,0,0,46000000,97000000
042000,2020-06-11,-281000000,-318000000,123000000,-64000000,0,-5000000,11000000,-80000000,-60000000
042000,2020-06-12,-126000000,590000000,93000000,-8000000,0,-8000000,88000000,-135000000,-85000000
042000,2020-06-15,-135000000,-190000000,-14000000,-13000000,0,2000000,5000000,-6000000,65000000
042000,2020-06-16,309000000,0,-142000000,-2000000,0,-2000000,0,28000000,12000000
042000,2020-06-17,-245000000,-176000000,-151000000,-36000000,0,-18000000,0,3000000,-17000000
042000,2020-06-18,-236000000,0,0,-21000000,0,5000000,0,135000000,2000000
042000,2020-06-19,-164000000,-87000000,-7000000,0,0,29000000,0,0,18000000
042000,2020-06-22,-57000000,437000000,241000000,333000000,13000000,835000000,-17000000,-232000000,74000000
042000,2020-06-23,-106000000,-40000000,674000000,-4000000,0,100000000,61000000,30000000,-38000000
042000,2020-06-24,85000000,640000000,771000000,-19000000,0,422000000,-46000000,-25000000,3000000
042000,2020-06-25,-340000000,6000000,21000000,-3000000,0,388000000,0,-178000000,-7000000
042000,2020-06-26,13000000,-158000000,21000000,-15000000,0,457000000,0,-9000000,-3000000
042000,2020-06-29,-271000000,-303000000,-2000000,-10000000,2000000,-13000000,21000000,160000000,-1000000
042000,2020-06-30,150000000,-776000000,-165000000,5000000,0,-33000000,5000000,-12000000,19000000
042000,2020-07-01,18000000,-127000000,-27000000,-2000000,0,-1000000,0,10000000,10000000
042000,2020-07-02,170000000,-100000000,-51000000,-3000000,0,0,0,-2000000,1000000
042000,2020-07-03,-130000000,0,-3000000,0,0,0,0,-1000000,-1000000
042000,2020-07-06,51000000,0,-4000000,-1000000,0,-11000000,0,4000000,3000000
042000,2020-07-07,-312000000,-37000000,66000000,-7000000,0,-2000000,-27000000,10000000,-40000000
042000,2020-07-08,-74000000,-40000000,162000000,-4000000,0,0,0,-33000000,16000000
042000,2020-07-09,-130000000,0,0,-2000000,0,-1000000,-18000000,26000000,12000000
042000,2020-07-10,-324000000,-440000000,0,4000000,0,-55000000,0,-87000000,8000000
042000,2020-07-13,94000000,95000000,1126000000,108000000,0,169000000,0,14000000,41000000
042000,2020-07-14,-6000000,5000000,27000000,12000000,0,0,0,-79000000,-256000000
042000,2020-07-15,126000000,0,-92000000,-11000000,0,-11000000,0,-60000000,3000000
042000,2020-07-16,-197000000,-21000000,-66000000,59000000,0,0,0,-12000000,-15000000
042000,2020-07-17,17000000,0,-6000000,1000000,0,2000000,0,5000000,-8000000
042000,2020-07-20,-50000000,-104000000,2000000,-2000000,0,-3000000,0,-8000000,-2000000
042000,2020-07-21,382000000,23000000,7000000,-17000000,0,-4000000,0,2000000,2000000
042000,2020-07-22,40000000,-87000000,-250000000,-11000000,0,-3000000,0,3000000,-3000000
042000,2020-07-23,-118000000,40000000,47000000,-152000000,0,-81000000,-29000000,-62000000,-4000000
042000,2020-07-24,153000000,-85000000,-5000000,-10000000,0,2000000,0,-277000000,-28000000
042000,2020-07-27,66000000,-176000000,-4000000,2000000,0,-16000000,0,0,2000000
042000,2020-07-28,-82000000,65000000,-46000000,-9000000,-12000000,-80000000,0,-1000000,-3000000
042000,2020-07-29,-114000000,-18000000,-394000000,176000000,0,-325000000,0,-9000000,0
042000,2020-07-30,9000000,-8000000,-151000000,4000000,0,-32000000,0,0,101000000
042000,2020-07-31,-114000000,0,0,0,0,-258000000,0,1000000,-4000000
042000,2020-08-03,-14000000,83000000,-676000000,17000000,0,0,0,-61000000,0
042000,2020-08-04,86000000,-15000000,0,0,0,-6000000,0,2000000,54000000
042000,2020-08-05,166000000,50000000,0,3000000,0,-51000000,0,-1000000,1000000
042000,2020-08-06,60000000,0,-8000000,-23000000,0,-12000000,0,-27000000,22000000
042000,2020-08-07,31000000,2668000000,5589000000,99000000,-3000000,584000000,126000000,-532000000,2000000
042000,2020-08-10,-82000000,156000000,1415000000,-105000000,0,706000000,4000000,60000000,-95000000
042000,2020-08-11,-31000000,38000000,98000000,-22000000,0,-501000000,3000000,-61000000,-40000000
042000,2020-08-12,-174000000,-267000000,647000000,-6000000,0,-40000000,0,50000000,-32000000
042000,2020-08-13,237000000,-9000000,-27000000,-5000000,0,-24000000,3000000,3000000,23000000
042000,2020-08-14,-62000000,-263000000,627000000,28000000,0,-821000000,0,-71000000,16000000
042000,2020-08-18,-138000000,-259000000,135000000,183000000,0,-30000000,0,-81000000,-7000000
042000,2020-08-19,739000000,598000000,3099000000,3895000000,131000000,-26000000,0,-1000000,14000000
042000,2020-08-20,-391000000,355000000,1749000000,80000000,0,-76000000,3000000,185000000,-28000000
042000,2020-08-21,388000000,-39000000,682000000,-260000000,-8000000,0,0,-6000000,16000000
042000,2020-08-24,134000000,202000000,96000000,112000000,0,-32000000,0,8000000,70000000
042000,2020-08-25,260000000,78000000,-24000000,19000000,-18000000,0,0,124000000,1000000
042000,2020-08-26,-431000000,0,-127000000,1000000,-10000000,0,-22000000,-125000000,15000000
042000,2020-08-27,-124000000,325000000,590000000,1766000000,0,0,0,108000000,-124000000
042000,2020-08-28,391000000,22000000,59000000,521000000,0,0,0,18000000,68000000
042000,2020-08-31,-12000000,-33000000,64000000,-240000000,10000000,0,22000000,404000000,3000000
042000,2020-09-01,-78000000,-24000000,123000000,-702000000,0,0,0,796000000,-96000000
042000,2020-09-02,1000000,77000000,44000000,-4000000,0,1000000,0,5000000,40000000
042000,2020-09-03,-186000000,-951000000,-1382000000,-1125000000,0,-402000000,0,-231000000,62000000
042000,2020-09-04,-731000000,-1510000000,-2829000000,-1260000000,0,-712000000,0,-195000000,58000000
042000,2020-09-07,-295000000,-261000000,-123000000,-1440000000,0,-2000000,0,2000000,-34000000
042000,2020-09-08,119000000,-63000000,-8000000,-23000000,0,0,0,77000000,3000000
042000,2020-09-09,-192000000,-308000000,-16000000,-576000000,0,0,-125000000,23000000,-8000000
042000,2020-09-10,13000000,-393000000,30000000,-518000000,0,-16000000,0,2000000,10000000
042000,2020-09-11,-333000000,-197000000,-63000000,-17000000,0,-496000000,0,3000000,1000000
042000,2020-09-14,-76000000,-97000000,-99000000,20000000,0,0,0,-3000000,-3000000
042000,2020-09-15,8000000,-34000000,-276000000,-40000000,0,-8000000,0,-3000000,5000000
042000,2020-09-16,-185000000,-65000000,-34000000,-21000000,0,0,0,0,-2000000
042000,2020-09-17,-154000000,-44000000,-119000000,-40000000,0,0,0,-220000000,-12000000
042000,2020-09-18,208000000,-31000000,-316000000,-1000000,0,0,0,-454000000,15000000
042000,2020-09-21,84000000,-92000000,-213000000,474000000,0,0,0,-321000000,3000000
042000,2020-09-22,60000000,-22000000,-406000000,-18000000,0,-328000000,-12000000,-3000000,6000000
042000,2020-09-23,103000000,-29000000,9000000,-34000000,0,-6000000,-6000000,16000000,0
042000,2020-09-24,-86000000,0,-306000000,20000000,0,0,0,5000000,-1000000
042000,2020-09-25,-12000000,99000000,402000000,0,0,9000000,0,1000000,3000000
042000,2020-09-28,137000000,-4000000,9000000,1000000,0,0,0,0,2000000
042000,2020-09-29,-46000000,0,297000000,-46000000,0,0,0,6000000,2000000
042000,2020-10-05,284000000,-404000000,-329000000,17000000,0,-12000000,0,5000000,-3000000
042000,2020-10-06,-447000000,-1153000000,-502000000,-7000000,0,-2000000,0,11000000,6000000
042000,2020-10-07,27000000,0,309000000,-10000000,0,0,0,44000000,16000000
042000,2020-10-08,-247000000,-8000000,293000000,-92000000,0,0,0,-41000000,54000000
042000,2020-10-12,108000000,-118000000,-3050000000,-10000000,0,3000000,0,2000000,9000000
042000,2020-10-13,-86000000,0,-9000000,-11000000,0,-106000000,0,-17000000,-34000000
042000,2020-10-14,-314000000,0,235000000,-19000000,0,18000000,0,0,-17000000
042000,2020-10-15,-117000000,0,-18000000,-22000000,0,0,0,5000000,2000000
042000,2020-10-16,-112000000,0,-66000000,-11000000,0,-4000000,0,6000000,-6000000
042000,2020-10-19,114000000,-67000000,-373000000,5000000,0,0,0,0,-4000000
042000,2020-10-20,515000000,78000000,-667000000,-83000000,-85000000,5000000,0,99000000,1000000
042000,2020-10-21,196000000,-55000000,15000000,19000000,0,-2000000,0,0,-1000000
042000,2020-10-22,-183000000,-52000000,-796000000,0,0,0,0,-2000000,10000000
042000,2020-10-23,138000000,0,0,347000000,0,0,0,26000000,-3000000
042000,2020-10-26,209000000,0,5000000,449000000,0,0,0,10000000,1000000
042000,2020-10-27,407000000,0,-16000000,195000000,0,0,0,1000000,7000000
042000,2020-10-28,141000000,121000000,1246000000,30000000,0,10000000,0,-16000000,-19000000
042000,2020-10-29,276000000,170000000,670000000,24000000,0,0,0,23000000,12000000
042000,2020-10-30,-262000000,374000000,-23000000,155000000,0,-4000000,0,18000000,-21000000
042000,2020-11-02,182000000,-57000000,117000000,0,0,9000000,0,0,-50000000
042000,2020-11-03,221000000,0,3000000,21000000,0,-3000000,0,-5000000,-4000000
042000,2020-11-04,91000000,130000000,5000000,40000000,0,0,0,2000000,-3000000
042000,2020-11-05,299000000,201000000,17000000,6000000,0,0,0,60000000,-8000000
042000,2020-11-06,-911000000,-240000000,-2295000000,-124000000,0,0,0,-99000000,23000000
042000,2020-11-09,90000000,5000000,-2202000000,385000000,0,0,0,0,16000000
042000,2020-11-10,-154000000,238000000,-3114000000,311000000,0,-2000000,0,1000000,-9000000
042000,2020-11-11,53000000,-302000000,-102000000,89000000,0,0,0,0,7000000
042000,2020-11-12,-127000000,19000000,-126000000,-3000000,0,0,0,28000000,9000000
042000,2020-11-13,49000000,-306000000,-182000000,0,0,-18000000,0,1000000,0
042000,2020-11-16,409000000,67000000,-51000000,1000000,0,-6000000,0,-19000000,-2000000
042000,2020-11-17,28000000,870000000,-20000000,17000000,0,0,0,14000000,-3000000
042000,2020-11-18,203000000,136000000,-41000000,1000000,0,0,0,-13000000,4000000
042000,2020-11-19,-242000000,-32000000,-26000000,1000000,0,0,0,-1000000,13000000
042000,2020-11-20,356000000,278000000,191000000,9000000,0,0,0,-1000000,-13000000
042000,2020-11-23,-2000000,0,-43000000,-1000000,0,-4000000,0,-13000000,0
042000,2020-11-24,68000000,0,5000000,0,0,0,0,-1000000,4000000
042000,2020-11-25,-295000000,-8000000,67000000,0,0,0,0,11000000,13000000
042000,2020-11-26,287000000,-153000000,27000000,7000000,0,0,0,0,-10000000
042000,2020-11-27,263000000,-197000000,24000000,4000000,0,0,0,0,2000000
042000,2020-11-30,-270000000,7000000,-13000000,52000000,0,-15000000,0,0,-5000000
042000,2020-12-01,-192000000,-210000000,-10000000,0,0,0,0,0,-3000000
042000,2020-12-02,-147000000,26000000,-2000000,0,0,0,0,0,-2000000
042000,2020-12-03,-97000000,-51000000,-8000000,0,0,0,0,9000000,-27000000
042000,2020-12-04,77000000,0,-26000000,-4000000,0,0,0,4000000,-10000000
042000,2020-12-07,159000000,-853000000,-173000000,0,0,0,0,1000000,-1000000
042000,2020-12-08,63000000,144000000,-10000000,-1838000000,0,0,0,-206000000,-75000000
042000,2020-12-09,143000000,138000000,76000000,-830000000,0,-6000000,0,93000000,-503000000
042000,2020-12-10,557000000,-481000000,-33000000,-5000000,2000000,0,0,-31000000,-169000000
042000,2020-12-11,-306000000,-76000000,15000000,-65000000,0,7000000,0,23000000,-21000000
042000,2020-12-14,-204000000,-357000000,-280000000,91000000,0,0,0,39000000,91000000
042000,2020-12-15,-610000000,-885000000,-16000000,-10000000,0,0,0,82000000,58000000
042000,2020-12-16,353000000,244000000,29000000,-30000000,0,0,0,-15000000,38000000
042000,2020-12-17,214000000,-275000000,10000000,-5000000,0,0,0,50000000,-2000000
042000,2020-12-18,-128000000,-15000000,-14000000,-3000000,0,0,0,-79000000,-2000000
042000,2020-12-21,-104000000,-5000000,0,-1000000,0,0,0,-43000000,3000000
042000,2020-12-22,-355000000,-214000000,-17000000,0,0,0,0,62000000,5000000
042000,2020-12-23,-21000000,-5000000,4000000,40000000,0,1000000,0,-9000000,20000000
042000,2020-12-24,895000000,0,-4000000,281000000,0,0,0,-64000000,-4000000
042000,2020-12-28,1854000000,0,19000000,151000000,0,0,0,-18000000,4000000
042000,2020-12-29,-576000000,0,0,-54000000,0,0,0,-58000000,-3000000
042000,2020-12-30,125000000,0,0,-207000000,0,0,0,2000000,86000000
042000,2021-01-04,-709000000,0,-256000000,-15000000,0,0,0,3000000,49000000
042000,2021-01-05,-590000000,151000000,-3000000,-6000000,0,0,0,-37000000,-36000000
042000,2021-01-06,-645000000,-239000000,9000000,-23000000,0,0,0,22000000,11000000
042000,2021-01-07,221000000,-47000000,-10000000,-8000000,0,0,0,0,21000000
042000,2021-01-08,-128000000,100000000,0,-21000000,0,0,0,36000000,93000000
042000,2021-01-11,-29000000,-8000000,3000000,-33000000,0,-1000000,0,-47000000,36000000
042000,2021-01-12,-251000000,-74000000,11000000,-43000000,0,0,-1000000,6000000,2000000
042000,2021-01-13,-218000000,-69000000,-30000000,3000000,0,0,0,400000000,-94000000
042000,2021-01-14,-179000000,-35000000,1000000,0,0,0,0,-339000000,-55000000
042000,2021-01-15,-587000000,-227000000,-147000000,4000000,0,0,0,477000000,20000000
042000,2021-01-18,288000000,-129000000,273000000,25000000,0,-3000000,0,-51000000,-6000000
042000,2021-01-19,402000000,65000000,0,0,0,0,0,-7000000,3000000
042000,2021-01-20,524000000,33000000,13000000,-4000000,0,0,0,-10000000,-7000000
042000,2021-01-21,-503000000,-162000000,-38000000,15000000,0,0,0,29000000,13000000
042000,2021-01-22,-310000000,36000000,-20000000,25000000,0,0,0,73000000,9000000
042000,2021-01-25,330000000,929000000,10000000,2000000,0,0,0,27000000,-20000000
042000,2021-01-26,-382000000,-881000000,-31000000,8000000,0,0,0,3000000,-2000000
042000,2021-01-27,-314000000,17000000,-3000000,287000000,0,0,0,5000000,1000000
042000,2021-01-28,-95000000,-35000000,5000000,-194000000,0,0,0,3000000,33000000
042000,2021-01-29,-290000000,-67000000,9000000,2000000,0,0,0,12000000,25000000
042000,2021-02-01,219000000,57000000,5000000,22000000,0,0,0,-37000000,6000000
042000,2021-02-02,-4000000,75000000,-28000000,1000000,0,0,0,-5000000,18000000
042000,2021-02-03,-1000000,0,7000000,70000000,0,0,0,0,29000000
042000,2021-02-04,-547000000,-12000000,-75000000,3000000,0,0,0,0,1000000
042000,2021-02-05,23000000,65000000,0,65000000,0,0,0,8000000,3000000
042000,2021-02-08,-40000000,-6000000,-18000000,-9000000,0,0,0,1000000,-21000000
042000,2021-02-09,-116000000,-2000000,46000000,-3000000,0,0,0,3000000,0
042000,2021-02-10,61000000,-131000000,11000000,-25000000,0,0,0,17000000,1000000
042000,2021-02-15,360000000,0,5000000,0,0,0,0,-28000000,-4000000
042000,2021-02-16,-254000000,-24000000,-5000000,-21000000,0,0,0,75000000,10000000
042000,2021-02-17,-93000000,155000000,0,-109000000,0,0,0,-130000000,14000000
042000,2021-02-18,-115000000,-74000000,-11000000,14000000,0,0,0,-50000000,64000000
042000,2021-02-19,112000000,-2000000,16000000,0,0,0,0,9000000,-7000000
042000,2021-02-22,-236000000,-6000000,-71000000,10000000,0,0,0,111000000,45000000
042000,2021-02-23,60000000,-119000000,-11000000,6000000,0,1000000,0,1000000,50000000
042000,2021-02-24,-51000000,-135000000,9000000,213000000,0,0,0,-3000000,-1000000
042000,2021-02-25,265000000,-9000000,-5000000,1000000,0,0,0,0,-7000000
042000,2021-02-26,-412000000,-135000000,0,1000000,0,1000000,0,-27000000,-28000000
042000,2021-03-02,123000000,0,-24000000,23000000,0,0,0,0,2000000
042000,2021-03-03,134000000,-134000000,24000000,4000000,0,0,0,23000000,-4000000
042000,2021-03-04,-129000000,0,0,-103000000,0,0,0,-3000000,2000000
042000,2021-03-05,17000000,-179000000,-220000000,-179000000,0,1000000,0,0,5000000
042000,2021-03-08,46000000,-182000000,-2000000,0,0,0,0,5000000,5000000
042000,2021-03-09,33000000,0,0,4000000,0,0,0,0,5000000
042000,2021-03-10,-12000000,-7000000,-619000000,-48000000,0,0,0,0,-3000000
042000,2021-03-11,-44000000,0,-617000000,2000000,0,0,0,0,8000000
042000,2021-03-12,6000000,0,0,-211000000,0,0,0,0,5000000
042000,2021-03-15,-5000000,-5000000,-109000000,1000000,0,0,0,-1000000,0
042000,2021-03-16,183000000,0,-40000000,-11000000,0,0,0,12000000,12000000
042000,2021-03-17,-95000000,-12000000,-8000000,-4000000,0,0,0,-20000000,-2000000
042000,2021-03-18,92000000,-1000000,2000000,-14000000,0,0,0,6000000,-1000000
042000,2021-03-19,-188000000,13000000,-46000000,-10000000,0,-3000000,0,0,0
042000,2021-03-22,97000000,0,2000000,3000000,0,0,0,0,-2000000
042000,2021-03-23,2000000,-13000000,3000000,-11000000,0,0,0,0,0
042000,2021-03-24,63000000,-6000000,7000000,-2000000,0,4000000,0,-159000000,0
042000,2021-03-25,-57000000,0,14000000,-3000000,0,0,0,0,-8000000
042000,2021-03-26,-64000000,-13000000,-22000000,0,0,0,0,-13000000,-8000000
042000,2021-03-29,-42000000,-1000000,-21000000,-5000000,0,0,0,0,-6000000
042000,2021-03-30,118000000,0,7000000,-44000000,0,0,0,-3000000,-4000000
042000,2021-03-31,-111000000,0,2000000,0,0,0,0,0,-1000000
042000,2021-04-01,76000000,240000000,8000000,71000000,0,0,0,0,4000000
042000,2021-04-02,-111000000,0,-16000000,360000000,0,0,0,2000000,0
042000,2021-04-05,-140000000,34000000,-3000000,218000000,0,0,0,-271000000,-5000000
042000,2021-04-06,-28000000,0,0,4000000,0,0,0,3000000,4000000
042000,2021-04-07,16000000,0,3000000,-3000000,0,0,0,0,-6000000
042000,2021-04-08,75000000,149000000,14000000,-1000000,19000000,0,0,146000000,8000000
042000,2021-04-09,-120000000,0,-15000000,0,0,0,0,98000000,-2000000
042000,2021-04-12,-96000000,1000000,0,-5000000,0,0,0,-42000000,9000000
042000,2021-04-13,35000000,-36000000,10000000,-22000000,-20000000,-1000000,0,-69000000,-1000000
042000,2021-04-14,109000000,-1000000,18000000,-7000000,0,0,0,-48000000,0
042000,2021-04-15,-282000000,-1000000,-15000000,-34000000,0,0,0,1000000,-18000000
042000,2021-04-16,-57000000,0,-6000000,135000000,0,0,0,2000000,7000000
042000,2021-04-19,41000000,-26000000,11000000,4000000,0,0,0,-6000000,-12000000
042000,2021-04-20,-168000000,-36000000,-18000000,-14000000,0,0,0,-9000000,4000000
042000,2021-04-21,-263000000,-381000000,-3000000,80000000,0,0,0,-87000000,17000000
042000,2021-04-22,-19000000,5000000,0,175000000,0,0,0,-88000000,0
042000,2021-04-23,18000000,5000000,6000000,-88000000,0,0,0,4000000,4000000
042000,2021-04-26,-23000000,0,0,11000000,0,0,0,363000000,-8000000
042000,2021-04-27,78000000,-47000000,0,-31000000,0,0,0,-195000000,-6000000
042000,2021-04-28,-146000000,-22000000,0,0,0,0,0,-143000000,2000000
042000,2021-04-29,-26000000,-303000000,-3000000,-9000000,0,0,0,0,0
042000,2021-04-30,34000000,-418000000,0,5000000,0,0,0,-18000000,8000000
042000,2021-05-03,149000000,0,5000000,3000000,0,0,0,0,3000000
042000,2021-05-04,244000000,41000000,0,4000000,0,-19000000,0,-19000000,16000000
042000,2021-05-06,123000000,0,6000000,1000000,0,0,0,0,4000000
042000,2021-05-07,133000000,-797000000,0,-8000000,0,0,0,4000000,-12000000
042000,2021-05-10,116000000,0,0,8000000,0,0,0,-2000000,-3000000
042000,2021-05-11,-130000000,2000000,-5000000,-1000000,0,0,0,38000000,5000000
042000,2021-05-12,22000000,3000000,5000000,-8000000,0,0,0,0,-12000000
042000,2021-05-13,17000000,36000000,3000000,5000000,0,0,0,2000000,-2000000
042000,2021-05-14,99000000,-2000000,3000000,4000000,0,0,0,0,7000000
042000,2021-05-17,-40000000,2000000,-2000000,-23000000,0,0,0,-8000000,0
042000,2021-05-18,253000000,4000000,0,14000000,0,0,0,0,0
042000,2021-05-20,63000000,0,5000000,-6000000,0,0,0,25000000,-3000000
042000,2021-05-21,165000000,0,-1000000,-10000000,0,0,0,-24000000,4000000
042000,2021-05-24,-18000000,0,0,10000000,0,0,0,0,1000000
042000,2021-05-25,202000000,81000000,0,16000000,0,0,0,0,0
042000,2021-05-26,30000000,9000000,0,0,0,0,0,0,-1000000
042000,2021-05-27,43000000,35000000,0,55000000,0,0,0,0,2000000
042000,2021-05-28,40000000,38000000,0,1000000,0,0,0,-50000000,1000000
042000,2021-05-31,-119000000,0,-3000000,0,0,0,0,112000000,3000000
042000,2021-06-01,-66000000,0,-2000000,-6000000,0,0,0,6000000,3000000
042000,2021-06-02,-108000000,0,-11000000,-4000000,0,0,0,-1000000,3000000
042000,2021-06-03,42000000,60000000,8000000,0,0,0,0,-3000000,5000000
042000,2021-06-04,-173000000,-6000000,-11000000,-5000000,0,0,0,21000000,0
042000,2021-06-07,44000000,0,0,-8000000,0,0,0,21000000,0
042000,2021-06-08,129000000,0,59000000,0,19000000,0,0,7000000,6000000
042000,2021-06-09,54000000,15000000,59000000,-8000000,0,0,0,0,3000000
042000,2021-06-10,1313000000,-527000000,0,-76000000,0,0,0,1000000,-2000000
042000,2021-06-11,47000000,-377000000,59000000,0,0,-4000000,0,3000000,-1000000
042000,2021-06-14,-58000000,-5000000,59000000,-98000000,0,0,0,9000000,-1000000
042000,2021-06-15,-83000000,0,0,2000000,0,0,0,0,0
042000,2021-06-16,-16000000,-26000000,0,-15000000,0,0,0,0,0
042000,2021-06-17,-98000000,31000000,0,9000000,0,0,0,0,2000000
042000,2021-06-18,77000000,47000000,14000000,0,0,0,0,17000000,-12000000
042000,2021-06-21,-147000000,-2000000,-13000000,-86000000,0,0,0,24000000,13000000
042000,2021-06-22,-76000000,52000000,-80000000,18000000,0,-1000000,0,0,-12000000
042000,2021-06-23,25000000,0,-71000000,-23000000,0,0,0,-6000000,2000000
042000,2021-06-24,-95000000,-7000000,-77000000,-15000000,0,-1000000,0,29000000,2000000
042000,2021-06-25,-44000000,294000000,-3000000,-17000000,0,4000000,0,0,0
042000,2021-06-28,-18000000,196000000,1000000,72000000,0,0,0,9000000,3000000
042000,2021-06-29,-199000000,196000000,-2000000,3000000,0,0,0,0,4000000
042000,2021-06-30,-42000000,0,0,14000000,0,0,0,0,0
042000,2021-07-01,-116000000,190000000,82000000,11000000,0,8000000,0,4000000,-1000000
042000,2021-07-02,-119000000,54000000,134000000,266000000,0,21000000,0,-9000000,-3000000
042000,2021-07-05,217000000,75000000,111000000,366000000,-20000000,0,0,16000000,-6000000
042000,2021-07-06,-14000000,0,6000000,10000000,0,0,0,-24000000,2000000
042000,2021-07-07,-40000000,173000000,83000000,12000000,0,0,0,0,0
042000,2021-07-08,-114000000,121000000,50000000,10000000,0,0,0,12000000,-108000000
042000,2021-07-09,50000000,0,140000000,-3000000,0,-29000000,0,10000000,-11000000
042000,2021-07-12,55000000,0,142000000,-9000000,0,0,0,17000000,30000000
042000,2021-07-13,33000000,0,0,-57000000,0,0,0,10000000,3000000
042000,2021-07-14,-160000000,0,1000000,-68000000,0,0,0,13000000,1000000
042000,2021-07-15,-21000000,0,0,-69000000,0,0,0,22000000,1000000
042000,2021-07-16,-99000000,-1000000,-9000000,-58000000,0,0,0,0,7000000
042000,2021-07-19,-175000000,-422000000,-410000000,3000000,0,0,0,-20000000,-62000000
042000,2021-07-20,181000000,-460000000,-85000000,-141000000,0,0,0,-58000000,6000000
042000,2021-07-21,-7000000,-548000000,-4000000,-2000000,14000000,0,0,0,4000000
042000,2021-07-22,363000000,-7000000,-154000000,0,0,0,0,0,-17000000
042000,2021-07-23,30000000,-5000000,-2000000,7000000,0,0,0,0,-20000000
042000,2021-07-26,-156000000,0,0,-199000000,-16000000,511000000,0,32000000,-139000000
042000,2021-07-27,-3000000,0,0,-96000000,0,0,0,41000000,-6000000
042000,2021-07-28,-91000000,-10000000,-8000000,21000000,0,0,0,177000000,-15000000
042000,2021-07-29,13000000,0,2000000,-5000000,0,0,0,-22000000,15000000
042000,2021-07-30,-207000000,-30000000,0,-3000000,0,0,0,-3000000,-148000000
042000,2021-08-02,98000000,506000000,6000000,-50000000,0,0,0,200000000,-61000000
042000,2021-08-03,25000000,0,-6000000,-6000000,0,0,0,-120000000,4000000
042000,2021-08-04,1473000000,2070000000,108000000,2849000000,86000000,1843000000,0,389000000,-91000000
042000,2021-08-05,1023000000,2548000000,5647000000,-656000000,34000000,1397000000,0,68000000,-19000000
042000,2021-08-06,173000000,4092000000,3070000000,239000000,0,882000000,0,-488000000,-12000000
042000,2021-08-09,-1090000000,-7089000000,624000000,-526000000,-595000000,-1666000000,0,232000000,-19000000
042000,2021-08-10,642000000,549000000,1245000000,-3762000000,0,228000000,0,-191000000,79000000
042000,2021-08-11,-119000000,3204000000,2096000000,590000000,0,-51000000,0,-249000000,-26000000
042000,2021-08-12,96000000,-3142000000,-98000000,145000000,0,-745000000,0,-367000000,60000000
042000,2021-08-13,264000000,-1137000000,6000000,-113000000,0,-253000000,0,-63000000,-47000000
042000,2021-08-17,-37000000,198000000,416000000,741000000,0,0,0,230000000,1000000
042000,2021-08-18,386000000,199000000,17000000,0,0,0,0,-1000000,-37000000
042000,2021-08-19,-99000000,-289000000,-276000000,-54000000,0,11000000,0,206000000,-10000000
042000,2021-08-20,-454000000,-218000000,3000000,-7000000,0,7000000,0,-40000000,72000000
042000,2021-08-23,-114000000,-388000000,100000000,127000000,0,-2000000,0,0,-52000000
042000,2021-08-24,-44000000,-2719000000,-2359000000,12000000,0,-243000000,0,52000000,3000000
042000,2021-08-25,-295000000,-117000000,-319000000,8000000,0,0,0,-7000000,81000000
042000,2021-08-26,-208000000,91000000,237000000,-7000000,0,-128000000,0,-24000000,32000000
042000,2021-08-27,189000000,0,0,0,0,-99000000,0,-255000000,18000000
042000,2021-08-30,-77000000,-192000000,0,-149000000,0,0,0,3000000,1000000
042000,2021-08-31,51000000,0,0,-7000000,0,0,0,0,-9000000
042000,2021-09-01,292000000,0,0,-13000000,0,0,0,-3000000,-24000000
042000,2021-09-02,-163000000,-26000000,0,-11000000,0,0,0,-3000000,5000000
042000,2021-09-03,-372000000,218000000,-76000000,-6000000,0,-146000000,0,-11000000,27000000
042000,2021-09-06,-172000000,-120000000,-70000000,81000000,0,-109000000,0,0,7000000
042000,2021-09-07,-114000000,-23000000,-43000000,-23000000,0,-168000000,0,-10000000,42000000
042000,2021-09-08,-100000000,14000000,0,-4000000,0,0,0,-214000000,-22000000
042000,2021-09-09,402000000,-169000000,-95000000,-23000000,0,-147000000,0,0,-1000000
042000,2021-09-10,-18000000,11000000,-33000000,-7000000,0,7000000,0,73000000,244000000
042000,2021-09-13,-74000000,-18000000,-80000000,-6000000,0,0,0,26000000,1000000
042000,2021-09-14,0,0,-6000000,-7000000,0,0,0,0,1000000
042000,2021-09-15,-72000000,-5000000,0,-3000000,0,23000000,0,13000000,36000000
042000,2021-09-16,-119000000,-179000000,0,-123000000,0,0,0,9000000,0
042000,2021-09-17,-278000000,0,0,-22000000,0,0,0,0,2000000
042000,2021-09-23,76000000,0,0,4000000,0,-3000000,0,-3000000,2000000
042000,2021-09-24,-158000000,0,0,-10000000,0,-4000000,0,-7000000,3000000
042000,2021-09-27,-35000000,-5000000,0,-7000000,0,0,0,0,10000000
042000,2021-09-28,-500000000,-45000000,-45000000,-20000000,0,-149000000,0,16000000,4000000
042000,2021-09-29,14000000,-34000000,-83000000,-7000000,0,-194000000,0,22000000,-18000000
042000,2021-09-30,-63000000,0,0,-9000000,0,-86000000,0,31000000,5000000
042000,2021-10-01,-111000000,21000000,0,-18000000,0,0,0,0,-4000000
042000,2021-10-05,469000000,50000000,-40000000,10000000,0,-202000000,0,-37000000,5000000
042000,2021-10-06,333000000,0,0,169000000,0,0,0,-65000000,1000000
042000,2021-10-07,147000000,-39000000,3000000,1000000,0,-1000000,0,14000000,7000000
042000,2021-10-08,-394000000,0,-2000000,-1000000,0,0,0,2000000,5000000
042000,2021-10-12,72000000,0,5000000,58000000,14000000,-150000000,0,-20000000,-5000000
042000,2021-10-13,135000000,0,8000000,0,0,0,0,3000000,0
042000,2021-10-14,115000000,0,0,0,0,0,0,5000000,-4000000
042000,2021-10-15,-126000000,-3000000,0,-22000000,0,0,0,-5000000,1000000
042000,2021-10-18,-92000000,0,-8000000,-1000000,-15000000,0,0,18000000,-28000000
042000,2021-10-19,-81000000,0,0,-1000000,0,0,0,-29000000,0
042000,2021-10-20,-124000000,-18000000,-5000000,-1000000,0,0,0,-2000000,5000000
042000,2021-10-21,-121000000,-123000000,0,-7000000,0,0,0,11000000,1000000
042000,2021-10-22,-111000000,0,0,-4000000,0,0,0,7000000,1000000
042000,2021-10-25,37000000,0,0,-9000000,0,0,0,-6000000,3000000
042000,2021-10-26,160000000,0,0,-2000000,0,0,0,188000000,-10000000
042000,2021-10-27,-137000000,32000000,0,20000000,0,0,0,95000000,2000000
042000,2021-10-28,-52000000,-31000000,0,-1000000,0,2000000,0,2000000,-1000000
042000,2021-10-29,-141000000,0,0,-47000000,0,0,0,0,0
042000,2021-11-01,276000000,0,-23000000,0,0,-130000000,0,56000000,2000000
042000,2021-11-02,62000000,33000000,0,0,0,3000000,0,13000000,-4000000
042000,2021-11-03,-156000000,0,0,-5000000,0,0,0,1000000,9000000
042000,2021-11-04,180000000,-11000000,-82000000,-944000000,0,-234000000,0,-72000000,27000000
042000,2021-11-05,-20000000,-99000000,0,-105000000,0,0,0,-18000000,-3000000
042000,2021-11-08,-6000000,0,0,-8000000,0,0,0,-19000000,0
042000,2021-11-09,-16000000,0,0,-4000000,0,0,0,0,-9000000
042000,2021-11-10,-211000000,0,0,-12000000,0,0,0,0,0
042000,2021-11-11,-55000000,0,0,-5000000,0,0,0,100000000,16000000
042000,2021-11-12,-52000000,-114000000,0,-2000000,0,0,0,0,21000000
042000,2021-11-15,3000000,0,0,-4000000,0,0,0,0,-1000000
042000,2021-11-16,-149000000,13000000,0,-18000000,0,0,0,0,0
042000,2021-11-17,2000000,59000000,-4000000,-15000000,0,0,0,28000000,5000000
042000,2021-11-18,58000000,4000000,0,-17000000,0,0,0,-72000000,4000000
042000,2021-11-19,-46000000,26000000,0,-4000000,0,0,0,0,-8000000
042000,2021-11-22,-167000000,-69000000,0,-3000000,0,0,0,0,0
042000,2021-11-23,-152000000,23000000,0,-3000000,0,0,0,0,0
042000,2021-11-24,-82000000,19000000,0,50000000,0,0,0,1000000,0
042000,2021-11-25,-98000000,89000000,0,-137000000,0,0,0,0,0
042000,2021-11-26,-186000000,106000000,0,-28000000,0,0,0,27000000,8000000
042000,2021-11-29,61000000,29000000,0,0,0,0,0,0,-1000000
042000,2021-11-30,57000000,9000000,0,-13000000,0,0,0,0,1000000
042000,2021-12-01,228000000,48000000,0,6000000,0,0,0,0,-1000000
042000,2021-12-02,165000000,28000000,0,2000000,0,0,0,0,-1000000
042000,2021-12-03,174000000,0,0,-428000000,0,0,0,0,0
042000,2021-12-06,-177000000,0,-576000000,0,0,0,0,50000000,-12000000
042000,2021-12-07,182000000,0,0,25000000,0,0,0,0,0
042000,2021-12-08,247000000,0,0,-147000000,0,0,0,1000000,2000000
042000,2021-12-09,687000000,-143000000,-21000000,0,0,0,0,0,-2000000
042000,2021-12-10,-113000000,-111000000,-55000000,-28000000,0,-8000000,0,13000000,0
042000,2021-12-13,4000000,0,430000000,0,0,0,0,-135000000,20000000
042000,2021-12-14,15000000,25000000,514000000,2000000,0,0,0,-19000000,-1000000
042000,2021-12-15,175000000,-217000000,399000000,-2000000,0,0,0,-1000000,29000000
042000,2021-12-16,-41000000,0,0,0,0,0,0,9000000,16000000
042000,2021-12-17,-211000000,10000000,-396000000,-14000000,0,0,0,0,11000000
042000,2021-12-20,34000000,0,5000000,-5000000,0,0,0,10000000,34000000
042000,2021-12-21,117000000,0,5000000,0,0,0,0,-44000000,21000000
042000,2021-12-22,-18000000,0,-2000000,-5000000,0,0,0,-13000000,-1000000
042000,2021-12-23,379000000,0,5000000,0,0,0,0,0,2000000
042000,2021-12-24,299000000,4000000,0,0,0,0,0,-5000000,19000000
042000,2021-12-27,412000000,0,251000000,0,0,0,0,-19000000,5000000
042000,2021-12-28,1494000000,1000000,36000000,0,0,0,0,-19000000,-1000000
042000,2021-12-29,-1288000000,-2000000,0,-17000000,0,0,0,22000000,1000000
042000,2021-12-30,-384000000,57000000,-2000000,-18000000,0,0,0,-8000000,10000000
042000,2022-01-03,-78000000,-34000000,0,-14000000,0,0,0,1000000,-1000000
042000,2022-01-04,-88000000,0,0,-13000000,0,0,0,6000000,1000000
042000,2022-01-05,40000000,0,-326000000,-10000000,0,0,0,3000000,30000000
042000,2022-01-06,153000000,0,-1176000000,-6000000,0,0,0,26000000,29000000
042000,2022-01-07,-145000000,47000000,-1216000000,-8000000,0,0,0,1000000,-1000000
042000,2022-01-10,-225000000,0,-1107000000,20000000,0,0,0,4000000,6000000
042000,2022-01-11,56000000,0,-929000000,0,0,-8000000,0,1000000,17000000
042000,2022-01-12,62000000,119000000,-70000000,7000000,0,-6000000,0,0,-58000000
042000,2022-01-13,-97000000,23000000,0,-3000000,0,0,0,0,6000000
042000,2022-01-14,-79000000,32000000,0,-2000000,0,0,0,24000000,-13000000
042000,2022-01-17,268000000,24000000,0,-3000000,0,0,0,0,-46000000
042000,2022-01-18,82000000,0,-5000000,-2000000,0,0,0,-44000000,-6000000
042000,2022-01-19,8000000,223000000,0,-3000000,0,0,0,0,-16000000
042000,2022-01-20,210000000,110000000,0,-3000000,0,0,0,0,0
042000,2022-01-21,-121000000,147000000,0,-13000000,0,0,0,0,0
042000,2022-01-24,392000000,-11000000,0,0,0,0,0,2000000,-4000000
042000,2022-01-25,295000000,58000000,0,-3000000,0,0,0,0,1000000
042000,2022-01-26,293000000,82000000,0,-2000000,0,0,0,0,-19000000
042000,2022-01-27,147000000,32000000,0,-4000000,0,0,0,3000000,2000000
042000,2022-01-28,86000000,203000000,0,-3000000,0,-11000000,0,0,10000000
042000,2022-02-03,-274000000,84000000,0,-6000000,0,0,0,0,3000000
042000,2022-02-04,-85000000,62000000,0,-4000000,0,0,0,0,0
042000,2022-02-07,-314000000,0,0,0,0,0,0,0,3000000
042000,2022-02-08,-142000000,10000000,0,-2000000,0,0,0,24000000,0
042000,2022-02-09,-8000000,37000000,0,0,0,0,0,0,9000000
042000,2022-02-10,-272000000,0,0,-4000000,0,0,0,0,0
042000,2022-02-11,-160000000,-9000000,0,-6000000,0,0,0,0,12000000
042000,2022-02-14,161000000,10000000,0,23000000,0,0,0,0,-11000000
042000,2022-02-15,131000000,-19000000,0,-1000000,0,0,0,0,0
042000,2022-02-16,12000000,47000000,0,0,0,0,0,0,-6000000
042000,2022-02-17,-31000000,-12000000,0,-3000000,0,0,0,4000000,1000000
042000,2022-02-18,-19000000,-8000000,0,-1000000,0,0,0,-10000000,1000000
042000,2022-02-21,-56000000,6000000,0,0,0,0,0,-10000000,2000000
042000,2022-02-22,-153000000,0,0,-4000000,0,0,0,0,0
042000,2022-02-23,-287000000,0,0,-4000000,0,0,0,0,-4000000
042000,2022-02-24,106000000,-22000000,0,-388000000,0,0,0,0,0
042000,2022-02-25,134000000,23000000,0,-43000000,0,0,0,0,-2000000
042000,2022-02-28,-246000000,48000000,0,18000000,0,0,0,0,-68000000
042000,2022-03-02,-53000000,-1000000,0,-25000000,0,0,0,0,-9000000
042000,2022-03-03,58000000,12000000,0,-12000000,0,0,0,0,0
042000,2022-03-04,-353000000,0,0,-22000000,0,0,0,0,20000000
042000,2022-03-07,-110000000,0,0,-6000000,0,0,0,0,0
042000,2022-03-08,-90000000,0,0,-7000000,0,0,0,0,-2000000
042000,2022-03-10,631000000,0,23000000,-1000000,0,0,0,0,-4000000
042000,2022-03-11,146000000,0,0,-5000000,0,0,0,2000000,-20000000
042000,2022-03-14,-211000000,-11000000,0,23000000,0,0,0,0,1000000
042000,2022-03-15,-73000000,3000000,0,0,0,0,0,0,0
042000,2022-03-16,352000000,5000000,0,-2000000,0,0,0,-20000000,-20000000
042000,2022-03-17,281000000,0,21000000,-30000000,0,0,0,0,-25000000
042000,2022-03-18,-101000000,1000000,0,9000000,0,0,0,21000000,1000000
042000,2022-03-21,-72000000,0,-20000000,-3000000,0,0,0,-15000000,0
042000,2022-03-22,-3000000,17000000,0,22000000,0,0,0,42000000,0
042000,2022-03-23,30000000,0,0,-4000000,0,0,0,0,-7000000
042000,2022-03-24,-15000000,39000000,0,25000000,0,0,0,3000000,-13000000
042000,2022-03-25,-104000000,4000000,0,-30000000,0,0,0,0,-20000000
042000,2022-03-28,-336000000,11000000,0,-12000000,0,0,0,0,9000000
042000,2022-03-29,144000000,-4000000,0,-10000000,0,0,0,0,-8000000
042000,2022-03-30,-31000000,4000000,0,-14000000,0,0,0,0,1000000
042000,2022-03-31,93000000,-44000000,0,-12000000,0,0,0,-5000000,-6000000
042000,2022-04-01,-98000000,0,0,-23000000,0,0,0,0,0
042000,2022-04-04,110000000,0,0,15000000,0,0,0,0,14000000
042000,2022-04-05,-4000000,-153000000,58000000,-13000000,0,0,0,19000000,-9000000
042000,2022-04-06,-498000000,-41000000,0,-22000000,0,0,0,-16000000,4000000
042000,2022-04-07,4000000,-144000000,0,-8000000,0,0,0,3000000,-3000000
042000,2022-04-08,96000000,0,0,-10000000,0,0,0,205000000,6000000
042000,2022-04-11,-228000000,-3000000,0,-120000000,0,0,0,5000000,2000000
042000,2022-04-12,2000000,0,0,69000000,0,0,0,0,5000000
042000,2022-04-13,283000000,0,0,-3000000,0,0,0,2000000,0
042000,2022-04-14,-14000000,0,0,-3000000,0,0,0,0,0
042000,2022-04-15,-159000000,0,0,-6000000,0,0,0,0,4000000
042000,2022-04-18,21000000,0,0,0,0,0,0,0,0
042000,2022-04-19,391000000,7000000,0,-6000000,0,0,0,-1000000,0
042000,2022-04-20,-31000000,0,0,-14000000,0,0,0,1000000,0
042000,2022-04-21,47000000,0,0,19000000,0,0,0,0,6000000
042000,2022-04-22,-393000000,0,0,-6000000,0,0,0,0,4000000
042000,2022-04-25,-57000000,0,0,0,0,0,0,0,9000000
042000,2022-04-26,218000000,24000000,0,0,0,0,0,-1000000,-9000000
042000,2022-04-27,-34000000,2000000,0,0,0,0,0,3000000,-2000000
042000,2022-04-28,159000000,0,2000000,-3000000,0,0,0,0,18000000
042000,2022-04-29,322000000,-19000000,0,11000000,0,0,0,-3000000,-4000000
042000,2022-05-02,-206000000,18000000,0,0,0,0,0,-5000000,0
042000,2022-05-03,92000000,0,0,-2000000,0,0,0,0,3000000
042000,2022-05-04,-60000000,0,0,0,0,0,0,1000000,5000000
042000,2022-05-06,-202000000,216000000,-62000000,-132000000,0,0,0,-52000000,15000000
042000,2022-05-09,61000000,144000000,0,0,0,10000000,0,-2000000,6000000
042000,2022-05-10,20000000,8000000,0,2000000,0,0,0,0,19000000
042000,2022-05-11,177000000,8000000,0,73000000,0,0,0,-2000000,-20000000
042000,2022-05-12,-300000000,-26000000,-6000000,2000000,0,0,0,0,1000000
042000,2022-05-13,242000000,24000000,0,-1000000,0,0,0,0,-81000000
042000,2022-05-16,-18000000,0,0,-5000000,0,0,0,0,0
042000,2022-05-17,46000000,0,0,2000000,0,0,0,0,0
042000,2022-05-18,-218000000,8000000,0,-1000000,0,0,0,0,0
042000,2022-05-19,-240000000,11000000,0,-5000000,0,0,0,-4000000,17000000
042000,2022-05-20,214000000,31000000,0,0,0,0,0,0,-18000000
042000,2022-05-23,-31000000,4000000,0,-10000000,0,0,0,0,2000000
042000,2022-05-24,-229000000,0,0,-1000000,0,0,0,0,1000000
042000,2022-05-25,237000000,0,49000000,-3000000,0,0,0,0,-3000000
042000,2022-05-26,-10000000,0,0,-3000000,0,0,0,0,0
042000,2022-05-27,87000000,-1000000,0,0,0,0,0,4000000,0
042000,2022-05-30,173000000,0,6000000,0,0,0,0,0,0
042000,2022-05-31,-37000000,-28000000,6000000,-88000000,0,0,0,0,0
042000,2022-06-02,-13000000,0,0,-5000000,0,0,0,0,0
042000,2022-06-03,110000000,0,1000000,-1000000,0,0,0,0,0
042000,2022-06-07,-207000000,0,0,-3000000,0,0,0,0,3000000
042000,2022-06-08,139000000,0,0,-3000000,0,0,0,3000000,-9000000
042000,2022-06-09,8000000,-111000000,66000000,2000000,0,0,0,0,0
042000,2022-06-10,16000000,-22000000,0,-1000000,0,0,0,0,0
042000,2022-06-13,-43000000,16000000,0,1000000,0,0,0,0,-12000000
042000,2022-06-14,218000000,22000000,0,10000000,0,0,0,0,4000000
042000,2022-06-15,85000000,24000000,0,1000000,0,0,0,0,12000000
042000,2022-06-16,72000000,0,0,3000000,0,0,0,0,0
042000,2022-06-17,-41000000,-74000000,0,0,0,0,0,0,1000000
042000,2022-06-20,153000000,-2000000,0,4000000,0,0,0,0,-2000000
042000,2022-06-21,78000000,0,0,-115000000,0,0,0,0,0
042000,2022-06-22,-98000000,19000000,0,-23000000,0,0,0,0,7000000
042000,2022-06-23,165000000,-35000000,0,-26000000,0,0,0,0,0
042000,2022-06-24,159000000,-43000000,0,-28000000,0,0,0,0,-3000000
042000,2022-06-27,-125000000,0,0,-30000000,0,0,0,0,0
042000,2022-06-28,-38000000,0,1000000,-26000000,0,0,0,0,0
042000,2022-06-29,-139000000,0,0,-30000000,0,0,0,0,0
042000,2022-06-30,-61000000,-1000000,0,-27000000,0,0,0,0,0
042000,2022-07-01,20000000,-6000000,1000000,-26000000,0,0,0,0,50000000
042000,2022-07-04,27000000,0,0,8000000,0,0,0,0,2000000
042000,2022-07-05,114000000,12000000,0,-1000000,0,0,0,0,0
042000,2022-07-06,-148000000,0,0,-3000000,0,0,0,0,45000000
042000,2022-07-07,39000000,-5000000,0,-1000000,0,0,0,0,13000000
042000,2022-07-08,-17000000,-5000000,0,-1000000,0,0,0,12000000,-32000000
042000,2022-07-11,-136000000,0,0,-3000000,0,0,0,0,-26000000
042000,2022-07-12,-118000000,20000000,0,-3000000,0,0,0,0,3000000
042000,2022-07-13,108000000,16000000,0,-9000000,0,0,0,0,-3000000
042000,2022-07-14,-60000000,12000000,0,-3000000,0,0,0,0,0
042000,2022-07-15,-8000000,6000000,0,-6000000,0,0,0,0,0
042000,2022-07-18,63000000,-25000000,0,-5000000,0,0,0,1000000,0
042000,2022-07-19,6000000,0,0,-4000000,0,0,0,0,0
042000,2022-07-20,15000000,0,0,-5000000,0,0,0,0,0
042000,2022-07-21,-10000000,0,0,-1000000,0,0,0,0,0
042000,2022-07-22,-115000000,0,0,-2000000,0,0,0,0,0
042000,2022-07-25,45000000,0,0,-3000000,0,0,0,0,0
042000,2022-07-26,-7000000,0,0,0,0,0,0,0,1000000
042000,2022-07-27,57000000,0,0,-3000000,0,0,0,0,0
042000,2022-07-28,60000000,0,0,-1000000,0,0,0,0,5000000
042000,2022-07-29,78000000,0,0,-2000000,0,0,0,0,0
042000,2022-08-01,-95000000,0,0,-14000000,0,0,0,0,1000000
042000,2022-08-02,-105000000,0,0,-4000000,0,0,0,0,0
042000,2022-08-03,-20000000,0,0,-6000000,0,0,0,0,0
042000,2022-08-04,-101000000,-2000000,-38000000,-1000000,0,0,0,-3000000,-6000000
042000,2022-08-05,34000000,0,-19000000,-8000000,0,0,0,0,0
042000,2022-08-08,23000000,0,-13000000,-53000000,0,0,0,0,0
042000,2022-08-09,1000000,-2000000,-76000000,-7000000,0,0,0,0,0
042000,2022-08-10,-38000000,0,-32000000,-8000000,0,0,0,0,7000000
042000,2022-08-11,340000000,0,-6000000,-1000000,0,0,0,0,-1000000
042000,2022-08-12,2000000,0,-4000000,-2000000,0,0,0,0,0
042000,2022-08-16,-92000000,0,-2000000,-4000000,0,0,0,0,0
042000,2022-08-17,-112000000,0,0,-7000000,0,0,0,0,0
042000,2022-08-18,-69000000,173000000,-1000000,-1000000,0,0,0,0,0
042000,2022-08-19,-110000000,2000000,-2000000,0,0,0,0,0,0
042000,2022-08-22,-122000000,0,-2000000,0,0,0,0,0,0
042000,2022-08-23,31000000,-2000000,-2000000,0,0,0,0,-2000000,0
042000,2022-08-24,18000000,-52000000,-67000000,-2000000,0,0,0,0,0
042000,2022-08-25,145000000,-55000000,-1000000,-6000000,0,0,0,0,0
042000,2022-08-26,-106000000,-55000000,-1000000,0,0,0,0,0,0
042000,2022-08-29,-168000000,0,0,-4000000,0,0,0,0,0
042000,2022-08-30,123000000,0,0,-4000000,0,0,0,0,0
042000,2022-08-31,-33000000,1000000,0,-1000000,0,0,0,0,1000000
042000,2022-09-01,-258000000,33000000,0,-4000000,0,0,0,0,63000000
042000,2022-09-02,-1000000,0,0,-1000000,0,0,0,0,0
042000,2022-09-05,116000000,0,0,1000000,0,0,0,0,-56000000
042000,2022-09-06,143000000,-127000000,-69000000,8000000,0,0,0,16000000,-7000000
042000,2022-09-07,-78000000,21000000,0,2000000,0,0,0,-4000000,1000000
042000,2022-09-08,143000000,-43000000,-47000000,0,0,0,0,7000000,1000000
042000,2022-09-13,317000000,0,0,1000000,0,0,0,-16000000,0
042000,2022-09-14,-303000000,0,0,0,0,0,0,0,1000000
042000,2022-09-15,-30000000,0,0,0,0,0,0,0,20000000
042000,2022-09-16,-7000000,0,0,2000000,0,0,0,0,-20000000
042000,2022-09-19,109000000,17000000,0,11000000,0,0,0,0,2000000
042000,2022-09-20,138000000,0,-17000000,6000000,0,0,0,0,2000000
042000,2022-09-21,11000000,5000000,0,6000000,0,0,0,0,0
042000,2022-09-22,-28000000,5000000,0,1000000,0,0,0,0,11000000
042000,2022-09-23,137000000,12000000,0,15000000,0,0,0,0,2000000
042000,2022-09-26,259000000,0,2000000,33000000,0,0,0,0,-4000000
042000,2022-09-27,232000000,-10000000,4000000,3000000,0,0,0,0,0
042000,2022-09-28,160000000,0,0,12000000,0,0,0,0,1000000
042000,2022-09-29,144000000,-4000000,0,2000000,0,0,0,1000000,0
042000,2022-09-30,3000000,23000000,-45000000,6000000,0,0,0,0,3000000
042000,2022-10-04,186000000,10000000,-68000000,2000000,0,0,0,0,10000000
042000,2022-10-05,-195000000,0,0,0,0,0,0,0,5000000
042000,2022-10-06,108000000,6000000,0,0,0,0,0,0,3000000
042000,2022-10-07,-145000000,0,0,0,0,0,0,0,7000000
042000,2022-10-11,-118000000,0,0,0,0,0,0,0,-17000000
042000,2022-10-12,96000000,-25000000,0,0,0,0,0,0,6000000
042000,2022-10-13,-48000000,13000000,0,0,0,0,0,0,-5000000
042000,2022-10-14,154000000,8000000,0,0,0,0,0,0,1000000
042000,2022-10-17,-99000000,0,0,0,0,0,0,0,0
042000,2022-10-18,54000000,0,0,0,0,0,0,0,0
042000,2022-10-19,-100000000,0,-40000000,0,0,0,0,0,0
042000,2022-10-20,-186000000,0,-49000000,0,0,0,0,0,0
042000,2022-10-21,-47000000,0,0,-3000000,0,0,0,0,0
042000,2022-10-24,268000000,0,0,-1000000,0,0,0,0,0
042000,2022-10-25,-8000000,0,0,0,0,0,0,0,0
042000,2022-10-26,-7000000,0,0,0,0,0,0,0,0
042000,2022-10-27,92000000,0,0,0,0,0,0,0,0
042000,2022-10-28,-83000000,0,0,0,0,0,0,0,0
042000,2022-10-31,-2000000,23000000,1000000,-3000000,0,0,0,0,-1000000
042000,2022-11-01,51000000,0,0,0,0,0,0,0,-2000000
042000,2022-11-02,-77000000,25000000,0,0,0,0,0,0,1000000
042000,2022-11-03,-124000000,5000000,0,-4000000,0,0,0,0,0
042000,2022-11-04,-119000000,0,0,-6000000,0,0,0,0,0
042000,2022-11-07,-16000000,0,0,-4000000,0,0,0,0,0
042000,2022-11-08,174000000,0,0,-1000000,0,0,0,0,0
042000,2022-11-09,-134000000,2000000,0,0,0,0,0,-18000000,0
042000,2022-11-10,-172000000,0,0,-4000000,0,0,0,0,0
042000,2022-11-11,494000000,-19000000,0,0,0,0,0,0,-6000000
042000,2022-11-14,-169000000,0,0,-1000000,0,0,0,0,1000000
042000,2022-11-15,121000000,0,0,0,0,0,0,0,0
042000,2022-11-16,-61000000,0,0,-1000000,0,0,0,0,-4000000
042000,2022-11-17,-124000000,17000000,-45000000,-1000000,0,0,0,0,0
042000,2022-11-18,-33000000,-34000000,-58000000,0,0,0,0,0,-3000000
042000,2022-11-21,-181000000,0,0,-5000000,0,0,0,0,0
042000,2022-11-22,-7000000,0,-42000000,0,0,0,0,0,15000000
042000,2022-11-23,108000000,-43000000,0,-54000000,0,0,0,7000000,0
042000,2022-11-24,110000000,-52000000,0,-206000000,0,0,0,-14000000,0
042000,2022-11-25,-34000000,-2000000,0,-3000000,0,0,0,0,-5000000
042000,2022-11-28,-217000000,0,0,-2000000,0,0,0,7000000,0
042000,2022-11-29,124000000,0,0,-1000000,0,0,0,0,-1000000
042000,2022-11-30,-2000000,21000000,0,0,0,0,0,0,0
042000,2022-12-01,337000000,-12000000,0,0,0,0,0,0,0
042000,2022-12-02,-267000000,2000000,0,0,0,0,0,0,2000000
042000,2022-12-05,130000000,0,0,-37000000,0,0,0,0,1000000
042000,2022-12-06,-10000000,0,0,15000000,0,0,0,0,0
042000,2022-12-07,7000000,0,0,0,0,0,0,0,0
042000,2022-12-08,840000000,-3285000000,-65000000,-4000000,0,0,0,0,-1000000
042000,2022-12-09,38000000,-180000000,0,31000000,0,-13000000,0,-3000000,-1000000
042000,2022-12-12,0,0,0,0,0,0,0,0,1000000
042000,2022-12-13,-30000000,0,0,81000000,0,0,0,0,-4000000
042000,2022-12-14,-1000000,79000000,0,0,0,0,0,0,3000000
042000,2022-12-15,0,0,0,-46000000,0,0,0,0,0
042000,2022-12-16,0,0,-18000000,0,0,0,0,0,0
042000,2022-12-19,0,0,0,0,0,0,0,0,5000000
042000,2022-12-20,-11000000,0,0,0,0,0,0,0,0
042000,2022-12-21,0,0,0,0,0,0,0,0,1000000
042000,2022-12-22,0,16000000,0,0,0,0,0,0,0
042000,2022-12-23,0,0,0,0,0,0,0,0,0
042000,2022-12-26,0,0,0,0,0,0,0,0,0
042000,2022-12-27,0,10000000,-5000000,-32000000,0,0,0,0,0
042000,2022-12-28,-21000000,28000000,-5000000,0,0,0,0,-7000000,0
042000,2022-12-29,16000000,-3000000,0,0,0,0,0,0,0
042000,2023-01-02,8000000,10000000,-4000000,0,0,0,0,0,0
042000,2023-01-03,1000000,7000000,-4000000,0,0,0,0,0,4000000
042000,2023-01-04,-34000000,22000000,-4000000,0,0,0,0,0,0
042000,2023-01-05,0,20000000,-5000000,-22000000,0,0,0,0,0
042000,2023-01-06,11000000,0,-5000000,0,0,0,0,0,1000000
042000,2023-01-09,-1000000,0,-5000000,0,0,0,0,0,-4000000
042000,2023-01-10,-2000000,0,0,0,0,0,0,0,0
042000,2023-01-11,-2000000,0,0,0,0,0,0,0,0
042000,2023-01-12,-1000000,0,0,0,0,0,0,0,3000000
042000,2023-01-13,-1000000,0,0,0,0,0,0,0,2000000
042000,2023-01-16,-2000000,0,0,0,0,0,0,0,-12000000
042000,2023-01-17,-1000000,0,0,0,0,0,0,0,0
042000,2023-01-18,0,0,0,0,0,0,0,0,0
042000,2023-01-19,3000000,0,0,0,0,0,0,0,0
042000,2023-01-20,-9000000,-13000000,0,0,0,0,0,0,0
042000,2023-01-25,0,0,0,0,0,0,0,0,2000000
042000,2023-01-26,3000000,0,0,-12000000,0,0,0,0,0
042000,2023-01-27,-9000000,-56000000,0,0,0,0,0,0,0
042000,2023-01-30,0,0,0,0,0,0,0,0,0
042000,2023-01-31,21000000,-25000000,0,0,0,0,0,0,0
042000,2023-02-01,4000000,0,0,0,0,0,0,0,0
042000,2023-02-02,-2000000,0,0,0,0,0,0,0,0
042000,2023-02-03,0,-11000000,0,0,0,0,0,0,1000000
042000,2023-02-06,1000000,0,0,0,0,0,0,0,1000000
042000,2023-02-07,0,-23000000,0,0,0,0,0,0,2000000
042000,2023-02-08,-6000000,-35000000,0,0,0,0,0,2000000,-2000000
042000,2023-02-09,2000000,0,-5000000,0,0,0,0,0,1000000
042000,2023-02-10,5000000,0,-5000000,0,0,0,0,0,-1000000
042000,2023-02-13,0,0,-5000000,0,0,0,0,0,0
042000,2023-02-14,-2000000,-5000000,0,0,0,0,0,0,0
042000,2023-02-15,1000000,0,0,0,0,0,0,0,1000000
042000,2023-02-16,-1000000,0,0,0,0,0,0,0,-1000000
042000,2023-02-17,1000000,0,-5000000,0,0,0,0,0,0
042000,2023-02-20,1000000,0,-5000000,0,0,0,0,0,-1000000
042000,2023-02-21,0,0,-5000000,0,0,0,0,0,0
042000,2023-02-22,1000000,0,-10000000,0,0,0,0,0,1000000
042000,2023-02-23,-1000000,0,-10000000,0,0,0,0,0,0
042000,2023-02-24,0,0,-10000000,0,0,0,0,-1000000,0
042000,2023-02-27,0,0,-5000000,0,0,0,0,0,-1000000
042000,2023-02-28,13000000,-18000000,-5000000,0,0,0,0,0,0
042000,2023-03-02,4000000,0,-5000000,0,0,0,0,0,0
042000,2023-03-03,-4000000,0,-5000000,0,0,0,0,0,0
042000,2023-03-06,0,0,-5000000,0,0,0,0,0,0
042000,2023-03-07,0,0,-5000000,0,0,0,0,0,0
042000,2023-03-08,1000000,-5000000,0,0,0,0,0,0,0
042000,2023-03-09,1000000,-35000000,0,0,0,0,0,0,1000000
042000,2023-03-10,1000000,0,0,0,0,0,0,0,0
042000,2023-03-13,0,0,0,0,0,0,0,0,0
042000,2023-03-14,5000000,0,0,-6000000,0,0,0,0,0
042000,2023-03-15,0,0,0,0,0,0,0,7000000,0
042000,2023-03-16,1000000,0,0,0,0,0,0,0,0
042000,2023-03-17,-2000000,22000000,0,0,0,0,0,0,0
042000,2023-03-20,0,0,-9000000,0,0,0,0,0,0
042000,2023-03-21,1000000,0,-9000000,0,0,0,0,0,3000000
042000,2023-03-22,2000000,0,-9000000,-6000000,0,0,0,0,1000000
042000,2023-03-23,-1000000,-9000000,0,0,0,0,0,0,0
042000,2023-03-24,0,0,-9000000,0,0,0,0,0,1000000
042000,2023-03-27,4000000,0,-9000000,0,0,0,0,0,0
042000,2023-03-28,-3000000,0,-9000000,0,0,0,0,0,-1000000
042000,2023-03-29,1000000,0,-9000000,0,0,0,0,0,0
042000,2023-03-30,0,0,-9000000,0,0,0,0,0,0
042000,2023-03-31,0,0,-4000000,0,0,0,0,-1000000,0
042000,2023-04-03,0,0,-4000000,0,0,0,0,0,0
042000,2023-04-04,-5000000,0,-4000000,0,0,0,0,11000000,3000000
042000,2023-04-05,0,0,-4000000,0,0,0,0,49000000,-4000000
042000,2023-04-06,1000000,0,-4000000,0,0,0,0,0,3000000
042000,2023-04-07,0,0,-4000000,0,0,0,0,0,0
042000,2023-04-10,1000000,0,-4000000,0,0,0,0,0,1000000
042000,2023-04-11,0,0,-4000000,0,0,0,0,0,0
042000,2023-04-12,0,-1000000,0,0,0,0,0,0,3000000
042000,2023-04-13,0,0,0,0,0,0,0,0,0
042000,2023-04-14,0,0,-5000000,0,0,0,0,0,-3000000
042000,2023-04-17,0,0,-4000000,0,0,0,0,0,1000000
042000,2023-04-18,5000000,0,-4000000,0,0,0,0,0,0
042000,2023-04-19,-5000000,0,-5000000,0,0,0,0,0,1000000
042000,2023-04-20,0,0,0,0,0,0,0,0,0
042000,2023-04-21,1000000,0,0,0,0,0,0,-1000000,-8000000
042000,2023-04-24,-13000000,0,0,0,0,0,0,0,0
042000,2023-04-25,0,0,0,0,0,0,0,0,0
042000,2023-04-26,13000000,0,0,0,0,0,0,0,0
042000,2023-04-27,-13000000,10000000,0,0,0,0,0,0,0
042000,2023-04-28,0,0,0,0,0,0,0,0,0
042000,2023-05-02,4000000,0,0,0,0,0,0,0,-1000000
042000,2023-05-03,0,0,0,0,0,0,0,0,7000000
042000,2023-05-04,0,4000000,0,0,0,0,0,0,0
042000,2023-05-08,0,0,0,0,0,0,0,0,0
042000,2023-05-09,0,4000000,0,0,0,0,0,0,0
042000,2023-05-10,-1000000,0,0,0,0,0,0,0,0
042000,2023-05-11,0,0,0,0,0,0,0,0,2000000
042000,2023-05-12,0,0,0,0,0,0,0,0,1000000
042000,2023-05-15,0,0,0,0,0,0,0,0,0
042000,2023-05-16,0,0,0,0,0,0,0,0,0
042000,2023-05-17,5000000,0,0,0,0,0,0,0,0
042000,2023-05-18,0,4000000,0,0,0,0,0,0,3000000
042000,2023-05-19,5000000,0,0,0,0,0,0,0,-7000000
042000,2023-05-22,-5000000,0,0,0,0,0,0,0,0
042000,2023-05-23,0,0,0,0,0,0,0,0,0
042000,2023-05-24,0,0,0,0,0,0,0,0,2000000
042000,2023-05-25,0,0,0,0,0,0,0,0,0
042000,2023-05-26,0,0,0,0,0,0,0,0,1000000
042000,2023-05-30,0,-21000000,0,0,0,0,0,0,0
042000,2023-05-31,0,0,0,0,0,0,0,0,0
042000,2023-06-01,0,0,0,0,0,0,0,0,1000000
042000,2023-06-02,0,-26000000,0,0,0,0,0,0,-3000000
042000,2023-06-05,0,0,0,0,0,0,0,0,-7000000
042000,2023-06-07,0,-6000000,0,0,0,0,0,0,0
042000,2023-06-08,-3000000,0,0,0,0,0,0,40000000,0
042000,2023-06-09,21000000,-2000000,0,-35000000,0,0,0,0,0
042000,2023-06-12,3000000,0,0,0,0,0,0,0,0
042000,2023-06-13,2000000,-46000000,0,-109000000,0,0,0,0,0
042000,2023-06-14,5000000,-153000000,0,0,0,0,0,0,0
042000,2023-06-15,0,0,0,0,0,0,0,0,0
042000,2023-06-16,1000000,0,0,0,0,0,0,0,-2000000
042000,2023-06-19,7000000,0,0,0,0,0,0,0,3000000
042000,2023-06-20,0,8000000,0,0,0,0,0,0,0
042000,2023-06-21,0,0,0,0,0,0,0,7000000,1000000
042000,2023-06-22,0,0,0,0,0,0,0,0,-3000000
042000,2023-06-23,-10000000,-138000000,0,-91000000,0,0,0,29000000,12000000
042000,2023-06-26,8000000,0,0,-15000000,0,0,0,-56000000,20000000
042000,2023-06-27,-6000000,216000000,0,892000000,0,0,0,50000000,-55000000
042000,2023-06-28,12000000,362000000,0,498000000,0,69000000,0,190000000,21000000
042000,2023-06-29,4000000,522000000,0,-186000000,0,0,0,-70000000,-2000000
042000,2023-06-30,-20000000,36000000,0,-1505000000,0,0,0,192000000,-30000000
042000,2023-07-03,-1000000,0,0,0,0,0,0,-159000000,2000000
042000,2023-07-04,8000000,0,0,0,0,0,0,205000000,16000000
042000,2023-07-05,2000000,0,0,0,0,0,0,-86000000,11000000
042000,2023-07-06,6000000,-92000000,0,-42000000,0,0,0,106000000,2000000
042000,2023-07-07,12000000,2000000,0,0,0,0,0,72000000,11000000
042000,2023-07-10,79000000,-63000000,0,-63000000,0,0,0,-21000000,90000000
042000,2023-07-11,43000000,98000000,8000000,0,0,0,0,-81000000,10000000
042000,2023-07-12,26000000,0,0,0,0,0,0,2000000,-41000000
042000,2023-07-13,-164000000,0,0,0,0,0,0,-19000000,-48000000
042000,2023-07-14,3000000,0,0,0,0,0,0,-50000000,-35000000
042000,2023-07-17,-2000000,-1000000,0,0,0,0,0,28000000,-6000000
042000,2023-07-18,28000000,-140000000,0,-227000000,0,-8000000,0,16000000,-2000000
042000,2023-07-19,-3000000,0,0,0,0,-55000000,0,-59000000,-15000000
042000,2023-07-20,0,0,0,0,0,0,0,9000000,0
042000,2023-07-21,0,0,0,0,0,0,0,-107000000,7000000
042000,2023-07-24,0,-29000000,0,-100000000,0,0,0,13000000,-1000000
042000,2023-07-25,0,0,0,0,0,0,0,-111000000,0
042000,2023-07-26,1000000,0,0,12000000,0,0,0,34000000,-6000000
042000,2023-07-27,0,0,0,0,0,0,0,-27000000,0
042000,2023-07-28,-1000000,0,0,0,0,0,0,-6000000,5000000
042000,2023-07-31,1000000,0,0,0,0,0,0,-3000000,6000000
042000,2023-08-01,19000000,6000000,0,-12000000,0,0,0,-86000000,5000000
042000,2023-08-02,7000000,0,0,-6000000,0,0,0,-46000000,-2000000
042000,2023-08-03,7000000,0,0,0,0,0,0,0,0
042000,2023-08-04,-30000000,0,0,0,0,0,0,-6000000,-6000000
042000,2023-08-07,-1000000,0,0,0,0,0,0,0,-2000000
042000,2023-08-08,0,0,0,11000000,0,0,0,0,0
042000,2023-08-09,-5000000,0,0,0,0,0,0,-1000000,0
042000,2023-08-10,209000000,-16000000,0,682000000,0,0,0,-29000000,14000000
042000,2023-08-11,1000000,-5000000,0,34000000,0,0,0,12000000,9000000
042000,2023-08-14,0,0,0,0,0,0,0,-44000000,6000000
042000,2023-08-16,0,0,0,0,0,0,0,18000000,-6000000
042000,2023-08-17,0,0,0,0,0,0,0,107000000,7000000
042000,2023-08-18,0,0,0,-387000000,0,0,0,34000000,10000000
042000,2023-08-21,0,0,0,0,0,0,0,5000000,-7000000
042000,2023-08-22,0,0,0,0,0,0,0,-5000000,0
042000,2023-08-23,0,0,0,0,0,0,0,1000000,3000000
042000,2023-08-24,0,0,0,0,0,0,0,1000000,-1000000
042000,2023-08-25,0,0,0,0,0,0,0,0,0
042000,2023-08-28,0,0,0,0,0,0,0,1000000,0
042000,2023-08-29,0,0,0,0,0,0,0,0,-4000000
042000,2023-08-30,-10000000,171000000,0,-152000000,0,0,0,-187000000,9000000
042000,2023-08-31,-243000000,0,0,39000000,0,0,0,143000000,15000000
042000,2023-09-01,0,0,0,0,0,0,0,0,22000000
042000,2023-09-04,3000000,7000000,0,246000000,0,0,0,0,3000000
042000,2023-09-05,1000000,-2000000,0,-246000000,0,0,0,0,-3000000
042000,2023-09-06,-2000000,0,0,0,0,0,0,0,3000000
042000,2023-09-07,0,0,0,-139000000,0,0,0,13000000,0
042000,2023-09-08,0,0,0,0,0,0,0,122000000,2000000
042000,2023-09-11,0,0,0,0,0,0,0,-114000000,0
042000,2023-09-12,0,-73000000,0,0,0,0,0,0,0
042000,2023-09-13,9000000,22000000,0,0,0,0,0,1000000,0
042000,2023-09-14,0,6000000,0,0,0,0,0,-1000000,6000000
042000,2023-09-15,-5000000,3000000,0,0,0,0,0,10000000,1000000
042000,2023-09-18,0,-71000000,0,0,0,0,0,0,-10000000
042000,2023-09-19,0,0,0,0,0,0,0,0,1000000
042000,2023-09-20,0,0,0,0,0,0,0,0,0
042000,2023-09-21,0,0,0,0,0,0,0,0,0
042000,2023-09-22,0,0,0,0,0,0,0,0,1000000
042000,2023-09-25,0,0,0,0,0,0,0,0,0
042000,2023-09-26,-1000000,0,0,0,0,0,0,0,2000000
042000,2023-09-27,0,0,0,0,0,0,0,0,2000000
042000,2023-10-04,0,0,0,0,0,0,0,0,1000000
042000,2023-10-05,1000000,0,0,0,0,0,0,0,0
042000,2023-10-06,1000000,0,0,0,0,0,0,0,0
042000,2023-10-10,0,0,0,0,0,0,0,0,1000000
042000,2023-10-11,0,-7000000,0,0,0,0,0,38000000,0
042000,2023-10-12,0,0,0,0,0,0,0,5000000,0
042000,2023-10-13,0,0,0,0,0,0,0,0,2000000
042000,2023-10-16,0,0,0,0,0,0,0,28000000,-4000000
042000,2023-10-17,-3000000,-2000000,0,0,0,0,0,0,0
042000,2023-10-18,0,-7000000,0,0,0,0,0,1000000,-1000000
042000,2023-10-19,0,-2000000,0,0,0,0,0,12000000,0
042000,2023-10-20,0,0,0,0,0,0,0,11000000,0
042000,2023-10-23,0,0,0,0,0,0,0,7000000,0
042000,2023-10-24,0,-2000000,0,0,0,0,0,0,-1000000
042000,2023-10-25,-3000000,0,0,0,0,0,0,0,0
042000,2023-10-26,0,0,0,0,0,0,0,0,0
042000,2023-10-27,0,0,0,0,0,0,0,-5000000,-1000000
042000,2023-10-30,0,-6000000,0,0,0,0,0,10000000,8000000
042000,2023-10-31,0,0,0,0,0,0,0,-55000000,-18000000
042000,2023-11-01,0,0,0,0,0,0,0,0,0
042000,2023-11-02,0,0,0,0,0,0,0,8000000,-2000000
042000,2023-11-03,0,0,0,0,0,0,0,23000000,-3000000
042000,2023-11-06,0,0,0,0,0,0,0,-23000000,-6000000
042000,2023-11-07,1000000,0,0,0,0,0,0,43000000,-2000000
042000,2023-11-08,0,0,0,0,0,0,0,-5000000,-3000000
042000,2023-11-09,0,0,0,0,0,0,0,5000000,-26000000
042000,2023-11-10,0,0,0,0,0,0,0,-2000000,-1000000
042000,2023-11-13,0,0,0,0,0,0,0,9000000,0
042000,2023-11-14,0,0,0,0,0,0,0,-8000000,0
042000,2023-11-15,0,0,0,0,0,0,0,79000000,-1000000
042000,2023-11-16,8000000,0,0,0,0,0,0,41000000,-16000000
042000,2023-11-17,-8000000,0,0,0,0,0,0,-157000000,-22000000
042000,2023-11-20,0,0,0,0,0,0,0,30000000,-4000000
042000,2023-11-21,-1000000,0,0,0,0,0,0,96000000,-7000000
042000,2023-11-22,0,0,0,0,0,0,0,-41000000,0
042000,2023-11-23,6000000,11000000,0,0,0,0,0,-1000000,-106000000
042000,2023-11-24,-6000000,24000000,0,90000000,0,0,0,-58000000,-2000000
042000,2023-11-27,-1000000,0,0,77000000,0,0,0,9000000,-2000000
042000,2023-11-28,0,0,0,0,0,0,0,7000000,-9000000
042000,2023-11-29,0,0,0,0,0,0,0,16000000,15000000
042000,2023-11-30,29000000,0,0,0,0,0,0,-31000000,22000000
042000,2023-12-01,5000000,0,0,0,0,0,0,-20000000,1000000
042000,2023-12-04,1000000,0,0,0,0,0,0,6000000,3000000
042000,2023-12-05,-2000000,-74000000,0,402000000,0,0,0,-31000000,0
042000,2023-12-06,22000000,19000000,0,2000000,0,0,0,-396000000,1077000000
042000,2023-12-07,1501000000,1183000000,665000000,1470000000,0,30000000,0,970000000,-670000000
042000,2023-12-08,297000000,513000000,0,990000000,0,0,0,319000000,-938000000
042000,2023-12-11,395000000,5196000000,0,257000000,0,0,0,2454000000,-29000000
042000,2023-12-12,-164000000,698000000,0,2586000000,0,115000000,0,356000000,-79000000
042000,2023-12-13,7000000,1038000000,0,1703000000,0,0,0,-765000000,36000000
042000,2023-12-14,-16000000,688000000,0,-833000000,0,0,0,36000000,0
042000,2023-12-15,32000000,751000000,0,1139000000,0,0,0,357000000,-21000000
042000,2023-12-18,504000000,6780000000,0,1200000000,0,0,20000000,1754000000,28000000
042000,2023-12-19,-15000000,5136000000,0,-971000000,0,0,0,-2505000000,31000000
042000,2023-12-20,-261000000,444000000,0,-654000000,0,0,9000000,3165000000,-40000000
042000,2023-12-21,71000000,1712000000,0,-1424000000,0,-33000000,-2000000,-2569000000,-34000000
042000,2023-12-22,638000000,107000000,0,4173000000,0,0,-5000000,-214000000,48000000
042000,2023-12-26,-159000000,-903000000,0,-1199000000,0,0,1000000,251000000,3000000
042000,2023-12-27,-238000000,528000000,0,-1685000000,0,0,-22000000,510000000,16000000
042000,2023-12-28,-199000000,19000000,0,443000000,0,0,0,-134000000,1606000000
042000,2024-01-02,473000000,-722000000,0,-901000000,0,0,0,388000000,-650000000
042000,2024-01-03,354000000,-29000000,0,-1571000000,0,0,0,580000000,-696000000
042000,2024-01-04,-18000000,136000000,0,713000000,0,0,20000000,151000000,-10000000
042000,2024-01-05,-1270000000,1562000000,0,4443000000,0,0,20000000,-1605000000,1490000000
042000,2024-01-08,-1573000000,570000000,0,-4231000000,0,0,-38000000,796000000,-1431000000
042000,2024-01-09,65000000,179000000,0,182000000,0,0,0,462000000,-85000000
042000,2024-01-10,513000000,695000000,0,2957000000,0,0,19000000,-408000000,-54000000
042000,2024-01-11,-396000000,1017000000,0,668000000,0,0,-1000000,-47000000,25000000
042000,2024-01-12,-116000000,186000000,0,1652000000,0,0,0,15000000,68000000
042000,2024-01-15,13000000,332000000,0,1878000000,0,0,0,200000000,-5000000
042000,2024-01-16,-11000000,491000000,0,354000000,0,0,-17000000,-2680000000,-10000000
042000,2024-01-17,-35000000,131000000,0,512000000,0,0,0,410000000,-37000000
042000,2024-01-18,7000000,504000000,0,-116000000,0,0,0,423000000,22000000
042000,2024-01-19,-107000000,144000000,0,295000000,0,0,0,-687000000,6000000
042000,2024-01-22,72000000,128000000,0,909000000,0,0,0,101000000,-71000000
042000,2024-01-23,0,275000000,0,-453000000,0,0,0,-307000000,-4000000
042000,2024-01-24,-8000000,-483000000,0,-1134000000,0,0,0,-329000000,12000000
042000,2024-01-25,-9000000,-86000000,0,-376000000,0,0,0,-166000000,-4000000
042000,2024-01-26,-31000000,-102000000,0,-421000000,0,0,0,-25000000,-34000000
042000,2024-01-29,17000000,-151000000,0,69000000,0,0,0,102000000,1000000
042000,2024-01-30,27000000,-364000000,0,-959000000,0,0,0,28000000,-1000000
042000,2024-01-31,1000000,0,0,111000000,0,0,0,54000000,4000000
042000,2024-02-01,2000000,-653000000,-533000000,-835000000,0,-24000000,0,33000000,1000000
042000,2024-02-02,92000000,-433000000,0,-541000000,0,0,0,-29000000,30000000
042000,2024-02-05,-5000000,-343000000,0,-930000000,0,0,0,-47000000,195000000
042000,2024-02-06,-116000000,-329000000,0,-624000000,0,0,0,54000000,-30000000
042000,2024-02-07,-12000000,-380000000,0,-682000000,0,0,0,44000000,0
042000,2024-02-08,-17000000,-175000000,0,-456000000,0,0,0,139000000,-3000000
042000,2024-02-13,-22000000,-955000000,0,-1489000000,0,0,0,-15000000,3000000
042000,2024-02-14,-69000000,-471000000,0,-2294000000,0,0,0,40000000,-1000000
042000,2024-02-15,238000000,431000000,0,153000000,0,0,0,4000000,-4000000
042000,2024-02-16,-2000000,-101000000,0,-347000000,0,0,0,18000000,2000000
042000,2024-02-19,7000000,-279000000,0,730000000,0,56000000,0,0,8000000
042000,2024-02-20,1530000000,-695000000,0,718000000,0,0,0,1067000000,1000000
042000,2024-02-21,538000000,-60000000,0,-677000000,0,134000000,0,-608000000,-11000000
042000,2024-02-22,358000000,68000000,0,369000000,0,26000000,0,-62000000,2000000
042000,2024-02-23,1013000000,807000000,198000000,-303000000,0,101000000,26000000,-127000000,52000000
042000,2024-02-26,65000000,33000000,0,-577000000,0,74000000,0,-88000000,7000000
042000,2024-02-27,88000000,-49000000,0,-264000000,0,0,0,-106000000,1000000
042000,2024-02-28,-999000000,0,0,52000000,0,0,0,-89000000,-45000000
042000,2024-02-29,-133000000,-9000000,0,-203000000,0,0,0,-67000000,-7000000
042000,2024-03-04,-852000000,-911000000,0,-3409000000,0,-64000000,0,106000000,22000000
042000,2024-03-05,-439000000,8000000,0,-2188000000,0,-13000000,0,-83000000,-2000000
042000,2024-03-06,0,-888000000,-125000000,-1104000000,0,-236000000,-10000000,57000000,-1000000
042000,2024-03-07,-542000000,-381000000,0,-777000000,0,-12000000,0,85000000,-1000000
042000,2024-03-08,-348000000,-1392000000,0,-1268000000,0,-56000000,0,-274000000,6000000
042000,2024-03-11,1000000,9000000,0,0,0,0,0,164000000,16000000
042000,2024-03-12,0,6000000,0,0,0,0,0,-34000000,-26000000
042000,2024-03-13,0,0,0,0,0,0,0,-70000000,5000000
042000,2024-03-14,0,-10000000,0,0,0,0,0,160000000,11000000
042000,2024-03-15,9000000,0,-29000000,0,0,0,0,0,2000000
042000,2024-03-18,0,0,0,-6000000,0,0,0,2000000,6000000
042000,2024-03-19,-6000000,-61000000,0,-621000000,0,0,0,-98000000,11000000
042000,2024-03-20,0,9000000,0,0,0,0,0,-115000000,12000000
042000,2024-03-21,0,-6000000,-1000000,-6000000,0,0,0,-112000000,-4000000
042000,2024-03-22,2000000,2000000,0,-209000000,0,0,0,23000000,7000000
042000,2024-03-25,10000000,0,0,83000000,0,0,0,-25000000,3000000
042000,2024-03-26,9000000,362000000,0,0,0,0,0,-2000000,-2000000
042000,2024-03-27,4000000,183000000,0,5000000,0,0,0,16000000,-1000000
042000,2024-03-28,0,-8000000,0,-3000000,0,0,0,8000000,0
042000,2024-03-29,0,0,0,-3000000,0,0,0,3000000,2000000
042000,2024-04-01,12000000,23000000,0,0,0,0,0,8000000,9000000
042000,2024-04-02,-12000000,-4000000,0,0,0,0,0,21000000,2000000
042000,2024-04-03,1000000,15000000,0,0,0,0,0,0,1000000
042000,2024-04-04,-3000000,0,0,-1000000,0,0,0,-17000000,5000000
042000,2024-04-05,3000000,-7000000,0,0,0,0,0,-72000000,0
042000,2024-04-08,-6000000,4000000,0,0,0,0,0,0,0
042000,2024-04-09,-5000000,-3000000,0,-133000000,0,0,0,4000000,-3000000
042000,2024-04-11,4000000,-2000000,0,3000000,0,0,0,-28000000,0
042000,2024-04-12,4000000,0,0,0,0,0,0,8000000,-11000000
042000,2024-04-15,0,-1000000,0,-133000000,0,0,0,-24000000,-1000000
042000,2024-04-16,0,7000000,0,-762000000,0,0,0,-13000000,3000000
042000,2024-04-17,1000000,0,0,-6000000,0,0,0,11000000,-1000000
042000,2024-04-18,-3000000,0,0,-7000000,0,0,0,-21000000,0
042000,2024-04-19,-3000000,0,0,-6000000,0,0,0,-14000000,-1000000
042000,2024-04-22,-3000000,0,0,0,0,0,0,-3000000,2000000
042000,2024-04-23,0,71000000,0,0,0,0,0,1000000,0
042000,2024-04-24,0,0,0,-2000000,0,0,0,-1000000,3000000
042000,2024-04-25,12000000,-24000000,0,-6000000,0,0,0,0,0
042000,2024-04-26,70000000,-6000000,0,3000000,0,0,0,72000000,32000000
042000,2024-04-29,0,0,0,0,0,0,0,4000000,-16000000
042000,2024-04-30,0,67000000,0,-13000000,0,0,0,0,-3000000
042000,2024-05-02,0,-19000000,0,0,0,0,0,10000000,-8000000
042000,2024-05-03,0,0,0,0,0,0,0,1000000,2000000
042000,2024-05-07,0,0,0,0,0,0,0,0,-2000000
042000,2024-05-08,184000000,0,0,-7000000,0,0,0,-40000000,4000000
042000,2024-05-09,28000000,522000000,0,409000000,0,472000000,22000000,559000000,-16000000
042000,2024-05-10,179000000,103000000,0,-13000000,11000000,224000000,24000000,-46000000,22000000
042000,2024-05-13,-199000000,344000000,0,-314000000,0,83000000,0,28000000,8000000
042000,2024-05-14,12000000,995000000,0,349000000,0,368000000,0,169000000,-9000000
042000,2024-05-16,-6000000,21000000,0,32000000,1000000,218000000,12000000,-74000000,11000000
042000,2024-05-17,0,439000000,0,3000000,0,22000000,0,-255000000,18000000
042000,2024-05-20,301000000,960000000,0,590000000,7000000,0,0,612000000,-4000000
042000,2024-05-21,865000000,504000000,0,1392000000,0,215000000,0,520000000,-9000000
042000,2024-05-22,-119000000,593000000,0,113000000,0,47000000,0,-699000000,15000000
042000,2024-05-23,-188000000,427000000,452000000,257000000,0,32000000,0,-542000000,4000000
042000,2024-05-24,76000000,596000000,81000000,-3000000,0,0,0,79000000,16000000
042000,2024-05-27,23000000,101000000,84000000,201000000,0,0,0,94000000,1000000
042000,2024-05-28,-44000000,-182000000,458000000,276000000,0,0,0,4000000,7000000
042000,2024-05-29,-356000000,-90000000,-80000000,233000000,0,-11000000,15000000,-116000000,-4000000
042000,2024-05-30,-4000000,-522000000,0,-32000000,1000000,-96000000,-12000000,-274000000,2000000
042000,2024-05-31,0,-130000000,478000000,-127000000,0,20000000,0,-3000000,5000000
042000,2024-06-03,-360000000,6000000,169000000,-356000000,0,0,30000000,104000000,34000000
042000,2024-06-04,17000000,-826000000,-453000000,218000000,0,-243000000,0,96000000,20000000
042000,2024-06-05,-95000000,-442000000,0,180000000,0,33000000,0,-264000000,-26000000
042000,2024-06-07,-8000000,-319000000,799000000,516000000,-7000000,69000000,-3000000,1602000000,21000000
042000,2024-06-10,139000000,-919000000,0,720000000,0,-613000000,-9000000,-62000000,-162000000
042000,2024-06-11,1070000000,2257000000,410000000,3798000000,0,0,0,-129000000,-15000000
042000,2024-06-12,-286000000,2301000000,998000000,8739000000,0,-28000000,0,-260000000,-61000000
042000,2024-06-13,-276000000,1026000000,281000000,619000000,0,0,-9000000,689000000,-17000000
042000,2024-06-14,-187000000,-816000000,-76000000,-2928000000,0,72000000,-4000000,1380000000,-2000000
042000,2024-06-17,-198000000,-2392000000,-1636000000,-3043000000,-6000000,763000000,9000000,-339000000,-177000000
042000,2024-06-18,-530000000,-893000000,0,-4844000000,0,-14000000,58000000,-416000000,14000000
042000,2024-06-19,920000000,457000000,2293000000,6865000000,0,1095000000,-69000000,-452000000,47000000
042000,2024-06-20,95000000,4923000000,3714000000,-2543000000,0,2398000000,16000000,257000000,294000000
042000,2024-06-21,-31000000,1453000000,40000000,222000000,0,223000000,101000000,-213000000,-226000000
042000,2024-06-24,26000000,-163000000,0,-1023000000,-13000000,-759000000,-21000000,115000000,-128000000
042000,2024-06-25,1032000000,1875000000,10000000,840000000,0,836000000,0,123000000,52000000
042000,2024-06-26,301000000,46000000,51000000,503000000,0,371000000,0,-397000000,47000000
042000,2024-06-27,-1000000,479000000,-151000000,-3431000000,-9000000,222000000,-5000000,-38000000,-77000000
042000,2024-06-28,373000000,1074000000,642000000,-237000000,108000000,259000000,0,-411000000,40000000
042000,2024-07-01,16000000,474000000,0,-182000000,0,380000000,0,-59000000,-12000000
042000,2024-07-02,-2065000000,-367000000,-575000000,-1382000000,0,-4000000,-27000000,-625000000,-2000000
042000,2024-07-03,-287000000,-148000000,0,-117000000,0,-251000000,0,-152000000,-31000000
042000,2024-07-04,-186000000,-2313000000,-727000000,-31000000,-44000000,-1070000000,-43000000,194000000,-29000000
042000,2024-07-05,15000000,-101000000,-343000000,276000000,0,207000000,0,126000000,-38000000
042000,2024-07-08,-9000000,-1303000000,-78000000,189000000,0,57000000,0,33000000,42000000
042000,2024-07-09,31000000,-2135000000,-305000000,72000000,0,366000000,0,129000000,-20000000
042000,2024-07-10,27000000,-890000000,39000000,-752000000,0,-1629000000,0,870000000,-23000000
042000,2024-07-11,44000000,1702000000,112000000,-324000000,0,174000000,0,-298000000,128000000
042000,2024-07-12,-16000000,268000000,1162000000,-99000000,0,-1009000000,0,-464000000,58000000
042000,2024-07-15,-6000000,-494000000,49000000,38000000,0,0,-165000000,-48000000,-47000000
042000,2024-07-16,-24000000,-787000000,0,-383000000,0,0,0,-209000000,-96000000
042000,2024-07-17,3000000,-1746000000,0,-15000000,0,-573000000,0,-59000000,-8000000
042000,2024-07-18,-70000000,-552000000,-149000000,997000000,0,-4000000,0,-77000000,5000000
042000,2024-07-19,21000000,-718000000,-690000000,-768000000,0,-1884000000,0,-78000000,-4000000
042000,2024-07-22,0,10000000,47000000,29000000,0,0,0,263000000,8000000
042000,2024-07-23,394000000,1029000000,92000000,-628000000,0,-63000000,0,1388000000,214000000
042000,2024-07-24,593000000,1607000000,359000000,-124000000,0,236000000,219000000,774000000,40000000
042000,2024-07-25,185000000,941000000,19000000,215000000,0,170000000,0,-291000000,118000000
042000,2024-07-26,-581000000,801000000,95000000,12000000,0,-2000000,0,332000000,-24000000
042000,2024-07-29,124000000,1790000000,187000000,101000000,0,143000000,0,-209000000,-23000000
042000,2024-07-30,-43000000,78000000,0,-876000000,0,0,0,520000000,-79000000
042000,2024-07-31,22000000,-170000000,0,-948000000,0,0,0,360000000,-79000000
042000,2024-08-01,-79000000,-163000000,0,-40000000,0,0,0,-133000000,171000000
042000,2024-08-02,-60000000,-231000000,0,143000000,0,-320000000,0,-1100000000,-34000000
042000,2024-08-05,-69000000,-294000000,-124000000,35000000,0,-422000000,0,-358000000,3000000
042000,2024-08-06,-10000000,1109000000,0,249000000,0,-17000000,0,234000000,149000000
042000,2024-08-07,-32000000,1975000000,0,523000000,4000000,503000000,24000000,-42000000,-149000000
042000,2024-08-08,115000000,1200000000,1223000000,618000000,0,815000000,32000000,180000000,27000000
042000,2024-08-09,128000000,24000000,900000000,342000000,0,259000000,32000000,33000000,-20000000
042000,2024-08-12,-3000000,24000000,-793000000,659000000,0,-11000000,4000000,-13000000,-23000000
042000,2024-08-13,46000000,515000000,32000000,-1438000000,0,96000000,-4000000,266000000,-68000000
042000,2024-08-14,254000000,39000000,49000000,23000000,0,11000000,16000000,211000000,6000000
042000,2024-08-16,688000000,-12000000,0,-97000000,0,0,0,32000000,-119000000
042000,2024-08-19,4000000,625000000,881000000,717000000,95000000,453000000,33000000,-142000000,91000000
042000,2024-08-20,12000000,859000000,141000000,61000000,0,561000000,0,13000000,6000000
042000,2024-08-21,31000000,869000000,818000000,-546000000,0,20000000,1000000,26000000,8000000
042000,2024-08-22,381000000,236000000,188000000,-66000000,0,206000000,0,-97000000,118000000
042000,2024-08-23,-6000000,80000000,0,428000000,0,0,0,277000000,-72000000
042000,2024-08-26,541000000,116000000,0,62000000,0,-206000000,0,-103000000,-186000000
042000,2024-08-27,165000000,1000000,0,1037000000,0,0,0,215000000,230000000
042000,2024-08-28,5000000,95000000,865000000,-76000000,0,8000000,0,2000000,9000000
042000,2024-08-29,-15000000,830000000,-100000000,-925000000,-92000000,-38000000,0,-99000000,2000000
042000,2024-08-30,-75000000,-1122000000,0,-788000000,0,-20000000,0,18000000,10000000
042000,2024-09-02,-270000000,-972000000,-956000000,-416000000,-28000000,-290000000,-32000000,553000000,47000000
042000,2024-09-03,-2000000,-259000000,0,-267000000,0,-25000000,0,-16000000,9000000
042000,2024-09-04,-925000000,-319000000,-567000000,50000000,0,-86000000,0,-313000000,-10000000
042000,2024-09-05,-88000000,-1635000000,-2217000000,-122000000,0,-107000000,0,-256000000,21000000
042000,2024-09-06,2000000,-10000000,-137000000,-8000000,0,-38000000,0,-86000000,1000000
042000,2024-09-09,11000000,322000000,-13000000,691000000,0,245000000,0,-369000000,1000000
042000,2024-09-10,-7000000,-38000000,0,-396000000,0,0,0,-109000000,-7000000
042000,2024-09-11,2000000,-155000000,0,-36000000,0,-1000000,0,23000000,5000000
042000,2024-09-12,-19000000,1696000000,0,209000000,0,-221000000,0,124000000,-15000000
042000,2024-09-13,-14000000,-22000000,0,-56000000,0,0,0,155000000,123000000
042000,2024-09-19,-8000000,455000000,0,509000000,0,0,0,-311000000,15000000
042000,2024-09-20,-214000000,102000000,0,-98000000,0,-234000000,0,-356000000,156000000
042000,2024-09-23,-10000000,764000000,93000000,292000000,0,-80000000,0,-107000000,-5000000
042000,2024-09-24,-5000000,280000000,46000000,31000000,0,-351000000,0,11000000,-13000000
042000,2024-09-25,4000000,-474000000,0,-595000000,0,-35000000,0,85000000,50000000
042000,2024-09-26,-451000000,538000000,33000000,-50000000,0,-1000000,0,44000000,2000000
042000,2024-09-27,58000000,-77000000,0,-284000000,0,0,0,438000000,8000000
042000,2024-09-30,1000000,-47000000,0,228000000,0,0,0,280000000,-9000000
042000,2024-10-02,1000000,1265000000,106000000,6000000,82000000,698000000,0,-293000000,-19000000
042000,2024-10-04,-34000000,-187000000,0,12000000,0,172000000,0,-256000000,5000000
042000,2024-10-07,-12000000,-11000000,0,-111000000,0,-7000000,0,65000000,-122000000
042000,2024-10-08,44000000,48000000,0,-60000000,0,-1000000,0,-95000000,-29000000
042000,2024-10-10,46000000,610000000,0,59000000,0,-337000000,0,-109000000,-105000000
042000,2024-10-11,-4000000,104000000,0,-37000000,0,-184000000,0,17000000,-11000000
042000,2024-10-14,-68000000,-723000000,0,18000000,0,-158000000,0,-65000000,17000000
042000,2024-10-15,-77000000,-561000000,-175000000,-694000000,-75000000,-477000000,0,-502000000,79000000
042000,2024-10-16,-1000000,25000000,-339000000,-27000000,0,0,0,-10000000,-94000000
042000,2024-10-17,81000000,-3980000000,-2343000000,-2309000000,0,-327000000,-72000000,-582000000,-3000000
042000,2024-10-18,-9000000,-73000000,-25000000,0,0,0,0,-216000000,3000000
042000,2024-10-21,11000000,813000000,0,-516000000,0,0,0,191000000,7000000
042000,2024-10-22,-23000000,-974000000,0,-13000000,0,0,0,-81000000,-83000000
042000,2024-10-23,-2000000,40000000,0,151000000,0,-16000000,0,26000000,-50000000
042000,2024-10-24,99000000,-253000000,0,-5000000,0,0,0,20000000,-12000000
042000,2024-10-25,18000000,652000000,-658000000,-294000000,0,-78000000,0,60000000,1000000
042000,2024-10-28,-4000000,19000000,-92000000,-124000000,0,51000000,0,10000000,4000000
042000,2024-10-29,-12000000,-6000000,0,22000000,0,0,0,-27000000,2000000
042000,2024-10-30,-82000000,9000000,0,-17000000,0,0,0,49000000,-14000000
042000,2024-10-31,3000000,-98000000,-59000000,0,0,12000000,0,13000000,4000000
042000,2024-11-01,9000000,0,-17000000,-42000000,0,-136000000,0,36000000,6000000
042000,2024-11-04,94000000,0,0,29000000,0,0,0,6000000,-2000000
042000,2024-11-05,-4000000,0,0,-3000000,0,0,0,-9000000,2000000
042000,2024-11-06,-2000000,-462000000,0,-121000000,0,59000000,0,34000000,0
042000,2024-11-07,4000000,0,-19000000,0,0,0,0,6000000,59000000
042000,2024-11-08,237000000,1610000000,313000000,1159000000,83000000,26000000,0,-228000000,-158000000
042000,2024-11-11,-154000000,2193000000,234000000,878000000,167000000,213000000,28000000,-69000000,45000000
042000,2024-11-12,-194000000,1259000000,363000000,307000000,148000000,98000000,13000000,185000000,-177000000
042000,2024-11-13,-28000000,-487000000,75000000,-227000000,29000000,0,0,-15000000,-18000000
042000,2024-11-14,167000000,2717000000,73000000,527000000,70000000,129000000,9000000,-101000000,35000000
042000,2024-11-15,-6000000,1949000000,163000000,460000000,0,176000000,0,-201000000,55000000
042000,2024-11-18,-65000000,-165000000,0,-164000000,0,0,0,-21000000,124000000
042000,2024-11-19,257000000,299000000,0,-307000000,0,0,0,27000000,70000000
042000,2024-11-20,-431000000,-381000000,149000000,-80000000,-68000000,17000000,1000000,-742000000,-8000000
042000,2024-11-21,8000000,211000000,-23000000,-603000000,-182000000,0,0,188000000,4000000
042000,2024-11-22,53000000,225000000,624000000,-62000000,0,8000000,0,272000000,28000000
042000,2024-11-25,369000000,-326000000,691000000,-36000000,193000000,73000000,75000000,554000000,-224000000
042000,2024-11-26,-11000000,-56000000,87000000,130000000,-152000000,-47000000,-119000000,17000000,4000000
042000,2024-11-27,3000000,-25000000,374000000,1908000000,241000000,744000000,6000000,48000000,303000000
042000,2024-11-28,-54000000,-457000000,0,-85000000,-124000000,614000000,0,75000000,-121000000
042000,2024-11-29,24000000,9000000,0,-87000000,-88000000,252000000,0,187000000,-18000000
042000,2024-12-02,11000000,102000000,46000000,220000000,0,0,0,-93000000,-53000000
042000,2024-12-03,-36000000,-67000000,0,655000000,0,0,0,-376000000,23000000
042000,2024-12-04,-31000000,-305000000,0,304000000,0,-374000000,0,7000000,2000000
042000,2024-12-05,612000000,250000000,125000000,225000000,0,95000000,0,23000000,-22000000
042000,2024-12-06,2000000,846000000,0,1226000000,69000000,151000000,0,-17000000,41000000
042000,2024-12-09,207000000,362000000,0,746000000,0,-33000000,0,-505000000,-158000000
042000,2024-12-10,-55000000,779000000,186000000,342000000,0,8000000,0,269000000,4000000
042000,2024-12-11,-306000000,-604000000,264000000,-1488000000,0,-476000000,0,-311000000,38000000
042000,2024-12-12,-3340000000,16604000000,843000000,2259000000,0,-394000000,0,521000000,-10000000
042000,2024-12-13,161000000,786000000,311000000,-594000000,0,480000000,0,162000000,-62000000
042000,2024-12-16,-514000000,473000000,593000000,1609000000,0,387000000,395000000,-587000000,-121000000
042000,2024-12-17,-315000000,438000000,410000000,2859000000,0,251000000,0,12000000,90000000
042000,2024-12-18,556000000,548000000,485000000,534000000,0,-136000000,0,82000000,-9000000
042000,2024-12-19,-194000000,205000000,144000000,-4482000000,0,139000000,0,-58000000,-15000000
042000,2024-12-20,79000000,289000000,65000000,-496000000,0,0,-98000000,-269000000,-1000000
042000,2024-12-23,-14000000,-240000000,180000000,-225000000,0,121000000,0,-17000000,30000000
042000,2024-12-24,-122000000,-593000000,-224000000,-1114000000,0,55000000,0,64000000,-6000000
042000,2024-12-26,259000000,-6000000,202000000,-148000000,0,-41000000,0,-98000000,9000000
042000,2024-12-27,-345000000,-448000000,165000000,-256000000,-58000000,-1000000,0,-249000000,-4000000
042000,2024-12-30,-232000000,10000000,0,10000000,0,82000000,0,139000000,0
042000,2025-01-02,-114000000,148000000,889000000,23000000,0,98000000,0,428000000,-1000000
042000,2025-01-03,164000000,307000000,170000000,417000000,0,137000000,0,78000000,-11000000
042000,2025-01-06,-58000000,35000000,330000000,205000000,0,84000000,0,90000000,37000000
042000,2025-01-07,-451000000,681000000,145000000,788000000,0,0,0,-225000000,-1000000
042000,2025-01-08,-161000000,-321000000,0,248000000,0,-366000000,0,164000000,-7000000
042000,2025-01-09,-8000000,0,128000000,250000000,0,0,0,-47000000,0
042000,2025-01-10,-294000000,-128000000,0,347000000,0,-7000000,0,-40000000,-6000000
042000,2025-01-13,-170000000,274000000,-184000000,625000000,0,0,0,-67000000,-24000000
042000,2025-01-14,58000000,1076000000,-769000000,813000000,0,-548000000,0,-408000000,44000000
042000,2025-01-15,66000000,-183000000,-462000000,321000000,0,8000000,0,65000000,-31000000
042000,2025-01-16,162000000,191000000,-538000000,-79000000,0,-55000000,0,-101000000,1000000
042000,2025-01-17,-10000000,-121000000,44000000,-2157000000,0,237000000,3000000,106000000,42000000
042000,2025-01-20,-55000000,383000000,58000000,503000000,0,0,2000000,219000000,-20000000
042000,2025-01-21,25000000,-445000000,0,139000000,0,367000000,0,-98000000,-20000000
042000,2025-01-22,-169000000,53000000,255000000,524000000,81000000,281000000,0,266000000,-24000000
042000,2025-01-23,-99000000,-626000000,46000000,827000000,119000000,-582000000,0,-119000000,-2000000
042000,2025-01-24,261000000,-1228000000,0,-303000000,97000000,2000000,0,14000000,0
042000,2025-01-31,315000000,-111000000,-65000000,568000000,0,0,1000000,45000000,-108000000
042000,2025-02-03,-685000000,-1080000000,588000000,1367000000,-58000000,-139000000,0,416000000,-101000000
042000,2025-02-04,-453000000,-3283000000,-180000000,5492000000,-137000000,-62000000,-192000000,94000000,-10000000
042000,2025-02-05,431000000,-1279000000,0,-3123000000,0,-48000000,0,958000000,-26000000
042000,2025-02-06,-211000000,-694000000,-116000000,-65000000,0,4000000,-1000000,-622000000,-44000000
042000,2025-02-07,-429000000,-14000000,0,1647000000,0,0,-3000000,-461000000,3000000
042000,2025-02-10,-289000000,487000000,-248000000,1768000000,-83000000,-20000000,0,46000000,93000000
042000,2025-02-11,645000000,273000000,0,387000000,19000000,0,3000000,557000000,-3000000
042000,2025-02-12,438000000,195000000,-203000000,-5829000000,38000000,0,0,-344000000,-59000000
042000,2025-02-13,107000000,-967000000,30000000,-4262000000,30000000,-621000000,-4000000,85000000,37000000
042000,2025-02-14,42000000,-819000000,0,-2593000000,26000000,-22000000,-5000000,-845000000,13000000
042000,2025-02-17,91000000,129000000,-59000000,757000000,0,-234000000,0,601000000,-3000000
042000,2025-02-18,-467000000,-2630000000,-200000000,-3034000000,23000000,-130000000,0,72000000,-54000000
042000,2025-02-19,-386000000,-746000000,-107000000,-2128000000,0,-37000000,0,-434000000,-4000000
042000,2025-02-20,-151000000,-1293000000,-136000000,-376000000,66000000,275000000,0,-624000000,8000000
042000,2025-02-21,76000000,286000000,0,-403000000,83000000,130000000,0,278000000,13000000
042000,2025-02-24,-188000000,-496000000,-125000000,-721000000,-108000000,0,0,72000000,4000000
042000,2025-02-25,-42000000,-231000000,0,54000000,0,-250000000,0,176000000,11000000
042000,2025-02-26,-24000000,2495000000,347000000,18090000000,21000000,-180000000,13000000,-1144000000,13000000
042000,2025-02-27,-144000000,1433000000,657000000,2820000000,85000000,90000000,0,-471000000,22000000
042000,2025-02-28,-78000000,2095000000,164000000,131000000,0,-42000000,-9000000,51000000,30000000
042000,2025-03-04,558000000,77000000,-79000000,-167000000,0,-56000000,0,39000000,28000000
042000,2025-03-05,119000000,601000000,0,419000000,40000000,92000000,0,-308000000,17000000
042000,2025-03-06,-21000000,-588000000,-6000000,-3193000000,0,11000000,0,-297000000,4000000
042000,2025-03-07,164000000,-778000000,0,-4504000000,96000000,-24000000,0,-556000000,-10000000
042000,2025-03-10,-109000000,110000000,565000000,-2238000000,0,21000000,0,-340000000,33000000
042000,2025-03-11,-583000000,-148000000,81000000,-2319000000,93000000,-2000000,-271000000,10000000,-11000000
042000,2025-03-12,75000000,1540000000,928000000,-202000000,80000000,191000000,0,132000000,0
042000,2025-03-13,-1198000000,-1163000000,485000000,-2364000000,0,-73000000,-8000000,135000000,0
042000,2025-03-14,-314000000,255000000,0,192000000,0,0,0,92000000,5000000
042000,2025-03-17,-57000000,434000000,600000000,-127000000,0,134000000,0,52000000,-12000000
042000,2025-03-18,439000000,90000000,475000000,7000000,0,20000000,0,217000000,49000000
042000,2025-03-19,90000000,-612000000,-34000000,-1249000000,0,-210000000,-22000000,-299000000,3000000
042000,2025-03-20,-145000000,114000000,-121000000,-1544000000,0,0,-27000000,-233000000,14000000
042000,2025-03-21,939000000,69000000,0,20000000,0,-69000000,0,32000000,-17000000
042000,2025-03-24,269000000,192000000,0,-105000000,0,0,0,105000000,-3000000
042000,2025-03-25,198000000,-423000000,0,-159000000,0,0,0,-5000000,2000000
042000,2025-03-26,623000000,-75000000,0,139000000,15000000,0,0,15000000,0
042000,2025-03-27,-22000000,-151000000,-139000000,260000000,0,0,0,-52000000,-9000000
042000,2025-03-28,501000000,0,0,105000000,54000000,0,51000000,0,0
042000,2025-03-31,1120000000,-77000000,60000000,-1145000000,-69000000,67000000,29000000,-3000000,-20000000
042000,2025-04-01,1106000000,-394000000,-71000000,-82000000,0,0,0,32000000,-22000000
042000,2025-04-02,397000000,-92000000,0,378000000,0,108000000,0,124000000,30000000
042000,2025-04-03,-184000000,1251000000,327000000,574000000,0,17000000,0,50000000,7000000
042000,2025-04-04,1536000000,90000000,323000000,-305000000,0,0,0,110000000,19000000
042000,2025-04-07,-113000000,-588000000,0,-356000000,14000000,-29000000,-180000000,-33000000,-11000000
042000,2025-04-08,631000000,-618000000,38000000,-1023000000,-179000000,-35000000,-44000000,-17000000,-1000000
042000,2025-04-09,646000000,404000000,-6000000,-235000000,-390000000,-38000000,0,-6000000,6000000
042000,2025-04-10,1222000000,265000000,151000000,298000000,0,-10000000,0,17000000,-2000000
042000,2025-04-11,-706000000,402000000,52000000,361000000,18000000,578000000,0,29000000,1000000
042000,2025-04-14,347000000,410000000,60000000,495000000,90000000,271000000,0,175000000,-33000000
042000,2025-04-15,36000000,707000000,264000000,642000000,0,-17000000,0,88000000,0
042000,2025-04-16,-533000000,-25000000,110000000,-497000000,0,57000000,0,-2000000,9000000
042000,2025-04-17,572000000,-63000000,1935000000,1922000000,22000000,319000000,70000000,152000000,24000000
042000,2025-04-18,-317000000,174000000,1286000000,473000000,76000000,382000000,9000000,-186000000,-23000000
042000,2025-04-21,-475000000,-65000000,89000000,438000000,0,-327000000,0,-105000000,24000000
042000,2025-04-22,14000000,26000000,0,-136000000,0,-381000000,0,-30000000,0
042000,2025-04-23,49000000,61000000,-59000000,242000000,0,162000000,0,-25000000,0
042000,2025-04-24,-406000000,-213000000,-70000000,-424000000,0,-20000000,0,6000000,-3000000
042000,2025-04-25,-143000000,182000000,384000000,325000000,59000000,128000000,0,13000000,-5000000
042000,2025-04-28,-283000000,254000000,999000000,2039000000,0,296000000,0,565000000,8000000
042000,2025-04-29,360000000,89000000,41000000,-1033000000,-58000000,242000000,0,397000000,-4000000
042000,2025-04-30,-1024000000,-17000000,-55000000,-428000000,-181000000,-1000000,0,165000000,-2000000
042000,2025-05-02,419000000,90000000,650000000,-6000000,0,845000000,6000000,-39000000,17000000
042000,2025-05-07,316000000,-100000000,48000000,690000000,0,52000000,0,73000000,-42000000
042000,2025-05-08,886000000,-1229000000,629000000,1737000000,659000000,-5000000,0,9000000,-24000000
042000,2025-05-09,-720000000,-2563000000,1203000000,-6648000000,-556000000,-1154000000,-156000000,-944000000,-26000000
042000,2025-05-12,-201000000,-303000000,311000000,1292000000,-76000000,-237000000,-74000000,253000000,63000000
042000,2025-05-13,206000000,1768000000,1713000000,441000000,7000000,53000000,3000000,-357000000,5000000
042000,2025-05-14,-77000000,-23000000,313000000,-765000000,0,19000000,0,-10000000,-24000000
042000,2025-05-15,-497000000,209000000,91000000,164000000,479000000,-3000000,0,122000000,9000000
042000,2025-05-16,-224000000,-1045000000,1008000000,-583000000,0,-137000000,0,-321000000,-5000000
042000,2025-05-19,-364000000,-645000000,-91000000,-134000000,0,25000000,0,-102000000,-2000000
042000,2025-05-20,144000000,57000000,-570000000,-301000000,-4000000,-4000000,-2000000,15000000,1000000
042000,2025-05-21,352000000,382000000,35000000,186000000,0,61000000,44000000,60000000,-2000000
042000,2025-05-22,193000000,-53000000,0,49000000,0,184000000,0,-29000000,16000000
042000,2025-05-23,375000000,-25000000,358000000,11000000,0,17000000,0,33000000,0
042000,2025-05-26,285000000,15000000,-11000000,-17000000,0,-206000000,0,53000000,4000000
042000,2025-05-27,-279000000,848000000,0,-147000000,0,-296000000,0,46000000,0
042000,2025-05-28,422000000,1053000000,726000000,110000000,0,-29000000,0,56000000,-2000000
042000,2025-05-29,665000000,-1168000000,-386000000,-287000000,-12000000,-313000000,-6000000,-121000000,39000000
042000,2025-05-30,57000000,93000000,11000000,-230000000,291000000,-12000000,0,-33000000,-18000000
042000,2025-06-02,35000000,-164000000,165000000,-169000000,0,-3000000,0,-35000000,-2000000
042000,2025-06-04,1318000000,-100000000,-147000000,39000000,0,-80000000,-13000000,7000000,-1000000
042000,2025-06-05,208000000,-1438000000,375000000,-391000000,-5000000,-109000000,-6000000,48000000,3000000
042000,2025-06-09,-2819000000,-181000000,161000000,56000000,0,-134000000,-2000000,-12000000,14000000
042000,2025-06-10,-84000000,-185000000,0,-140000000,0,-16000000,0,95000000,-18000000
042000,2025-06-11,634000000,32000000,180000000,122000000,-11000000,725000000,4000000,352000000,-38000000
042000,2025-06-12,-152000000,-225000000,268000000,-47000000,0,4000000,0,17000000,1000000
042000,2025-06-13,28000000,991000000,1074000000,-1000000,42000000,-674000000,0,-293000000,3000000
042000,2025-06-16,294000000,353000000,206000000,-340000000,0,30000000,0,-42000000,9000000
042000,2025-06-17,425000000,311000000,540000000,-7000000,0,445000000,0,53000000,-42000000
042000,2025-06-18,-404000000,-243000000,77000000,134000000,-663000000,110000000,0,-9000000,-51000000
042000,2025-06-19,752000000,1555000000,-562000000,873000000,0,430000000,-4000000,-143000000,-52000000
042000,2025-06-20,385000000,-931000000,482000000,205000000,0,194000000,-5000000,78000000,19000000
042000,2025-06-23,854000000,1809000000,1472000000,-177000000,0,137000000,0,550000000,9000000
042000,2025-06-24,1030000000,-108000000,-281000000,-349000000,0,-71000000,-5000000,442000000,82000000
042000,2025-06-25,-2000000,-1292000000,-166000000,-609000000,-178000000,-110000000,0,126000000,37000000
042000,2025-06-26,1293000000,1145000000,-29000000,426000000,0,-44000000,-3000000,101000000,-23000000
042000,2025-06-27,562000000,-107000000,-580000000,-244000000,0,39000000,0,78000000,1000000
042000,2025-06-30,370000000,197000000,0,-302000000,0,-9000000,0,13000000,5000000
042000,2025-07-01,242000000,-589000000,-142000000,-140000000,0,-25000000,0,161000000,-8000000
042000,2025-07-02,-572000000,-51000000,-379000000,-219000000,0,-106000000,0,617000000,1000000
042000,2025-07-03,-67000000,-493000000,-40000000,-126000000,0,-84000000,0,123000000,-2000000
042000,2025-07-04,18000000,123000000,0,0,0,-94000000,0,6000000,6000000
042000,2025-07-07,-419000000,195000000,528000000,39000000,0,33000000,0,-100000000,3000000
042000,2025-07-08,-334000000,23000000,-603000000,-9000000,0,-161000000,0,30000000,1000000
042000,2025-07-09,-507000000,2000000,-168000000,-53000000,0,0,0,-4000000,0
042000,2025-07-10,-928000000,-1501000000,-165000000,-349000000,0,-545000000,0,106000000,12000000
042000,2025-07-11,-52000000,-453000000,-1135000000,-68000000,0,-129000000,0,-88000000,-28000000
042000,2025-07-14,-13000000,-822000000,-1043000000,-181000000,0,-159000000,-5000000,117000000,1000000
042000,2025-07-15,-361000000,1368000000,-1086000000,-1740000000,-3000000,-726000000,-7000000,137000000,6000000
042000,2025-07-16,-182000000,-1074000000,-897000000,-187000000,0,0,0,-29000000,-18000000
042000,2025-07-17,-240000000,-376000000,-205000000,27000000,0,-40000000,0,120000000,5000000
042000,2025-07-18,-140000000,-384000000,-61000000,-128000000,0,-3000000,0,140000000,-3000000
042000,2025-07-21,233000000,-62000000,-98000000,31000000,0,-27000000,0,-97000000,3000000
042000,2025-07-22,-270000000,16000000,0,-14000000,0,0,0,21000000,1000000
042000,2025-07-23,-58000000,-213000000,0,0,0,-13000000,0,11000000,-2000000
042000,2025-07-24,21000000,-108000000,-418000000,93000000,0,-9000000,0,347000000,-3000000
042000,2025-07-25,151000000,211000000,-748000000,-34000000,0,67000000,0,106000000,0
042000,2025-07-28,54000000,168000000,-515000000,239000000,0,-330000000,0,517000000,5000000
042000,2025-07-29,-138000000,-56000000,-215000000,18000000,0,0,0,10000000,-14000000
042000,2025-07-30,-143000000,-1420000000,-130000000,-266000000,0,-2000000,0,-52000000,-3000000
042000,2025-07-31,-192000000,12000000,-53000000,-93000000,0,-70000000,0,40000000,2000000
042000,2025-08-01,-58000000,-479000000,-52000000,-45000000,0,0,0,104000000,-9000000
042000,2025-08-04,842000000,-124000000,0,-114000000,0,1000000,-19000000,-78000000,2000000
042000,2025-08-05,243000000,42000000,0,-113000000,0,-67000000,0,-4000000,1000000
042000,2025-08-06,112000000,-479000000,-62000000,2000000,0,-8000000,0,22000000,0
042000,2025-08-07,398000000,917000000,-163000000,528000000,0,0,0,344000000,76000000
042000,2025-08-08,-212000000,-3932000000,79000000,-620000000,0,-35000000,0,-887000000,102000000
042000,2025-08-11,-260000000,-760000000,-232000000,-12000000,0,-7000000,0,70000000,-12000000
042000,2025-08-12,-257000000,-1310000000,-138000000,-184000000,0,-12000000,0,52000000,-2000000
042000,2025-08-13,-295000000,-1669000000,63000000,-49000000,0,-9000000,0,101000000,-34000000
042000,2025-08-14,-263000000,-705000000,0,-163000000,0,0,0,29000000,-6000000
042000,2025-08-18,-160000000,8000000,0,46000000,0,-56000000,0,-130000000,-37000000
042000,2025-08-19,103000000,-118000000,-7000000,-11000000,0,-8000000,0,-9000000,-115000000
042000,2025-08-20,347000000,-92000000,-179000000,-106000000,0,-110000000,0,-12000000,-1000000
042000,2025-08-21,-98000000,-8000000,88000000,-150000000,0,14000000,0,1000000,-6000000
042000,2025-08-22,96000000,225000000,0,-47000000,0,-1000000,0,1000000,-2000000
042000,2025-08-25,-28000000,0,-260000000,-31000000,0,5000000,0,2000000,0
042000,2025-08-26,-448000000,-139000000,-31000000,-77000000,0,0,0,-3000000,0
042000,2025-08-27,-125000000,0,0,0,0,0,0,2000000,-10000000
042000,2025-08-28,134000000,-326000000,0,231000000,0,0,0,-17000000,0
042000,2025-08-29,-168000000,17000000,0,-114000000,0,0,0,17000000,-2000000
042000,2025-09-01,-100000000,0,0,99000000,0,0,0,201000000,-3000000
042000,2025-09-02,44000000,0,211000000,342000000,0,114000000,0,32000000,4000000
042000,2025-09-03,-65000000,28000000,0,213000000,0,2000000,0,27000000,0
042000,2025-09-04,-641000000,0,0,88000000,0,2000000,0,94000000,-2000000
042000,2025-09-05,-116000000,-10000000,-95000000,77000000,0,-10000000,0,0,9000000
042000,2025-09-08,-2000000,257000000,332000000,270000000,0,0,0,-27000000,-20000000
042000,2025-09-09,406000000,18000000,-4000000,-47000000,0,0,0,-111000000,2000000
042000,2025-09-10,862000000,-359000000,0,-119000000,0,-11000000,0,39000000,-1000000
042000,2025-09-11,539000000,-130000000,68000000,90000000,0,-2000000,0,19000000,-3000000
042000,2025-09-12,697000000,-259000000,0,-38000000,0,-1000000,0,-5000000,3000000
042000,2025-09-15,-21000000,0,0,-81000000,0,-17000000,0,9000000,0
042000,2025-09-16,386000000,14000000,0,-9000000,0,0,0,-55000000,-4000000
042000,2025-09-17,-254000000,2000000,0,-29000000,0,-15000000,0,-43000000,0
042000,2025-09-18,116000000,37000000,40000000,37000000,0,18000000,0,17000000,-1000000
042000,2025-09-19,-237000000,467000000,42000000,397000000,0,-12000000,0,-113000000,24000000
042000,2025-09-22,-109000000,-63000000,0,-114000000,0,-7000000,0,-27000000,-45000000
042000,2025-09-23,-88000000,-106000000,-1000000,98000000,0,-8000000,0,-53000000,1000000
042000,2025-09-24,-311000000,17000000,299000000,413000000,0,0,4000000,11000000,19000000
042000,2025-09-25,56000000,186000000,161000000,166000000,0,-14000000,0,300000000,14000000
042000,2025-09-26,79000000,-140000000,0,9000000,0,-3000000,0,-355000000,-5000000
042000,2025-09-29,76000000,0,0,-60000000,0,0,0,214000000,0
042000,2025-09-30,48000000,0,45000000,55000000,0,72000000,0,20000000,0
042000,2025-10-01,96000000,0,-200000000,-98000000,0,0,0,30000000,-2000000
042000,2025-10-02,-138000000,-224000000,-539000000,143000000,0,-43000000,0,4000000,1000000
042000,2025-10-10,-321000000,16000000,0,186000000,0,-6000000,0,9000000,0
042000,2025-10-13,-55000000,18000000,-134000000,36000000,0,-2000000,0,459000000,0
042000,2025-10-14,-152000000,-28000000,-17000000,-10000000,0,-197000000,0,575000000,0
042000,2025-10-15,100000000,-13000000,-16000000,-152000000,0,0,0,8000000,4000000
042000,2025-10-16,-115000000,-15000000,0,-100000000,0,-67000000,0,-506000000,5000000
042000,2025-10-17,-89000000,-57000000,0,87000000,0,-6000000,0,11000000,-49000000
042000,2025-10-20,179000000,-86000000,-148000000,-12000000,0,-4000000,0,16000000,0
042000,2025-10-21,-86000000,-17000000,-173000000,-61000000,0,-3000000,0,-12000000,-1000000
042000,2025-10-22,-65000000,-29000000,0,-74000000,0,0,0,-22000000,2000000
042000,2025-10-23,-44000000,-25000000,0,-117000000,0,-78000000,0,44000000,68000000
042000,2025-10-24,222000000,-121000000,-76000000,-2000000,0,-4000000,0,-9000000,36000000
042000,2025-10-27,199000000,-37000000,-101000000,37000000,0,-1000000,0,-1000000,-1000000
042000,2025-10-28,199000000,-24000000,0,294000000,0,0,0,-21000000,112000000
042000,2025-10-29,218000000,-84000000,-52000000,129000000,0,-6000000,0,-25000000,12000000
042000,2025-10-30,70000000,-51000000,-116000000,42000000,0,-1000000,0,42000000,0
042000,2025-10-31,473000000,-9000000,0,-72000000,0,-4000000,0,2000000,5000000
042000,2025-11-03,97000000,208000000,-86000000,209000000,0,-6000000,0,3000000,6000000
042000,2025-11-04,-82000000,-46000000,0,13000000,0,0,0,-144000000,-17000000
042000,2025-11-05,245000000,-117000000,0,-1000000,0,0,3000000,-68000000,3000000
042000,2025-11-06,-59000000,-48000000,0,-139000000,0,0,0,35000000,5000000
042000,2025-11-07,89000000,-4000000,-174000000,126000000,0,-432000000,0,54000000,17000000
042000,2025-11-10,304000000,-57000000,-25000000,-67000000,0,0,0,3000000,8000000
042000,2025-11-11,6000000,-57000000,-508000000,-2000000,0,-1000000,0,6000000,-15000000
042000,2025-11-12,-185000000,-37000000,340000000,117000000,0,0,0,-29000000,-6000000
042000,2025-11-13,-63000000,0,0,-57000000,0,-67000000,0,-5000000,8000000
042000,2025-11-14,-212000000,-133000000,0,-13000000,0,0,0,-16000000,-4000000
042000,2025-11-17,-66000000,57000000,0,-88000000,0,0,0,30000000,0
042000,2025-11-18,-157000000,0,0,-15000000,0,0,0,-6000000,9000000
042000,2025-11-19,-22000000,0,0,0,0,0,0,16000000,0
042000,2025-11-20,-282000000,0,-214000000,5000000,0,0,0,12000000,0
042000,2025-11-21,-50000000,-2000000,0,-171000000,0,0,0,12000000,-7000000
042000,2025-11-24,43000000,-3000000,37000000,13000000,0,0,0,-1000000,-7000000
042000,2025-11-25,-22000000,19000000,0,10000000,0,0,0,-84000000,-127000000
042000,2025-11-26,14000000,0,0,0,0,0,0,-14000000,-139000000
042000,2025-11-27,-120000000,-5000000,0,-21000000,0,0,0,3000000,0
042000,2025-11-28,687000000,628000000,359000000,461000000,0,0,0,11000000,201000000
042000,2025-12-01,697000000,382000000,2000000,127000000,0,0,0,-13000000,31000000
042000,2025-12-02,594000000,2012000000,-142000000,-198000000,0,-14000000,0,7000000,3000000
042000,2025-12-03,102000000,515000000,197000000,263000000,0,0,7000000,63000000,0
042000,2025-12-04,391000000,0,11000000,95000000,0,0,0,29000000,0
042000,2025-12-05,430000000,11000000,0,-9000000,0,0,0,8000000,0
042000,2025-12-08,-15000000,65000000,-355000000,-8000000,0,0,0,12000000,1000000
042000,2025-12-09,-169000000,0,0,32000000,0,0,0,-26000000,3000000
042000,2025-12-10,-83000000,47000000,-63000000,1000000,0,0,0,52000000,0
042000,2025-12-11,-110000000,-1094000000,77000000,-13000000,0,0,0,-8000000,-3000000
042000,2025-12-12,239000000,156000000,-18000000,52000000,0,7000000,0,1000000,6000000
042000,2025-12-15,-158000000,1132000000,-179000000,-28000000,0,141000000,0,14000000,1000000
042000,2025-12-16,-294000000,849000000,-543000000,-2000000,0,171000000,0,0,-180000000
042000,2025-12-17,-259000000,0,0,2000000,0,182000000,0,27000000,0
042000,2025-12-18,-55000000,16000000,-96000000,-1000000,0,181000000,0,5000000,-3000000
042000,2025-12-19,-2318000000,10000000,-109000000,35000000,0,178000000,0,2000000,0
042000,2025-12-22,-920000000,-3000000,0,34000000,0,0,3000000,7000000,0
042000,2025-12-23,-149000000,-201000000,-371000000,11000000,0,-2000000,0,0,-7000000
042000,2025-12-24,19000000,-62000000,-745000000,0,0,5000000,0,-57000000,2000000
042000,2025-12-26,518000000,-192000000,-59000000,-3000000,0,2000000,0,4000000,1000000
042000,2025-12-29,-167000000,-149000000,0,0,0,-14000000,0,6000000,0
042000,2025-12-30,-496000000,0,0,0,0,0,0,0,0
