ticker,trade_date,trade_time,open_price,high_price,low_price,close_price,volume,turnover,bid_size_total,ask_size_total
060250,2026-01-02,10:05:00,14880,14920,14800,14810,8011,118990000,2290,5721
060250,2026-01-02,10:10:00,14820,14980,14810,14810,4267,63400000,2760,1507
060250,2026-01-02,10:15:00,14910,14940,14880,14890,1456,21710000,720,736
060250,2026-01-02,10:20:00,14890,14900,14830,14840,2046,30430000,660,1386
060250,2026-01-02,10:25:00,14840,15080,14830,15060,8188,122460000,6973,1215
060250,2026-01-02,10:30:00,15060,15190,15050,15170,10613,160430000,7318,3295
060250,2026-01-02,10:35:00,15160,15250,15050,15080,14600,221460000,9997,4603
060250,2026-01-02,10:40:00,15070,15200,15060,15100,4218,63830000,2246,1972
060250,2026-01-02,10:45:00,15100,15120,15050,15090,1040,15690000,473,567
060250,2026-01-02,10:50:00,15080,15080,15030,15050,2197,33060000,439,1758
060250,2026-01-02,10:55:00,15050,15060,14990,15000,2956,44380000,453,2503
060250,2026-01-02,11:00:00,15000,15040,15000,15020,6138,92160000,3880,2258
060250,2026-01-02,11:05:00,15020,15130,15020,15130,2898,43710000,2124,774
060250,2026-01-02,11:10:00,15110,15140,15090,15120,603,9110000,188,415
060250,2026-01-02,11:15:00,15120,15140,15080,15140,5215,78840000,4240,975
060250,2026-01-02,11:20:00,15140,15180,15080,15150,3998,60500000,2398,1600
060250,2026-01-02,11:25:00,15150,15230,15150,15200,4556,69220000,3137,1419
060250,2026-01-02,11:30:00,15210,15230,15170,15220,5902,89630000,4334,1568
060250,2026-01-02,11:35:00,15220,15220,15190,15190,1676,25470000,624,1052
060250,2026-01-02,11:40:00,15190,15200,15180,15190,1040,15800000,482,558
060250,2026-01-02,11:45:00,15180,15230,15180,15190,5837,88770000,4712,1125
060250,2026-01-02,11:50:00,15190,15230,15180,15230,7153,108810000,6647,506
060250,2026-01-02,11:55:00,15220,15230,15200,15220,3384,51490000,1206,2178
060250,2026-01-02,12:00:00,15230,15240,15200,15210,3673,55910000,2114,1559
060250,2026-01-02,12:05:00,15210,15240,15210,15220,1586,24150000,985,601
060250,2026-01-02,12:10:00,15220,15275,15220,15230,8323,126910000,7556,767
060250,2026-01-02,12:15:00,15240,15240,15210,15220,1678,25540000,258,1420
060250,2026-01-02,12:20:00,15220,15280,15200,15280,8997,137120000,8648,349
060250,2026-01-02,12:25:00,15280,15300,15270,15290,5290,80880000,3697,1593
060250,2026-01-02,12:30:00,15290,15290,15250,15270,1195,18260000,190,1005
060250,2026-01-02,12:35:00,15270,15280,15220,15220,2192,33470000,157,2035
060250,2026-01-02,12:40:00,15210,15270,15210,15230,1613,24580000,1114,499
060250,2026-01-02,12:45:00,15250,15270,15250,15260,1151,17570000,381,770
060250,2026-01-02,12:50:00,15275,15280,15260,15280,1469,22430000,1126,343
060250,2026-01-02,12:55:00,15280,15280,15260,15270,1065,16270000,127,938
060250,2026-01-02,13:00:00,15260,15280,15250,15250,1079,16470000,625,454
060250,2026-01-02,13:05:00,15250,15270,15250,15270,635,9690000,288,347
060250,2026-01-02,13:10:00,15260,15280,15250,15280,662,10100000,174,488
060250,2026-01-02,13:15:00,15275,15275,15260,15270,586,8950000,219,367
060250,2026-01-02,13:20:00,15270,15280,15260,15280,833,12720000,421,412
060250,2026-01-02,13:25:00,15270,15280,15260,15260,1070,16330000,320,750
060250,2026-01-02,13:30:00,15260,15290,15240,15270,2037,31110000,1458,579
060250,2026-01-02,13:35:00,15260,15280,15260,15270,1205,18400000,732,473
060250,2026-01-02,13:40:00,15280,15280,15250,15260,283,4320000,80,203
060250,2026-01-02,13:45:00,15260,15350,15260,15300,14239,217890000,12611,1628
060250,2026-01-02,13:50:00,15280,15320,15280,15300,4400,67310000,3695,705
060250,2026-01-02,13:55:00,15310,15320,15300,15310,809,12390000,266,543
060250,2026-01-02,14:00:00,15310,15330,15310,15320,903,13830000,574,329
060250,2026-01-02,14:05:00,15320,15320,15310,15310,1106,16940000,93,1013
060250,2026-01-02,14:10:00,15310,15360,15310,15360,9569,146750000,8938,631
060250,2026-01-02,14:15:00,15350,15360,15320,15330,1265,19410000,537,728
060250,2026-01-02,14:20:00,15350,15350,15310,15310,2254,34550000,865,1389
060250,2026-01-02,14:25:00,15310,15330,15310,15320,2372,36330000,1585,787
060250,2026-01-02,14:30:00,15320,15330,15300,15300,3560,54480000,215,3345
060250,2026-01-02,14:35:00,15320,15320,15260,15310,3859,59010000,3100,759
060250,2026-01-02,14:40:00,15300,15350,15300,15300,2145,32860000,1493,652
060250,2026-01-02,14:45:00,15330,15400,15330,15350,12296,188910000,10846,1450
060250,2026-01-02,14:50:00,15340,15390,15340,15360,935,14360000,696,239
060250,2026-01-02,14:55:00,15360,15360,15300,15350,2318,35530000,456,1862
060250,2026-01-02,15:00:00,15350,15360,15310,15340,999,15320000,593,406
060250,2026-01-02,15:05:00,15350,15350,15320,15330,747,11450000,113,634
060250,2026-01-02,15:10:00,15320,15360,15320,15340,2318,35570000,1072,1246
060250,2026-01-02,15:15:00,15350,15360,15310,15340,947,14520000,518,429
060250,2026-01-02,15:20:00,15330,15350,15330,15330,2659,40790000,876,1783
060250,2026-01-02,15:30:00,15360,15360,15360,15360,6998,107490000,6998,0
060250,2026-01-05,09:05:00,15390,15480,15390,15420,7873,121290000,5380,2493
060250,2026-01-05,09:10:00,15420,15450,15400,15400,3318,51170000,1347,1971
060250,2026-01-05,09:15:00,15400,15440,15330,15370,9005,138340000,5354,3651
060250,2026-01-05,09:20:00,15370,15390,15330,15380,2581,39660000,1128,1453
060250,2026-01-05,09:25:00,15380,15430,15360,15360,2970,45700000,1105,1865
060250,2026-01-05,09:30:00,15360,15420,15350,15420,10334,158850000,7464,2870
060250,2026-01-05,09:35:00,15410,15440,15350,15370,3292,50680000,1167,2125
060250,2026-01-05,09:40:00,15370,15370,15280,15290,9132,139890000,2415,6717
060250,2026-01-05,09:45:00,15300,15300,15250,15290,3671,56040000,1140,2531
060250,2026-01-05,09:50:00,15280,15280,15170,15170,29899,453860000,5887,24012
060250,2026-01-05,09:55:00,15170,15300,15170,15270,6653,101360000,4692,1961
060250,2026-01-05,10:00:00,15300,15300,15240,15250,3247,49540000,1439,1808
060250,2026-01-05,10:05:00,15250,15300,15250,15290,4526,69090000,2083,2443
060250,2026-01-05,10:10:00,15290,15320,15250,15280,2854,43580000,811,2043
060250,2026-01-05,10:15:00,15260,15280,15240,15240,747,11400000,302,445
060250,2026-01-05,10:20:00,15240,15280,15240,15280,1646,25120000,776,870
060250,2026-01-05,10:25:00,15280,15280,15260,15280,1017,15520000,541,476
060250,2026-01-05,10:30:00,15290,15290,15260,15270,431,6580000,167,264
060250,2026-01-05,10:35:00,15270,15280,15230,15270,2616,39890000,496,2120
060250,2026-01-05,10:40:00,15270,15270,15190,15250,3626,55250000,1330,2296
060250,2026-01-05,10:45:00,15250,15260,15240,15250,533,8130000,94,439
060250,2026-01-05,10:50:00,15250,15260,15240,15240,1270,19360000,483,787
060250,2026-01-05,10:55:00,15260,15260,15240,15250,716,10920000,325,391
060250,2026-01-05,11:00:00,15250,15280,15250,15270,597,9110000,572,25
060250,2026-01-05,11:05:00,15270,15270,15260,15260,453,6920000,274,179
060250,2026-01-05,11:10:00,15260,15300,15260,15300,1365,20850000,1211,154
060250,2026-01-05,11:15:00,15300,15300,15280,15300,920,14070000,755,165
060250,2026-01-05,11:20:00,15310,15350,15290,15300,1567,23980000,430,1137
060250,2026-01-05,11:25:00,15290,15300,15270,15280,1167,17830000,436,731
060250,2026-01-05,11:30:00,15280,15290,15230,15230,2656,40530000,556,2100
060250,2026-01-05,11:35:00,15230,15250,15230,15240,3227,49160000,742,2485
060250,2026-01-05,11:40:00,15240,15250,15220,15220,1772,27000000,600,1172
060250,2026-01-05,11:45:00,15230,15250,15210,15230,2413,36720000,489,1924
060250,2026-01-05,11:50:00,15230,15240,15200,15200,2744,41730000,869,1875
060250,2026-01-05,11:55:00,15200,15240,15190,15220,1116,16960000,300,816
060250,2026-01-05,12:00:00,15210,15240,15190,15230,1260,19170000,623,637
060250,2026-01-05,12:05:00,15230,15250,15220,15250,969,14750000,661,308
060250,2026-01-05,12:10:00,15240,15280,15230,15260,1594,24300000,1049,545
060250,2026-01-05,12:15:00,15270,15270,15240,15250,1125,17150000,395,730
060250,2026-01-05,12:20:00,15260,15280,15260,15260,599,9140000,80,519
060250,2026-01-05,12:25:00,15260,15280,15240,15270,996,15200000,623,373
060250,2026-01-05,12:30:00,15250,15280,15250,15280,830,12660000,672,158
060250,2026-01-05,12:35:00,15270,15270,15250,15270,1397,21320000,505,892
060250,2026-01-05,12:40:00,15270,15270,15260,15270,834,12730000,384,450
060250,2026-01-05,12:45:00,15260,15270,15240,15260,879,13400000,320,559
060250,2026-01-05,12:50:00,15260,15270,15240,15240,950,14490000,448,502
060250,2026-01-05,12:55:00,15240,15250,15210,15220,1571,23920000,540,1031
060250,2026-01-05,13:00:00,15230,15260,15220,15250,2493,37990000,2069,424
060250,2026-01-05,13:05:00,15250,15250,15230,15240,1008,15360000,405,603
060250,2026-01-05,13:10:00,15240,15250,15230,15250,1185,18060000,770,415
060250,2026-01-05,13:15:00,15250,15300,15250,15300,1237,18890000,909,328
060250,2026-01-05,13:20:00,15280,15300,15260,15270,891,13620000,489,402
060250,2026-01-05,13:25:00,15270,15280,15250,15270,2664,40660000,1957,707
060250,2026-01-05,13:30:00,15260,15290,15260,15270,2296,35060000,1104,1192
060250,2026-01-05,13:35:00,15280,15350,15270,15290,3287,50300000,2215,1072
060250,2026-01-05,13:40:00,15300,15320,15280,15290,2825,43210000,866,1959
060250,2026-01-05,13:45:00,15300,15310,15280,15290,5181,79210000,1108,4073
060250,2026-01-05,13:50:00,15300,15300,15250,15270,3144,48050000,815,2329
060250,2026-01-05,13:55:00,15270,15290,15260,15270,3925,59930000,1799,2126
060250,2026-01-05,14:00:00,15260,15270,15240,15270,2804,42770000,852,1952
060250,2026-01-05,14:05:00,15270,15270,15240,15260,3346,51030000,999,2347
060250,2026-01-05,14:10:00,15250,15300,15230,15280,9044,138040000,7690,1354
060250,2026-01-05,14:15:00,15270,15320,15270,15290,2610,39900000,1087,1523
060250,2026-01-05,14:20:00,15290,15330,15280,15310,3095,47370000,2139,956
060250,2026-01-05,14:25:00,15310,15340,15290,15300,4369,66900000,3316,1053
060250,2026-01-05,14:30:00,15300,15330,15280,15290,1306,19970000,815,491
060250,2026-01-05,14:35:00,15270,15320,15260,15310,1794,27420000,736,1058
060250,2026-01-05,14:40:00,15280,15290,15270,15270,1103,16850000,459,644
060250,2026-01-05,14:45:00,15270,15310,15230,15250,3357,51230000,1320,2037
060250,2026-01-05,14:50:00,15300,15310,15240,15260,1202,18350000,982,220
060250,2026-01-05,14:55:00,15260,15300,15250,15270,2262,34540000,782,1480
060250,2026-01-05,15:00:00,15260,15270,15240,15250,1847,28160000,490,1357
060250,2026-01-05,15:05:00,15250,15260,15230,15260,3428,52250000,1488,1940
060250,2026-01-05,15:10:00,15260,15260,15230,15240,1252,19080000,628,624
060250,2026-01-05,15:15:00,15240,15260,15240,15250,2082,31740000,1568,514
060250,2026-01-05,15:20:00,15250,15260,15210,15240,7080,107860000,1759,5321
060250,2026-01-05,15:30:00,15240,15240,15240,15240,7610,115980000,7598,0
060250,2026-01-06,09:05:00,15390,15390,15240,15350,11253,172340000,6156,5097
060250,2026-01-06,09:10:00,15340,15400,15310,15340,4150,63790000,1532,2618
060250,2026-01-06,09:15:00,15320,15340,15280,15290,3709,56760000,693,3016
060250,2026-01-06,09:20:00,15290,15295,15160,15210,7061,107550000,837,6224
060250,2026-01-06,09:25:00,15210,15370,15210,15360,4228,64620000,2475,1753
060250,2026-01-06,09:30:00,15370,15420,15250,15310,7723,118540000,2117,5606
060250,2026-01-06,09:35:00,15310,15360,15270,15350,3252,49780000,938,2314
060250,2026-01-06,09:40:00,15350,15420,15320,15410,6791,104480000,5750,1041
060250,2026-01-06,09:45:00,15400,15480,15400,15470,31760,490700000,26619,5141
060250,2026-01-06,09:50:00,15460,15510,15460,15460,6599,102200000,4442,2157
060250,2026-01-06,09:55:00,15470,15470,15400,15460,6731,103990000,2619,4112
060250,2026-01-06,10:00:00,15420,15490,15420,15480,6058,93690000,2932,3126
060250,2026-01-06,10:05:00,15480,15550,15460,15460,9739,151080000,7458,2281
060250,2026-01-06,10:10:00,15510,15520,15410,15450,5230,80840000,1092,4138
060250,2026-01-06,10:15:00,15450,15510,15450,15510,6593,102050000,3676,2917
060250,2026-01-06,10:20:00,15500,15590,15480,15580,15231,236660000,10525,4706
060250,2026-01-06,10:25:00,15570,15590,15530,15590,20777,323270000,17213,3564
060250,2026-01-06,10:30:00,15590,15620,15570,15600,6096,95060000,5045,1051
060250,2026-01-06,10:35:00,15610,15720,15610,15710,15876,248590000,13428,2448
060250,2026-01-06,10:40:00,15720,15770,15700,15760,16679,262540000,10397,6282
060250,2026-01-06,10:45:00,15770,15770,15690,15690,15730,247460000,3589,12141
060250,2026-01-06,10:50:00,15690,15790,15680,15720,9897,155750000,7774,2123
060250,2026-01-06,10:55:00,15720,15770,15700,15720,5006,78790000,3204,1802
060250,2026-01-06,11:00:00,15720,15870,15720,15860,23338,369110000,15847,7491
060250,2026-01-06,11:05:00,15860,15880,15820,15880,15436,244750000,11335,4101
060250,2026-01-06,11:10:00,15880,15980,15870,15980,23257,370360000,14227,9030
060250,2026-01-06,11:15:00,15980,15990,15920,15920,20505,327310000,8117,12388
060250,2026-01-06,11:20:00,15930,15930,15860,15870,8388,133280000,770,7618
060250,2026-01-06,11:25:00,15860,15870,15820,15830,7984,126450000,988,6996
060250,2026-01-06,11:30:00,15830,15870,15820,15860,5706,90390000,2851,2855
060250,2026-01-06,11:35:00,15860,15870,15840,15860,4546,72080000,1287,3259
060250,2026-01-06,11:40:00,15850,15870,15840,15850,3708,58770000,1607,2101
060250,2026-01-06,11:45:00,15850,15890,15840,15880,2985,47340000,2361,624
060250,2026-01-06,11:50:00,15880,15910,15860,15900,2939,46680000,2297,642
060250,2026-01-06,11:55:00,15900,15990,15900,15930,8555,136410000,5518,3037
060250,2026-01-06,12:00:00,15920,15940,15910,15930,4287,68260000,1069,3218
060250,2026-01-06,12:05:00,15920,15950,15920,15930,4927,78460000,2301,2626
060250,2026-01-06,12:10:00,15920,15930,15900,15910,5324,84720000,983,4341
060250,2026-01-06,12:15:00,15910,15930,15900,15910,1602,25490000,779,823
060250,2026-01-06,12:20:00,15900,15910,15880,15900,4399,69930000,2889,1510
060250,2026-01-06,12:25:00,15890,15920,15860,15900,3330,52910000,885,2445
060250,2026-01-06,12:30:00,15910,15910,15820,15890,3308,52420000,461,2847
060250,2026-01-06,12:35:00,15870,15900,15850,15860,1569,24910000,440,1129
060250,2026-01-06,12:40:00,15860,15860,15800,15800,5241,82910000,1435,3806
060250,2026-01-06,12:45:00,15810,15850,15800,15840,3270,51710000,1530,1740
060250,2026-01-06,12:50:00,15840,15870,15840,15850,764,12110000,585,179
060250,2026-01-06,12:55:00,15860,15880,15850,15880,2344,37180000,983,1361
060250,2026-01-06,13:00:00,15880,15890,15870,15890,996,15820000,682,314
060250,2026-01-06,13:05:00,15880,15880,15800,15810,4656,73760000,418,4238
060250,2026-01-06,13:10:00,15810,15870,15810,15840,7425,117560000,5888,1537
060250,2026-01-06,13:15:00,15830,15840,15830,15840,1545,24470000,1003,542
060250,2026-01-06,13:20:00,15830,15840,15820,15830,2033,32190000,1269,764
060250,2026-01-06,13:25:00,15820,15830,15780,15820,5094,80510000,2027,3067
060250,2026-01-06,13:30:00,15810,15810,15760,15780,3321,52410000,1283,2038
060250,2026-01-06,13:35:00,15780,15780,15730,15730,3803,59930000,645,3158
060250,2026-01-06,13:40:00,15720,15730,15670,15680,4000,62790000,806,3194
060250,2026-01-06,13:45:00,15680,15700,15660,15660,2590,40600000,654,1936
060250,2026-01-06,13:50:00,15670,15700,15660,15680,2112,33110000,911,1201
060250,2026-01-06,13:55:00,15690,15700,15680,15690,1564,24540000,686,878
060250,2026-01-06,14:00:00,15690,15700,15680,15700,2079,32620000,1444,635
060250,2026-01-06,14:05:00,15690,15700,15620,15650,7607,119030000,683,6924
060250,2026-01-06,14:10:00,15640,15690,15640,15690,4890,76640000,1541,3349
060250,2026-01-06,14:15:00,15680,15800,15670,15790,5293,83270000,4691,602
060250,2026-01-06,14:20:00,15800,15820,15780,15810,3934,62170000,3036,898
060250,2026-01-06,14:25:00,15810,15870,15810,15850,4461,70680000,3291,1170
060250,2026-01-06,14:30:00,15840,16010,15840,15980,43256,689530000,38443,4813
060250,2026-01-06,14:35:00,15970,15990,15940,15980,20252,323540000,8772,11480
060250,2026-01-06,14:40:00,15980,16010,15980,16010,12884,206100000,8765,4119
060250,2026-01-06,14:45:00,16000,16080,15990,16070,18326,293830000,14683,3643
060250,2026-01-06,14:50:00,16070,16150,16030,16030,18551,298520000,9794,8757
060250,2026-01-06,14:55:00,16040,16050,16020,16040,13179,211370000,8441,4738
060250,2026-01-06,15:00:00,16040,16090,16030,16070,9636,154800000,5746,3890
060250,2026-01-06,15:05:00,16060,16140,16060,16140,18167,292470000,13191,4976
060250,2026-01-06,15:10:00,16140,16200,16140,16150,25639,414670000,16988,8651
060250,2026-01-06,15:15:00,16150,16180,16140,16150,12018,194190000,7547,4471
060250,2026-01-06,15:20:00,16150,16180,16140,16170,18861,304680000,9583,9278
060250,2026-01-06,15:30:00,16170,16170,16170,16170,13686,221290000,13555,0
060250,2026-01-07,09:05:00,16250,16270,16000,16010,41400,669430000,14303,27097
060250,2026-01-07,09:10:00,16020,16130,15830,15840,27313,435130000,10519,16794
060250,2026-01-07,09:15:00,15860,15860,15690,15760,33732,531240000,11282,22450
060250,2026-01-07,09:20:00,15750,15920,15740,15780,7121,112370000,2751,4370
060250,2026-01-07,09:25:00,15790,15790,15700,15700,19094,300360000,2832,16262
060250,2026-01-07,09:30:00,15700,15800,15700,15770,9588,151050000,3580,6008
060250,2026-01-07,09:35:00,15765,15790,15630,15630,15480,243050000,2585,12895
060250,2026-01-07,09:40:00,15640,15690,15630,15670,7803,122160000,3728,4075
060250,2026-01-07,09:45:00,15670,15670,15500,15560,20127,313390000,4007,16120
060250,2026-01-07,09:50:00,15560,15590,15500,15510,6651,103400000,2255,4396
060250,2026-01-07,09:55:00,15510,15560,15470,15480,7645,118540000,2595,5050
060250,2026-01-07,10:00:00,15490,15550,15450,15510,13323,206150000,7970,5353
060250,2026-01-07,10:05:00,15510,15580,15510,15550,4288,66670000,1549,2739
060250,2026-01-07,10:10:00,15555,15570,15510,15530,6918,107430000,1971,4947
060250,2026-01-07,10:15:00,15520,15530,15470,15470,6020,93280000,2150,3870
060250,2026-01-07,10:20:00,15480,15490,15470,15490,5553,85950000,3050,2503
060250,2026-01-07,10:25:00,15490,15540,15480,15490,6481,100460000,1856,4625
060250,2026-01-07,10:30:00,15490,15510,15450,15470,7851,121430000,1411,6440
060250,2026-01-07,10:35:00,15470,15470,15450,15460,9064,140140000,4512,4552
060250,2026-01-07,10:40:00,15470,15470,15360,15370,15330,236310000,1974,13356
060250,2026-01-07,10:45:00,15370,15390,15320,15330,11460,176020000,2647,8813
060250,2026-01-07,10:50:00,15330,15360,15260,15280,33842,517280000,12538,21304
060250,2026-01-07,10:55:00,15280,15350,15280,15310,6059,92740000,2571,3488
060250,2026-01-07,11:00:00,15350,15350,15300,15320,7632,116830000,2720,4912
060250,2026-01-07,11:05:00,15330,15340,15270,15340,5619,85950000,2211,3408
060250,2026-01-07,11:10:00,15330,15390,15330,15350,5163,79290000,3182,1981
060250,2026-01-07,11:15:00,15350,15370,15310,15330,5295,81190000,1579,3716
060250,2026-01-07,11:20:00,15330,15340,15300,15310,3735,57210000,1598,2137
060250,2026-01-07,11:25:00,15310,15320,15280,15300,9062,138600000,2098,6964
060250,2026-01-07,11:30:00,15300,15310,15260,15280,6268,95780000,1370,4898
060250,2026-01-07,11:35:00,15280,15300,15270,15290,1727,26390000,687,1040
060250,2026-01-07,11:40:00,15290,15290,15260,15280,7629,116530000,1265,6364
060250,2026-01-07,11:45:00,15290,15290,15260,15260,4228,64570000,1940,2288
060250,2026-01-07,11:50:00,15260,15280,15260,15270,4037,61630000,2165,1872
060250,2026-01-07,11:55:00,15280,15280,15240,15250,10073,153640000,1181,8892
060250,2026-01-07,12:00:00,15255,15260,15230,15260,3921,59740000,831,3090
060250,2026-01-07,12:05:00,15260,15260,15190,15210,10031,152610000,1330,8701
060250,2026-01-07,12:10:00,15210,15220,15170,15180,9022,137040000,1057,7965
060250,2026-01-07,12:15:00,15190,15190,15140,15150,7716,116970000,2369,5347
060250,2026-01-07,12:20:00,15150,15180,15140,15180,5662,85770000,1335,4327
060250,2026-01-07,12:25:00,15180,15180,15140,15160,3329,50450000,396,2933
060250,2026-01-07,12:30:00,15160,15170,15140,15140,4806,72810000,1240,3566
060250,2026-01-07,12:35:00,15140,15140,15080,15090,18089,273370000,2819,15270
060250,2026-01-07,12:40:00,15090,15095,15080,15090,3456,52140000,1259,2197
060250,2026-01-07,12:45:00,15090,15110,15080,15110,3356,50660000,2354,1002
060250,2026-01-07,12:50:00,15120,15120,15060,15070,8393,126560000,895,7498
060250,2026-01-07,12:55:00,15080,15080,15030,15040,16717,251590000,9075,7642
060250,2026-01-07,13:00:00,15030,15050,14930,14950,22031,330460000,4634,17397
060250,2026-01-07,13:05:00,14950,14970,14900,14960,11055,165090000,5275,5780
060250,2026-01-07,13:10:00,14950,14980,14930,14940,9321,139410000,2538,6783
060250,2026-01-07,13:15:00,14950,14970,14940,14950,4173,62400000,1820,2353
060250,2026-01-07,13:20:00,14960,14960,14920,14940,7976,119160000,2435,5541
060250,2026-01-07,13:25:00,14940,14940,14900,14910,13382,199660000,3048,10334
060250,2026-01-07,13:30:00,14910,14930,14880,14910,13040,194320000,3494,9546
060250,2026-01-07,13:35:00,14910,14950,14890,14950,5306,79150000,4636,670
060250,2026-01-07,13:40:00,14950,14950,14910,14950,5816,86880000,2911,2905
060250,2026-01-07,13:45:00,14950,15020,14950,14990,3113,46640000,1614,1499
060250,2026-01-07,13:50:00,14990,15020,14980,15020,2108,31630000,1554,554
060250,2026-01-07,13:55:00,15020,15070,15020,15050,3302,49660000,2315,987
060250,2026-01-07,14:00:00,15050,15050,15030,15050,2005,30170000,1633,372
060250,2026-01-07,14:05:00,15060,15080,15060,15070,3289,49550000,1820,1469
060250,2026-01-07,14:10:00,15070,15070,15050,15060,3949,59480000,929,3020
060250,2026-01-07,14:15:00,15050,15090,15050,15090,3207,48330000,2460,747
060250,2026-01-07,14:20:00,15090,15090,15070,15090,1334,20120000,855,479
060250,2026-01-07,14:25:00,15080,15130,15080,15130,4572,69030000,3680,892
060250,2026-01-07,14:30:00,15130,15140,15110,15140,4683,70830000,2395,2288
060250,2026-01-07,14:35:00,15140,15170,15130,15150,9294,140770000,4557,4737
060250,2026-01-07,14:40:00,15150,15170,15150,15170,2424,36750000,1312,1112
060250,2026-01-07,14:45:00,15170,15170,15140,15140,5911,89580000,446,5465
060250,2026-01-07,14:50:00,15150,15150,15120,15130,5082,76920000,1055,4027
060250,2026-01-07,14:55:00,15130,15140,15120,15120,2083,31510000,885,1198
060250,2026-01-07,15:00:00,15130,15160,15120,15140,4524,68490000,1497,3027
060250,2026-01-07,15:05:00,15150,15170,15140,15170,3431,52020000,1343,2088
060250,2026-01-07,15:10:00,15160,15210,15160,15210,5910,89720000,3445,2465
060250,2026-01-07,15:15:00,15220,15230,15210,15220,2436,37060000,1283,1153
060250,2026-01-07,15:20:00,15220,15230,15160,15160,11990,182390000,2686,9304
060250,2026-01-07,15:30:00,15150,15150,15150,15150,9108,137980000,8501,0
060250,2026-01-08,09:05:00,15060,15060,14900,14920,4993,74690000,1469,3524
060250,2026-01-08,09:10:00,14910,14930,14820,14830,11244,167090000,2005,9239
060250,2026-01-08,09:15:00,14830,14910,14790,14830,9917,147080000,4112,5805
060250,2026-01-08,09:20:00,14830,14860,14820,14830,3229,47890000,1094,2135
060250,2026-01-08,09:25:00,14830,14880,14820,14850,3922,58220000,1633,2289
060250,2026-01-08,09:30:00,14850,14860,14760,14770,10937,161870000,1850,9087
060250,2026-01-08,09:35:00,14770,14800,14770,14770,8382,123930000,1890,6492
060250,2026-01-08,09:40:00,14770,14770,14730,14740,8353,123250000,2918,5435
060250,2026-01-08,09:45:00,14740,14770,14710,14720,11547,170050000,5142,6405
060250,2026-01-08,09:50:00,14720,14780,14710,14740,8518,125470000,3908,4610
060250,2026-01-08,09:55:00,14760,14780,14750,14770,691,10190000,183,508
060250,2026-01-08,10:00:00,14770,14770,14720,14720,4684,69000000,938,3746
060250,2026-01-08,10:05:00,14720,14740,14710,14720,2501,36810000,703,1798
060250,2026-01-08,10:10:00,14710,14720,14700,14700,5119,75280000,572,4547
060250,2026-01-08,10:15:00,14710,14720,14690,14710,6143,90340000,1494,4649
060250,2026-01-08,10:20:00,14710,14740,14690,14740,3673,54030000,1378,2295
060250,2026-01-08,10:25:00,14720,14730,14690,14690,5515,81090000,852,4663
060250,2026-01-08,10:30:00,14690,14720,14690,14710,2726,40090000,1843,883
060250,2026-01-08,10:35:00,14710,14710,14650,14650,7026,103090000,832,6194
060250,2026-01-08,10:40:00,14650,14660,14600,14650,14641,214140000,6287,8354
060250,2026-01-08,10:45:00,14650,14720,14650,14720,3429,50310000,2885,544
060250,2026-01-08,10:50:00,14730,14740,14680,14690,5820,85590000,1362,4458
060250,2026-01-08,10:55:00,14690,14700,14660,14660,4985,73190000,1485,3500
060250,2026-01-08,11:00:00,14660,14670,14640,14650,2033,29790000,611,1422
060250,2026-01-08,11:05:00,14640,14660,14630,14650,1436,21020000,579,857
060250,2026-01-08,11:10:00,14650,14650,14620,14640,2857,41810000,824,2033
060250,2026-01-08,11:15:00,14640,14660,14590,14610,9329,136420000,876,8453
060250,2026-01-08,11:20:00,14620,14650,14600,14640,2817,41190000,1877,940
060250,2026-01-08,11:25:00,14640,14660,14640,14650,1775,26000000,572,1203
060250,2026-01-08,11:30:00,14650,14680,14650,14680,1539,22560000,938,601
060250,2026-01-08,11:35:00,14675,14710,14660,14690,3854,56590000,2648,1206
060250,2026-01-08,11:40:00,14700,14750,14700,14740,2306,33960000,1306,1000
060250,2026-01-08,11:45:00,14740,14750,14730,14740,4213,62090000,1412,2801
060250,2026-01-08,11:50:00,14740,14800,14730,14800,7073,104260000,2011,5062
060250,2026-01-08,11:55:00,14790,14790,14760,14760,2348,34670000,770,1578
060250,2026-01-08,12:00:00,14760,14770,14740,14760,2903,42830000,744,2159
060250,2026-01-08,12:05:00,14760,14770,14740,14740,1575,23240000,194,1381
060250,2026-01-08,12:10:00,14740,14750,14730,14740,2025,29850000,331,1694
060250,2026-01-08,12:15:00,14740,14760,14730,14760,1613,23770000,486,1127
060250,2026-01-08,12:20:00,14760,14780,14750,14760,1256,18540000,680,576
060250,2026-01-08,12:25:00,14760,14770,14750,14750,2134,31490000,667,1467
060250,2026-01-08,12:30:00,14750,14760,14710,14720,2717,40030000,256,2461
060250,2026-01-08,12:35:00,14710,14730,14700,14730,3563,52420000,2734,829
060250,2026-01-08,12:40:00,14730,14740,14710,14710,1536,22610000,479,1057
060250,2026-01-08,12:45:00,14750,14750,14710,14720,1364,20080000,509,855
060250,2026-01-08,12:50:00,14720,14740,14690,14690,2441,35890000,282,2159
060250,2026-01-08,12:55:00,14700,14700,14680,14690,1101,16170000,297,804
060250,2026-01-08,13:00:00,14700,14700,14690,14700,1129,16590000,504,625
060250,2026-01-08,13:05:00,14690,14710,14680,14710,859,12620000,203,656
060250,2026-01-08,13:10:00,14700,14720,14690,14700,2350,34560000,1962,388
060250,2026-01-08,13:15:00,14700,14790,14700,14790,1559,22960000,1037,522
060250,2026-01-08,13:20:00,14790,14970,14760,14850,8566,127350000,6699,1867
060250,2026-01-08,13:25:00,14840,14890,14800,14820,3219,47760000,1426,1793
060250,2026-01-08,13:30:00,14800,14820,14790,14810,2127,31480000,994,1133
060250,2026-01-08,13:35:00,14810,14820,14770,14790,2397,35470000,1338,1059
060250,2026-01-08,13:40:00,14780,14810,14780,14800,1084,16040000,772,312
060250,2026-01-08,13:45:00,14800,14820,14720,14810,3637,53780000,1257,2380
060250,2026-01-08,13:50:00,14820,14860,14800,14860,2063,30590000,1411,652
060250,2026-01-08,13:55:00,14860,14880,14850,14870,2262,33620000,1303,959
060250,2026-01-08,14:00:00,14860,14880,14860,14870,1769,26300000,720,1049
060250,2026-01-08,14:05:00,14860,14970,14840,14970,9752,145400000,7462,2290
060250,2026-01-08,14:10:00,14970,15070,14970,15040,7741,116220000,5292,2449
060250,2026-01-08,14:15:00,15040,15060,15000,15000,4526,68020000,1270,3256
060250,2026-01-08,14:20:00,15000,15080,14990,15070,4889,73510000,3742,1147
060250,2026-01-08,14:25:00,15070,15080,15040,15040,1682,25330000,910,772
060250,2026-01-08,14:30:00,15040,15050,15030,15030,1295,19470000,295,1000
060250,2026-01-08,14:35:00,15020,15030,14980,15000,2848,42760000,1123,1725
060250,2026-01-08,14:40:00,15010,15030,14990,15000,2627,39430000,1266,1361
060250,2026-01-08,14:45:00,15010,15030,14990,15000,2022,30340000,585,1437
060250,2026-01-08,14:50:00,15000,15000,14950,14950,1894,28350000,509,1385
060250,2026-01-08,14:55:00,14950,14980,14940,14960,1583,23670000,675,908
060250,2026-01-08,15:00:00,14980,14980,14950,14980,1091,16330000,436,655
060250,2026-01-08,15:05:00,14970,14990,14950,14980,1800,26940000,945,855
060250,2026-01-08,15:10:00,14980,14980,14900,14960,2674,39940000,1373,1301
060250,2026-01-08,15:15:00,14960,14960,14930,14940,1373,20510000,592,781
060250,2026-01-08,15:20:00,14940,14940,14850,14900,4037,60150000,2371,1666
060250,2026-01-08,15:30:00,14870,14870,14870,14870,5982,88940000,5974,0
060250,2026-01-09,09:05:00,14870,15400,14870,15230,42734,651610000,28278,14456
060250,2026-01-09,09:10:00,15210,15330,15080,15100,8786,133700000,5633,3153
060250,2026-01-09,09:15:00,15090,15200,15080,15160,2620,39610000,1608,1012
060250,2026-01-09,09:20:00,15140,15150,15040,15060,4358,65790000,193,4165
060250,2026-01-09,09:25:00,15040,15040,14930,14940,11907,178690000,559,11348
060250,2026-01-09,09:30:00,14940,15080,14920,14930,2801,41930000,1181,1620
060250,2026-01-09,09:35:00,14940,14970,14930,14960,1232,18420000,306,926
060250,2026-01-09,09:40:00,14950,15030,14920,15010,1979,29620000,964,1015
060250,2026-01-09,09:45:00,15020,15020,14970,15000,1963,29450000,523,1440
060250,2026-01-09,09:50:00,15000,15000,14960,14970,1486,22260000,160,1326
060250,2026-01-09,09:55:00,14970,15010,14960,15010,1886,28270000,1623,263
060250,2026-01-09,10:00:00,15010,15100,15010,15070,2007,30230000,905,1102
060250,2026-01-09,10:05:00,15070,15070,15020,15030,1149,17300000,514,635
060250,2026-01-09,10:10:00,15030,15040,14970,14980,2427,36410000,697,1730
060250,2026-01-09,10:15:00,14980,15010,14960,15000,1897,28400000,642,1255
060250,2026-01-09,10:20:00,15000,15000,14950,14960,2540,38000000,613,1927
060250,2026-01-09,10:25:00,14960,14980,14950,14980,1024,15330000,934,90
060250,2026-01-09,10:30:00,14980,15080,14980,15060,2297,34430000,2156,141
060250,2026-01-09,10:35:00,15040,15060,15030,15050,630,9470000,440,190
060250,2026-01-09,10:40:00,15050,15060,15030,15040,1305,19640000,809,496
060250,2026-01-09,10:45:00,15050,15120,15030,15090,3208,48340000,2583,625
060250,2026-01-09,10:50:00,15090,15120,15080,15120,1285,19400000,1155,130
060250,2026-01-09,10:55:00,15110,15150,15090,15150,3518,53230000,2467,1051
060250,2026-01-09,11:00:00,15150,15160,15140,15140,1645,24930000,1243,402
060250,2026-01-09,11:05:00,15140,15140,15130,15140,878,13280000,409,469
060250,2026-01-09,11:10:00,15130,15170,15130,15150,2524,38230000,1898,626
060250,2026-01-09,11:15:00,15150,15180,15150,15170,1769,26820000,1345,424
060250,2026-01-09,11:20:00,15160,15210,15150,15200,4836,73410000,4346,490
060250,2026-01-09,11:25:00,15200,15210,15170,15180,2572,39070000,1777,795
060250,2026-01-09,11:30:00,15160,15210,15160,15180,1335,20280000,816,519
060250,2026-01-09,11:35:00,15190,15210,15190,15200,416,6330000,209,207
060250,2026-01-09,11:40:00,15190,15200,15170,15170,1691,25680000,494,1197
060250,2026-01-09,11:45:00,15160,15170,15130,15140,1032,15630000,280,752
060250,2026-01-09,11:50:00,15145,15170,15140,15150,1058,16030000,923,135
060250,2026-01-09,11:55:00,15150,15160,15150,15160,372,5640000,297,75
060250,2026-01-09,12:00:00,15170,15170,15140,15140,2114,32050000,557,1557
060250,2026-01-09,12:05:00,15140,15150,15140,15140,247,3740000,123,124
060250,2026-01-09,12:10:00,15140,15140,15110,15140,867,13110000,377,490
060250,2026-01-09,12:15:00,15120,15140,15110,15120,434,6560000,13,421
060250,2026-01-09,12:20:00,15140,15150,15140,15150,54,820000,54,0
060250,2026-01-09,12:25:00,15150,15160,15120,15130,527,7970000,110,417
060250,2026-01-09,12:30:00,15130,15140,15130,15140,405,6130000,376,29
060250,2026-01-09,12:35:00,15135,15140,15120,15120,675,10210000,293,382
060250,2026-01-09,12:40:00,15110,15140,15110,15140,561,8490000,299,262
060250,2026-01-09,12:45:00,15130,15140,15120,15130,663,10030000,130,533
060250,2026-01-09,12:50:00,15130,15135,15120,15130,145,2190000,77,68
060250,2026-01-09,12:55:00,15120,15130,15100,15130,1458,22040000,277,1181
060250,2026-01-09,13:00:00,15130,15130,15120,15130,495,7490000,479,16
060250,2026-01-09,13:05:00,15120,15130,15080,15090,1900,28710000,283,1617
060250,2026-01-09,13:10:00,15090,15110,15080,15110,290,4370000,47,243
060250,2026-01-09,13:15:00,15100,15140,15100,15140,699,10580000,509,190
060250,2026-01-09,13:20:00,15150,15180,15120,15130,2519,38170000,1953,566
060250,2026-01-09,13:25:00,15130,15140,15130,15140,4617,69850000,1337,3280
060250,2026-01-09,13:30:00,15140,15150,15130,15150,1303,19730000,858,445
060250,2026-01-09,13:35:00,15160,15180,15150,15180,925,14030000,695,230
060250,2026-01-09,13:40:00,15180,15180,15170,15170,342,5190000,342,0
060250,2026-01-09,13:45:00,15180,15190,15180,15180,2575,39100000,844,1731
060250,2026-01-09,13:50:00,15175,15180,15130,15130,796,12060000,129,667
060250,2026-01-09,13:55:00,15130,15170,15130,15150,3630,54950000,813,2817
060250,2026-01-09,14:00:00,15150,15160,15140,15150,829,12560000,588,241
060250,2026-01-09,14:05:00,15150,15160,15150,15160,205,3110000,24,181
060250,2026-01-09,14:10:00,15160,15170,15145,15150,1993,30200000,1341,652
060250,2026-01-09,14:15:00,15150,15150,15130,15150,5120,77500000,985,4135
060250,2026-01-09,14:20:00,15150,15180,15150,15170,1697,25730000,1585,112
060250,2026-01-09,14:25:00,15180,15200,15170,15180,2424,36810000,1764,660
060250,2026-01-09,14:30:00,15180,15250,15180,15250,4312,65580000,3926,386
060250,2026-01-09,14:35:00,15250,15260,15210,15210,2573,39190000,235,2338
060250,2026-01-09,14:40:00,15210,15230,15180,15220,1539,23390000,567,972
060250,2026-01-09,14:45:00,15190,15220,15180,15190,1236,18780000,211,1025
060250,2026-01-09,14:50:00,15180,15200,15160,15160,3983,60500000,2348,1635
060250,2026-01-09,14:55:00,15160,15170,15130,15170,4251,64410000,2646,1605
060250,2026-01-09,15:00:00,15160,15180,15150,15170,1359,20600000,997,362
060250,2026-01-09,15:05:00,15160,15180,15160,15170,1462,22170000,856,606
060250,2026-01-09,15:10:00,15170,15190,15170,15170,1158,17580000,991,167
060250,2026-01-09,15:15:00,15170,15180,15150,15160,2452,37190000,1703,749
060250,2026-01-09,15:20:00,15170,15180,15130,15160,2090,31670000,626,1464
060250,2026-01-09,15:30:00,15110,15110,15110,15110,8528,128850000,8333,0
060250,2026-01-12,09:05:00,15080,15170,15040,15100,9623,145040000,7164,2459
060250,2026-01-12,09:10:00,15090,15090,15000,15010,5654,84970000,2412,3242
060250,2026-01-12,09:15:00,15020,15110,15010,15090,6384,96190000,4957,1427
060250,2026-01-12,09:20:00,15030,15090,15020,15030,3437,51650000,1675,1762
060250,2026-01-12,09:25:00,15030,15090,15030,15030,3259,49020000,2141,1118
060250,2026-01-12,09:30:00,15090,15090,15020,15050,2472,37180000,847,1625
060250,2026-01-12,09:35:00,15050,15070,15030,15040,2248,33830000,608,1640
060250,2026-01-12,09:40:00,15050,15060,14970,14970,19489,292470000,1117,18372
060250,2026-01-12,09:45:00,14960,14970,14900,14920,6588,98320000,703,5885
060250,2026-01-12,09:50:00,14920,14920,14860,14870,5760,85720000,2513,3247
060250,2026-01-12,09:55:00,14870,14880,14850,14870,6129,91100000,2119,4010
060250,2026-01-12,10:00:00,14870,14870,14800,14810,13538,200620000,2591,10947
060250,2026-01-12,10:05:00,14810,14830,14800,14810,3446,51040000,1328,2118
060250,2026-01-12,10:10:00,14810,14820,14790,14810,6943,102770000,1706,5237
060250,2026-01-12,10:15:00,14810,14830,14800,14830,1998,29600000,1917,81
060250,2026-01-12,10:20:00,14825,14840,14800,14800,3257,48250000,738,2519
060250,2026-01-12,10:25:00,14800,14820,14800,14810,2579,38180000,558,2021
060250,2026-01-12,10:30:00,14810,14820,14800,14810,2544,37670000,650,1894
060250,2026-01-12,10:35:00,14810,14820,14810,14820,667,9880000,382,285
060250,2026-01-12,10:40:00,14820,14820,14800,14800,1893,28030000,527,1366
060250,2026-01-12,10:45:00,14800,14830,14790,14830,3838,56830000,2388,1450
060250,2026-01-12,10:50:00,14830,15020,14830,14950,3776,56360000,2470,1306
060250,2026-01-12,10:55:00,14950,14960,14920,14960,2702,40370000,1070,1632
060250,2026-01-12,11:00:00,14930,14960,14910,14920,1168,17440000,574,594
060250,2026-01-12,11:05:00,14920,14920,14900,14910,1914,28520000,732,1182
060250,2026-01-12,11:10:00,14910,14910,14900,14900,478,7130000,33,445
060250,2026-01-12,11:15:00,14890,14910,14890,14890,604,8990000,150,454
060250,2026-01-12,11:20:00,14890,14900,14880,14900,489,7280000,59,430
060250,2026-01-12,11:25:00,14900,14900,14890,14900,204,3040000,28,176
060250,2026-01-12,11:30:00,14900,14900,14870,14870,2139,31810000,180,1959
060250,2026-01-12,11:35:00,14870,14890,14870,14890,837,12450000,582,255
060250,2026-01-12,11:40:00,14890,14900,14890,14900,433,6450000,383,50
060250,2026-01-12,11:45:00,14900,14900,14890,14900,153,2280000,40,113
060250,2026-01-12,11:50:00,14900,14900,14870,14870,504,7500000,267,237
060250,2026-01-12,11:55:00,14870,14880,14870,14880,504,7500000,456,48
060250,2026-01-12,12:00:00,14870,14890,14870,14890,1118,16620000,236,882
060250,2026-01-12,12:05:00,14890,14890,14860,14890,1212,18030000,370,842
060250,2026-01-12,12:10:00,14890,14900,14880,14900,514,7650000,502,12
060250,2026-01-12,12:15:00,14900,14910,14900,14900,210,3130000,123,87
060250,2026-01-12,12:20:00,14900,14940,14900,14940,1024,15270000,613,411
060250,2026-01-12,12:25:00,14940,14950,14930,14950,629,9390000,549,80
060250,2026-01-12,12:30:00,14950,14950,14940,14940,965,14420000,228,737
060250,2026-01-12,12:35:00,14950,14960,14950,14960,1126,16830000,1056,70
060250,2026-01-12,12:40:00,14960,15020,14950,15010,3111,46620000,2655,456
060250,2026-01-12,12:45:00,15010,15060,14980,15030,3012,45240000,1880,1132
060250,2026-01-12,12:50:00,15030,15070,15030,15070,2624,39490000,2390,234
060250,2026-01-12,12:55:00,15070,15090,15030,15040,3605,54330000,2292,1313
060250,2026-01-12,13:00:00,15040,15040,15030,15030,541,8140000,274,267
060250,2026-01-12,13:05:00,15030,15050,15010,15040,1354,20360000,1235,119
060250,2026-01-12,13:10:00,15040,15040,15010,15020,3143,47220000,2084,1059
060250,2026-01-12,13:15:00,15030,15060,15010,15030,2383,35840000,1550,833
060250,2026-01-12,13:20:00,15030,15030,14960,15000,2976,44630000,176,2800
060250,2026-01-12,13:25:00,15000,15020,14990,15020,1073,16090000,599,474
060250,2026-01-12,13:30:00,15010,15030,15000,15020,1474,22130000,579,895
060250,2026-01-12,13:35:00,15020,15020,15000,15020,751,11270000,464,287
060250,2026-01-12,13:40:00,15010,15020,14990,15000,1745,26190000,418,1327
060250,2026-01-12,13:45:00,14990,15000,14980,14980,1275,19110000,105,1170
060250,2026-01-12,13:50:00,14990,14990,14970,14970,2109,31590000,261,1848
060250,2026-01-12,13:55:00,14980,14990,14970,14990,1098,16450000,976,122
060250,2026-01-12,14:00:00,15000,15000,14970,14990,2577,38590000,636,1941
060250,2026-01-12,14:05:00,15000,15080,14990,15070,2212,33270000,1634,578
060250,2026-01-12,14:10:00,15060,15070,15010,15040,1353,20350000,481,872
060250,2026-01-12,14:15:00,15040,15070,15040,15060,840,12650000,455,385
060250,2026-01-12,14:20:00,15050,15060,15040,15050,1325,19930000,259,1066
060250,2026-01-12,14:25:00,15040,15050,15020,15030,1843,27710000,496,1347
060250,2026-01-12,14:30:00,15020,15030,14990,15010,1383,20750000,433,950
060250,2026-01-12,14:35:00,15020,15020,14980,14990,2241,33600000,527,1714
060250,2026-01-12,14:40:00,14990,15010,14920,14950,2630,39330000,915,1715
060250,2026-01-12,14:45:00,14950,14950,14890,14900,4084,60880000,332,3752
060250,2026-01-12,14:50:00,14900,14900,14850,14860,3277,48720000,1083,2194
060250,2026-01-12,14:55:00,14860,14940,14860,14920,6643,98820000,5703,940
060250,2026-01-12,15:00:00,14910,14930,14900,14920,2689,40100000,1259,1430
060250,2026-01-12,15:05:00,14920,14940,14910,14910,3004,44820000,1821,1183
060250,2026-01-12,15:10:00,14910,14930,14910,14920,2181,32550000,641,1540
060250,2026-01-12,15:15:00,14910,14930,14890,14900,3545,52860000,1933,1612
060250,2026-01-12,15:20:00,14940,14990,14900,14990,2122,31690000,1301,821
060250,2026-01-12,15:30:00,14980,14980,14980,14980,7021,105170000,7021,0
060250,2026-01-13,09:05:00,14970,15070,14970,15060,4871,73070000,4204,667
060250,2026-01-13,09:10:00,15060,15060,14960,15000,4705,70670000,1922,2783
060250,2026-01-13,09:15:00,15000,15000,14930,14940,5373,80380000,500,4873
060250,2026-01-13,09:20:00,14930,14990,14920,14970,8801,131410000,6482,2319
060250,2026-01-13,09:25:00,14970,15060,14970,15010,7193,107960000,5579,1614
060250,2026-01-13,09:30:00,14990,14990,14960,14960,686,10260000,241,445
060250,2026-01-13,09:35:00,14960,14980,14950,14960,1203,18000000,621,582
060250,2026-01-13,09:40:00,14960,14960,14920,14920,3163,47250000,1518,1645
060250,2026-01-13,09:45:00,14920,14940,14900,14940,8283,123600000,3454,4829
060250,2026-01-13,09:50:00,14940,14940,14910,14930,3521,52550000,484,3037
060250,2026-01-13,09:55:00,14920,14930,14900,14930,3279,48880000,88,3191
060250,2026-01-13,10:00:00,14930,14940,14920,14930,1937,28930000,1331,606
060250,2026-01-13,10:05:00,14930,14930,14910,14920,2307,34410000,982,1325
060250,2026-01-13,10:10:00,14910,14920,14900,14910,4865,72550000,542,4323
060250,2026-01-13,10:15:00,14910,14940,14900,14900,2377,35460000,820,1557
060250,2026-01-13,10:20:00,14920,14920,14910,14910,3858,57530000,645,3213
060250,2026-01-13,10:25:00,14910,14920,14890,14890,3891,57980000,65,3826
060250,2026-01-13,10:30:00,14900,14900,14870,14870,5264,78340000,388,4876
060250,2026-01-13,10:35:00,14890,14900,14860,14890,2072,30830000,893,1179
060250,2026-01-13,10:40:00,14880,14890,14870,14880,1466,21810000,553,913
060250,2026-01-13,10:45:00,14880,14900,14860,14880,1441,21440000,112,1329
060250,2026-01-13,10:50:00,14880,14880,14830,14870,4998,74290000,1382,3616
060250,2026-01-13,10:55:00,14870,14890,14870,14870,1111,16530000,659,452
060250,2026-01-13,11:00:00,14870,14870,14840,14840,1628,24180000,176,1452
060250,2026-01-13,11:05:00,14830,14860,14830,14850,2001,29690000,1051,950
060250,2026-01-13,11:10:00,14860,14890,14850,14890,1063,15800000,351,712
060250,2026-01-13,11:15:00,14870,14870,14860,14870,1653,24570000,549,1104
060250,2026-01-13,11:20:00,14860,14870,14840,14850,5626,83610000,334,5292
060250,2026-01-13,11:25:00,14850,14870,14840,14840,510,7570000,45,465
060250,2026-01-13,11:30:00,14840,14860,14840,14840,1730,25680000,431,1299
060250,2026-01-13,11:35:00,14850,14870,14840,14860,886,13160000,573,313
060250,2026-01-13,11:40:00,14860,14860,14840,14850,1491,22150000,34,1457
060250,2026-01-13,11:45:00,14850,14870,14840,14870,1446,21470000,273,1173
060250,2026-01-13,11:50:00,14860,14890,14860,14880,2273,33810000,924,1349
060250,2026-01-13,11:55:00,14880,14890,14880,14890,483,7180000,60,423
060250,2026-01-13,12:00:00,14880,14890,14880,14890,447,6660000,265,182
060250,2026-01-13,12:05:00,14890,14900,14880,14900,698,10390000,289,409
060250,2026-01-13,12:10:00,14900,14900,14880,14890,984,14660000,651,333
060250,2026-01-13,12:15:00,14890,14900,14890,14900,1836,27350000,1609,227
060250,2026-01-13,12:20:00,14900,14910,14890,14890,5006,74580000,3935,1071
060250,2026-01-13,12:25:00,14900,14910,14890,14900,392,5840000,147,245
060250,2026-01-13,12:30:00,14900,14900,14890,14900,390,5810000,95,295
060250,2026-01-13,12:35:00,14900,14900,14880,14890,651,9690000,137,514
060250,2026-01-13,12:40:00,14890,14890,14880,14890,800,11910000,239,561
060250,2026-01-13,12:45:00,14890,14900,14850,14900,1880,27960000,398,1482
060250,2026-01-13,12:50:00,14900,14900,14860,14890,1503,22370000,829,674
060250,2026-01-13,12:55:00,14880,14890,14870,14880,587,8730000,336,251
060250,2026-01-13,13:00:00,14880,14890,14860,14870,817,12150000,133,684
060250,2026-01-13,13:05:00,14880,14890,14830,14860,5720,84900000,1439,4281
060250,2026-01-13,13:10:00,14870,14880,14860,14870,244,3630000,87,157
060250,2026-01-13,13:15:00,14880,14880,14850,14860,2442,36290000,1207,1235
060250,2026-01-13,13:20:00,14860,14870,14860,14870,487,7240000,306,181
060250,2026-01-13,13:25:00,14870,14870,14860,14860,765,11370000,267,498
060250,2026-01-13,13:30:00,14870,14880,14850,14860,2039,30300000,771,1268
060250,2026-01-13,13:35:00,14860,14870,14860,14860,1031,15320000,208,823
060250,2026-01-13,13:40:00,14870,14880,14860,14870,2031,30200000,1881,150
060250,2026-01-13,13:45:00,14870,14880,14860,14870,463,6880000,151,312
060250,2026-01-13,13:50:00,14870,14870,14840,14860,4285,63660000,470,3815
060250,2026-01-13,13:55:00,14850,14860,14840,14840,2976,44190000,757,2219
060250,2026-01-13,14:00:00,14840,14860,14830,14850,1083,16070000,601,482
060250,2026-01-13,14:05:00,14850,14850,14840,14840,827,12280000,68,759
060250,2026-01-13,14:10:00,14850,14860,14840,14850,784,11640000,351,433
060250,2026-01-13,14:15:00,14850,14860,14840,14850,693,10290000,419,274
060250,2026-01-13,14:20:00,14840,14860,14840,14860,3344,49650000,2608,736
060250,2026-01-13,14:25:00,14860,14870,14850,14870,977,14520000,561,416
060250,2026-01-13,14:30:00,14870,14950,14850,14950,3947,58780000,2856,1091
060250,2026-01-13,14:35:00,14940,14970,14900,14960,1436,21460000,572,864
060250,2026-01-13,14:40:00,14960,14960,14910,14930,1253,18720000,623,630
060250,2026-01-13,14:45:00,14930,15000,14930,14990,2958,44290000,2690,268
060250,2026-01-13,14:50:00,14990,15020,14960,15000,3912,58610000,1542,2370
060250,2026-01-13,14:55:00,15000,15030,14990,15010,5483,82310000,3005,2478
060250,2026-01-13,15:00:00,15010,15020,15000,15010,1540,23110000,618,922
060250,2026-01-13,15:05:00,15010,15100,14990,15100,25055,376770000,23925,1130
060250,2026-01-13,15:10:00,15100,15100,15050,15050,3265,49190000,1152,2113
060250,2026-01-13,15:15:00,15040,15060,14980,15060,5914,88780000,3097,2817
060250,2026-01-13,15:20:00,15050,15060,15000,15040,3499,52590000,1414,2085
060250,2026-01-13,15:30:00,15040,15040,15040,15040,6660,100160000,6660,0
060250,2026-01-14,09:05:00,15070,15100,15000,15010,5330,80220000,2985,2345
060250,2026-01-14,09:10:00,15010,15010,14930,14990,4869,72850000,2400,2469
060250,2026-01-14,09:15:00,14990,15060,14960,15010,6695,100420000,4439,2256
060250,2026-01-14,09:20:00,15060,15060,15000,15050,1480,22230000,606,874
060250,2026-01-14,09:25:00,15050,15090,15010,15050,2608,39260000,1580,1028
060250,2026-01-14,09:30:00,15050,15050,14980,14980,2173,32610000,295,1878
060250,2026-01-14,09:35:00,14990,14990,14970,14990,1815,27190000,274,1541
060250,2026-01-14,09:40:00,14990,14990,14940,14940,6164,92180000,1704,4460
060250,2026-01-14,09:45:00,14940,14950,14910,14910,5522,82400000,945,4577
060250,2026-01-14,09:50:00,14910,14920,14850,14880,7513,111860000,190,7323
060250,2026-01-14,09:55:00,14880,14900,14860,14890,3227,47970000,1840,1387
060250,2026-01-14,10:00:00,14890,14890,14880,14880,1072,15960000,435,637
060250,2026-01-14,10:05:00,14880,14900,14870,14900,2336,34760000,1669,667
060250,2026-01-14,10:10:00,14900,14930,14890,14920,763,11380000,666,97
060250,2026-01-14,10:15:00,14920,14930,14890,14910,4794,71410000,3618,1176
060250,2026-01-14,10:20:00,14920,14970,14920,14970,1984,29630000,1219,765
060250,2026-01-14,10:25:00,14970,14980,14960,14980,1730,25900000,980,750
060250,2026-01-14,10:30:00,14980,14990,14970,14970,1609,24100000,598,1011
060250,2026-01-14,10:35:00,14970,14980,14960,14970,711,10640000,256,455
060250,2026-01-14,10:40:00,14960,15000,14950,14960,3934,58890000,2894,1040
060250,2026-01-14,10:45:00,14960,14970,14900,14930,1659,24770000,14,1645
060250,2026-01-14,10:50:00,14910,14930,14900,14920,1887,28130000,239,1648
060250,2026-01-14,10:55:00,14910,14920,14890,14920,2988,44520000,1995,993
060250,2026-01-14,11:00:00,14910,14910,14860,14870,6768,100680000,1115,5653
060250,2026-01-14,11:05:00,14870,14880,14850,14880,1736,25790000,85,1651
060250,2026-01-14,11:10:00,14880,14880,14840,14850,9748,144790000,2392,7356
060250,2026-01-14,11:15:00,14870,14880,14860,14880,1018,15140000,91,927
060250,2026-01-14,11:20:00,14870,14880,14850,14860,2233,33170000,221,2012
060250,2026-01-14,11:25:00,14860,14900,14840,14900,3735,55510000,2383,1352
060250,2026-01-14,11:30:00,14900,14900,14880,14880,966,14380000,566,400
060250,2026-01-14,11:35:00,14890,14970,14890,14960,1534,22920000,872,662
060250,2026-01-14,11:40:00,14980,14980,14920,14970,479,7170000,471,8
060250,2026-01-14,11:45:00,14970,14970,14930,14970,736,11010000,356,380
060250,2026-01-14,11:50:00,14950,14990,14910,14980,2749,41120000,665,2084
060250,2026-01-14,11:55:00,14980,14990,14970,14990,1108,16590000,293,815
060250,2026-01-14,12:00:00,14990,14990,14970,14980,822,12310000,98,724
060250,2026-01-14,12:05:00,14980,14980,14950,14970,353,5280000,98,255
060250,2026-01-14,12:10:00,14970,15000,14960,15000,2159,32350000,2153,6
060250,2026-01-14,12:15:00,15000,15020,14930,15010,2776,41610000,1354,1422
060250,2026-01-14,12:20:00,15010,15030,14970,15020,1609,24150000,1498,111
060250,2026-01-14,12:25:00,15020,15020,15000,15010,339,5090000,76,263
060250,2026-01-14,12:30:00,15020,15030,15010,15030,1119,16800000,517,602
060250,2026-01-14,12:35:00,15030,15050,15020,15040,2338,35140000,1929,409
060250,2026-01-14,12:40:00,15030,15050,15030,15050,1628,24480000,927,701
060250,2026-01-14,12:45:00,15050,15070,15040,15050,2997,45110000,2353,644
060250,2026-01-14,12:50:00,15050,15070,15040,15060,5659,85170000,4476,1183
060250,2026-01-14,12:55:00,15060,15060,15040,15050,1554,23390000,822,732
060250,2026-01-14,13:00:00,15040,15060,15040,15060,1019,15330000,251,768
060250,2026-01-14,13:05:00,15050,15060,15030,15040,1512,22740000,996,516
060250,2026-01-14,13:10:00,15060,15080,15050,15070,2754,41480000,1914,840
060250,2026-01-14,13:15:00,15060,15070,15050,15060,794,11960000,410,384
060250,2026-01-14,13:20:00,15060,15070,15050,15050,2752,41440000,1559,1193
060250,2026-01-14,13:25:00,15070,15120,15050,15120,7949,119900000,7199,750
060250,2026-01-14,13:30:00,15120,15180,15110,15170,8137,123150000,6146,1991
060250,2026-01-14,13:35:00,15170,15200,15160,15190,8577,130240000,4466,4111
060250,2026-01-14,13:40:00,15190,15190,15150,15170,4213,63910000,468,3745
060250,2026-01-14,13:45:00,15150,15170,15140,15140,4525,68540000,657,3868
060250,2026-01-14,13:50:00,15150,15160,15140,15150,987,14950000,691,296
060250,2026-01-14,13:55:00,15150,15170,15130,15140,3213,48670000,803,2410
060250,2026-01-14,14:00:00,15130,15160,15120,15150,3264,49410000,1917,1347
060250,2026-01-14,14:05:00,15150,15170,15130,15150,2002,30320000,423,1579
060250,2026-01-14,14:10:00,15140,15160,15140,15150,2530,38320000,768,1762
060250,2026-01-14,14:15:00,15150,15150,15110,15130,2395,36210000,126,2269
060250,2026-01-14,14:20:00,15130,15140,15100,15130,1418,21430000,368,1050
060250,2026-01-14,14:25:00,15110,15110,15080,15090,2319,35000000,166,2153
060250,2026-01-14,14:30:00,15090,15110,15080,15100,1897,28630000,642,1255
060250,2026-01-14,14:35:00,15100,15110,15090,15110,1906,28770000,772,1134
060250,2026-01-14,14:40:00,15110,15110,15060,15070,3363,50710000,472,2891
060250,2026-01-14,14:45:00,15070,15120,15070,15120,4612,69560000,3686,926
060250,2026-01-14,14:50:00,15120,15120,15080,15090,1577,23810000,224,1353
060250,2026-01-14,14:55:00,15080,15100,15070,15080,4059,61230000,630,3429
060250,2026-01-14,15:00:00,15080,15100,15070,15080,3378,50940000,1850,1528
060250,2026-01-14,15:05:00,15090,15090,15070,15080,2401,36190000,310,2091
060250,2026-01-14,15:10:00,15080,15080,15060,15070,1492,22480000,222,1270
060250,2026-01-14,15:15:00,15070,15070,15060,15070,3107,46800000,959,2148
060250,2026-01-14,15:20:00,15070,15080,15050,15070,3193,48100000,1570,1623
060250,2026-01-14,15:30:00,15080,15080,15080,15080,6025,90850000,6020,0
060250,2026-01-15,09:05:00,15000,15080,14970,15060,5204,78070000,1996,3208
060250,2026-01-15,09:10:00,15060,15060,14980,15050,2729,40970000,950,1779
060250,2026-01-15,09:15:00,15020,15040,14980,15030,2299,34500000,252,2047
060250,2026-01-15,09:20:00,15040,15050,14990,15040,2449,36790000,2070,379
060250,2026-01-15,09:25:00,15010,15060,15010,15050,2206,33160000,1300,906
060250,2026-01-15,09:30:00,15050,15050,14950,14980,3765,56410000,105,3660
060250,2026-01-15,09:35:00,14980,15040,14960,15030,1086,16310000,439,647
060250,2026-01-15,09:40:00,15030,15080,14990,15080,2398,36030000,1420,978
060250,2026-01-15,09:45:00,15060,15060,15000,15000,3218,48350000,999,2219
060250,2026-01-15,09:50:00,15000,15000,14960,14990,2868,42950000,1396,1472
060250,2026-01-15,09:55:00,14980,15030,14980,15030,2451,36770000,2037,414
060250,2026-01-15,10:00:00,15030,15040,15000,15040,1631,24490000,1295,336
060250,2026-01-15,10:05:00,15050,15060,15020,15050,2234,33610000,1652,582
060250,2026-01-15,10:10:00,15060,15070,15040,15040,4596,69180000,2469,2127
060250,2026-01-15,10:15:00,15030,15050,15030,15030,9073,136500000,6308,2765
060250,2026-01-15,10:20:00,15030,15040,15020,15040,899,13510000,40,859
060250,2026-01-15,10:25:00,15030,15030,15000,15010,1725,25880000,334,1391
060250,2026-01-15,10:30:00,15010,15040,14990,15030,2700,40540000,1500,1200
060250,2026-01-15,10:35:00,15020,15030,15000,15000,1534,23030000,481,1053
060250,2026-01-15,10:40:00,14990,15020,14970,15000,6795,101790000,2919,3876
060250,2026-01-15,10:45:00,14990,15020,14990,15020,1170,17550000,602,568
060250,2026-01-15,10:50:00,15020,15030,15000,15020,1050,15760000,210,840
060250,2026-01-15,10:55:00,15020,15040,15010,15040,456,6860000,279,177
060250,2026-01-15,11:00:00,15030,15040,15020,15020,1427,21440000,297,1130
060250,2026-01-15,11:05:00,15020,15040,15010,15010,1153,17300000,391,762
060250,2026-01-15,11:10:00,15010,15030,15000,15020,1938,29090000,483,1455
060250,2026-01-15,11:15:00,15030,15030,15010,15010,1837,27600000,902,935
060250,2026-01-15,11:20:00,15020,15020,15010,15010,496,7440000,169,327
060250,2026-01-15,11:25:00,15010,15020,14990,14990,2391,35880000,626,1765
060250,2026-01-15,11:30:00,14990,15040,14990,15020,928,13910000,197,731
060250,2026-01-15,11:35:00,15010,15010,14980,14980,2676,40100000,943,1733
060250,2026-01-15,11:40:00,14980,14990,14970,14990,3152,47200000,259,2893
060250,2026-01-15,11:45:00,14980,14990,14980,14990,204,3060000,197,7
060250,2026-01-15,11:50:00,14990,15000,14980,14990,1617,24240000,1014,603
060250,2026-01-15,11:55:00,14980,14990,14970,14980,1136,17010000,324,812
060250,2026-01-15,12:00:00,14970,14990,14970,14990,1247,18690000,639,608
060250,2026-01-15,12:05:00,14980,15000,14970,14990,1139,17060000,641,498
060250,2026-01-15,12:10:00,14990,14990,14960,14960,7652,114500000,326,7326
060250,2026-01-15,12:15:00,14960,14990,14950,14990,2630,39370000,755,1875
060250,2026-01-15,12:20:00,14990,14990,14950,14960,3233,48350000,125,3108
060250,2026-01-15,12:25:00,14950,14960,14950,14950,2946,44040000,1048,1898
060250,2026-01-15,12:30:00,14960,14960,14950,14950,1340,20050000,472,868
060250,2026-01-15,12:35:00,14960,14960,14940,14960,2043,30530000,549,1494
060250,2026-01-15,12:40:00,14950,14970,14950,14970,895,13390000,702,193
060250,2026-01-15,12:45:00,14970,14970,14970,14970,536,8020000,468,68
060250,2026-01-15,12:50:00,14970,14980,14970,14970,2248,33660000,435,1813
060250,2026-01-15,12:55:00,14980,14980,14970,14970,662,9910000,174,488
060250,2026-01-15,13:00:00,14970,14980,14970,14980,436,6530000,353,83
060250,2026-01-15,13:05:00,14970,14990,14970,14990,1127,16870000,601,526
060250,2026-01-15,13:10:00,14980,14990,14980,14990,770,11540000,108,662
060250,2026-01-15,13:15:00,14990,14990,14950,14960,3275,49020000,156,3119
060250,2026-01-15,13:20:00,14960,14990,14960,14970,767,11480000,365,402
060250,2026-01-15,13:25:00,14970,14990,14960,14960,2990,44770000,634,2356
060250,2026-01-15,13:30:00,14990,15000,14980,14980,546,8180000,86,460
060250,2026-01-15,13:35:00,14980,14990,14950,14970,3794,56770000,283,3511
060250,2026-01-15,13:40:00,14970,15000,14950,15000,916,13710000,257,659
060250,2026-01-15,13:45:00,14990,14990,14970,14970,1840,27570000,113,1727
060250,2026-01-15,13:50:00,15000,15000,14960,14980,1363,20400000,145,1218
060250,2026-01-15,13:55:00,14980,15000,14960,15000,402,6020000,172,230
060250,2026-01-15,14:00:00,14980,15000,14980,14980,1215,18210000,390,825
060250,2026-01-15,14:05:00,14980,15030,14980,15030,2188,32820000,2013,175
060250,2026-01-15,14:10:00,15040,15040,15010,15040,572,8600000,349,223
060250,2026-01-15,14:15:00,15030,15040,15010,15010,2225,33420000,248,1977
060250,2026-01-15,14:20:00,15010,15030,15010,15010,720,10810000,408,312
060250,2026-01-15,14:25:00,15030,15030,15010,15020,987,14830000,826,161
060250,2026-01-15,14:30:00,15030,15030,15020,15020,1507,22640000,545,962
060250,2026-01-15,14:35:00,15030,15060,15030,15040,6227,93690000,3117,3110
060250,2026-01-15,14:40:00,15040,15050,15010,15050,1828,27460000,451,1377
060250,2026-01-15,14:45:00,15050,15050,15020,15020,1484,22300000,35,1449
060250,2026-01-15,14:50:00,15030,15040,15020,15040,756,11360000,366,390
060250,2026-01-15,14:55:00,15040,15050,15030,15035,500,7520000,401,99
060250,2026-01-15,15:00:00,15035,15040,15030,15040,1880,28270000,717,1163
060250,2026-01-15,15:05:00,15040,15050,15020,15025,2771,41640000,1186,1585
060250,2026-01-15,15:10:00,15025,15025,14960,14970,10805,161930000,1939,8866
060250,2026-01-15,15:15:00,14990,15040,14980,15010,2400,35990000,675,1725
060250,2026-01-15,15:20:00,14990,15030,14950,15030,5110,76550000,1525,3585
060250,2026-01-15,15:30:00,15020,15020,15020,15020,5142,77230000,5092,0
060250,2026-01-16,09:05:00,15130,15470,15120,15330,27750,426170000,20566,7184
060250,2026-01-16,09:10:00,15320,15320,15130,15160,12478,189490000,2673,9805
060250,2026-01-16,09:15:00,15150,15150,15060,15150,5210,78700000,764,4446
060250,2026-01-16,09:20:00,15110,15130,15040,15090,16818,253510000,2125,14693
060250,2026-01-16,09:25:00,15040,15040,15000,15040,9692,145530000,3187,6505
060250,2026-01-16,09:30:00,15040,15050,15020,15050,2154,32370000,1102,1052
060250,2026-01-16,09:35:00,15050,15060,15020,15030,2943,44260000,752,2191
060250,2026-01-16,09:40:00,15020,15050,15020,15050,1451,21820000,791,660
060250,2026-01-16,09:45:00,15040,15050,15030,15040,2313,34790000,922,1391
060250,2026-01-16,09:50:00,15060,15060,15000,15000,5927,89020000,1869,4058
060250,2026-01-16,09:55:00,15000,15000,14960,14970,6977,104490000,814,6163
060250,2026-01-16,10:00:00,14960,14960,14900,14920,12514,186810000,2936,9578
060250,2026-01-16,10:05:00,14910,14940,14840,14910,11213,166850000,3066,8147
060250,2026-01-16,10:10:00,14910,14940,14900,14920,1212,18080000,342,870
060250,2026-01-16,10:15:00,14910,14910,14880,14900,2778,41380000,1067,1711
060250,2026-01-16,10:20:00,14900,14910,14890,14910,2110,31430000,718,1392
060250,2026-01-16,10:25:00,14910,14940,14890,14930,1515,22610000,1040,475
060250,2026-01-16,10:30:00,14920,14920,14870,14880,4351,64760000,444,3907
060250,2026-01-16,10:35:00,14880,14940,14850,14880,2078,30890000,386,1692
060250,2026-01-16,10:40:00,14870,14900,14870,14880,1491,22190000,881,610
060250,2026-01-16,10:45:00,14880,14890,14850,14870,4912,73040000,1379,3533
060250,2026-01-16,10:50:00,14870,14880,14850,14860,4094,60850000,869,3225
060250,2026-01-16,10:55:00,14870,14870,14840,14840,9099,135110000,1967,7132
060250,2026-01-16,11:00:00,14840,14850,14830,14850,5565,82600000,901,4664
060250,2026-01-16,11:05:00,14850,14870,14850,14850,1224,18190000,466,758
060250,2026-01-16,11:10:00,14860,14870,14830,14870,3166,47000000,1168,1998
060250,2026-01-16,11:15:00,14870,14870,14850,14850,1351,20070000,449,902
060250,2026-01-16,11:20:00,14850,14870,14850,14860,1918,28500000,1090,828
060250,2026-01-16,11:25:00,14860,14880,14850,14860,7241,107610000,877,6364
060250,2026-01-16,11:30:00,14860,14870,14850,14860,2088,31020000,43,2045
060250,2026-01-16,11:35:00,14870,14870,14840,14870,2943,43720000,834,2109
060250,2026-01-16,11:40:00,14870,14870,14840,14870,1930,28670000,791,1139
060250,2026-01-16,11:45:00,14870,14870,14850,14860,1060,15750000,484,576
060250,2026-01-16,11:50:00,14860,14860,14820,14850,4879,72400000,650,4229
060250,2026-01-16,11:55:00,14830,14870,14810,14820,2948,43700000,671,2277
060250,2026-01-16,12:00:00,14820,14830,14800,14820,4667,69140000,664,4003
060250,2026-01-16,12:05:00,14820,14820,14770,14780,15554,230130000,2922,12632
060250,2026-01-16,12:10:00,14780,14800,14770,14780,3692,54580000,1299,2393
060250,2026-01-16,12:15:00,14780,14800,14780,14790,1735,25660000,1485,250
060250,2026-01-16,12:20:00,14790,14800,14780,14800,2970,43920000,1352,1618
060250,2026-01-16,12:25:00,14800,14800,14740,14760,7349,108520000,2133,5216
060250,2026-01-16,12:30:00,14760,14800,14750,14790,5578,82440000,2137,3441
060250,2026-01-16,12:35:00,14790,14790,14740,14770,6100,89990000,2245,3855
060250,2026-01-16,12:40:00,14770,14920,14760,14790,1934,28630000,1525,409
060250,2026-01-16,12:45:00,14790,14790,14750,14750,2969,43840000,507,2462
060250,2026-01-16,12:50:00,14750,14760,14730,14750,3657,53900000,1428,2229
060250,2026-01-16,12:55:00,14750,14750,14730,14730,1718,25320000,480,1238
060250,2026-01-16,13:00:00,14730,14740,14730,14730,2381,35080000,238,2143
060250,2026-01-16,13:05:00,14740,14740,14720,14730,2964,43660000,616,2348
060250,2026-01-16,13:10:00,14730,14730,14680,14700,7828,115120000,1469,6359
060250,2026-01-16,13:15:00,14700,14730,14690,14710,2542,37370000,2015,527
060250,2026-01-16,13:20:00,14700,14710,14700,14700,1747,25690000,512,1235
060250,2026-01-16,13:25:00,14710,14710,14700,14710,2313,34010000,776,1537
060250,2026-01-16,13:30:00,14710,14710,14680,14710,4981,73190000,1799,3182
060250,2026-01-16,13:35:00,14690,14700,14670,14670,7932,116520000,2324,5608
060250,2026-01-16,13:40:00,14670,14680,14630,14630,7126,104430000,2197,4929
060250,2026-01-16,13:45:00,14630,14630,14500,14560,20086,292630000,4230,15856
060250,2026-01-16,13:50:00,14560,14600,14560,14590,3012,43900000,1900,1112
060250,2026-01-16,13:55:00,14610,14620,14580,14590,4103,59900000,2808,1295
060250,2026-01-16,14:00:00,14580,14610,14580,14580,3451,50360000,2329,1122
060250,2026-01-16,14:05:00,14590,14600,14540,14580,4510,65700000,1648,2862
060250,2026-01-16,14:10:00,14580,14690,14570,14580,2676,39040000,1196,1480
060250,2026-01-16,14:15:00,14580,14610,14570,14600,1249,18220000,629,620
060250,2026-01-16,14:20:00,14590,14600,14570,14580,823,12000000,330,493
060250,2026-01-16,14:25:00,14580,14580,14550,14560,5152,75030000,271,4881
060250,2026-01-16,14:30:00,14560,14570,14530,14540,8491,123550000,3871,4620
060250,2026-01-16,14:35:00,14550,14550,14530,14550,1660,24140000,270,1390
060250,2026-01-16,14:40:00,14550,14550,14530,14540,1317,19140000,233,1084
060250,2026-01-16,14:45:00,14540,14550,14520,14520,4277,62150000,1839,2438
060250,2026-01-16,14:50:00,14530,14540,14510,14520,3593,52190000,1429,2164
060250,2026-01-16,14:55:00,14530,14540,14520,14530,2950,42860000,1042,1908
060250,2026-01-16,15:00:00,14520,14550,14520,14530,985,14310000,647,338
060250,2026-01-16,15:05:00,14540,14540,14520,14520,4640,67400000,728,3912
060250,2026-01-16,15:10:00,14530,14540,14520,14530,4717,68540000,558,4159
060250,2026-01-16,15:15:00,14530,14540,14520,14530,5531,80380000,2639,2892
060250,2026-01-16,15:20:00,14530,14550,14520,14550,5874,85350000,3415,2459
060250,2026-01-16,15:30:00,14520,14520,14520,14520,10239,148670000,10239,0
060250,2026-01-19,09:05:00,14600,14610,14500,14510,4435,64550000,2517,1918
060250,2026-01-19,09:10:00,14510,14510,14350,14370,10075,145460000,1231,8844
060250,2026-01-19,09:15:00,14380,14400,14280,14320,7775,111290000,1785,5990
060250,2026-01-19,09:20:00,14320,14330,14220,14250,8532,121750000,1846,6686
060250,2026-01-19,09:25:00,14250,14450,14210,14380,4455,63550000,2219,2236
060250,2026-01-19,09:30:00,14370,14380,14330,14340,1659,23810000,286,1373
060250,2026-01-19,09:35:00,14340,14350,14310,14310,1508,21600000,302,1206
060250,2026-01-19,09:40:00,14310,14330,14280,14320,4046,57890000,1839,2207
060250,2026-01-19,09:45:00,14320,14320,14280,14310,1244,17780000,286,958
060250,2026-01-19,09:50:00,14310,14310,14250,14270,7129,101710000,360,6769
060250,2026-01-19,09:55:00,14270,14270,14250,14250,1537,21910000,168,1369
060250,2026-01-19,10:00:00,14250,14250,14230,14240,2686,38250000,812,1874
060250,2026-01-19,10:05:00,14240,14250,14220,14230,2933,41720000,104,2829
060250,2026-01-19,10:10:00,14220,14230,14210,14230,2517,35800000,876,1641
060250,2026-01-19,10:15:00,14220,14230,14210,14230,3748,53300000,513,3235
060250,2026-01-19,10:20:00,14220,14240,14190,14210,11928,169430000,1476,10452
060250,2026-01-19,10:25:00,14210,14270,14200,14260,3966,56470000,3010,956
060250,2026-01-19,10:30:00,14260,14260,14210,14230,1860,26480000,261,1599
060250,2026-01-19,10:35:00,14230,14260,14220,14250,2634,37510000,1051,1583
060250,2026-01-19,10:40:00,14260,14290,14210,14270,2641,37580000,591,2050
060250,2026-01-19,10:45:00,14250,14270,14235,14240,676,9630000,401,275
060250,2026-01-19,10:50:00,14240,14290,14230,14290,1729,24660000,729,1000
060250,2026-01-19,10:55:00,14290,14310,14280,14300,1436,20520000,662,774
060250,2026-01-19,11:00:00,14290,14320,14290,14310,1973,28230000,1288,685
060250,2026-01-19,11:05:00,14310,14330,14300,14310,6847,98040000,2178,4669
060250,2026-01-19,11:10:00,14300,14310,14250,14250,1229,17560000,248,981
060250,2026-01-19,11:15:00,14260,14260,14230,14240,2550,36310000,521,2029
060250,2026-01-19,11:20:00,14230,14250,14210,14250,3522,50090000,343,3179
060250,2026-01-19,11:25:00,14230,14240,14210,14210,3374,47980000,835,2539
060250,2026-01-19,11:30:00,14220,14260,14220,14260,1787,25440000,1369,418
060250,2026-01-19,11:35:00,14260,14270,14250,14260,696,9920000,409,287
060250,2026-01-19,11:40:00,14260,14280,14250,14260,1289,18390000,1074,215
060250,2026-01-19,11:45:00,14270,14280,14260,14270,1222,17430000,451,771
060250,2026-01-19,11:50:00,14270,14280,14260,14260,896,12790000,280,616
060250,2026-01-19,11:55:00,14270,14270,14260,14260,2108,30060000,300,1808
060250,2026-01-19,12:00:00,14270,14270,14250,14250,1495,21320000,199,1296
060250,2026-01-19,12:05:00,14250,14260,14250,14250,3087,43990000,356,2731
060250,2026-01-19,12:10:00,14250,14290,14240,14270,4562,65070000,3663,899
060250,2026-01-19,12:15:00,14280,14300,14260,14300,2009,28710000,1648,361
060250,2026-01-19,12:20:00,14310,14310,14270,14290,1928,27550000,1118,810
060250,2026-01-19,12:25:00,14290,14300,14270,14290,1414,20200000,811,603
060250,2026-01-19,12:30:00,14290,14290,14260,14280,942,13440000,375,567
060250,2026-01-19,12:35:00,14270,14280,14270,14280,1473,21030000,967,506
060250,2026-01-19,12:40:00,14280,14290,14270,14290,932,13320000,649,283
060250,2026-01-19,12:45:00,14280,14300,14280,14290,2226,31800000,1618,608
060250,2026-01-19,12:50:00,14290,14300,14280,14290,2584,36910000,507,2077
060250,2026-01-19,12:55:00,14280,14320,14260,14280,7251,103640000,4638,2613
060250,2026-01-19,13:00:00,14290,14290,14260,14270,1858,26530000,492,1366
060250,2026-01-19,13:05:00,14270,14290,14260,14270,1302,18570000,426,876
060250,2026-01-19,13:10:00,14270,14270,14250,14250,1448,20640000,286,1162
060250,2026-01-19,13:15:00,14260,14280,14250,14270,2111,30110000,1044,1067
060250,2026-01-19,13:20:00,14270,14310,14270,14300,1917,27390000,1689,228
060250,2026-01-19,13:25:00,14310,14310,14260,14300,1583,22600000,225,1358
060250,2026-01-19,13:30:00,14300,14300,14240,14280,3236,46130000,186,3050
060250,2026-01-19,13:35:00,14280,14290,14250,14270,1062,15150000,303,759
060250,2026-01-19,13:40:00,14260,14270,14250,14260,1940,27660000,490,1450
060250,2026-01-19,13:45:00,14250,14260,14230,14240,2178,31010000,830,1348
060250,2026-01-19,13:50:00,14240,14250,14230,14240,1661,23650000,247,1414
060250,2026-01-19,13:55:00,14250,14250,14230,14250,4377,62350000,1413,2964
060250,2026-01-19,14:00:00,14240,14270,14240,14250,3056,43550000,2514,542
060250,2026-01-19,14:05:00,14260,14280,14240,14250,1447,20620000,408,1039
060250,2026-01-19,14:10:00,14250,14250,14240,14250,3302,47030000,774,2528
060250,2026-01-19,14:15:00,14250,14250,14240,14250,1085,15450000,310,775
060250,2026-01-19,14:20:00,14240,14250,14230,14240,2548,36280000,922,1626
060250,2026-01-19,14:25:00,14240,14250,14220,14220,3478,49480000,698,2780
060250,2026-01-19,14:30:00,14230,14240,14210,14230,1073,15260000,380,693
060250,2026-01-19,14:35:00,14220,14240,14220,14230,1214,17270000,427,787
060250,2026-01-19,14:40:00,14230,14240,14220,14230,1227,17460000,469,758
060250,2026-01-19,14:45:00,14230,14250,14230,14250,1215,17290000,702,513
060250,2026-01-19,14:50:00,14240,14260,14240,14250,1267,18050000,741,526
060250,2026-01-19,14:55:00,14240,14260,14240,14250,2028,28900000,1131,897
060250,2026-01-19,15:00:00,14240,14280,14240,14280,3516,50150000,2339,1177
060250,2026-01-19,15:05:00,14280,14290,14270,14290,1850,26410000,1375,475
060250,2026-01-19,15:10:00,14290,14290,14270,14280,1928,27530000,811,1117
060250,2026-01-19,15:15:00,14280,14280,14250,14270,4940,70440000,2474,2466
060250,2026-01-19,15:20:00,14270,14280,14230,14280,4555,64900000,880,3675
060250,2026-01-19,15:30:00,14280,14280,14280,14280,4344,62020000,4335,0
060250,2026-01-20,09:05:00,14250,14450,14190,14430,23557,336490000,14801,8756
060250,2026-01-20,09:10:00,14430,14430,14200,14240,6329,90510000,1808,4521
060250,2026-01-20,09:15:00,14270,14340,14200,14250,9944,141900000,5250,4694
060250,2026-01-20,09:20:00,14250,14250,14100,14140,16773,237650000,5593,11180
060250,2026-01-20,09:25:00,14160,14250,14140,14250,9855,139840000,6452,3403
060250,2026-01-20,09:30:00,14250,14480,14250,14420,16363,234830000,12317,4046
060250,2026-01-20,09:35:00,14410,14520,14360,14470,22691,328190000,15870,6821
060250,2026-01-20,09:40:00,14480,14490,14420,14440,11142,161100000,3518,7624
060250,2026-01-20,09:45:00,14450,14510,14430,14450,8823,127700000,6395,2428
060250,2026-01-20,09:50:00,14460,14480,14440,14470,3823,55250000,2167,1656
060250,2026-01-20,09:55:00,14470,14490,14460,14480,5465,79110000,4229,1236
060250,2026-01-20,10:00:00,14490,14500,14470,14480,6208,89900000,2830,3378
060250,2026-01-20,10:05:00,14480,14560,14480,14530,9136,132680000,6585,2551
060250,2026-01-20,10:10:00,14520,14540,14490,14500,4189,60790000,605,3584
060250,2026-01-20,10:15:00,14500,14520,14500,14520,6611,95940000,5061,1550
060250,2026-01-20,10:20:00,14520,14520,14500,14510,3270,47430000,814,2456
060250,2026-01-20,10:25:00,14510,14520,14500,14520,4042,58610000,1075,2967
060250,2026-01-20,10:30:00,14520,14560,14520,14550,3575,51990000,2868,707
060250,2026-01-20,10:35:00,14550,14580,14540,14550,3705,53930000,2217,1488
060250,2026-01-20,10:40:00,14550,14570,14540,14540,3354,48790000,1487,1867
060250,2026-01-20,10:45:00,14550,14550,14520,14520,2591,37650000,865,1726
060250,2026-01-20,10:50:00,14550,14560,14530,14540,909,13230000,341,568
060250,2026-01-20,10:55:00,14540,14560,14540,14540,2932,42630000,314,2618
060250,2026-01-20,11:00:00,14530,14540,14500,14500,2184,31720000,465,1719
060250,2026-01-20,11:05:00,14510,14540,14490,14510,3885,56360000,2491,1394
060250,2026-01-20,11:10:00,14520,14540,14490,14520,2584,37510000,1714,870
060250,2026-01-20,11:15:00,14520,14540,14500,14520,1470,21340000,142,1328
060250,2026-01-20,11:20:00,14510,14520,14490,14510,1707,24750000,451,1256
060250,2026-01-20,11:25:00,14530,14600,14530,14570,5804,84520000,3815,1989
060250,2026-01-20,11:30:00,14560,14580,14500,14500,5120,74440000,2036,3084
060250,2026-01-20,11:35:00,14550,14570,14530,14560,2089,30410000,1513,576
060250,2026-01-20,11:40:00,14580,14580,14550,14570,872,12710000,295,577
060250,2026-01-20,11:45:00,14570,14590,14500,14560,4486,65250000,1911,2575
060250,2026-01-20,11:50:00,14580,14590,14560,14580,2285,33310000,1402,883
060250,2026-01-20,11:55:00,14590,14630,14500,14610,7925,115540000,4026,3899
060250,2026-01-20,12:00:00,14560,14660,14560,14630,5830,85370000,4042,1788
060250,2026-01-20,12:05:00,14630,14650,14630,14650,1744,25520000,654,1090
060250,2026-01-20,12:10:00,14640,14680,14640,14680,4009,58780000,2361,1648
060250,2026-01-20,12:15:00,14660,14680,14640,14650,1948,28550000,545,1403
060250,2026-01-20,12:20:00,14650,14660,14630,14640,2671,39100000,748,1923
060250,2026-01-20,12:25:00,14640,14670,14640,14650,2869,42040000,1816,1053
060250,2026-01-20,12:30:00,14650,14670,14650,14660,1310,19210000,853,457
060250,2026-01-20,12:35:00,14660,14680,14650,14680,3250,47670000,1884,1366
060250,2026-01-20,12:40:00,14680,14680,14660,14670,1795,26340000,798,997
060250,2026-01-20,12:45:00,14670,14680,14650,14660,1465,21480000,232,1233
060250,2026-01-20,12:50:00,14660,14680,14650,14660,1684,24690000,407,1277
060250,2026-01-20,12:55:00,14660,14670,14640,14640,2820,41350000,1120,1700
060250,2026-01-20,13:00:00,14640,14660,14640,14650,916,13420000,377,539
060250,2026-01-20,13:05:00,14650,14670,14640,14660,2218,32500000,1097,1121
060250,2026-01-20,13:10:00,14660,14660,14620,14630,856,12530000,159,697
060250,2026-01-20,13:15:00,14630,14640,14570,14590,2915,42570000,1152,1763
060250,2026-01-20,13:20:00,14590,14640,14590,14600,1784,26060000,858,926
060250,2026-01-20,13:25:00,14610,14620,14580,14600,2081,30400000,890,1191
060250,2026-01-20,13:30:00,14610,14720,14600,14720,15013,220220000,13557,1456
060250,2026-01-20,13:35:00,14720,14920,14710,14910,33523,497140000,23929,9594
060250,2026-01-20,13:40:00,14920,15350,14910,15290,133786,2022790000,91666,42120
060250,2026-01-20,13:45:00,15280,15290,14940,15010,66188,998450000,20495,45693
060250,2026-01-20,13:50:00,15030,15080,14920,14990,27948,418950000,5189,22759
060250,2026-01-20,13:55:00,14990,15030,14980,15010,13326,199890000,4498,8828
060250,2026-01-20,14:00:00,15010,15030,14920,14930,13301,199050000,4263,9038
060250,2026-01-20,14:05:00,14930,14960,14900,14920,15486,230980000,9801,5685
060250,2026-01-20,14:10:00,14920,14960,14870,14950,7868,117320000,2709,5159
060250,2026-01-20,14:15:00,14940,14960,14900,14950,5865,87580000,2747,3118
060250,2026-01-20,14:20:00,14950,14970,14910,14920,4536,67780000,2012,2524
060250,2026-01-20,14:25:00,14930,14930,14860,14860,4422,65870000,876,3546
060250,2026-01-20,14:30:00,14860,14910,14860,14900,4322,64310000,2274,2048
060250,2026-01-20,14:35:00,14900,14910,14870,14900,2936,43700000,468,2468
060250,2026-01-20,14:40:00,14900,14930,14860,14920,4651,69290000,1423,3228
060250,2026-01-20,14:45:00,14920,14960,14860,14950,8761,130880000,4693,4068
060250,2026-01-20,14:50:00,14940,14960,14890,14940,1704,25450000,699,1005
060250,2026-01-20,14:55:00,14930,14940,14860,14930,3326,49550000,583,2743
060250,2026-01-20,15:00:00,14920,14920,14860,14890,4596,68450000,2370,2226
060250,2026-01-20,15:05:00,14890,14920,14890,14900,1953,29110000,716,1237
060250,2026-01-20,15:10:00,14900,14900,14850,14850,7330,108940000,2773,4557
060250,2026-01-20,15:15:00,14850,14860,14830,14850,8136,120760000,3818,4318
060250,2026-01-20,15:20:00,14840,14880,14810,14860,4398,65240000,2267,2131
060250,2026-01-20,15:30:00,14810,14810,14810,14810,13163,194940000,13159,0
060250,2026-01-21,09:05:00,14420,14660,14360,14410,13723,198020000,5330,8393
060250,2026-01-21,09:10:00,14410,14490,14340,14350,7892,113370000,1604,6288
060250,2026-01-21,09:15:00,14350,14350,14280,14280,9460,135370000,901,8559
060250,2026-01-21,09:20:00,14270,14520,14240,14310,15365,220740000,7693,7672
060250,2026-01-21,09:25:00,14310,14330,14280,14290,6160,88030000,971,5189
060250,2026-01-21,09:30:00,14280,14350,14280,14350,3919,56010000,1622,2297
060250,2026-01-21,09:35:00,14300,14340,14280,14290,2634,37670000,509,2125
060250,2026-01-21,09:40:00,14290,14330,14260,14270,5928,84690000,2026,3902
060250,2026-01-21,09:45:00,14270,14280,14230,14270,7953,113350000,1676,6277
060250,2026-01-21,09:50:00,14270,14280,14240,14260,3791,54050000,687,3104
060250,2026-01-21,09:55:00,14260,14270,14220,14240,5840,83200000,914,4926
060250,2026-01-21,10:00:00,14230,14280,14200,14220,10392,147770000,1994,8398
060250,2026-01-21,10:05:00,14240,14240,14170,14210,9810,139120000,3234,6576
060250,2026-01-21,10:10:00,14210,14240,14190,14230,2664,37890000,1074,1590
060250,2026-01-21,10:15:00,14230,14300,14230,14240,3020,43040000,2009,1011
060250,2026-01-21,10:20:00,14250,14250,14200,14200,2310,32850000,950,1360
060250,2026-01-21,10:25:00,14190,14200,14170,14180,5688,80660000,1679,4009
060250,2026-01-21,10:30:00,14180,14210,14180,14200,3151,44730000,2172,979
060250,2026-01-21,10:35:00,14200,14220,14190,14210,3526,50090000,1005,2521
060250,2026-01-21,10:40:00,14200,14200,14170,14190,3901,55340000,789,3112
060250,2026-01-21,10:45:00,14190,14210,14180,14200,4609,65420000,1718,2891
060250,2026-01-21,10:50:00,14190,14200,14170,14200,3907,55420000,877,3030
060250,2026-01-21,10:55:00,14210,14260,14200,14200,3141,44690000,543,2598
060250,2026-01-21,11:00:00,14200,14240,14200,14200,1969,27980000,786,1183
060250,2026-01-21,11:05:00,14210,14220,14180,14190,12050,170990000,2982,9068
060250,2026-01-21,11:10:00,14190,14200,14190,14200,988,14020000,258,730
060250,2026-01-21,11:15:00,14200,14210,14190,14210,1922,27290000,1415,507
060250,2026-01-21,11:20:00,14210,14210,14190,14190,1750,24840000,239,1511
060250,2026-01-21,11:25:00,14190,14200,14180,14180,3913,55510000,666,3247
060250,2026-01-21,11:30:00,14180,14200,14170,14180,6821,96740000,2331,4490
060250,2026-01-21,11:35:00,14180,14190,14110,14130,13720,194050000,1365,12355
060250,2026-01-21,11:40:00,14130,14150,14040,14060,18794,264760000,7854,10940
060250,2026-01-21,11:45:00,14130,14140,14060,14120,3528,49790000,1498,2030
060250,2026-01-21,11:50:00,14110,14120,14060,14080,4006,56360000,1860,2146
060250,2026-01-21,11:55:00,14090,14120,14080,14120,1705,24040000,882,823
060250,2026-01-21,12:00:00,14110,14110,14090,14100,2177,30690000,972,1205
060250,2026-01-21,12:05:00,14100,14110,14090,14100,3180,44840000,2873,307
060250,2026-01-21,12:10:00,14110,14110,14050,14070,21031,295750000,1296,19735
060250,2026-01-21,12:15:00,14100,14100,14060,14080,1879,26450000,690,1189
060250,2026-01-21,12:20:00,14080,14090,14070,14090,533,7510000,188,345
060250,2026-01-21,12:25:00,14090,14110,14080,14110,1516,21370000,1266,250
060250,2026-01-21,12:30:00,14120,14130,14110,14130,756,10670000,388,368
060250,2026-01-21,12:35:00,14120,14140,14120,14140,2135,30160000,1825,310
060250,2026-01-21,12:40:00,14140,14150,14100,14100,4579,64650000,2317,2262
060250,2026-01-21,12:45:00,14120,14130,14110,14120,432,6100000,242,190
060250,2026-01-21,12:50:00,14120,14120,14110,14120,1541,21740000,673,868
060250,2026-01-21,12:55:00,14120,14120,14110,14120,1456,20560000,723,733
060250,2026-01-21,13:00:00,14110,14120,14110,14110,2339,33000000,658,1681
060250,2026-01-21,13:05:00,14120,14120,14100,14100,1230,17360000,904,326
060250,2026-01-21,13:10:00,14100,14120,14090,14120,3113,43910000,2260,853
060250,2026-01-21,13:15:00,14120,14150,14110,14150,928,13130000,665,263
060250,2026-01-21,13:20:00,14150,14150,14140,14150,723,10230000,709,14
060250,2026-01-21,13:25:00,14150,14160,14140,14160,1174,16610000,307,867
060250,2026-01-21,13:30:00,14160,14170,14150,14160,655,9280000,210,445
060250,2026-01-21,13:35:00,14160,14170,14140,14160,723,10230000,288,435
060250,2026-01-21,13:40:00,14160,14160,14130,14140,1526,21590000,165,1361
060250,2026-01-21,13:45:00,14140,14140,14120,14130,795,11230000,265,530
060250,2026-01-21,13:50:00,14130,14150,14110,14110,1053,14870000,290,763
060250,2026-01-21,13:55:00,14120,14140,14110,14120,1700,24010000,1378,322
060250,2026-01-21,14:00:00,14110,14130,14090,14090,4323,60960000,260,4063
060250,2026-01-21,14:05:00,14100,14120,14080,14120,10108,142480000,3984,6124
060250,2026-01-21,14:10:00,14120,14120,14100,14100,437,6160000,162,275
060250,2026-01-21,14:15:00,14120,14120,14100,14100,2054,28980000,1533,521
060250,2026-01-21,14:20:00,14100,14110,14090,14110,2130,30030000,1078,1052
060250,2026-01-21,14:25:00,14110,14110,14090,14100,2055,28970000,62,1993
060250,2026-01-21,14:30:00,14100,14100,14090,14100,1562,22020000,908,654
060250,2026-01-21,14:35:00,14100,14110,14090,14110,3465,48860000,2418,1047
060250,2026-01-21,14:40:00,14110,14120,14100,14110,1669,23570000,1609,60
060250,2026-01-21,14:45:00,14110,14120,14100,14100,2852,40220000,380,2472
060250,2026-01-21,14:50:00,14110,14120,14100,14110,3361,47410000,1032,2329
060250,2026-01-21,14:55:00,14110,14120,14100,14120,1158,16340000,513,645
060250,2026-01-21,15:00:00,14110,14110,14100,14100,2395,33770000,648,1747
060250,2026-01-21,15:05:00,14100,14110,14090,14100,4380,61740000,1533,2847
060250,2026-01-21,15:10:00,14100,14120,14100,14120,4353,61400000,1876,2477
060250,2026-01-21,15:15:00,14120,14140,14110,14140,4750,67110000,3683,1067
060250,2026-01-21,15:20:00,14140,14140,14120,14130,3253,45940000,1358,1895
060250,2026-01-21,15:30:00,14100,14100,14100,14100,13513,190540000,13513,0
060250,2026-01-22,09:05:00,14150,14270,14150,14160,12500,177220000,6538,5962
060250,2026-01-22,09:10:00,14160,14240,14090,14110,9728,137520000,2610,7118
060250,2026-01-22,09:15:00,14110,14140,14000,14080,14995,210710000,6328,8667
060250,2026-01-22,09:20:00,14080,14100,14040,14080,6355,89450000,5059,1296
060250,2026-01-22,09:25:00,14080,14100,14050,14060,6626,93220000,2030,4596
060250,2026-01-22,09:30:00,14060,14090,14050,14060,3068,43140000,718,2350
060250,2026-01-22,09:35:00,14060,14120,13990,14010,21229,297900000,5432,15797
060250,2026-01-22,09:40:00,14010,14060,14000,14000,8175,114530000,3313,4862
060250,2026-01-22,09:45:00,14020,14060,14000,14030,2978,41740000,433,2545
060250,2026-01-22,09:50:00,14020,14050,14010,14020,4289,60130000,908,3381
060250,2026-01-22,09:55:00,14020,14060,14000,14050,5988,83960000,2300,3688
060250,2026-01-22,10:00:00,14050,14150,14030,14140,3409,47980000,2074,1335
060250,2026-01-22,10:05:00,14140,14200,14140,14190,10660,151110000,5105,5555
060250,2026-01-22,10:10:00,14190,14190,14150,14170,2193,31090000,453,1740
060250,2026-01-22,10:15:00,14170,14170,14110,14110,4003,56560000,2545,1458
060250,2026-01-22,10:20:00,14120,14140,14110,14130,2965,41890000,2426,539
060250,2026-01-22,10:25:00,14120,14150,14120,14120,3823,54050000,1764,2059
060250,2026-01-22,10:30:00,14120,14190,14110,14190,3282,46430000,2549,733
060250,2026-01-22,10:35:00,14150,14240,14120,14210,3097,43950000,1815,1282
060250,2026-01-22,10:40:00,14210,14210,14170,14170,1835,26050000,848,987
060250,2026-01-22,10:45:00,14170,14210,14160,14170,3103,44050000,1691,1412
060250,2026-01-22,10:50:00,14170,14210,14160,14180,4164,59080000,3477,687
060250,2026-01-22,10:55:00,14190,14230,14190,14220,1564,22220000,1477,87
060250,2026-01-22,11:00:00,14200,14240,14200,14240,1216,17290000,937,279
060250,2026-01-22,11:05:00,14250,14280,14240,14270,2633,37560000,2527,106
060250,2026-01-22,11:10:00,14270,14280,14250,14260,1827,26040000,266,1561
060250,2026-01-22,11:15:00,14250,14250,14230,14230,1471,20960000,658,813
060250,2026-01-22,11:20:00,14230,14270,14190,14260,2026,28830000,617,1409
060250,2026-01-22,11:25:00,14270,14270,14250,14260,1378,19650000,663,715
060250,2026-01-22,11:30:00,14260,14260,14250,14250,335,4770000,213,122
060250,2026-01-22,11:35:00,14260,14260,14230,14250,1676,23880000,684,992
060250,2026-01-22,11:40:00,14245,14245,14235,14235,438,6240000,228,210
060250,2026-01-22,11:45:00,14225,14270,14220,14260,9195,130900000,9036,159
060250,2026-01-22,11:50:00,14250,14270,14250,14270,1188,16950000,1186,2
060250,2026-01-22,11:55:00,14270,14290,14260,14290,1776,25360000,1575,201
060250,2026-01-22,12:00:00,14280,14380,14270,14330,9604,137610000,7612,1992
060250,2026-01-22,12:05:00,14310,14360,14310,14320,1864,26710000,1075,789
060250,2026-01-22,12:10:00,14330,14330,14310,14330,2611,37390000,2282,329
060250,2026-01-22,12:15:00,14330,14330,14310,14320,1108,15860000,683,425
060250,2026-01-22,12:20:00,14310,14320,14310,14320,1669,23890000,384,1285
060250,2026-01-22,12:25:00,14320,14330,14310,14310,2032,29100000,692,1340
060250,2026-01-22,12:30:00,14310,14310,14290,14290,624,8920000,12,612
060250,2026-01-22,12:35:00,14290,14310,14290,14300,717,10250000,86,631
060250,2026-01-22,12:40:00,14300,14300,14280,14280,738,10540000,113,625
060250,2026-01-22,12:45:00,14280,14280,14260,14270,1022,14590000,381,641
060250,2026-01-22,12:50:00,14270,14290,14260,14280,793,11320000,669,124
060250,2026-01-22,12:55:00,14280,14280,14260,14260,1153,16450000,295,858
060250,2026-01-22,13:00:00,14260,14270,14230,14260,2216,31590000,768,1448
060250,2026-01-22,13:05:00,14260,14270,14220,14240,1706,24290000,166,1540
060250,2026-01-22,13:10:00,14230,14240,14190,14190,3575,50790000,637,2938
060250,2026-01-22,13:15:00,14200,14200,14170,14180,2374,33670000,580,1794
060250,2026-01-22,13:20:00,14200,14220,14180,14190,2103,29850000,1752,351
060250,2026-01-22,13:25:00,14200,14220,14190,14220,1173,16670000,517,656
060250,2026-01-22,13:30:00,14220,14230,14190,14190,1826,25940000,638,1188
060250,2026-01-22,13:35:00,14200,14220,14200,14200,317,4510000,16,301
060250,2026-01-22,13:40:00,14210,14230,14210,14210,1480,21030000,311,1169
060250,2026-01-22,13:45:00,14210,14250,14210,14250,2111,30050000,2052,59
060250,2026-01-22,13:50:00,14250,14270,14200,14260,5661,80530000,2620,3041
060250,2026-01-22,13:55:00,14260,14260,14210,14250,1355,19270000,428,927
060250,2026-01-22,14:00:00,14240,14240,14230,14230,94,1340000,94,0
060250,2026-01-22,14:05:00,14220,14240,14210,14220,1444,20530000,505,939
060250,2026-01-22,14:10:00,14210,14240,14210,14240,1002,14240000,385,617
060250,2026-01-22,14:15:00,14230,14250,14220,14220,2428,34560000,1761,667
060250,2026-01-22,14:20:00,14240,14240,14210,14230,660,9390000,112,548
060250,2026-01-22,14:25:00,14230,14250,14230,14230,539,7670000,529,10
060250,2026-01-22,14:30:00,14240,14260,14230,14230,712,10130000,135,577
060250,2026-01-22,14:35:00,14230,14230,14220,14230,1326,18870000,207,1119
060250,2026-01-22,14:40:00,14230,14230,14220,14230,1099,15630000,424,675
060250,2026-01-22,14:45:00,14230,14230,14210,14220,1989,28270000,759,1230
060250,2026-01-22,14:50:00,14210,14220,14200,14220,1532,21770000,849,683
060250,2026-01-22,14:55:00,14210,14220,14190,14200,2451,34810000,522,1929
060250,2026-01-22,15:00:00,14200,14210,14190,14200,2977,42270000,1022,1955
060250,2026-01-22,15:05:00,14190,14200,14150,14200,5382,76320000,2052,3330
060250,2026-01-22,15:10:00,14200,14230,14190,14220,2142,30440000,1298,844
060250,2026-01-22,15:15:00,14230,14230,14190,14210,5092,72370000,1927,3165
060250,2026-01-22,15:20:00,14210,14230,14190,14230,4722,67150000,4078,644
060250,2026-01-22,15:30:00,14230,14230,14230,14230,9444,134380000,9443,0
060250,2026-01-23,09:05:00,14290,14590,14260,14480,13176,190150000,10450,2726
060250,2026-01-23,09:10:00,14490,14900,14490,14760,59114,870170000,43060,16054
060250,2026-01-23,09:15:00,14760,15010,14750,14800,46014,684770000,31204,14810
060250,2026-01-23,09:20:00,14770,14860,14650,14750,21507,317220000,10119,11388
060250,2026-01-23,09:25:00,14750,14790,14640,14770,11725,172560000,4791,6934
060250,2026-01-23,09:30:00,14760,14880,14760,14800,11005,163150000,7438,3567
060250,2026-01-23,09:35:00,14800,14970,14740,14860,17610,261930000,12410,5200
060250,2026-01-23,09:40:00,14840,14840,14710,14830,13345,197170000,9179,4166
060250,2026-01-23,09:45:00,14840,14950,14810,14900,19959,297250000,11309,8650
060250,2026-01-23,09:50:00,14900,15230,14900,15220,85532,1290740000,63645,21887
060250,2026-01-23,09:55:00,15220,15300,15100,15290,81814,1245720000,47868,33946
060250,2026-01-23,10:00:00,15290,15400,15250,15360,115923,1777600000,81504,34419
060250,2026-01-23,10:05:00,15360,15410,15210,15370,60980,935490000,37110,23870
060250,2026-01-23,10:10:00,15370,15480,15360,15440,73719,1137620000,51472,22247
060250,2026-01-23,10:15:00,15440,15710,15410,15710,128636,1999660000,95809,32827
060250,2026-01-23,10:20:00,15860,16900,15850,16770,672509,10994340000,374533,297976
060250,2026-01-23,10:25:00,16760,17440,16710,17440,644300,11052840000,380395,263905
060250,2026-01-23,10:30:00,17600,17900,17420,17760,591862,10465410000,291364,300498
060250,2026-01-23,10:35:00,17750,17770,17400,17540,350468,6167970000,150113,200355
060250,2026-01-23,10:40:00,17540,17870,17450,17780,408824,7230400000,229056,179768
060250,2026-01-23,10:45:00,17780,17900,17620,17840,342148,6083650000,182700,159448
060250,2026-01-23,10:50:00,17840,18290,17750,18030,497919,8977480000,301810,196109
060250,2026-01-23,10:55:00,18030,18060,17450,17520,282891,5028240000,78763,204128
060250,2026-01-23,11:00:00,17480,17900,17480,17680,197877,3513220000,106955,90922
060250,2026-01-23,11:05:00,17680,17740,17470,17500,155855,2738870000,54537,101318
060250,2026-01-23,11:10:00,17500,17850,17490,17700,184892,3278230000,84815,100077
060250,2026-01-23,11:15:00,17730,17800,17420,17450,110376,1936830000,30890,79486
060250,2026-01-23,11:20:00,17450,17680,17240,17670,202695,3534260000,87859,114836
060250,2026-01-23,11:25:00,17680,17700,17570,17620,61231,1079470000,39872,21359
060250,2026-01-23,11:30:00,17600,17780,17570,17770,88582,1566640000,64414,24168
060250,2026-01-23,11:35:00,17780,18150,17710,18080,229854,4120930000,162358,67496
060250,2026-01-23,11:40:00,18080,18200,17930,18000,252651,4569990000,109894,142757
060250,2026-01-23,11:45:00,18000,18130,17900,17940,99864,1797550000,39136,60728
060250,2026-01-23,11:50:00,17950,18000,17820,17970,75454,1350190000,27027,48427
060250,2026-01-23,11:55:00,17970,18030,17730,17780,102497,1832730000,33844,68653
060250,2026-01-23,12:00:00,17790,17850,17630,17670,67750,1201740000,20229,47521
060250,2026-01-23,12:05:00,17660,17850,17640,17750,75509,1340250000,51425,24084
060250,2026-01-23,12:10:00,17740,17850,17730,17830,33012,587040000,15432,17580
060250,2026-01-23,12:15:00,17820,17880,17790,17840,39158,698290000,18692,20466
060250,2026-01-23,12:20:00,17840,17970,17630,17880,120954,2154300000,64905,56049
060250,2026-01-23,12:25:00,17890,17920,17800,17900,77928,1392400000,45752,32176
060250,2026-01-23,12:30:00,17900,18040,17880,17925,87833,1577620000,56798,31035
060250,2026-01-23,12:35:00,17925,18290,17910,18230,220385,4000900000,172964,47421
060250,2026-01-23,12:40:00,18240,18490,18210,18370,714116,13146580000,556837,157279
060250,2026-01-23,12:45:00,18380,18480,18290,18470,243080,4473650000,142615,100465
060250,2026-01-23,12:50:00,18470,18480,18300,18300,139015,2556510000,54768,84247
060250,2026-01-23,12:55:00,18300,18370,18220,18300,108628,1986950000,51607,57021
060250,2026-01-23,13:00:00,18310,18350,18170,18180,96614,1761340000,30703,65911
060250,2026-01-23,13:05:00,18180,18350,18040,18120,145693,2650480000,42918,102775
060250,2026-01-23,13:10:00,18130,18150,17900,17940,194919,3513550000,72275,122644
060250,2026-01-23,13:15:00,17970,18070,17340,17590,377738,6653630000,118560,259178
060250,2026-01-23,13:20:00,17590,17850,17510,17840,200121,3544180000,109824,90297
060250,2026-01-23,13:25:00,17840,18030,17820,17930,145126,2602740000,83679,61447
060250,2026-01-23,13:30:00,17930,18000,17850,18000,65002,1164940000,40297,24705
060250,2026-01-23,13:35:00,17990,18160,17960,18160,95896,1733990000,63948,31948
060250,2026-01-23,13:40:00,18160,18180,18050,18110,74730,1354740000,33601,41129
060250,2026-01-23,13:45:00,18110,18250,18100,18220,88258,1604910000,62963,25295
060250,2026-01-23,13:50:00,18230,18250,18100,18150,70989,1290130000,26051,44938
060250,2026-01-23,13:55:00,18140,18210,18030,18030,60631,1101020000,23450,37181
060250,2026-01-23,14:00:00,18030,18200,17990,18100,61991,1122200000,33690,28301
060250,2026-01-23,14:05:00,18110,18130,17950,17950,57993,1046670000,20441,37552
060250,2026-01-23,14:10:00,17960,18180,17930,18110,64270,1162290000,35055,29215
060250,2026-01-23,14:15:00,18100,18340,18090,18310,126807,2314850000,97098,29709
060250,2026-01-23,14:20:00,18320,18490,18270,18440,700959,12945620000,428246,272713
060250,2026-01-23,14:25:00,18430,18490,18410,18490,128390,2371150000,47022,81368
060250,2026-01-23,14:30:00,18490,18490,18490,18490,21701,401260000,0,21701
060250,2026-01-23,14:35:00,18490,18490,18490,18490,14982,277010000,0,14982
060250,2026-01-23,14:40:00,18490,18490,18250,18320,521824,9595990000,142908,378916
060250,2026-01-23,14:45:00,18320,18490,18290,18490,215297,3968330000,145283,70014
060250,2026-01-23,14:50:00,18485,18490,18400,18450,232521,4295340000,117128,115393
060250,2026-01-23,14:55:00,18450,18490,18420,18450,149250,2757560000,63893,85357
060250,2026-01-23,15:00:00,18460,18490,18420,18490,66813,1233560000,37831,28982
060250,2026-01-23,15:05:00,18490,18490,18370,18420,92258,1703420000,12654,79604
060250,2026-01-23,15:10:00,18420,18490,18400,18480,169187,3125610000,66631,102556
060250,2026-01-23,15:15:00,18480,18490,18450,18490,44301,818430000,18865,25436
060250,2026-01-23,15:20:00,18490,18490,18490,18490,9108,168410000,0,9108
060250,2026-01-23,15:30:00,18490,18490,18490,18490,9391,173640000,9236,0
060250,2026-01-26,09:05:00,20100,20750,19620,19780,1119760,22686320000,553551,566209
060250,2026-01-26,09:10:00,19780,19790,19120,19450,451204,8748380000,178904,272300
060250,2026-01-26,09:15:00,19440,19450,18860,19220,286759,5474030000,118079,168680
060250,2026-01-26,09:20:00,19200,19370,18900,18970,170510,3262400000,63046,107464
060250,2026-01-26,09:25:00,18960,19170,18770,18770,151467,2871730000,52932,98535
060250,2026-01-26,09:30:00,18780,18790,18520,18520,216029,4033180000,100986,115043
060250,2026-01-26,09:35:00,18540,18850,18340,18840,197749,3671260000,94371,103378
060250,2026-01-26,09:40:00,18830,18830,18440,18490,100877,1880930000,36924,63953
060250,2026-01-26,09:45:00,18500,18800,18420,18780,64641,1202980000,42038,22603
060250,2026-01-26,09:50:00,18790,18930,18760,18920,77453,1459700000,44179,33274
060250,2026-01-26,09:55:00,18920,18970,18790,18850,58060,1096990000,27890,30170
060250,2026-01-26,10:00:00,18840,18870,18550,18580,55702,1041890000,15680,40022
060250,2026-01-26,10:05:00,18590,18660,18470,18660,68267,1264660000,32273,35994
060250,2026-01-26,10:10:00,18670,19000,18660,18930,87855,1660780000,57328,30527
060250,2026-01-26,10:15:00,18920,19050,18910,19050,54684,1038510000,31244,23440
060250,2026-01-26,10:20:00,19040,19120,18860,19100,77808,1478290000,42858,34950
060250,2026-01-26,10:25:00,19110,19270,19040,19260,95695,1832300000,61213,34482
060250,2026-01-26,10:30:00,19260,19310,19110,19280,106152,2044200000,43615,62537
060250,2026-01-26,10:35:00,19270,19280,19020,19110,63820,1222390000,20833,42987
060250,2026-01-26,10:40:00,19110,19270,19060,19250,33750,646380000,23022,10728
060250,2026-01-26,10:45:00,19260,19300,18980,19130,67177,1286130000,23135,44042
060250,2026-01-26,10:50:00,19140,19140,18880,18980,66896,1271270000,30206,36690
060250,2026-01-26,10:55:00,18980,19070,18600,19040,88074,1664950000,59083,28991
060250,2026-01-26,11:00:00,19040,19240,19000,19180,88410,1692100000,67937,20473
060250,2026-01-26,11:05:00,19230,19700,19180,19600,335831,6570140000,189811,146020
060250,2026-01-26,11:10:00,19570,19880,19430,19550,188243,3699280000,93947,94296
060250,2026-01-26,11:15:00,19550,19610,19400,19530,60240,1175480000,32776,27464
060250,2026-01-26,11:20:00,19530,19840,19530,19620,174741,3448260000,95687,79054
060250,2026-01-26,11:25:00,19630,19630,19340,19360,85028,1654980000,30977,54051
060250,2026-01-26,11:30:00,19380,19550,19340,19360,42801,831300000,19310,23491
060250,2026-01-26,11:35:00,19380,19570,19340,19570,34468,670020000,23486,10982
060250,2026-01-26,11:40:00,19570,19640,19510,19580,48661,953590000,32812,15849
060250,2026-01-26,11:45:00,19510,19660,19510,19630,45334,889630000,23275,22059
060250,2026-01-26,11:50:00,19630,19930,19510,19910,100489,1984250000,73783,26706
060250,2026-01-26,11:55:00,19920,20000,19770,19930,226757,4517030000,104857,121900
060250,2026-01-26,12:00:00,19920,19970,19530,19590,107005,2114810000,34493,72512
060250,2026-01-26,12:05:00,19590,19820,19580,19600,43034,845900000,15000,28034
060250,2026-01-26,12:10:00,19610,19770,19590,19690,37013,728210000,22303,14710
060250,2026-01-26,12:15:00,19690,19740,19650,19730,40232,792230000,29908,10324
060250,2026-01-26,12:20:00,19720,19950,19700,19810,101474,2016240000,49263,52211
060250,2026-01-26,12:25:00,19810,19840,19750,19800,60964,1206970000,22701,38263
060250,2026-01-26,12:30:00,19810,20250,19790,19900,295492,5915510000,182538,112954
060250,2026-01-26,12:35:00,19910,20150,19900,19980,106394,2131120000,55870,50524
060250,2026-01-26,12:40:00,19970,20600,19870,20450,343441,6976120000,210024,133417
060250,2026-01-26,12:45:00,20450,20800,19980,20000,284947,5787340000,138580,146367
060250,2026-01-26,12:50:00,20050,20250,19980,20050,69413,1392120000,26476,42937
060250,2026-01-26,12:55:00,20000,20300,19990,20150,86240,1736120000,49127,37113
060250,2026-01-26,13:00:00,20250,20750,20100,20750,256316,5272310000,171323,84993
060250,2026-01-26,13:05:00,20750,21250,20300,20400,626564,13049390000,324670,301894
060250,2026-01-26,13:10:00,20450,20650,20150,20250,156545,3189370000,51232,105313
060250,2026-01-26,13:15:00,20250,20500,20100,20150,89946,1824390000,32025,57921
060250,2026-01-26,13:20:00,20100,20500,20100,20300,87303,1772840000,54102,33201
060250,2026-01-26,13:25:00,20300,20450,20200,20300,44307,902540000,22633,21674
060250,2026-01-26,13:30:00,20300,20350,20050,20250,70307,1416260000,17304,53003
060250,2026-01-26,13:35:00,20250,20300,20050,20150,49014,986510000,16829,32185
060250,2026-01-26,13:40:00,20150,20250,20100,20150,26443,534300000,14797,11646
060250,2026-01-26,13:45:00,20150,20150,20000,20000,34727,696970000,9124,25603
060250,2026-01-26,13:50:00,20000,20100,19640,20000,180645,3589070000,75715,104930
060250,2026-01-26,13:55:00,20050,20050,19710,20050,79075,1572210000,41418,37657
060250,2026-01-26,14:00:00,20000,20400,20000,20250,113252,2289940000,79792,33460
060250,2026-01-26,14:05:00,20250,20600,20100,20300,134879,2748410000,74070,60809
060250,2026-01-26,14:10:00,20200,20300,19930,20100,60723,1219540000,23335,37388
060250,2026-01-26,14:15:00,20200,20250,20100,20200,23705,477790000,14353,9352
060250,2026-01-26,14:20:00,20200,20300,20000,20300,39407,793900000,21810,17597
060250,2026-01-26,14:25:00,20275,20400,20050,20250,62748,1272260000,37277,25471
060250,2026-01-26,14:30:00,20250,20250,20100,20150,20404,411430000,11692,8712
060250,2026-01-26,14:35:00,20150,20350,20100,20300,38000,769860000,21715,16285
060250,2026-01-26,14:40:00,20350,20400,20200,20250,48899,994430000,27017,21882
060250,2026-01-26,14:45:00,20200,20350,20150,20300,36373,737150000,18205,18168
060250,2026-01-26,14:50:00,20300,20600,20200,20500,88516,1810330000,64683,23833
060250,2026-01-26,14:55:00,20550,20550,20350,20400,59456,1215850000,22937,36519
060250,2026-01-26,15:00:00,20350,20500,20300,20400,65017,1325870000,38689,26328
060250,2026-01-26,15:05:00,20450,20450,20100,20350,100612,2038630000,27025,73587
060250,2026-01-26,15:10:00,20300,20350,19980,19990,90067,1812900000,32822,57245
060250,2026-01-26,15:15:00,19980,20200,19970,20150,61875,1244010000,38911,22964
060250,2026-01-26,15:20:00,20200,20400,20150,20400,71853,1458670000,45818,26035
060250,2026-01-26,15:30:00,20450,20450,20450,20450,88286,1805450000,87301,0
060250,2026-01-27,09:05:00,19890,20450,19750,20400,291304,5850740000,208032,83269
060250,2026-01-27,09:10:00,20400,20700,20250,20600,213692,4385000000,144778,68914
060250,2026-01-27,09:15:00,20600,21700,20250,21550,442443,9298890000,279263,163180
060250,2026-01-27,09:20:00,21475,23450,21400,23300,974025,22067720000,558856,415169
060250,2026-01-27,09:25:00,23350,23900,22600,23750,1145601,26611940000,630922,514679
060250,2026-01-27,09:30:00,23750,23800,22600,22800,799219,18573800000,330941,468278
060250,2026-01-27,09:35:00,22850,24050,22650,23800,685738,16089540000,435375,250363
060250,2026-01-27,09:40:00,23800,24350,23600,24150,823661,19821330000,474176,349485
060250,2026-01-27,09:45:00,24200,24350,23650,23800,441816,10586430000,183782,258034
060250,2026-01-27,09:50:00,23800,24400,23350,23400,432675,10391750000,209730,222945
060250,2026-01-27,09:55:00,23450,24200,23100,24100,545014,12831160000,270414,274600
060250,2026-01-27,10:00:00,24100,25000,23850,24500,894810,22042110000,515032,379778
060250,2026-01-27,10:05:00,24550,25500,24500,25050,781324,19695630000,428340,352984
060250,2026-01-27,10:10:00,25100,25250,24750,24750,285121,7117170000,103139,181982
060250,2026-01-27,10:15:00,24800,24900,24300,24700,368248,9066130000,133710,234538
060250,2026-01-27,10:20:00,24600,24700,24050,24100,321164,7805830000,126169,194995
060250,2026-01-27,10:25:00,24100,24150,23650,23900,334362,7976440000,108642,225720
060250,2026-01-27,10:30:00,23900,24600,23900,24600,237964,5787110000,173806,64158
060250,2026-01-27,10:35:00,24600,24800,24250,24750,228528,5620200000,122327,106201
060250,2026-01-27,10:40:00,24700,24700,23950,24050,170912,4137160000,44243,126669
060250,2026-01-27,10:45:00,24050,24300,23750,24050,129406,3103310000,48854,80552
060250,2026-01-27,10:50:00,24000,24100,23500,23650,170501,4039180000,33957,136544
060250,2026-01-27,10:55:00,23650,23950,23500,23550,109093,2589590000,48649,60444
060250,2026-01-27,11:00:00,23600,23950,23550,23550,70005,1664340000,35505,34500
060250,2026-01-27,11:05:00,23600,23700,23450,23625,89054,2098010000,32792,56262
060250,2026-01-27,11:10:00,23625,23950,23600,23750,88306,2101960000,49110,39196
060250,2026-01-27,11:15:00,23750,23950,23700,23750,52963,1263420000,28402,24561
060250,2026-01-27,11:20:00,23750,23750,23500,23550,48368,1141170000,9608,38760
060250,2026-01-27,11:25:00,23600,23600,22900,22950,307808,7122110000,54254,253554
060250,2026-01-27,11:30:00,22950,23200,22900,22950,130313,3002260000,63206,67107
060250,2026-01-27,11:35:00,23000,23200,22900,23000,62883,1450940000,30861,32022
060250,2026-01-27,11:40:00,23000,23100,22850,22950,77173,1771630000,28293,48880
060250,2026-01-27,11:45:00,22950,22950,22500,22800,243822,5530050000,68092,175730
060250,2026-01-27,11:50:00,22800,22850,22550,22650,66307,1503710000,24504,41803
060250,2026-01-27,11:55:00,22650,22950,22650,22900,58374,1330550000,34415,23959
060250,2026-01-27,12:00:00,22900,23050,22650,22650,80455,1839970000,35764,44691
060250,2026-01-27,12:05:00,22675,22700,22150,22500,239387,5353160000,85676,153711
060250,2026-01-27,12:10:00,22550,22700,22350,22550,87380,1969470000,43541,43839
060250,2026-01-27,12:15:00,22550,22700,22450,22650,28475,641960000,15518,12957
060250,2026-01-27,12:20:00,22700,22800,22650,22650,67229,1527890000,36481,30748
060250,2026-01-27,12:25:00,22650,23000,22500,23000,66888,1523010000,52458,14430
060250,2026-01-27,12:30:00,23000,23050,22850,23050,89017,2043970000,63100,25917
060250,2026-01-27,12:35:00,23050,23050,22750,22850,67654,1548170000,15998,51656
060250,2026-01-27,12:40:00,22800,22850,22400,22500,66352,1498920000,10010,56342
060250,2026-01-27,12:45:00,22500,22750,22500,22550,33075,748140000,17910,15165
060250,2026-01-27,12:50:00,22550,22650,22300,22650,70589,1584820000,32507,38082
060250,2026-01-27,12:55:00,22650,22850,22600,22800,40940,931000000,25645,15295
060250,2026-01-27,13:00:00,22750,22800,22600,22800,22459,510160000,8867,13592
060250,2026-01-27,13:05:00,22800,23100,22700,23050,62281,1427290000,47238,15043
060250,2026-01-27,13:10:00,23000,23350,22800,22900,232438,5382860000,134302,98136
060250,2026-01-27,13:15:00,22900,22900,22450,22500,101889,2305570000,25405,76484
060250,2026-01-27,13:20:00,22550,22650,22150,22400,100973,2253820000,20904,80069
060250,2026-01-27,13:25:00,22400,22600,22250,22550,50350,1127070000,22803,27547
060250,2026-01-27,13:30:00,22550,22600,22400,22450,31551,709880000,12551,19000
060250,2026-01-27,13:35:00,22450,22600,22450,22600,20044,450850000,7649,12395
060250,2026-01-27,13:40:00,22600,22600,22250,22350,55442,1242210000,10312,45130
060250,2026-01-27,13:45:00,22350,22500,22350,22400,15929,356690000,7103,8826
060250,2026-01-27,13:50:00,22400,22450,22150,22300,46132,1026250000,9756,36376
060250,2026-01-27,13:55:00,22300,22350,22200,22200,25903,576930000,9304,16599
060250,2026-01-27,14:00:00,22200,22300,22050,22250,79061,1750690000,23959,55102
060250,2026-01-27,14:05:00,22300,22400,22200,22250,20670,460710000,10409,10261
060250,2026-01-27,14:10:00,22250,22350,22100,22300,32199,715780000,9412,22787
060250,2026-01-27,14:15:00,22250,22350,22050,22100,54908,1215110000,20025,34883
060250,2026-01-27,14:20:00,22125,22150,21850,21950,135577,2974880000,32619,102958
060250,2026-01-27,14:25:00,21900,22200,21850,22200,54372,1198940000,43038,11334
060250,2026-01-27,14:30:00,22200,22350,22150,22300,32809,729400000,25002,7807
060250,2026-01-27,14:35:00,22300,22500,22200,22500,33203,741480000,20195,13008
060250,2026-01-27,14:40:00,22500,22500,22350,22400,46327,1039950000,25175,21152
060250,2026-01-27,14:45:00,22400,22450,22350,22400,22940,514100000,13844,9096
060250,2026-01-27,14:50:00,22450,22750,22350,22600,86108,1943680000,62424,23684
060250,2026-01-27,14:55:00,22600,22650,22450,22550,38530,868510000,17348,21182
060250,2026-01-27,15:00:00,22500,22600,22450,22500,23614,531250000,7689,15925
060250,2026-01-27,15:05:00,22500,22550,22300,22350,33159,743750000,9867,23292
060250,2026-01-27,15:10:00,22400,22550,22300,22500,41413,928410000,25504,15909
060250,2026-01-27,15:15:00,22500,22500,22400,22500,27503,618170000,15770,11733
060250,2026-01-27,15:20:00,22500,23100,22475,23000,281487,6451220000,200374,81113
060250,2026-01-27,15:30:00,23050,23050,23050,23050,84513,1948020000,83128,0
060250,2026-01-28,09:05:00,23250,23300,22800,22850,131110,3018350000,49927,80731
060250,2026-01-28,09:10:00,22900,23200,22550,22850,134200,3061980000,62442,71758
060250,2026-01-28,09:15:00,22900,23100,22700,22850,60759,1389350000,24971,35788
060250,2026-01-28,09:20:00,22850,22850,22600,22750,63156,1434710000,20554,42602
060250,2026-01-28,09:25:00,22775,22775,22500,22550,85424,1930940000,26619,58805
060250,2026-01-28,09:30:00,22600,22850,22500,22650,48756,1105890000,17703,31053
060250,2026-01-28,09:35:00,22650,22850,22550,22750,33639,763660000,12513,21126
060250,2026-01-28,09:40:00,22750,22850,22650,22850,32597,742490000,19600,12997
060250,2026-01-28,09:45:00,22900,23200,22800,23050,89505,2063250000,59716,29789
060250,2026-01-28,09:50:00,23050,23150,22900,22900,40461,932720000,16058,24403
060250,2026-01-28,09:55:00,22900,22950,22700,22750,34043,776660000,9962,24081
060250,2026-01-28,10:00:00,22700,22900,22700,22800,18252,415690000,8956,9296
060250,2026-01-28,10:05:00,22800,23000,22700,22850,32693,745590000,18354,14339
060250,2026-01-28,10:10:00,22850,22850,22500,22650,47459,1073900000,6506,40953
060250,2026-01-28,10:15:00,22650,22750,22600,22700,18862,427730000,7032,11830
060250,2026-01-28,10:20:00,22750,22950,22700,22750,17986,410040000,8945,9041
060250,2026-01-28,10:25:00,22750,23000,22750,22950,16748,383850000,12283,4465
060250,2026-01-28,10:30:00,22950,23050,22900,22950,25259,580110000,15161,10098
060250,2026-01-28,10:35:00,22950,23000,22900,22900,13633,312790000,4603,9030
060250,2026-01-28,10:40:00,22900,22950,22850,22950,14915,341560000,3932,10983
060250,2026-01-28,10:45:00,22950,23100,22900,23100,32341,745050000,26646,5695
060250,2026-01-28,10:50:00,23050,23100,23000,23050,22263,513530000,7880,14383
060250,2026-01-28,10:55:00,23050,23100,23000,23000,19902,458750000,7733,12169
060250,2026-01-28,11:00:00,23000,23050,22850,22950,19539,448680000,6395,13144
060250,2026-01-28,11:05:00,22900,23050,22850,23050,15305,351300000,11446,3859
060250,2026-01-28,11:10:00,23050,23050,22850,23000,16092,368980000,5383,10709
060250,2026-01-28,11:15:00,23000,23000,22850,22900,9150,209710000,3107,6043
060250,2026-01-28,11:20:00,22950,23000,22850,22950,13040,299030000,5770,7270
060250,2026-01-28,11:25:00,22900,23050,22900,23000,14954,343810000,8916,6038
060250,2026-01-28,11:30:00,23000,23400,22950,23300,139633,3249130000,88773,50860
060250,2026-01-28,11:35:00,23300,23450,23100,23150,125882,2932980000,49425,76457
060250,2026-01-28,11:40:00,23150,23300,23100,23100,28256,654920000,12511,15745
060250,2026-01-28,11:45:00,23100,23500,23050,23200,84455,1970360000,44238,40217
060250,2026-01-28,11:50:00,23150,23250,22750,22800,49505,1135810000,7844,41661
060250,2026-01-28,11:55:00,22750,22800,22600,22700,66297,1503040000,14201,52096
060250,2026-01-28,12:00:00,22700,22800,22650,22750,12041,273500000,4488,7553
060250,2026-01-28,12:05:00,22700,22750,22450,22450,56041,1264060000,7244,48797
060250,2026-01-28,12:10:00,22450,22550,22350,22500,37103,832720000,12531,24572
060250,2026-01-28,12:15:00,22450,22500,22100,22100,61994,1381050000,8540,53454
060250,2026-01-28,12:20:00,22100,22350,22100,22250,26166,581410000,10303,15863
060250,2026-01-28,12:25:00,22300,22450,22200,22300,24682,551120000,11111,13571
060250,2026-01-28,12:30:00,22275,22300,22100,22100,37562,832940000,5613,31949
060250,2026-01-28,12:35:00,22100,22150,21700,21900,142764,3128140000,39234,103530
060250,2026-01-28,12:40:00,21900,22050,21600,21750,76426,1667840000,33768,42658
060250,2026-01-28,12:45:00,21800,22000,21750,21900,33368,729900000,12504,20864
060250,2026-01-28,12:50:00,21900,22000,21850,21850,23537,516050000,9493,14044
060250,2026-01-28,12:55:00,21850,22150,21850,22100,22945,503910000,11832,11113
060250,2026-01-28,13:00:00,22100,22250,21850,21900,29335,646340000,11746,17589
060250,2026-01-28,13:05:00,21900,22000,21750,21850,51479,1125190000,16457,35022
060250,2026-01-28,13:10:00,21850,21850,21550,21600,89250,1931800000,25328,63922
060250,2026-01-28,13:15:00,21600,21700,21150,21225,232516,4960840000,91158,141358
060250,2026-01-28,13:20:00,21200,21225,20950,21000,200107,4208950000,55604,144503
060250,2026-01-28,13:25:00,21000,21200,20950,20950,137217,2894680000,71199,66018
060250,2026-01-28,13:30:00,20950,21100,20900,21100,84518,1772800000,54297,30221
060250,2026-01-28,13:35:00,21100,21100,20850,21000,68976,1448440000,26679,42297
060250,2026-01-28,13:40:00,20950,21250,20950,21250,71136,1504460000,57420,13716
060250,2026-01-28,13:45:00,21250,21550,21200,21450,132735,2842730000,83711,49024
060250,2026-01-28,13:50:00,21450,21550,21250,21550,56767,1214450000,27262,29505
060250,2026-01-28,13:55:00,21550,21550,21250,21350,49599,1060890000,16007,33592
060250,2026-01-28,14:00:00,21350,21400,21250,21300,26328,561450000,12264,14064
060250,2026-01-28,14:05:00,21350,21350,21150,21300,24277,515870000,9079,15198
060250,2026-01-28,14:10:00,21300,21300,21150,21250,16701,354850000,6187,10514
060250,2026-01-28,14:15:00,21250,21300,21050,21100,28684,607120000,5654,23030
060250,2026-01-28,14:20:00,21100,21150,21000,21050,30681,646000000,10719,19962
060250,2026-01-28,14:25:00,21050,21100,20950,21100,34980,736010000,16671,18309
060250,2026-01-28,14:30:00,21100,21250,21100,21100,39852,843790000,23838,16014
060250,2026-01-28,14:35:00,21100,21150,20850,21000,64957,1361330000,22003,42954
060250,2026-01-28,14:40:00,21050,21100,20900,21050,32849,690320000,13790,19059
060250,2026-01-28,14:45:00,21050,21100,20950,21050,22663,476440000,10170,12493
060250,2026-01-28,14:50:00,21050,21300,21000,21150,43980,930050000,32720,11260
060250,2026-01-28,14:55:00,21200,21350,21200,21250,31525,670750000,21864,9661
060250,2026-01-28,15:00:00,21300,21500,21250,21400,46704,998710000,28913,17791
060250,2026-01-28,15:05:00,21350,21400,21150,21250,37312,792250000,10238,27074
060250,2026-01-28,15:10:00,21300,21400,21200,21300,34510,735650000,16860,17650
060250,2026-01-28,15:15:00,21250,21500,21250,21450,48132,1029800000,26889,21243
060250,2026-01-28,15:20:00,21400,21550,21300,21500,55929,1198750000,23120,32809
060250,2026-01-28,15:30:00,21500,21500,21500,21500,68828,1479800000,68145,0
060250,2026-01-29,09:05:00,21950,22150,21650,22100,106033,2322690000,49091,56892
060250,2026-01-29,09:10:00,22100,22350,21850,22250,142036,3148170000,67087,74949
060250,2026-01-29,09:15:00,22250,22300,21650,21700,81994,1795550000,30191,51803
060250,2026-01-29,09:20:00,21750,21800,21500,21700,53601,1160260000,14777,38824
060250,2026-01-29,09:25:00,21750,22000,21600,21850,49225,1075950000,22713,26512
060250,2026-01-29,09:30:00,21850,22100,21700,22000,31879,698940000,15395,16484
060250,2026-01-29,09:35:00,22000,22000,20800,21250,130250,2769530000,50389,79861
060250,2026-01-29,09:40:00,21400,22150,21150,21950,88285,1931070000,48039,40246
060250,2026-01-29,09:45:00,21950,21950,21600,21700,29763,648620000,10601,19162
060250,2026-01-29,09:50:00,21700,21950,21700,21750,28622,625870000,17606,11016
060250,2026-01-29,09:55:00,21750,21900,21550,21700,37424,810710000,18996,18428
060250,2026-01-29,10:00:00,21700,22100,21700,22050,27748,608850000,19831,7917
060250,2026-01-29,10:05:00,22050,22100,21650,21900,40262,882830000,6733,33529
060250,2026-01-29,10:10:00,21900,22100,21900,21900,22697,499140000,10994,11703
060250,2026-01-29,10:15:00,21900,21950,21600,21600,32169,702560000,2451,29718
060250,2026-01-29,10:20:00,21650,21700,21350,21550,72523,1558530000,34717,37806
060250,2026-01-29,10:25:00,21550,21750,21450,21500,23522,508540000,5020,18502
060250,2026-01-29,10:30:00,21450,21650,21400,21550,33267,713720000,23898,9369
060250,2026-01-29,10:35:00,21600,21800,21600,21650,12187,264570000,4420,7767
060250,2026-01-29,10:40:00,21700,21900,21650,21800,13754,299440000,8044,5710
060250,2026-01-29,10:45:00,21850,21950,21500,21750,20686,449790000,5879,14807
060250,2026-01-29,10:50:00,21800,22150,21700,22150,52587,1158510000,38039,14548
060250,2026-01-29,10:55:00,22150,22450,22100,22250,138196,3083070000,96795,41401
060250,2026-01-29,11:00:00,22250,22350,22100,22100,56464,1256170000,22122,34342
060250,2026-01-29,11:05:00,22100,22200,21950,22100,27922,617280000,10515,17407
060250,2026-01-29,11:10:00,22100,22150,21900,21950,15993,351700000,5634,10359
060250,2026-01-29,11:15:00,22000,22050,21900,22000,10445,229580000,4344,6101
060250,2026-01-29,11:20:00,22000,22150,21950,22050,13488,297340000,5921,7567
060250,2026-01-29,11:25:00,22050,22100,22000,22100,7120,157090000,3430,3690
060250,2026-01-29,11:30:00,22125,22300,22125,22200,21265,472980000,17463,3802
060250,2026-01-29,11:35:00,22250,22500,22200,22450,51243,1146810000,32938,18305
060250,2026-01-29,11:40:00,22450,23500,22450,23500,528170,12187450000,344125,184045
060250,2026-01-29,11:45:00,23500,24300,23450,23850,547115,13052820000,336955,210160
060250,2026-01-29,11:50:00,23850,24200,23350,24000,485661,11564090000,219724,265937
060250,2026-01-29,11:55:00,24050,24050,23400,23600,209682,4955930000,60096,149586
060250,2026-01-29,12:00:00,23600,23750,22950,23050,197156,4584050000,52810,144346
060250,2026-01-29,12:05:00,23050,23150,22850,22900,132825,3050740000,46218,86607
060250,2026-01-29,12:10:00,22950,23300,22700,23150,97311,2241080000,50557,46754
060250,2026-01-29,12:15:00,23150,23200,22950,23150,45528,1050850000,18677,26851
060250,2026-01-29,12:20:00,23050,23250,23050,23050,33138,766580000,16892,16246
060250,2026-01-29,12:25:00,23050,23050,22650,22850,90653,2069210000,29198,61455
060250,2026-01-29,12:30:00,22850,23000,22700,22850,33342,762690000,15897,17445
060250,2026-01-29,12:35:00,22850,23000,22700,22800,33545,765410000,10118,23427
060250,2026-01-29,12:40:00,22800,22900,22650,22800,39649,901570000,26150,13499
060250,2026-01-29,12:45:00,22750,23150,22750,22950,33802,776400000,21088,12714
060250,2026-01-29,12:50:00,22950,23100,22950,23000,30626,705560000,15185,15441
060250,2026-01-29,12:55:00,23050,23150,23000,23050,18156,419340000,12105,6051
060250,2026-01-29,13:00:00,23100,23150,22900,23100,20835,479420000,7483,13352
060250,2026-01-29,13:05:00,23100,24550,23050,24100,648377,15657440000,425840,222537
060250,2026-01-29,13:10:00,24150,24150,23400,23400,290650,6909230000,94843,195807
060250,2026-01-29,13:15:00,23400,23700,23150,23300,147117,3447860000,58724,88393
060250,2026-01-29,13:20:00,23300,23500,23200,23400,49435,1153720000,17490,31945
060250,2026-01-29,13:25:00,23350,23650,23200,23450,57616,1352810000,23344,34272
060250,2026-01-29,13:30:00,23500,23500,23250,23400,32523,761160000,10272,22251
060250,2026-01-29,13:35:00,23400,23600,23300,23400,25890,607810000,13573,12317
060250,2026-01-29,13:40:00,23350,23600,23300,23600,22912,536590000,9008,13904
060250,2026-01-29,13:45:00,23600,23850,23550,23650,77176,1830460000,41741,35435
060250,2026-01-29,13:50:00,23700,23750,23400,23450,27758,653250000,8040,19718
060250,2026-01-29,13:55:00,23450,23500,23250,23400,38204,892890000,14099,24105
060250,2026-01-29,14:00:00,23450,23500,23200,23250,31267,729400000,10231,21036
060250,2026-01-29,14:05:00,23250,23500,23250,23250,18802,439750000,9089,9713
060250,2026-01-29,14:10:00,23250,23350,23000,23100,83935,1940470000,29320,54615
060250,2026-01-29,14:15:00,23100,23300,23000,23150,41309,955630000,17770,23539
060250,2026-01-29,14:20:00,23200,23450,23150,23250,20146,469500000,13651,6495
060250,2026-01-29,14:25:00,23250,23450,23250,23400,11117,259380000,6158,4959
060250,2026-01-29,14:30:00,23400,23700,23350,23700,61134,1440410000,35571,25563
060250,2026-01-29,14:35:00,23700,23900,23600,23750,75106,1784630000,51888,23218
060250,2026-01-29,14:40:00,23800,24000,23650,23900,84517,2016360000,50818,33699
060250,2026-01-29,14:45:00,23950,23950,23650,23750,31142,740010000,13572,17570
060250,2026-01-29,14:50:00,23800,23900,23650,23700,31729,752920000,13320,18409
060250,2026-01-29,14:55:00,23750,23750,23500,23600,34417,813130000,13410,21007
060250,2026-01-29,15:00:00,23650,23700,23550,23600,17060,403490000,7917,9143
060250,2026-01-29,15:05:00,23650,23750,23500,23500,40707,962540000,18592,22115
060250,2026-01-29,15:10:00,23550,23750,23500,23750,40427,953910000,22354,18073
060250,2026-01-29,15:15:00,23750,23800,23650,23700,34278,813330000,15218,19060
060250,2026-01-29,15:20:00,23700,23800,23650,23700,34684,823050000,16968,17716
060250,2026-01-29,15:30:00,23650,23650,23650,23650,55553,1313830000,54963,0
060250,2026-01-30,09:05:00,22900,22950,22450,22600,103307,2345730000,45696,57596
060250,2026-01-30,09:10:00,22550,22850,22350,22550,111707,2515960000,61319,50388
060250,2026-01-30,09:15:00,22550,22850,22550,22650,40034,909000000,15857,24177
060250,2026-01-30,09:20:00,22650,23000,22650,22950,24874,568870000,14625,10249
060250,2026-01-30,09:25:00,22950,23150,22850,23150,36086,829630000,19226,16860
060250,2026-01-30,09:30:00,23100,23100,22900,22950,17676,406370000,5736,11940
060250,2026-01-30,09:35:00,22900,23100,22700,22800,31158,713730000,7112,24046
060250,2026-01-30,09:40:00,22750,22900,22750,22800,17183,391770000,5262,11921
060250,2026-01-30,09:45:00,22750,22850,22650,22700,24130,548320000,7444,16686
060250,2026-01-30,09:50:00,22700,22850,22500,22700,32410,734630000,12540,19870
060250,2026-01-30,09:55:00,22700,22950,22650,22900,20718,471940000,10697,10021
060250,2026-01-30,10:00:00,22875,22950,22750,22750,13255,302670000,5539,7716
060250,2026-01-30,10:05:00,22800,22850,22650,22750,20702,470590000,6411,14291
060250,2026-01-30,10:10:00,22650,22800,22600,22800,20646,468250000,5064,15582
060250,2026-01-30,10:15:00,22800,23250,22750,23150,55841,1285850000,24375,31466
060250,2026-01-30,10:20:00,23150,23150,22850,22900,15023,345240000,5450,9573
060250,2026-01-30,10:25:00,22900,23150,22850,23100,19308,444100000,10255,9053
060250,2026-01-30,10:30:00,23100,23250,23050,23200,23092,533920000,8794,14298
060250,2026-01-30,10:35:00,23200,23250,22950,23000,18279,421680000,5050,13229
060250,2026-01-30,10:40:00,23000,23150,23000,23000,12584,290120000,5576,7008
060250,2026-01-30,10:45:00,23000,23100,22900,22900,10617,244190000,2992,7625
060250,2026-01-30,10:50:00,22900,23050,22800,23000,8950,204730000,2782,6168
060250,2026-01-30,10:55:00,22950,23000,22800,22950,10312,236420000,4945,5367
060250,2026-01-30,11:00:00,22950,23050,22950,23000,9186,211290000,6096,3090
060250,2026-01-30,11:05:00,23000,23100,22950,23000,7564,174190000,3929,3635
060250,2026-01-30,11:10:00,23000,23050,22900,22900,5988,137380000,1378,4610
060250,2026-01-30,11:15:00,22900,23000,22850,22900,7364,168730000,3071,4293
060250,2026-01-30,11:20:00,22850,22900,22800,22800,8920,203650000,1138,7782
060250,2026-01-30,11:25:00,22800,22800,22550,22550,24791,561590000,3310,21481
060250,2026-01-30,11:30:00,22600,22650,22400,22500,27390,617460000,7757,19633
060250,2026-01-30,11:35:00,22500,22700,22250,22700,47951,1076390000,26104,21847
060250,2026-01-30,11:40:00,22700,22750,22600,22650,9008,204340000,4797,4211
060250,2026-01-30,11:45:00,22700,22700,22600,22700,4693,106260000,2288,2405
060250,2026-01-30,11:50:00,22750,22800,22650,22750,4814,109500000,2626,2188
060250,2026-01-30,11:55:00,22750,22850,22650,22750,10021,227850000,4773,5248
060250,2026-01-30,12:00:00,22700,22800,22500,22700,5991,135760000,2256,3735
060250,2026-01-30,12:05:00,22750,22900,22700,22900,8370,190970000,4488,3882
060250,2026-01-30,12:10:00,22900,23000,22800,22900,8139,186490000,5289,2850
060250,2026-01-30,12:15:00,22900,23000,22900,22900,2650,60790000,1653,997
060250,2026-01-30,12:20:00,22900,22900,22750,22750,6811,155540000,577,6234
060250,2026-01-30,12:25:00,22750,22800,22750,22750,2944,67030000,523,2421
060250,2026-01-30,12:30:00,22750,22800,22700,22750,4432,100750000,1448,2984
060250,2026-01-30,12:35:00,22750,22850,22750,22800,2460,56050000,1153,1307
060250,2026-01-30,12:40:00,22750,22750,22600,22600,8980,203870000,1689,7291
060250,2026-01-30,12:45:00,22600,22750,22550,22600,6870,155260000,2105,4765
060250,2026-01-30,12:50:00,22600,22750,22600,22700,3320,75270000,1185,2135
060250,2026-01-30,12:55:00,22700,22800,22650,22750,4960,112600000,3089,1871
060250,2026-01-30,13:00:00,22750,22800,22750,22750,3737,85110000,1231,2506
060250,2026-01-30,13:05:00,22800,23050,22750,23000,15490,355190000,11720,3770
060250,2026-01-30,13:10:00,23050,23050,22950,22950,17681,406720000,11136,6545
060250,2026-01-30,13:15:00,22950,22950,22850,22900,4327,99160000,1928,2399
060250,2026-01-30,13:20:00,22900,23000,22850,22900,3963,90730000,1507,2456
060250,2026-01-30,13:25:00,22900,22950,22850,22900,3879,88840000,2401,1478
060250,2026-01-30,13:30:00,22950,23350,22900,23200,53867,1248230000,31727,22140
060250,2026-01-30,13:35:00,23250,23300,23100,23200,22526,522800000,9220,13306
060250,2026-01-30,13:40:00,23150,23600,23150,23450,42077,985550000,32367,9710
060250,2026-01-30,13:45:00,23475,23850,23425,23750,138002,3269910000,88638,49364
060250,2026-01-30,13:50:00,23700,23800,23300,23500,40041,941330000,12021,28020
060250,2026-01-30,13:55:00,23500,23600,23300,23300,25010,587160000,6300,18710
060250,2026-01-30,14:00:00,23300,23450,23250,23350,7512,175170000,1948,5564
060250,2026-01-30,14:05:00,23350,23650,23350,23500,14561,342720000,8788,5773
060250,2026-01-30,14:10:00,23550,23550,23450,23450,5430,127450000,1669,3761
060250,2026-01-30,14:15:00,23500,23500,23300,23300,7689,179990000,1601,6088
060250,2026-01-30,14:20:00,23350,23350,23200,23250,9388,218350000,1038,8350
060250,2026-01-30,14:25:00,23250,23400,23150,23350,14284,332350000,5961,8323
060250,2026-01-30,14:30:00,23350,23450,23250,23400,8072,188530000,2200,5872
060250,2026-01-30,14:35:00,23350,23400,23300,23300,3636,84890000,994,2642
060250,2026-01-30,14:40:00,23300,23350,23250,23300,9967,232110000,2752,7215
060250,2026-01-30,14:45:00,23300,23500,23250,23300,10558,246210000,4633,5925
060250,2026-01-30,14:50:00,23300,23300,23150,23150,10771,250190000,3489,7282
060250,2026-01-30,14:55:00,23200,23200,23050,23100,14538,336410000,6062,8476
060250,2026-01-30,15:00:00,23050,23150,23000,23000,10515,242640000,3058,7457
060250,2026-01-30,15:05:00,23000,23100,22850,22850,19021,437010000,2876,16145
060250,2026-01-30,15:10:00,22850,23000,22800,22950,20927,478790000,12063,8864
060250,2026-01-30,15:15:00,22950,22950,22750,22750,19802,452090000,2273,17529
060250,2026-01-30,15:20:00,22800,22900,22700,22800,18357,418310000,9960,8397
060250,2026-01-30,15:30:00,22800,22800,22800,22800,21849,498150000,20643,0
060250,2026-02-02,09:05:00,24200,24800,23150,23550,351884,8429410000,139106,212778
060250,2026-02-02,09:10:00,23600,23700,22800,23050,228098,5269430000,46222,181876
060250,2026-02-02,09:15:00,22950,23300,22800,23250,68459,1576290000,25260,43199
060250,2026-02-02,09:20:00,23250,23300,22950,23050,48858,1132120000,17185,31673
060250,2026-02-02,09:25:00,23050,23500,22950,23250,80994,1887960000,39514,41480
060250,2026-02-02,09:30:00,23250,23450,23150,23450,32713,760740000,17017,15696
060250,2026-02-02,09:35:00,23450,23550,23350,23350,42838,1003860000,23910,18928
060250,2026-02-02,09:40:00,23350,23400,23100,23200,23809,552390000,7458,16351
060250,2026-02-02,09:45:00,23200,23850,23150,23750,71918,1700960000,45682,26236
060250,2026-02-02,09:50:00,23700,23750,23500,23600,45513,1075190000,10314,35199
060250,2026-02-02,09:55:00,23600,23700,23550,23575,21156,499270000,7549,13607
060250,2026-02-02,10:00:00,23575,23800,23550,23750,16046,380140000,10210,5836
060250,2026-02-02,10:05:00,23700,23850,23650,23800,15932,378650000,10416,5516
060250,2026-02-02,10:10:00,23850,24050,23550,23600,58636,1401930000,31224,27412
060250,2026-02-02,10:15:00,23600,23600,23300,23300,29592,693540000,5190,24402
060250,2026-02-02,10:20:00,23300,23500,23300,23500,12421,290720000,5656,6765
060250,2026-02-02,10:25:00,23500,23550,23250,23400,16857,394200000,2243,14614
060250,2026-02-02,10:30:00,23400,23450,23250,23300,14720,343350000,4139,10581
060250,2026-02-02,10:35:00,23300,23500,23250,23450,12067,282310000,5948,6119
060250,2026-02-02,10:40:00,23450,23550,23350,23350,8086,189510000,2525,5561
060250,2026-02-02,10:45:00,23350,23400,23150,23200,17057,396360000,3655,13402
060250,2026-02-02,10:50:00,23200,23300,23050,23250,21021,486500000,4665,16356
060250,2026-02-02,10:55:00,23300,23600,23300,23600,12885,302460000,7347,5538
060250,2026-02-02,11:00:00,23575,23600,23400,23400,10760,252990000,3327,7433
060250,2026-02-02,11:05:00,23400,23450,23250,23250,8825,205860000,2398,6427
060250,2026-02-02,11:10:00,23250,23350,23200,23250,9699,225650000,2454,7245
060250,2026-02-02,11:15:00,23250,23300,23150,23200,13523,313950000,4416,9107
060250,2026-02-02,11:20:00,23200,23300,23100,23150,19707,457180000,4584,15123
060250,2026-02-02,11:25:00,23150,23350,23050,23300,13872,321140000,4935,8937
060250,2026-02-02,11:30:00,23350,23650,23300,23550,19252,452600000,8697,10555
060250,2026-02-02,11:35:00,23550,23600,23400,23400,10701,251170000,3266,7435
060250,2026-02-02,11:40:00,23350,23500,23350,23450,9461,221540000,4472,4989
060250,2026-02-02,11:45:00,23450,23550,23400,23500,4878,114550000,3368,1510
060250,2026-02-02,11:50:00,23450,23500,23300,23300,12488,291890000,1850,10638
060250,2026-02-02,11:55:00,23300,23350,23250,23350,6135,142870000,1657,4478
060250,2026-02-02,12:00:00,23300,23350,23250,23275,5668,132080000,1626,4042
060250,2026-02-02,12:05:00,23250,23300,23150,23250,8528,197900000,976,7552
060250,2026-02-02,12:10:00,23250,23300,23200,23250,6734,156590000,3714,3020
060250,2026-02-02,12:15:00,23250,23350,23200,23350,4732,110040000,1566,3166
060250,2026-02-02,12:20:00,23300,23500,23200,23400,14542,340340000,8179,6363
060250,2026-02-02,12:25:00,23350,23400,23300,23300,6019,140440000,616,5403
060250,2026-02-02,12:30:00,23350,23400,23150,23200,7513,174600000,1427,6086
060250,2026-02-02,12:35:00,23150,23250,23050,23150,21859,505210000,6230,15629
060250,2026-02-02,12:40:00,23200,23350,23050,23150,17076,395980000,6406,10670
060250,2026-02-02,12:45:00,23150,23150,23000,23050,13646,314400000,4471,9175
060250,2026-02-02,12:50:00,23050,23100,22800,22850,33534,768820000,7633,25901
060250,2026-02-02,12:55:00,22850,22900,22750,22850,24254,553460000,7016,17238
060250,2026-02-02,13:00:00,22850,23050,22800,23000,18301,419810000,8862,9439
060250,2026-02-02,13:05:00,23000,23000,22850,22900,9598,219920000,5713,3885
060250,2026-02-02,13:10:00,22850,22900,22650,22750,69811,1588510000,9851,59960
060250,2026-02-02,13:15:00,22750,22950,22650,22900,40209,916410000,24857,15352
060250,2026-02-02,13:20:00,22850,23150,22800,23100,22731,522280000,14087,8644
060250,2026-02-02,13:25:00,23000,23200,23000,23200,17032,393730000,8568,8464
060250,2026-02-02,13:30:00,23200,23300,23150,23200,15115,351090000,10130,4985
060250,2026-02-02,13:35:00,23150,23200,23050,23150,8172,188870000,2424,5748
060250,2026-02-02,13:40:00,23150,23250,23050,23250,8326,192970000,6536,1790
060250,2026-02-02,13:45:00,23250,23350,23200,23300,7786,181090000,5538,2248
060250,2026-02-02,13:50:00,23300,23450,23200,23300,17772,414310000,9105,8667
060250,2026-02-02,13:55:00,23300,23300,23050,23150,11984,277090000,2663,9321
060250,2026-02-02,14:00:00,23200,23200,23100,23100,4436,102610000,1501,2935
060250,2026-02-02,14:05:00,23100,23150,22900,23000,15465,355550000,6120,9345
060250,2026-02-02,14:10:00,23000,23050,22850,22850,8473,194350000,743,7730
060250,2026-02-02,14:15:00,22850,22900,22700,22850,16363,372880000,4066,12297
060250,2026-02-02,14:20:00,22850,22950,22850,22850,4870,111540000,2325,2545
060250,2026-02-02,14:25:00,22850,22950,22800,22900,6595,150660000,2510,4085
060250,2026-02-02,14:30:00,22900,22900,22750,22800,9877,225340000,1491,8386
060250,2026-02-02,14:35:00,22800,22850,22750,22850,7743,176500000,3044,4699
060250,2026-02-02,14:40:00,22850,23150,22850,23100,25975,596780000,7922,18053
060250,2026-02-02,14:45:00,23150,23150,22850,22850,22245,512200000,3379,18866
060250,2026-02-02,14:50:00,22900,22950,22750,22800,10292,234880000,3451,6841
060250,2026-02-02,14:55:00,22750,22850,22700,22750,14590,332660000,5010,9580
060250,2026-02-02,15:00:00,22750,22900,22750,22850,10115,230860000,5179,4936
060250,2026-02-02,15:05:00,22850,23000,22800,22800,9562,218510000,5148,4414
060250,2026-02-02,15:10:00,22850,22900,22700,22750,14264,324700000,2840,11424
060250,2026-02-02,15:15:00,22750,22750,22650,22700,23405,530870000,6421,16984
060250,2026-02-02,15:20:00,22700,22700,22600,22650,25828,584710000,12262,13566
060250,2026-02-02,15:30:00,22750,22750,22750,22750,23675,538590000,23294,0
060250,2026-02-03,09:05:00,23050,23800,23000,23450,117543,2754360000,79647,37896
060250,2026-02-03,09:10:00,23500,23600,23100,23100,41584,967520000,10424,31160
060250,2026-02-03,09:15:00,23100,23350,22750,23200,49954,1151770000,12059,37895
060250,2026-02-03,09:20:00,23200,23200,22800,22850,35647,818450000,16111,19536
060250,2026-02-03,09:25:00,22850,23100,22850,23100,29951,689670000,21392,8559
060250,2026-02-03,09:30:00,23100,23200,23050,23100,13403,309640000,7024,6379
060250,2026-02-03,09:35:00,23050,23150,22850,22900,22589,519360000,5540,17049
060250,2026-02-03,09:40:00,23050,23300,22950,23250,21555,498420000,15910,5645
060250,2026-02-03,09:45:00,23200,23750,23200,23650,76568,1804930000,56066,20502
060250,2026-02-03,09:50:00,23650,24000,23450,23950,107438,2554090000,74756,32682
060250,2026-02-03,09:55:00,23950,24300,23800,24000,236298,5693310000,136037,100261
060250,2026-02-03,10:00:00,23950,24000,23550,23750,90288,2147640000,29906,60382
060250,2026-02-03,10:05:00,23700,23750,23400,23700,73681,1732080000,45282,28399
060250,2026-02-03,10:10:00,23650,23800,23500,23500,22882,540080000,8761,14121
060250,2026-02-03,10:15:00,23500,23700,23450,23650,16520,389570000,7981,8539
060250,2026-02-03,10:20:00,23700,23750,23500,23750,13589,320750000,6059,7530
060250,2026-02-03,10:25:00,23750,23900,23650,23750,17799,423260000,8801,8998
060250,2026-02-03,10:30:00,23800,23950,23750,23900,29883,712910000,18198,11685
060250,2026-02-03,10:35:00,23850,23900,23700,23700,19926,473900000,8770,11156
060250,2026-02-03,10:40:00,23750,23850,23600,23700,22892,542390000,7808,15084
060250,2026-02-03,10:45:00,23700,23750,23500,23600,25644,604980000,10482,15162
060250,2026-02-03,10:50:00,23650,23700,23450,23450,18359,433030000,5239,13120
060250,2026-02-03,10:55:00,23450,23600,23400,23500,23069,542030000,3375,19694
060250,2026-02-03,11:00:00,23450,23550,23350,23400,20757,485570000,3199,17558
060250,2026-02-03,11:05:00,23350,23400,23250,23300,17990,419170000,3898,14092
060250,2026-02-03,11:10:00,23300,23350,23200,23250,9172,213300000,4380,4792
060250,2026-02-03,11:15:00,23250,23450,23250,23350,10105,235890000,6536,3569
060250,2026-02-03,11:20:00,23350,23450,23300,23400,2738,64050000,1745,993
060250,2026-02-03,11:25:00,23400,23450,23275,23300,8051,187920000,2849,5202
060250,2026-02-03,11:30:00,23300,23350,23200,23200,8891,206880000,1619,7272
060250,2026-02-03,11:35:00,23250,23450,23150,23350,19088,443390000,14964,4124
060250,2026-02-03,11:40:00,23300,23400,23300,23400,4731,110590000,2615,2116
060250,2026-02-03,11:45:00,23350,23400,23200,23300,9828,228740000,2154,7674
060250,2026-02-03,11:50:00,23250,23300,23100,23250,11031,255800000,2699,8332
060250,2026-02-03,11:55:00,23300,23400,23250,23400,6065,141430000,2966,3099
060250,2026-02-03,12:00:00,23350,23450,23350,23400,5135,120250000,2961,2174
060250,2026-02-03,12:05:00,23450,23550,23400,23550,7978,187340000,5726,2252
060250,2026-02-03,12:10:00,23550,23600,23500,23525,5973,140600000,2300,3673
060250,2026-02-03,12:15:00,23500,23700,23450,23550,24118,567400000,17559,6559
060250,2026-02-03,12:20:00,23600,23650,23500,23600,9059,213510000,5466,3593
060250,2026-02-03,12:25:00,23600,23750,23550,23650,18220,431020000,11623,6597
060250,2026-02-03,12:30:00,23700,23700,23550,23650,7894,186400000,3198,4696
060250,2026-02-03,12:35:00,23650,23650,23500,23500,4324,101780000,1314,3010
060250,2026-02-03,12:40:00,23500,23600,23500,23500,2578,60650000,309,2269
060250,2026-02-03,12:45:00,23500,23500,23450,23500,4279,100460000,2200,2079
060250,2026-02-03,12:50:00,23450,23500,23400,23450,5087,119310000,786,4301
060250,2026-02-03,12:55:00,23450,23550,23450,23500,4329,101670000,2068,2261
060250,2026-02-03,13:00:00,23500,23700,23450,23700,7535,177490000,5592,1943
060250,2026-02-03,13:05:00,23700,23750,23500,23600,19050,450470000,12695,6355
060250,2026-02-03,13:10:00,23600,23750,23500,23700,10331,244360000,7529,2802
060250,2026-02-03,13:15:00,23700,23850,23700,23750,28075,667280000,16969,11106
060250,2026-02-03,13:20:00,23800,23850,23700,23750,16531,392740000,8391,8140
060250,2026-02-03,13:25:00,23800,23800,23600,23650,7967,188740000,1471,6496
060250,2026-02-03,13:30:00,23650,23850,23600,23850,14659,347580000,9259,5400
060250,2026-02-03,13:35:00,23850,23950,23750,23950,31531,751980000,21552,9979
060250,2026-02-03,13:40:00,23900,24250,23900,24000,122739,2957730000,82445,40294
060250,2026-02-03,13:45:00,24000,24150,23850,23850,41558,996400000,17696,23862
060250,2026-02-03,13:50:00,23850,24050,23700,23800,31246,744050000,11131,20115
060250,2026-02-03,13:55:00,23850,23850,23600,23650,19806,469430000,7752,12054
060250,2026-02-03,14:00:00,23650,23800,23650,23750,10788,255750000,5172,5616
060250,2026-02-03,14:05:00,23750,23850,23700,23750,9147,217530000,6036,3111
060250,2026-02-03,14:10:00,23750,23900,23650,23850,14422,343110000,9210,5212
060250,2026-02-03,14:15:00,23850,23900,23750,23850,10083,240040000,3588,6495
060250,2026-02-03,14:20:00,23850,23900,23750,23850,12455,296580000,7529,4926
060250,2026-02-03,14:25:00,23800,23950,23800,23850,9538,227670000,6575,2963
060250,2026-02-03,14:30:00,23850,23850,23750,23800,12224,290950000,5945,6279
060250,2026-02-03,14:35:00,23800,23950,23750,23900,15232,363210000,10174,5058
060250,2026-02-03,14:40:00,23900,23900,23850,23850,10852,259200000,6378,4474
060250,2026-02-03,14:45:00,23900,23900,23750,23750,12326,293810000,4154,8172
060250,2026-02-03,14:50:00,23750,23800,23550,23750,65145,1540400000,34148,30997
060250,2026-02-03,14:55:00,23700,23850,23650,23750,28986,688730000,21612,7374
060250,2026-02-03,15:00:00,23800,23900,23750,23800,20680,492860000,13025,7655
060250,2026-02-03,15:05:00,23850,23900,23750,23800,9245,220230000,4885,4360
060250,2026-02-03,15:10:00,23850,23850,23750,23800,11092,264060000,5390,5702
060250,2026-02-03,15:15:00,23800,23850,23800,23850,12823,305350000,3367,9456
060250,2026-02-03,15:20:00,23850,23850,23600,23650,27674,656970000,9678,17996
060250,2026-02-03,15:30:00,23750,23750,23750,23750,19069,452890000,18049,0
060250,2026-02-04,09:05:00,23600,23700,23300,23550,34309,804840000,11688,22621
060250,2026-02-04,09:10:00,23600,23900,23500,23750,25381,601730000,11155,14226
060250,2026-02-04,09:15:00,23750,23850,23550,23800,16401,387730000,7003,9398
060250,2026-02-04,09:20:00,23800,24500,23800,24100,110445,2674180000,65911,44534
060250,2026-02-04,09:25:00,24100,24450,24000,24150,41286,998410000,26111,15175
060250,2026-02-04,09:30:00,24200,24200,23800,24000,26340,630890000,7254,19086
060250,2026-02-04,09:35:00,24050,24100,23950,24100,14183,340870000,6599,7584
060250,2026-02-04,09:40:00,24100,24400,24000,24350,40300,976970000,30475,9825
060250,2026-02-04,09:45:00,24300,24350,24050,24100,23891,579220000,7542,16349
060250,2026-02-04,09:50:00,24100,24150,24050,24100,12650,304680000,6504,6146
060250,2026-02-04,09:55:00,24100,24150,24000,24000,11885,285730000,2000,9885
060250,2026-02-04,10:00:00,24000,24100,23900,23900,11004,263920000,3460,7544
060250,2026-02-04,10:05:00,24000,24250,24000,24150,11484,277240000,6719,4765
060250,2026-02-04,10:10:00,24150,24200,24050,24100,23620,569220000,7855,15765
060250,2026-02-04,10:15:00,24200,24450,24200,24450,40255,978210000,31457,8798
060250,2026-02-04,10:20:00,24450,24500,24250,24400,48990,1195810000,33150,15840
060250,2026-02-04,10:25:00,24450,24500,24325,24400,29423,718330000,14825,14598
060250,2026-02-04,10:30:00,24400,24400,24100,24400,25701,623720000,6543,19158
060250,2026-02-04,10:35:00,24350,24500,24150,24500,25881,630680000,16318,9563
060250,2026-02-04,10:40:00,24500,24650,24400,24550,50722,1242260000,33844,16878
060250,2026-02-04,10:45:00,24550,24550,24300,24300,22758,555710000,7378,15380
060250,2026-02-04,10:50:00,24350,24450,24250,24400,24449,594910000,9735,14714
060250,2026-02-04,10:55:00,24400,24450,24200,24300,19610,476550000,6416,13194
060250,2026-02-04,11:00:00,24350,24550,24250,24350,31711,774230000,18587,13124
060250,2026-02-04,11:05:00,24350,24400,24100,24150,25001,605200000,5098,19903
060250,2026-02-04,11:10:00,24150,24300,24150,24200,12653,306780000,3954,8699
060250,2026-02-04,11:15:00,24200,24250,24050,24050,15819,381500000,2028,13791
060250,2026-02-04,11:20:00,24100,24100,24000,24050,21972,527830000,4555,17417
060250,2026-02-04,11:25:00,24100,24150,24050,24050,7583,182610000,3790,3793
060250,2026-02-04,11:30:00,24100,24150,24000,24000,11983,288590000,3883,8100
060250,2026-02-04,11:35:00,24000,24100,24000,24000,5989,143880000,2322,3667
060250,2026-02-04,11:40:00,24050,24100,24000,24050,6585,158250000,2509,4076
060250,2026-02-04,11:45:00,24050,24050,24000,24050,7624,183190000,3674,3950
060250,2026-02-04,11:50:00,24000,24050,23800,23800,24167,578290000,1682,22485
060250,2026-02-04,11:55:00,23850,23950,23800,23900,13126,312900000,3690,9436
060250,2026-02-04,12:00:00,23900,23900,23800,23850,14905,355050000,4086,10819
060250,2026-02-04,12:05:00,23800,23950,23750,23800,8440,201090000,3125,5315
060250,2026-02-04,12:10:00,23800,23850,23750,23750,11224,266760000,2158,9066
060250,2026-02-04,12:15:00,23800,23900,23750,23850,13686,325520000,5758,7928
060250,2026-02-04,12:20:00,23850,23900,23700,23850,5472,130160000,1546,3926
060250,2026-02-04,12:25:00,23850,24050,23750,24050,8064,192940000,6420,1644
060250,2026-02-04,12:30:00,24100,24100,23900,23950,6882,164920000,2894,3988
060250,2026-02-04,12:35:00,23950,24200,23950,24150,24137,581850000,9298,14839
060250,2026-02-04,12:40:00,24100,24250,24050,24200,16816,406450000,8535,8281
060250,2026-02-04,12:45:00,24200,24200,24050,24150,11343,273890000,2685,8658
060250,2026-02-04,12:50:00,24150,24200,24000,24050,9624,231660000,2451,7173
060250,2026-02-04,12:55:00,24050,24050,23900,24000,9813,235290000,3825,5988
060250,2026-02-04,13:00:00,24000,24100,23850,24000,10425,249690000,2822,7603
060250,2026-02-04,13:05:00,24000,24200,23950,24050,11090,266630000,5417,5673
060250,2026-02-04,13:10:00,24100,24100,23950,24050,5194,124650000,2899,2295
060250,2026-02-04,13:15:00,24000,24000,23800,23900,15132,361820000,3751,11381
060250,2026-02-04,13:20:00,23950,23950,23850,23900,5457,130240000,1343,4114
060250,2026-02-04,13:25:00,23900,23900,23800,23800,3796,90620000,2017,1779
060250,2026-02-04,13:30:00,23800,23900,23650,23800,25875,615130000,4236,21639
060250,2026-02-04,13:35:00,23800,23900,23700,23900,16297,388090000,8523,7774
060250,2026-02-04,13:40:00,23950,24050,23850,24000,10683,256250000,8011,2672
060250,2026-02-04,13:45:00,24000,24050,24000,24000,5107,122720000,3106,2001
060250,2026-02-04,13:50:00,24050,24050,23900,23900,9854,236020000,1424,8430
060250,2026-02-04,13:55:00,23950,23950,23800,23800,18359,437880000,2336,16023
060250,2026-02-04,14:00:00,23800,23850,23500,23500,31982,755630000,4364,27618
060250,2026-02-04,14:05:00,23550,23650,23500,23650,14784,348230000,4763,10021
060250,2026-02-04,14:10:00,23650,23700,23500,23550,7013,165330000,1314,5699
060250,2026-02-04,14:15:00,23550,23700,23550,23700,7109,167750000,2181,4928
060250,2026-02-04,14:20:00,23600,23700,23550,23600,7528,177820000,2765,4763
060250,2026-02-04,14:25:00,23650,23700,23550,23600,12716,300260000,3964,8752
060250,2026-02-04,14:30:00,23700,23750,23650,23700,8359,198260000,5659,2700
060250,2026-02-04,14:35:00,23750,23750,23700,23700,3371,80010000,2349,1022
060250,2026-02-04,14:40:00,23700,23800,23700,23750,7747,183770000,3328,4419
060250,2026-02-04,14:45:00,23750,23750,23650,23750,6760,160260000,3275,3485
060250,2026-02-04,14:50:00,23750,23800,23700,23750,3451,81980000,1538,1913
060250,2026-02-04,14:55:00,23800,23800,23750,23800,6162,146440000,1929,4233
060250,2026-02-04,15:00:00,23800,23850,23750,23800,7545,179490000,3961,3584
060250,2026-02-04,15:05:00,23800,23850,23750,23850,8698,206870000,3296,5402
060250,2026-02-04,15:10:00,23850,23850,23800,23800,7820,186160000,1493,6327
060250,2026-02-04,15:15:00,23850,23850,23750,23800,9578,228000000,2158,7420
060250,2026-02-04,15:20:00,23800,23850,23750,23800,8414,200280000,1255,7159
060250,2026-02-04,15:30:00,23800,23800,23800,23800,18945,450890000,18055,0
060250,2026-02-05,09:05:00,23450,23600,23050,23150,50034,1167110000,22807,27227
060250,2026-02-05,09:10:00,23150,23300,23050,23100,21600,499380000,5861,15739
060250,2026-02-05,09:15:00,23150,23425,23050,23350,19022,442000000,9964,9058
060250,2026-02-05,09:20:00,23350,23400,23050,23150,15656,362950000,4945,10711
060250,2026-02-05,09:25:00,23150,23200,23000,23150,25086,578590000,10036,15050
060250,2026-02-05,09:30:00,23150,23400,23100,23400,9293,215520000,4787,4506
060250,2026-02-05,09:35:00,23350,23700,23150,23400,23146,544050000,13857,9289
060250,2026-02-05,09:40:00,23400,23450,23150,23200,13450,312710000,5337,8113
060250,2026-02-05,09:45:00,23200,23300,22950,23000,36952,852800000,12410,24542
060250,2026-02-05,09:50:00,22950,23100,22650,22900,44451,1015820000,14284,30167
060250,2026-02-05,09:55:00,23000,23100,22650,22700,26594,606950000,8061,18533
060250,2026-02-05,10:00:00,22750,22850,22500,22700,31362,709540000,8317,23045
060250,2026-02-05,10:05:00,22650,22900,22600,22800,25083,568810000,12257,12826
060250,2026-02-05,10:10:00,22750,22900,22600,22850,23793,541060000,14419,9374
060250,2026-02-05,10:15:00,22900,23200,22800,23150,20108,463650000,15674,4434
060250,2026-02-05,10:20:00,23150,23200,22800,22850,20625,475100000,7265,13360
060250,2026-02-05,10:25:00,22850,22950,22700,22750,9794,223270000,3438,6356
060250,2026-02-05,10:30:00,22750,23000,22700,22850,7676,175390000,2270,5406
060250,2026-02-05,10:35:00,22900,23050,22850,23000,5724,131540000,3563,2161
060250,2026-02-05,10:40:00,23000,23050,22950,23000,4960,114040000,2062,2898
060250,2026-02-05,10:45:00,23000,23150,23000,23050,4969,114580000,3427,1542
060250,2026-02-05,10:50:00,23050,23050,22850,22850,10198,233870000,3282,6916
060250,2026-02-05,10:55:00,22900,23000,22850,22900,5255,120190000,2743,2512
060250,2026-02-05,11:00:00,22850,23000,22800,22800,3389,77480000,1383,2006
060250,2026-02-05,11:05:00,22800,22900,22650,22750,16358,371840000,7391,8967
060250,2026-02-05,11:10:00,22750,22800,22600,22700,11315,256750000,2899,8416
060250,2026-02-05,11:15:00,22700,22750,22650,22650,10659,241770000,2593,8066
060250,2026-02-05,11:20:00,22650,22700,22550,22650,20257,458230000,4687,15570
060250,2026-02-05,11:25:00,22700,22800,22600,22700,14500,328920000,9670,4830
060250,2026-02-05,11:30:00,22700,22800,22650,22750,5268,119710000,3490,1778
060250,2026-02-05,11:35:00,22800,22800,22600,22650,7144,162210000,2342,4802
060250,2026-02-05,11:40:00,22650,22750,22650,22700,6912,156740000,2195,4717
060250,2026-02-05,11:45:00,22750,22750,22650,22700,3775,85570000,1057,2718
060250,2026-02-05,11:50:00,22700,22700,22500,22550,20993,474320000,3790,17203
060250,2026-02-05,11:55:00,22550,22550,22450,22450,12976,292000000,2686,10290
060250,2026-02-05,12:00:00,22450,22550,22400,22400,11261,252840000,5192,6069
060250,2026-02-05,12:05:00,22500,22500,22400,22400,8406,188620000,3336,5070
060250,2026-02-05,12:10:00,22400,22500,22400,22400,6665,149620000,2075,4590
060250,2026-02-05,12:15:00,22400,22550,22400,22500,5200,116850000,3312,1888
060250,2026-02-05,12:20:00,22500,22550,22400,22500,3317,74560000,1387,1930
060250,2026-02-05,12:25:00,22500,22600,22450,22600,4625,104350000,2989,1636
060250,2026-02-05,12:30:00,22600,22600,22450,22500,3162,71080000,928,2234
060250,2026-02-05,12:35:00,22450,22500,22350,22400,6642,148880000,1859,4783
060250,2026-02-05,12:40:00,22400,22500,22350,22350,8245,184620000,4291,3954
060250,2026-02-05,12:45:00,22400,22450,22300,22450,7386,165270000,2279,5107
060250,2026-02-05,12:50:00,22450,22500,22400,22450,4685,105120000,1896,2789
060250,2026-02-05,12:55:00,22450,22450,22300,22400,8160,182450000,2705,5455
060250,2026-02-05,13:00:00,22400,22400,22300,22300,9401,209980000,3320,6081
060250,2026-02-05,13:05:00,22300,22550,22300,22450,7039,157850000,4200,2839
060250,2026-02-05,13:10:00,22500,22500,22400,22500,7273,163100000,4985,2288
060250,2026-02-05,13:15:00,22450,22500,22400,22400,2830,63500000,1116,1714
060250,2026-02-05,13:20:00,22400,22500,22250,22300,9528,212850000,2416,7112
060250,2026-02-05,13:25:00,22300,22350,22250,22300,6720,149780000,1234,5486
060250,2026-02-05,13:30:00,22350,22500,22200,22450,12913,287620000,3567,9346
060250,2026-02-05,13:35:00,22500,22550,22400,22450,5706,128160000,2706,3000
060250,2026-02-05,13:40:00,22450,22500,22400,22500,3323,74580000,1428,1895
060250,2026-02-05,13:45:00,22500,22600,22450,22600,7530,169660000,5677,1853
060250,2026-02-05,13:50:00,22600,22650,22450,22550,5800,130800000,3198,2602
060250,2026-02-05,13:55:00,22550,22600,22500,22550,3726,83980000,1986,1740
060250,2026-02-05,14:00:00,22550,22650,22550,22650,4917,111300000,3535,1382
060250,2026-02-05,14:05:00,22600,22650,22350,22450,9349,210300000,931,8418
060250,2026-02-05,14:10:00,22450,22500,22350,22350,4702,105380000,1275,3427
060250,2026-02-05,14:15:00,22400,22400,22200,22350,52338,1164230000,39956,12382
060250,2026-02-05,14:20:00,22350,22400,22200,22300,10606,236180000,2965,7641
060250,2026-02-05,14:25:00,22350,22400,22300,22300,4889,109160000,2707,2182
060250,2026-02-05,14:30:00,22325,22450,22250,22400,10830,242130000,6824,4006
060250,2026-02-05,14:35:00,22400,22450,22300,22350,5985,133970000,2379,3606
060250,2026-02-05,14:40:00,22350,22550,22350,22500,9182,206210000,6105,3077
060250,2026-02-05,14:45:00,22500,22550,22400,22500,4768,107180000,2669,2099
060250,2026-02-05,14:50:00,22500,22500,22300,22350,7172,160690000,1839,5333
060250,2026-02-05,14:55:00,22300,22350,22200,22250,11777,262470000,4098,7679
060250,2026-02-05,15:00:00,22200,22350,22100,22200,18881,419700000,10627,8254
060250,2026-02-05,15:05:00,22200,22300,22150,22200,11760,261090000,4894,6866
060250,2026-02-05,15:10:00,22200,22250,22100,22250,23424,519100000,7574,15850
060250,2026-02-05,15:15:00,22200,22250,22100,22200,19291,427720000,7532,11759
060250,2026-02-05,15:20:00,22200,22250,22050,22150,23351,516660000,6795,16556
060250,2026-02-05,15:30:00,22200,22200,22200,22200,22850,507260000,21625,0
060250,2026-02-06,09:05:00,20750,21400,20450,20850,76007,1579380000,45414,30593
060250,2026-02-06,09:10:00,20750,21050,20500,21000,44911,933180000,30736,14175
060250,2026-02-06,09:15:00,21000,21250,20600,20650,31719,662740000,12340,19379
060250,2026-02-06,09:20:00,20650,21000,20600,20800,47510,985120000,26967,20543
060250,2026-02-06,09:25:00,20700,20900,20450,20850,30989,637910000,13275,17714
060250,2026-02-06,09:30:00,20800,20950,20700,20750,16402,341190000,9934,6468
060250,2026-02-06,09:35:00,20750,20900,20650,20700,29082,605290000,20977,8105
060250,2026-02-06,09:40:00,20750,21000,20600,20950,23652,493110000,13603,10049
060250,2026-02-06,09:45:00,20950,21000,20700,20850,11086,231060000,3114,7972
060250,2026-02-06,09:50:00,20850,21000,20750,20800,14797,308200000,4365,10432
060250,2026-02-06,09:55:00,20800,20900,20750,20850,9348,194510000,5193,4155
060250,2026-02-06,10:00:00,20800,21300,20700,21250,31983,672300000,20777,11206
060250,2026-02-06,10:05:00,21250,21250,21000,21150,21945,463470000,8326,13619
060250,2026-02-06,10:10:00,21150,21150,20900,21050,15609,328080000,4190,11419
060250,2026-02-06,10:15:00,21000,21000,20750,20800,19081,397810000,5155,13926
060250,2026-02-06,10:20:00,20800,20950,20750,20800,9602,199960000,2738,6864
060250,2026-02-06,10:25:00,20800,20850,20650,20800,9020,187060000,2841,6179
060250,2026-02-06,10:30:00,20800,20800,20600,20700,14369,297160000,3335,11034
060250,2026-02-06,10:35:00,20700,20800,20550,20650,11963,246700000,3063,8900
060250,2026-02-06,10:40:00,20600,20900,20600,20700,29428,608360000,16388,13040
060250,2026-02-06,10:45:00,20750,21000,20700,20950,7402,154560000,5101,2301
060250,2026-02-06,10:50:00,20950,21000,20900,20950,7400,155040000,4153,3247
060250,2026-02-06,10:55:00,20950,21150,20950,21100,19275,405900000,15354,3921
060250,2026-02-06,11:00:00,21100,21150,21000,21050,14483,305430000,6807,7676
060250,2026-02-06,11:05:00,21050,21250,21050,21250,11636,246170000,7939,3697
060250,2026-02-06,11:10:00,21250,21550,21250,21450,74382,1593390000,43815,30567
060250,2026-02-06,11:15:00,21450,21500,21250,21300,16196,345640000,4135,12061
060250,2026-02-06,11:20:00,21300,21550,21250,21500,15112,323750000,9645,5467
060250,2026-02-06,11:25:00,21400,21450,21300,21350,9990,213390000,4613,5377
060250,2026-02-06,11:30:00,21350,21450,21300,21450,5862,125380000,3090,2772
060250,2026-02-06,11:35:00,21500,21500,21250,21400,9967,213210000,3100,6867
060250,2026-02-06,11:40:00,21450,21500,21350,21450,6421,137500000,2303,4118
060250,2026-02-06,11:45:00,21450,21500,21350,21350,6957,149020000,2524,4433
060250,2026-02-06,11:50:00,21400,21400,21250,21300,4950,105690000,2037,2913
060250,2026-02-06,11:55:00,21250,21400,21200,21250,6057,128860000,3199,2858
060250,2026-02-06,12:00:00,21250,21350,21200,21250,6759,143720000,1761,4998
060250,2026-02-06,12:05:00,21250,21350,21100,21250,9229,195450000,2018,7211
060250,2026-02-06,12:10:00,21250,21300,21200,21250,7299,154880000,5143,2156
060250,2026-02-06,12:15:00,21250,21300,21200,21300,1113,23660000,779,334
060250,2026-02-06,12:20:00,21300,21300,21150,21200,4979,105650000,1263,3716
060250,2026-02-06,12:25:00,21200,21250,21100,21150,6015,127200000,1906,4109
060250,2026-02-06,12:30:00,21150,21350,21150,21300,4569,97110000,3844,725
060250,2026-02-06,12:35:00,21250,21300,21200,21200,3496,74260000,1428,2068
060250,2026-02-06,12:40:00,21250,21300,21100,21150,6805,144090000,1074,5731
060250,2026-02-06,12:45:00,21150,21200,21000,21000,11928,251170000,2578,9350
060250,2026-02-06,12:50:00,21000,21150,20950,21150,9662,203010000,3903,5759
060250,2026-02-06,12:55:00,21100,21250,21050,21200,11443,241650000,8055,3388
060250,2026-02-06,13:00:00,21200,21300,21100,21200,7352,155610000,3273,4079
060250,2026-02-06,13:05:00,21250,21300,21100,21250,13073,276960000,6436,6637
060250,2026-02-06,13:10:00,21200,21250,21150,21150,5593,118420000,2547,3046
060250,2026-02-06,13:15:00,21150,21200,20900,21100,40982,859730000,26180,14802
060250,2026-02-06,13:20:00,21100,21150,20950,21100,15320,322270000,7359,7961
060250,2026-02-06,13:25:00,21100,21150,20900,21000,7768,162980000,2343,5425
060250,2026-02-06,13:30:00,21000,21050,20850,20900,11623,243230000,3879,7744
060250,2026-02-06,13:35:00,20900,20950,20600,20650,31494,654220000,6373,25121
060250,2026-02-06,13:40:00,20700,20750,20550,20700,22523,464820000,5487,17036
060250,2026-02-06,13:45:00,20650,20750,20600,20650,9907,204670000,3282,6625
060250,2026-02-06,13:50:00,20700,20750,20600,20750,11716,241840000,1894,9822
060250,2026-02-06,13:55:00,20700,20750,20600,20700,18951,391770000,10152,8799
060250,2026-02-06,14:00:00,20650,20750,20600,20700,16812,347130000,4959,11853
060250,2026-02-06,14:05:00,20700,20800,20650,20700,12251,253840000,3917,8334
060250,2026-02-06,14:10:00,20700,20950,20500,20600,25626,528990000,4923,20703
060250,2026-02-06,14:15:00,20600,20700,20550,20600,23924,492700000,12098,11826
060250,2026-02-06,14:20:00,20650,20700,20600,20650,9418,194350000,2525,6893
060250,2026-02-06,14:25:00,20600,20750,20550,20650,9733,200900000,4086,5647
060250,2026-02-06,14:30:00,20650,20900,20650,20800,10858,225270000,5881,4977
060250,2026-02-06,14:35:00,20850,21000,20750,20850,18072,377310000,10166,7906
060250,2026-02-06,14:40:00,20900,21000,20800,20900,17877,373620000,3109,14768
060250,2026-02-06,14:45:00,20900,20950,20800,20950,8656,180750000,2567,6089
060250,2026-02-06,14:50:00,20900,20950,20800,20800,10328,215480000,2648,7680
060250,2026-02-06,14:55:00,20850,21000,20800,20850,10481,218810000,5035,5446
060250,2026-02-06,15:00:00,20900,21000,20800,20900,11362,237520000,4627,6735
060250,2026-02-06,15:05:00,20900,21050,20850,21000,7713,161560000,3225,4488
060250,2026-02-06,15:10:00,20950,21100,20950,21050,11641,244390000,4127,7514
060250,2026-02-06,15:15:00,21000,21100,20950,21100,10616,223150000,4677,5939
060250,2026-02-06,15:20:00,21000,21100,20950,20950,14356,301790000,9573,4783
060250,2026-02-06,15:30:00,21000,21000,21000,21000,20200,424200000,20197,0
060250,2026-02-09,09:05:00,21600,21800,21450,21600,48802,1054820000,18826,29976
060250,2026-02-09,09:10:00,21600,21950,21550,21900,35408,770090000,18336,17072
060250,2026-02-09,09:15:00,21900,22500,21900,22300,117732,2615830000,82401,35331
060250,2026-02-09,09:20:00,22350,22450,22150,22350,40283,897990000,27123,13160
060250,2026-02-09,09:25:00,22350,23750,22300,23750,269373,6252120000,171522,97851
060250,2026-02-09,09:30:00,24050,24250,23000,23300,335144,7874190000,156891,178253
060250,2026-02-09,09:35:00,23300,23600,23000,23250,155430,3620590000,77383,78047
060250,2026-02-09,09:40:00,23250,23700,22900,22900,141918,3318000000,78607,63311
060250,2026-02-09,09:45:00,22900,23250,22750,23000,58977,1355330000,25511,33466
060250,2026-02-09,09:50:00,23000,23100,22800,23100,40300,923980000,17912,22388
060250,2026-02-09,09:55:00,23150,23350,23050,23250,33828,785230000,14511,19317
060250,2026-02-09,10:00:00,23200,23250,22900,23000,20984,484900000,5677,15307
060250,2026-02-09,10:05:00,23050,23200,22850,23100,23459,539700000,9876,13583
060250,2026-02-09,10:10:00,23100,23300,22950,23000,26779,619560000,11209,15570
060250,2026-02-09,10:15:00,22950,23250,22900,23250,21519,496180000,12089,9430
060250,2026-02-09,10:20:00,23250,24000,23150,23750,253461,6024100000,149074,104387
060250,2026-02-09,10:25:00,23700,23850,23200,23450,111315,2616850000,44215,67100
060250,2026-02-09,10:30:00,23500,23600,23200,23300,55993,1310860000,20526,35467
060250,2026-02-09,10:35:00,23300,23400,23150,23350,42467,987250000,15766,26701
060250,2026-02-09,10:40:00,23350,23550,23250,23500,27962,654920000,19149,8813
060250,2026-02-09,10:45:00,23450,23500,23250,23400,13098,306330000,6030,7068
060250,2026-02-09,10:50:00,23300,23450,23200,23350,17013,395870000,4794,12219
060250,2026-02-09,10:55:00,23350,23650,23250,23600,30364,712040000,20812,9552
060250,2026-02-09,11:00:00,23600,23650,23300,23350,26231,616580000,10254,15977
060250,2026-02-09,11:05:00,23350,23400,23250,23250,14465,337170000,4775,9690
060250,2026-02-09,11:10:00,23250,23350,23200,23250,11265,262060000,2843,8422
060250,2026-02-09,11:15:00,23250,23300,23000,23050,34290,792130000,5147,29143
060250,2026-02-09,11:20:00,23000,23100,22900,22950,19943,458210000,7067,12876
060250,2026-02-09,11:25:00,22950,23150,22950,23150,8066,185720000,4555,3511
060250,2026-02-09,11:30:00,23150,23200,23000,23050,14601,337060000,9465,5136
060250,2026-02-09,11:35:00,23050,23100,23000,23050,3663,84380000,1035,2628
060250,2026-02-09,11:40:00,23000,23100,22950,23050,11388,261790000,3636,7752
060250,2026-02-09,11:45:00,23000,23100,22950,23000,7333,168740000,2725,4608
060250,2026-02-09,11:50:00,23050,23050,22800,22800,21966,502550000,2168,19798
060250,2026-02-09,11:55:00,22850,22900,22800,22800,9483,216580000,4117,5366
060250,2026-02-09,12:00:00,22850,22850,22500,22600,35235,797450000,8822,26413
060250,2026-02-09,12:05:00,22600,22800,22600,22750,7482,169890000,5957,1525
060250,2026-02-09,12:10:00,22750,22800,22650,22800,9823,223240000,6178,3645
060250,2026-02-09,12:15:00,22800,22850,22750,22800,5160,117660000,3238,1922
060250,2026-02-09,12:20:00,22800,22850,22700,22700,4747,108100000,1577,3170
060250,2026-02-09,12:25:00,22700,22800,22700,22750,4160,94580000,1683,2477
060250,2026-02-09,12:30:00,22750,22800,22650,22750,6879,156630000,2078,4801
060250,2026-02-09,12:35:00,22700,22750,22600,22650,14025,317680000,3409,10616
060250,2026-02-09,12:40:00,22700,22800,22650,22700,4997,113540000,3173,1824
060250,2026-02-09,12:45:00,22650,22750,22600,22650,5006,113420000,992,4014
060250,2026-02-09,12:50:00,22650,22700,22500,22675,14246,322270000,4859,9387
060250,2026-02-09,12:55:00,22650,22700,22650,22700,5437,123320000,2726,2711
060250,2026-02-09,13:00:00,22700,22750,22600,22650,6556,148520000,2418,4138
060250,2026-02-09,13:05:00,22650,22700,22600,22600,6004,135830000,1050,4954
060250,2026-02-09,13:10:00,22550,22650,22550,22550,5736,129540000,2531,3205
060250,2026-02-09,13:15:00,22600,22600,22450,22500,12842,289060000,3420,9422
060250,2026-02-09,13:20:00,22450,22550,22350,22400,22934,514630000,8056,14878
060250,2026-02-09,13:25:00,22400,22450,22350,22450,6406,143610000,3727,2679
060250,2026-02-09,13:30:00,22450,22550,22400,22400,6796,152490000,3224,3572
060250,2026-02-09,13:35:00,22400,22400,22200,22250,15836,353200000,3803,12033
060250,2026-02-09,13:40:00,22250,22300,22200,22300,11405,253900000,5756,5649
060250,2026-02-09,13:45:00,22350,22400,22250,22400,7553,168640000,4546,3007
060250,2026-02-09,13:50:00,22350,22400,22250,22350,6742,150450000,2631,4111
060250,2026-02-09,13:55:00,22350,22400,22300,22300,3847,85950000,2375,1472
060250,2026-02-09,14:00:00,22300,22400,22300,22400,5850,130650000,2156,3694
060250,2026-02-09,14:05:00,22350,22450,22350,22400,3491,78140000,2063,1428
060250,2026-02-09,14:10:00,22400,22450,22300,22450,5545,124230000,3289,2256
060250,2026-02-09,14:15:00,22450,22550,22400,22400,4924,110630000,3922,1002
060250,2026-02-09,14:20:00,22400,22550,22400,22550,3373,75890000,2862,511
060250,2026-02-09,14:25:00,22550,22550,22400,22450,7388,166090000,2952,4436
060250,2026-02-09,14:30:00,22500,22500,22400,22450,4639,104090000,1921,2718
060250,2026-02-09,14:35:00,22400,22450,22350,22450,16918,378980000,13169,3749
060250,2026-02-09,14:40:00,22400,22450,22300,22300,8378,187390000,1308,7070
060250,2026-02-09,14:45:00,22300,22500,22300,22500,7824,175040000,3827,3997
060250,2026-02-09,14:50:00,22500,22650,22500,22550,9034,203760000,5741,3293
060250,2026-02-09,14:55:00,22550,22750,22550,22650,12819,290580000,7714,5105
060250,2026-02-09,15:00:00,22650,22750,22650,22700,9163,207850000,5372,3791
060250,2026-02-09,15:05:00,22650,22700,22550,22600,11812,267080000,2680,9132
060250,2026-02-09,15:10:00,22550,23000,22550,22800,51065,1166190000,38294,12771
060250,2026-02-09,15:15:00,22850,22850,22650,22750,20841,474440000,8539,12302
060250,2026-02-09,15:20:00,22700,22750,22650,22750,12805,290480000,7445,5360
060250,2026-02-09,15:30:00,22650,22650,22650,22650,18569,420580000,18452,0
060250,2026-02-10,09:05:00,22350,22450,22050,22150,40498,900020000,16819,23546
060250,2026-02-10,09:10:00,22150,22350,22050,22300,23076,512160000,10724,12352
060250,2026-02-10,09:15:00,22300,22850,22300,22650,39596,894230000,24050,15546
060250,2026-02-10,09:20:00,22650,22900,22600,22700,50294,1146020000,20037,30257
060250,2026-02-10,09:25:00,22700,22850,22450,22800,33266,752600000,19306,13960
060250,2026-02-10,09:30:00,22800,23200,22650,23150,50478,1155030000,34892,15586
060250,2026-02-10,09:35:00,23200,23200,22700,22950,19179,440010000,9906,9273
060250,2026-02-10,09:40:00,22950,22950,22450,22600,24695,559870000,5854,18841
060250,2026-02-10,09:45:00,22600,22700,22550,22550,9015,203660000,3511,5504
060250,2026-02-10,09:50:00,22550,22650,22450,22500,19587,442050000,2212,17375
060250,2026-02-10,09:55:00,22450,22750,22450,22600,7799,176160000,4600,3199
060250,2026-02-10,10:00:00,22600,22850,22600,22750,10443,237450000,5815,4628
060250,2026-02-10,10:05:00,22700,22800,22650,22700,7823,177460000,3117,4706
060250,2026-02-10,10:10:00,22700,22700,22550,22600,4335,98090000,1539,2796
060250,2026-02-10,10:15:00,22550,22600,22500,22550,14887,335290000,10202,4685
060250,2026-02-10,10:20:00,22600,22700,22550,22650,4249,96110000,2854,1395
060250,2026-02-10,10:25:00,22625,22650,22450,22500,6372,143530000,853,5519
060250,2026-02-10,10:30:00,22450,22450,22150,22200,18907,421490000,3949,14958
060250,2026-02-10,10:35:00,22150,22200,22050,22100,24392,539270000,9432,14960
060250,2026-02-10,10:40:00,22100,22450,22000,22400,16006,354420000,7600,8406
060250,2026-02-10,10:45:00,22400,22450,22300,22325,3830,85610000,1014,2816
060250,2026-02-10,10:50:00,22350,22650,22300,22600,10035,225950000,6585,3450
060250,2026-02-10,10:55:00,22650,22800,22600,22600,14028,318620000,8044,5984
060250,2026-02-10,11:00:00,22600,22650,22400,22600,4911,110750000,1380,3531
060250,2026-02-10,11:05:00,22600,22650,22500,22500,1947,43850000,50,1897
060250,2026-02-10,11:10:00,22500,22600,22500,22550,6633,149590000,5160,1473
060250,2026-02-10,11:15:00,22600,22600,22400,22500,6460,145090000,1110,5350
060250,2026-02-10,11:20:00,22500,22500,22400,22400,6327,142020000,2446,3881
060250,2026-02-10,11:25:00,22400,22500,22400,22450,3293,73870000,1143,2150
060250,2026-02-10,11:30:00,22450,22500,22400,22500,2816,63220000,1366,1450
060250,2026-02-10,11:35:00,22450,22600,22450,22550,3707,83520000,2492,1215
060250,2026-02-10,11:40:00,22550,22550,22400,22400,4991,112120000,1584,3407
060250,2026-02-10,11:45:00,22450,22450,22350,22350,2616,58610000,1162,1454
060250,2026-02-10,11:50:00,22400,22550,22400,22550,4648,104430000,3833,815
060250,2026-02-10,11:55:00,22500,22550,22450,22500,2199,49490000,1067,1132
060250,2026-02-10,12:00:00,22550,22600,22500,22550,3630,81900000,1769,1861
060250,2026-02-10,12:05:00,22500,22550,22450,22450,1951,43870000,133,1818
060250,2026-02-10,12:10:00,22500,22550,22400,22450,6409,144030000,3352,3057
060250,2026-02-10,12:15:00,22450,22450,22400,22400,1819,40790000,934,885
060250,2026-02-10,12:20:00,22400,22450,22300,22300,7333,163840000,730,6603
060250,2026-02-10,12:25:00,22300,22350,22250,22300,3184,70900000,419,2765
060250,2026-02-10,12:30:00,22250,22350,22250,22300,3870,86300000,2472,1398
060250,2026-02-10,12:35:00,22350,22350,22250,22350,3321,74040000,1857,1464
060250,2026-02-10,12:40:00,22300,22400,22300,22350,6367,142330000,4899,1468
060250,2026-02-10,12:45:00,22400,22400,22350,22400,1154,25830000,685,469
060250,2026-02-10,12:50:00,22350,22400,22300,22400,4258,95080000,1894,2364
060250,2026-02-10,12:55:00,22400,22450,22350,22400,3786,84780000,2710,1076
060250,2026-02-10,13:00:00,22400,22500,22400,22450,2876,64530000,1628,1248
060250,2026-02-10,13:05:00,22500,22500,22350,22400,2464,55190000,1161,1303
060250,2026-02-10,13:10:00,22400,22400,22350,22400,2665,59630000,1342,1323
060250,2026-02-10,13:15:00,22400,22475,22350,22400,1959,43900000,1559,400
060250,2026-02-10,13:20:00,22350,22450,22350,22400,1767,39580000,1120,647
060250,2026-02-10,13:25:00,22350,22500,22350,22450,2953,66190000,2114,839
060250,2026-02-10,13:30:00,22450,22450,22400,22450,2092,46920000,1229,863
060250,2026-02-10,13:35:00,22400,22400,22300,22350,5285,118190000,321,4964
060250,2026-02-10,13:40:00,22350,22350,22300,22350,1624,36290000,1559,65
060250,2026-02-10,13:45:00,22300,22400,22300,22350,3423,76450000,1861,1562
060250,2026-02-10,13:50:00,22400,22450,22350,22450,6457,144550000,4466,1991
060250,2026-02-10,13:55:00,22400,22450,22350,22400,1673,37480000,249,1424
060250,2026-02-10,14:00:00,22350,22500,22350,22500,5613,125840000,3907,1706
060250,2026-02-10,14:05:00,22500,22600,22450,22600,5039,113560000,3528,1511
060250,2026-02-10,14:10:00,22600,22700,22500,22700,13071,295540000,10677,2394
060250,2026-02-10,14:15:00,22650,22750,22450,22500,11343,256150000,4315,7028
060250,2026-02-10,14:20:00,22550,22650,22450,22500,3952,89130000,2106,1846
060250,2026-02-10,14:25:00,22500,22600,22500,22550,3434,77350000,1286,2148
060250,2026-02-10,14:30:00,22500,22550,22400,22450,4868,109350000,690,4178
060250,2026-02-10,14:35:00,22450,22450,22400,22400,2339,52460000,1372,967
060250,2026-02-10,14:40:00,22400,22450,22400,22450,1747,39180000,851,896
060250,2026-02-10,14:45:00,22450,22450,22350,22400,6099,136480000,1548,4551
060250,2026-02-10,14:50:00,22400,22450,22350,22400,3221,72100000,1167,2054
060250,2026-02-10,14:55:00,22350,22400,22300,22400,6148,137390000,1820,4328
060250,2026-02-10,15:00:00,22400,22400,22300,22400,1403,31370000,559,844
060250,2026-02-10,15:05:00,22350,22400,22250,22250,5666,126470000,1196,4470
060250,2026-02-10,15:10:00,22300,22300,22250,22250,4807,107100000,2735,2072
060250,2026-02-10,15:15:00,22300,22300,22150,22200,14061,312230000,3883,10178
060250,2026-02-10,15:20:00,22250,22300,22200,22200,9387,208720000,4545,4842
060250,2026-02-10,15:30:00,22200,22200,22200,22200,14441,320580000,14373,0
060250,2026-02-11,09:05:00,22500,22500,22050,22100,25164,559170000,5916,19248
060250,2026-02-11,09:10:00,22100,22100,21400,21550,46933,1014630000,20965,25968
060250,2026-02-11,09:15:00,21600,21700,21150,21200,31934,685440000,9281,22653
060250,2026-02-11,09:20:00,21200,21300,20900,21250,55158,1163980000,19932,35226
060250,2026-02-11,09:25:00,21200,21400,21150,21150,16503,350200000,5693,10810
060250,2026-02-11,09:30:00,21150,21200,20850,20900,28881,607230000,4331,24550
060250,2026-02-11,09:35:00,20900,21000,20800,20850,25477,532700000,7554,17923
060250,2026-02-11,09:40:00,20800,21200,20750,21200,18663,389970000,8672,9991
060250,2026-02-11,09:45:00,21200,21200,21000,21050,15431,325210000,3497,11934
060250,2026-02-11,09:50:00,21100,21250,21050,21200,7750,164420000,5777,1973
060250,2026-02-11,09:55:00,21150,21200,21050,21150,9155,193210000,2897,6258
060250,2026-02-11,10:00:00,21100,21300,21100,21300,8467,179690000,4844,3623
060250,2026-02-11,10:05:00,21300,21300,21100,21100,6331,134000000,856,5475
060250,2026-02-11,10:10:00,21100,21150,21000,21100,6537,137730000,2852,3685
060250,2026-02-11,10:15:00,21050,21200,21000,21200,8848,186570000,4527,4321
060250,2026-02-11,10:20:00,21200,21450,21200,21350,12779,272850000,8044,4735
060250,2026-02-11,10:25:00,21350,21450,21350,21450,5705,122170000,3665,2040
060250,2026-02-11,10:30:00,21450,21450,21300,21350,11406,244060000,2737,8669
060250,2026-02-11,10:35:00,21350,21400,21300,21300,4144,88430000,2223,1921
060250,2026-02-11,10:40:00,21250,21350,21250,21350,3180,67720000,1576,1604
060250,2026-02-11,10:45:00,21350,21350,21300,21300,1601,34120000,357,1244
060250,2026-02-11,10:50:00,21300,21400,21300,21300,2548,54390000,1324,1224
060250,2026-02-11,10:55:00,21300,21350,21250,21250,2242,47750000,885,1357
060250,2026-02-11,11:00:00,21250,21300,21250,21250,4847,103080000,1551,3296
060250,2026-02-11,11:05:00,21300,21300,21100,21150,8127,172010000,3498,4629
060250,2026-02-11,11:10:00,21100,21250,21000,21100,7136,150640000,2376,4760
060250,2026-02-11,11:15:00,21200,21200,21000,21100,12650,266650000,4877,7773
060250,2026-02-11,11:20:00,21150,21250,21100,21250,4266,90370000,3163,1103
060250,2026-02-11,11:25:00,21250,21300,21200,21250,4570,97130000,1059,3511
060250,2026-02-11,11:30:00,21300,21300,21150,21200,3737,79280000,993,2744
060250,2026-02-11,11:35:00,21150,21250,21150,21150,3509,74370000,764,2745
060250,2026-02-11,11:40:00,21150,21300,21150,21150,4167,88410000,2883,1284
060250,2026-02-11,11:45:00,21200,21200,21100,21150,2320,49070000,1086,1234
060250,2026-02-11,11:50:00,21150,21250,21100,21250,4264,90260000,3760,504
060250,2026-02-11,11:55:00,21250,21350,21250,21300,1591,33880000,1077,514
060250,2026-02-11,12:00:00,21250,21300,21250,21300,1814,38640000,1202,612
060250,2026-02-11,12:05:00,21250,21300,21200,21200,1802,38290000,160,1642
060250,2026-02-11,12:10:00,21200,21250,21150,21200,2999,63550000,1164,1835
060250,2026-02-11,12:15:00,21200,21250,21150,21250,2905,61460000,448,2457
060250,2026-02-11,12:20:00,21200,21250,21150,21200,1125,23850000,669,456
060250,2026-02-11,12:25:00,21200,21250,21150,21200,2829,59940000,1367,1462
060250,2026-02-11,12:30:00,21250,21300,21200,21250,1486,31570000,1093,393
060250,2026-02-11,12:35:00,21200,21300,21200,21250,1663,35280000,338,1325
060250,2026-02-11,12:40:00,21250,21250,21200,21250,2513,53340000,1107,1406
060250,2026-02-11,12:45:00,21250,21250,21150,21150,2783,59010000,591,2192
060250,2026-02-11,12:50:00,21150,21250,21100,21200,4060,85900000,1153,2907
060250,2026-02-11,12:55:00,21150,21250,21150,21200,1533,32480000,819,714
060250,2026-02-11,13:00:00,21150,21250,21100,21200,9167,194060000,3954,5213
060250,2026-02-11,13:05:00,21200,21350,21200,21350,4834,102750000,2920,1914
060250,2026-02-11,13:10:00,21300,21350,21250,21250,3324,70790000,1172,2152
060250,2026-02-11,13:15:00,21250,21300,21200,21200,2392,50850000,841,1551
060250,2026-02-11,13:20:00,21200,21300,21200,21250,2330,49480000,1239,1091
060250,2026-02-11,13:25:00,21250,21300,21200,21250,6436,136930000,3869,2567
060250,2026-02-11,13:30:00,21250,21300,21200,21250,5411,115000000,3202,2209
060250,2026-02-11,13:35:00,21200,21250,21150,21150,4067,86210000,829,3238
060250,2026-02-11,13:40:00,21200,21200,21150,21150,4594,97230000,1299,3295
060250,2026-02-11,13:45:00,21150,21200,21100,21150,6946,146910000,3570,3376
060250,2026-02-11,13:50:00,21150,21250,21150,21250,4889,103560000,2761,2128
060250,2026-02-11,13:55:00,21200,21200,21150,21150,4611,97590000,1798,2813
060250,2026-02-11,14:00:00,21150,21250,21150,21250,3621,76730000,2956,665
060250,2026-02-11,14:05:00,21250,21250,21100,21100,8346,176670000,1632,6714
060250,2026-02-11,14:10:00,21100,21200,21050,21100,6635,139960000,1245,5390
060250,2026-02-11,14:15:00,21150,21150,21050,21100,4325,91190000,1688,2637
060250,2026-02-11,14:20:00,21050,21100,21000,21050,9153,192750000,4168,4985
060250,2026-02-11,14:25:00,21100,21150,21000,21050,5869,123610000,3182,2687
060250,2026-02-11,14:30:00,21050,21100,21000,21050,4119,86680000,679,3440
060250,2026-02-11,14:35:00,21050,21100,20950,21050,15049,316190000,2499,12550
060250,2026-02-11,14:40:00,21000,21050,20950,21000,6695,140590000,1206,5489
060250,2026-02-11,14:45:00,20950,21025,20900,20950,12918,270760000,3872,9046
060250,2026-02-11,14:50:00,20950,21000,20900,21000,7368,154440000,1741,5627
060250,2026-02-11,14:55:00,20950,21050,20950,21000,7605,159640000,6147,1458
060250,2026-02-11,15:00:00,20950,21000,20950,21000,2131,44710000,1380,751
060250,2026-02-11,15:05:00,20950,21000,20900,21000,9869,206900000,3576,6293
060250,2026-02-11,15:10:00,21000,21050,20950,20950,8472,177880000,2265,6207
060250,2026-02-11,15:15:00,20950,21000,20900,20900,7725,161830000,1628,6097
060250,2026-02-11,15:20:00,20925,20950,20800,20900,28306,590590000,5863,22443
060250,2026-02-11,15:30:00,20900,20900,20900,20900,15857,331400000,15576,0
060250,2026-02-12,09:05:00,21450,21850,21000,21200,157391,3375190000,74725,80736
060250,2026-02-12,09:10:00,21200,21350,20850,20900,67241,1415410000,13172,54069
060250,2026-02-12,09:15:00,20900,21200,20750,21150,31603,659740000,14711,16892
060250,2026-02-12,09:20:00,21150,21300,20900,20950,24196,511330000,10153,14043
060250,2026-02-12,09:25:00,20950,21050,20800,20800,26117,546180000,6043,20074
060250,2026-02-12,09:30:00,20800,20950,20750,20850,12745,265520000,5261,7484
060250,2026-02-12,09:35:00,20850,20850,20550,20600,42245,872920000,5662,36583
060250,2026-02-12,09:40:00,20600,20750,20550,20750,10646,219720000,5620,5026
060250,2026-02-12,09:45:00,20700,20700,20500,20550,28004,576110000,3184,24820
060250,2026-02-12,09:50:00,20600,20850,20500,20850,6900,142710000,4327,2573
060250,2026-02-12,09:55:00,20800,20900,20750,20850,5486,114220000,1666,3820
060250,2026-02-12,10:00:00,20800,20850,20700,20750,5637,117160000,1834,3803
060250,2026-02-12,10:05:00,20750,20850,20700,20800,9101,189170000,7639,1462
060250,2026-02-12,10:10:00,20800,20850,20750,20850,6110,126990000,2684,3426
060250,2026-02-12,10:15:00,20850,21100,20750,21100,15603,327180000,11691,3912
060250,2026-02-12,10:20:00,21100,21450,21100,21200,58549,1245890000,37801,20748
060250,2026-02-12,10:25:00,21200,21250,21050,21200,4854,102600000,1531,3323
060250,2026-02-12,10:30:00,21200,21250,21100,21100,2918,61810000,881,2037
060250,2026-02-12,10:35:00,21100,21200,21050,21150,5991,126390000,1771,4220
060250,2026-02-12,10:40:00,21150,21150,21050,21150,7426,156670000,3340,4086
060250,2026-02-12,10:45:00,21100,21250,21100,21200,4439,94150000,2657,1782
060250,2026-02-12,10:50:00,21200,21350,21200,21300,10153,215980000,7054,3099
060250,2026-02-12,10:55:00,21250,21300,21100,21150,6280,133100000,1508,4772
060250,2026-02-12,11:00:00,21150,21200,21100,21200,2212,46810000,1821,391
060250,2026-02-12,11:05:00,21200,21200,21100,21150,7307,154510000,3756,3551
060250,2026-02-12,11:10:00,21100,21200,21050,21100,4617,97570000,2255,2362
060250,2026-02-12,11:15:00,21050,21200,21050,21200,5104,107650000,2849,2255
060250,2026-02-12,11:20:00,21200,21200,21000,21050,12101,255780000,3619,8482
060250,2026-02-12,11:25:00,21050,21050,21000,21050,1508,31700000,575,933
060250,2026-02-12,11:30:00,21050,21150,21000,21150,4882,102830000,3410,1472
060250,2026-02-12,11:35:00,21150,21250,21100,21200,14398,304860000,11700,2698
060250,2026-02-12,11:40:00,21200,21225,21150,21150,3664,77660000,2391,1273
060250,2026-02-12,11:45:00,21150,21150,21100,21150,3418,72280000,1020,2398
060250,2026-02-12,11:50:00,21150,21150,21050,21100,2336,49300000,407,1929
060250,2026-02-12,11:55:00,21100,21150,21050,21050,2228,46980000,158,2070
060250,2026-02-12,12:00:00,21050,21100,21050,21050,4543,95660000,269,4274
060250,2026-02-12,12:05:00,21100,21100,21000,21050,1225,25770000,202,1023
060250,2026-02-12,12:10:00,21000,21050,21000,21050,5606,117780000,1189,4417
060250,2026-02-12,12:15:00,21100,21100,20950,20950,8070,169490000,1041,7029
060250,2026-02-12,12:20:00,21000,21050,20950,21000,1548,32500000,725,823
060250,2026-02-12,12:25:00,21000,21050,21000,21050,954,20040000,146,808
060250,2026-02-12,12:30:00,21050,21250,21000,21200,17042,361160000,13299,3743
060250,2026-02-12,12:35:00,21200,21300,21150,21150,11637,247070000,7893,3744
060250,2026-02-12,12:40:00,21150,21250,21150,21250,5102,108190000,1975,3127
060250,2026-02-12,12:45:00,21250,21250,21050,21100,7302,154390000,428,6874
060250,2026-02-12,12:50:00,21150,21200,21100,21150,2646,55980000,1891,755
060250,2026-02-12,12:55:00,21150,21200,21100,21150,1530,32350000,1084,446
060250,2026-02-12,13:00:00,21150,21150,21050,21150,2285,48220000,252,2033
060250,2026-02-12,13:05:00,21150,21150,20950,21050,13521,284270000,2326,11195
060250,2026-02-12,13:10:00,21050,21250,21000,21200,12338,260580000,7667,4671
060250,2026-02-12,13:15:00,21200,21200,21100,21100,4438,93900000,2311,2127
060250,2026-02-12,13:20:00,21100,21100,21000,21000,2826,59530000,823,2003
060250,2026-02-12,13:25:00,21050,21050,21000,21000,2913,61200000,447,2466
060250,2026-02-12,13:30:00,21050,21100,21000,21100,3237,68150000,2583,654
060250,2026-02-12,13:35:00,21100,21150,21050,21150,3513,74130000,1814,1699
060250,2026-02-12,13:40:00,21150,21150,21050,21050,4038,85180000,1176,2862
060250,2026-02-12,13:45:00,21100,21100,21000,21050,3300,69410000,604,2696
060250,2026-02-12,13:50:00,21000,21100,21000,21000,2894,60810000,437,2457
060250,2026-02-12,13:55:00,21000,21000,20900,20900,13126,274640000,769,12357
060250,2026-02-12,14:00:00,20900,20950,20800,20875,7775,162310000,2715,5060
060250,2026-02-12,14:05:00,20900,20950,20850,20900,2871,59940000,956,1915
060250,2026-02-12,14:10:00,20900,21000,20850,20950,2637,55250000,1316,1321
060250,2026-02-12,14:15:00,21000,21000,20900,20900,7354,153890000,351,7003
060250,2026-02-12,14:20:00,20950,20950,20850,20900,2724,56950000,1177,1547
060250,2026-02-12,14:25:00,20900,20950,20700,20750,15087,314050000,1668,13419
060250,2026-02-12,14:30:00,20800,20900,20750,20850,3727,77700000,2245,1482
060250,2026-02-12,14:35:00,20800,20850,20800,20850,4813,100170000,1374,3439
060250,2026-02-12,14:40:00,20800,20850,20750,20800,4439,92290000,1147,3292
060250,2026-02-12,14:45:00,20800,20850,20650,20800,13014,269910000,686,12328
060250,2026-02-12,14:50:00,20750,20850,20750,20850,5995,124550000,2890,3105
060250,2026-02-12,14:55:00,20850,20850,20800,20850,5640,117470000,3651,1989
060250,2026-02-12,15:00:00,20900,20900,20800,20850,4174,86880000,811,3363
060250,2026-02-12,15:05:00,20800,20900,20800,20825,11597,241510000,6028,5569
060250,2026-02-12,15:10:00,20800,20900,20800,20850,7939,165480000,6143,1796
060250,2026-02-12,15:15:00,20850,20900,20800,20900,8843,184140000,3796,5047
060250,2026-02-12,15:20:00,20900,21050,20800,21050,26774,560220000,17499,9275
060250,2026-02-12,15:30:00,21050,21050,21050,21050,27323,575150000,25018,0
060250,2026-02-13,09:05:00,20800,21200,20650,21050,44218,926860000,28417,15757
060250,2026-02-13,09:10:00,21000,21100,20850,20850,16869,353680000,7769,9100
060250,2026-02-13,09:15:00,20850,20950,20650,20700,17105,355400000,5549,11556
060250,2026-02-13,09:20:00,20700,20750,20550,20700,24918,514350000,8346,16572
060250,2026-02-13,09:25:00,20650,20750,20600,20650,12308,254610000,5556,6752
060250,2026-02-13,09:30:00,20700,20800,20550,20650,16383,338230000,7297,9086
060250,2026-02-13,09:35:00,20650,20700,20550,20600,18683,384750000,5498,13185
060250,2026-02-13,09:40:00,20600,20850,20600,20850,17973,371790000,15357,2616
060250,2026-02-13,09:45:00,20850,20850,20600,20600,8584,177100000,2065,6519
060250,2026-02-13,09:50:00,20650,20650,20450,20500,92278,1895490000,62663,29615
060250,2026-02-13,09:55:00,20500,20550,20400,20450,19119,391290000,6147,12972
060250,2026-02-13,10:00:00,20450,20450,20300,20350,23547,479660000,6161,17386
060250,2026-02-13,10:05:00,20400,20450,20250,20400,20984,426540000,5463,15521
060250,2026-02-13,10:10:00,20400,20550,20350,20550,16460,336890000,11714,4746
060250,2026-02-13,10:15:00,20550,20700,20450,20650,10842,223000000,8031,2811
060250,2026-02-13,10:20:00,20650,20900,20650,20775,19102,396470000,14186,4916
060250,2026-02-13,10:25:00,20750,20750,20650,20700,2886,59730000,728,2158
060250,2026-02-13,10:30:00,20700,20750,20550,20650,10158,209430000,3338,6820
060250,2026-02-13,10:35:00,20600,20950,20600,20900,14239,296690000,13040,1199
060250,2026-02-13,10:40:00,20900,21250,20850,21050,30988,653340000,25549,5439
060250,2026-02-13,10:45:00,21100,21100,20950,21050,21492,452260000,10470,11022
060250,2026-02-13,10:50:00,21050,21100,20950,20950,22963,483230000,10957,12006
060250,2026-02-13,10:55:00,20900,21000,20900,20900,8221,172390000,4274,3947
060250,2026-02-13,11:00:00,20900,20900,20800,20850,13158,274330000,2420,10738
060250,2026-02-13,11:05:00,20850,20950,20850,20950,2581,53940000,1496,1085
060250,2026-02-13,11:10:00,20950,21050,20900,21000,3528,73970000,1908,1620
060250,2026-02-13,11:15:00,21000,21000,20800,20850,11516,240410000,3318,8198
060250,2026-02-13,11:20:00,20850,20950,20850,20950,3843,80280000,1925,1918
060250,2026-02-13,11:25:00,20900,20950,20850,20850,2686,56130000,342,2344
060250,2026-02-13,11:30:00,20900,20950,20850,20900,4398,91960000,2874,1524
060250,2026-02-13,11:35:00,20900,21050,20900,21000,7035,147580000,4575,2460
060250,2026-02-13,11:40:00,21000,21000,20950,21000,2962,62200000,2708,254
060250,2026-02-13,11:45:00,21000,21000,20900,20950,3852,80680000,241,3611
060250,2026-02-13,11:50:00,20950,20950,20850,20900,3567,74540000,1154,2413
060250,2026-02-13,11:55:00,20900,20900,20850,20900,2261,47180000,674,1587
060250,2026-02-13,12:00:00,20900,20900,20850,20850,2217,46280000,1180,1037
060250,2026-02-13,12:05:00,20900,20900,20800,20800,8037,167550000,1755,6282
060250,2026-02-13,12:10:00,20800,20850,20800,20825,2334,48590000,844,1490
060250,2026-02-13,12:15:00,20850,21000,20850,20950,8934,186690000,7843,1091
060250,2026-02-13,12:20:00,20950,20950,20850,20950,6147,128400000,3191,2956
060250,2026-02-13,12:25:00,20950,20950,20850,20850,5758,120290000,2105,3653
060250,2026-02-13,12:30:00,20850,20900,20800,20850,4499,93830000,3353,1146
060250,2026-02-13,12:35:00,20850,20850,20800,20850,5502,114610000,2196,3306
060250,2026-02-13,12:40:00,20850,20850,20800,20800,4622,96230000,1511,3111
060250,2026-02-13,12:45:00,20800,20850,20800,20800,5338,111050000,750,4588
060250,2026-02-13,12:50:00,20800,20850,20750,20800,7014,145810000,1844,5170
060250,2026-02-13,12:55:00,20850,21000,20800,21000,5272,110090000,4725,547
060250,2026-02-13,13:00:00,20850,21000,20750,20850,11612,241700000,1831,9781
060250,2026-02-13,13:05:00,20800,20850,20750,20750,5853,121550000,1427,4426
060250,2026-02-13,13:10:00,20750,20850,20750,20850,7067,146870000,3308,3759
060250,2026-02-13,13:15:00,20850,20950,20800,20950,7218,150670000,4956,2262
060250,2026-02-13,13:20:00,20950,21050,20900,21000,16242,340830000,13199,3043
060250,2026-02-13,13:25:00,21000,21050,20950,21050,9121,191700000,6098,3023
060250,2026-02-13,13:30:00,21050,21050,20950,21000,5930,124570000,3412,2518
060250,2026-02-13,13:35:00,21050,21050,21000,21025,5138,108040000,2933,2205
060250,2026-02-13,13:40:00,21050,21100,21000,21050,10854,228330000,7152,3702
060250,2026-02-13,13:45:00,21050,21100,21050,21075,5951,125370000,1757,4194
060250,2026-02-13,13:50:00,21075,21100,21075,21100,4568,96370000,4140,428
060250,2026-02-13,13:55:00,21100,21150,21050,21100,14695,309790000,9011,5684
060250,2026-02-13,14:00:00,21050,21100,21050,21100,7099,149780000,4756,2343
060250,2026-02-13,14:05:00,21100,21200,21050,21150,18203,384700000,12789,5414
060250,2026-02-13,14:10:00,21200,21200,21100,21150,9624,203630000,4042,5582
060250,2026-02-13,14:15:00,21100,21150,21050,21050,7478,157830000,2233,5245
060250,2026-02-13,14:20:00,21075,21100,20950,20950,12667,266270000,1848,10819
060250,2026-02-13,14:25:00,21000,21050,20950,21000,5547,116410000,2694,2853
060250,2026-02-13,14:30:00,20950,21000,20900,20900,9953,208550000,3903,6050
060250,2026-02-13,14:35:00,20950,20950,20850,20900,7825,163540000,1139,6686
060250,2026-02-13,14:40:00,20850,20900,20800,20800,10047,209550000,3587,6460
060250,2026-02-13,14:45:00,20800,20850,20750,20750,12264,255120000,3051,9213
060250,2026-02-13,14:50:00,20750,20800,20750,20750,7377,153130000,1152,6225
060250,2026-02-13,14:55:00,20750,20800,20625,20700,20055,414970000,4017,16038
060250,2026-02-13,15:00:00,20650,20750,20650,20700,8426,174280000,4329,4097
060250,2026-02-13,15:05:00,20700,20700,20600,20700,17960,370750000,4697,13263
060250,2026-02-13,15:10:00,20650,20800,20600,20800,13812,285620000,9041,4771
060250,2026-02-13,15:15:00,20750,20950,20750,20900,11542,240440000,9548,1994
060250,2026-02-13,15:20:00,20900,20950,20800,20850,22811,476470000,13825,8986
060250,2026-02-13,15:30:00,20850,20850,20850,20850,22428,467620000,18882,0
060250,2026-02-19,09:05:00,21550,21600,20700,20750,125227,2647370000,41883,83334
060250,2026-02-19,09:10:00,20800,21100,20750,20950,42654,891480000,20525,22129
060250,2026-02-19,09:15:00,21000,21200,20850,21200,20542,432320000,9970,10572
060250,2026-02-19,09:20:00,21150,21250,20950,21050,26488,559780000,11778,14710
060250,2026-02-19,09:25:00,21050,21300,21000,21100,33425,707530000,22103,11322
060250,2026-02-19,09:30:00,21100,21600,21000,21250,85046,1811980000,45844,39202
060250,2026-02-19,09:35:00,21200,21250,21100,21200,13132,278150000,6913,6219
060250,2026-02-19,09:40:00,21200,21350,21200,21300,15625,332040000,8109,7516
060250,2026-02-19,09:45:00,21300,21300,21100,21150,18083,383570000,3592,14491
060250,2026-02-19,09:50:00,21150,21150,21000,21150,17104,360670000,3776,13328
060250,2026-02-19,09:55:00,21050,21250,21050,21250,7817,165500000,5661,2156
060250,2026-02-19,10:00:00,21200,21350,21200,21300,13575,288760000,9075,4500
060250,2026-02-19,10:05:00,21250,21500,21250,21500,48163,1030430000,41499,6664
060250,2026-02-19,10:10:00,21500,21600,21350,21550,25828,555730000,17341,8487
060250,2026-02-19,10:15:00,21600,21800,21600,21650,64099,1392190000,37800,26299
060250,2026-02-19,10:20:00,21650,21750,21550,21700,23604,511300000,12075,11529
060250,2026-02-19,10:25:00,21650,22050,21500,22050,99319,2166530000,74732,24587
060250,2026-02-19,10:30:00,22050,22100,21850,22050,45907,1009790000,23024,22883
060250,2026-02-19,10:35:00,22050,22050,21800,21950,32804,718600000,17359,15445
060250,2026-02-19,10:40:00,21950,22100,21850,21900,23016,506720000,11493,11523
060250,2026-02-19,10:45:00,21900,22100,21850,21950,17499,384500000,8564,8935
060250,2026-02-19,10:50:00,21925,22050,21900,22050,17762,390310000,12329,5433
060250,2026-02-19,10:55:00,22000,22100,22000,22075,20580,454170000,15101,5479
060250,2026-02-19,11:00:00,22100,22250,22050,22200,38682,855930000,31538,7144
060250,2026-02-19,11:05:00,22175,22250,21900,21975,23718,523960000,5369,18349
060250,2026-02-19,11:10:00,21950,22000,21850,21850,9643,211250000,1910,7733
060250,2026-02-19,11:15:00,21850,21950,21800,21850,6994,152910000,1400,5594
060250,2026-02-19,11:20:00,21850,22000,21850,22000,10129,222130000,8179,1950
060250,2026-02-19,11:25:00,21950,22050,21800,21900,22882,501210000,3587,19295
060250,2026-02-19,11:30:00,21900,21950,21700,21850,17043,371680000,7295,9748
060250,2026-02-19,11:35:00,21850,21900,21800,21800,5313,116040000,3203,2110
060250,2026-02-19,11:40:00,21850,21900,21850,21900,3765,82290000,1079,2686
060250,2026-02-19,11:45:00,21850,21850,21750,21750,8199,178840000,2650,5549
060250,2026-02-19,11:50:00,21750,22000,21750,22000,25187,551480000,21544,3643
060250,2026-02-19,11:55:00,22000,22050,21900,21950,14125,310520000,6302,7823
060250,2026-02-19,12:00:00,21950,22000,21875,22000,8286,181690000,3282,5004
060250,2026-02-19,12:05:00,22000,22000,21900,21925,2734,59950000,674,2060
060250,2026-02-19,12:10:00,21925,22000,21900,21950,5953,130650000,5014,939
060250,2026-02-19,12:15:00,22000,22000,21950,22000,3076,67640000,2384,692
060250,2026-02-19,12:20:00,21950,22050,21900,22050,12106,266140000,6312,5794
060250,2026-02-19,12:25:00,22000,22050,22000,22000,4314,95050000,2854,1460
060250,2026-02-19,12:30:00,22050,22050,22000,22050,6716,147780000,537,6179
060250,2026-02-19,12:35:00,22000,22050,21950,21950,10907,240150000,4091,6816
060250,2026-02-19,12:40:00,22000,22000,21950,21950,2637,57910000,596,2041
060250,2026-02-19,12:45:00,22000,22000,21900,21950,10831,237890000,4480,6351
060250,2026-02-19,12:50:00,21950,21950,21900,21950,4959,108660000,1339,3620
060250,2026-02-19,12:55:00,21900,21950,21850,21900,3689,80790000,1375,2314
060250,2026-02-19,13:00:00,21850,21900,21800,21850,6134,134020000,993,5141
060250,2026-02-19,13:05:00,21850,21850,21800,21850,7116,155310000,3534,3582
060250,2026-02-19,13:10:00,21800,21850,21700,21750,10492,228330000,1902,8590
060250,2026-02-19,13:15:00,21750,21800,21700,21800,9151,199000000,5203,3948
060250,2026-02-19,13:20:00,21800,21875,21750,21850,4580,99870000,3381,1199
060250,2026-02-19,13:25:00,21850,21850,21800,21850,7168,156370000,2192,4976
060250,2026-02-19,13:30:00,21850,21900,21800,21900,5411,118100000,1884,3527
060250,2026-02-19,13:35:00,21900,21900,21750,21850,5373,117110000,3401,1972
060250,2026-02-19,13:40:00,21800,22000,21800,22000,9244,202500000,8383,861
060250,2026-02-19,13:45:00,22000,22000,21900,21900,5690,124930000,2115,3575
060250,2026-02-19,13:50:00,21900,21950,21850,21900,3806,83320000,1040,2766
060250,2026-02-19,13:55:00,21900,21900,21850,21875,1444,31580000,601,843
060250,2026-02-19,14:00:00,21900,21900,21800,21850,8603,188090000,3626,4977
060250,2026-02-19,14:05:00,21850,21900,21800,21850,8142,177900000,5263,2879
060250,2026-02-19,14:10:00,21850,21850,21800,21800,4829,105350000,1420,3409
060250,2026-02-19,14:15:00,21800,21900,21800,21850,5728,125040000,3120,2608
060250,2026-02-19,14:20:00,21900,21900,21850,21900,5325,116400000,965,4360
060250,2026-02-19,14:25:00,21850,22000,21850,22000,20072,440580000,15974,4098
060250,2026-02-19,14:30:00,22000,22000,21900,21950,8440,185290000,2114,6326
060250,2026-02-19,14:35:00,21950,22000,21900,21900,7051,154610000,2958,4093
060250,2026-02-19,14:40:00,21900,22000,21850,21950,8850,193980000,3361,5489
060250,2026-02-19,14:45:00,21900,22000,21900,21950,13886,304750000,6317,7569
060250,2026-02-19,14:50:00,21900,21950,21850,21850,11244,246420000,3975,7269
060250,2026-02-19,14:55:00,21900,21900,21800,21900,7513,164270000,2814,4699
060250,2026-02-19,15:00:00,21850,21950,21800,21850,10640,232750000,3557,7083
060250,2026-02-19,15:05:00,21850,21900,21850,21850,8628,188630000,2129,6499
060250,2026-02-19,15:10:00,21900,21950,21850,21900,15217,333290000,8725,6492
060250,2026-02-19,15:15:00,21900,21950,21850,21900,8964,196550000,5120,3844
060250,2026-02-19,15:20:00,21900,21950,21850,21900,15889,347900000,5021,10868
060250,2026-02-19,15:30:00,21800,21800,21800,21800,18378,400630000,15896,0
060250,2026-02-20,09:05:00,22250,22250,21800,21900,73683,1618470000,29159,44093
060250,2026-02-20,09:10:00,21950,22600,21900,22600,93570,2095420000,68549,25021
060250,2026-02-20,09:15:00,22550,22650,22100,22150,68307,1529320000,24471,43836
060250,2026-02-20,09:20:00,22150,22175,21650,21850,65296,1431230000,10904,54392
060250,2026-02-20,09:25:00,21850,22150,21800,22000,17576,386520000,9516,8060
060250,2026-02-20,09:30:00,22000,22000,21900,21950,14954,328350000,4598,10356
060250,2026-02-20,09:35:00,21950,22050,21900,21950,14702,322810000,5539,9163
060250,2026-02-20,09:40:00,21950,22300,21900,22300,27935,617480000,21480,6455
060250,2026-02-20,09:45:00,22350,22950,22250,22800,150033,3410070000,110461,39572
060250,2026-02-20,09:50:00,22750,23000,22600,22700,118138,2700820000,72917,45221
060250,2026-02-20,09:55:00,22700,23100,22650,23050,79717,1823920000,55249,24468
060250,2026-02-20,10:00:00,23050,23150,22750,22750,83564,1915530000,33505,50059
060250,2026-02-20,10:05:00,22750,22900,22650,22900,44779,1019100000,26827,17952
060250,2026-02-20,10:10:00,22825,22950,22750,22800,40395,922670000,16660,23735
060250,2026-02-20,10:15:00,22800,23400,22750,23150,173663,4024860000,118380,55283
060250,2026-02-20,10:20:00,23200,23300,22900,23050,62565,1444400000,24116,38449
060250,2026-02-20,10:25:00,23000,23400,22950,23300,95203,2214820000,68143,27060
060250,2026-02-20,10:30:00,23350,23700,23150,23650,160744,3767730000,127555,33189
060250,2026-02-20,10:35:00,23700,24250,23500,24200,573622,13755430000,407540,166082
060250,2026-02-20,10:40:00,24200,24450,23550,23600,552003,13265210000,262241,289762
060250,2026-02-20,10:45:00,23600,23600,23300,23350,225737,5294570000,87453,138284
060250,2026-02-20,10:50:00,23400,23400,23150,23250,107736,2504410000,24158,83578
060250,2026-02-20,10:55:00,23250,23350,23100,23100,71499,1659850000,21989,49510
060250,2026-02-20,11:00:00,23100,23200,22950,23075,95577,2201960000,21381,74196
060250,2026-02-20,11:05:00,23050,23100,22900,22950,42488,977120000,13224,29264
060250,2026-02-20,11:10:00,22950,23100,22900,23100,28661,659570000,14115,14546
060250,2026-02-20,11:15:00,23100,23150,22950,23000,36121,833090000,11849,24272
060250,2026-02-20,11:20:00,23000,23100,22950,23050,27965,643320000,8599,19366
060250,2026-02-20,11:25:00,23050,23150,22950,23150,14488,333540000,9158,5330
060250,2026-02-20,11:30:00,23150,23450,23150,23400,85324,1989520000,62768,22556
060250,2026-02-20,11:35:00,23400,23450,23300,23450,19378,452640000,9409,9969
060250,2026-02-20,11:40:00,23400,23450,23300,23350,25155,588700000,12182,12973
060250,2026-02-20,11:45:00,23375,23400,23150,23250,23160,539330000,5164,17996
060250,2026-02-20,11:50:00,23300,23350,23200,23300,19290,448880000,12921,6369
060250,2026-02-20,11:55:00,23300,23300,23200,23225,6296,146180000,931,5365
060250,2026-02-20,12:00:00,23225,23250,23100,23150,20748,480640000,4003,16745
060250,2026-02-20,12:05:00,23150,23200,23050,23050,10982,254010000,2450,8532
060250,2026-02-20,12:10:00,23050,23100,22950,23000,20700,476420000,4831,15869
060250,2026-02-20,12:15:00,23050,23100,23000,23050,15283,352620000,11551,3732
060250,2026-02-20,12:20:00,23050,23100,23000,23000,10259,236420000,1920,8339
060250,2026-02-20,12:25:00,23050,23050,22900,22950,21302,488970000,2802,18500
060250,2026-02-20,12:30:00,22950,23000,22900,22900,11228,257320000,883,10345
060250,2026-02-20,12:35:00,22900,23000,22850,23000,12901,295450000,4797,8104
060250,2026-02-20,12:40:00,22950,23000,22900,22900,7163,164190000,938,6225
060250,2026-02-20,12:45:00,22900,23000,22900,22950,4794,109990000,2695,2099
060250,2026-02-20,12:50:00,22950,22950,22850,22850,8670,198420000,632,8038
060250,2026-02-20,12:55:00,22900,23000,22800,22950,19315,441860000,7511,11804
060250,2026-02-20,13:00:00,22950,22950,22875,22900,6882,157620000,1391,5491
060250,2026-02-20,13:05:00,22900,22950,22850,22900,6161,141150000,1749,4412
060250,2026-02-20,13:10:00,22900,22900,22800,22850,16860,385270000,1724,15136
060250,2026-02-20,13:15:00,22850,22950,22850,22950,8160,186910000,3565,4595
060250,2026-02-20,13:20:00,22950,23000,22900,23000,11656,267540000,4448,7208
060250,2026-02-20,13:25:00,22950,23000,22900,22950,2992,68640000,1738,1254
060250,2026-02-20,13:30:00,22950,22950,22800,22825,17195,393060000,3715,13480
060250,2026-02-20,13:35:00,22800,22850,22600,22700,76668,1742360000,16682,59986
060250,2026-02-20,13:40:00,22700,22800,22550,22750,31819,720660000,10056,21763
060250,2026-02-20,13:45:00,22750,22800,22700,22750,8708,197970000,2648,6060
060250,2026-02-20,13:50:00,22750,22750,22700,22700,7318,166240000,2450,4868
060250,2026-02-20,13:55:00,22700,22800,22700,22750,13905,316210000,6529,7376
060250,2026-02-20,14:00:00,22800,22850,22750,22750,7896,179940000,4804,3092
060250,2026-02-20,14:05:00,22750,22800,22700,22700,8738,198570000,954,7784
060250,2026-02-20,14:10:00,22700,22800,22650,22750,8817,200320000,3829,4988
060250,2026-02-20,14:15:00,22750,22800,22600,22600,16185,367330000,5564,10621
060250,2026-02-20,14:20:00,22650,22700,22600,22700,11045,250180000,4391,6654
060250,2026-02-20,14:25:00,22650,22700,22650,22650,4423,100210000,1475,2948
060250,2026-02-20,14:30:00,22650,22700,22650,22650,7444,168690000,1944,5500
060250,2026-02-20,14:35:00,22700,22750,22650,22750,14781,335820000,11625,3156
060250,2026-02-20,14:40:00,22750,22850,22750,22850,12642,288150000,10661,1981
060250,2026-02-20,14:45:00,22850,22900,22750,22750,15770,359950000,9582,6188
060250,2026-02-20,14:50:00,22750,22800,22750,22775,9000,204790000,709,8291
060250,2026-02-20,14:55:00,22750,22850,22750,22800,7861,179100000,4840,3021
060250,2026-02-20,15:00:00,22800,22850,22700,22775,7713,175660000,2296,5417
060250,2026-02-20,15:05:00,22775,22800,22650,22700,12487,283590000,2197,10290
060250,2026-02-20,15:10:00,22700,22750,22650,22700,15379,348850000,4041,11338
060250,2026-02-20,15:15:00,22650,22800,22650,22750,17184,390670000,10846,6338
060250,2026-02-20,15:20:00,22750,22850,22700,22850,33508,762650000,20391,13117
060250,2026-02-20,15:30:00,22800,22800,22800,22800,29219,666190000,23752,0
060250,2026-02-23,09:05:00,23300,23300,22700,22800,154184,3531230000,61327,92357
060250,2026-02-23,09:10:00,22750,22950,22350,22650,69828,1583110000,14896,54932
060250,2026-02-23,09:15:00,22700,22700,22350,22600,41390,931740000,14146,27244
060250,2026-02-23,09:20:00,22600,22600,22350,22500,43346,973930000,16097,27249
060250,2026-02-23,09:25:00,22550,22800,22450,22750,20210,456530000,11000,9210
060250,2026-02-23,09:30:00,22750,23450,22750,23150,144160,3334280000,85881,58279
060250,2026-02-23,09:35:00,23200,23800,23100,23400,237942,5601420000,137606,100336
060250,2026-02-23,09:40:00,23400,23500,23250,23300,89755,2094430000,29292,60463
060250,2026-02-23,09:45:00,23300,23750,23300,23300,83412,1965180000,46388,37024
060250,2026-02-23,09:50:00,23300,23400,23100,23250,41636,968280000,14324,27312
060250,2026-02-23,09:55:00,23250,23350,23150,23150,17005,395450000,4514,12491
060250,2026-02-23,10:00:00,23200,23550,23150,23550,38105,887820000,22375,15730
060250,2026-02-23,10:05:00,23550,23550,23250,23450,35781,838020000,16684,19097
060250,2026-02-23,10:10:00,23450,23550,23300,23350,33332,780640000,16200,17132
060250,2026-02-23,10:15:00,23300,23350,23100,23100,42510,986880000,8232,34278
060250,2026-02-23,10:20:00,23150,23150,23050,23050,22654,522750000,4597,18057
060250,2026-02-23,10:25:00,23100,23150,23050,23100,18346,423750000,5435,12911
060250,2026-02-23,10:30:00,23050,23150,23050,23150,13193,304420000,4530,8663
060250,2026-02-23,10:35:00,23100,23150,23000,23050,19736,455230000,9244,10492
060250,2026-02-23,10:40:00,23100,23150,23050,23050,8095,186810000,4145,3950
060250,2026-02-23,10:45:00,23050,23100,23000,23000,10347,238450000,1746,8601
060250,2026-02-23,10:50:00,23000,23150,22950,23100,26828,617710000,10920,15908
060250,2026-02-23,10:55:00,23100,23200,23000,23000,10088,232870000,2257,7831
060250,2026-02-23,11:00:00,23000,23100,22950,22950,12153,279530000,1602,10551
060250,2026-02-23,11:05:00,22925,22950,22800,22800,19355,442540000,992,18363
060250,2026-02-23,11:10:00,22800,22850,22650,22700,24179,549860000,3574,20605
060250,2026-02-23,11:15:00,22700,22850,22600,22700,17000,385970000,8297,8703
060250,2026-02-23,11:20:00,22650,22800,22550,22600,19850,448930000,6406,13444
060250,2026-02-23,11:25:00,22550,22750,22550,22750,9871,223620000,5810,4061
060250,2026-02-23,11:30:00,22750,22900,22700,22850,8177,186670000,5761,2416
060250,2026-02-23,11:35:00,22850,22850,22750,22750,7495,170890000,2182,5313
060250,2026-02-23,11:40:00,22750,22800,22700,22800,4197,95410000,2362,1835
060250,2026-02-23,11:45:00,22750,22800,22650,22650,7287,165470000,1716,5571
060250,2026-02-23,11:50:00,22700,22750,22650,22650,3528,80080000,2440,1088
060250,2026-02-23,11:55:00,22650,22750,22600,22750,6970,157950000,2684,4286
060250,2026-02-23,12:00:00,22750,22750,22650,22750,14012,317770000,3783,10229
060250,2026-02-23,12:05:00,22750,22800,22750,22800,6429,146370000,2871,3558
060250,2026-02-23,12:10:00,22800,22800,22750,22750,4183,95310000,2942,1241
060250,2026-02-23,12:15:00,22750,22750,22550,22650,21873,495180000,6228,15645
060250,2026-02-23,12:20:00,22600,22700,22550,22600,8281,187200000,1730,6551
060250,2026-02-23,12:25:00,22600,22600,22500,22500,15019,338500000,1818,13201
060250,2026-02-23,12:30:00,22500,22550,22450,22450,11788,265070000,3102,8686
060250,2026-02-23,12:35:00,22450,22550,22450,22500,6922,155640000,2035,4887
060250,2026-02-23,12:40:00,22500,22500,22450,22500,5372,120770000,3262,2110
060250,2026-02-23,12:45:00,22550,22550,22450,22550,5138,115510000,2344,2794
060250,2026-02-23,12:50:00,22525,22600,22500,22550,2373,53470000,1264,1109
060250,2026-02-23,12:55:00,22550,22550,22400,22450,9620,215760000,694,8926
060250,2026-02-23,13:00:00,22400,22450,22400,22400,7676,172030000,1496,6180
060250,2026-02-23,13:05:00,22400,22550,22400,22500,2480,55680000,1016,1464
060250,2026-02-23,13:10:00,22500,22525,22450,22500,2269,51040000,1576,693
060250,2026-02-23,13:15:00,22500,22500,22450,22450,3463,77820000,1253,2210
060250,2026-02-23,13:20:00,22450,22500,22400,22450,2737,61440000,587,2150
060250,2026-02-23,13:25:00,22450,22550,22450,22450,2874,64630000,1236,1638
060250,2026-02-23,13:30:00,22500,22550,22450,22450,4060,91310000,847,3213
060250,2026-02-23,13:35:00,22450,22550,22450,22500,2867,64450000,1014,1853
060250,2026-02-23,13:40:00,22500,22500,22400,22400,6702,150510000,1424,5278
060250,2026-02-23,13:45:00,22400,22450,22350,22450,6311,141380000,778,5533
060250,2026-02-23,13:50:00,22400,22450,22350,22450,6079,136220000,3193,2886
060250,2026-02-23,13:55:00,22400,22500,22400,22500,2069,46480000,1560,509
060250,2026-02-23,14:00:00,22450,22600,22450,22550,5218,117640000,3240,1978
060250,2026-02-23,14:05:00,22600,22700,22550,22700,5529,125330000,5399,130
060250,2026-02-23,14:10:00,22700,22750,22650,22700,12960,294350000,6861,6099
060250,2026-02-23,14:15:00,22700,22700,22600,22650,11048,250130000,3317,7731
060250,2026-02-23,14:20:00,22600,22650,22450,22500,14034,316300000,1369,12665
060250,2026-02-23,14:25:00,22500,22500,22350,22400,11988,268580000,3160,8828
060250,2026-02-23,14:30:00,22400,22500,22300,22400,21857,489030000,7136,14721
060250,2026-02-23,14:35:00,22400,22500,22400,22450,5813,130470000,3013,2800
060250,2026-02-23,14:40:00,22450,22625,22400,22600,11187,251930000,6606,4581
060250,2026-02-23,14:45:00,22650,22700,22600,22650,7256,164330000,4909,2347
060250,2026-02-23,14:50:00,22700,22750,22650,22700,7233,164190000,4567,2666
060250,2026-02-23,14:55:00,22700,22750,22650,22700,3486,79110000,1628,1858
060250,2026-02-23,15:00:00,22700,22750,22650,22700,4425,100470000,1080,3345
060250,2026-02-23,15:05:00,22700,22750,22650,22750,10255,232910000,6332,3923
060250,2026-02-23,15:10:00,22750,22800,22700,22750,9970,226770000,5935,4035
060250,2026-02-23,15:15:00,22750,22800,22700,22750,10460,237780000,5182,5278
060250,2026-02-23,15:20:00,22750,22850,22700,22750,20145,458940000,12157,7988
060250,2026-02-23,15:30:00,22750,22750,22750,22750,30122,685270000,23235,0
060250,2026-02-24,09:05:00,22800,23100,22550,22550,60689,1383930000,32717,27416
060250,2026-02-24,09:10:00,22550,22800,22350,22500,30485,685990000,12348,18137
060250,2026-02-24,09:15:00,22550,22650,22400,22400,25470,572200000,8718,16752
060250,2026-02-24,09:20:00,22400,22500,22300,22375,26898,602110000,9872,17026
060250,2026-02-24,09:25:00,22375,22550,22200,22250,33139,739580000,11578,21561
060250,2026-02-24,09:30:00,22250,22350,22200,22300,21414,476580000,9129,12285
060250,2026-02-24,09:35:00,22250,22400,22150,22200,25337,563450000,7693,17644
060250,2026-02-24,09:40:00,22200,22350,22150,22300,24816,551710000,14931,9885
060250,2026-02-24,09:45:00,22350,22400,22300,22350,8133,181530000,2656,5477
060250,2026-02-24,09:50:00,22300,22500,22300,22450,18685,417780000,8514,10171
060250,2026-02-24,09:55:00,22400,22550,22200,22250,43017,961940000,18003,25014
060250,2026-02-24,10:00:00,22300,22350,22200,22250,22819,507760000,7167,15652
060250,2026-02-24,10:05:00,22200,22300,22000,22050,39564,874940000,7162,32402
060250,2026-02-24,10:10:00,22050,22100,21950,22000,31100,684760000,13481,17619
060250,2026-02-24,10:15:00,22100,22200,22000,22000,22455,495250000,5468,16987
060250,2026-02-24,10:20:00,22050,22300,22050,22200,17434,386740000,10507,6927
060250,2026-02-24,10:25:00,22200,22200,22050,22150,22653,500830000,11996,10657
060250,2026-02-24,10:30:00,22150,22200,22000,22050,10289,227130000,3098,7191
060250,2026-02-24,10:35:00,22050,22100,22050,22100,8712,192300000,4043,4669
060250,2026-02-24,10:40:00,22100,22200,22000,22100,17726,391650000,11344,6382
060250,2026-02-24,10:45:00,22100,22300,22100,22300,9169,203710000,7410,1759
060250,2026-02-24,10:50:00,22250,22300,22150,22250,16814,373910000,12024,4790
060250,2026-02-24,10:55:00,22250,22300,22250,22300,8089,180140000,3113,4976
060250,2026-02-24,11:00:00,22250,22300,22200,22250,5166,114900000,1712,3454
060250,2026-02-24,11:05:00,22250,22250,22200,22250,7711,171340000,1447,6264
060250,2026-02-24,11:10:00,22250,22300,22200,22200,3898,86590000,966,2932
060250,2026-02-24,11:15:00,22200,22250,22100,22200,12258,271770000,1413,10845
060250,2026-02-24,11:20:00,22200,22250,22150,22200,4687,103950000,551,4136
060250,2026-02-24,11:25:00,22200,22250,22100,22200,14282,316320000,3883,10399
060250,2026-02-24,11:30:00,22200,22250,22100,22150,6239,138200000,937,5302
060250,2026-02-24,11:35:00,22150,22250,22150,22200,4197,93170000,3932,265
060250,2026-02-24,11:40:00,22200,22250,22150,22200,2789,61870000,1902,887
060250,2026-02-24,11:45:00,22200,22250,22150,22200,3875,85980000,287,3588
060250,2026-02-24,11:50:00,22200,22250,22150,22250,6933,153680000,3347,3586
060250,2026-02-24,11:55:00,22250,22250,22200,22250,3023,67150000,820,2203
060250,2026-02-24,12:00:00,22200,22250,22150,22200,5128,113710000,1887,3241
060250,2026-02-24,12:05:00,22175,22200,22100,22100,6501,143840000,1294,5207
060250,2026-02-24,12:10:00,22100,22200,22100,22150,6776,150070000,2079,4697
060250,2026-02-24,12:15:00,22150,22200,22100,22150,3536,78270000,645,2891
060250,2026-02-24,12:20:00,22150,22200,22100,22150,3888,86110000,943,2945
060250,2026-02-24,12:25:00,22150,22200,22100,22150,10095,223330000,1014,9081
060250,2026-02-24,12:30:00,22150,22150,22050,22050,12150,268060000,621,11529
060250,2026-02-24,12:35:00,22100,22150,22050,22100,8774,193620000,2510,6264
060250,2026-02-24,12:40:00,22100,22100,22000,22100,4609,101620000,319,4290
060250,2026-02-24,12:45:00,22100,22150,22050,22150,7103,156800000,4505,2598
060250,2026-02-24,12:50:00,22150,22150,22100,22150,3036,67110000,394,2642
060250,2026-02-24,12:55:00,22100,22150,22050,22100,3473,76720000,628,2845
060250,2026-02-24,13:00:00,22100,22150,22050,22150,3657,80850000,1652,2005
060250,2026-02-24,13:05:00,22150,22200,22050,22150,8529,188780000,2402,6127
060250,2026-02-24,13:10:00,22200,22500,22150,22450,22843,510310000,20185,2658
060250,2026-02-24,13:15:00,22450,22500,22350,22400,15862,355890000,11318,4544
060250,2026-02-24,13:20:00,22400,22550,22350,22450,19281,432670000,11308,7973
060250,2026-02-24,13:25:00,22450,22850,22450,22750,41576,942070000,25968,15608
060250,2026-02-24,13:30:00,22750,22800,22700,22800,22986,522920000,13948,9038
060250,2026-02-24,13:35:00,22750,22850,22650,22650,17430,396850000,7484,9946
060250,2026-02-24,13:40:00,22650,22700,22600,22650,6810,154230000,2927,3883
060250,2026-02-24,13:45:00,22700,22700,22550,22550,6759,152920000,814,5945
060250,2026-02-24,13:50:00,22600,22650,22550,22650,6247,141180000,1620,4627
060250,2026-02-24,13:55:00,22650,22700,22550,22600,9433,213330000,3254,6179
060250,2026-02-24,14:00:00,22550,22600,22500,22600,10104,227920000,4657,5447
060250,2026-02-24,14:05:00,22600,22600,22550,22550,1020,23040000,685,335
060250,2026-02-24,14:10:00,22550,22600,22450,22500,8772,197440000,767,8005
060250,2026-02-24,14:15:00,22500,22600,22450,22550,6355,143150000,3044,3311
060250,2026-02-24,14:20:00,22500,22550,22450,22550,4328,97380000,691,3637
060250,2026-02-24,14:25:00,22550,22800,22500,22700,18833,426830000,12562,6271
060250,2026-02-24,14:30:00,22700,22700,22550,22600,7129,161390000,1581,5548
060250,2026-02-24,14:35:00,22600,22650,22550,22600,6154,139090000,3311,2843
060250,2026-02-24,14:40:00,22600,22600,22450,22450,17469,393170000,372,17097
060250,2026-02-24,14:45:00,22400,22500,22400,22500,6186,138880000,1800,4386
060250,2026-02-24,14:50:00,22500,22550,22450,22550,8348,187760000,6436,1912
060250,2026-02-24,14:55:00,22500,22550,22450,22500,6505,146370000,3576,2929
060250,2026-02-24,15:00:00,22500,22550,22450,22500,8791,197740000,4119,4672
060250,2026-02-24,15:05:00,22500,22500,22400,22450,8756,196570000,1409,7347
060250,2026-02-24,15:10:00,22400,22450,22300,22350,18237,407940000,5662,12575
060250,2026-02-24,15:15:00,22400,22450,22300,22450,8639,193270000,4751,3888
060250,2026-02-24,15:20:00,22400,22450,22300,22400,21382,478300000,8202,13180
060250,2026-02-24,15:30:00,22350,22350,22350,22350,21159,472890000,17589,0
060250,2026-02-25,09:05:00,22200,22200,21250,21400,158135,3436730000,53357,101544
060250,2026-02-25,09:10:00,21350,21400,21050,21100,113044,2399330000,37062,75982
060250,2026-02-25,09:15:00,21150,21200,20900,20950,102414,2156510000,14969,87445
060250,2026-02-25,09:20:00,20950,21150,20900,21150,64418,1352070000,24359,40059
060250,2026-02-25,09:25:00,21125,21200,21000,21200,58836,1241940000,25019,33817
060250,2026-02-25,09:30:00,21200,21300,21050,21300,35417,749960000,16946,18471
060250,2026-02-25,09:35:00,21250,21400,21250,21250,27909,594580000,13108,14801
060250,2026-02-25,09:40:00,21250,21300,21200,21250,18039,382960000,5379,12660
060250,2026-02-25,09:45:00,21200,21300,21200,21250,11703,248810000,4641,7062
060250,2026-02-25,09:50:00,21250,21250,21100,21250,30717,649940000,11990,18727
060250,2026-02-25,09:55:00,21250,21300,21100,21250,17554,371820000,7505,10049
060250,2026-02-25,10:00:00,21300,21300,21150,21150,18380,390320000,5547,12833
060250,2026-02-25,10:05:00,21150,21250,21000,21000,44502,936990000,9901,34601
060250,2026-02-25,10:10:00,21100,21150,21050,21150,9218,194540000,4834,4384
060250,2026-02-25,10:15:00,21150,21200,21100,21150,11714,248010000,6818,4896
060250,2026-02-25,10:20:00,21175,21250,21100,21200,18621,394410000,6231,12390
060250,2026-02-25,10:25:00,21250,21250,21050,21200,25783,545490000,11731,14052
060250,2026-02-25,10:30:00,21200,21250,21150,21200,8801,186410000,3514,5287
060250,2026-02-25,10:35:00,21250,21500,21150,21450,34297,731540000,32043,2254
060250,2026-02-25,10:40:00,21400,21400,21250,21300,14609,311720000,4806,9803
060250,2026-02-25,10:45:00,21300,21350,21150,21150,12126,257260000,2953,9173
060250,2026-02-25,10:50:00,21150,21200,21100,21150,6907,146110000,1149,5758
060250,2026-02-25,10:55:00,21150,21200,21100,21150,9341,197470000,4351,4990
060250,2026-02-25,11:00:00,21100,21150,21000,21050,23617,497800000,4565,19052
060250,2026-02-25,11:05:00,21050,21150,21025,21150,6141,129530000,3221,2920
060250,2026-02-25,11:10:00,21150,21150,21050,21050,10134,213810000,2849,7285
060250,2026-02-25,11:15:00,21050,21150,21050,21150,9912,208960000,3452,6460
060250,2026-02-25,11:20:00,21100,21150,21050,21100,14525,306440000,4517,10008
060250,2026-02-25,11:25:00,21050,21100,21050,21050,4801,101140000,1706,3095
060250,2026-02-25,11:30:00,21050,21100,21050,21050,4451,93740000,862,3589
060250,2026-02-25,11:35:00,21075,21100,21050,21050,5803,122210000,1189,4614
060250,2026-02-25,11:40:00,21050,21100,21050,21050,11444,241040000,2863,8581
060250,2026-02-25,11:45:00,21050,21150,21050,21150,5376,113420000,3459,1917
060250,2026-02-25,11:50:00,21100,21200,21050,21200,15789,333500000,4230,11559
060250,2026-02-25,11:55:00,21150,21200,21150,21150,4083,86350000,36,4047
060250,2026-02-25,12:00:00,21175,21175,21050,21100,17185,362660000,5845,11340
060250,2026-02-25,12:05:00,21150,21150,21050,21125,5637,118970000,1375,4262
060250,2026-02-25,12:10:00,21125,21150,21050,21100,5558,117280000,1728,3830
060250,2026-02-25,12:15:00,21100,21200,21100,21100,6034,127540000,3230,2804
060250,2026-02-25,12:20:00,21150,21200,21100,21150,3897,82490000,1916,1981
060250,2026-02-25,12:25:00,21150,21200,21100,21150,6972,147530000,2612,4360
060250,2026-02-25,12:30:00,21150,21200,21100,21150,6056,128040000,1816,4240
060250,2026-02-25,12:35:00,21150,21200,21050,21050,13256,279750000,1356,11900
060250,2026-02-25,12:40:00,21050,21150,21050,21150,7317,154340000,4356,2961
060250,2026-02-25,12:45:00,21150,21200,21100,21200,3955,83510000,1044,2911
060250,2026-02-25,12:50:00,21150,21200,21150,21200,5046,106790000,1142,3904
060250,2026-02-25,12:55:00,21200,21200,21150,21150,6502,137650000,2784,3718
060250,2026-02-25,13:00:00,21150,21200,21150,21150,3663,77480000,61,3602
060250,2026-02-25,13:05:00,21150,21200,21050,21100,13877,292900000,2577,11300
060250,2026-02-25,13:10:00,21075,21150,21050,21100,3815,80460000,1753,2062
060250,2026-02-25,13:15:00,21100,21150,21050,21150,5832,123030000,445,5387
060250,2026-02-25,13:20:00,21150,21150,21100,21100,3325,70170000,242,3083
060250,2026-02-25,13:25:00,21100,21150,21100,21150,5301,112040000,3801,1500
060250,2026-02-25,13:30:00,21100,21150,21100,21100,7294,153920000,267,7027
060250,2026-02-25,13:35:00,21100,21250,21100,21100,10493,221980000,6032,4461
060250,2026-02-25,13:40:00,21100,21200,21050,21150,6640,140410000,3068,3572
060250,2026-02-25,13:45:00,21150,21200,21150,21150,4407,93270000,1272,3135
060250,2026-02-25,13:50:00,21200,21250,21150,21250,11189,237000000,7991,3198
060250,2026-02-25,13:55:00,21250,21350,21225,21250,13790,293410000,11250,2540
060250,2026-02-25,14:00:00,21250,21350,21250,21250,17163,365340000,5990,11173
060250,2026-02-25,14:05:00,21250,21300,21150,21150,13251,280820000,913,12338
060250,2026-02-25,14:10:00,21150,21250,21150,21250,7656,162330000,6258,1398
060250,2026-02-25,14:15:00,21200,21350,21200,21250,12651,269150000,8310,4341
060250,2026-02-25,14:20:00,21250,21400,21250,21300,23003,490570000,15173,7830
060250,2026-02-25,14:25:00,21350,21350,21200,21200,6810,144850000,471,6339
060250,2026-02-25,14:30:00,21200,21250,21150,21150,10329,218960000,573,9756
060250,2026-02-25,14:35:00,21150,21175,21100,21125,11628,245910000,776,10852
060250,2026-02-25,14:40:00,21150,21200,21100,21175,5645,119430000,2618,3027
060250,2026-02-25,14:45:00,21150,21175,21100,21100,11776,248740000,591,11185
060250,2026-02-25,14:50:00,21100,21200,21100,21100,12838,271300000,7651,5187
060250,2026-02-25,14:55:00,21100,21150,21100,21150,3753,79220000,628,3125
060250,2026-02-25,15:00:00,21100,21150,21050,21050,17894,377600000,745,17149
060250,2026-02-25,15:05:00,21050,21100,21050,21100,6826,143830000,2683,4143
060250,2026-02-25,15:10:00,21050,21150,21050,21100,13894,292960000,8838,5056
060250,2026-02-25,15:15:00,21050,21150,21050,21100,23324,491560000,11328,11996
060250,2026-02-25,15:20:00,21100,21150,21050,21150,18519,390260000,6412,12107
060250,2026-02-25,15:30:00,21050,21050,21050,21050,19389,408130000,15338,0
060250,2026-02-26,09:05:00,22700,23300,22450,22950,772264,17654240000,464617,307647
060250,2026-02-26,09:10:00,22900,23200,22500,22500,349697,8012430000,158632,191065
060250,2026-02-26,09:15:00,22500,22550,22150,22450,199791,4469420000,82541,117250
060250,2026-02-26,09:20:00,22450,22700,22300,22400,106184,2385230000,59047,47137
060250,2026-02-26,09:25:00,22450,22450,22150,22250,84449,1881020000,24984,59465
060250,2026-02-26,09:30:00,22250,23250,22200,23250,436085,10017320000,320614,115471
060250,2026-02-26,09:35:00,23200,23300,22600,22700,298780,6892350000,124532,174248
060250,2026-02-26,09:40:00,22650,22750,22500,22650,80066,1810360000,28944,51122
060250,2026-02-26,09:45:00,22650,22650,22000,22200,140317,3125320000,20823,119494
060250,2026-02-26,09:50:00,22250,22400,22200,22300,55756,1242730000,24658,31098
060250,2026-02-26,09:55:00,22325,22550,22200,22300,38921,869580000,17659,21262
060250,2026-02-26,10:00:00,22350,22500,22250,22325,29138,652590000,15686,13452
060250,2026-02-26,10:05:00,22300,22350,22100,22200,45795,1016360000,4778,41017
060250,2026-02-26,10:10:00,22200,22200,22050,22150,45087,997530000,16887,28200
060250,2026-02-26,10:15:00,22125,22450,22100,22450,30581,681340000,20551,10030
060250,2026-02-26,10:20:00,22425,22700,22350,22600,47186,1063890000,34005,13181
060250,2026-02-26,10:25:00,22600,22750,22350,22350,53595,1210450000,23098,30497
060250,2026-02-26,10:30:00,22400,22400,22150,22200,27773,617780000,4087,23686
060250,2026-02-26,10:35:00,22250,22450,22150,22450,13938,310590000,5176,8762
060250,2026-02-26,10:40:00,22450,22550,22350,22400,12864,288760000,7802,5062
060250,2026-02-26,10:45:00,22450,22550,22350,22400,28340,636790000,11604,16736
060250,2026-02-26,10:50:00,22400,22450,22300,22300,13999,313110000,2367,11632
060250,2026-02-26,10:55:00,22300,22350,22150,22200,21835,485080000,8311,13524
060250,2026-02-26,11:00:00,22200,22250,22150,22225,17519,388740000,10243,7276
060250,2026-02-26,11:05:00,22225,22300,22100,22150,35796,793820000,5324,30472
060250,2026-02-26,11:10:00,22150,22200,22050,22200,37827,836180000,12346,25481
060250,2026-02-26,11:15:00,22200,22300,22100,22300,7878,174970000,5369,2509
060250,2026-02-26,11:20:00,22200,22300,22150,22250,15219,337950000,8526,6693
060250,2026-02-26,11:25:00,22250,22350,22150,22200,14508,322670000,4969,9539
060250,2026-02-26,11:30:00,22200,22300,22150,22250,11344,252200000,7685,3659
060250,2026-02-26,11:35:00,22200,22350,22150,22150,19359,429940000,7749,11610
060250,2026-02-26,11:40:00,22200,22300,22100,22100,15988,354680000,6117,9871
060250,2026-02-26,11:45:00,22100,22300,22100,22300,12195,270610000,4721,7474
060250,2026-02-26,11:50:00,22300,22300,22200,22250,8996,200240000,2109,6887
060250,2026-02-26,11:55:00,22250,22250,22150,22200,13002,288530000,1455,11547
060250,2026-02-26,12:00:00,22200,22300,22200,22250,6115,136010000,3810,2305
060250,2026-02-26,12:05:00,22300,22300,22150,22150,13638,303060000,2449,11189
060250,2026-02-26,12:10:00,22150,22200,22100,22100,9357,207220000,1349,8008
060250,2026-02-26,12:15:00,22100,22200,22100,22200,6161,136480000,2111,4050
060250,2026-02-26,12:20:00,22200,22200,22100,22100,5899,130580000,1206,4693
060250,2026-02-26,12:25:00,22150,22150,22050,22100,18983,419620000,3899,15084
060250,2026-02-26,12:30:00,22100,22150,22050,22100,10202,225130000,3004,7198
060250,2026-02-26,12:35:00,22100,22150,22050,22100,10146,224340000,2669,7477
060250,2026-02-26,12:40:00,22100,22100,22050,22050,8753,193090000,1236,7517
060250,2026-02-26,12:45:00,22050,22200,22050,22100,7596,168200000,4148,3448
060250,2026-02-26,12:50:00,22100,22150,22100,22100,3121,69050000,1423,1698
060250,2026-02-26,12:55:00,22100,22250,22000,22175,34713,766310000,12212,22501
060250,2026-02-26,13:00:00,22175,22250,22100,22200,6126,135690000,2742,3384
060250,2026-02-26,13:05:00,22200,22400,22150,22250,19161,427400000,14150,5011
060250,2026-02-26,13:10:00,22250,22500,22200,22450,28895,646470000,24376,4519
060250,2026-02-26,13:15:00,22500,22550,22350,22450,31451,706170000,20901,10550
060250,2026-02-26,13:20:00,22450,22450,22250,22350,5742,128170000,923,4819
060250,2026-02-26,13:25:00,22300,22400,22250,22300,7530,168000000,3929,3601
060250,2026-02-26,13:30:00,22300,22350,22250,22300,5272,117500000,1566,3706
060250,2026-02-26,13:35:00,22300,22300,22150,22200,8693,193200000,774,7919
060250,2026-02-26,13:40:00,22200,22200,22100,22100,10365,229390000,1100,9265
060250,2026-02-26,13:45:00,22150,22300,22050,22300,15732,349020000,9752,5980
060250,2026-02-26,13:50:00,22300,22350,22150,22200,4786,106290000,319,4467
060250,2026-02-26,13:55:00,22200,22250,22150,22150,6543,145110000,3565,2978
060250,2026-02-26,14:00:00,22150,22350,22100,22300,11817,262820000,9205,2612
060250,2026-02-26,14:05:00,22250,22350,22150,22200,9845,219120000,6031,3814
060250,2026-02-26,14:10:00,22150,22200,22100,22100,7406,163800000,1104,6302
060250,2026-02-26,14:15:00,22150,22250,22100,22150,7162,158930000,5481,1681
060250,2026-02-26,14:20:00,22175,22250,22150,22250,2786,61870000,1338,1448
060250,2026-02-26,14:25:00,22200,22300,22150,22150,6654,147920000,4565,2089
060250,2026-02-26,14:30:00,22175,22250,22150,22200,7790,172810000,4568,3222
060250,2026-02-26,14:35:00,22200,22200,22100,22150,4688,103860000,1644,3044
060250,2026-02-26,14:40:00,22150,22200,22100,22200,5334,118150000,923,4411
060250,2026-02-26,14:45:00,22150,22200,22050,22050,11819,261200000,2660,9159
060250,2026-02-26,14:50:00,22100,22150,22000,22100,24345,537500000,10832,13513
060250,2026-02-26,14:55:00,22100,22150,22050,22100,13851,306080000,8129,5722
060250,2026-02-26,15:00:00,22150,22150,22050,22100,6497,143640000,2295,4202
060250,2026-02-26,15:05:00,22050,22150,22000,22050,11743,259080000,3179,8564
060250,2026-02-26,15:10:00,22050,22050,21950,22000,32289,710210000,10348,21941
060250,2026-02-26,15:15:00,22000,22150,21950,22100,25699,566740000,21467,4232
060250,2026-02-26,15:20:00,22050,22100,22000,22000,22151,488170000,8219,13932
060250,2026-02-26,15:30:00,21850,21850,21850,21850,37231,813500000,28944,0
060250,2026-02-27,09:05:00,21900,22150,21600,21600,75723,1656890000,37249,38011
060250,2026-02-27,09:10:00,21650,21900,21600,21650,39157,850400000,25060,14097
060250,2026-02-27,09:15:00,21700,21950,21650,21850,19119,417270000,12913,6206
060250,2026-02-27,09:20:00,21850,22600,21850,22550,118685,2649530000,97967,20718
060250,2026-02-27,09:25:00,22500,22500,21950,22050,44670,991200000,10364,34306
060250,2026-02-27,09:30:00,22100,22350,22000,22150,43041,953850000,15588,27453
060250,2026-02-27,09:35:00,22150,22150,21850,21850,43875,964740000,17894,25981
060250,2026-02-27,09:40:00,21900,21900,21550,21700,39398,854340000,8425,30973
060250,2026-02-27,09:45:00,21700,21700,21400,21450,42483,916410000,10213,32270
060250,2026-02-27,09:50:00,21450,21700,21450,21700,18010,388750000,14334,3676
060250,2026-02-27,09:55:00,21700,21750,21550,21600,20228,437380000,6037,14191
060250,2026-02-27,10:00:00,21600,21700,21500,21550,11317,244060000,2307,9010
060250,2026-02-27,10:05:00,21600,21700,21450,21450,14581,313560000,2200,12381
060250,2026-02-27,10:10:00,21500,21550,21400,21400,14604,313410000,3843,10761
060250,2026-02-27,10:15:00,21400,21450,21250,21400,34320,732390000,14567,19753
060250,2026-02-27,10:20:00,21450,21500,21350,21350,5769,123420000,1444,4325
060250,2026-02-27,10:25:00,21350,21450,21350,21350,6368,136120000,3142,3226
060250,2026-02-27,10:30:00,21400,21400,21300,21300,9085,193670000,1993,7092
060250,2026-02-27,10:35:00,21300,21300,21200,21250,20084,426260000,2256,17828
060250,2026-02-27,10:40:00,21250,21350,21250,21250,9114,194040000,3476,5638
060250,2026-02-27,10:45:00,21300,21300,21150,21250,13729,291140000,2204,11525
060250,2026-02-27,10:50:00,21200,21250,21200,21250,6034,127980000,1126,4908
060250,2026-02-27,10:55:00,21225,21300,21200,21300,5462,116080000,4063,1399
060250,2026-02-27,11:00:00,21300,21350,21200,21200,7518,159970000,1794,5724
060250,2026-02-27,11:05:00,21200,21250,21200,21200,4436,94110000,1417,3019
060250,2026-02-27,11:10:00,21250,21300,21200,21300,6637,141060000,3581,3056
060250,2026-02-27,11:15:00,21250,21350,21250,21250,3165,67270000,305,2860
060250,2026-02-27,11:20:00,21250,21350,21250,21300,3263,69520000,2135,1128
060250,2026-02-27,11:25:00,21350,21400,21300,21400,2580,55110000,2043,537
060250,2026-02-27,11:30:00,21400,21500,21350,21500,9629,206410000,6644,2985
060250,2026-02-27,11:35:00,21500,21650,21450,21650,24852,535370000,21421,3431
060250,2026-02-27,11:40:00,21650,21650,21550,21550,8678,187590000,5033,3645
060250,2026-02-27,11:45:00,21550,21600,21450,21550,6352,136750000,2825,3527
060250,2026-02-27,11:50:00,21550,21600,21500,21600,3204,69090000,2234,970
060250,2026-02-27,11:55:00,21550,21700,21550,21650,7360,159060000,5256,2104
060250,2026-02-27,12:00:00,21650,21650,21600,21650,2785,60240000,1756,1029
060250,2026-02-27,12:05:00,21650,21650,21550,21600,3788,81790000,928,2860
060250,2026-02-27,12:10:00,21600,21600,21500,21550,13307,286740000,6384,6923
060250,2026-02-27,12:15:00,21500,21550,21500,21550,4145,89170000,1212,2933
060250,2026-02-27,12:20:00,21550,21600,21500,21575,5538,119290000,2271,3267
060250,2026-02-27,12:25:00,21575,21600,21550,21600,2353,50800000,1870,483
060250,2026-02-27,12:30:00,21600,21650,21500,21500,11804,254110000,4313,7491
060250,2026-02-27,12:35:00,21500,21550,21500,21550,2242,48300000,1596,646
060250,2026-02-27,12:40:00,21550,21550,21450,21500,6608,141910000,2030,4578
060250,2026-02-27,12:45:00,21500,21600,21450,21600,3303,71150000,2774,529
060250,2026-02-27,12:50:00,21550,21600,21450,21450,14453,310690000,6653,7800
060250,2026-02-27,12:55:00,21550,21550,21400,21500,948,20360000,366,582
060250,2026-02-27,13:00:00,21450,21550,21300,21500,15878,339890000,3714,12164
060250,2026-02-27,13:05:00,21500,21550,21450,21500,3403,73200000,1386,2017
060250,2026-02-27,13:10:00,21500,21550,21400,21500,2473,53070000,558,1915
060250,2026-02-27,13:15:00,21450,21500,21400,21450,4267,91460000,1432,2835
060250,2026-02-27,13:20:00,21450,21450,21400,21450,2035,43640000,1817,218
060250,2026-02-27,13:25:00,21400,21500,21400,21400,3048,65330000,1844,1204
060250,2026-02-27,13:30:00,21400,21500,21350,21450,13953,298830000,9461,4492
060250,2026-02-27,13:35:00,21450,21500,21400,21400,4763,102040000,763,4000
060250,2026-02-27,13:40:00,21450,21450,21400,21450,3679,78810000,1415,2264
060250,2026-02-27,13:45:00,21450,21500,21400,21450,3119,66830000,470,2649
060250,2026-02-27,13:50:00,21450,21550,21450,21550,7707,165550000,3776,3931
060250,2026-02-27,13:55:00,21550,21650,21500,21500,7465,161050000,5964,1501
060250,2026-02-27,14:00:00,21500,21550,21500,21550,7466,160830000,4394,3072
060250,2026-02-27,14:05:00,21525,21600,21400,21600,8104,174300000,3788,4316
060250,2026-02-27,14:10:00,21600,21700,21550,21650,7865,170040000,6386,1479
060250,2026-02-27,14:15:00,21650,21700,21600,21650,11257,243510000,5845,5412
060250,2026-02-27,14:20:00,21650,21700,21600,21700,7375,159760000,6112,1263
060250,2026-02-27,14:25:00,21700,21700,21650,21700,4549,98630000,2969,1580
060250,2026-02-27,14:30:00,21700,21750,21600,21750,4031,87360000,2419,1612
060250,2026-02-27,14:35:00,21750,21750,21650,21700,7685,166730000,4796,2889
060250,2026-02-27,14:40:00,21700,21750,21650,21750,4491,97460000,2902,1589
060250,2026-02-27,14:45:00,21700,21750,21650,21700,8808,190820000,1573,7235
060250,2026-02-27,14:50:00,21700,21700,21600,21650,4512,97700000,2194,2318
060250,2026-02-27,14:55:00,21650,21650,21500,21600,7435,160440000,2540,4895
060250,2026-02-27,15:00:00,21600,21600,21500,21550,3959,85390000,1951,2008
060250,2026-02-27,15:05:00,21550,21600,21450,21450,15920,342630000,1032,14888
060250,2026-02-27,15:10:00,21450,21500,21400,21450,12534,268500000,4072,8462
060250,2026-02-27,15:15:00,21400,21475,21400,21450,5947,127450000,2665,3282
060250,2026-02-27,15:20:00,21425,21450,21350,21450,12470,266660000,2164,10306
060250,2026-02-27,15:30:00,21400,21400,21400,21400,23825,509850000,22523,0
060250,2026-03-03,09:05:00,21000,22050,20950,21500,140683,3023600000,99478,40547
060250,2026-03-03,09:10:00,21500,21700,21400,21400,46201,995140000,15090,31111
060250,2026-03-03,09:15:00,21400,21400,21000,21150,37210,788320000,7919,29291
060250,2026-03-03,09:20:00,21150,21350,21100,21150,13785,292560000,4715,9070
060250,2026-03-03,09:25:00,21150,21250,21050,21150,11461,241980000,2782,8679
060250,2026-03-03,09:30:00,21100,21500,21050,21450,17449,370380000,9816,7633
060250,2026-03-03,09:35:00,21450,22000,21450,21800,41797,911160000,31725,10072
060250,2026-03-03,09:40:00,21750,21800,21550,21700,21849,473220000,10411,11438
060250,2026-03-03,09:45:00,21700,21750,21550,21700,10679,231220000,7364,3315
060250,2026-03-03,09:50:00,21700,21900,21600,21850,20709,450920000,15235,5474
060250,2026-03-03,09:55:00,21850,21850,21600,21650,12611,274270000,6163,6448
060250,2026-03-03,10:00:00,21650,21700,21550,21600,10289,222240000,3977,6312
060250,2026-03-03,10:05:00,21700,21700,21550,21650,8874,191670000,1938,6936
060250,2026-03-03,10:10:00,21600,21750,21525,21700,16317,352700000,9368,6949
060250,2026-03-03,10:15:00,21650,21850,21650,21850,10424,226950000,6118,4306
060250,2026-03-03,10:20:00,21850,21900,21700,21750,21645,472840000,13526,8119
060250,2026-03-03,10:25:00,21700,21800,21700,21800,7259,157970000,4306,2953
060250,2026-03-03,10:30:00,21750,21900,21750,21750,20824,454550000,12073,8751
060250,2026-03-03,10:35:00,21750,21800,21650,21650,8331,180780000,2110,6221
060250,2026-03-03,10:40:00,21650,21700,21600,21650,3177,68780000,1670,1507
060250,2026-03-03,10:45:00,21650,21750,21600,21600,10229,221330000,2956,7273
060250,2026-03-03,10:50:00,21600,21675,21550,21600,5648,121940000,2605,3043
060250,2026-03-03,10:55:00,21600,21600,21400,21450,20038,430470000,1825,18213
060250,2026-03-03,11:00:00,21400,21500,21350,21450,9802,209880000,5228,4574
060250,2026-03-03,11:05:00,21450,21450,21250,21350,13870,295590000,6465,7405
060250,2026-03-03,11:10:00,21350,21450,21250,21300,12470,265930000,5113,7357
060250,2026-03-03,11:15:00,21300,21300,21150,21200,8798,186540000,1758,7040
060250,2026-03-03,11:20:00,21150,21200,20950,21050,28152,592410000,1311,26841
060250,2026-03-03,11:25:00,20950,21150,20950,21100,16750,352430000,3998,12752
060250,2026-03-03,11:30:00,20950,21150,20950,21100,8716,183310000,4506,4210
060250,2026-03-03,11:35:00,21100,21150,21050,21100,5685,119930000,2688,2997
060250,2026-03-03,11:40:00,21100,21250,21000,21050,11593,244640000,4984,6609
060250,2026-03-03,11:45:00,21050,21200,20950,21050,14356,301470000,1507,12849
060250,2026-03-03,11:50:00,21000,21000,20900,20950,7493,156970000,1620,5873
060250,2026-03-03,11:55:00,21000,21000,20900,20950,11256,235810000,2188,9068
060250,2026-03-03,12:00:00,21000,21000,20800,20850,14756,308020000,5658,9098
060250,2026-03-03,12:05:00,20850,20950,20850,20950,3931,82170000,1812,2119
060250,2026-03-03,12:10:00,20900,21000,20900,20900,16800,351170000,923,15877
060250,2026-03-03,12:15:00,20850,20900,20650,20900,25967,538940000,10224,15743
060250,2026-03-03,12:20:00,20900,21100,20800,20900,12952,271360000,7815,5137
060250,2026-03-03,12:25:00,20950,20950,20700,20750,14504,301730000,5981,8523
060250,2026-03-03,12:30:00,20800,20800,20650,20750,15748,325810000,4941,10807
060250,2026-03-03,12:35:00,20750,20800,20600,20700,20162,416920000,12523,7639
060250,2026-03-03,12:40:00,20700,21000,20700,20900,21193,441370000,13465,7728
060250,2026-03-03,12:45:00,20900,20950,20750,20850,4737,98710000,1257,3480
060250,2026-03-03,12:50:00,20900,20950,20800,20800,4897,102150000,2082,2815
060250,2026-03-03,12:55:00,20800,20950,20800,20950,4346,90880000,3026,1320
060250,2026-03-03,13:00:00,20950,20950,20900,20900,1436,30020000,178,1258
060250,2026-03-03,13:05:00,20900,20950,20850,20850,6064,126750000,3149,2915
060250,2026-03-03,13:10:00,20850,20850,20750,20800,5013,104210000,821,4192
060250,2026-03-03,13:15:00,20800,20900,20750,20800,6911,143820000,5724,1187
060250,2026-03-03,13:20:00,20800,20800,20750,20750,9377,194660000,1012,8365
060250,2026-03-03,13:25:00,20750,20800,20700,20700,4026,83540000,511,3515
060250,2026-03-03,13:30:00,20750,20750,20650,20650,11945,246920000,514,11431
060250,2026-03-03,13:35:00,20700,20750,20650,20650,6682,138110000,1520,5162
060250,2026-03-03,13:40:00,20650,20700,20600,20700,10797,222960000,1811,8986
060250,2026-03-03,13:45:00,20700,20700,20650,20700,5192,107280000,1877,3315
060250,2026-03-03,13:50:00,20700,20700,20600,20600,16905,348680000,2483,14422
060250,2026-03-03,13:55:00,20650,20650,20500,20600,23570,485020000,2801,20769
060250,2026-03-03,14:00:00,20600,20600,20400,20600,48947,1004740000,9812,39135
060250,2026-03-03,14:05:00,20550,20750,20550,20650,12202,251890000,7652,4550
060250,2026-03-03,14:10:00,20600,20800,20550,20700,6836,141180000,2705,4131
060250,2026-03-03,14:15:00,20750,20750,20650,20650,4231,87470000,1780,2451
060250,2026-03-03,14:20:00,20750,20750,20600,20600,4268,88170000,545,3723
060250,2026-03-03,14:25:00,20650,20650,20550,20550,9746,200650000,3001,6745
060250,2026-03-03,14:30:00,20600,20650,20500,20500,8553,175770000,961,7592
060250,2026-03-03,14:35:00,20500,20650,20500,20500,4728,97230000,2208,2520
060250,2026-03-03,14:40:00,20550,20600,20450,20500,12922,265140000,4120,8802
060250,2026-03-03,14:45:00,20500,20550,20500,20500,3922,80420000,1773,2149
060250,2026-03-03,14:50:00,20500,20550,20450,20450,7847,160610000,2175,5672
060250,2026-03-03,14:55:00,20450,20500,20400,20400,17659,360490000,3047,14612
060250,2026-03-03,15:00:00,20400,20450,20350,20450,19833,404350000,8982,10851
060250,2026-03-03,15:05:00,20400,20550,20400,20400,14031,286810000,5655,8376
060250,2026-03-03,15:10:00,20400,20400,20250,20300,16787,341200000,2160,14627
060250,2026-03-03,15:15:00,20350,20350,20150,20300,39025,789140000,13103,25922
060250,2026-03-03,15:20:00,20300,20300,20100,20150,41656,840800000,12004,29652
060250,2026-03-03,15:30:00,20050,20050,20050,20050,31188,625310000,28473,0
060250,2026-03-04,09:05:00,19400,19600,18600,18650,119985,2279000000,71698,48285
060250,2026-03-04,09:10:00,18710,19400,18560,19400,67785,1276710000,51422,16363
060250,2026-03-04,09:15:00,19400,19430,19040,19280,31960,613900000,20374,11586
060250,2026-03-04,09:20:00,19290,19600,19120,19500,30022,584050000,20643,9379
060250,2026-03-04,09:25:00,19510,19710,19350,19400,33936,661000000,20590,13346
060250,2026-03-04,09:30:00,19420,19460,19200,19350,19281,372080000,12860,6421
060250,2026-03-04,09:35:00,19330,19460,19060,19120,18927,363700000,7692,11235
060250,2026-03-04,09:40:00,19080,19160,19000,19010,14382,273920000,3254,11128
060250,2026-03-04,09:45:00,19020,19170,18900,18900,19029,362000000,9783,9246
060250,2026-03-04,09:50:00,18960,19230,18870,18970,16054,305990000,7110,8944
060250,2026-03-04,09:55:00,18980,19280,18970,19280,14530,276490000,11685,2845
060250,2026-03-04,10:00:00,19270,19500,19200,19490,10207,197280000,5147,5060
060250,2026-03-04,10:05:00,19490,19490,19100,19180,10896,209820000,3616,7280
060250,2026-03-04,10:10:00,19190,19240,18950,19050,9678,184510000,2855,6823
060250,2026-03-04,10:15:00,19040,19040,18820,18900,17864,337920000,11237,6627
060250,2026-03-04,10:20:00,18900,19040,18900,19000,4912,93120000,2417,2495
060250,2026-03-04,10:25:00,19000,19030,18820,18970,7942,150060000,3696,4246
060250,2026-03-04,10:30:00,18900,18970,18720,18790,11906,223750000,3627,8279
060250,2026-03-04,10:35:00,18790,18810,18600,18620,22737,424290000,7036,15701
060250,2026-03-04,10:40:00,18630,18960,18610,18920,15497,290160000,9010,6487
060250,2026-03-04,10:45:00,18920,18960,18860,18880,4124,77980000,1705,2419
060250,2026-03-04,10:50:00,18880,18880,18690,18710,7243,136300000,1955,5288
060250,2026-03-04,10:55:00,18710,18900,18670,18700,10295,192790000,8076,2219
060250,2026-03-04,11:00:00,18700,18800,18680,18710,4785,89510000,1023,3762
060250,2026-03-04,11:05:00,18700,18760,18580,18610,8368,155990000,856,7512
060250,2026-03-04,11:10:00,18600,18600,18430,18440,31533,583740000,4125,27408
060250,2026-03-04,11:15:00,18430,18640,18390,18460,17237,317980000,10541,6696
060250,2026-03-04,11:20:00,18450,18460,18410,18410,1344,24770000,380,964
060250,2026-03-04,11:50:00,18390,18400,18150,18350,23444,428870000,11191,12253
060250,2026-03-04,11:55:00,18350,18760,18000,18000,27928,509380000,12727,15201
060250,2026-03-04,12:00:00,18050,18170,17810,17850,39852,715100000,13969,25883
060250,2026-03-04,12:05:00,17850,17880,16560,16560,35744,626720000,8441,27303
060250,2026-03-04,12:10:00,17300,18080,17300,18030,52718,930930000,42702,10016
060250,2026-03-04,12:15:00,18030,18050,17030,17420,22802,401320000,5491,17311
060250,2026-03-04,12:20:00,17420,17650,17030,17580,30822,533990000,21593,9229
060250,2026-03-04,12:25:00,17590,17790,17250,17700,16826,294950000,8087,8739
060250,2026-03-04,12:30:00,17670,17700,17300,17360,10712,187240000,2587,8125
060250,2026-03-04,12:35:00,17350,17440,17090,17130,15398,265160000,8606,6792
060250,2026-03-04,12:40:00,17060,17680,17000,17540,21101,363580000,14211,6890
060250,2026-03-04,12:45:00,17500,17840,17420,17840,20130,357040000,13683,6447
060250,2026-03-04,12:50:00,17840,18170,17760,18100,24611,442840000,13793,10818
060250,2026-03-04,12:55:00,18110,18250,17910,18020,12978,235520000,6245,6733
060250,2026-03-04,13:00:00,18030,18480,18020,18460,15214,279300000,8309,6905
060250,2026-03-04,13:05:00,18470,18480,18090,18220,7955,145680000,2921,5034
060250,2026-03-04,13:10:00,18240,18480,18220,18430,9118,167450000,7135,1983
060250,2026-03-04,13:15:00,18380,18610,18220,18290,23170,427150000,8050,15120
060250,2026-03-04,13:20:00,18300,18370,18000,18170,8903,161760000,2414,6489
060250,2026-03-04,13:25:00,18050,18340,17970,17990,5867,106550000,2639,3228
060250,2026-03-04,13:30:00,18040,18180,17850,17985,21235,381870000,15900,5335
060250,2026-03-04,13:35:00,17940,17960,17800,17960,10444,186440000,4614,5830
060250,2026-03-04,13:40:00,17990,18140,17730,17810,8277,148380000,3266,5011
060250,2026-03-04,13:45:00,17740,17950,17640,17920,11483,203910000,6996,4487
060250,2026-03-04,13:50:00,17920,17920,17760,17880,8422,150130000,3066,5356
060250,2026-03-04,13:55:00,17810,17870,17590,17600,12299,217710000,1448,10851
060250,2026-03-04,14:00:00,17670,17790,17550,17560,5719,101120000,2859,2860
060250,2026-03-04,14:05:00,17560,17700,17420,17420,10971,192690000,5317,5654
060250,2026-03-04,14:10:00,17450,17500,17370,17380,8017,139580000,4330,3687
060250,2026-03-04,14:15:00,17380,17570,17360,17360,9570,166670000,5637,3933
060250,2026-03-04,14:20:00,17370,17450,17330,17340,12602,218820000,5425,7177
060250,2026-03-04,14:25:00,17340,17360,17040,17200,20460,351870000,6471,13989
060250,2026-03-04,14:30:00,17170,17250,17000,17130,36336,621870000,17139,19197
060250,2026-03-04,14:35:00,17040,17160,16910,17130,20064,342060000,6236,13828
060250,2026-03-04,14:40:00,17130,17320,17060,17190,18391,316150000,9821,8570
060250,2026-03-04,14:45:00,17170,17320,17160,17300,17580,303580000,12338,5242
060250,2026-03-04,14:50:00,17250,17740,17250,17390,29584,516770000,21281,8303
060250,2026-03-04,14:55:00,17380,17450,17230,17350,5451,94690000,2446,3005
060250,2026-03-04,15:00:00,17330,17440,17240,17250,14375,249110000,7913,6462
060250,2026-03-04,15:05:00,17250,17320,17050,17100,24400,419190000,7320,17080
060250,2026-03-04,15:10:00,17100,17160,16930,16940,38299,653520000,23600,14699
060250,2026-03-04,15:15:00,16960,17100,16920,16920,22660,385180000,13310,9350
060250,2026-03-04,15:20:00,16920,16970,16770,16770,45292,762340000,13143,32149
060250,2026-03-04,15:30:00,16610,16610,16610,16610,47210,784150000,38586,0
060250,2026-03-05,09:05:00,18050,18990,18050,18960,207220,3826350000,137494,69726
060250,2026-03-05,09:10:00,18960,18990,18020,18050,49996,919510000,16306,33690
060250,2026-03-05,09:15:00,18050,18840,18030,18710,41821,773650000,27526,14295
060250,2026-03-05,09:20:00,18690,19150,18670,19120,71306,1355460000,46985,24321
060250,2026-03-05,09:25:00,19110,19320,18970,19010,54323,1040760000,26205,28118
060250,2026-03-05,09:30:00,18990,19140,18960,19070,29383,559100000,13659,15724
060250,2026-03-05,09:35:00,19000,19230,18990,19180,29553,565800000,21933,7620
060250,2026-03-05,09:40:00,19180,19270,19020,19070,34966,668600000,14255,20711
060250,2026-03-05,09:45:00,19070,19390,19040,19390,38141,732330000,29381,8760
060250,2026-03-05,09:50:00,19390,19790,19350,19790,76364,1493820000,61414,14950
060250,2026-03-05,09:55:00,19790,19800,19600,19660,35460,698860000,13897,21563
060250,2026-03-05,10:00:00,19650,19720,19550,19600,24636,482870000,9591,15045
060250,2026-03-05,10:05:00,19630,19760,19560,19760,44198,867560000,20392,23806
060250,2026-03-05,10:10:00,19760,20250,19750,20100,85819,1715160000,54012,31807
060250,2026-03-05,10:15:00,20050,20250,19950,20250,43266,868250000,22737,20529
060250,2026-03-05,10:20:00,20200,20350,20000,20200,61099,1235000000,37694,23405
060250,2026-03-05,10:25:00,20200,20200,19990,20050,34014,681440000,13430,20584
060250,2026-03-05,10:30:00,20100,20200,20000,20050,14818,297670000,8215,6603
060250,2026-03-05,10:35:00,20050,20100,19850,19860,30817,615530000,5574,25243
060250,2026-03-05,10:40:00,19850,20050,19790,19940,33083,658030000,21111,11972
060250,2026-03-05,10:45:00,20050,20100,19830,19840,15446,309130000,8570,6876
060250,2026-03-05,10:50:00,19880,20100,19840,19970,21106,422180000,16694,4412
060250,2026-03-05,10:55:00,19970,20000,19650,19790,25093,496570000,12638,12455
060250,2026-03-05,11:00:00,19800,19930,19600,19790,25614,505130000,18146,7468
060250,2026-03-05,11:05:00,19800,20050,19790,20050,37993,758820000,32896,5097
060250,2026-03-05,11:10:00,20000,20250,20000,20225,16680,335660000,15059,1621
060250,2026-03-05,11:15:00,20250,20250,20150,20250,10924,220730000,5803,5121
060250,2026-03-05,11:20:00,20250,20250,20200,20200,5236,105950000,3674,1562
060250,2026-03-05,11:25:00,20200,20250,19980,19990,13937,280310000,3041,10896
060250,2026-03-05,11:30:00,19980,20200,19960,20150,5567,111680000,4332,1235
060250,2026-03-05,11:35:00,20100,20150,20050,20150,2723,54750000,2437,286
060250,2026-03-05,11:40:00,20150,20300,20150,20300,25639,518310000,20331,5308
060250,2026-03-05,11:45:00,20300,20300,20200,20250,7410,150120000,5030,2380
060250,2026-03-05,11:50:00,20200,20400,20200,20350,31674,643620000,26427,5247
060250,2026-03-05,11:55:00,20400,20400,20250,20250,11595,235820000,2356,9239
060250,2026-03-05,12:00:00,20200,20400,20200,20350,6498,132050000,4793,1705
060250,2026-03-05,12:05:00,20300,20400,20250,20250,7559,153430000,2726,4833
060250,2026-03-05,12:10:00,20250,20350,20200,20350,4310,87450000,3443,867
060250,2026-03-05,12:15:00,20300,20350,20250,20350,2794,56750000,1754,1040
060250,2026-03-05,12:20:00,20350,20350,20250,20300,4438,90110000,1556,2882
060250,2026-03-05,12:25:00,20300,20300,20250,20250,2936,59540000,1783,1153
060250,2026-03-05,12:30:00,20250,20300,20150,20150,4710,95290000,909,3801
060250,2026-03-05,12:35:00,20200,20200,20000,20050,11064,222170000,3571,7493
060250,2026-03-05,12:40:00,20100,20100,20000,20050,11775,235900000,7873,3902
060250,2026-03-05,12:45:00,20100,20350,20100,20300,20099,406440000,13288,6811
060250,2026-03-05,12:50:00,20300,20300,20100,20150,5376,108630000,1516,3860
060250,2026-03-05,12:55:00,20150,20200,20000,20150,11938,239610000,3281,8657
060250,2026-03-05,13:00:00,20100,20300,20100,20300,49486,1001590000,36501,12985
060250,2026-03-05,13:05:00,20300,20300,19930,19950,39178,786930000,6365,32813
060250,2026-03-05,13:10:00,19920,20200,19910,20150,13048,261770000,9982,3066
060250,2026-03-05,13:15:00,20150,20300,20150,20250,7121,144090000,5941,1180
060250,2026-03-05,13:20:00,20250,20400,20200,20350,31707,644760000,22214,9493
060250,2026-03-05,13:25:00,20400,20400,20250,20400,15938,324380000,5833,10105
060250,2026-03-05,13:30:00,20400,20500,20350,20375,34026,694780000,21036,12990
060250,2026-03-05,13:35:00,20400,20500,20300,20500,12344,251670000,4973,7371
060250,2026-03-05,13:40:00,20475,20650,20450,20650,33535,690240000,24376,9159
060250,2026-03-05,13:45:00,20650,20700,20500,20600,13577,279750000,8655,4922
060250,2026-03-05,13:50:00,20650,20700,20500,20650,15262,314880000,4551,10711
060250,2026-03-05,13:55:00,20650,20700,20600,20650,10535,217540000,3958,6577
060250,2026-03-05,14:00:00,20650,20750,20650,20750,14314,296400000,10714,3600
060250,2026-03-05,14:05:00,20700,20750,20650,20700,9879,204360000,4696,5183
060250,2026-03-05,14:10:00,20700,20750,20650,20750,12446,257500000,8192,4254
060250,2026-03-05,14:15:00,20700,20750,20600,20700,5754,118990000,1742,4012
060250,2026-03-05,14:20:00,20700,20700,20600,20600,7432,153520000,2256,5176
060250,2026-03-05,14:25:00,20650,20700,20600,20650,11771,242790000,6232,5539
060250,2026-03-05,14:30:00,20650,20800,20650,20800,21717,449460000,17859,3858
060250,2026-03-05,14:35:00,20800,20800,20700,20700,14825,307400000,4807,10018
060250,2026-03-05,14:40:00,20750,20800,20700,20750,11515,239160000,6788,4727
060250,2026-03-05,14:45:00,20750,20800,20700,20800,9364,194450000,4148,5216
060250,2026-03-05,14:50:00,20800,20800,20650,20700,21919,453820000,6373,15546
060250,2026-03-05,14:55:00,20700,20750,20600,20700,17760,366850000,8932,8828
060250,2026-03-05,15:00:00,20700,20700,20300,20300,24720,506640000,11285,13435
060250,2026-03-05,15:05:00,20350,20450,20100,20250,50218,1015790000,25834,24384
060250,2026-03-05,15:10:00,20250,20400,20150,20150,23746,480450000,10530,13216
060250,2026-03-05,15:15:00,20150,20300,20000,20200,22212,447190000,11371,10841
060250,2026-03-05,15:20:00,20200,20200,19980,20050,20905,419090000,6353,14552
060250,2026-03-05,15:30:00,19880,19880,19880,19880,27165,540030000,26605,0
060250,2026-03-06,09:05:00,19450,20650,19410,20550,96847,1943550000,62196,34285
060250,2026-03-06,09:10:00,20550,20550,20050,20150,54592,1105020000,18613,35979
060250,2026-03-06,09:15:00,20150,20400,20050,20100,22563,456110000,11396,11167
060250,2026-03-06,09:20:00,20125,20650,20100,20600,29064,591860000,18267,10797
060250,2026-03-06,09:25:00,20600,20600,20250,20300,16712,341720000,8250,8462
060250,2026-03-06,09:30:00,20350,20450,20200,20350,9617,195370000,4067,5550
060250,2026-03-06,09:35:00,20350,20450,20200,20350,10875,221010000,6495,4380
060250,2026-03-06,09:40:00,20350,20350,20200,20200,8815,178540000,2681,6134
060250,2026-03-06,09:45:00,20200,20250,20050,20200,17563,353970000,5221,12342
060250,2026-03-06,09:50:00,20100,20250,20050,20200,9223,185790000,5013,4210
060250,2026-03-06,09:55:00,20200,20250,20050,20050,18548,373250000,9200,9348
060250,2026-03-06,10:00:00,20050,20200,19970,20200,28408,569540000,15006,13402
060250,2026-03-06,10:05:00,20050,20150,19980,20050,6341,126970000,2472,3869
060250,2026-03-06,10:10:00,20050,20150,19930,19970,13489,269870000,5871,7618
060250,2026-03-06,10:15:00,19980,19990,19720,19730,12956,257730000,2383,10573
060250,2026-03-06,10:20:00,19710,19820,19500,19510,14479,284490000,7471,7008
060250,2026-03-06,10:25:00,19600,19680,19470,19590,20156,394270000,12700,7456
060250,2026-03-06,10:30:00,19590,19590,19250,19530,32813,636620000,18610,14203
060250,2026-03-06,10:35:00,19600,19820,19530,19800,12010,236790000,6537,5473
060250,2026-03-06,10:40:00,19800,19990,19770,19880,9610,191190000,4689,4921
060250,2026-03-06,10:45:00,19900,20100,19880,19920,17948,358830000,9632,8316
060250,2026-03-06,10:50:00,19900,20000,19760,20000,10099,200380000,3496,6603
060250,2026-03-06,10:55:00,19990,20100,19800,19920,9931,198010000,6183,3748
060250,2026-03-06,11:00:00,20050,20100,19940,20050,4443,89080000,2919,1524
060250,2026-03-06,11:05:00,20000,20100,19990,20050,5798,116120000,2840,2958
060250,2026-03-06,11:10:00,20050,20200,20000,20100,4738,95280000,3743,995
060250,2026-03-06,11:15:00,20050,20300,20050,20250,9410,190310000,7578,1832
060250,2026-03-06,11:20:00,20250,20950,20250,20750,68612,1411750000,51681,16931
060250,2026-03-06,11:25:00,20800,20800,20450,20450,36926,762200000,12407,24519
060250,2026-03-06,11:30:00,20650,20650,20450,20450,7371,151210000,1821,5550
060250,2026-03-06,11:35:00,20450,20500,20350,20350,8804,179640000,3145,5659
060250,2026-03-06,11:40:00,20400,20450,20250,20350,8105,164660000,1838,6267
060250,2026-03-06,11:45:00,20350,20400,20250,20400,5248,106690000,2557,2691
060250,2026-03-06,11:50:00,20350,20350,20250,20300,1950,39580000,755,1195
060250,2026-03-06,11:55:00,20300,20350,20250,20250,3357,68090000,822,2535
060250,2026-03-06,12:00:00,20300,20350,20200,20250,4086,82740000,2034,2052
060250,2026-03-06,12:05:00,20300,20400,20250,20300,3998,81220000,1407,2591
060250,2026-03-06,12:10:00,20350,20400,20250,20350,9785,198560000,1512,8273
060250,2026-03-06,12:15:00,20200,20300,20100,20200,4545,91710000,524,4021
060250,2026-03-06,12:20:00,20100,20150,19960,20050,18227,365000000,2866,15361
060250,2026-03-06,12:25:00,20000,20100,20000,20100,2345,47020000,1889,456
060250,2026-03-06,12:30:00,20100,20150,20050,20100,3716,74690000,2143,1573
060250,2026-03-06,12:35:00,20150,20200,19990,19990,9707,194800000,1857,7850
060250,2026-03-06,12:40:00,20000,20150,19990,20150,5598,112020000,3147,2451
060250,2026-03-06,12:45:00,20150,20250,20100,20250,3439,69460000,2692,747
060250,2026-03-06,12:50:00,20250,20300,20150,20250,2528,51070000,464,2064
060250,2026-03-06,12:55:00,20250,20250,20050,20050,2471,49750000,576,1895
060250,2026-03-06,13:00:00,20100,20250,20050,20250,3371,68000000,1830,1541
060250,2026-03-06,13:05:00,20200,20250,20100,20100,3082,62170000,782,2300
060250,2026-03-06,13:10:00,20200,20200,20050,20100,4636,93210000,614,4022
060250,2026-03-06,13:15:00,20100,20150,20000,20150,2548,51130000,416,2132
060250,2026-03-06,13:20:00,20100,20150,20050,20100,2584,51990000,1724,860
060250,2026-03-06,13:25:00,20100,20150,20050,20050,2517,50580000,582,1935
060250,2026-03-06,13:30:00,20100,20200,20100,20200,4925,99280000,3413,1512
060250,2026-03-06,13:35:00,20200,20400,20150,20400,11175,226680000,9283,1892
060250,2026-03-06,13:40:00,20350,20400,20300,20350,4412,89780000,2242,2170
060250,2026-03-06,13:45:00,20350,20450,20350,20400,9658,197140000,7833,1825
060250,2026-03-06,13:50:00,20400,20450,20350,20450,4765,97290000,3172,1593
060250,2026-03-06,13:55:00,20450,20500,20400,20400,10246,209470000,5869,4377
060250,2026-03-06,14:00:00,20400,20400,20250,20300,7980,162210000,1849,6131
060250,2026-03-06,14:05:00,20350,20400,20250,20400,2103,42710000,1256,847
060250,2026-03-06,14:10:00,20400,20450,20250,20450,3769,76690000,1801,1968
060250,2026-03-06,14:15:00,20400,20450,20300,20400,4053,82620000,1902,2151
060250,2026-03-06,14:20:00,20400,20400,20250,20300,6755,137240000,3883,2872
060250,2026-03-06,14:25:00,20300,20350,20250,20350,3510,71290000,2112,1398
060250,2026-03-06,14:30:00,20325,20400,20250,20325,6977,141880000,4787,2190
060250,2026-03-06,14:35:00,20350,20400,20300,20300,3971,80770000,823,3148
060250,2026-03-06,14:40:00,20300,20450,20300,20400,11291,230210000,9875,1416
060250,2026-03-06,14:45:00,20400,20450,20300,20350,5763,117350000,829,4934
060250,2026-03-06,14:50:00,20350,20400,20300,20350,4506,91660000,2578,1928
060250,2026-03-06,14:55:00,20350,20400,20300,20350,6483,131890000,4398,2085
060250,2026-03-06,15:00:00,20400,20400,20300,20350,2702,54970000,1643,1059
060250,2026-03-06,15:05:00,20325,20400,20300,20350,6847,139340000,3276,3571
060250,2026-03-06,15:10:00,20400,20400,20300,20350,11466,233130000,1276,10190
060250,2026-03-06,15:15:00,20350,20350,20250,20300,11234,228070000,3876,7358
060250,2026-03-06,15:20:00,20350,20350,20150,20150,14108,285400000,3452,10656
060250,2026-03-06,15:30:00,20250,20250,20250,20250,15147,306730000,14506,0
060250,2026-03-09,09:05:00,18320,19140,18320,19020,54743,1022450000,39689,15051
060250,2026-03-09,09:10:00,19020,19060,18800,18980,25795,487690000,7701,18094
060250,2026-03-09,09:15:00,18895,19220,18730,18810,41799,793690000,13905,27894
060250,2026-03-09,09:20:00,18810,18950,18730,18780,16129,303240000,7624,8505
060250,2026-03-09,09:25:00,18780,18890,18630,18660,13733,257330000,5559,8174
060250,2026-03-09,09:30:00,18690,18770,18510,18670,28912,538450000,15968,12944
060250,2026-03-09,09:35:00,18720,18870,18650,18870,8174,153050000,3745,4429
060250,2026-03-09,09:40:00,18880,19000,18840,18910,5226,99000000,2201,3025
060250,2026-03-09,09:45:00,18910,18910,18650,18720,12533,235200000,3942,8591
060250,2026-03-09,09:50:00,18780,18825,18640,18640,24243,453320000,13029,11214
060250,2026-03-09,09:55:00,18700,18790,18640,18670,45531,849480000,39895,5636
060250,2026-03-09,10:00:00,18700,18720,18560,18590,14974,278770000,2734,12240
060250,2026-03-09,10:05:00,18580,18720,18570,18630,6834,127350000,3834,3000
060250,2026-03-09,10:10:00,18630,18640,18490,18620,73080,1352930000,59001,14079
060250,2026-03-09,10:15:00,18570,18690,18440,18650,37674,697870000,29141,8533
060250,2026-03-09,10:20:00,18720,18790,18660,18740,3382,63410000,1887,1495
060250,2026-03-09,10:25:00,18790,18790,18590,18640,5624,104890000,2183,3441
060250,2026-03-09,10:30:00,18640,18700,18510,18510,15318,284640000,10361,4957
060250,2026-03-09,10:35:00,18570,18580,18470,18510,12057,222940000,8364,3693
060250,2026-03-09,10:40:00,18500,18510,18390,18430,10212,188130000,3417,6795
060250,2026-03-09,10:45:00,18410,18480,18390,18410,3122,57500000,903,2219
060250,2026-03-09,10:50:00,18430,18450,18330,18350,12922,237270000,5214,7708
060250,2026-03-09,10:55:00,18350,18370,18240,18310,14105,257970000,1903,12202
060250,2026-03-09,11:00:00,18310,18360,18270,18300,2239,41000000,912,1327
060250,2026-03-09,11:05:00,18300,18480,18230,18300,11089,203710000,7155,3934
060250,2026-03-09,11:10:00,18340,18670,18280,18610,16372,301860000,12739,3633
060250,2026-03-09,11:15:00,18610,18690,18530,18600,6025,112110000,2006,4019
060250,2026-03-09,11:20:00,18600,18630,18360,18460,6238,115330000,1196,5042
060250,2026-03-09,11:25:00,18520,18560,18460,18500,1632,30170000,831,801
060250,2026-03-09,11:30:00,18530,18630,18420,18630,6225,115430000,3088,3137
060250,2026-03-09,11:35:00,18620,18620,18490,18500,4136,76680000,789,3347
060250,2026-03-09,11:40:00,18580,18670,18500,18650,2540,47200000,1698,842
060250,2026-03-09,11:45:00,18670,18790,18670,18760,7690,144050000,5354,2336
060250,2026-03-09,11:50:00,18760,18870,18760,18800,5669,106710000,2751,2918
060250,2026-03-09,11:55:00,18830,18870,18790,18860,5371,101080000,2552,2819
060250,2026-03-09,12:00:00,18880,18940,18760,18790,8751,165060000,2774,5977
060250,2026-03-09,12:05:00,18790,18840,18660,18720,5757,107850000,764,4993
060250,2026-03-09,12:10:00,18660,18830,18650,18730,5394,101070000,2500,2894
060250,2026-03-09,12:15:00,18810,18820,18730,18740,1657,31080000,528,1129
060250,2026-03-09,12:20:00,18750,18930,18740,18860,7032,132520000,3694,3338
060250,2026-03-09,12:25:00,18850,18950,18840,18940,5965,112810000,2308,3657
060250,2026-03-09,12:30:00,18940,18950,18880,18880,4987,94280000,350,4637
060250,2026-03-09,12:35:00,18880,19050,18830,19050,11738,222400000,9522,2216
060250,2026-03-09,12:40:00,19050,19100,18840,18920,7071,134050000,1956,5115
060250,2026-03-09,12:45:00,18920,18960,18830,18920,3606,68010000,379,3227
060250,2026-03-09,12:50:00,18840,18970,18840,18960,3412,64520000,2751,661
060250,2026-03-09,12:55:00,18960,19090,18960,19070,5529,105370000,4103,1426
060250,2026-03-09,13:00:00,19070,19070,19010,19060,2594,49340000,1085,1509
060250,2026-03-09,13:05:00,19070,19110,18970,19080,8244,156930000,5448,2796
060250,2026-03-09,13:10:00,19080,19260,19070,19170,12585,241490000,7122,5463
060250,2026-03-09,13:15:00,19220,19220,19130,19160,8403,161130000,1183,7220
060250,2026-03-09,13:20:00,19160,19220,19160,19210,7313,140260000,2394,4919
060250,2026-03-09,13:25:00,19210,19340,19190,19330,7603,146330000,5762,1841
060250,2026-03-09,13:30:00,19330,19420,19310,19350,11249,217670000,3909,7340
060250,2026-03-09,13:35:00,19340,19500,19280,19470,12106,234890000,5666,6440
060250,2026-03-09,13:40:00,19440,19560,19400,19410,19060,371330000,5355,13705
060250,2026-03-09,13:45:00,19480,19530,19370,19440,17706,344230000,5224,12482
060250,2026-03-09,13:50:00,19470,19530,19300,19410,14540,282170000,3806,10734
060250,2026-03-09,13:55:00,19410,19410,19230,19290,5029,96880000,1994,3035
060250,2026-03-09,14:00:00,19270,19300,19170,19170,7570,145510000,1813,5757
060250,2026-03-09,14:05:00,19190,19300,19160,19300,16557,318160000,11867,4690
060250,2026-03-09,14:10:00,19300,19480,19300,19480,8518,165220000,7201,1317
060250,2026-03-09,14:15:00,19500,19560,19410,19480,13847,270060000,7034,6813
060250,2026-03-09,14:20:00,19480,19500,19350,19400,9730,189070000,2239,7491
060250,2026-03-09,14:25:00,19400,19670,19370,19640,15165,296730000,12988,2177
060250,2026-03-09,14:30:00,19640,19790,19610,19700,13763,271240000,9555,4208
060250,2026-03-09,14:35:00,19700,19970,19650,19700,15547,307540000,6882,8665
060250,2026-03-09,14:40:00,19700,19860,19600,19600,12986,256070000,3452,9534
060250,2026-03-09,14:45:00,19640,19790,19590,19670,11760,231180000,5228,6532
060250,2026-03-09,14:50:00,19710,19710,19570,19660,12155,238330000,3576,8579
060250,2026-03-09,14:55:00,19660,19760,19580,19610,7068,138970000,1335,5733
060250,2026-03-09,15:00:00,19660,19730,19590,19630,6488,127490000,2519,3969
060250,2026-03-09,15:05:00,19660,19730,19570,19580,11224,220340000,4318,6906
060250,2026-03-09,15:10:00,19580,19650,19570,19640,5541,108580000,2669,2872
060250,2026-03-09,15:15:00,19600,19680,19580,19640,6805,133500000,3292,3513
060250,2026-03-09,15:20:00,19640,19680,19580,19610,7792,152830000,4323,3469
060250,2026-03-09,15:30:00,19730,19730,19730,19730,11314,223220000,10040,0
060250,2026-03-10,09:05:00,20800,20800,20350,20400,133284,2742820000,62971,70313
060250,2026-03-10,09:10:00,20350,21300,20200,20800,100125,2084310000,61392,38733
060250,2026-03-10,09:15:00,20750,21000,20500,20600,50040,1036590000,19607,30433
060250,2026-03-10,09:20:00,20600,20800,20550,20750,27171,563070000,13364,13807
060250,2026-03-10,09:25:00,20750,20750,20400,20450,24987,512590000,4497,20490
060250,2026-03-10,09:30:00,20500,20500,20250,20350,16240,330640000,3099,13141
060250,2026-03-10,09:35:00,20300,20450,20300,20350,8001,163030000,3017,4984
060250,2026-03-10,09:40:00,20350,20550,20350,20400,12631,258500000,5914,6717
060250,2026-03-10,09:45:00,20450,20550,20350,20550,6723,137290000,4047,2676
060250,2026-03-10,09:50:00,20525,20550,20300,20350,12286,250550000,4745,7541
060250,2026-03-10,09:55:00,20325,20400,20300,20350,14865,302280000,6841,8024
060250,2026-03-10,10:00:00,20350,20550,20300,20550,10752,219800000,6191,4561
060250,2026-03-10,10:05:00,20550,20600,20300,20400,19195,392960000,7946,11249
060250,2026-03-10,10:10:00,20550,20550,20400,20500,3144,64270000,2448,696
060250,2026-03-10,10:15:00,20500,20900,20400,20750,24465,506020000,21130,3335
060250,2026-03-10,10:20:00,20700,20750,20550,20650,10694,220960000,5908,4786
060250,2026-03-10,10:25:00,20600,20800,20600,20800,7012,145320000,4878,2134
060250,2026-03-10,10:30:00,20800,20900,20650,20900,14971,310860000,10405,4566
060250,2026-03-10,10:35:00,20800,20950,20700,20750,17131,357280000,12841,4290
060250,2026-03-10,10:40:00,20800,20850,20650,20700,7237,150200000,2540,4697
060250,2026-03-10,10:45:00,20700,20850,20650,20850,6130,127290000,4544,1586
060250,2026-03-10,10:50:00,20800,21050,20750,21050,29136,610300000,23962,5174
060250,2026-03-10,10:55:00,21000,21250,21000,21150,42420,897830000,29320,13100
060250,2026-03-10,11:00:00,21100,21250,21000,21000,25345,536190000,13748,11597
060250,2026-03-10,11:05:00,21050,21200,21050,21100,6315,133290000,3090,3225
060250,2026-03-10,11:10:00,21100,21100,20950,21000,6681,140400000,2546,4135
060250,2026-03-10,11:15:00,21000,21050,20950,21050,12088,253960000,7724,4364
060250,2026-03-10,11:20:00,21050,21100,21000,21000,3270,68860000,1269,2001
060250,2026-03-10,11:25:00,21050,21050,21000,21000,3786,79570000,1328,2458
060250,2026-03-10,11:30:00,21050,21050,20950,21000,4274,89720000,1414,2860
060250,2026-03-10,11:35:00,20950,21000,20800,20800,13343,278660000,2064,11279
060250,2026-03-10,11:40:00,20850,20900,20750,20850,9232,192040000,4649,4583
060250,2026-03-10,11:45:00,20850,20900,20750,20750,6134,127660000,2587,3547
060250,2026-03-10,11:50:00,20700,20750,20600,20700,9657,199330000,2484,7173
060250,2026-03-10,11:55:00,20700,20700,20550,20650,9199,189690000,3499,5700
060250,2026-03-10,12:00:00,20700,20750,20550,20600,4672,96540000,1355,3317
060250,2026-03-10,12:05:00,20550,20750,20550,20750,9355,193470000,7535,1820
060250,2026-03-10,12:10:00,20750,20800,20600,20650,4778,99110000,2644,2134
060250,2026-03-10,12:15:00,20700,20750,20650,20650,1666,34480000,1199,467
060250,2026-03-10,12:20:00,20650,20700,20600,20650,1285,26540000,314,971
060250,2026-03-10,12:25:00,20650,20700,20600,20650,1165,24060000,391,774
060250,2026-03-10,12:30:00,20650,20700,20500,20500,3421,70430000,414,3007
060250,2026-03-10,12:35:00,20500,20550,20450,20450,6106,125110000,458,5648
060250,2026-03-10,12:40:00,20475,20550,20400,20400,6482,132420000,1453,5029
060250,2026-03-10,12:45:00,20350,20450,20350,20400,6938,141590000,3965,2973
060250,2026-03-10,12:50:00,20400,20400,20300,20350,8473,172340000,3294,5179
060250,2026-03-10,12:55:00,20350,20500,20300,20450,8473,172520000,2931,5542
060250,2026-03-10,13:00:00,20450,20550,20400,20450,6553,134200000,2884,3669
060250,2026-03-10,13:05:00,20400,20500,20250,20250,8566,174390000,323,8243
060250,2026-03-10,13:10:00,20250,20450,20200,20300,8613,174830000,4684,3929
060250,2026-03-10,13:15:00,20300,20450,20300,20400,3325,67720000,2062,1263
060250,2026-03-10,13:20:00,20350,20400,20350,20400,1572,32020000,683,889
060250,2026-03-10,13:25:00,20400,20400,20350,20400,1244,25380000,497,747
060250,2026-03-10,13:30:00,20400,20450,20300,20350,3821,77840000,1417,2404
060250,2026-03-10,13:35:00,20300,20400,20300,20350,3368,68560000,1808,1560
060250,2026-03-10,13:40:00,20350,20350,20250,20300,8079,164110000,3018,5061
060250,2026-03-10,13:45:00,20300,20400,20250,20300,2529,51370000,639,1890
060250,2026-03-10,13:50:00,20275,20350,20250,20300,3958,80330000,2114,1844
060250,2026-03-10,13:55:00,20300,20300,20150,20200,11968,242320000,2932,9036
060250,2026-03-10,14:00:00,20200,20400,20200,20350,9335,189710000,8180,1155
060250,2026-03-10,14:05:00,20350,20500,20350,20450,4724,96330000,2676,2048
060250,2026-03-10,14:10:00,20450,20500,20400,20450,2563,52450000,1873,690
060250,2026-03-10,14:15:00,20450,20500,20450,20450,1721,35240000,880,841
060250,2026-03-10,14:20:00,20450,20450,20350,20450,3249,66290000,760,2489
060250,2026-03-10,14:25:00,20450,20450,20350,20400,1970,40180000,256,1714
060250,2026-03-10,14:30:00,20400,20400,20300,20300,1909,38840000,97,1812
060250,2026-03-10,14:35:00,20350,20350,20300,20300,1554,31550000,47,1507
060250,2026-03-10,14:40:00,20300,20300,20250,20300,2493,50590000,1756,737
060250,2026-03-10,14:45:00,20300,20300,20150,20150,9726,196600000,1528,8198
060250,2026-03-10,14:50:00,20150,20250,20100,20250,11745,236850000,6658,5087
060250,2026-03-10,14:55:00,20250,20250,20200,20200,1808,36570000,924,884
060250,2026-03-10,15:00:00,20200,20200,20150,20150,3629,73180000,245,3384
060250,2026-03-10,15:05:00,20200,20300,20100,20300,23535,474820000,17460,6075
060250,2026-03-10,15:10:00,20250,20300,20050,20050,10672,214980000,2001,8671
060250,2026-03-10,15:15:00,20050,20350,20050,20100,18708,376800000,8001,10707
060250,2026-03-10,15:20:00,20150,20200,20000,20100,15581,312970000,4857,10724
060250,2026-03-10,15:30:00,20200,20200,20200,20200,14626,295440000,13488,0
060250,2026-03-11,09:05:00,20550,20550,20200,20350,53324,1084690000,24377,28944
060250,2026-03-11,09:10:00,20350,20850,20350,20700,25248,521730000,15575,9673
060250,2026-03-11,09:15:00,20700,20750,20450,20700,22689,467610000,7020,15669
060250,2026-03-11,09:20:00,20650,20700,20350,20600,16894,346310000,5865,11029
060250,2026-03-11,09:25:00,20600,20700,20400,20400,12769,261840000,5630,7139
060250,2026-03-11,09:30:00,20450,20600,20400,20450,8947,183270000,4436,4511
060250,2026-03-11,09:35:00,20450,20650,20300,20650,13173,269060000,7554,5619
060250,2026-03-11,09:40:00,20550,20750,20425,20750,15870,326850000,10518,5352
060250,2026-03-11,09:45:00,20750,20850,20650,20750,16325,338800000,10499,5826
060250,2026-03-11,09:50:00,20750,20800,20500,20500,25137,519170000,9197,15940
060250,2026-03-11,09:55:00,20550,20600,20500,20600,11304,232060000,5662,5642
060250,2026-03-11,10:00:00,20600,20650,20500,20500,6200,127370000,2456,3744
060250,2026-03-11,10:05:00,20550,20550,20450,20450,9032,185060000,2612,6420
060250,2026-03-11,10:10:00,20450,20550,20425,20500,5409,110730000,1749,3660
060250,2026-03-11,10:15:00,20500,20550,20400,20500,6765,138300000,2686,4079
060250,2026-03-11,10:20:00,20500,20500,20400,20450,7873,160930000,2297,5576
060250,2026-03-11,10:25:00,20500,20500,20400,20450,9523,195040000,7300,2223
060250,2026-03-11,10:30:00,20450,20500,20400,20450,4147,84730000,1936,2211
060250,2026-03-11,10:35:00,20400,20500,20400,20500,3691,75410000,1590,2101
060250,2026-03-11,10:40:00,20500,20500,20400,20450,5272,107800000,1951,3321
060250,2026-03-11,10:45:00,20400,20500,20400,20450,4948,101160000,3007,1941
060250,2026-03-11,10:50:00,20450,20500,20350,20500,9004,183630000,2469,6535
060250,2026-03-11,10:55:00,20450,20450,20300,20300,8122,165380000,488,7634
060250,2026-03-11,11:00:00,20350,20350,20250,20250,7552,153220000,1352,6200
060250,2026-03-11,11:05:00,20275,20300,20200,20250,5657,114630000,2523,3134
060250,2026-03-11,11:10:00,20250,20250,20100,20250,13137,265350000,4613,8524
060250,2026-03-11,11:15:00,20250,20300,20150,20300,2914,59000000,1351,1563
060250,2026-03-11,11:20:00,20250,20350,20200,20200,3035,61490000,528,2507
060250,2026-03-11,11:25:00,20200,20300,20200,20250,2564,51920000,1093,1471
060250,2026-03-11,11:30:00,20250,20300,20100,20200,11087,223800000,2626,8461
060250,2026-03-11,11:35:00,20100,20200,20100,20150,1098,22140000,680,418
060250,2026-03-11,11:40:00,20200,20250,20150,20250,4959,100000000,1326,3633
060250,2026-03-11,11:45:00,20225,20250,20200,20200,4677,94700000,3080,1597
060250,2026-03-11,11:50:00,20225,20250,20200,20200,2197,44410000,617,1580
060250,2026-03-11,11:55:00,20250,20250,20150,20150,3461,69920000,1567,1894
060250,2026-03-11,12:00:00,20150,20200,20100,20150,5545,111630000,716,4829
060250,2026-03-11,12:05:00,20150,20250,20150,20250,3383,68210000,2292,1091
060250,2026-03-11,12:10:00,20250,20250,20200,20200,1750,35360000,251,1499
060250,2026-03-11,12:15:00,20200,20200,20150,20200,2366,47740000,1185,1181
060250,2026-03-11,12:20:00,20250,20250,20150,20200,3228,65230000,414,2814
060250,2026-03-11,12:25:00,20200,20250,20150,20250,1727,34900000,972,755
060250,2026-03-11,12:30:00,20250,20250,20200,20200,3255,65750000,457,2798
060250,2026-03-11,12:35:00,20200,20200,20150,20200,5956,120140000,2449,3507
060250,2026-03-11,12:40:00,20150,20200,20150,20150,2961,59680000,457,2504
060250,2026-03-11,12:45:00,20100,20200,20100,20150,8508,171280000,3033,5475
060250,2026-03-11,12:50:00,20150,20200,20050,20100,6925,139340000,1665,5260
060250,2026-03-11,12:55:00,20100,20125,20050,20100,5064,101780000,3097,1967
060250,2026-03-11,13:00:00,20075,20100,20050,20100,3707,74340000,362,3345
060250,2026-03-11,13:05:00,20100,20150,20050,20100,7944,159670000,6864,1080
060250,2026-03-11,13:10:00,20150,20250,20150,20200,5655,114220000,3903,1752
060250,2026-03-11,13:15:00,20200,20250,20150,20150,3449,69640000,1107,2342
060250,2026-03-11,13:20:00,20150,20200,20100,20100,8031,161950000,832,7199
060250,2026-03-11,13:25:00,20100,20150,20000,20050,36488,730780000,10641,25847
060250,2026-03-11,13:30:00,20050,20150,20050,20150,4747,95460000,3116,1631
060250,2026-03-11,13:35:00,20150,20150,20100,20150,902,18160000,505,397
060250,2026-03-11,13:40:00,20150,20150,20050,20050,2958,59450000,799,2159
060250,2026-03-11,13:45:00,20050,20150,20050,20100,5814,116730000,2027,3787
060250,2026-03-11,13:50:00,20100,20100,20000,20000,6750,135220000,1273,5477
060250,2026-03-11,13:55:00,20050,20050,20000,20000,2094,41900000,385,1709
060250,2026-03-11,14:00:00,20000,20000,19960,19970,21025,420220000,2974,18051
060250,2026-03-11,14:05:00,19970,19990,19950,19950,12445,248440000,4371,8074
060250,2026-03-11,14:10:00,19950,20050,19950,20050,6756,135120000,5254,1502
060250,2026-03-11,14:15:00,20050,20050,19930,19930,8953,178840000,876,8077
060250,2026-03-11,14:20:00,19930,19930,19890,19900,17107,340630000,3857,13250
060250,2026-03-11,14:25:00,19900,19920,19880,19910,9711,193310000,6305,3406
060250,2026-03-11,14:30:00,19910,20050,19890,19910,9487,188980000,3875,5612
060250,2026-03-11,14:35:00,19900,19900,19870,19900,10027,199420000,2799,7228
060250,2026-03-11,14:40:00,19900,19900,19750,19790,27877,553170000,2968,24909
060250,2026-03-11,14:45:00,19780,19780,19640,19650,22414,441440000,3729,18685
060250,2026-03-11,14:50:00,19650,19670,19490,19600,25361,496170000,9117,16244
060250,2026-03-11,14:55:00,19600,19700,19490,19490,10440,204350000,4352,6088
060250,2026-03-11,15:00:00,19490,19650,19350,19360,10566,205670000,3698,6868
060250,2026-03-11,15:05:00,19360,19430,19210,19410,24518,473330000,13551,10967
060250,2026-03-11,15:10:00,19430,19520,19350,19500,16149,314140000,9112,7037
060250,2026-03-11,15:15:00,19500,19650,19430,19645,15150,296290000,9317,5833
060250,2026-03-11,15:20:00,19640,19710,19640,19650,12317,242280000,7260,5057
060250,2026-03-11,15:30:00,19640,19640,19640,19640,16810,330150000,14728,0
060250,2026-03-12,09:05:00,19410,19660,19290,19550,17103,332570000,10434,6406
060250,2026-03-12,09:10:00,19550,19580,19270,19280,21632,419920000,2918,18714
060250,2026-03-12,09:15:00,19280,19290,19200,19240,11817,227300000,5981,5836
060250,2026-03-12,09:20:00,19250,19430,19230,19330,10708,206710000,6235,4473
060250,2026-03-12,09:25:00,19320,19380,19280,19370,5105,98580000,2255,2850
060250,2026-03-12,09:30:00,19370,19370,19260,19300,2568,49530000,1131,1437
060250,2026-03-12,09:35:00,19300,19440,19280,19440,5257,101890000,2465,2792
060250,2026-03-12,09:40:00,19430,19650,19370,19550,10109,196930000,3814,6295
060250,2026-03-12,09:45:00,19560,19570,19410,19470,5277,102740000,1935,3342
060250,2026-03-12,09:50:00,19470,19490,19420,19420,7133,138670000,2205,4928
060250,2026-03-12,09:55:00,19420,19430,19360,19370,6965,135080000,1077,5888
060250,2026-03-12,10:00:00,19370,19370,19350,19350,2253,43620000,1024,1229
060250,2026-03-12,10:05:00,19360,19360,19300,19300,5224,100940000,885,4339
060250,2026-03-12,10:10:00,19310,19320,19280,19320,5645,108910000,2215,3430
060250,2026-03-12,10:15:00,19320,19400,19320,19360,1507,29170000,1043,464
060250,2026-03-12,10:20:00,19360,19370,19310,19330,1987,38410000,733,1254
060250,2026-03-12,10:25:00,19330,19360,19310,19360,1320,25500000,884,436
060250,2026-03-12,10:30:00,19360,19390,19270,19380,12246,236900000,10313,1933
060250,2026-03-12,10:35:00,19380,19440,19350,19440,1858,36040000,1515,343
060250,2026-03-12,10:40:00,19430,19460,19410,19450,2598,50490000,1147,1451
060250,2026-03-12,10:45:00,19450,19540,19440,19540,2669,51980000,1892,777
060250,2026-03-12,10:50:00,19540,19590,19520,19530,6298,123180000,1133,5165
060250,2026-03-12,10:55:00,19520,19520,19410,19420,4038,78510000,1598,2440
060250,2026-03-12,11:00:00,19420,19440,19380,19390,2139,41490000,228,1911
060250,2026-03-12,11:05:00,19390,19470,19380,19470,4349,84450000,3308,1041
060250,2026-03-12,11:10:00,19470,19540,19440,19520,2266,44160000,1792,474
060250,2026-03-12,11:15:00,19500,19510,19410,19410,2571,49980000,570,2001
060250,2026-03-12,11:20:00,19410,19410,19360,19370,2276,44120000,572,1704
060250,2026-03-12,11:25:00,19370,19380,19320,19350,3192,61760000,1279,1913
060250,2026-03-12,11:30:00,19360,19400,19350,19360,1004,19460000,370,634
060250,2026-03-12,11:35:00,19370,19410,19350,19360,1407,27250000,431,976
060250,2026-03-12,11:40:00,19360,19360,19290,19290,2949,56940000,349,2600
060250,2026-03-12,11:45:00,19300,19370,19300,19340,3220,62270000,2142,1078
060250,2026-03-12,11:50:00,19350,19350,19300,19300,1623,31350000,175,1448
060250,2026-03-12,11:55:00,19310,19320,19250,19280,9485,182830000,1973,7512
060250,2026-03-12,12:00:00,19270,19330,19270,19300,3944,76120000,2953,991
060250,2026-03-12,12:05:00,19300,19310,19250,19250,1963,37840000,614,1349
060250,2026-03-12,12:10:00,19250,19260,19210,19260,11270,216750000,1768,9502
060250,2026-03-12,12:15:00,19260,19260,19230,19240,825,15870000,468,357
060250,2026-03-12,12:20:00,19230,19260,19220,19250,2607,50140000,773,1834
060250,2026-03-12,12:25:00,19250,19340,19220,19320,2830,54590000,1702,1128
060250,2026-03-12,12:30:00,19320,19340,19230,19290,2310,44520000,1188,1122
060250,2026-03-12,12:35:00,19240,19260,19230,19250,1926,37060000,1037,889
060250,2026-03-12,12:40:00,19260,19340,19220,19240,2579,49610000,504,2075
060250,2026-03-12,12:45:00,19230,19240,19220,19230,3645,70070000,1094,2551
060250,2026-03-12,12:50:00,19220,19250,19220,19240,1809,34790000,1016,793
060250,2026-03-12,12:55:00,19240,19370,19230,19320,2761,53220000,2057,704
060250,2026-03-12,13:00:00,19320,19410,19310,19320,983,19010000,553,430
060250,2026-03-12,13:05:00,19320,19350,19320,19350,3033,58640000,2302,731
060250,2026-03-12,13:10:00,19350,19370,19270,19310,3652,70590000,882,2770
060250,2026-03-12,13:15:00,19300,19330,19270,19300,789,15230000,549,240
060250,2026-03-12,13:20:00,19310,19390,19310,19360,2635,51010000,2098,537
060250,2026-03-12,13:25:00,19380,19440,19370,19420,3770,73180000,2925,845
060250,2026-03-12,13:30:00,19410,19590,19410,19540,11270,219560000,10154,1116
060250,2026-03-12,13:35:00,19540,19580,19440,19450,4071,79430000,886,3185
060250,2026-03-12,13:40:00,19480,19480,19420,19460,2430,47260000,1097,1333
060250,2026-03-12,13:45:00,19450,19500,19395,19450,3230,62750000,1602,1628
060250,2026-03-12,13:50:00,19460,19660,19450,19540,11900,232910000,6736,5164
060250,2026-03-12,13:55:00,19540,19570,19500,19540,2939,57450000,747,2192
060250,2026-03-12,14:00:00,19540,19560,19480,19480,6033,117770000,714,5319
060250,2026-03-12,14:05:00,19480,19590,19460,19570,5173,101000000,4056,1117
060250,2026-03-12,14:10:00,19570,19660,19550,19570,12929,253590000,9019,3910
060250,2026-03-12,14:15:00,19610,19670,19570,19660,7039,138320000,5302,1737
060250,2026-03-12,14:20:00,19630,19660,19550,19560,4501,88260000,273,4228
060250,2026-03-12,14:25:00,19560,19650,19550,19620,2221,43540000,1182,1039
060250,2026-03-12,14:30:00,19630,19630,19570,19600,1616,31650000,443,1173
060250,2026-03-12,14:35:00,19600,19660,19600,19630,2257,44300000,1013,1244
060250,2026-03-12,14:40:00,19630,19640,19600,19600,1973,38690000,626,1347
060250,2026-03-12,14:45:00,19600,19620,19580,19620,1825,35770000,867,958
060250,2026-03-12,14:50:00,19620,19630,19580,19580,2513,49260000,391,2122
060250,2026-03-12,14:55:00,19580,19590,19570,19580,1995,39050000,870,1125
060250,2026-03-12,15:00:00,19580,19630,19560,19610,3738,73190000,2159,1579
060250,2026-03-12,15:05:00,19620,19620,19500,19520,6739,131780000,1995,4744
060250,2026-03-12,15:10:00,19520,19520,19510,19520,1622,31650000,881,741
060250,2026-03-12,15:15:00,19510,19520,19500,19500,5018,97890000,1308,3710
060250,2026-03-12,15:20:00,19510,19640,19500,19530,12123,236770000,10561,1562
060250,2026-03-12,15:30:00,19450,19450,19450,19450,41437,805950000,39481,0
060250,2026-03-13,09:05:00,19080,19150,18800,19110,21655,410330000,13986,7669
060250,2026-03-13,09:10:00,19130,19200,18970,18970,4572,87140000,1006,3566
060250,2026-03-13,09:15:00,18960,19250,18960,19250,7570,144780000,5309,2261
060250,2026-03-13,09:20:00,19200,19750,19110,19610,16299,317080000,12222,4077
060250,2026-03-13,09:25:00,19610,19800,19400,19600,26199,512850000,9308,16891
060250,2026-03-13,09:30:00,19550,19820,19530,19650,20048,395550000,11461,8587
060250,2026-03-13,09:35:00,19650,19700,19530,19660,6584,129050000,1575,5009
060250,2026-03-13,09:40:00,19660,19710,19580,19700,9306,182710000,5369,3937
060250,2026-03-13,09:45:00,19710,19710,19410,19430,11683,228330000,3070,8613
060250,2026-03-13,09:50:00,19430,19590,19400,19560,8878,172530000,5071,3807
060250,2026-03-13,09:55:00,19505,19505,19350,19350,7159,138980000,658,6501
060250,2026-03-13,10:00:00,19380,19490,19370,19470,3212,62320000,2039,1173
060250,2026-03-13,10:05:00,19450,19570,19450,19550,2323,45350000,1165,1158
060250,2026-03-13,10:10:00,19550,19560,19470,19510,3991,77870000,1567,2424
060250,2026-03-13,10:15:00,19510,19510,19390,19410,6101,118590000,783,5318
060250,2026-03-13,10:20:00,19420,19490,19380,19490,4439,86120000,1438,3001
060250,2026-03-13,10:25:00,19490,19560,19460,19510,2624,51210000,1177,1447
060250,2026-03-13,10:30:00,19520,19540,19470,19530,5916,115390000,1249,4667
060250,2026-03-13,10:35:00,19530,19650,19460,19630,15274,298550000,12832,2442
060250,2026-03-13,10:40:00,19670,19670,19630,19660,6537,128420000,2742,3795
060250,2026-03-13,10:45:00,19670,19740,19630,19650,8833,173770000,3876,4957
060250,2026-03-13,10:50:00,19650,19650,19610,19610,5570,109350000,870,4700
060250,2026-03-13,10:55:00,19610,19700,19510,19700,6287,123140000,2770,3517
060250,2026-03-13,11:00:00,19710,19710,19640,19670,2801,55050000,1366,1435
060250,2026-03-13,11:05:00,19660,19670,19510,19660,7029,137730000,1960,5069
060250,2026-03-13,11:10:00,19660,19680,19590,19650,2757,54110000,1051,1706
060250,2026-03-13,11:15:00,19630,19670,19600,19630,3706,72820000,3016,690
060250,2026-03-13,11:20:00,19620,19630,19580,19610,5005,98100000,1647,3358
060250,2026-03-13,11:25:00,19605,19620,19570,19620,4352,85270000,2469,1883
060250,2026-03-13,11:30:00,19620,19630,19600,19620,3167,62120000,2392,775
060250,2026-03-13,11:35:00,19620,19640,19620,19620,3582,70290000,1333,2249
060250,2026-03-13,11:40:00,19620,19620,19550,19560,1822,35670000,304,1518
060250,2026-03-13,11:45:00,19560,19600,19540,19600,877,17150000,377,500
060250,2026-03-13,11:50:00,19610,19620,19580,19610,510,10000000,217,293
060250,2026-03-13,11:55:00,19610,19620,19600,19610,1231,24140000,503,728
060250,2026-03-13,12:00:00,19600,19610,19570,19590,1013,19850000,276,737
060250,2026-03-13,12:05:00,19580,19590,19550,19560,2409,47110000,187,2222
060250,2026-03-13,12:10:00,19560,19590,19500,19590,9336,182490000,2094,7242
060250,2026-03-13,12:15:00,19590,19590,19550,19570,1061,20760000,175,886
060250,2026-03-13,12:20:00,19570,19570,19530,19540,416,8140000,176,240
060250,2026-03-13,12:25:00,19540,19550,19490,19510,2538,49520000,202,2336
060250,2026-03-13,12:30:00,19510,19510,19460,19460,2565,49960000,255,2310
060250,2026-03-13,12:35:00,19460,19510,19440,19510,6070,118110000,3105,2965
060250,2026-03-13,12:40:00,19510,19510,19450,19470,1425,27740000,374,1051
060250,2026-03-13,12:45:00,19470,19470,19450,19460,1008,19610000,540,468
060250,2026-03-13,12:50:00,19470,19560,19460,19550,2590,50550000,2022,568
060250,2026-03-13,12:55:00,19550,19550,19530,19550,968,18910000,447,521
060250,2026-03-13,13:00:00,19550,19620,19540,19620,1697,33190000,1307,390
060250,2026-03-13,13:05:00,19620,19640,19590,19640,6262,122790000,2055,4207
060250,2026-03-13,13:10:00,19640,19640,19540,19540,2354,46150000,129,2225
060250,2026-03-13,13:15:00,19540,19560,19540,19550,594,11610000,393,201
060250,2026-03-13,13:20:00,19540,19540,19490,19500,3293,64290000,264,3029
060250,2026-03-13,13:25:00,19500,19500,19420,19430,2837,55170000,193,2644
060250,2026-03-13,13:30:00,19430,19440,19390,19440,5371,104240000,1809,3562
060250,2026-03-13,13:35:00,19440,19440,19390,19400,1093,21200000,445,648
060250,2026-03-13,13:40:00,19400,19410,19370,19400,3982,77200000,884,3098
060250,2026-03-13,13:45:00,19400,19490,19400,19450,2261,43980000,1851,410
060250,2026-03-13,13:50:00,19490,19520,19460,19520,2773,54040000,1305,1468
060250,2026-03-13,13:55:00,19520,19540,19490,19500,658,12840000,647,11
060250,2026-03-13,14:00:00,19500,19600,19490,19590,5615,109760000,4195,1420
060250,2026-03-13,14:05:00,19590,19590,19570,19580,1343,26300000,668,675
060250,2026-03-13,14:10:00,19580,19600,19570,19600,1931,37820000,1289,642
060250,2026-03-13,14:15:00,19610,19610,19430,19470,11482,223990000,3042,8440
060250,2026-03-13,14:20:00,19430,19520,19420,19500,5101,99350000,3431,1670
060250,2026-03-13,14:25:00,19500,19590,19480,19560,6663,130010000,4516,2147
060250,2026-03-13,14:30:00,19560,19570,19550,19570,2474,48380000,753,1721
060250,2026-03-13,14:35:00,19560,19620,19560,19620,5020,98380000,3796,1224
060250,2026-03-13,14:40:00,19620,19620,19570,19610,5577,109300000,2375,3202
060250,2026-03-13,14:45:00,19600,19620,19550,19560,8711,170570000,2828,5883
060250,2026-03-13,14:50:00,19560,19560,19510,19510,2179,42550000,410,1769
060250,2026-03-13,14:55:00,19510,19520,19500,19510,1913,37320000,674,1239
060250,2026-03-13,15:00:00,19520,19520,19500,19510,2675,52180000,567,2108
060250,2026-03-13,15:05:00,19500,19510,19425,19430,11646,226860000,528,11118
060250,2026-03-13,15:10:00,19425,19440,19420,19440,4877,94780000,3323,1554
060250,2026-03-13,15:15:00,19440,19470,19430,19470,4744,92250000,3328,1416
060250,2026-03-13,15:20:00,19480,19570,19450,19510,5297,103250000,3816,1481
060250,2026-03-13,15:30:00,19600,19600,19600,19600,19034,373060000,18599,0
060250,2026-03-16,09:05:00,19600,19600,19080,19360,18766,363080000,7201,11565
060250,2026-03-16,09:10:00,19440,19670,19330,19330,10287,200390000,3706,6581
060250,2026-03-16,09:15:00,19360,19460,19330,19430,8020,155480000,5407,2613
060250,2026-03-16,09:20:00,19430,19560,19410,19440,6909,134550000,3694,3215
060250,2026-03-16,09:25:00,19410,19410,19340,19360,8656,167600000,1221,7435
060250,2026-03-16,09:30:00,19370,19390,19270,19300,9035,174560000,1987,7048
060250,2026-03-16,09:35:00,19270,19390,19250,19370,8446,162990000,6694,1752
060250,2026-03-16,09:40:00,19370,19490,19370,19490,5661,110000000,5027,634
060250,2026-03-16,09:45:00,19500,19550,19430,19470,5441,106030000,3726,1715
060250,2026-03-16,09:50:00,19460,19500,19400,19490,8079,157170000,5100,2979
060250,2026-03-16,09:55:00,19440,19460,19380,19400,2936,56990000,775,2161
060250,2026-03-16,10:00:00,19410,19450,19400,19400,4554,88450000,1164,3390
060250,2026-03-16,10:05:00,19400,19410,19300,19300,3777,73120000,417,3360
060250,2026-03-16,10:10:00,19300,19370,19280,19370,6412,123830000,4813,1599
060250,2026-03-16,10:15:00,19370,19370,19310,19310,2631,50900000,1390,1241
060250,2026-03-16,10:20:00,19310,19310,19170,19220,14765,283830000,5038,9727
060250,2026-03-16,10:25:00,19220,19350,19200,19230,10442,200810000,7885,2557
060250,2026-03-16,10:30:00,19230,19250,19170,19220,16585,318290000,3883,12702
060250,2026-03-16,10:35:00,19230,19230,19170,19180,3226,61900000,752,2474
060250,2026-03-16,10:40:00,19180,19330,19160,19190,4452,85450000,2204,2248
060250,2026-03-16,10:45:00,19180,19220,19160,19210,4735,90830000,2153,2582
060250,2026-03-16,10:50:00,19210,19250,19180,19250,1987,38170000,1559,428
060250,2026-03-16,10:55:00,19250,19310,19160,19230,3799,72910000,763,3036
060250,2026-03-16,11:00:00,19220,19250,19190,19250,1600,30740000,927,673
060250,2026-03-16,11:05:00,19210,19320,19210,19250,1371,26410000,739,632
060250,2026-03-16,11:10:00,19250,19250,19210,19250,1384,26600000,776,608
060250,2026-03-16,11:15:00,19250,19260,19210,19220,466,8970000,209,257
060250,2026-03-16,11:20:00,19210,19230,19190,19190,2442,46910000,660,1782
060250,2026-03-16,11:25:00,19190,19230,19160,19230,11009,211230000,5846,5163
060250,2026-03-16,11:30:00,19180,19230,19160,19170,3530,67680000,2002,1528
060250,2026-03-16,11:35:00,19160,19170,19150,19160,2015,38610000,233,1782
060250,2026-03-16,11:40:00,19150,19180,19150,19170,1546,29630000,1300,246
060250,2026-03-16,11:45:00,19175,19180,19140,19150,2098,40210000,644,1454
060250,2026-03-16,11:50:00,19140,19200,19140,19160,3681,70490000,1330,2351
060250,2026-03-16,11:55:00,19160,19250,19150,19190,4204,80760000,1630,2574
060250,2026-03-16,12:00:00,19190,19300,19190,19290,2642,50890000,2028,614
060250,2026-03-16,12:05:00,19290,19310,19290,19310,1559,30090000,920,639
060250,2026-03-16,12:10:00,19310,19420,19310,19420,2427,46960000,2226,201
060250,2026-03-16,12:15:00,19420,19470,19315,19320,5599,108740000,1949,3650
060250,2026-03-16,12:20:00,19320,19320,19290,19290,952,18380000,210,742
060250,2026-03-16,12:25:00,19290,19300,19230,19250,2659,51200000,1365,1294
060250,2026-03-16,12:30:00,19250,19280,19230,19280,2003,38550000,1225,778
060250,2026-03-16,12:35:00,19290,19320,19250,19260,5096,98260000,2338,2758
060250,2026-03-16,12:40:00,19290,19360,19280,19350,1177,22760000,982,195
060250,2026-03-16,12:45:00,19350,19350,19300,19300,1869,36070000,63,1806
060250,2026-03-16,12:50:00,19300,19330,19280,19280,5595,107990000,467,5128
060250,2026-03-16,12:55:00,19290,19310,19290,19310,1073,20700000,834,239
060250,2026-03-16,13:00:00,19305,19350,19270,19350,3097,59780000,2045,1052
060250,2026-03-16,13:05:00,19340,19360,19310,19360,2754,53210000,1844,910
060250,2026-03-16,13:10:00,19360,19360,19280,19280,3319,64090000,1373,1946
060250,2026-03-16,13:15:00,19270,19320,19260,19260,6184,119190000,2922,3262
060250,2026-03-16,13:20:00,19270,19330,19260,19310,2601,50170000,875,1726
060250,2026-03-16,13:25:00,19320,19320,19270,19310,3429,66190000,2015,1414
060250,2026-03-16,13:30:00,19280,19310,19270,19280,1212,23370000,548,664
060250,2026-03-16,13:35:00,19290,19290,19260,19270,3716,71630000,904,2812
060250,2026-03-16,13:40:00,19270,19270,19170,19180,7422,142600000,1482,5940
060250,2026-03-16,13:45:00,19180,19250,19100,19160,61969,1184490000,53759,8210
060250,2026-03-16,13:50:00,19160,19160,19000,19120,60000,1141970000,43036,16964
060250,2026-03-16,13:55:00,19100,19110,19080,19080,4694,89630000,2275,2419
060250,2026-03-16,14:00:00,19080,19170,19080,19110,2780,53130000,2116,664
060250,2026-03-16,14:05:00,19110,19160,19100,19110,3226,61660000,440,2786
060250,2026-03-16,14:10:00,19110,19170,19100,19170,1363,26090000,992,371
060250,2026-03-16,14:15:00,19170,19170,19110,19130,2653,50780000,1067,1586
060250,2026-03-16,14:20:00,19130,19140,19080,19100,3467,66230000,1461,2006
060250,2026-03-16,14:25:00,19110,19110,19090,19110,2343,44740000,1465,878
060250,2026-03-16,14:30:00,19110,19120,19100,19120,1038,19840000,495,543
060250,2026-03-16,14:35:00,19120,19140,19110,19120,3740,71510000,1898,1842
060250,2026-03-16,14:40:00,19130,19160,19120,19150,2311,44220000,2271,40
060250,2026-03-16,14:45:00,19150,19200,19150,19190,2974,57050000,2776,198
060250,2026-03-16,14:50:00,19190,19230,19180,19190,6575,126240000,1598,4977
060250,2026-03-16,14:55:00,19190,19200,19190,19190,2998,57550000,2147,851
060250,2026-03-16,15:00:00,19190,19280,19190,19260,10995,211340000,10154,841
060250,2026-03-16,15:05:00,19270,19270,19230,19250,3148,60570000,2294,854
060250,2026-03-16,15:10:00,19250,19310,19250,19270,6155,118660000,2531,3624
060250,2026-03-16,15:15:00,19280,19300,19270,19270,1343,25890000,431,912
060250,2026-03-16,15:20:00,19270,19320,19260,19280,8157,157360000,5399,2758
060250,2026-03-16,15:30:00,19320,19320,19320,19320,24658,476390000,20454,0
060250,2026-03-17,09:05:00,19740,20050,19560,19700,60774,1201740000,27983,32391
060250,2026-03-17,09:10:00,19690,19980,19650,19810,41961,833460000,29726,12235
060250,2026-03-17,09:15:00,19760,19930,19670,19830,23096,457420000,8660,14436
060250,2026-03-17,09:20:00,19820,20100,19740,19980,36359,724800000,28531,7828
060250,2026-03-17,09:25:00,19980,20250,19900,19970,24284,486850000,14355,9929
060250,2026-03-17,09:30:00,19970,20450,19920,20300,56958,1149360000,46876,10082
060250,2026-03-17,09:35:00,20350,20450,20100,20150,32878,666930000,18501,14377
060250,2026-03-17,09:40:00,20150,20250,20100,20250,6597,133140000,3971,2626
060250,2026-03-17,09:45:00,20250,20300,20100,20250,14906,301410000,10345,4561
060250,2026-03-17,09:50:00,20250,20300,20150,20250,15159,306510000,8465,6694
060250,2026-03-17,09:55:00,20250,20450,20250,20400,30881,628110000,27233,3648
060250,2026-03-17,10:00:00,20450,21150,20350,21100,120046,2494670000,101259,18787
060250,2026-03-17,10:05:00,21050,21150,20900,21100,44645,938530000,23960,20685
060250,2026-03-17,10:10:00,21050,21100,20750,20850,18470,385730000,5656,12814
060250,2026-03-17,10:15:00,20850,21000,20800,20900,19207,401730000,11255,7952
060250,2026-03-17,10:20:00,20900,21300,20900,21200,75346,1589390000,66120,9226
060250,2026-03-17,10:25:00,21200,21350,21000,21000,41589,883180000,20635,20954
060250,2026-03-17,10:30:00,21050,21150,20950,21000,15285,321460000,7367,7918
060250,2026-03-17,10:35:00,21050,21200,20950,21150,13656,288140000,11120,2536
060250,2026-03-17,10:40:00,21150,21200,20950,21150,15434,326150000,7386,8048
060250,2026-03-17,10:45:00,21125,21250,20800,21200,39809,836060000,16874,22935
060250,2026-03-17,10:50:00,21150,21250,21000,21050,19746,417430000,10184,9562
060250,2026-03-17,10:55:00,21050,21150,20950,21000,13424,282230000,4229,9195
060250,2026-03-17,11:00:00,21000,21050,20850,20950,12295,257610000,5610,6685
060250,2026-03-17,11:05:00,20900,20950,20800,20800,8457,176450000,2631,5826
060250,2026-03-17,11:10:00,20900,20900,20700,20850,13681,284430000,7069,6612
060250,2026-03-17,11:15:00,20850,20850,20700,20700,13740,285450000,4421,9319
060250,2026-03-17,11:20:00,20750,20850,20750,20800,4791,99650000,2947,1844
060250,2026-03-17,11:25:00,20900,20950,20800,20950,12350,258110000,8452,3898
060250,2026-03-17,11:30:00,20900,20950,20850,20850,2595,54230000,547,2048
060250,2026-03-17,11:35:00,20900,20900,20825,20900,2769,57800000,1848,921
060250,2026-03-17,11:40:00,20850,21000,20800,20950,12470,261190000,9859,2611
060250,2026-03-17,11:45:00,20950,21000,20900,20900,3376,70820000,2054,1322
060250,2026-03-17,11:50:00,20950,21000,20900,21000,2689,56350000,2416,273
060250,2026-03-17,11:55:00,20950,21050,20800,20950,11973,250550000,5220,6753
060250,2026-03-17,12:00:00,20900,21000,20850,21000,5491,115060000,3807,1684
060250,2026-03-17,12:05:00,21000,21100,20900,20950,9874,207600000,7607,2267
060250,2026-03-17,12:10:00,20900,21050,20900,21050,2554,53620000,2357,197
060250,2026-03-17,12:15:00,21050,21100,21000,21100,5727,120690000,4474,1253
060250,2026-03-17,12:20:00,21100,21150,20900,21150,9504,200180000,7202,2302
060250,2026-03-17,12:25:00,21150,21200,21100,21150,7955,168250000,5661,2294
060250,2026-03-17,12:30:00,21150,21150,21000,21050,6870,144890000,2550,4320
060250,2026-03-17,12:35:00,21100,21150,21000,21050,7049,148480000,2462,4587
060250,2026-03-17,12:40:00,21050,21050,20900,20950,7931,166290000,1480,6451
060250,2026-03-17,12:45:00,20950,21000,20800,20900,11477,239640000,4431,7046
060250,2026-03-17,12:50:00,20900,21000,20850,21000,8357,174870000,5838,2519
060250,2026-03-17,12:55:00,21000,21050,20900,20950,6811,142890000,4497,2314
060250,2026-03-17,13:00:00,20950,21000,20900,20925,5243,109780000,2764,2479
060250,2026-03-17,13:05:00,20900,20950,20850,20900,6927,144620000,1539,5388
060250,2026-03-17,13:10:00,20850,20900,20800,20900,3813,79540000,2917,896
060250,2026-03-17,13:15:00,20850,20900,20800,20850,7491,156040000,1342,6149
060250,2026-03-17,13:20:00,20850,20900,20800,20800,3385,70520000,1337,2048
060250,2026-03-17,13:25:00,20800,20900,20700,20750,30670,637990000,17693,12977
060250,2026-03-17,13:30:00,20800,20800,20750,20800,8898,184900000,5087,3811
060250,2026-03-17,13:35:00,20850,20900,20750,20900,10363,215990000,7282,3081
060250,2026-03-17,13:40:00,20900,20900,20800,20850,9216,192170000,4452,4764
060250,2026-03-17,13:45:00,20850,20900,20800,20850,3430,71500000,2266,1164
060250,2026-03-17,13:50:00,20800,20850,20750,20800,8669,180380000,2822,5847
060250,2026-03-17,13:55:00,20800,20850,20700,20750,3497,72670000,822,2675
060250,2026-03-17,14:00:00,20750,20750,20650,20725,10768,222820000,2911,7857
060250,2026-03-17,14:05:00,20750,20750,20650,20650,5127,106090000,2042,3085
060250,2026-03-17,14:10:00,20700,20750,20650,20650,3450,71430000,2379,1071
060250,2026-03-17,14:15:00,20700,20700,20600,20650,8897,183730000,2707,6190
060250,2026-03-17,14:20:00,20600,20650,20600,20650,7258,149570000,2402,4856
060250,2026-03-17,14:25:00,20650,20650,20600,20650,3504,72270000,1737,1767
060250,2026-03-17,14:30:00,20600,20650,20550,20600,6141,126560000,3661,2480
060250,2026-03-17,14:35:00,20650,20750,20600,20750,5163,106810000,4480,683
060250,2026-03-17,14:40:00,20750,20750,20650,20700,3923,81240000,1329,2594
060250,2026-03-17,14:45:00,20700,20750,20650,20650,3410,70550000,2146,1264
060250,2026-03-17,14:50:00,20650,20700,20450,20550,27137,557650000,4273,22864
060250,2026-03-17,14:55:00,20500,20550,20400,20450,10028,205420000,3265,6763
060250,2026-03-17,15:00:00,20450,20500,20400,20500,5712,116860000,2287,3425
060250,2026-03-17,15:05:00,20500,20500,20300,20300,11986,244150000,2483,9503
060250,2026-03-17,15:10:00,20350,20450,20300,20350,16509,336150000,12045,4464
060250,2026-03-17,15:15:00,20350,20400,20300,20400,3796,77220000,1533,2263
060250,2026-03-17,15:20:00,20400,20400,20200,20275,21310,432280000,4919,16391
060250,2026-03-17,15:30:00,20250,20250,20250,20250,12965,262540000,10943,0
060250,2026-03-18,09:05:00,20700,20700,20250,20350,79428,1622930000,25862,53566
060250,2026-03-18,09:10:00,20350,20400,20200,20200,38040,771760000,8828,29212
060250,2026-03-18,09:15:00,20250,20250,19990,20100,32007,642470000,10645,21362
060250,2026-03-18,09:20:00,20100,20350,20100,20350,10874,219550000,7192,3682
060250,2026-03-18,09:25:00,20350,20400,20250,20250,11418,231870000,5286,6132
060250,2026-03-18,09:30:00,20300,20300,20100,20100,16687,336630000,4606,12081
060250,2026-03-18,09:35:00,20150,20200,20050,20150,9963,200410000,4047,5916
060250,2026-03-18,09:40:00,20150,20200,20100,20200,9114,183520000,4242,4872
060250,2026-03-18,09:45:00,20200,20200,20050,20100,13318,268110000,4078,9240
060250,2026-03-18,09:50:00,20100,20250,20050,20200,13267,267180000,5720,7547
060250,2026-03-18,09:55:00,20200,20300,20200,20250,10454,211630000,6186,4268
060250,2026-03-18,10:00:00,20250,20250,20150,20200,3232,65290000,965,2267
060250,2026-03-18,10:05:00,20200,20200,19990,20050,45867,919950000,8915,36952
060250,2026-03-18,10:10:00,20050,20050,19920,19930,21523,429790000,3333,18190
060250,2026-03-18,10:15:00,19950,19980,19890,19980,13671,272250000,3557,10114
060250,2026-03-18,10:20:00,19980,20050,19980,19980,7221,144540000,1809,5412
060250,2026-03-18,10:25:00,19980,20150,19970,20050,7295,146220000,4383,2912
060250,2026-03-18,10:30:00,20050,20050,19970,19980,8655,173100000,2021,6634
060250,2026-03-18,10:35:00,19970,20050,19910,20050,12765,254490000,4332,8433
060250,2026-03-18,10:40:00,20050,20100,20000,20050,3515,70480000,1739,1776
060250,2026-03-18,10:45:00,20050,20100,20000,20100,2759,55370000,2058,701
060250,2026-03-18,10:50:00,20100,20100,20000,20050,5263,105450000,861,4402
060250,2026-03-18,10:55:00,20050,20100,20000,20050,1924,38580000,943,981
060250,2026-03-18,11:00:00,20050,20100,19970,19980,9334,186680000,1323,8011
060250,2026-03-18,11:05:00,19970,20050,19950,20050,10389,207610000,1995,8394
060250,2026-03-18,11:10:00,20050,20050,19980,20050,10499,210040000,8258,2241
060250,2026-03-18,11:15:00,20100,20150,20050,20100,2609,52490000,2350,259
060250,2026-03-18,11:20:00,20150,20150,20050,20150,3262,65590000,1605,1657
060250,2026-03-18,11:25:00,20100,20150,20000,20050,4870,97580000,773,4097
060250,2026-03-18,11:30:00,20000,20100,20000,20050,1650,33090000,1209,441
060250,2026-03-18,11:35:00,20050,20100,20000,20100,1935,38790000,1780,155
060250,2026-03-18,11:40:00,20100,20125,20000,20050,2689,53920000,963,1726
060250,2026-03-18,11:45:00,20100,20100,20050,20050,2059,41350000,872,1187
060250,2026-03-18,11:50:00,20050,20100,19970,19970,7869,157370000,429,7440
060250,2026-03-18,11:55:00,19980,19990,19970,19990,1945,38860000,1568,377
060250,2026-03-18,12:00:00,19980,20100,19980,20000,3128,62560000,1408,1720
060250,2026-03-18,12:05:00,20000,20075,20000,20050,3573,71620000,1872,1701
060250,2026-03-18,12:10:00,20050,20050,20000,20050,909,18210000,778,131
060250,2026-03-18,12:15:00,20000,20050,20000,20050,3405,68230000,2512,893
060250,2026-03-18,12:20:00,20050,20100,20000,20050,4129,82810000,2328,1801
060250,2026-03-18,12:25:00,20050,20100,19950,19980,22458,449200000,3376,19082
060250,2026-03-18,12:30:00,19980,20000,19960,19970,5485,109550000,1813,3672
060250,2026-03-18,12:35:00,19970,19990,19960,19990,3115,62220000,780,2335
060250,2026-03-18,12:40:00,19990,19990,19970,19980,4687,93650000,1027,3660
060250,2026-03-18,12:45:00,19980,19980,19960,19970,5467,109140000,637,4830
060250,2026-03-18,12:50:00,19970,19990,19960,19970,3941,78720000,1925,2016
060250,2026-03-18,12:55:00,19960,19970,19930,19940,17093,341000000,2584,14509
060250,2026-03-18,13:00:00,19930,19950,19900,19920,17480,348150000,3658,13822
060250,2026-03-18,13:05:00,19910,19980,19910,19960,1632,32550000,743,889
060250,2026-03-18,13:10:00,19960,19970,19950,19970,2374,47380000,1164,1210
060250,2026-03-18,13:15:00,19970,19980,19960,19980,1602,32000000,1481,121
060250,2026-03-18,13:20:00,19980,19980,19960,19980,3295,65800000,602,2693
060250,2026-03-18,13:25:00,19980,19980,19960,19970,3749,74850000,1770,1979
060250,2026-03-18,13:30:00,19960,19980,19960,19980,2102,41970000,975,1127
060250,2026-03-18,13:35:00,19980,20000,19970,20000,9717,194280000,8414,1303
060250,2026-03-18,13:40:00,20000,20000,19980,19990,2101,42000000,1118,983
060250,2026-03-18,13:45:00,19990,20050,19980,20050,2891,57820000,1722,1169
060250,2026-03-18,13:50:00,20050,20050,19980,20000,2817,56340000,1361,1456
060250,2026-03-18,13:55:00,20000,20050,19990,20000,2961,59210000,1054,1907
060250,2026-03-18,14:00:00,20000,20050,19980,20050,3965,79320000,1385,2580
060250,2026-03-18,14:05:00,20050,20050,19980,19990,2570,51400000,580,1990
060250,2026-03-18,14:10:00,19980,19990,19930,19930,11814,235820000,475,11339
060250,2026-03-18,14:15:00,19930,19980,19930,19960,9784,195170000,5544,4240
060250,2026-03-18,14:20:00,19960,19990,19950,19980,1997,39870000,1293,704
060250,2026-03-18,14:25:00,19980,20000,19950,19970,8082,161340000,3361,4721
060250,2026-03-18,14:30:00,19990,19990,19950,19960,7165,143090000,1059,6106
060250,2026-03-18,14:35:00,19970,19970,19940,19950,6556,130800000,233,6323
060250,2026-03-18,14:40:00,19930,19940,19930,19930,5806,115730000,2530,3276
060250,2026-03-18,14:45:00,19940,19970,19920,19970,3922,78210000,1601,2321
060250,2026-03-18,14:50:00,19970,20000,19940,19990,3477,69440000,1219,2258
060250,2026-03-18,14:55:00,19990,20000,19970,19990,2446,48870000,595,1851
060250,2026-03-18,15:00:00,19970,19990,19940,19980,4852,96830000,1463,3389
060250,2026-03-18,15:05:00,19980,19990,19940,19950,8941,178430000,1811,7130
060250,2026-03-18,15:10:00,19960,19980,19950,19960,3516,70170000,1795,1721
060250,2026-03-18,15:15:00,19960,19990,19950,19990,6632,132400000,4666,1966
060250,2026-03-18,15:20:00,19990,19990,19960,19980,6762,135090000,3147,3615
060250,2026-03-18,15:30:00,19980,19980,19980,19980,10034,200470000,9593,0
060250,2026-03-19,09:05:00,19500,19590,19260,19270,49975,969600000,24477,25442
060250,2026-03-19,09:10:00,19300,19440,19260,19290,28290,546360000,11983,16307
060250,2026-03-19,09:15:00,19290,19350,19230,19320,11596,223390000,2124,9472
060250,2026-03-19,09:20:00,19320,19350,19270,19290,18976,366330000,7310,11666
060250,2026-03-19,09:25:00,19310,19310,19070,19090,51301,984920000,5868,45433
060250,2026-03-19,09:30:00,19070,19260,19050,19250,11886,227180000,4591,7295
060250,2026-03-19,09:35:00,19250,19250,19160,19210,9837,188890000,3473,6364
060250,2026-03-19,09:40:00,19220,19270,19200,19260,5050,97180000,3958,1092
060250,2026-03-19,09:45:00,19260,19260,19170,19200,11338,217790000,4123,7215
060250,2026-03-19,09:50:00,19200,19280,19180,19260,3229,62090000,1757,1472
060250,2026-03-19,09:55:00,19250,19320,19250,19320,3055,58940000,1562,1493
060250,2026-03-19,10:00:00,19320,19360,19280,19360,7093,137080000,4398,2695
060250,2026-03-19,10:05:00,19350,19360,19340,19350,2405,46530000,1609,796
060250,2026-03-19,10:10:00,19360,19370,19340,19360,4193,81150000,1892,2301
060250,2026-03-19,10:15:00,19360,19380,19340,19360,3470,67180000,1488,1982
060250,2026-03-19,10:20:00,19370,19370,19220,19300,10555,203740000,920,9635
060250,2026-03-19,10:25:00,19280,19350,19250,19300,1827,35240000,569,1258
060250,2026-03-19,10:30:00,19300,19350,19280,19290,2848,54990000,1199,1649
060250,2026-03-19,10:35:00,19280,19380,19200,19340,12793,246120000,2832,9961
060250,2026-03-19,10:40:00,19340,19430,19260,19420,10379,200530000,8450,1929
060250,2026-03-19,10:45:00,19370,19440,19360,19400,3358,65180000,2333,1025
060250,2026-03-19,10:50:00,19390,19400,19370,19380,2063,40000000,647,1416
060250,2026-03-19,10:55:00,19370,19420,19350,19400,1683,32600000,1147,536
060250,2026-03-19,11:00:00,19410,19530,19400,19500,4867,94840000,3724,1143
060250,2026-03-19,11:05:00,19500,19500,19430,19470,2021,39320000,485,1536
060250,2026-03-19,11:10:00,19460,19500,19420,19450,2079,40440000,364,1715
060250,2026-03-19,11:15:00,19450,19490,19430,19430,1258,24460000,278,980
060250,2026-03-19,11:20:00,19430,19500,19430,19500,2946,57370000,1563,1383
060250,2026-03-19,11:25:00,19510,19600,19490,19590,6085,118940000,4500,1585
060250,2026-03-19,11:30:00,19590,19630,19580,19630,4678,91670000,3451,1227
060250,2026-03-19,11:35:00,19620,19640,19500,19500,5052,98900000,813,4239
060250,2026-03-19,11:40:00,19550,19650,19540,19640,3020,59270000,2569,451
060250,2026-03-19,11:45:00,19640,19640,19580,19580,1905,37370000,1329,576
060250,2026-03-19,11:50:00,19590,19590,19540,19540,2260,44180000,101,2159
060250,2026-03-19,11:55:00,19540,19580,19530,19580,610,11930000,317,293
060250,2026-03-19,12:00:00,19570,19570,19530,19550,876,17130000,392,484
060250,2026-03-19,12:05:00,19540,19570,19520,19540,719,14040000,147,572
060250,2026-03-19,12:10:00,19530,19550,19500,19550,6804,132740000,2020,4784
060250,2026-03-19,12:15:00,19540,19620,19540,19570,1353,26480000,1111,242
060250,2026-03-19,12:20:00,19570,19630,19570,19610,2724,53450000,2330,394
060250,2026-03-19,12:25:00,19620,19620,19570,19610,1519,29770000,736,783
060250,2026-03-19,12:30:00,19610,19610,19580,19580,1038,20330000,474,564
060250,2026-03-19,12:35:00,19580,19590,19550,19550,3395,66430000,587,2808
060250,2026-03-19,12:40:00,19540,19560,19490,19490,4766,92990000,164,4602
060250,2026-03-19,12:45:00,19490,19550,19490,19540,2103,41020000,1755,348
060250,2026-03-19,12:50:00,19520,19550,19510,19520,1224,23890000,437,787
060250,2026-03-19,12:55:00,19510,19520,19460,19470,4362,85060000,401,3961
060250,2026-03-19,13:00:00,19470,19500,19470,19490,761,14820000,381,380
060250,2026-03-19,13:05:00,19490,19500,19460,19460,2566,49970000,531,2035
060250,2026-03-19,13:10:00,19460,19460,19330,19340,23514,455620000,17504,6010
060250,2026-03-19,13:15:00,19340,19350,19320,19325,3022,58430000,970,2052
060250,2026-03-19,13:20:00,19325,19360,19320,19360,1473,28480000,1288,185
060250,2026-03-19,13:25:00,19360,19360,19330,19340,1868,36130000,745,1123
060250,2026-03-19,13:30:00,19340,19340,19305,19320,3953,76370000,1046,2907
060250,2026-03-19,13:35:00,19320,19320,19300,19300,5584,107820000,769,4815
060250,2026-03-19,13:40:00,19300,19305,19280,19290,3433,66230000,413,3020
060250,2026-03-19,13:45:00,19300,19300,19230,19230,5342,102870000,968,4374
060250,2026-03-19,13:50:00,19230,19300,19200,19300,7226,138880000,3748,3478
060250,2026-03-19,13:55:00,19290,19340,19260,19310,1224,23630000,876,348
060250,2026-03-19,14:00:00,19310,19340,19310,19330,1247,24090000,899,348
060250,2026-03-19,14:05:00,19330,19450,19330,19410,2636,51200000,1274,1362
060250,2026-03-19,14:10:00,19410,19410,19310,19370,2971,57480000,297,2674
060250,2026-03-19,14:15:00,19340,19340,19330,19340,1331,25740000,941,390
060250,2026-03-19,14:20:00,19340,19370,19340,19350,921,17830000,254,667
060250,2026-03-19,14:25:00,19350,19450,19350,19450,2620,50880000,982,1638
060250,2026-03-19,14:30:00,19430,19440,19380,19390,2370,46000000,468,1902
060250,2026-03-19,14:35:00,19380,19390,19330,19340,2605,50400000,494,2111
060250,2026-03-19,14:40:00,19340,19370,19330,19370,1860,35980000,683,1177
060250,2026-03-19,14:45:00,19350,19400,19340,19400,1381,26740000,522,859
060250,2026-03-19,14:50:00,19400,19400,19340,19360,2131,41300000,102,2029
060250,2026-03-19,14:55:00,19360,19370,19350,19370,961,18600000,353,608
060250,2026-03-19,15:00:00,19370,19380,19340,19340,5477,106050000,681,4796
060250,2026-03-19,15:05:00,19340,19350,19290,19290,6821,131760000,1949,4872
060250,2026-03-19,15:10:00,19300,19460,19300,19460,10359,200730000,9752,607
060250,2026-03-19,15:15:00,19410,19450,19350,19370,3807,73800000,1365,2442
060250,2026-03-19,15:20:00,19370,19420,19360,19420,4423,85770000,2819,1604
060250,2026-03-19,15:30:00,19420,19420,19420,19420,8591,166830000,8052,0
060250,2026-03-20,09:05:00,19430,19510,19320,19450,33359,647470000,10025,23334
060250,2026-03-20,09:10:00,19450,19710,19370,19700,14781,288090000,12354,2427
060250,2026-03-20,09:15:00,19700,19760,19600,19670,17735,349770000,7900,9835
060250,2026-03-20,09:20:00,19650,19660,19580,19630,4533,88870000,1676,2857
060250,2026-03-20,09:25:00,19610,19610,19400,19400,14178,277060000,1046,13132
060250,2026-03-20,09:30:00,19400,19520,19395,19470,8031,156150000,5924,2107
060250,2026-03-20,09:35:00,19460,19570,19400,19570,4932,96120000,2741,2191
060250,2026-03-20,09:40:00,19580,19850,19560,19800,27226,537440000,19849,7377
060250,2026-03-20,09:45:00,19790,19970,19790,19970,18837,374370000,14318,4519
060250,2026-03-20,09:50:00,19980,20150,19940,20100,29130,583990000,17092,12038
060250,2026-03-20,09:55:00,20100,20300,20050,20150,35702,721100000,20626,15076
060250,2026-03-20,10:00:00,20200,20600,20150,20550,56911,1159920000,45790,11121
060250,2026-03-20,10:05:00,20550,20600,20350,20500,18544,379670000,10501,8043
060250,2026-03-20,10:10:00,20450,20500,20300,20350,13536,276270000,5815,7721
060250,2026-03-20,10:15:00,20400,20950,20400,20900,51338,1063030000,42861,8477
060250,2026-03-20,10:20:00,20900,20900,20500,20500,21414,444160000,7830,13584
060250,2026-03-20,10:25:00,20500,20600,20300,20350,8229,168160000,4152,4077
060250,2026-03-20,10:30:00,20350,20500,20300,20400,6563,133660000,3267,3296
060250,2026-03-20,10:35:00,20400,20550,20400,20450,6754,138330000,4585,2169
060250,2026-03-20,10:40:00,20500,20600,20450,20550,7681,157490000,5000,2681
060250,2026-03-20,10:45:00,20550,20550,20300,20550,10520,215080000,3310,7210
060250,2026-03-20,10:50:00,20550,20550,20300,20450,8014,163450000,3859,4155
060250,2026-03-20,10:55:00,20450,20450,20350,20400,3896,79560000,2357,1539
060250,2026-03-20,11:00:00,20400,20400,20300,20400,2446,49830000,908,1538
060250,2026-03-20,11:05:00,20350,20450,20300,20350,6226,126870000,3282,2944
060250,2026-03-20,11:10:00,20350,20400,20300,20350,2190,44560000,697,1493
060250,2026-03-20,11:15:00,20350,20400,20300,20300,6229,126660000,1834,4395
060250,2026-03-20,11:20:00,20350,20400,20300,20350,6856,139490000,4490,2366
060250,2026-03-20,11:25:00,20350,20450,20300,20400,5628,114760000,4824,804
060250,2026-03-20,11:30:00,20400,20450,20350,20350,3660,74680000,1956,1704
060250,2026-03-20,11:35:00,20350,20400,20300,20400,1569,31930000,568,1001
060250,2026-03-20,11:40:00,20350,20400,20250,20350,12766,259290000,1845,10921
060250,2026-03-20,11:45:00,20350,20400,20250,20350,1755,35720000,1422,333
060250,2026-03-20,11:50:00,20350,20350,20300,20350,6527,132780000,876,5651
060250,2026-03-20,11:55:00,20300,20350,20250,20300,2318,47060000,1063,1255
060250,2026-03-20,12:00:00,20350,20350,20250,20300,2804,56950000,2366,438
060250,2026-03-20,12:05:00,20300,20350,20250,20300,3614,73330000,2072,1542
060250,2026-03-20,12:10:00,20300,20350,20300,20350,1857,37720000,837,1020
060250,2026-03-20,12:15:00,20350,20350,20300,20350,2840,57680000,1359,1481
060250,2026-03-20,12:20:00,20350,20400,20300,20300,3905,79470000,2980,925
060250,2026-03-20,12:25:00,20350,20400,20300,20350,711,14450000,410,301
060250,2026-03-20,12:30:00,20350,20400,20300,20300,3872,78680000,1971,1901
060250,2026-03-20,12:35:00,20300,20350,20250,20300,1878,38130000,1248,630
060250,2026-03-20,12:40:00,20350,20350,20250,20300,1115,22640000,664,451
060250,2026-03-20,12:45:00,20300,20400,20250,20350,1847,37560000,1417,430
060250,2026-03-20,12:50:00,20350,20500,20350,20450,10995,224670000,9947,1048
060250,2026-03-20,12:55:00,20450,20450,20350,20400,2160,44080000,1133,1027
060250,2026-03-20,13:00:00,20400,20500,20400,20450,4750,97120000,3779,971
060250,2026-03-20,13:05:00,20500,20550,20400,20500,9235,189260000,6900,2335
060250,2026-03-20,13:10:00,20500,20500,20400,20500,2283,46670000,1035,1248
060250,2026-03-20,13:15:00,20450,20500,20400,20400,1112,22720000,258,854
060250,2026-03-20,13:20:00,20400,20450,20400,20400,1492,30450000,346,1146
060250,2026-03-20,13:25:00,20400,20400,20300,20350,6397,130040000,1786,4611
060250,2026-03-20,13:30:00,20350,20400,20250,20400,4768,96840000,1138,3630
060250,2026-03-20,13:35:00,20400,20475,20400,20450,4683,95760000,3834,849
060250,2026-03-20,13:40:00,20450,20500,20400,20450,2468,50470000,620,1848
060250,2026-03-20,13:45:00,20450,20500,20400,20400,2998,61320000,1665,1333
060250,2026-03-20,13:50:00,20400,20450,20400,20450,1282,26190000,660,622
060250,2026-03-20,13:55:00,20450,20450,20400,20450,1976,40380000,1373,603
060250,2026-03-20,14:00:00,20450,20450,20400,20400,1138,23220000,121,1017
060250,2026-03-20,14:05:00,20400,20450,20250,20300,3487,70890000,795,2692
060250,2026-03-20,14:10:00,20350,20350,20250,20350,1829,37120000,1420,409
060250,2026-03-20,14:15:00,20350,20350,20250,20250,3153,63950000,1486,1667
060250,2026-03-20,14:20:00,20250,20350,20250,20300,2058,41790000,268,1790
060250,2026-03-20,14:25:00,20300,20350,20300,20350,2163,43980000,1126,1037
060250,2026-03-20,14:30:00,20350,20400,20350,20400,2520,51290000,352,2168
060250,2026-03-20,14:35:00,20400,20400,20300,20300,2555,51990000,1025,1530
060250,2026-03-20,14:40:00,20300,20550,20300,20500,20032,409830000,18461,1571
060250,2026-03-20,14:45:00,20500,20550,20450,20450,1466,30040000,331,1135
060250,2026-03-20,14:50:00,20450,20500,20400,20450,3297,67450000,1094,2203
060250,2026-03-20,14:55:00,20450,20450,20300,20300,5673,115510000,667,5006
060250,2026-03-20,15:00:00,20300,20350,20200,20250,5448,110390000,1263,4185
060250,2026-03-20,15:05:00,20250,20300,20200,20200,4383,88670000,1664,2719
060250,2026-03-20,15:10:00,20200,20300,20200,20300,3440,69770000,2747,693
060250,2026-03-20,15:15:00,20300,20300,20250,20250,4499,91140000,1176,3323
060250,2026-03-20,15:20:00,20300,20300,20200,20250,5508,111580000,2755,2753
060250,2026-03-20,15:30:00,20300,20300,20300,20300,9197,186690000,8456,0
060250,2026-03-23,09:05:00,19350,19450,19180,19300,55141,1065020000,34279,20862
060250,2026-03-23,09:10:00,19300,19340,19200,19240,32223,619610000,12930,19293
060250,2026-03-23,09:15:00,19230,19230,19110,19210,22703,435470000,6972,15731
060250,2026-03-23,09:20:00,19210,19280,19170,19270,14175,272210000,6628,7547
060250,2026-03-23,09:25:00,19270,19330,19180,19200,10595,203790000,2770,7825
060250,2026-03-23,09:30:00,19200,19250,19150,19160,15791,302730000,4095,11696
060250,2026-03-23,09:35:00,19160,19160,19120,19140,13003,248880000,3742,9261
060250,2026-03-23,09:40:00,19130,19200,19090,19100,16747,320140000,4435,12312
060250,2026-03-23,09:45:00,19110,19190,19090,19130,7178,137150000,4226,2952
060250,2026-03-23,09:50:00,19120,19130,19090,19090,10819,206630000,1396,9423
060250,2026-03-23,09:55:00,19090,19100,19020,19030,14994,285690000,1225,13769
060250,2026-03-23,10:00:00,19020,19020,18880,18920,27538,522290000,4569,22969
060250,2026-03-23,10:05:00,18920,18930,18840,18870,16794,317140000,3765,13029
060250,2026-03-23,10:10:00,18860,18990,18860,18980,1935,36600000,1200,735
060250,2026-03-23,10:15:00,18980,19030,18960,19020,6075,115410000,4205,1870
060250,2026-03-23,10:20:00,19020,19050,18970,18980,3456,65690000,1061,2395
060250,2026-03-23,10:25:00,18970,19020,18960,18980,3719,70570000,2116,1603
060250,2026-03-23,10:30:00,19020,19030,18970,19030,4634,88030000,1419,3215
060250,2026-03-23,10:35:00,19030,19030,18900,18980,14791,280120000,1820,12971
060250,2026-03-23,10:40:00,18980,19020,18910,19020,10303,195190000,8149,2154
060250,2026-03-23,10:45:00,19040,19100,19020,19090,5725,109120000,4330,1395
060250,2026-03-23,10:50:00,19090,19110,19050,19070,9884,188650000,4241,5643
060250,2026-03-23,10:55:00,19060,19090,19010,19020,4435,84500000,992,3443
060250,2026-03-23,11:00:00,19020,19090,19000,19010,3597,68400000,1042,2555
060250,2026-03-23,11:05:00,19010,19080,19010,19080,2761,52530000,1063,1698
060250,2026-03-23,11:10:00,19060,19110,19000,19050,4310,82050000,1760,2550
060250,2026-03-23,11:15:00,19050,19050,18980,18990,6875,130660000,689,6186
060250,2026-03-23,11:20:00,18990,18990,18960,18960,3625,68760000,801,2824
060250,2026-03-23,11:25:00,18960,18990,18940,18990,2040,38670000,979,1061
060250,2026-03-23,11:30:00,18990,19080,18980,19000,2597,49340000,1573,1024
060250,2026-03-23,11:35:00,19020,19020,18970,18980,2505,47550000,750,1755
060250,2026-03-23,11:40:00,18990,18990,18930,18940,7008,132800000,846,6162
060250,2026-03-23,11:45:00,18970,18970,18930,18930,2338,44270000,281,2057
060250,2026-03-23,11:50:00,18940,18950,18920,18940,6249,118290000,508,5741
060250,2026-03-23,11:55:00,18945,18950,18900,18920,13556,256440000,718,12838
060250,2026-03-23,12:00:00,18920,18990,18910,18930,1666,31530000,758,908
060250,2026-03-23,12:05:00,18930,18980,18920,18980,2346,44430000,761,1585
060250,2026-03-23,12:10:00,19030,19030,18940,18960,1987,37670000,285,1702
060250,2026-03-23,12:15:00,18970,18970,18910,18910,1441,27270000,317,1124
060250,2026-03-23,12:20:00,18910,18910,18890,18900,10944,206810000,792,10152
060250,2026-03-23,12:25:00,18900,18920,18890,18920,3904,73760000,980,2924
060250,2026-03-23,12:30:00,18920,18920,18890,18900,3710,70110000,428,3282
060250,2026-03-23,12:35:00,18900,18940,18900,18930,819,15490000,493,326
060250,2026-03-23,12:40:00,18930,18950,18910,18940,764,14460000,478,286
060250,2026-03-23,12:45:00,18940,18950,18910,18910,1444,27330000,192,1252
060250,2026-03-23,12:50:00,18910,18950,18900,18930,3811,72070000,210,3601
060250,2026-03-23,12:55:00,18900,18920,18870,18880,35939,678940000,686,35253
060250,2026-03-23,13:00:00,18870,18880,18780,18780,65674,1238550000,897,64777
060250,2026-03-23,13:05:00,18790,18790,18660,18710,9135,171010000,2203,6932
060250,2026-03-23,13:10:00,18700,18770,18680,18690,5042,94280000,2280,2762
060250,2026-03-23,13:15:00,18690,18760,18670,18740,3907,73050000,705,3202
060250,2026-03-23,13:20:00,18740,18750,18690,18750,2949,55220000,2135,814
060250,2026-03-23,13:25:00,18760,18860,18760,18850,2262,42550000,1312,950
060250,2026-03-23,13:30:00,18840,18850,18810,18810,2131,40130000,712,1419
060250,2026-03-23,13:35:00,18810,18810,18770,18780,1489,27980000,837,652
060250,2026-03-23,13:40:00,18770,18820,18750,18800,5108,95950000,3228,1880
060250,2026-03-23,13:45:00,18810,18810,18750,18790,2884,54140000,939,1945
060250,2026-03-23,13:50:00,18790,18790,18750,18760,1086,20380000,333,753
060250,2026-03-23,13:55:00,18770,18820,18750,18780,2049,38480000,1065,984
060250,2026-03-23,14:00:00,18780,18850,18780,18850,2167,40800000,844,1323
060250,2026-03-23,14:05:00,18850,18850,18770,18820,4069,76500000,1100,2969
060250,2026-03-23,14:10:00,18820,18840,18810,18820,1920,36160000,1244,676
060250,2026-03-23,14:15:00,18840,18840,18800,18820,2019,37990000,476,1543
060250,2026-03-23,14:20:00,18820,18850,18800,18810,3022,56890000,1332,1690
060250,2026-03-23,14:25:00,18810,18810,18730,18730,7181,134750000,1016,6165
060250,2026-03-23,14:30:00,18740,18780,18710,18780,2916,54620000,1011,1905
060250,2026-03-23,14:35:00,18760,18760,18690,18710,7805,146090000,1422,6383
060250,2026-03-23,14:40:00,18700,18750,18700,18730,2225,41660000,1607,618
060250,2026-03-23,14:45:00,18730,18750,18670,18670,8927,166840000,1460,7467
060250,2026-03-23,14:50:00,18670,18680,18620,18640,5558,103670000,958,4600
060250,2026-03-23,14:55:00,18640,18650,18600,18610,5901,109840000,1519,4382
060250,2026-03-23,15:00:00,18610,18640,18580,18620,5759,107120000,2055,3704
060250,2026-03-23,15:05:00,18620,18620,18570,18580,5987,111220000,1962,4025
060250,2026-03-23,15:10:00,18580,18590,18520,18530,12660,234910000,3346,9314
060250,2026-03-23,15:15:00,18540,18540,18460,18490,12551,232160000,3717,8834
060250,2026-03-23,15:20:00,18470,18500,18440,18450,15581,287720000,5072,10509
060250,2026-03-23,15:30:00,18440,18440,18440,18440,20833,384150000,19366,0
060250,2026-03-24,09:05:00,19090,19200,18860,18900,42706,813690000,23150,19556
060250,2026-03-24,09:10:00,18910,19030,18860,18900,18409,347990000,11523,6886
060250,2026-03-24,09:15:00,18900,18980,18850,18880,7048,133210000,2704,4344
060250,2026-03-24,09:20:00,18880,18900,18750,18790,15652,294560000,5298,10354
060250,2026-03-24,09:25:00,18785,18840,18740,18840,7218,135630000,5803,1415
060250,2026-03-24,09:30:00,18840,18890,18790,18870,3289,62000000,1678,1611
060250,2026-03-24,09:35:00,18870,18880,18780,18830,12427,234320000,4292,8135
060250,2026-03-24,09:40:00,18800,18800,18650,18650,10250,191990000,1030,9220
060250,2026-03-24,09:45:00,18650,18710,18590,18590,11975,223070000,4390,7585
060250,2026-03-24,09:50:00,18590,18640,18500,18530,6807,126300000,2926,3881
060250,2026-03-24,09:55:00,18570,18590,18510,18520,3551,65800000,740,2811
060250,2026-03-24,10:00:00,18520,18540,18220,18350,22710,418630000,3884,18826
060250,2026-03-24,10:05:00,18390,18400,17980,18000,23238,422170000,7302,15936
060250,2026-03-24,10:10:00,18000,18180,17960,18180,12252,220900000,5102,7150
060250,2026-03-24,10:15:00,18180,18220,17820,17820,19231,344850000,5212,14019
060250,2026-03-24,10:20:00,17820,17880,17610,17650,48352,855930000,34332,14020
060250,2026-03-24,10:25:00,17710,17950,17710,17900,18378,327690000,12467,5911
060250,2026-03-24,10:30:00,17900,17980,17800,17840,13620,243540000,9024,4596
060250,2026-03-24,10:35:00,17840,17850,17670,17700,17441,309570000,3859,13582
060250,2026-03-24,10:40:00,17690,17740,17550,17580,21854,385360000,5064,16790
060250,2026-03-24,10:45:00,17560,17680,17440,17500,16871,295600000,3002,13869
060250,2026-03-24,10:50:00,17500,17540,17400,17400,24841,432640000,16794,8047
060250,2026-03-24,10:55:00,17480,17530,17400,17440,25823,450240000,19620,6203
060250,2026-03-24,11:00:00,17440,17500,17290,17480,32091,556660000,21587,10504
060250,2026-03-24,11:05:00,17420,17580,17400,17580,7317,128080000,5479,1838
060250,2026-03-24,11:10:00,17590,17600,17520,17540,6416,112680000,3664,2752
060250,2026-03-24,11:15:00,17530,17540,17310,17510,9972,173860000,2946,7026
060250,2026-03-24,11:20:00,17510,17550,17440,17550,8793,154110000,6035,2758
060250,2026-03-24,11:25:00,17560,17590,17510,17570,6604,115930000,3958,2646
060250,2026-03-24,11:30:00,17570,17570,17460,17520,6907,120910000,1527,5380
060250,2026-03-24,11:35:00,17560,17560,17480,17550,1843,32290000,586,1257
060250,2026-03-24,11:40:00,17550,17600,17520,17550,5528,97110000,3681,1847
060250,2026-03-24,11:45:00,17560,17610,17550,17610,3340,58730000,1542,1798
060250,2026-03-24,11:50:00,17600,17630,17580,17610,5701,100330000,1830,3871
060250,2026-03-24,11:55:00,17600,17610,17530,17590,11321,198860000,4695,6626
060250,2026-03-24,12:00:00,17550,17620,17550,17610,5989,105410000,1802,4187
060250,2026-03-24,12:05:00,17600,17600,17590,17600,1988,34980000,992,996
060250,2026-03-24,12:10:00,17610,17690,17610,17640,4114,72610000,2712,1402
060250,2026-03-24,12:15:00,17640,17720,17630,17630,5155,91130000,1019,4136
060250,2026-03-24,12:20:00,17630,17630,17570,17590,4505,79300000,1066,3439
060250,2026-03-24,12:25:00,17580,17620,17570,17610,5486,96580000,4086,1400
060250,2026-03-24,12:30:00,17610,17640,17570,17640,5447,95870000,1562,3885
060250,2026-03-24,12:35:00,17640,17650,17530,17540,6273,110220000,418,5855
060250,2026-03-24,12:40:00,17530,17550,17500,17550,7226,126590000,1706,5520
060250,2026-03-24,12:45:00,17550,17580,17550,17580,1478,25960000,1332,146
060250,2026-03-24,12:50:00,17580,17600,17570,17600,1472,25890000,1032,440
060250,2026-03-24,12:55:00,17600,17610,17570,17570,8374,147280000,596,7778
060250,2026-03-24,13:00:00,17560,17590,17540,17590,3302,57970000,2039,1263
060250,2026-03-24,13:05:00,17600,17610,17560,17590,3055,53700000,1482,1573
060250,2026-03-24,13:10:00,17590,17610,17590,17610,3341,58820000,2598,743
060250,2026-03-24,13:15:00,17600,17730,17600,17650,10025,176920000,6141,3884
060250,2026-03-24,13:20:00,17650,17660,17600,17620,3969,69980000,1218,2751
060250,2026-03-24,13:25:00,17630,17630,17610,17620,4877,85910000,1307,3570
060250,2026-03-24,13:30:00,17620,17620,17590,17620,5284,93010000,1039,4245
060250,2026-03-24,13:35:00,17620,17620,17580,17600,3963,69780000,2140,1823
060250,2026-03-24,13:40:00,17600,17620,17530,17600,9372,164600000,2068,7304
060250,2026-03-24,13:45:00,17600,17620,17540,17540,3975,69810000,195,3780
060250,2026-03-24,13:50:00,17550,17600,17540,17590,3530,61970000,3195,335
060250,2026-03-24,13:55:00,17590,17590,17530,17560,8104,142240000,2358,5746
060250,2026-03-24,14:00:00,17550,17570,17540,17550,5440,95510000,1502,3938
060250,2026-03-24,14:05:00,17560,17560,17410,17420,21907,383040000,1562,20345
060250,2026-03-24,14:10:00,17420,17430,17350,17400,12043,209390000,6102,5941
060250,2026-03-24,14:15:00,17400,17450,17340,17450,14493,251580000,9899,4594
060250,2026-03-24,14:20:00,17450,17580,17370,17570,11941,208750000,10666,1275
060250,2026-03-24,14:25:00,17540,17540,17480,17500,4325,75710000,1387,2938
060250,2026-03-24,14:30:00,17510,17520,17410,17440,9784,170950000,1594,8190
060250,2026-03-24,14:35:00,17460,17460,17380,17390,9335,162440000,2589,6746
060250,2026-03-24,14:40:00,17390,17420,17370,17410,5715,99370000,3796,1919
060250,2026-03-24,14:45:00,17410,17420,17370,17380,4233,73600000,1096,3137
060250,2026-03-24,14:50:00,17380,17520,17360,17520,6358,110830000,4847,1511
060250,2026-03-24,14:55:00,17520,17560,17490,17550,7774,136190000,3259,4515
060250,2026-03-24,15:00:00,17550,17570,17540,17550,6474,113660000,4200,2274
060250,2026-03-24,15:05:00,17560,17560,17490,17490,10169,178160000,2522,7647
060250,2026-03-24,15:10:00,17500,17520,17490,17510,11727,205360000,7575,4152
060250,2026-03-24,15:15:00,17510,17530,17470,17510,12884,225430000,8502,4382
060250,2026-03-24,15:20:00,17500,17570,17500,17570,11416,200130000,4413,7003
060250,2026-03-24,15:30:00,17570,17570,17570,17570,12066,211990000,11435,0
060250,2026-03-25,09:05:00,17600,17750,17020,17070,97614,1689640000,41664,54440
060250,2026-03-25,09:10:00,17050,17250,17010,17040,34715,594110000,10996,23719
060250,2026-03-25,09:15:00,17040,17050,16500,16520,111592,1868790000,33042,78550
060250,2026-03-25,09:20:00,16510,16650,16300,16510,104226,1714660000,48029,56197
060250,2026-03-25,09:25:00,16540,16690,16510,16630,86138,1428730000,68133,18005
060250,2026-03-25,09:30:00,16650,16840,16630,16840,34908,584520000,16712,18196
060250,2026-03-25,09:35:00,16810,16930,16740,16740,31871,536660000,17386,14485
060250,2026-03-25,09:40:00,16770,16770,16640,16680,27088,451740000,6968,20120
060250,2026-03-25,09:45:00,16690,16805,16610,16760,25910,431830000,8199,17711
060250,2026-03-25,09:50:00,16760,16800,16680,16800,12535,210080000,8479,4056
060250,2026-03-25,09:55:00,16800,16800,16680,16700,20246,338770000,1989,18257
060250,2026-03-25,10:00:00,16690,16710,16620,16710,18301,304800000,5357,12944
060250,2026-03-25,10:05:00,16710,16820,16700,16760,15370,257620000,9750,5620
060250,2026-03-25,10:10:00,16760,16770,16710,16720,7987,133720000,1175,6812
060250,2026-03-25,10:15:00,16720,16790,16690,16690,15622,261510000,7387,8235
060250,2026-03-25,10:20:00,16700,16700,16630,16640,12147,202320000,2242,9905
060250,2026-03-25,10:25:00,16640,16790,16630,16740,47194,787940000,42639,4555
060250,2026-03-25,10:30:00,16760,16860,16730,16840,24644,414170000,21366,3278
060250,2026-03-25,10:35:00,16850,16980,16790,16900,83794,1414420000,28267,55527
060250,2026-03-25,10:40:00,16900,16910,16800,16810,16435,277090000,6117,10318
060250,2026-03-25,10:45:00,16810,16840,16780,16840,7310,122900000,2242,5068
060250,2026-03-25,10:50:00,16840,16850,16800,16850,7050,118700000,2871,4179
060250,2026-03-25,10:55:00,16850,16850,16800,16850,9366,157560000,3306,6060
060250,2026-03-25,11:00:00,16850,16890,16840,16860,4039,68140000,1407,2632
060250,2026-03-25,11:05:00,16860,16880,16780,16790,16622,279420000,1274,15348
060250,2026-03-25,11:10:00,16770,16820,16740,16800,16755,281160000,4346,12409
060250,2026-03-25,11:15:00,16800,16830,16800,16820,5875,98780000,1847,4028
060250,2026-03-25,11:20:00,16820,16920,16800,16920,10501,177200000,5776,4725
060250,2026-03-25,11:25:00,16900,17080,16900,17020,32264,548360000,27287,4977
060250,2026-03-25,11:30:00,17010,17050,16950,17050,5781,98190000,3267,2514
060250,2026-03-25,11:35:00,17050,17050,17010,17030,3616,61570000,1436,2180
060250,2026-03-25,11:40:00,17030,17050,17010,17010,4517,76910000,1762,2755
060250,2026-03-25,11:45:00,17000,17020,16940,16940,5152,87510000,435,4717
060250,2026-03-25,11:50:00,16940,16960,16910,16920,3712,62840000,831,2881
060250,2026-03-25,11:55:00,16915,16920,16885,16890,4510,76230000,1103,3407
060250,2026-03-25,12:00:00,16890,16890,16830,16840,6981,117760000,847,6134
060250,2026-03-25,12:05:00,16840,16870,16830,16870,1861,31350000,1620,241
060250,2026-03-25,12:10:00,16870,16910,16860,16880,2593,43760000,868,1725
060250,2026-03-25,12:15:00,16880,16970,16880,16880,19770,334990000,8109,11661
060250,2026-03-25,12:20:00,16870,16880,16860,16880,1857,31320000,934,923
060250,2026-03-25,12:25:00,16880,16890,16870,16870,1750,29530000,899,851
060250,2026-03-25,12:30:00,16860,16930,16860,16930,2529,42710000,1298,1231
060250,2026-03-25,12:35:00,16930,16980,16920,16980,2518,42660000,1929,589
060250,2026-03-25,12:40:00,16980,16990,16950,16960,2627,44570000,1373,1254
060250,2026-03-25,12:45:00,16960,16970,16940,16960,1955,33150000,1034,921
060250,2026-03-25,12:50:00,16950,16980,16950,16960,3606,61170000,2129,1477
060250,2026-03-25,12:55:00,16960,17000,16960,16990,4133,70170000,2498,1635
060250,2026-03-25,13:00:00,16990,16990,16960,16960,2331,39560000,340,1991
060250,2026-03-25,13:05:00,16970,16970,16920,16940,4460,75530000,1499,2961
060250,2026-03-25,13:10:00,16950,16950,16920,16940,3279,55500000,977,2302
060250,2026-03-25,13:15:00,16940,16980,16940,16960,1515,25690000,1203,312
060250,2026-03-25,13:20:00,16960,17040,16950,17030,7657,130160000,6244,1413
060250,2026-03-25,13:25:00,17030,17060,17020,17040,5617,95700000,3299,2318
060250,2026-03-25,13:30:00,17040,17040,16980,16980,4594,78100000,338,4256
060250,2026-03-25,13:35:00,16980,17050,16970,17020,7321,124390000,4197,3124
060250,2026-03-25,13:40:00,17020,17020,16990,17010,3461,58880000,646,2815
060250,2026-03-25,13:45:00,17000,17020,16990,17010,1723,29290000,778,945
060250,2026-03-25,13:50:00,17010,17150,17000,17150,9920,169220000,7617,2303
060250,2026-03-25,13:55:00,17140,17150,17100,17120,7885,134970000,1900,5985
060250,2026-03-25,14:00:00,17120,17160,17100,17160,3843,65800000,2080,1763
060250,2026-03-25,14:05:00,17160,17160,17130,17160,7523,129020000,2801,4722
060250,2026-03-25,14:10:00,17160,17160,17110,17130,8090,138650000,1076,7014
060250,2026-03-25,14:15:00,17150,17150,17130,17140,2513,43070000,1725,788
060250,2026-03-25,14:20:00,17140,17230,17130,17220,7769,133330000,5319,2450
060250,2026-03-25,14:25:00,17230,17250,17200,17230,8699,149810000,2586,6113
060250,2026-03-25,14:30:00,17220,17220,17140,17190,4889,84000000,1058,3831
060250,2026-03-25,14:35:00,17180,17190,17120,17140,8757,150100000,1108,7649
060250,2026-03-25,14:40:00,17140,17185,17120,17160,4821,82670000,1768,3053
060250,2026-03-25,14:45:00,17150,17210,17110,17190,12510,214580000,4666,7844
060250,2026-03-25,14:50:00,17190,17190,17120,17130,4962,85110000,1662,3300
060250,2026-03-25,14:55:00,17140,17170,17130,17160,6640,113800000,1668,4972
060250,2026-03-25,15:00:00,17160,17160,17100,17150,8448,144700000,2210,6238
060250,2026-03-25,15:05:00,17150,17180,17140,17160,3625,62220000,1323,2302
060250,2026-03-25,15:10:00,17160,17190,17150,17160,4832,82970000,2598,2234
060250,2026-03-25,15:15:00,17160,17160,17140,17160,5900,101190000,2467,3433
060250,2026-03-25,15:20:00,17150,17240,17130,17200,11013,189210000,6479,4534
060250,2026-03-25,15:30:00,17180,17180,17180,17180,14083,241950000,11357,0
060250,2026-03-26,09:05:00,17160,17160,16500,16830,38830,655670000,18853,19957
060250,2026-03-26,09:10:00,16820,17050,16780,16970,14649,246670000,10507,4142
060250,2026-03-26,09:15:00,16980,17010,16840,16890,7872,133200000,1791,6081
060250,2026-03-26,09:20:00,16860,17030,16860,17030,6432,108890000,5469,963
060250,2026-03-26,09:25:00,17040,17100,16940,16990,6035,102710000,3299,2736
060250,2026-03-26,09:30:00,16960,17020,16940,16970,4325,73410000,2213,2112
060250,2026-03-26,09:35:00,16940,17070,16940,16950,9851,167490000,8678,1173
060250,2026-03-26,09:40:00,16980,17010,16950,17010,2377,40350000,1115,1262
060250,2026-03-26,09:45:00,17000,17000,16930,16930,7419,125800000,829,6590
060250,2026-03-26,09:50:00,16930,16950,16900,16930,5490,92890000,2453,3037
060250,2026-03-26,09:55:00,16930,16990,16900,16930,4457,75500000,1057,3400
060250,2026-03-26,10:00:00,16930,17050,16900,17010,5339,90580000,4596,743
060250,2026-03-26,10:05:00,17020,17050,17020,17050,2122,36160000,981,1141
060250,2026-03-26,10:10:00,17050,17050,16950,16950,4376,74340000,1066,3310
060250,2026-03-26,10:15:00,16980,17000,16940,16950,2028,34390000,277,1751
060250,2026-03-26,10:20:00,16950,16970,16880,16880,5552,93930000,482,5070
060250,2026-03-26,10:25:00,16880,16980,16880,16960,1947,32950000,950,997
060250,2026-03-26,10:30:00,16960,16980,16930,16940,1796,30450000,442,1354
060250,2026-03-26,10:35:00,16940,17000,16930,16990,3567,60510000,2415,1152
060250,2026-03-26,10:40:00,16980,17000,16970,16990,3313,56280000,2678,635
060250,2026-03-26,10:45:00,16990,17020,16980,16990,2433,41350000,2041,392
060250,2026-03-26,10:50:00,17000,17000,16970,16980,2224,37770000,111,2113
060250,2026-03-26,10:55:00,16980,16980,16920,16930,4977,84350000,264,4713
060250,2026-03-26,11:00:00,16930,16960,16860,16910,5447,92060000,1041,4406
060250,2026-03-26,11:05:00,16910,16920,16890,16900,1846,31200000,1148,698
060250,2026-03-26,11:10:00,16900,16920,16860,16860,1645,27760000,481,1164
060250,2026-03-26,11:15:00,16860,16870,16800,16830,7689,129420000,2079,5610
060250,2026-03-26,11:20:00,16830,16840,16770,16810,5985,100530000,1976,4009
060250,2026-03-26,11:25:00,16810,16830,16750,16810,7145,119920000,3463,3682
060250,2026-03-26,11:30:00,16810,16930,16780,16780,3081,51840000,1600,1481
060250,2026-03-26,11:35:00,16780,16780,16700,16750,4819,80660000,560,4259
060250,2026-03-26,11:40:00,16750,16760,16700,16740,4172,69740000,943,3229
060250,2026-03-26,11:45:00,16740,16800,16740,16760,4052,67930000,2371,1681
060250,2026-03-26,11:50:00,16760,16780,16710,16730,2091,35010000,636,1455
060250,2026-03-26,11:55:00,16730,16750,16660,16660,3662,61180000,1307,2355
060250,2026-03-26,12:00:00,16680,16680,16650,16660,1717,28610000,929,788
060250,2026-03-26,12:05:00,16670,16700,16650,16670,3516,58590000,1295,2221
060250,2026-03-26,12:10:00,16680,16690,16640,16660,5317,88580000,2097,3220
060250,2026-03-26,12:15:00,16660,16730,16650,16730,745,12430000,591,154
060250,2026-03-26,12:20:00,16740,16760,16680,16680,2783,46550000,443,2340
060250,2026-03-26,12:25:00,16680,16720,16660,16700,2991,49890000,1458,1533
060250,2026-03-26,12:30:00,16700,16730,16700,16730,2380,39780000,1519,861
060250,2026-03-26,12:35:00,16730,16830,16720,16830,5254,88240000,2585,2669
060250,2026-03-26,12:40:00,16830,16900,16830,16900,1634,27550000,1097,537
060250,2026-03-26,12:45:00,16890,16900,16850,16880,1323,22340000,1006,317
060250,2026-03-26,12:50:00,16880,16900,16830,16830,2496,42100000,581,1915
060250,2026-03-26,12:55:00,16830,16830,16780,16810,1558,26170000,580,978
060250,2026-03-26,13:00:00,16800,16820,16780,16820,951,15970000,87,864
060250,2026-03-26,13:05:00,16810,16870,16800,16820,4193,70540000,3624,569
060250,2026-03-26,13:10:00,16820,16920,16800,16900,3240,54590000,2137,1103
060250,2026-03-26,13:15:00,16880,16920,16870,16910,2391,40370000,1031,1360
060250,2026-03-26,13:20:00,16900,16930,16850,16850,3155,53290000,664,2491
060250,2026-03-26,13:25:00,16850,16910,16850,16880,688,11630000,286,402
060250,2026-03-26,13:30:00,16890,16920,16840,16900,4654,78560000,2696,1958
060250,2026-03-26,13:35:00,16910,16940,16870,16880,2661,45040000,1527,1134
060250,2026-03-26,13:40:00,16880,16890,16860,16860,726,12250000,108,618
060250,2026-03-26,13:45:00,16860,16870,16820,16820,1740,29300000,412,1328
060250,2026-03-26,13:50:00,16830,16890,16830,16840,1985,33440000,1027,958
060250,2026-03-26,13:55:00,16850,16850,16805,16805,2046,34430000,323,1723
060250,2026-03-26,14:00:00,16805,16805,16780,16790,3563,59840000,1038,2525
060250,2026-03-26,14:05:00,16790,16810,16780,16800,807,13550000,518,289
060250,2026-03-26,14:10:00,16800,16800,16780,16790,1123,18860000,421,702
060250,2026-03-26,14:15:00,16785,16785,16740,16750,7422,124360000,513,6909
060250,2026-03-26,14:20:00,16740,16740,16690,16720,4755,79480000,695,4060
060250,2026-03-26,14:25:00,16700,16710,16670,16680,2373,39600000,286,2087
060250,2026-03-26,14:30:00,16680,16690,16660,16670,2769,46170000,443,2326
060250,2026-03-26,14:35:00,16670,16670,16620,16630,8174,136050000,2533,5641
060250,2026-03-26,14:40:00,16630,16670,16630,16655,6139,102230000,4081,2058
060250,2026-03-26,14:45:00,16650,16680,16600,16680,12912,214690000,4118,8794
060250,2026-03-26,14:50:00,16680,16690,16640,16650,8604,143360000,2406,6198
060250,2026-03-26,14:55:00,16660,16670,16610,16640,6220,103470000,1020,5200
060250,2026-03-26,15:00:00,16620,16650,16610,16620,3806,63290000,1838,1968
060250,2026-03-26,15:05:00,16620,16670,16620,16640,2830,47100000,1771,1059
060250,2026-03-26,15:10:00,16660,16660,16610,16640,5933,98670000,1714,4219
060250,2026-03-26,15:15:00,16640,16660,16610,16620,3914,65100000,1409,2505
060250,2026-03-26,15:20:00,16620,16640,16600,16610,7864,130690000,3279,4585
060250,2026-03-26,15:30:00,16610,16610,16610,16610,9900,164430000,9051,0
060250,2026-03-27,09:05:00,16300,16540,16200,16410,26589,433980000,18645,7943
060250,2026-03-27,09:10:00,16390,16450,16370,16380,5900,96750000,2002,3898
060250,2026-03-27,09:15:00,16380,16400,16250,16260,11602,189310000,1788,9814
060250,2026-03-27,09:20:00,16260,16260,16160,16200,20671,334590000,11323,9348
060250,2026-03-27,09:25:00,16200,16340,16190,16210,3777,61320000,1985,1792
060250,2026-03-27,09:30:00,16210,16330,16180,16300,3231,52470000,891,2340
060250,2026-03-27,09:35:00,16300,16340,16260,16260,3482,56760000,2578,904
060250,2026-03-27,09:40:00,16260,16290,16210,16290,14641,237760000,9689,4952
060250,2026-03-27,09:45:00,16290,16360,16290,16310,3021,49350000,2750,271
060250,2026-03-27,09:50:00,16310,16350,16240,16310,12808,208280000,10315,2493
060250,2026-03-27,09:55:00,16310,16310,16270,16290,2590,42180000,1787,803
060250,2026-03-27,10:00:00,16290,16420,16280,16380,9071,148410000,7072,1999
060250,2026-03-27,10:05:00,16380,16640,16370,16590,9251,152970000,8424,827
060250,2026-03-27,10:10:00,16590,16680,16560,16680,10025,166600000,5213,4812
060250,2026-03-27,10:15:00,16680,16810,16620,16780,9405,157600000,5842,3563
060250,2026-03-27,10:20:00,16770,16930,16750,16860,15870,267510000,8393,7477
060250,2026-03-27,10:25:00,16860,16910,16790,16870,11245,189250000,2987,8258
060250,2026-03-27,10:30:00,16870,16870,16750,16750,6253,104980000,1263,4990
060250,2026-03-27,10:35:00,16760,16880,16730,16830,25633,429700000,19475,6158
060250,2026-03-27,10:40:00,16850,16890,16810,16830,4688,79010000,1422,3266
060250,2026-03-27,10:45:00,16840,16930,16840,16920,6130,103610000,4201,1929
060250,2026-03-27,10:50:00,16880,16910,16820,16830,6169,104010000,1496,4673
060250,2026-03-27,10:55:00,16830,16890,16790,16830,2512,42270000,1358,1154
060250,2026-03-27,11:00:00,16820,16890,16820,16860,2247,37880000,1203,1044
060250,2026-03-27,11:05:00,16860,16930,16860,16910,4645,78540000,3614,1031
060250,2026-03-27,11:10:00,16900,16900,16790,16790,10784,181450000,3672,7112
060250,2026-03-27,11:15:00,16790,16900,16740,16770,3861,64810000,2262,1599
060250,2026-03-27,11:20:00,16770,16820,16710,16740,6958,116500000,1439,5519
060250,2026-03-27,11:25:00,16740,16810,16680,16700,5209,87150000,1995,3214
060250,2026-03-27,11:30:00,16700,16770,16700,16730,3347,56030000,815,2532
060250,2026-03-27,11:35:00,16730,16750,16710,16750,909,15200000,636,273
060250,2026-03-27,11:40:00,16790,16850,16750,16770,2490,41780000,1367,1123
060250,2026-03-27,11:45:00,16770,16850,16750,16850,2176,36530000,941,1235
060250,2026-03-27,11:50:00,16850,16860,16740,16780,6877,115560000,1034,5843
060250,2026-03-27,11:55:00,16750,16870,16750,16850,2688,45200000,2498,190
060250,2026-03-27,12:00:00,16850,16880,16830,16840,1912,32220000,817,1095
060250,2026-03-27,12:05:00,16850,16870,16840,16860,5072,85480000,1362,3710
060250,2026-03-27,12:10:00,16860,16900,16850,16860,5650,95360000,2436,3214
060250,2026-03-27,12:15:00,16860,16910,16860,16870,8393,141680000,2980,5413
060250,2026-03-27,12:20:00,16870,16910,16870,16910,2512,42430000,1546,966
060250,2026-03-27,12:25:00,16910,16950,16910,16910,3645,61730000,1830,1815
060250,2026-03-27,12:30:00,16920,16990,16890,16980,9947,168460000,7209,2738
060250,2026-03-27,12:35:00,16960,17070,16950,17070,5152,87620000,3779,1373
060250,2026-03-27,12:40:00,17070,17080,17000,17040,6150,104760000,2497,3653
060250,2026-03-27,12:45:00,17040,17040,16990,16990,7021,119500000,2760,4261
060250,2026-03-27,12:50:00,16990,17030,16950,17000,2704,45930000,1491,1213
060250,2026-03-27,12:55:00,17000,17010,16960,16980,3362,57100000,1210,2152
060250,2026-03-27,13:00:00,16980,17020,16960,16970,4608,78240000,3283,1325
060250,2026-03-27,13:05:00,16960,16990,16950,16950,2766,46910000,1381,1385
060250,2026-03-27,13:10:00,16950,17020,16940,16990,3297,55960000,772,2525
060250,2026-03-27,13:15:00,16990,17010,16960,17000,3137,53280000,1661,1476
060250,2026-03-27,13:20:00,17000,17030,16960,16980,2133,36270000,1212,921
060250,2026-03-27,13:25:00,17000,17050,17000,17010,1397,23780000,566,831
060250,2026-03-27,13:30:00,17000,17040,16980,17020,2130,36240000,1028,1102
060250,2026-03-27,13:35:00,17020,17060,17000,17030,2145,36550000,1779,366
060250,2026-03-27,13:40:00,17040,17090,17020,17090,4716,80440000,3474,1242
060250,2026-03-27,13:45:00,17070,17090,17050,17080,3912,66760000,1983,1929
060250,2026-03-27,13:50:00,17090,17150,17080,17110,6497,111230000,3487,3010
060250,2026-03-27,13:55:00,17090,17150,17080,17130,4548,77880000,2479,2069
060250,2026-03-27,14:00:00,17130,17220,17100,17180,6434,110380000,4756,1678
060250,2026-03-27,14:05:00,17180,17210,17170,17180,4047,69550000,1707,2340
060250,2026-03-27,14:10:00,17180,17200,17160,17180,2097,36040000,920,1177
060250,2026-03-27,14:15:00,17180,17220,17170,17210,5653,97170000,4241,1412
060250,2026-03-27,14:20:00,17210,17210,17160,17190,3277,56340000,1145,2132
060250,2026-03-27,14:25:00,17170,17200,17110,17130,8284,142020000,3242,5042
060250,2026-03-27,14:30:00,17170,17180,17120,17140,4860,83290000,2436,2424
060250,2026-03-27,14:35:00,17140,17150,17030,17090,8060,137740000,2566,5494
060250,2026-03-27,14:40:00,17090,17140,17050,17110,3242,55380000,1991,1251
060250,2026-03-27,14:45:00,17110,17140,17070,17100,1799,30760000,648,1151
060250,2026-03-27,14:50:00,17100,17110,17060,17100,4813,82200000,2840,1973
060250,2026-03-27,14:55:00,17090,17100,17050,17050,2226,38010000,481,1745
060250,2026-03-27,15:00:00,17090,17090,17050,17070,3111,53090000,761,2350
060250,2026-03-27,15:05:00,17070,17090,17030,17070,3090,52710000,1236,1854
060250,2026-03-27,15:10:00,17070,17080,17010,17035,3711,63240000,1513,2198
060250,2026-03-27,15:15:00,17035,17080,17030,17080,5437,92730000,2655,2782
060250,2026-03-27,15:20:00,17080,17110,17040,17110,7995,136580000,4554,3441
060250,2026-03-27,15:30:00,17050,17050,17050,17050,7681,130960000,6402,0
060250,2026-03-30,09:05:00,16060,16480,16020,16120,27752,446940000,15956,11796
060250,2026-03-30,09:10:00,16070,16230,16070,16190,8162,131940000,5786,2376
060250,2026-03-30,09:15:00,16190,16300,16120,16180,5619,91140000,2196,3423
060250,2026-03-30,09:20:00,16180,16240,16100,16220,3833,61970000,1838,1995
060250,2026-03-30,09:25:00,16230,16340,16210,16300,6959,113390000,5754,1205
060250,2026-03-30,09:30:00,16300,16380,16300,16320,8791,143500000,5405,3386
060250,2026-03-30,09:35:00,16300,16380,16300,16360,5018,81920000,2844,2174
060250,2026-03-30,09:40:00,16350,16350,16200,16210,8938,145130000,239,8699
060250,2026-03-30,09:45:00,16220,16270,16170,16270,5188,84140000,1972,3216
060250,2026-03-30,09:50:00,16250,16270,16180,16180,4065,65820000,1261,2804
060250,2026-03-30,09:55:00,16230,16230,16170,16190,3528,57100000,2056,1472
060250,2026-03-30,10:00:00,16190,16250,16170,16200,1772,28680000,491,1281
060250,2026-03-30,10:05:00,16200,16260,16200,16230,4080,66280000,2532,1548
060250,2026-03-30,10:10:00,16230,16260,16200,16260,9177,148840000,5086,4091
060250,2026-03-30,10:15:00,16260,16260,16180,16190,3124,50720000,1192,1932
060250,2026-03-30,10:20:00,16190,16210,16160,16160,3400,55030000,448,2952
060250,2026-03-30,10:25:00,16160,16210,16160,16170,4060,65680000,902,3158
060250,2026-03-30,10:30:00,16160,16200,16100,16130,10378,167400000,1262,9116
060250,2026-03-30,10:35:00,16130,16270,16110,16270,6890,111700000,6566,324
060250,2026-03-30,10:40:00,16280,16300,16170,16230,2171,35320000,543,1628
060250,2026-03-30,10:45:00,16240,16340,16240,16320,2304,37460000,2083,221
060250,2026-03-30,10:50:00,16320,16330,16290,16300,7407,120830000,5560,1847
060250,2026-03-30,10:55:00,16300,16310,16280,16290,1519,24740000,521,998
060250,2026-03-30,11:00:00,16280,16290,16230,16250,4843,78700000,3003,1840
060250,2026-03-30,11:05:00,16240,16270,16230,16230,3428,55660000,947,2481
060250,2026-03-30,11:10:00,16230,16260,16220,16240,2113,34300000,1529,584
060250,2026-03-30,11:15:00,16250,16250,16230,16240,799,12980000,268,531
060250,2026-03-30,11:20:00,16250,16260,16200,16210,2073,33620000,693,1380
060250,2026-03-30,11:25:00,16210,16220,16200,16200,622,10090000,377,245
060250,2026-03-30,11:30:00,16200,16200,16170,16190,1040,16830000,292,748
060250,2026-03-30,11:35:00,16190,16200,16150,16160,2811,45490000,1739,1072
060250,2026-03-30,11:40:00,16180,16180,16160,16170,1531,24750000,718,813
060250,2026-03-30,11:45:00,16180,16260,16180,16240,2129,34500000,1954,175
060250,2026-03-30,11:50:00,16240,16300,16240,16290,2835,46100000,2304,531
060250,2026-03-30,11:55:00,16270,16290,16270,16270,820,13340000,384,436
060250,2026-03-30,12:00:00,16270,16330,16260,16320,2690,43810000,2285,405
060250,2026-03-30,12:05:00,16320,16320,16280,16290,3018,49200000,1016,2002
060250,2026-03-30,12:10:00,16280,16350,16280,16340,1280,20880000,1162,118
060250,2026-03-30,12:15:00,16330,16390,16320,16360,4058,66390000,2826,1232
060250,2026-03-30,12:20:00,16360,16490,16360,16450,3119,51230000,1761,1358
060250,2026-03-30,12:25:00,16445,16480,16400,16470,1456,23930000,292,1164
060250,2026-03-30,12:30:00,16460,16470,16340,16380,3981,65360000,329,3652
060250,2026-03-30,12:35:00,16360,16420,16340,16390,858,14060000,708,150
060250,2026-03-30,12:40:00,16400,16430,16340,16400,1307,21410000,333,974
060250,2026-03-30,12:45:00,16400,16420,16390,16420,540,8860000,434,106
060250,2026-03-30,12:50:00,16420,16430,16380,16420,1615,26490000,521,1094
060250,2026-03-30,12:55:00,16420,16420,16350,16350,1194,19570000,207,987
060250,2026-03-30,13:00:00,16350,16490,16340,16400,3314,54420000,2484,830
060250,2026-03-30,13:05:00,16380,16400,16280,16320,2362,38570000,465,1897
060250,2026-03-30,13:10:00,16330,16390,16320,16330,1227,20070000,582,645
060250,2026-03-30,13:15:00,16330,16340,16270,16280,2955,48170000,288,2667
060250,2026-03-30,13:20:00,16310,16310,16260,16260,1543,25110000,340,1203
060250,2026-03-30,13:25:00,16270,16300,16270,16280,1631,26560000,1343,288
060250,2026-03-30,13:30:00,16290,16340,16290,16300,2008,32770000,1023,985
060250,2026-03-30,13:35:00,16310,16340,16310,16340,445,7260000,273,172
060250,2026-03-30,13:40:00,16330,16330,16290,16290,1106,18040000,195,911
060250,2026-03-30,13:45:00,16290,16320,16270,16280,3342,54420000,1095,2247
060250,2026-03-30,13:50:00,16270,16290,16240,16260,3343,54370000,563,2780
060250,2026-03-30,13:55:00,16260,16290,16260,16290,386,6280000,239,147
060250,2026-03-30,14:00:00,16300,16340,16290,16340,2454,40030000,1374,1080
060250,2026-03-30,14:05:00,16350,16390,16290,16300,2359,38550000,666,1693
060250,2026-03-30,14:10:00,16300,16330,16270,16300,1895,30890000,1059,836
060250,2026-03-30,14:15:00,16300,16350,16300,16310,3711,60550000,2061,1650
060250,2026-03-30,14:20:00,16310,16350,16250,16330,4757,77620000,854,3903
060250,2026-03-30,14:25:00,16300,16340,16260,16290,1024,16690000,341,683
060250,2026-03-30,14:30:00,16290,16370,16265,16280,4217,68790000,1908,2309
060250,2026-03-30,14:35:00,16280,16320,16280,16320,3727,60740000,1351,2376
060250,2026-03-30,14:40:00,16320,16340,16300,16320,3666,59850000,1363,2303
060250,2026-03-30,14:45:00,16320,16330,16280,16290,5285,86150000,763,4522
060250,2026-03-30,14:50:00,16280,16290,16250,16270,3755,61080000,1147,2608
060250,2026-03-30,14:55:00,16260,16300,16250,16270,1247,20280000,709,538
060250,2026-03-30,15:00:00,16260,16270,16250,16260,4096,66590000,740,3356
060250,2026-03-30,15:05:00,16260,16310,16240,16280,2122,34510000,856,1266
060250,2026-03-30,15:10:00,16280,16320,16270,16280,2251,36660000,195,2056
060250,2026-03-30,15:15:00,16260,16270,16230,16240,3774,61340000,1231,2543
060250,2026-03-30,15:20:00,16240,16310,16210,16240,5521,89650000,2466,3055
060250,2026-03-30,15:30:00,16310,16310,16310,16310,5343,87130000,5118,0
060250,2026-03-31,09:05:00,16060,16200,16050,16190,18171,292530000,12012,6159
060250,2026-03-31,09:10:00,16190,16220,16030,16050,10469,168270000,1742,8727
060250,2026-03-31,09:15:00,16050,16060,15960,16050,21292,340960000,9901,11391
060250,2026-03-31,09:20:00,16040,16080,15930,16030,8252,132020000,2033,6219
060250,2026-03-31,09:25:00,16040,16060,15810,15940,20031,318640000,6406,13625
060250,2026-03-31,09:30:00,15910,15940,15830,15900,4255,67570000,2360,1895
060250,2026-03-31,09:35:00,15900,15910,15700,15760,10457,165230000,2146,8311
060250,2026-03-31,09:40:00,15760,15870,15730,15830,3509,55400000,2428,1081
060250,2026-03-31,09:45:00,15820,15950,15790,15950,5284,83830000,3560,1724
060250,2026-03-31,09:50:00,15910,16110,15870,16090,11397,182850000,8261,3136
060250,2026-03-31,09:55:00,16100,16100,15940,15950,3062,49050000,1901,1161
060250,2026-03-31,10:00:00,15950,16020,15880,15980,3211,51110000,2018,1193
060250,2026-03-31,10:05:00,15980,16000,15890,15890,5300,84540000,2387,2913
060250,2026-03-31,10:10:00,15880,15880,15790,15830,4504,71260000,337,4167
060250,2026-03-31,10:15:00,15840,15900,15810,15820,3686,58380000,2140,1546
060250,2026-03-31,10:20:00,15830,15920,15790,15800,4342,68720000,1579,2763
060250,2026-03-31,10:25:00,15830,15920,15830,15870,2007,31860000,651,1356
060250,2026-03-31,10:30:00,15870,15960,15860,15920,1281,20340000,369,912
060250,2026-03-31,10:35:00,15910,15990,15870,15950,3818,60790000,3043,775
060250,2026-03-31,10:40:00,15950,16000,15880,15910,2325,37070000,948,1377
060250,2026-03-31,10:45:00,15910,15980,15860,15980,6393,101650000,2651,3742
060250,2026-03-31,10:50:00,15950,15980,15890,15930,1901,30310000,531,1370
060250,2026-03-31,10:55:00,15930,16050,15920,16050,3072,49070000,2624,448
060250,2026-03-31,11:00:00,16030,16030,15930,15960,2095,33460000,787,1308
060250,2026-03-31,11:05:00,15950,15980,15900,15920,2102,33480000,668,1434
060250,2026-03-31,11:10:00,15920,15980,15900,15900,3743,59630000,2440,1303
060250,2026-03-31,11:15:00,15920,15960,15890,15960,2436,38790000,1308,1128
060250,2026-03-31,11:20:00,15960,16020,15940,16000,3459,55220000,1108,2351
060250,2026-03-31,11:25:00,16000,16030,15960,16000,2507,40080000,925,1582
060250,2026-03-31,11:30:00,15980,16030,15960,16010,1972,31540000,1603,369
060250,2026-03-31,11:35:00,16000,16020,15970,16000,2873,45950000,1506,1367
060250,2026-03-31,11:40:00,16000,16020,15990,16010,1871,29950000,1147,724
060250,2026-03-31,11:45:00,16010,16020,15970,15990,1246,19930000,390,856
060250,2026-03-31,11:50:00,15990,16010,15950,15980,2206,35230000,1121,1085
060250,2026-03-31,11:55:00,15980,16060,15970,16050,4380,70190000,3706,674
060250,2026-03-31,12:00:00,16050,16050,16010,16040,1459,23400000,1034,425
060250,2026-03-31,12:05:00,16030,16040,16020,16040,3010,48260000,2455,555
060250,2026-03-31,12:10:00,16040,16090,16030,16090,2942,47240000,2160,782
060250,2026-03-31,12:15:00,16090,16120,16070,16120,1756,28270000,742,1014
060250,2026-03-31,12:20:00,16120,16130,16030,16070,2175,34970000,788,1387
060250,2026-03-31,12:25:00,16070,16070,16040,16040,1183,18990000,309,874
060250,2026-03-31,12:30:00,16050,16080,16040,16050,1874,30070000,1194,680
060250,2026-03-31,12:35:00,16050,16050,15990,16050,2555,40920000,497,2058
060250,2026-03-31,12:40:00,16000,16040,15990,16030,4320,69110000,544,3776
060250,2026-03-31,12:45:00,16030,16040,15950,15950,3589,57400000,369,3220
060250,2026-03-31,12:50:00,15960,15980,15940,15960,1409,22480000,498,911
060250,2026-03-31,12:55:00,15950,16030,15950,16010,1542,24650000,713,829
060250,2026-03-31,13:00:00,15980,16020,15970,15980,1974,31550000,552,1422
060250,2026-03-31,13:05:00,15980,16040,15960,16020,2985,47760000,1749,1236
060250,2026-03-31,13:10:00,16010,16020,15960,15980,3280,52400000,807,2473
060250,2026-03-31,13:15:00,15970,15980,15880,15880,4479,71330000,739,3740
060250,2026-03-31,13:20:00,15880,15900,15800,15890,10913,172870000,2693,8220
060250,2026-03-31,13:25:00,15900,15900,15830,15850,2161,34290000,1429,732
060250,2026-03-31,13:30:00,15840,15860,15720,15850,6281,99250000,1266,5015
060250,2026-03-31,13:35:00,15850,15960,15830,15950,3800,60280000,2315,1485
060250,2026-03-31,13:40:00,15890,15950,15880,15880,1644,26140000,483,1161
060250,2026-03-31,13:45:00,15890,15920,15840,15870,3135,49750000,1896,1239
060250,2026-03-31,13:50:00,15880,15910,15870,15890,1851,29410000,990,861
060250,2026-03-31,13:55:00,15880,15880,15800,15850,2275,36060000,975,1300
060250,2026-03-31,14:00:00,15850,15850,15760,15770,4771,75370000,2055,2716
060250,2026-03-31,14:05:00,15770,15830,15760,15800,4625,73080000,3726,899
060250,2026-03-31,14:10:00,15800,15810,15750,15770,3719,58660000,1294,2425
060250,2026-03-31,14:15:00,15770,15780,15730,15750,5805,91480000,1407,4398
060250,2026-03-31,14:20:00,15750,15750,15700,15710,11342,178150000,1962,9380
060250,2026-03-31,14:25:00,15700,15740,15680,15720,6138,96400000,3013,3125
060250,2026-03-31,14:30:00,15710,15810,15710,15750,4174,65780000,1552,2622
060250,2026-03-31,14:35:00,15760,15770,15700,15720,4725,74270000,1853,2872
060250,2026-03-31,14:40:00,15700,15730,15690,15720,6855,107660000,4674,2181
060250,2026-03-31,14:45:00,15710,15770,15700,15760,4728,74300000,3403,1325
060250,2026-03-31,14:50:00,15760,15800,15730,15780,4500,70960000,3137,1363
060250,2026-03-31,14:55:00,15770,15810,15760,15760,2456,38730000,1058,1398
060250,2026-03-31,15:00:00,15760,15770,15720,15730,4771,75120000,2118,2653
060250,2026-03-31,15:05:00,15730,15760,15650,15670,13752,215840000,2301,11451
060250,2026-03-31,15:10:00,15660,15670,15600,15630,15254,238200000,4527,10727
060250,2026-03-31,15:15:00,15630,15630,15550,15580,16912,263660000,5251,11661
060250,2026-03-31,15:20:00,15570,15750,15560,15700,11807,184220000,6168,5639
060250,2026-03-31,15:30:00,15680,15680,15680,15680,18459,289430000,16975,0
060250,2026-04-01,09:05:00,16080,16340,16010,16010,33602,541970000,19404,14198
060250,2026-04-01,09:10:00,16010,16130,15950,16130,11459,183810000,6490,4969
060250,2026-04-01,09:15:00,16120,16130,16040,16110,8981,144460000,7155,1826
060250,2026-04-01,09:20:00,16100,16110,16050,16080,4293,68990000,1809,2484
060250,2026-04-01,09:25:00,16090,16100,16030,16100,2669,42880000,1570,1099
060250,2026-04-01,09:30:00,16100,16160,16040,16150,13834,222890000,11214,2620
060250,2026-04-01,09:35:00,16160,16270,16160,16260,7470,121160000,5933,1537
060250,2026-04-01,09:40:00,16260,16270,16210,16250,3911,63530000,1041,2870
060250,2026-04-01,09:45:00,16240,16300,16240,16300,7306,118880000,5266,2040
060250,2026-04-01,09:50:00,16300,16320,16270,16320,8489,138400000,4904,3585
060250,2026-04-01,09:55:00,16330,16330,16280,16310,6577,107210000,3084,3493
060250,2026-04-01,10:00:00,16320,16330,16250,16320,7596,123840000,2867,4729
060250,2026-04-01,10:05:00,16320,16400,16310,16320,7836,128170000,4936,2900
060250,2026-04-01,10:10:00,16320,16350,16210,16260,9614,156650000,1850,7764
060250,2026-04-01,10:15:00,16290,16330,16270,16330,2612,42580000,602,2010
060250,2026-04-01,10:20:00,16320,16360,16290,16360,3021,49310000,1623,1398
060250,2026-04-01,10:25:00,16350,16410,16350,16400,3128,51260000,2129,999
060250,2026-04-01,10:30:00,16390,16400,16360,16360,2089,34220000,773,1316
060250,2026-04-01,10:35:00,16380,16390,16350,16360,2184,35750000,1047,1137
060250,2026-04-01,10:40:00,16360,16390,16330,16330,1702,27830000,593,1109
060250,2026-04-01,10:45:00,16350,16360,16300,16300,2218,36220000,733,1485
060250,2026-04-01,10:50:00,16300,16320,16280,16320,2290,37330000,1159,1131
060250,2026-04-01,10:55:00,16320,16370,16320,16350,1375,22470000,1196,179
060250,2026-04-01,11:00:00,16350,16370,16290,16300,1551,25290000,357,1194
060250,2026-04-01,11:05:00,16300,16330,16300,16305,1285,20950000,393,892
060250,2026-04-01,11:10:00,16305,16305,16275,16290,2766,45060000,1223,1543
060250,2026-04-01,11:15:00,16290,16320,16290,16300,3483,56800000,2584,899
060250,2026-04-01,11:20:00,16300,16300,16240,16300,6019,97860000,1455,4564
060250,2026-04-01,11:25:00,16300,16310,16270,16310,1332,21700000,807,525
060250,2026-04-01,11:30:00,16310,16330,16280,16330,2017,32870000,1501,516
060250,2026-04-01,11:35:00,16310,16360,16280,16280,2148,35060000,1437,711
060250,2026-04-01,11:40:00,16290,16340,16280,16320,2202,35930000,1336,866
060250,2026-04-01,11:45:00,16320,16330,16300,16320,1188,19390000,730,458
060250,2026-04-01,11:50:00,16330,16370,16310,16360,4009,65550000,2489,1520
060250,2026-04-01,11:55:00,16360,16370,16310,16330,2567,41940000,813,1754
060250,2026-04-01,12:00:00,16330,16350,16220,16240,4433,72200000,309,4124
060250,2026-04-01,12:05:00,16250,16300,16220,16260,4545,73790000,909,3636
060250,2026-04-01,12:10:00,16260,16260,16200,16220,3128,50700000,383,2745
060250,2026-04-01,12:15:00,16220,16250,16220,16240,1447,23480000,688,759
060250,2026-04-01,12:20:00,16220,16220,16200,16220,1400,22700000,505,895
060250,2026-04-01,12:25:00,16220,16290,16220,16290,627,10190000,374,253
060250,2026-04-01,12:30:00,16290,16340,16280,16290,3202,52180000,2560,642
060250,2026-04-01,12:35:00,16300,16340,16280,16280,2066,33680000,676,1390
060250,2026-04-01,12:40:00,16290,16290,16250,16290,1661,27020000,308,1353
060250,2026-04-01,12:45:00,16300,16320,16280,16290,461,7520000,245,216
060250,2026-04-01,12:50:00,16280,16280,16270,16280,1820,29620000,752,1068
060250,2026-04-01,12:55:00,16280,16300,16260,16300,1594,25940000,734,860
060250,2026-04-01,13:00:00,16280,16280,16250,16260,2262,36780000,1061,1201
060250,2026-04-01,13:05:00,16260,16300,16250,16260,1265,20580000,572,693
060250,2026-04-01,13:10:00,16270,16280,16260,16260,1500,24400000,542,958
060250,2026-04-01,13:15:00,16260,16260,16240,16250,3436,55840000,1078,2358
060250,2026-04-01,13:20:00,16250,16260,16230,16230,1894,30760000,378,1516
060250,2026-04-01,13:25:00,16230,16245,16230,16230,3750,60870000,2250,1500
060250,2026-04-01,13:30:00,16240,16250,16230,16240,1169,18980000,501,668
060250,2026-04-01,13:35:00,16240,16290,16170,16240,7051,114380000,1465,5586
060250,2026-04-01,13:40:00,16230,16260,16230,16260,6151,99890000,5510,641
060250,2026-04-01,13:45:00,16260,16290,16230,16240,2791,45400000,482,2309
060250,2026-04-01,13:50:00,16250,16280,16240,16270,2714,44120000,2333,381
060250,2026-04-01,13:55:00,16270,16290,16260,16280,5928,96490000,5160,768
060250,2026-04-01,14:00:00,16280,16290,16265,16280,3806,61950000,902,2904
060250,2026-04-01,14:05:00,16280,16300,16280,16290,4250,69200000,3537,713
060250,2026-04-01,14:10:00,16290,16330,16280,16320,1681,27420000,921,760
060250,2026-04-01,14:15:00,16320,16340,16290,16320,6240,101790000,3849,2391
060250,2026-04-01,14:20:00,16320,16340,16300,16330,1133,18490000,635,498
060250,2026-04-01,14:25:00,16330,16330,16300,16300,740,12070000,251,489
060250,2026-04-01,14:30:00,16320,16340,16300,16330,2365,38600000,408,1957
060250,2026-04-01,14:35:00,16330,16380,16330,16370,4478,73270000,3956,522
060250,2026-04-01,14:40:00,16370,16410,16360,16410,9500,155680000,8624,876
060250,2026-04-01,14:45:00,16410,16420,16390,16410,4536,74440000,3154,1382
060250,2026-04-01,14:50:00,16410,16440,16400,16430,5785,94960000,3551,2234
060250,2026-04-01,14:55:00,16430,16470,16400,16450,5037,82820000,3386,1651
060250,2026-04-01,15:00:00,16440,16440,16340,16370,7384,121060000,1701,5683
060250,2026-04-01,15:05:00,16370,16410,16370,16390,2777,45500000,1037,1740
060250,2026-04-01,15:10:00,16390,16410,16360,16390,3000,49140000,992,2008
060250,2026-04-01,15:15:00,16390,16450,16380,16390,5273,86540000,2319,2954
060250,2026-04-01,15:20:00,16390,16410,16340,16360,6109,99980000,2310,3799
060250,2026-04-01,15:30:00,16360,16360,16360,16360,9135,149450000,6982,0
060250,2026-04-02,09:05:00,16480,16550,16350,16400,28453,468110000,8759,19694
060250,2026-04-02,09:10:00,16400,16400,16300,16310,12131,198290000,2413,9718
060250,2026-04-02,09:15:00,16360,16400,16280,16310,9537,155760000,3103,6434
060250,2026-04-02,09:20:00,16320,16410,16300,16360,2936,47950000,1051,1885
060250,2026-04-02,09:25:00,16360,16400,16300,16300,5029,82200000,1101,3928
060250,2026-04-02,09:30:00,16300,16320,16250,16250,4848,78980000,855,3993
060250,2026-04-02,09:35:00,16250,16290,16230,16230,7681,124770000,567,7114
060250,2026-04-02,09:40:00,16250,16250,16180,16200,5584,90510000,666,4918
060250,2026-04-02,09:45:00,16190,16220,16150,16190,12488,201990000,8635,3853
060250,2026-04-02,09:50:00,16200,16220,16180,16210,4417,71560000,4067,350
060250,2026-04-02,09:55:00,16210,16230,16180,16210,2513,40680000,481,2032
060250,2026-04-02,10:00:00,16210,16350,16210,16340,8364,135980000,7729,635
060250,2026-04-02,10:05:00,16340,16350,16150,16150,8456,137180000,1088,7368
060250,2026-04-02,10:10:00,16150,16200,16070,16200,10977,176930000,4244,6733
060250,2026-04-02,10:15:00,16190,16240,16120,16180,4190,67780000,3965,225
060250,2026-04-02,10:20:00,16180,16240,15990,16000,14465,232120000,1242,13223
060250,2026-04-02,10:25:00,16000,16020,15710,15830,16751,266380000,5250,11501
060250,2026-04-02,10:30:00,15840,15880,15710,15870,14204,224370000,6955,7249
060250,2026-04-02,10:35:00,15800,15860,15560,15620,21278,333620000,8238,13040
060250,2026-04-02,10:40:00,15630,15750,15550,15690,6553,102750000,1977,4576
060250,2026-04-02,10:45:00,15690,15720,15610,15620,6931,108490000,2299,4632
060250,2026-04-02,10:50:00,15620,15730,15510,15720,13612,211960000,5408,8204
060250,2026-04-02,10:55:00,15720,15760,15600,15610,6905,108360000,3833,3072
060250,2026-04-02,11:00:00,15620,15730,15610,15680,11790,184650000,10657,1133
060250,2026-04-02,11:05:00,15680,15680,15520,15530,7615,118660000,1489,6126
060250,2026-04-02,11:10:00,15550,15670,15530,15590,8429,131440000,5496,2933
060250,2026-04-02,11:15:00,15570,15600,15510,15530,7597,118080000,981,6616
060250,2026-04-02,11:20:00,15530,15600,15500,15550,7420,115160000,2604,4816
060250,2026-04-02,11:25:00,15560,15590,15480,15530,6939,107590000,878,6061
060250,2026-04-02,11:30:00,15530,15530,15390,15390,10023,154730000,1809,8214
060250,2026-04-02,11:35:00,15400,15460,15390,15420,3614,55700000,2201,1413
060250,2026-04-02,11:40:00,15420,15420,15360,15360,7761,119440000,2183,5578
060250,2026-04-02,11:45:00,15370,15420,15350,15420,4158,63870000,3122,1036
060250,2026-04-02,11:50:00,15380,15430,15380,15420,1673,25790000,364,1309
060250,2026-04-02,11:55:00,15420,15540,15410,15540,5348,82670000,4477,871
060250,2026-04-02,12:00:00,15470,15540,15450,15450,3412,52880000,1952,1460
060250,2026-04-02,12:05:00,15480,15480,15390,15420,3345,51560000,797,2548
060250,2026-04-02,12:10:00,15420,15440,15350,15410,5594,86000000,1834,3760
060250,2026-04-02,12:15:00,15410,15410,15320,15360,4597,70570000,1513,3084
060250,2026-04-02,12:20:00,15360,15430,15360,15430,799,12300000,229,570
060250,2026-04-02,12:25:00,15390,15440,15380,15440,1947,30020000,1437,510
060250,2026-04-02,12:30:00,15450,15480,15410,15440,866,13370000,209,657
060250,2026-04-02,12:35:00,15440,15440,15400,15410,1962,30240000,227,1735
060250,2026-04-02,12:40:00,15430,15430,15350,15390,1635,25140000,381,1254
060250,2026-04-02,12:45:00,15390,15390,15340,15370,2180,33530000,1302,878
060250,2026-04-02,12:50:00,15390,15390,15330,15330,4224,64810000,1319,2905
060250,2026-04-02,12:55:00,15320,15330,15310,15320,3135,48040000,1230,1905
060250,2026-04-02,13:00:00,15310,15320,15300,15310,9006,137840000,2307,6699
060250,2026-04-02,13:05:00,15310,15380,15310,15340,8874,135930000,6921,1953
060250,2026-04-02,13:10:00,15340,15360,15300,15330,2174,33280000,627,1547
060250,2026-04-02,13:15:00,15340,15410,15330,15400,1198,18420000,694,504
060250,2026-04-02,13:20:00,15390,15450,15360,15390,3016,46450000,2149,867
060250,2026-04-02,13:25:00,15390,15390,15350,15350,1085,16680000,498,587
060250,2026-04-02,13:30:00,15350,15400,15350,15390,1395,21420000,1057,338
060250,2026-04-02,13:35:00,15390,15420,15380,15410,2223,34220000,596,1627
060250,2026-04-02,13:40:00,15410,15430,15350,15360,3255,50030000,663,2592
060250,2026-04-02,13:45:00,15360,15360,15330,15360,2173,33340000,794,1379
060250,2026-04-02,13:50:00,15350,15370,15340,15370,1787,27440000,806,981
060250,2026-04-02,13:55:00,15370,15380,15340,15350,3305,50780000,1451,1854
060250,2026-04-02,14:00:00,15350,15400,15340,15360,5764,88570000,4143,1621
060250,2026-04-02,14:05:00,15370,15400,15330,15350,4157,63840000,678,3479
060250,2026-04-02,14:10:00,15350,15360,15330,15350,2389,36680000,743,1646
060250,2026-04-02,14:15:00,15350,15360,15250,15290,16594,253820000,1281,15313
060250,2026-04-02,14:20:00,15300,15310,15290,15290,3320,50800000,1637,1683
060250,2026-04-02,14:25:00,15290,15350,15250,15350,7769,118760000,3919,3850
060250,2026-04-02,14:30:00,15350,15360,15270,15340,2460,37730000,870,1590
060250,2026-04-02,14:35:00,15340,15340,15270,15320,4434,67870000,1679,2755
060250,2026-04-02,14:40:00,15320,15330,15250,15280,5195,79380000,1365,3830
060250,2026-04-02,14:45:00,15280,15300,15230,15250,4541,69260000,961,3580
060250,2026-04-02,14:50:00,15240,15250,15180,15220,12381,188420000,5416,6965
060250,2026-04-02,14:55:00,15220,15220,15100,15180,9354,141770000,1986,7368
060250,2026-04-02,15:00:00,15150,15190,15130,15160,6442,97620000,3447,2995
060250,2026-04-02,15:05:00,15160,15160,15100,15140,7434,112430000,2089,5345
060250,2026-04-02,15:10:00,15140,15230,15100,15180,19755,299730000,14180,5575
060250,2026-04-02,15:15:00,15170,15260,15150,15200,11762,178640000,7306,4456
060250,2026-04-02,15:20:00,15200,15270,15150,15220,25850,392570000,18452,7398
060250,2026-04-02,15:30:00,15390,15390,15390,15390,10197,156930000,9782,0
060250,2026-04-03,09:05:00,15620,15800,15620,15730,20839,327610000,15679,5160
060250,2026-04-03,09:10:00,15720,15870,15710,15770,9096,143610000,5783,3313
060250,2026-04-03,09:15:00,15770,15770,15610,15690,6852,107550000,1768,5084
060250,2026-04-03,09:20:00,15690,15720,15620,15670,1795,28160000,838,957
060250,2026-04-03,09:25:00,15670,15680,15620,15650,4519,70700000,1397,3122
060250,2026-04-03,09:30:00,15650,15790,15640,15770,6394,100590000,5678,716
060250,2026-04-03,09:35:00,15770,15770,15680,15720,1786,28110000,604,1182
060250,2026-04-03,09:40:00,15720,15730,15670,15700,4378,68710000,1199,3179
060250,2026-04-03,09:45:00,15700,15760,15690,15760,2687,42240000,2251,436
060250,2026-04-03,09:50:00,15760,15840,15750,15840,9848,155490000,7511,2337
060250,2026-04-03,09:55:00,15840,15840,15800,15810,4934,78100000,2222,2712
060250,2026-04-03,10:00:00,15800,15890,15780,15890,7302,115740000,6469,833
060250,2026-04-03,10:05:00,15890,15890,15810,15840,2719,43110000,823,1896
060250,2026-04-03,10:10:00,15840,15850,15760,15770,3286,51900000,953,2333
060250,2026-04-03,10:15:00,15780,15790,15720,15720,2534,39910000,683,1851
060250,2026-04-03,10:20:00,15720,15725,15640,15720,6246,97960000,4321,1925
060250,2026-04-03,10:25:00,15720,15760,15710,15750,2312,36360000,2134,178
060250,2026-04-03,10:30:00,15750,15750,15740,15750,526,8280000,314,212
060250,2026-04-03,10:35:00,15740,15740,15660,15680,2448,38410000,88,2360
060250,2026-04-03,10:40:00,15680,15700,15670,15680,1190,18670000,824,366
060250,2026-04-03,10:45:00,15680,15690,15620,15630,5848,91470000,895,4953
060250,2026-04-03,10:50:00,15630,15630,15550,15590,6758,105350000,1157,5601
060250,2026-04-03,10:55:00,15590,15600,15570,15570,1942,30260000,657,1285
060250,2026-04-03,11:00:00,15560,15600,15530,15530,4127,64220000,1125,3002
060250,2026-04-03,11:05:00,15550,15570,15510,15540,1804,28050000,1417,387
060250,2026-04-03,11:10:00,15570,15590,15510,15560,2077,32280000,706,1371
060250,2026-04-03,11:15:00,15560,15590,15540,15580,2306,35910000,2211,95
060250,2026-04-03,11:20:00,15560,15580,15530,15550,1291,20090000,848,443
060250,2026-04-03,11:25:00,15580,15600,15560,15570,1180,18400000,1126,54
060250,2026-04-03,11:30:00,15570,15590,15560,15570,727,11320000,312,415
060250,2026-04-03,11:35:00,15570,15580,15530,15560,1864,29000000,265,1599
060250,2026-04-03,11:40:00,15560,15580,15530,15540,1650,25650000,415,1235
060250,2026-04-03,11:45:00,15530,15550,15520,15530,811,12600000,693,118
060250,2026-04-03,11:50:00,15530,15540,15500,15530,2307,35790000,1107,1200
060250,2026-04-03,11:55:00,15530,15610,15530,15610,1906,29680000,1874,32
060250,2026-04-03,12:00:00,15610,15640,15610,15610,905,14140000,750,155
060250,2026-04-03,12:05:00,15610,15630,15610,15620,1361,21270000,799,562
060250,2026-04-03,12:10:00,15620,15640,15620,15640,784,12250000,584,200
060250,2026-04-03,12:15:00,15640,15680,15640,15680,1555,24340000,1555,0
060250,2026-04-03,12:20:00,15670,15690,15650,15660,741,11620000,407,334
060250,2026-04-03,12:25:00,15690,15700,15660,15690,798,12510000,473,325
060250,2026-04-03,12:30:00,15690,15700,15650,15660,1909,29920000,849,1060
060250,2026-04-03,12:35:00,15660,15690,15640,15680,1725,27020000,1550,175
060250,2026-04-03,12:40:00,15660,15680,15640,15640,909,14230000,364,545
060250,2026-04-03,12:45:00,15650,15660,15630,15640,1812,28340000,320,1492
060250,2026-04-03,12:50:00,15640,15660,15630,15640,650,10170000,487,163
060250,2026-04-03,12:55:00,15640,15660,15640,15660,370,5790000,268,102
060250,2026-04-03,13:00:00,15650,15670,15640,15650,1236,19350000,661,575
060250,2026-04-03,13:05:00,15650,15670,15640,15670,685,10720000,284,401
060250,2026-04-03,13:10:00,15670,15720,15660,15710,6134,96270000,4848,1286
060250,2026-04-03,13:15:00,15715,15715,15660,15660,3532,55400000,438,3094
060250,2026-04-03,13:20:00,15660,15690,15660,15670,1832,28700000,1205,627
060250,2026-04-03,13:25:00,15670,15690,15650,15650,1865,29220000,1082,783
060250,2026-04-03,13:30:00,15650,15650,15620,15640,3378,52820000,1951,1427
060250,2026-04-03,13:35:00,15640,15730,15620,15720,1256,19690000,832,424
060250,2026-04-03,13:40:00,15670,15700,15640,15640,740,11590000,367,373
060250,2026-04-03,13:45:00,15650,15660,15620,15630,1200,18760000,435,765
060250,2026-04-03,13:50:00,15630,15630,15620,15630,677,10570000,105,572
060250,2026-04-03,13:55:00,15630,15630,15610,15610,198,3090000,37,161
060250,2026-04-03,14:00:00,15610,15630,15610,15630,1907,29800000,1775,132
060250,2026-04-03,14:05:00,15630,15670,15630,15640,920,14400000,301,619
060250,2026-04-03,14:10:00,15650,15680,15650,15680,455,7130000,243,212
060250,2026-04-03,14:15:00,15680,15680,15630,15640,1632,25520000,81,1551
060250,2026-04-03,14:20:00,15630,15630,15590,15590,5419,84600000,194,5225
060250,2026-04-03,14:25:00,15590,15600,15590,15600,2349,36640000,2108,241
060250,2026-04-03,14:30:00,15590,15600,15550,15550,1700,26480000,346,1354
060250,2026-04-03,14:35:00,15560,15610,15450,15480,10600,164350000,2118,8482
060250,2026-04-03,14:40:00,15490,15515,15480,15510,1135,17590000,680,455
060250,2026-04-03,14:45:00,15510,15530,15510,15510,1607,24940000,374,1233
060250,2026-04-03,14:50:00,15510,15550,15500,15510,5638,87470000,1747,3891
060250,2026-04-03,14:55:00,15510,15560,15500,15530,3870,60070000,2338,1532
060250,2026-04-03,15:00:00,15530,15530,15500,15510,1447,22440000,853,594
060250,2026-04-03,15:05:00,15500,15540,15450,15510,8055,124740000,1822,6233
060250,2026-04-03,15:10:00,15520,15550,15520,15520,1985,30830000,721,1264
060250,2026-04-03,15:15:00,15520,15540,15500,15500,8187,127060000,4027,4160
060250,2026-04-03,15:20:00,15500,15500,15450,15450,6895,106700000,1898,4997
060250,2026-04-03,15:30:00,15430,15430,15430,15430,9854,152050000,9104,0
060250,2026-04-06,09:05:00,15430,15650,15430,15450,28361,439610000,16027,12334
060250,2026-04-06,09:10:00,15440,15550,15400,15490,7550,116750000,3558,3992
060250,2026-04-06,09:15:00,15490,15570,15460,15500,7965,123470000,3665,4300
060250,2026-04-06,09:20:00,15500,15500,15430,15440,10205,157690000,2559,7646
060250,2026-04-06,09:25:00,15440,15470,15390,15420,15811,243970000,4138,11673
060250,2026-04-06,09:30:00,15420,15480,15390,15400,6647,102620000,3090,3557
060250,2026-04-06,09:35:00,15390,15560,15390,15560,6953,107550000,5628,1325
060250,2026-04-06,09:40:00,15560,16010,15540,16000,58686,928040000,37325,21361
060250,2026-04-06,09:45:00,16000,16970,15800,16960,235949,3826030000,109331,126618
060250,2026-04-06,09:50:00,17070,17480,16930,17040,851924,14596930000,397301,454623
060250,2026-04-06,09:55:00,17040,17100,16440,16580,362177,6063560000,97549,264628
060250,2026-04-06,10:00:00,16550,16590,16080,16200,232274,3783890000,60417,171857
060250,2026-04-06,10:05:00,16200,16220,15950,16110,199802,3211210000,66180,133622
060250,2026-04-06,10:10:00,16110,16160,16000,16090,76668,1232500000,20980,55688
060250,2026-04-06,10:15:00,16090,16140,15980,15990,49270,790810000,16343,32927
060250,2026-04-06,10:20:00,15990,16030,15910,16020,47117,751970000,12403,34714
060250,2026-04-06,10:25:00,16020,16040,15900,15910,39251,625990000,10429,28822
060250,2026-04-06,10:30:00,15910,15950,15820,15940,54206,860780000,16982,37224
060250,2026-04-06,10:35:00,15950,15990,15820,15830,51348,816390000,7834,43514
060250,2026-04-06,10:40:00,15830,15870,15810,15860,30569,484090000,11194,19375
060250,2026-04-06,10:45:00,15870,15920,15830,15840,18725,297250000,7553,11172
060250,2026-04-06,10:50:00,15840,15880,15810,15820,20036,317370000,6701,13335
060250,2026-04-06,10:55:00,15820,15870,15810,15840,17575,278210000,5463,12112
060250,2026-04-06,11:00:00,15840,15930,15790,15900,37838,599900000,11540,26298
060250,2026-04-06,11:05:00,15890,15900,15800,15810,26615,421650000,5647,20968
060250,2026-04-06,11:10:00,15820,15900,15800,15890,23219,368100000,8239,14980
060250,2026-04-06,11:15:00,15880,15970,15880,15940,37231,592820000,22104,15127
060250,2026-04-06,11:20:00,15940,16000,15930,16000,38688,617620000,20361,18327
060250,2026-04-06,11:25:00,15990,16040,15850,15850,48001,765770000,13297,34704
060250,2026-04-06,11:30:00,15860,15870,15810,15830,27742,439430000,5130,22612
060250,2026-04-06,11:35:00,15820,15860,15820,15820,12551,198770000,6436,6115
060250,2026-04-06,11:40:00,15830,15850,15790,15800,23637,373870000,4505,19132
060250,2026-04-06,11:45:00,15820,15820,15720,15730,38384,604970000,10207,28177
060250,2026-04-06,11:50:00,15740,15740,15450,15600,70625,1102250000,16550,54075
060250,2026-04-06,11:55:00,15600,15630,15580,15610,12516,195220000,4120,8396
060250,2026-04-06,12:00:00,15610,15620,15590,15610,8395,131040000,2710,5685
060250,2026-04-06,12:05:00,15610,15620,15580,15590,11853,184850000,4640,7213
060250,2026-04-06,12:10:00,15580,15600,15570,15570,10787,168030000,1460,9327
060250,2026-04-06,12:15:00,15560,15620,15560,15610,7706,120100000,4953,2753
060250,2026-04-06,12:20:00,15620,15620,15600,15600,7312,114110000,2281,5031
060250,2026-04-06,12:25:00,15590,15600,15520,15520,10802,168060000,850,9952
060250,2026-04-06,12:30:00,15520,15580,15510,15580,7505,116590000,3566,3939
060250,2026-04-06,12:35:00,15570,15610,15560,15570,3387,52750000,1515,1872
060250,2026-04-06,12:40:00,15580,15620,15560,15620,8352,130230000,3300,5052
060250,2026-04-06,12:45:00,15630,15690,15600,15610,11756,183940000,3223,8533
060250,2026-04-06,12:50:00,15620,15620,15570,15570,6572,102460000,3382,3190
060250,2026-04-06,12:55:00,15570,15570,15500,15510,14465,224580000,3577,10888
060250,2026-04-06,13:00:00,15510,15520,15450,15500,21790,337330000,8676,13114
060250,2026-04-06,13:05:00,15490,15580,15490,15550,5657,87820000,3707,1950
060250,2026-04-06,13:10:00,15560,15630,15550,15620,10816,168640000,4946,5870
060250,2026-04-06,13:15:00,15630,15640,15610,15630,9271,144890000,4368,4903
060250,2026-04-06,13:20:00,15620,15640,15590,15610,12226,190890000,3403,8823
060250,2026-04-06,13:25:00,15600,15640,15580,15580,13032,203410000,3715,9317
060250,2026-04-06,13:30:00,15590,15640,15570,15640,10892,169820000,7859,3033
060250,2026-04-06,13:35:00,15600,15670,15600,15650,9258,144710000,6070,3188
060250,2026-04-06,13:40:00,15670,15730,15650,15710,17767,279020000,10989,6778
060250,2026-04-06,13:45:00,15720,15730,15660,15670,13142,206360000,4331,8811
060250,2026-04-06,13:50:00,15680,15700,15670,15680,4988,78240000,2096,2892
060250,2026-04-06,13:55:00,15680,15720,15650,15650,9936,155940000,2304,7632
060250,2026-04-06,14:00:00,15640,15680,15630,15650,3085,48260000,1521,1564
060250,2026-04-06,14:05:00,15640,15640,15610,15630,5545,86640000,1746,3799
060250,2026-04-06,14:10:00,15630,15630,15590,15600,7970,124350000,2874,5096
060250,2026-04-06,14:15:00,15600,15640,15590,15590,5715,89160000,1903,3812
060250,2026-04-06,14:20:00,15590,15610,15540,15580,11209,174550000,4818,6391
060250,2026-04-06,14:25:00,15570,15590,15560,15570,4813,74950000,2619,2194
060250,2026-04-06,14:30:00,15570,15680,15560,15640,11167,174160000,6899,4268
060250,2026-04-06,14:35:00,15640,15920,15590,15600,27918,438510000,23275,4643
060250,2026-04-06,14:40:00,15600,15670,15600,15640,7254,113320000,5225,2029
060250,2026-04-06,14:45:00,15630,15660,15610,15630,5845,91360000,3038,2807
060250,2026-04-06,14:50:00,15640,15650,15610,15620,7117,111240000,3251,3866
060250,2026-04-06,14:55:00,15620,15620,15580,15590,9983,155690000,4351,5632
060250,2026-04-06,15:00:00,15590,15630,15590,15620,6842,106810000,5495,1347
060250,2026-04-06,15:05:00,15610,15630,15610,15630,5249,81990000,3402,1847
060250,2026-04-06,15:10:00,15630,15650,15610,15630,12544,196030000,6390,6154
060250,2026-04-06,15:15:00,15640,15650,15610,15620,12974,202770000,9667,3307
060250,2026-04-06,15:20:00,15640,15670,15600,15650,16180,252840000,6830,9350
060250,2026-04-06,15:30:00,15580,15580,15580,15580,26003,405120000,25478,0
060250,2026-04-07,09:05:00,15700,15960,15700,15850,89526,1416490000,67360,22166
060250,2026-04-07,09:10:00,15850,15860,15520,15680,48678,761090000,18209,30469
060250,2026-04-07,09:15:00,15670,15720,15560,15610,23823,372300000,11613,12210
060250,2026-04-07,09:20:00,15640,15770,15570,15720,23193,363810000,17021,6172
060250,2026-04-07,09:25:00,15720,15840,15690,15750,18474,291050000,12127,6347
060250,2026-04-07,09:30:00,15750,15800,15710,15780,12917,203420000,10244,2673
060250,2026-04-07,09:35:00,15780,15790,15710,15760,8717,137220000,2612,6105
060250,2026-04-07,09:40:00,15750,15750,15680,15690,7922,124470000,3399,4523
060250,2026-04-07,09:45:00,15690,15920,15660,15880,25073,396500000,19056,6017
060250,2026-04-07,09:50:00,15880,15930,15840,15890,15619,248360000,10677,4942
060250,2026-04-07,09:55:00,15890,15920,15850,15870,8945,142130000,6292,2653
060250,2026-04-07,10:00:00,15870,15920,15840,15910,12435,197520000,9441,2994
060250,2026-04-07,10:05:00,15910,15920,15810,15810,17398,276200000,5707,11691
060250,2026-04-07,10:10:00,15810,15810,15710,15720,5760,90740000,1202,4558
060250,2026-04-07,10:15:00,15720,15730,15620,15660,10683,167290000,1277,9406
060250,2026-04-07,10:20:00,15660,15670,15610,15630,3845,60110000,1368,2477
060250,2026-04-07,10:25:00,15630,15670,15590,15590,9410,146990000,2874,6536
060250,2026-04-07,10:30:00,15600,15620,15530,15620,16488,256470000,4477,12011
060250,2026-04-07,10:35:00,15580,15620,15570,15580,3285,51210000,1552,1733
060250,2026-04-07,10:40:00,15580,15590,15460,15470,13482,209300000,1587,11895
060250,2026-04-07,10:45:00,15460,15470,15380,15430,16593,255910000,4046,12547
060250,2026-04-07,10:50:00,15430,15490,15420,15470,4139,63980000,1559,2580
060250,2026-04-07,10:55:00,15460,15460,15300,15320,13563,208410000,2780,10783
060250,2026-04-07,11:00:00,15310,15340,15260,15320,10095,154510000,5652,4443
060250,2026-04-07,11:05:00,15310,15320,15250,15260,6308,96460000,1850,4458
060250,2026-04-07,11:10:00,15260,15310,15230,15270,7373,112430000,3380,3993
060250,2026-04-07,11:15:00,15270,15310,15200,15230,6040,92030000,925,5115
060250,2026-04-07,11:20:00,15230,15290,15180,15290,11130,169380000,5818,5312
060250,2026-04-07,11:25:00,15240,15290,15230,15230,1906,29070000,1211,695
060250,2026-04-07,11:30:00,15240,15310,15230,15310,2083,31830000,1818,265
060250,2026-04-07,11:35:00,15300,15320,15290,15320,688,10530000,469,219
060250,2026-04-07,11:40:00,15320,15360,15300,15320,2420,37060000,1074,1346
060250,2026-04-07,11:45:00,15310,15360,15280,15350,1541,23590000,925,616
060250,2026-04-07,11:50:00,15350,15460,15350,15400,4367,67180000,3627,740
060250,2026-04-07,11:55:00,15420,15430,15350,15360,3069,47180000,1145,1924
060250,2026-04-07,12:00:00,15350,15350,15280,15290,4764,72910000,1015,3749
060250,2026-04-07,12:05:00,15290,15370,15280,15330,910,13920000,201,709
060250,2026-04-07,12:10:00,15370,15370,15290,15360,3841,58770000,1546,2295
060250,2026-04-07,12:15:00,15340,15340,15270,15270,4433,67730000,1209,3224
060250,2026-04-07,12:20:00,15270,15300,15270,15270,1294,19770000,125,1169
060250,2026-04-07,12:25:00,15260,15300,15250,15260,6409,97750000,4965,1444
060250,2026-04-07,12:30:00,15310,15310,15270,15270,953,14560000,347,606
060250,2026-04-07,12:35:00,15270,15310,15260,15280,4967,75880000,3453,1514
060250,2026-04-07,12:40:00,15280,15280,15250,15260,1732,26440000,1273,459
060250,2026-04-07,12:45:00,15260,15260,15210,15230,7182,109410000,2342,4840
060250,2026-04-07,12:50:00,15230,15250,15210,15220,1496,22780000,692,804
060250,2026-04-07,12:55:00,15220,15230,15180,15200,12148,184640000,628,11520
060250,2026-04-07,13:00:00,15200,15220,15170,15200,6070,92190000,1490,4580
060250,2026-04-07,13:05:00,15200,15240,15190,15240,1264,19250000,808,456
060250,2026-04-07,13:10:00,15220,15240,15120,15140,11669,176880000,5124,6545
060250,2026-04-07,13:15:00,15150,15200,15090,15090,10104,152700000,1149,8955
060250,2026-04-07,13:20:00,15090,15150,15090,15130,3622,54730000,2701,921
060250,2026-04-07,13:25:00,15150,15260,15140,15200,2339,35580000,911,1428
060250,2026-04-07,13:30:00,15190,15270,15150,15270,3327,50570000,1361,1966
060250,2026-04-07,13:35:00,15240,15300,15200,15300,868,13250000,609,259
060250,2026-04-07,13:40:00,15290,15330,15260,15290,3469,53040000,1325,2144
060250,2026-04-07,13:45:00,15270,15400,15270,15300,6295,96600000,4704,1591
060250,2026-04-07,13:50:00,15300,15330,15290,15310,1637,25070000,963,674
060250,2026-04-07,13:55:00,15310,15350,15300,15320,1720,26370000,688,1032
060250,2026-04-07,14:00:00,15310,15310,15240,15250,4466,68200000,748,3718
060250,2026-04-07,14:05:00,15250,15280,15250,15250,3573,54520000,1953,1620
060250,2026-04-07,14:10:00,15250,15260,15240,15250,2247,34260000,654,1593
060250,2026-04-07,14:15:00,15250,15280,15230,15250,1889,28780000,287,1602
060250,2026-04-07,14:20:00,15260,15290,15250,15260,2083,31800000,677,1406
060250,2026-04-07,14:25:00,15270,15290,15250,15260,1645,25120000,414,1231
060250,2026-04-07,14:30:00,15250,15260,15200,15230,2868,43670000,813,2055
060250,2026-04-07,14:35:00,15230,15230,15210,15220,1192,18140000,523,669
060250,2026-04-07,14:40:00,15220,15280,15220,15220,1609,24510000,283,1326
060250,2026-04-07,14:45:00,15280,15320,15260,15270,1852,28330000,801,1051
060250,2026-04-07,14:50:00,15270,15280,15250,15270,1656,25270000,894,762
060250,2026-04-07,14:55:00,15260,15370,15260,15360,4428,67880000,3609,819
060250,2026-04-07,15:00:00,15360,15370,15330,15350,3782,58040000,2385,1397
060250,2026-04-07,15:05:00,15350,15350,15300,15340,2571,39410000,969,1602
060250,2026-04-07,15:10:00,15340,15350,15280,15330,3904,59840000,1244,2660
060250,2026-04-07,15:15:00,15310,15330,15280,15320,3860,59070000,2632,1228
060250,2026-04-07,15:20:00,15310,15350,15280,15310,4398,67320000,2599,1799
060250,2026-04-07,15:30:00,15280,15280,15280,15280,7827,119590000,7599,0
060250,2026-04-08,09:05:00,15800,16140,15800,15980,123466,1973660000,93266,30200
060250,2026-04-08,09:10:00,15980,16030,15940,15970,30104,481210000,19374,10730
060250,2026-04-08,09:15:00,15970,16200,15950,16170,71095,1144200000,57047,14048
060250,2026-04-08,09:20:00,16170,16300,16130,16290,44594,722740000,35956,8638
060250,2026-04-08,09:25:00,16290,16380,16220,16350,49709,811700000,39147,10562
060250,2026-04-08,09:30:00,16340,16370,16230,16360,28890,471300000,18915,9975
060250,2026-04-08,09:35:00,16350,16380,16070,16170,21692,352530000,10810,10882
060250,2026-04-08,09:40:00,16170,16310,16150,16240,19298,313070000,16084,3214
060250,2026-04-08,09:45:00,16250,16380,16250,16300,23337,381120000,18733,4604
060250,2026-04-08,09:50:00,16300,16360,16300,16360,11832,193210000,6491,5341
060250,2026-04-08,09:55:00,16350,16430,16300,16310,30159,494070000,23910,6249
060250,2026-04-08,10:00:00,16310,16360,16280,16310,8335,135980000,3607,4728
060250,2026-04-08,10:05:00,16330,16550,16330,16470,31013,510510000,25068,5945
060250,2026-04-08,10:10:00,16465,16500,16410,16490,6387,105170000,4681,1706
060250,2026-04-08,10:15:00,16490,16490,16305,16310,14006,229340000,5877,8129
060250,2026-04-08,10:20:00,16300,16400,16300,16390,4113,67320000,2988,1125
060250,2026-04-08,10:25:00,16400,16430,16370,16420,6192,101580000,4390,1802
060250,2026-04-08,10:30:00,16420,16530,16340,16510,17334,285820000,15521,1813
060250,2026-04-08,10:35:00,16480,16540,16480,16540,11565,191090000,8818,2747
060250,2026-04-08,10:40:00,16550,16550,16480,16490,8112,133880000,4275,3837
060250,2026-04-08,10:45:00,16490,16600,16470,16520,37102,614400000,33922,3180
060250,2026-04-08,10:50:00,16530,16530,16460,16480,3496,57650000,1832,1664
060250,2026-04-08,10:55:00,16480,16520,16480,16480,3518,58060000,1924,1594
060250,2026-04-08,11:00:00,16480,16510,16460,16490,6543,107790000,2605,3938
060250,2026-04-08,11:05:00,16490,16560,16470,16550,10180,168160000,8006,2174
060250,2026-04-08,11:10:00,16560,16570,16530,16560,4075,67440000,2372,1703
060250,2026-04-08,11:15:00,16560,16560,16520,16540,3078,50910000,1595,1483
060250,2026-04-08,11:20:00,16540,16550,16500,16530,2465,40750000,1148,1317
060250,2026-04-08,11:25:00,16530,16530,16510,16510,2475,40890000,732,1743
060250,2026-04-08,11:30:00,16510,16510,16480,16500,3904,64430000,1830,2074
060250,2026-04-08,11:35:00,16510,16520,16490,16490,4968,82000000,3592,1376
060250,2026-04-08,11:40:00,16500,16520,16480,16505,2601,42910000,2059,542
060250,2026-04-08,11:45:00,16510,16520,16490,16520,2050,33850000,1151,899
060250,2026-04-08,11:50:00,16520,16520,16490,16520,2182,36010000,1027,1155
060250,2026-04-08,11:55:00,16510,16520,16480,16480,1543,25450000,496,1047
060250,2026-04-08,12:00:00,16480,16500,16460,16480,3201,52750000,871,2330
060250,2026-04-08,12:05:00,16480,16500,16460,16490,6766,111480000,5781,985
060250,2026-04-08,12:10:00,16490,16510,16460,16510,1740,28690000,1199,541
060250,2026-04-08,12:15:00,16510,16530,16480,16520,3838,63410000,2309,1529
060250,2026-04-08,12:20:00,16520,16530,16480,16500,3296,54430000,2586,710
060250,2026-04-08,12:25:00,16490,16510,16450,16460,4976,81980000,2129,2847
060250,2026-04-08,12:30:00,16450,16460,16420,16440,4104,67450000,1626,2478
060250,2026-04-08,12:35:00,16430,16430,16380,16380,5221,85690000,1145,4076
060250,2026-04-08,12:40:00,16380,16410,16330,16330,2731,44720000,611,2120
060250,2026-04-08,12:45:00,16360,16370,16310,16330,7486,122310000,4095,3391
060250,2026-04-08,12:50:00,16340,16360,16300,16350,4579,74720000,1922,2657
060250,2026-04-08,12:55:00,16350,16360,16290,16350,3244,52950000,1684,1560
060250,2026-04-08,13:00:00,16350,16430,16350,16430,3652,59830000,3304,348
060250,2026-04-08,13:05:00,16440,16480,16430,16440,4495,74010000,2193,2302
060250,2026-04-08,13:10:00,16460,16460,16420,16460,1609,26470000,816,793
060250,2026-04-08,13:15:00,16460,16470,16420,16450,5122,84240000,1174,3948
060250,2026-04-08,13:20:00,16445,16470,16400,16440,10119,166230000,4483,5636
060250,2026-04-08,13:25:00,16470,16530,16460,16520,13325,219950000,11911,1414
060250,2026-04-08,13:30:00,16530,16580,16520,16570,7519,124430000,4695,2824
060250,2026-04-08,13:35:00,16580,16610,16560,16600,13432,222940000,9523,3909
060250,2026-04-08,13:40:00,16600,16640,16580,16630,5517,91720000,3972,1545
060250,2026-04-08,13:45:00,16630,16630,16400,16400,8063,133730000,1240,6823
060250,2026-04-08,13:50:00,16600,16610,16420,16530,3217,53250000,975,2242
060250,2026-04-08,13:55:00,16520,16540,16490,16500,8046,132840000,6352,1694
060250,2026-04-08,14:00:00,16490,16540,16480,16520,5791,95620000,4432,1359
060250,2026-04-08,14:05:00,16530,16530,16410,16520,3244,53560000,1823,1421
060250,2026-04-08,14:10:00,16520,16540,16480,16490,3448,56980000,2727,721
060250,2026-04-08,14:15:00,16480,16520,16400,16490,3465,57080000,1588,1877
060250,2026-04-08,14:20:00,16510,16520,16480,16490,1699,28040000,545,1154
060250,2026-04-08,14:25:00,16490,16570,16450,16540,6031,99640000,4706,1325
060250,2026-04-08,14:30:00,16530,16600,16530,16590,12962,214670000,8757,4205
060250,2026-04-08,14:35:00,16600,16660,16570,16610,16381,272380000,12774,3607
060250,2026-04-08,14:40:00,16580,16600,16560,16590,4910,81360000,1280,3630
060250,2026-04-08,14:45:00,16590,16610,16550,16600,1799,29850000,1118,681
060250,2026-04-08,14:50:00,16600,16620,16580,16620,3989,66250000,2721,1268
060250,2026-04-08,14:55:00,16610,16640,16590,16640,12515,207970000,5092,7423
060250,2026-04-08,15:00:00,16620,16660,16620,16660,4975,82780000,4097,878
060250,2026-04-08,15:05:00,16650,16680,16650,16670,9937,165650000,7361,2576
060250,2026-04-08,15:10:00,16670,16680,16630,16670,9328,155440000,4825,4503
060250,2026-04-08,15:15:00,16670,16680,16610,16660,7303,121640000,3554,3749
060250,2026-04-08,15:20:00,16660,16660,16510,16620,10626,176310000,6232,4394
060250,2026-04-08,15:30:00,16630,16630,16630,16630,10009,166440000,9475,0
060250,2026-04-09,09:05:00,16410,16470,16200,16220,43091,704340000,25875,17126
060250,2026-04-09,09:10:00,16230,16320,16060,16130,23577,382330000,7567,16010
060250,2026-04-09,09:15:00,16140,16210,16120,16160,6240,100800000,2455,3785
060250,2026-04-09,09:20:00,16155,16250,16150,16250,6624,107330000,3327,3297
060250,2026-04-09,09:25:00,16250,16270,16230,16250,6499,105600000,1402,5097
060250,2026-04-09,09:30:00,16250,16295,16230,16260,3057,49690000,1316,1741
060250,2026-04-09,09:35:00,16260,16300,16240,16260,5963,97000000,2527,3436
060250,2026-04-09,09:40:00,16250,16310,16240,16270,4999,81330000,3690,1309
060250,2026-04-09,09:45:00,16270,16370,16260,16290,8365,136720000,6010,2355
060250,2026-04-09,09:50:00,16340,16340,16240,16290,9909,161070000,3941,5968
060250,2026-04-09,09:55:00,16280,16360,16270,16340,3714,60590000,2270,1444
060250,2026-04-09,10:00:00,16350,16370,16270,16330,5445,88990000,3785,1660
060250,2026-04-09,10:05:00,16350,16390,16340,16360,4823,78920000,3456,1367
060250,2026-04-09,10:10:00,16355,16370,16240,16300,6705,109520000,1251,5454
060250,2026-04-09,10:15:00,16300,16330,16240,16290,5744,93430000,2799,2945
060250,2026-04-09,10:20:00,16290,16320,16210,16230,4322,70210000,1313,3009
060250,2026-04-09,10:25:00,16250,16280,16190,16220,7697,124770000,2218,5479
060250,2026-04-09,10:30:00,16220,16310,16190,16250,7750,125750000,5283,2467
060250,2026-04-09,10:35:00,16250,16360,16240,16350,3977,64850000,2917,1060
060250,2026-04-09,10:40:00,16360,16370,16350,16370,2438,39880000,1138,1300
060250,2026-04-09,10:45:00,16360,16370,16250,16350,3006,49090000,642,2364
060250,2026-04-09,10:50:00,16350,16380,16330,16370,2250,36830000,1104,1146
060250,2026-04-09,10:55:00,16380,16420,16350,16420,3754,61500000,1757,1997
060250,2026-04-09,11:00:00,16410,16460,16410,16460,2987,49090000,2080,907
060250,2026-04-09,11:05:00,16460,16520,16430,16510,3641,59960000,1629,2012
060250,2026-04-09,11:10:00,16510,16520,16490,16520,4191,69170000,2354,1837
060250,2026-04-09,11:15:00,16520,16520,16470,16480,2878,47470000,529,2349
060250,2026-04-09,11:20:00,16480,16530,16440,16530,4689,77280000,2858,1831
060250,2026-04-09,11:25:00,16530,16530,16490,16500,2453,40510000,759,1694
060250,2026-04-09,11:30:00,16510,16520,16470,16480,2803,46230000,158,2645
060250,2026-04-09,11:35:00,16480,16480,16460,16460,1046,17230000,346,700
060250,2026-04-09,11:40:00,16470,16470,16430,16430,2001,32910000,305,1696
060250,2026-04-09,11:45:00,16430,16440,16430,16440,1120,18400000,691,429
060250,2026-04-09,11:50:00,16440,16440,16420,16430,604,9930000,288,316
060250,2026-04-09,11:55:00,16430,16460,16430,16460,1767,29060000,1416,351
060250,2026-04-09,12:00:00,16450,16460,16440,16460,1470,24190000,816,654
060250,2026-04-09,12:05:00,16460,16460,16430,16430,1513,24870000,291,1222
060250,2026-04-09,12:10:00,16430,16460,16430,16460,552,9080000,273,279
060250,2026-04-09,12:15:00,16460,16460,16440,16450,651,10710000,493,158
060250,2026-04-09,12:20:00,16440,16440,16400,16410,1607,26390000,226,1381
060250,2026-04-09,12:25:00,16410,16410,16400,16410,526,8630000,388,138
060250,2026-04-09,12:30:00,16410,16420,16400,16420,808,13250000,609,199
060250,2026-04-09,12:35:00,16420,16440,16420,16440,809,13290000,592,217
060250,2026-04-09,12:40:00,16440,16450,16420,16430,2042,33560000,327,1715
060250,2026-04-09,12:45:00,16430,16430,16410,16420,917,15060000,388,529
060250,2026-04-09,12:50:00,16420,16420,16400,16400,990,16250000,255,735
060250,2026-04-09,12:55:00,16410,16420,16400,16400,2019,33120000,705,1314
060250,2026-04-09,13:00:00,16400,16400,16360,16360,3980,65160000,656,3324
060250,2026-04-09,13:05:00,16350,16370,16350,16370,6046,98880000,1175,4871
060250,2026-04-09,13:10:00,16360,16370,16340,16360,6485,106060000,1055,5430
060250,2026-04-09,13:15:00,16350,16360,16350,16360,2395,39160000,553,1842
060250,2026-04-09,13:20:00,16360,16360,16330,16330,3721,60820000,1233,2488
060250,2026-04-09,13:25:00,16340,16350,16300,16320,3323,54240000,1155,2168
060250,2026-04-09,13:30:00,16320,16320,16280,16320,3391,55280000,1399,1992
060250,2026-04-09,13:35:00,16320,16370,16310,16370,2708,44250000,2105,603
060250,2026-04-09,13:40:00,16370,16380,16340,16340,3656,59780000,974,2682
060250,2026-04-09,13:45:00,16340,16370,16340,16360,1096,17920000,165,931
060250,2026-04-09,13:50:00,16350,16370,16350,16370,3329,54450000,433,2896
060250,2026-04-09,13:55:00,16370,16370,16360,16360,463,7570000,353,110
060250,2026-04-09,14:00:00,16360,17210,16360,16690,185364,3134200000,81260,104104
060250,2026-04-09,14:05:00,16690,17900,16600,17760,337885,5874390000,188289,149596
060250,2026-04-09,14:10:00,17770,18050,17050,17150,535174,9411370000,240294,294880
060250,2026-04-09,14:15:00,17150,17370,16600,16730,341735,5779350000,103667,238068
060250,2026-04-09,14:20:00,16740,16800,16310,16460,171923,2839390000,66156,105767
060250,2026-04-09,14:25:00,16460,16490,16260,16350,85483,1397950000,27073,58410
060250,2026-04-09,14:30:00,16350,16430,16330,16370,24021,393440000,11938,12083
060250,2026-04-09,14:35:00,16360,16430,16260,16350,41707,681240000,21472,20235
060250,2026-04-09,14:40:00,16350,16430,16330,16410,12475,204390000,8534,3941
060250,2026-04-09,14:45:00,16420,16470,16320,16380,25467,417060000,9145,16322
060250,2026-04-09,14:50:00,16380,16390,16260,16270,35429,577460000,19115,16314
060250,2026-04-09,14:55:00,16270,16340,16190,16270,42173,684990000,19026,23147
060250,2026-04-09,15:00:00,16250,16330,16220,16330,12777,207820000,7379,5398
060250,2026-04-09,15:05:00,16330,16410,16310,16390,12204,199780000,6457,5747
060250,2026-04-09,15:10:00,16400,16450,16330,16370,17683,289780000,8028,9655
060250,2026-04-09,15:15:00,16370,16370,16280,16340,19306,315260000,8767,10539
060250,2026-04-09,15:20:00,16340,16380,16290,16300,25998,424790000,18820,7178
060250,2026-04-09,15:30:00,16400,16400,16400,16400,19823,325090000,19319,0
060250,2026-04-10,09:05:00,16400,16650,16210,16620,50350,826080000,32995,15633
060250,2026-04-10,09:10:00,16620,16730,16450,16500,59747,994780000,30508,29239
060250,2026-04-10,09:15:00,16500,16520,16410,16460,11849,195070000,5706,6143
060250,2026-04-10,09:20:00,16480,16520,16450,16480,8753,144320000,4849,3904
060250,2026-04-10,09:25:00,16480,16520,16470,16490,5458,89970000,2745,2713
060250,2026-04-10,09:30:00,16490,16490,16390,16430,24424,401820000,6387,18037
060250,2026-04-10,09:35:00,16420,16430,16380,16390,7041,115530000,1534,5507
060250,2026-04-10,09:40:00,16380,16420,16360,16380,7608,124650000,3962,3646
060250,2026-04-10,09:45:00,16370,16380,16300,16320,8611,140720000,2075,6536
060250,2026-04-10,09:50:00,16310,16330,16290,16310,13855,226020000,8750,5105
060250,2026-04-10,09:55:00,16310,16370,16300,16370,10653,173990000,9228,1425
060250,2026-04-10,10:00:00,16365,16470,16290,16470,6374,104390000,4505,1869
060250,2026-04-10,10:05:00,16460,16540,16460,16530,5310,87700000,3225,2085
060250,2026-04-10,10:10:00,16540,16560,16500,16500,7157,118320000,2018,5139
060250,2026-04-10,10:15:00,16510,16620,16510,16610,11135,184610000,7778,3357
060250,2026-04-10,10:20:00,16610,16640,16590,16620,6408,106420000,4103,2305
060250,2026-04-10,10:25:00,16620,16690,16580,16670,16149,268750000,10413,5736
060250,2026-04-10,10:30:00,16670,16670,16560,16570,7936,131800000,947,6989
060250,2026-04-10,10:35:00,16570,16580,16440,16460,8774,144970000,2270,6504
060250,2026-04-10,10:40:00,16480,16500,16400,16460,8222,135190000,1759,6463
060250,2026-04-10,10:45:00,16460,16470,16400,16430,8245,135530000,2108,6137
060250,2026-04-10,10:50:00,16430,16430,16390,16420,4473,73400000,680,3793
060250,2026-04-10,10:55:00,16410,16480,16380,16480,2980,48940000,1424,1556
060250,2026-04-10,11:00:00,16480,16500,16430,16480,6970,114840000,1515,5455
060250,2026-04-10,11:05:00,16480,16480,16430,16470,2874,47270000,482,2392
060250,2026-04-10,11:10:00,16470,16470,16400,16450,5991,98410000,2509,3482
060250,2026-04-10,11:15:00,16450,16460,16440,16450,1880,30930000,1180,700
060250,2026-04-10,11:20:00,16450,16490,16410,16490,5050,83070000,3879,1171
060250,2026-04-10,11:25:00,16490,16510,16470,16510,3543,58430000,2944,599
060250,2026-04-10,11:30:00,16510,16530,16500,16510,2090,34500000,905,1185
060250,2026-04-10,11:35:00,16500,16760,16500,16670,30199,503460000,22461,7738
060250,2026-04-10,11:40:00,16670,16670,16610,16610,7631,127070000,4630,3001
060250,2026-04-10,11:45:00,16660,16660,16590,16650,8143,135420000,5565,2578
060250,2026-04-10,11:50:00,16650,16680,16580,16640,6683,111310000,4801,1882
060250,2026-04-10,11:55:00,16640,16720,16580,16720,13552,226060000,10628,2924
060250,2026-04-10,12:00:00,16700,16720,16650,16680,7134,119070000,4019,3115
060250,2026-04-10,12:05:00,16690,16710,16580,16710,9878,164710000,6888,2990
060250,2026-04-10,12:10:00,16710,16720,16660,16710,7729,128980000,4998,2731
060250,2026-04-10,12:15:00,16720,16720,16670,16700,5562,92830000,1439,4123
060250,2026-04-10,12:20:00,16700,16720,16690,16710,7220,120600000,5155,2065
060250,2026-04-10,12:25:00,16710,16930,16690,16860,53557,901700000,41711,11846
060250,2026-04-10,12:30:00,16860,17040,16850,16880,45728,775100000,32187,13541
060250,2026-04-10,12:35:00,16890,17010,16820,16840,10570,178830000,5168,5402
060250,2026-04-10,12:40:00,16840,16990,16800,16960,21938,370390000,12844,9094
060250,2026-04-10,12:45:00,16970,17060,16950,17050,36517,621560000,15455,21062
060250,2026-04-10,12:50:00,17020,17100,16850,16910,29738,505410000,11685,18053
060250,2026-04-10,12:55:00,16900,17160,16850,17130,31022,528900000,22426,8596
060250,2026-04-10,13:00:00,17120,17140,17020,17025,33417,570540000,20304,13113
060250,2026-04-10,13:05:00,17030,17200,17020,17100,25633,438460000,15721,9912
060250,2026-04-10,13:10:00,17090,17100,16950,16980,22970,390690000,4200,18770
060250,2026-04-10,13:15:00,16970,17150,16950,17140,20585,351340000,14239,6346
060250,2026-04-10,13:20:00,17130,17340,17100,17280,79559,1371430000,58749,20810
060250,2026-04-10,13:25:00,17280,17320,17070,17120,69731,1199410000,16622,53109
060250,2026-04-10,13:30:00,17130,17290,17110,17200,39888,686420000,21654,18234
060250,2026-04-10,13:35:00,17170,17270,17070,17100,47231,810590000,12025,35206
060250,2026-04-10,13:40:00,17090,17150,16960,16990,35001,596630000,8346,26655
060250,2026-04-10,13:45:00,16990,17070,16940,17060,13119,222930000,6094,7025
060250,2026-04-10,13:50:00,17030,17080,16970,17060,29809,507200000,16438,13371
060250,2026-04-10,13:55:00,17060,17130,17010,17130,17309,295420000,11589,5720
060250,2026-04-10,14:00:00,17130,17130,17010,17010,10238,174690000,3511,6727
060250,2026-04-10,14:05:00,17030,17120,17010,17060,15184,259360000,7224,7960
060250,2026-04-10,14:10:00,17060,17060,16950,16980,16036,272670000,4198,11838
060250,2026-04-10,14:15:00,16980,17050,16950,17030,8358,142080000,6133,2225
060250,2026-04-10,14:20:00,17030,17080,17020,17050,10997,187700000,5518,5479
060250,2026-04-10,14:25:00,17060,17100,17040,17070,8374,142890000,5590,2784
060250,2026-04-10,14:30:00,17070,17100,17050,17100,5245,89530000,3213,2032
060250,2026-04-10,14:35:00,17090,17140,17080,17120,9380,160510000,6882,2498
060250,2026-04-10,14:40:00,17110,17140,17100,17140,6650,113880000,4769,1881
060250,2026-04-10,14:45:00,17140,17140,17040,17080,15440,263780000,4724,10716
060250,2026-04-10,14:50:00,17080,17090,17040,17040,5520,94210000,2119,3401
060250,2026-04-10,14:55:00,17050,17110,17030,17090,10021,171060000,7635,2386
060250,2026-04-10,15:00:00,17090,17090,17070,17070,3347,57160000,1596,1751
060250,2026-04-10,15:05:00,17070,17070,17000,17000,10589,180390000,3878,6711
060250,2026-04-10,15:10:00,17000,17020,16950,16990,19849,337200000,11122,8727
060250,2026-04-10,15:15:00,16980,17050,16980,17040,9292,158120000,7521,1771
060250,2026-04-10,15:20:00,17040,17050,16980,17020,13817,235020000,4537,9280
060250,2026-04-10,15:30:00,17020,17020,17020,17020,10200,173590000,9941,0
060250,2026-04-13,09:05:00,16730,16790,16400,16620,42267,703770000,17818,24399
060250,2026-04-13,09:10:00,16600,16660,16480,16600,26184,433420000,8815,17369
060250,2026-04-13,09:15:00,16600,16720,16580,16650,19013,316970000,8601,10412
060250,2026-04-13,09:20:00,16650,16950,16610,16820,17671,296180000,7931,9740
060250,2026-04-13,09:25:00,16820,16880,16740,16740,17413,292750000,4105,13308
060250,2026-04-13,09:30:00,16740,16760,16720,16730,6031,100930000,2969,3062
060250,2026-04-13,09:35:00,16730,16830,16700,16810,7487,125500000,2892,4595
060250,2026-04-13,09:40:00,16810,16820,16750,16780,8118,136310000,3446,4672
060250,2026-04-13,09:45:00,16780,16780,16710,16730,3822,63990000,1396,2426
060250,2026-04-13,09:50:00,16730,16900,16710,16850,10324,173500000,7460,2864
060250,2026-04-13,09:55:00,16850,16930,16830,16930,6426,108560000,4914,1512
060250,2026-04-13,10:00:00,16930,16960,16905,16940,5995,101510000,2979,3016
060250,2026-04-13,10:05:00,16950,17100,16940,17060,17093,291170000,11310,5783
060250,2026-04-13,10:10:00,17050,17090,16990,17070,11731,199950000,5527,6204
060250,2026-04-13,10:15:00,17070,17070,17010,17020,4044,68910000,1168,2876
060250,2026-04-13,10:20:00,17030,17030,16970,16970,10344,175760000,5629,4715
060250,2026-04-13,10:25:00,16970,16970,16920,16970,6467,109530000,3928,2539
060250,2026-04-13,10:30:00,16970,17000,16950,16970,2615,44370000,1785,830
060250,2026-04-13,10:35:00,16960,16970,16910,16920,4673,79130000,1295,3378
060250,2026-04-13,10:40:00,16920,16940,16890,16900,5829,98580000,3687,2142
060250,2026-04-13,10:45:00,16890,16920,16880,16880,2313,39080000,571,1742
060250,2026-04-13,10:50:00,16870,16940,16870,16940,2746,46390000,2502,244
060250,2026-04-13,10:55:00,16930,16950,16900,16900,2674,45250000,707,1967
060250,2026-04-13,11:00:00,16910,16940,16840,16940,6576,111010000,3500,3076
060250,2026-04-13,11:05:00,16940,17100,16940,17020,19114,326000000,13018,6096
060250,2026-04-13,11:10:00,17020,17090,17000,17000,5432,92630000,2050,3382
060250,2026-04-13,11:15:00,17000,17000,16940,16960,2686,45580000,907,1779
060250,2026-04-13,11:20:00,16950,17010,16940,17010,2587,43870000,1824,763
060250,2026-04-13,11:25:00,17010,17010,16920,16930,2123,35980000,244,1879
060250,2026-04-13,11:30:00,16930,16950,16885,16895,3330,56320000,836,2494
060250,2026-04-13,11:35:00,16890,16910,16885,16890,2831,47820000,2253,578
060250,2026-04-13,11:40:00,16890,16890,16860,16870,4293,72460000,338,3955
060250,2026-04-13,11:45:00,16870,16900,16870,16870,2025,34180000,763,1262
060250,2026-04-13,11:50:00,16880,16890,16860,16890,1177,19860000,415,762
060250,2026-04-13,11:55:00,16890,16890,16790,16880,7818,131470000,1209,6609
060250,2026-04-13,12:00:00,16880,16880,16810,16840,624,10510000,178,446
060250,2026-04-13,12:05:00,16840,16850,16810,16850,1914,32190000,636,1278
060250,2026-04-13,12:10:00,16850,16850,16820,16840,1917,32280000,813,1104
060250,2026-04-13,12:15:00,16840,16840,16740,16770,8050,135040000,2625,5425
060250,2026-04-13,12:20:00,16770,16770,16720,16750,2230,37360000,1297,933
060250,2026-04-13,12:25:00,16750,16770,16730,16760,1316,22030000,785,531
060250,2026-04-13,12:30:00,16770,16810,16770,16790,2753,46230000,2078,675
060250,2026-04-13,12:35:00,16790,16850,16780,16780,2368,39770000,1040,1328
060250,2026-04-13,12:40:00,16780,16790,16770,16790,1499,25160000,548,951
060250,2026-04-13,12:45:00,16780,16870,16770,16800,2415,40650000,524,1891
060250,2026-04-13,12:50:00,16790,16840,16790,16820,648,10900000,579,69
060250,2026-04-13,12:55:00,16820,16830,16780,16830,2246,37710000,439,1807
060250,2026-04-13,13:00:00,16830,16880,16830,16850,1171,19730000,1020,151
060250,2026-04-13,13:05:00,16880,16890,16850,16890,1065,17970000,859,206
060250,2026-04-13,13:10:00,16890,16900,16800,16810,2379,40030000,884,1495
060250,2026-04-13,13:15:00,16810,16900,16780,16900,3068,51520000,2667,401
060250,2026-04-13,13:20:00,16900,16900,16830,16890,1644,27740000,1116,528
060250,2026-04-13,13:25:00,16890,16890,16830,16840,1987,33490000,847,1140
060250,2026-04-13,13:30:00,16840,16860,16820,16850,2856,48040000,434,2422
060250,2026-04-13,13:35:00,16850,16860,16820,16820,1624,27330000,413,1211
060250,2026-04-13,13:40:00,16820,16820,16780,16790,1424,23910000,718,706
060250,2026-04-13,13:45:00,16780,16870,16780,16870,2830,47580000,1941,889
060250,2026-04-13,13:50:00,16870,16870,16830,16840,1236,20830000,329,907
060250,2026-04-13,13:55:00,16830,16850,16820,16850,356,5990000,118,238
060250,2026-04-13,14:00:00,16850,16900,16840,16850,2041,34460000,1123,918
060250,2026-04-13,14:05:00,16850,16850,16820,16820,655,11030000,260,395
060250,2026-04-13,14:10:00,16820,16850,16820,16840,1491,25100000,832,659
060250,2026-04-13,14:15:00,16845,16850,16800,16830,3016,50710000,808,2208
060250,2026-04-13,14:20:00,16830,16850,16790,16840,5346,89840000,3168,2178
060250,2026-04-13,14:25:00,16840,16840,16820,16830,475,7990000,275,200
060250,2026-04-13,14:30:00,16830,16840,16810,16810,896,15070000,508,388
060250,2026-04-13,14:35:00,16810,16820,16790,16800,2117,35580000,520,1597
060250,2026-04-13,14:40:00,16790,16800,16770,16770,1633,27400000,564,1069
060250,2026-04-13,14:45:00,16770,16770,16740,16750,3423,57360000,861,2562
060250,2026-04-13,14:50:00,16740,16740,16720,16720,4266,71360000,841,3425
060250,2026-04-13,14:55:00,16710,16770,16710,16760,5485,91740000,4442,1043
060250,2026-04-13,15:00:00,16750,16760,16730,16740,802,13420000,225,577
060250,2026-04-13,15:05:00,16740,16750,16730,16740,1856,31070000,941,915
060250,2026-04-13,15:10:00,16740,16750,16730,16735,4681,78320000,836,3845
060250,2026-04-13,15:15:00,16730,16735,16700,16700,9510,159050000,1237,8273
060250,2026-04-13,15:20:00,16700,16710,16670,16670,6626,110570000,929,5697
060250,2026-04-13,15:30:00,16640,16640,16640,16640,12315,204910000,11630,0
060250,2026-04-14,09:05:00,17170,17770,17160,17690,146118,2556930000,109221,36897
060250,2026-04-14,09:10:00,17700,17880,17445,17880,91215,1610960000,69431,21784
060250,2026-04-14,09:15:00,17870,17990,17660,17700,95992,1713760000,43771,52221
060250,2026-04-14,09:20:00,17700,17700,17460,17480,32748,574920000,9529,23219
060250,2026-04-14,09:25:00,17480,17540,17420,17420,30148,526800000,8065,22083
060250,2026-04-14,09:30:00,17420,17510,17390,17490,18225,317690000,8400,9825
060250,2026-04-14,09:35:00,17490,17630,17470,17620,17411,305780000,12511,4900
060250,2026-04-14,09:40:00,17630,18180,17620,18090,135102,2427140000,111327,23775
060250,2026-04-14,09:45:00,18100,18100,17960,18010,53530,965360000,25491,28039
060250,2026-04-14,09:50:00,18000,18340,18000,18120,98611,1792900000,78238,20373
060250,2026-04-14,09:55:00,18130,18390,18110,18330,85061,1555810000,53815,31246
060250,2026-04-14,10:00:00,18330,18360,18140,18140,68375,1250720000,25448,42927
060250,2026-04-14,10:05:00,18140,18190,18080,18180,28495,516750000,15182,13313
060250,2026-04-14,10:10:00,18170,18180,17880,17910,34039,613410000,10012,24027
060250,2026-04-14,10:15:00,17900,18070,17880,18040,17900,322070000,11275,6625
060250,2026-04-14,10:20:00,18040,18170,18020,18150,17538,317110000,13224,4314
060250,2026-04-14,10:25:00,18150,18420,18130,18410,42186,771990000,36070,6116
060250,2026-04-14,10:30:00,18420,18630,18350,18500,99783,1846340000,62407,37376
060250,2026-04-14,10:35:00,18500,18610,18370,18550,36190,669850000,20159,16031
060250,2026-04-14,10:40:00,18550,18590,18410,18480,23057,426030000,10908,12149
060250,2026-04-14,10:45:00,18460,18540,18400,18400,18778,346410000,5425,13353
060250,2026-04-14,10:50:00,18400,18410,18200,18250,26779,489850000,8074,18705
060250,2026-04-14,10:55:00,18240,18460,18240,18450,14945,274820000,8411,6534
060250,2026-04-14,11:00:00,18440,18470,18350,18400,15783,290280000,8444,7339
060250,2026-04-14,11:05:00,18400,18550,18250,18550,23306,429570000,15849,7457
060250,2026-04-14,11:10:00,18550,18690,18530,18550,43760,814740000,31981,11779
060250,2026-04-14,11:15:00,18550,18605,18450,18460,13888,257900000,6653,7235
060250,2026-04-14,11:20:00,18460,18580,18370,18470,13413,247960000,5960,7453
060250,2026-04-14,11:25:00,18400,18520,18310,18500,9095,167810000,5015,4080
060250,2026-04-14,11:30:00,18500,18520,18420,18460,5493,101570000,3102,2391
060250,2026-04-14,11:35:00,18460,18510,18440,18470,7401,136740000,3771,3630
060250,2026-04-14,11:40:00,18450,18490,18320,18420,8623,158490000,3277,5346
060250,2026-04-14,11:45:00,18430,18430,18360,18380,5363,98640000,2192,3171
060250,2026-04-14,11:50:00,18400,18490,18380,18450,7445,137050000,5099,2346
060250,2026-04-14,11:55:00,18440,18450,18380,18380,8742,160870000,1529,7213
060250,2026-04-14,12:00:00,18380,18400,18355,18380,5350,98310000,2632,2718
060250,2026-04-14,12:05:00,18380,18400,18260,18390,13190,241700000,4819,8371
060250,2026-04-14,12:10:00,18390,18440,18380,18420,6404,117910000,3516,2888
060250,2026-04-14,12:15:00,18420,18470,18410,18420,7138,131580000,3435,3703
060250,2026-04-14,12:20:00,18430,18450,18380,18380,8638,159180000,3224,5414
060250,2026-04-14,12:25:00,18380,18420,18375,18375,6191,113880000,2682,3509
060250,2026-04-14,12:30:00,18375,18430,18370,18400,3667,67490000,1883,1784
060250,2026-04-14,12:35:00,18400,18410,18330,18370,7364,135220000,2296,5068
060250,2026-04-14,12:40:00,18380,18550,18370,18540,18714,345900000,15746,2968
060250,2026-04-14,12:45:00,18540,18590,18535,18590,12303,228400000,8805,3498
060250,2026-04-14,12:50:00,18590,18800,18580,18800,50320,941970000,36777,13543
060250,2026-04-14,12:55:00,18800,18800,18610,18690,24066,450640000,7939,16127
060250,2026-04-14,13:00:00,18700,18730,18650,18730,15241,284690000,8684,6557
060250,2026-04-14,13:05:00,18730,18770,18680,18740,17310,324250000,8244,9066
060250,2026-04-14,13:10:00,18740,18880,18720,18880,44326,835020000,39668,4658
060250,2026-04-14,13:15:00,18890,19100,18710,18760,166066,3138280000,94440,71626
060250,2026-04-14,13:20:00,18760,18770,18630,18660,28345,530080000,8930,19415
060250,2026-04-14,13:25:00,18670,18870,18670,18860,23043,433250000,13770,9273
060250,2026-04-14,13:30:00,18860,18880,18620,18650,30797,576860000,8135,22662
060250,2026-04-14,13:35:00,18650,18780,18650,18730,12666,237030000,7279,5387
060250,2026-04-14,13:40:00,18720,18720,18550,18650,26156,486910000,7943,18213
060250,2026-04-14,13:45:00,18630,18650,18520,18520,12935,240310000,2685,10250
060250,2026-04-14,13:50:00,18530,18630,18530,18600,11854,220120000,7918,3936
060250,2026-04-14,13:55:00,18580,18610,18520,18550,12756,236890000,3966,8790
060250,2026-04-14,14:00:00,18560,18580,18500,18520,12330,228420000,2971,9359
060250,2026-04-14,14:05:00,18530,18550,18460,18490,14569,269530000,6936,7633
060250,2026-04-14,14:10:00,18490,18550,18470,18540,8352,154580000,4436,3916
060250,2026-04-14,14:15:00,18540,18540,18450,18540,11321,209210000,5893,5428
060250,2026-04-14,14:20:00,18540,18550,18450,18480,11350,209740000,5978,5372
060250,2026-04-14,14:25:00,18480,18530,18450,18520,9857,182290000,4453,5404
060250,2026-04-14,14:30:00,18510,18540,18430,18460,9193,169850000,2509,6684
060250,2026-04-14,14:35:00,18460,18470,18420,18450,7123,131410000,3336,3787
060250,2026-04-14,14:40:00,18460,18490,18400,18410,13305,245350000,5369,7936
060250,2026-04-14,14:45:00,18400,18410,18330,18340,15893,291970000,5923,9970
060250,2026-04-14,14:50:00,18330,18400,18310,18380,11386,208970000,4638,6748
060250,2026-04-14,14:55:00,18380,18380,18310,18340,7336,134510000,2591,4745
060250,2026-04-14,15:00:00,18320,18480,18240,18440,23280,426660000,14037,9243
060250,2026-04-14,15:05:00,18450,18480,18320,18400,14858,273740000,3226,11632
060250,2026-04-14,15:10:00,18400,18400,18350,18360,10412,191310000,3458,6954
060250,2026-04-14,15:15:00,18360,18370,18310,18340,8576,157340000,3464,5112
060250,2026-04-14,15:20:00,18330,18340,18260,18270,11468,209780000,4451,7017
060250,2026-04-14,15:30:00,18270,18270,18270,18270,28119,513730000,25685,0
060250,2026-04-15,09:05:00,18610,18880,18470,18720,80547,1506310000,50141,30406
060250,2026-04-15,09:10:00,18720,18920,18680,18840,67247,1267070000,29933,37314
060250,2026-04-15,09:15:00,18830,19200,18770,19200,68076,1292350000,52067,16009
060250,2026-04-15,09:20:00,19200,19400,19100,19380,110762,2132380000,59290,51472
060250,2026-04-15,09:25:00,19380,19500,19120,19180,68255,1318190000,34561,33694
060250,2026-04-15,09:30:00,19190,19280,18900,18910,46914,894770000,10206,36708
060250,2026-04-15,09:35:00,18920,19170,18900,19160,36769,697170000,23201,13568
060250,2026-04-15,09:40:00,19160,19400,19150,19360,40538,783400000,20846,19692
060250,2026-04-15,09:45:00,19340,19360,19090,19120,25630,492020000,12217,13413
060250,2026-04-15,09:50:00,19120,19440,19110,19380,40008,772930000,24672,15336
060250,2026-04-15,09:55:00,19390,19660,19320,19660,76457,1488860000,65435,11022
060250,2026-04-15,10:00:00,19660,19680,19340,19430,41965,816840000,11703,30262
060250,2026-04-15,10:05:00,19430,19640,19410,19580,24178,471820000,17377,6801
060250,2026-04-15,10:10:00,19580,19600,19300,19330,29847,580520000,11192,18655
060250,2026-04-15,10:15:00,19310,19450,19290,19340,13449,260530000,7434,6015
060250,2026-04-15,10:20:00,19360,19420,19340,19380,12761,247100000,7450,5311
060250,2026-04-15,10:25:00,19420,19620,19400,19530,31812,621780000,24256,7556
060250,2026-04-15,10:30:00,19530,19530,19390,19410,18711,364080000,5771,12940
060250,2026-04-15,10:35:00,19410,19630,19410,19620,17831,348610000,13223,4608
060250,2026-04-15,10:40:00,19630,19740,19470,19710,55672,1093180000,34630,21042
060250,2026-04-15,10:45:00,19730,19730,19340,19410,50593,989200000,14039,36554
060250,2026-04-15,10:50:00,19390,19420,19130,19210,62787,1207750000,30337,32450
060250,2026-04-15,10:55:00,19210,19370,19210,19300,11612,224330000,6659,4953
060250,2026-04-15,11:00:00,19330,19420,19250,19260,15769,304400000,4051,11718
060250,2026-04-15,11:05:00,19260,19330,19210,19230,10907,209960000,4329,6578
060250,2026-04-15,11:10:00,19230,19240,19150,19230,10505,201630000,2975,7530
060250,2026-04-15,11:15:00,19225,19285,19190,19285,15728,302380000,7624,8104
060250,2026-04-15,11:20:00,19290,19340,19180,19180,9670,186200000,4170,5500
060250,2026-04-15,11:25:00,19190,19310,19170,19310,7678,147810000,5487,2191
060250,2026-04-15,11:30:00,19300,19450,19255,19430,18074,349680000,11060,7014
060250,2026-04-15,11:35:00,19430,19440,19310,19310,10078,195350000,2448,7630
060250,2026-04-15,11:40:00,19320,19390,19300,19360,5964,115360000,3291,2673
060250,2026-04-15,11:45:00,19350,19350,19270,19320,7223,139400000,2434,4789
060250,2026-04-15,11:50:00,19320,19340,19300,19300,4897,94620000,2589,2308
060250,2026-04-15,11:55:00,19320,19350,19270,19300,7159,138240000,3956,3203
060250,2026-04-15,12:00:00,19290,19320,19260,19270,9050,174520000,1766,7284
060250,2026-04-15,12:05:00,19260,19280,19250,19260,4032,77660000,1314,2718
060250,2026-04-15,12:10:00,19270,19300,19230,19230,6417,123600000,2551,3866
060250,2026-04-15,12:15:00,19230,19330,19220,19330,8880,171040000,4832,4048
060250,2026-04-15,12:20:00,19330,19350,19270,19270,4419,85330000,1119,3300
060250,2026-04-15,12:25:00,19280,19330,19270,19310,3656,70550000,1490,2166
060250,2026-04-15,12:30:00,19310,19340,19310,19330,4390,84870000,1760,2630
060250,2026-04-15,12:35:00,19340,19350,19290,19350,4691,90610000,1503,3188
060250,2026-04-15,12:40:00,19320,19430,19300,19390,6183,119840000,4745,1438
060250,2026-04-15,12:45:00,19380,19490,19370,19380,9121,177240000,6188,2933
060250,2026-04-15,12:50:00,19370,19390,19330,19330,4691,90760000,1766,2925
060250,2026-04-15,12:55:00,19330,19360,19310,19320,3530,68260000,1759,1771
060250,2026-04-15,13:00:00,19320,19350,19300,19310,3668,70870000,1693,1975
060250,2026-04-15,13:05:00,19320,19330,19290,19290,6959,134370000,2757,4202
060250,2026-04-15,13:10:00,19290,19360,19280,19350,4964,95840000,1849,3115
060250,2026-04-15,13:15:00,19350,19370,19310,19370,7335,141790000,3843,3492
060250,2026-04-15,13:20:00,19370,19380,19310,19330,3990,77200000,1213,2777
060250,2026-04-15,13:25:00,19320,19330,19250,19270,6921,133460000,1705,5216
060250,2026-04-15,13:30:00,19280,19300,19260,19280,2937,56630000,971,1966
060250,2026-04-15,13:35:00,19280,19280,19170,19270,12121,232960000,2855,9266
060250,2026-04-15,13:40:00,19270,19270,19170,19220,3725,71600000,1667,2058
060250,2026-04-15,13:45:00,19220,19270,19180,19250,8897,171120000,7266,1631
060250,2026-04-15,13:50:00,19250,19270,19250,19260,2991,57620000,2020,971
060250,2026-04-15,13:55:00,19250,19290,19250,19280,4424,85220000,2468,1956
060250,2026-04-15,14:00:00,19280,19320,19280,19320,2572,49630000,1902,670
060250,2026-04-15,14:05:00,19330,19340,19250,19250,9265,178600000,5659,3606
060250,2026-04-15,14:10:00,19260,19330,19230,19330,9814,189020000,8589,1225
060250,2026-04-15,14:15:00,19330,19480,19330,19380,34055,661440000,24331,9724
060250,2026-04-15,14:20:00,19380,19400,19360,19370,6383,123730000,1630,4753
060250,2026-04-15,14:25:00,19370,19380,19300,19310,6337,122540000,2536,3801
060250,2026-04-15,14:30:00,19320,19350,19300,19340,3773,72940000,2200,1573
060250,2026-04-15,14:35:00,19340,19370,19320,19330,7667,148320000,4809,2858
060250,2026-04-15,14:40:00,19340,19350,19260,19270,8653,167120000,3814,4839
060250,2026-04-15,14:45:00,19270,19300,19130,19210,30676,589050000,10107,20569
060250,2026-04-15,14:50:00,19220,19240,19135,19170,10991,210840000,5403,5588
060250,2026-04-15,14:55:00,19170,19200,19150,19170,6204,118970000,3295,2909
060250,2026-04-15,15:00:00,19160,19270,19130,19270,11545,221820000,6997,4548
060250,2026-04-15,15:05:00,19300,19350,19250,19250,10037,193880000,6364,3673
060250,2026-04-15,15:10:00,19250,19280,19220,19230,6591,126850000,2490,4101
060250,2026-04-15,15:15:00,19220,19250,19220,19240,6597,126890000,3413,3184
060250,2026-04-15,15:20:00,19240,19290,19190,19290,18189,349870000,10582,7607
060250,2026-04-15,15:30:00,19270,19270,19270,19270,11693,225320000,7864,0
060250,2026-04-16,09:05:00,19670,20450,19650,20300,202884,4068810000,134924,67814
060250,2026-04-16,09:10:00,20400,20700,20300,20400,124706,2560280000,75567,49139
060250,2026-04-16,09:15:00,20400,20550,20100,20350,56736,1153680000,22438,34298
060250,2026-04-16,09:20:00,20300,20450,19990,20050,58527,1177980000,22562,35965
060250,2026-04-16,09:25:00,20050,20200,19940,20000,42123,842620000,14823,27300
060250,2026-04-16,09:30:00,20000,20100,19980,20050,19521,390720000,11657,7864
060250,2026-04-16,09:35:00,20050,20200,20000,20050,26870,540150000,18977,7893
060250,2026-04-16,09:40:00,20100,20100,19920,19940,31814,635950000,7995,23819
060250,2026-04-16,09:45:00,19980,19980,19930,19950,17233,343870000,9668,7565
060250,2026-04-16,09:50:00,19950,20100,19900,20050,22914,456940000,13179,9735
060250,2026-04-16,09:55:00,20050,20350,20000,20300,23509,474770000,20512,2997
060250,2026-04-16,10:00:00,20300,20350,20000,20050,14141,285720000,4353,9788
060250,2026-04-16,10:05:00,20050,20100,20000,20000,7030,140900000,905,6125
060250,2026-04-16,10:10:00,20000,20150,20000,20050,11135,223440000,8747,2388
060250,2026-04-16,10:15:00,20050,20150,20000,20100,5738,115170000,2540,3198
060250,2026-04-16,10:20:00,20100,20150,20050,20100,14066,282450000,7901,6165
060250,2026-04-16,10:25:00,20100,20150,20000,20050,3610,72480000,1421,2189
060250,2026-04-16,10:30:00,20050,20150,19970,20000,11991,239940000,2724,9267
060250,2026-04-16,10:35:00,19980,20400,19980,20300,26003,527430000,23100,2903
060250,2026-04-16,10:40:00,20350,20600,20300,20500,61339,1255540000,50324,11015
060250,2026-04-16,10:45:00,20500,20550,20350,20500,22259,455810000,12751,9508
060250,2026-04-16,10:50:00,20500,20550,20400,20450,9798,200690000,6906,2892
060250,2026-04-16,10:55:00,20450,20600,20400,20450,24025,493010000,17272,6753
060250,2026-04-16,11:00:00,20500,20550,20400,20450,13100,268040000,6075,7025
060250,2026-04-16,11:05:00,20450,20500,20300,20300,15960,325470000,4114,11846
060250,2026-04-16,11:10:00,20300,20500,20250,20450,14562,296410000,7191,7371
060250,2026-04-16,11:15:00,20450,20450,20350,20400,5984,122090000,862,5122
060250,2026-04-16,11:20:00,20400,20400,20250,20300,7477,151920000,886,6591
060250,2026-04-16,11:25:00,20300,20350,20250,20350,6742,136900000,3064,3678
060250,2026-04-16,11:30:00,20350,20400,20250,20250,5619,114210000,961,4658
060250,2026-04-16,11:35:00,20300,20450,20250,20375,8616,175210000,7417,1199
060250,2026-04-16,11:40:00,20350,20450,20350,20350,5084,103740000,2340,2744
060250,2026-04-16,11:45:00,20350,20400,20350,20350,4158,84780000,2780,1378
060250,2026-04-16,11:50:00,20400,20400,20350,20350,4367,88940000,1398,2969
060250,2026-04-16,11:55:00,20350,20400,20350,20350,2872,58460000,470,2402
060250,2026-04-16,12:00:00,20350,20400,20300,20300,4912,99970000,3325,1587
060250,2026-04-16,12:05:00,20350,20400,20350,20350,1832,37290000,191,1641
060250,2026-04-16,12:10:00,20350,20400,20350,20400,2708,55170000,1282,1426
060250,2026-04-16,12:15:00,20400,20450,20350,20450,3116,63540000,2414,702
060250,2026-04-16,12:20:00,20400,20450,20250,20350,8172,166320000,1041,7131
060250,2026-04-16,12:25:00,20400,20400,20350,20350,1264,25730000,176,1088
060250,2026-04-16,12:30:00,20350,20450,20350,20350,3258,66390000,1681,1577
060250,2026-04-16,12:35:00,20350,20500,20350,20400,5053,103230000,3552,1501
060250,2026-04-16,12:40:00,20400,20500,20400,20450,5919,121060000,5089,830
060250,2026-04-16,12:45:00,20500,20600,20500,20550,15754,323520000,11059,4695
060250,2026-04-16,12:50:00,20500,20600,20300,20300,7996,163580000,2253,5743
060250,2026-04-16,12:55:00,20450,20500,20300,20450,3456,70550000,2521,935
060250,2026-04-16,13:00:00,20450,20750,20400,20600,41350,853100000,37738,3612
060250,2026-04-16,13:05:00,20600,20750,20600,20650,17995,371770000,11448,6547
060250,2026-04-16,13:10:00,20650,20650,20500,20600,13945,287520000,6517,7428
060250,2026-04-16,13:15:00,20600,20600,20450,20500,5549,113830000,1479,4070
060250,2026-04-16,13:20:00,20500,20550,20400,20500,7300,149440000,2997,4303
060250,2026-04-16,13:25:00,20500,20600,20500,20550,10785,221720000,4171,6614
060250,2026-04-16,13:30:00,20550,20550,20400,20500,4930,100960000,1739,3191
060250,2026-04-16,13:35:00,20500,20650,20500,20650,9567,196970000,6826,2741
060250,2026-04-16,13:40:00,20650,20800,20550,20700,32090,665560000,25518,6572
060250,2026-04-16,13:45:00,20700,20800,20700,20750,11558,239880000,6680,4878
060250,2026-04-16,13:50:00,20700,20950,20650,20900,45434,948020000,41059,4375
060250,2026-04-16,13:55:00,20950,21150,20800,20900,84694,1778110000,51446,33248
060250,2026-04-16,14:00:00,21000,21050,20800,20850,18318,382800000,8332,9986
060250,2026-04-16,14:05:00,20800,21000,20700,20850,19593,409020000,8975,10618
060250,2026-04-16,14:10:00,20850,20900,20650,20750,16372,340010000,5393,10979
060250,2026-04-16,14:15:00,20750,21050,20600,21000,20302,423200000,16152,4150
060250,2026-04-16,14:20:00,21050,21150,20950,21150,31845,671060000,20866,10979
060250,2026-04-16,14:25:00,21100,21250,20950,20950,55929,1182370000,36544,19385
060250,2026-04-16,14:30:00,21000,21100,20900,21000,10947,230010000,4566,6381
060250,2026-04-16,14:35:00,20950,21150,20950,21150,10462,220360000,7552,2910
060250,2026-04-16,14:40:00,21150,21150,20900,21050,16988,357300000,5825,11163
060250,2026-04-16,14:45:00,21050,21100,20950,21000,8892,186880000,3124,5768
060250,2026-04-16,14:50:00,20950,21000,20850,20950,13980,292620000,4329,9651
060250,2026-04-16,14:55:00,21000,21050,20950,20950,13712,288000000,9051,4661
060250,2026-04-16,15:00:00,20950,21000,20900,21000,6306,132090000,3043,3263
060250,2026-04-16,15:05:00,21000,21100,20900,21000,22162,465190000,14280,7882
060250,2026-04-16,15:10:00,21000,21050,20950,20950,11538,241980000,5124,6414
060250,2026-04-16,15:15:00,20950,21000,20900,20900,15360,321660000,8730,6630
060250,2026-04-16,15:20:00,20900,21000,20900,20900,20732,434300000,10400,10332
060250,2026-04-16,15:30:00,21000,21000,21000,21000,24654,517720000,23225,0
060250,2026-04-17,09:05:00,20850,20850,20400,20500,82520,1704340000,38157,40140
060250,2026-04-17,09:10:00,20600,21200,20450,21200,53716,1117650000,36087,17629
060250,2026-04-17,09:15:00,21200,21550,21000,21400,72256,1538180000,40218,32038
060250,2026-04-17,09:20:00,21400,21500,21100,21100,47683,1017380000,26190,21493
060250,2026-04-17,09:25:00,21150,21300,21100,21150,31068,657930000,16884,14184
060250,2026-04-17,09:30:00,21100,21150,20650,20900,31989,668250000,9397,22592
060250,2026-04-17,09:35:00,20950,20950,20600,20700,24856,516440000,10712,14144
060250,2026-04-17,09:40:00,20600,20700,20550,20600,15421,318140000,5528,9893
060250,2026-04-17,09:45:00,20600,20850,20600,20750,14028,291240000,6243,7785
060250,2026-04-17,09:50:00,20800,21000,20700,21000,12518,261480000,8241,4277
060250,2026-04-17,09:55:00,21000,21025,20700,20700,16251,338130000,2756,13495
060250,2026-04-17,10:00:00,20725,20750,20650,20700,9632,199110000,1529,8103
060250,2026-04-17,10:05:00,20700,20800,20700,20750,7184,149140000,4568,2616
060250,2026-04-17,10:10:00,20750,20800,20700,20700,8250,171020000,594,7656
060250,2026-04-17,10:15:00,20750,20900,20700,20700,7917,164540000,3523,4394
060250,2026-04-17,10:20:00,20700,20850,20700,20750,6112,126850000,2627,3485
060250,2026-04-17,10:25:00,20800,20850,20700,20700,4748,98610000,2441,2307
060250,2026-04-17,10:30:00,20700,20700,20650,20700,4611,95420000,1639,2972
060250,2026-04-17,10:35:00,20700,20750,20650,20700,6227,128850000,2425,3802
060250,2026-04-17,10:40:00,20650,20700,20600,20700,7028,145140000,2760,4268
060250,2026-04-17,10:45:00,20700,20750,20550,20700,13707,283010000,1976,11731
060250,2026-04-17,10:50:00,20600,20650,20500,20550,8432,173380000,1115,7317
060250,2026-04-17,10:55:00,20550,20600,20450,20600,10097,207160000,4356,5741
060250,2026-04-17,11:00:00,20500,20600,20500,20500,6842,140460000,3293,3549
060250,2026-04-17,11:05:00,20500,20650,20500,20650,7190,148150000,5693,1497
060250,2026-04-17,11:10:00,20600,20700,20600,20650,2146,44350000,1386,760
060250,2026-04-17,11:15:00,20650,20700,20650,20650,2141,44230000,320,1821
060250,2026-04-17,11:20:00,20650,20750,20650,20700,5232,108330000,3368,1864
060250,2026-04-17,11:25:00,20700,20750,20600,20600,9538,197200000,680,8858
060250,2026-04-17,11:30:00,20650,20650,20550,20550,3724,76700000,2353,1371
060250,2026-04-17,11:35:00,20600,20700,20600,20650,2963,61150000,1834,1129
060250,2026-04-17,11:40:00,20700,20700,20650,20650,763,15770000,234,529
060250,2026-04-17,11:45:00,20650,20700,20625,20625,3035,62680000,157,2878
060250,2026-04-17,11:50:00,20625,20650,20550,20550,9800,201920000,5804,3996
060250,2026-04-17,11:55:00,20600,20600,20500,20550,7695,158020000,1048,6647
060250,2026-04-17,12:00:00,20500,20550,20450,20450,9451,193590000,2466,6985
060250,2026-04-17,12:05:00,20450,20450,20300,20350,11535,235080000,1679,9856
060250,2026-04-17,12:10:00,20350,20400,20300,20400,8052,163970000,4309,3743
060250,2026-04-17,12:15:00,20400,20500,20250,20400,14775,300940000,8346,6429
060250,2026-04-17,12:20:00,20450,20450,20400,20450,1699,34730000,1411,288
060250,2026-04-17,12:25:00,20450,20450,20400,20450,2164,44200000,1095,1069
060250,2026-04-17,12:30:00,20450,20450,20250,20300,7772,158170000,2781,4991
060250,2026-04-17,12:35:00,20350,20350,20250,20300,5631,114300000,3264,2367
060250,2026-04-17,12:40:00,20300,20400,20250,20400,6456,131300000,4524,1932
060250,2026-04-17,12:45:00,20400,20450,20350,20400,3106,63430000,1425,1681
060250,2026-04-17,12:50:00,20350,20450,20300,20400,4696,95680000,2643,2053
060250,2026-04-17,12:55:00,20400,20600,20400,20600,4195,86130000,3611,584
060250,2026-04-17,13:00:00,20600,20650,20550,20600,3608,74320000,2608,1000
060250,2026-04-17,13:05:00,20650,20650,20500,20600,4474,92100000,1889,2585
060250,2026-04-17,13:10:00,20650,20700,20550,20600,4063,83860000,2146,1917
060250,2026-04-17,13:15:00,20600,20650,20550,20550,2075,42750000,501,1574
060250,2026-04-17,13:20:00,20550,20650,20450,20600,6309,129750000,2757,3552
060250,2026-04-17,13:25:00,20600,20650,20550,20600,1488,30620000,400,1088
060250,2026-04-17,13:30:00,20600,20700,20550,20650,3669,75630000,2474,1195
060250,2026-04-17,13:35:00,20650,20650,20500,20550,8064,165910000,1109,6955
060250,2026-04-17,13:40:00,20550,20550,20500,20500,2618,53760000,1174,1444
060250,2026-04-17,13:45:00,20500,20550,20500,20550,1471,30200000,897,574
060250,2026-04-17,13:50:00,20550,20600,20500,20500,2720,55810000,791,1929
060250,2026-04-17,13:55:00,20500,20550,20500,20500,2973,60990000,903,2070
060250,2026-04-17,14:00:00,20450,20500,20450,20450,1760,36010000,346,1414
060250,2026-04-17,14:05:00,20450,20500,20400,20400,4706,96270000,1156,3550
060250,2026-04-17,14:10:00,20400,20500,20350,20450,13868,282910000,3639,10229
060250,2026-04-17,14:15:00,20450,20500,20350,20450,4965,101300000,2802,2163
060250,2026-04-17,14:20:00,20450,20450,20350,20350,8629,176070000,3856,4773
060250,2026-04-17,14:25:00,20375,20400,20300,20350,7938,161370000,695,7243
060250,2026-04-17,14:30:00,20350,20400,20300,20400,5040,102520000,1952,3088
060250,2026-04-17,14:35:00,20400,20400,20325,20350,5556,113090000,798,4758
060250,2026-04-17,14:40:00,20350,20450,20300,20400,14127,287700000,12334,1793
060250,2026-04-17,14:45:00,20400,20450,20350,20400,3304,67380000,1704,1600
060250,2026-04-17,14:50:00,20400,20500,20400,20450,9737,199380000,3853,5884
060250,2026-04-17,14:55:00,20450,20500,20400,20450,2854,58350000,806,2048
060250,2026-04-17,15:00:00,20450,20500,20400,20450,3556,72710000,2302,1254
060250,2026-04-17,15:05:00,20450,20500,20400,20450,4499,91960000,3106,1393
060250,2026-04-17,15:10:00,20500,20500,20450,20500,2042,41810000,1019,1023
060250,2026-04-17,15:15:00,20475,20550,20400,20550,6023,123370000,3576,2447
060250,2026-04-17,15:20:00,20550,20550,20500,20550,5273,108200000,2115,3158
060250,2026-04-17,15:30:00,20400,20400,20400,20400,16535,337310000,15275,0
060250,2026-04-20,09:05:00,20250,20450,19940,20200,52779,1067180000,35893,16598
060250,2026-04-20,09:10:00,20250,20550,20200,20550,29048,591300000,16792,12256
060250,2026-04-20,09:15:00,20500,20650,20400,20550,19580,401880000,9865,9715
060250,2026-04-20,09:20:00,20550,20750,20500,20600,26834,553240000,11654,15180
060250,2026-04-20,09:25:00,20600,20900,20600,20700,21310,442110000,10948,10362
060250,2026-04-20,09:30:00,20700,20800,20600,20600,14099,291530000,4162,9937
060250,2026-04-20,09:35:00,20650,20850,20600,20800,18788,390530000,9986,8802
060250,2026-04-20,09:40:00,20800,20800,20600,20600,12543,259520000,1687,10856
060250,2026-04-20,09:45:00,20600,20800,20600,20800,7076,146460000,4355,2721
060250,2026-04-20,09:50:00,20800,20900,20800,20850,15913,331500000,10918,4995
060250,2026-04-20,09:55:00,20850,20900,20750,20750,13677,285070000,6230,7447
060250,2026-04-20,10:00:00,20750,20950,20650,20900,11422,237970000,7453,3969
060250,2026-04-20,10:05:00,20850,21000,20850,20900,6375,133390000,3995,2380
060250,2026-04-20,10:10:00,20950,21000,20800,20850,17052,356340000,5440,11612
060250,2026-04-20,10:15:00,20800,20900,20750,20800,10760,223740000,3362,7398
060250,2026-04-20,10:20:00,20800,20800,20650,20700,5569,115230000,776,4793
060250,2026-04-20,10:25:00,20650,20700,20500,20600,14339,295180000,4574,9765
060250,2026-04-20,10:30:00,20600,20700,20500,20650,4392,90370000,1785,2607
060250,2026-04-20,10:35:00,20650,20800,20600,20750,3619,75000000,3009,610
060250,2026-04-20,10:40:00,20750,20800,20600,20700,6183,128030000,974,5209
060250,2026-04-20,10:45:00,20650,20700,20550,20550,9693,199660000,1960,7733
060250,2026-04-20,10:50:00,20550,20600,20500,20600,9793,200920000,4630,5163
060250,2026-04-20,10:55:00,20600,20650,20550,20650,4182,86110000,1684,2498
060250,2026-04-20,11:00:00,20650,20650,20550,20550,7729,159260000,4802,2927
060250,2026-04-20,11:05:00,20550,20650,20500,20600,4926,101300000,3004,1922
060250,2026-04-20,11:10:00,20600,20600,20550,20550,4608,94730000,922,3686
060250,2026-04-20,11:15:00,20600,20600,20500,20600,2258,46410000,1022,1236
060250,2026-04-20,11:20:00,20550,20550,20500,20500,3122,64080000,1126,1996
060250,2026-04-20,11:25:00,20500,20550,20450,20475,12157,249060000,2501,9656
060250,2026-04-20,11:30:00,20450,20500,20400,20450,2901,59320000,579,2322
060250,2026-04-20,11:35:00,20450,20500,20400,20450,3466,70780000,1279,2187
060250,2026-04-20,11:40:00,20450,20450,20350,20450,8146,165930000,3332,4814
060250,2026-04-20,11:45:00,20450,20500,20350,20400,2697,55110000,1257,1440
060250,2026-04-20,11:50:00,20400,20550,20350,20450,3296,67460000,2520,776
060250,2026-04-20,11:55:00,20450,20500,20450,20450,894,18300000,358,536
060250,2026-04-20,12:00:00,20450,20550,20450,20550,5375,110140000,3914,1461
060250,2026-04-20,12:05:00,20500,20550,20500,20500,1719,35260000,476,1243
060250,2026-04-20,12:10:00,20500,20600,20500,20500,3387,69610000,1492,1895
060250,2026-04-20,12:15:00,20500,20550,20500,20550,2219,45580000,1593,626
060250,2026-04-20,12:20:00,20550,20550,20300,20400,12271,250830000,1123,11148
060250,2026-04-20,12:25:00,20400,20550,20400,20450,4337,88760000,1545,2792
060250,2026-04-20,12:30:00,20450,20500,20400,20450,1760,36000000,1273,487
060250,2026-04-20,12:35:00,20450,20500,20400,20400,2786,56910000,1332,1454
060250,2026-04-20,12:40:00,20400,20450,20350,20450,7126,145480000,3038,4088
060250,2026-04-20,12:45:00,20450,20500,20400,20400,4822,98540000,1288,3534
060250,2026-04-20,12:50:00,20450,20450,20350,20400,6373,130020000,2568,3805
060250,2026-04-20,12:55:00,20450,20450,20400,20400,707,14430000,205,502
060250,2026-04-20,13:00:00,20400,20450,20300,20350,16959,344870000,8782,8177
060250,2026-04-20,13:05:00,20350,20500,20250,20300,22282,453700000,15943,6339
060250,2026-04-20,13:10:00,20300,20350,20250,20300,5222,105910000,2027,3195
060250,2026-04-20,13:15:00,20250,20350,20250,20300,17755,359900000,10958,6797
060250,2026-04-20,13:20:00,20250,20350,20250,20275,3672,74450000,1790,1882
060250,2026-04-20,13:25:00,20300,20350,20250,20300,4033,81760000,1648,2385
060250,2026-04-20,13:30:00,20350,20500,20300,20500,3696,75430000,2844,852
060250,2026-04-20,13:35:00,20400,20450,20350,20450,2449,49970000,1020,1429
060250,2026-04-20,13:40:00,20450,20450,20400,20400,973,19850000,117,856
060250,2026-04-20,13:45:00,20400,20500,20400,20450,1379,28170000,753,626
060250,2026-04-20,13:50:00,20500,20500,20400,20450,2994,61240000,1201,1793
060250,2026-04-20,13:55:00,20400,20450,20350,20400,852,17370000,563,289
060250,2026-04-20,14:00:00,20400,20500,20350,20500,1210,24710000,817,393
060250,2026-04-20,14:05:00,20500,20500,20450,20500,1059,21680000,439,620
060250,2026-04-20,14:10:00,20450,20500,20400,20450,7366,150380000,1715,5651
060250,2026-04-20,14:15:00,20500,20500,20400,20450,1221,24960000,359,862
060250,2026-04-20,14:20:00,20450,20500,20450,20450,2193,44900000,1129,1064
060250,2026-04-20,14:25:00,20450,20500,20400,20450,6881,140660000,1944,4937
060250,2026-04-20,14:30:00,20500,20500,20350,20350,17769,363170000,5090,12679
060250,2026-04-20,14:35:00,20350,20500,20350,20450,3336,68010000,2305,1031
060250,2026-04-20,14:40:00,20450,20500,20400,20450,2707,55380000,1137,1570
060250,2026-04-20,14:45:00,20450,20500,20450,20450,3094,63380000,2086,1008
060250,2026-04-20,14:50:00,20500,20500,20400,20500,11397,233080000,2816,8581
060250,2026-04-20,14:55:00,20450,20500,20400,20400,4154,84830000,37,4117
060250,2026-04-20,15:00:00,20400,20500,20400,20450,3132,64020000,1818,1314
060250,2026-04-20,15:05:00,20450,20500,20400,20500,4962,101640000,4216,746
060250,2026-04-20,15:10:00,20500,20525,20400,20450,4760,97380000,2381,2379
060250,2026-04-20,15:15:00,20450,20500,20400,20450,6413,130930000,3259,3154
060250,2026-04-20,15:20:00,20450,20550,20450,20450,8850,181380000,4723,4127
060250,2026-04-20,15:30:00,20400,20400,20400,20400,12173,248320000,11577,0
060250,2026-04-21,09:05:00,20600,20700,20100,20250,17716,361730000,6373,11343
060250,2026-04-21,09:10:00,20300,20600,20150,20400,17709,361190000,4249,13460
060250,2026-04-21,09:15:00,20400,20450,20200,20350,12365,251580000,4734,7631
060250,2026-04-21,09:20:00,20300,20500,20250,20400,11550,234970000,6639,4911
060250,2026-04-21,09:25:00,20350,20550,20300,20550,6448,131650000,4581,1867
060250,2026-04-21,09:30:00,20500,20600,20450,20500,6063,124350000,3337,2726
060250,2026-04-21,09:35:00,20500,20500,20350,20400,3463,70750000,1115,2348
060250,2026-04-21,09:40:00,20400,20450,20275,20450,11523,234230000,7065,4458
060250,2026-04-21,09:45:00,20400,20550,20400,20550,6302,129030000,4476,1826
060250,2026-04-21,09:50:00,20550,20550,20375,20400,6061,124030000,3251,2810
060250,2026-04-21,09:55:00,20400,20450,20250,20400,13667,277220000,7781,5886
060250,2026-04-21,10:00:00,20400,20500,20350,20450,2407,49160000,2076,331
060250,2026-04-21,10:05:00,20450,20500,20350,20500,9443,192960000,3989,5454
060250,2026-04-21,10:10:00,20500,20700,20400,20650,12933,265740000,11007,1926
060250,2026-04-21,10:15:00,20650,20750,20650,20700,10480,216810000,6058,4422
060250,2026-04-21,10:20:00,20650,20900,20650,20850,25012,519280000,18114,6898
060250,2026-04-21,10:25:00,20850,20900,20750,20800,12440,259240000,6196,6244
060250,2026-04-21,10:30:00,20800,20850,20750,20800,6872,142920000,3727,3145
060250,2026-04-21,10:35:00,20800,20800,20750,20800,3281,68100000,550,2731
060250,2026-04-21,10:40:00,20800,21050,20750,20800,25688,536920000,19733,5955
060250,2026-04-21,10:45:00,20850,21000,20800,21000,6851,143060000,5226,1625
060250,2026-04-21,10:50:00,21000,21150,21000,21050,33668,709640000,14069,19599
060250,2026-04-21,10:55:00,21000,21100,21000,21050,13388,281760000,5601,7787
060250,2026-04-21,11:00:00,21000,21050,20900,20900,9461,198200000,3909,5552
060250,2026-04-21,11:05:00,20950,21000,20900,20925,7428,155550000,2914,4514
060250,2026-04-21,11:10:00,20925,21000,20850,20950,8527,178350000,3334,5193
060250,2026-04-21,11:15:00,20900,20900,20800,20800,5422,113120000,1386,4036
060250,2026-04-21,11:20:00,20850,20900,20750,20900,13253,275920000,5157,8096
060250,2026-04-21,11:25:00,20900,20950,20800,20900,6478,135360000,3339,3139
060250,2026-04-21,11:30:00,20900,21100,20900,21025,12475,262050000,8817,3658
060250,2026-04-21,11:35:00,21050,21050,20950,21000,7395,155270000,3131,4264
060250,2026-04-21,11:40:00,21000,21000,20850,20900,4478,93620000,1688,2790
060250,2026-04-21,11:45:00,20900,20900,20800,20800,4759,99250000,517,4242
060250,2026-04-21,11:50:00,20800,20950,20750,20750,11221,233910000,3549,7672
060250,2026-04-21,11:55:00,20800,20850,20750,20800,5956,123780000,2082,3874
060250,2026-04-21,12:00:00,20750,20800,20700,20800,4709,97740000,4215,494
060250,2026-04-21,12:05:00,20800,20800,20750,20800,4611,95770000,1908,2703
060250,2026-04-21,12:10:00,20750,20800,20700,20750,3505,72760000,803,2702
060250,2026-04-21,12:15:00,20750,20750,20700,20750,7023,145480000,2206,4817
060250,2026-04-21,12:20:00,20750,20750,20700,20750,1736,35970000,509,1227
060250,2026-04-21,12:25:00,20700,20800,20700,20800,6089,126300000,2506,3583
060250,2026-04-21,12:30:00,20750,20800,20700,20800,5120,106250000,2619,2501
060250,2026-04-21,12:35:00,20775,20900,20775,20900,3595,74920000,2558,1037
060250,2026-04-21,12:40:00,20850,20900,20750,20800,8805,182990000,495,8310
060250,2026-04-21,12:45:00,20800,20800,20600,20750,6523,134890000,1285,5238
060250,2026-04-21,12:50:00,20700,20750,20600,20650,6048,124970000,2011,4037
060250,2026-04-21,12:55:00,20675,20750,20650,20700,3596,74420000,1830,1766
060250,2026-04-21,13:00:00,20700,20800,20700,20750,2183,45300000,1684,499
060250,2026-04-21,13:05:00,20750,20800,20700,20800,4750,98670000,2618,2132
060250,2026-04-21,13:10:00,20800,20850,20750,20800,2169,45100000,1612,557
060250,2026-04-21,13:15:00,20800,20850,20700,20750,4247,88210000,804,3443
060250,2026-04-21,13:20:00,20750,20800,20700,20700,3347,69440000,1448,1899
060250,2026-04-21,13:25:00,20700,20750,20600,20600,9135,188530000,1541,7594
060250,2026-04-21,13:30:00,20600,20700,20600,20700,3764,77660000,2212,1552
060250,2026-04-21,13:35:00,20650,20700,20600,20650,4681,96680000,852,3829
060250,2026-04-21,13:40:00,20700,20700,20650,20650,1269,26220000,141,1128
060250,2026-04-21,13:45:00,20650,20700,20500,20550,12047,247980000,741,11306
060250,2026-04-21,13:50:00,20500,20700,20500,20700,7718,158960000,3929,3789
060250,2026-04-21,13:55:00,20650,20750,20650,20750,3643,75380000,2005,1638
060250,2026-04-21,14:00:00,20750,20750,20650,20650,2576,53320000,762,1814
060250,2026-04-21,14:05:00,20650,20700,20650,20700,3413,70630000,3040,373
060250,2026-04-21,14:10:00,20700,20750,20650,20700,2950,61070000,1318,1632
060250,2026-04-21,14:15:00,20750,20800,20700,20700,4523,93860000,2984,1539
060250,2026-04-21,14:20:00,20750,20800,20700,20800,6348,131720000,2943,3405
060250,2026-04-21,14:25:00,20750,20800,20700,20750,1642,34030000,528,1114
060250,2026-04-21,14:30:00,20700,20750,20650,20700,7287,150800000,2120,5167
060250,2026-04-21,14:35:00,20650,20750,20650,20750,4150,85830000,2095,2055
060250,2026-04-21,14:40:00,20700,20750,20650,20700,5001,103420000,1000,4001
060250,2026-04-21,14:45:00,20650,20700,20650,20650,2054,42460000,835,1219
060250,2026-04-21,14:50:00,20650,20700,20600,20700,4794,98970000,1960,2834
060250,2026-04-21,14:55:00,20650,20700,20600,20600,6484,133870000,389,6095
060250,2026-04-21,15:00:00,20600,20650,20600,20650,4174,86070000,1708,2466
060250,2026-04-21,15:05:00,20650,20700,20600,20650,6558,135450000,3737,2821
060250,2026-04-21,15:10:00,20700,20700,20650,20650,3723,76970000,1923,1800
060250,2026-04-21,15:15:00,20650,20700,20650,20700,6699,138610000,5261,1438
060250,2026-04-21,15:20:00,20700,20700,20550,20600,21338,440140000,9427,11911
060250,2026-04-21,15:30:00,20600,20600,20600,20600,11825,243590000,11558,0
060250,2026-04-22,09:05:00,20250,20450,20050,20150,33358,673680000,16478,16708
060250,2026-04-22,09:10:00,20150,20200,19930,19960,43607,872180000,19120,24487
060250,2026-04-22,09:15:00,19960,19980,19840,19940,33205,660820000,15553,17652
060250,2026-04-22,09:20:00,19920,20100,19850,19920,26644,530350000,10840,15804
060250,2026-04-22,09:25:00,19930,20000,19890,19950,17273,344540000,10569,6704
060250,2026-04-22,09:30:00,19950,20100,19950,20100,13677,273780000,7317,6360
060250,2026-04-22,09:35:00,20000,20150,19990,20050,9905,198750000,3427,6478
060250,2026-04-22,09:40:00,20050,20150,19950,19960,15408,308110000,3876,11532
060250,2026-04-22,09:45:00,19960,19990,19850,19990,28562,568570000,8168,20394
060250,2026-04-22,09:50:00,19970,19970,19850,19870,10937,217650000,1865,9072
060250,2026-04-22,09:55:00,19870,19990,19860,19870,5523,109920000,3963,1560
060250,2026-04-22,10:00:00,19870,19930,19810,19910,20528,407820000,8128,12400
060250,2026-04-22,10:05:00,19910,19910,19770,19780,24462,485110000,5778,18684
060250,2026-04-22,10:10:00,19770,19810,19720,19760,17342,342810000,6897,10445
060250,2026-04-22,10:15:00,19760,19980,19730,19860,17056,338740000,13202,3854
060250,2026-04-22,10:20:00,19850,19880,19800,19810,6429,127470000,1916,4513
060250,2026-04-22,10:25:00,19810,19910,19790,19890,4028,79820000,1583,2445
060250,2026-04-22,10:30:00,19860,19870,19780,19790,6822,135210000,1404,5418
060250,2026-04-22,10:35:00,19780,19790,19680,19700,32433,639790000,7803,24630
060250,2026-04-22,10:40:00,19700,19790,19690,19760,9037,178380000,6839,2198
060250,2026-04-22,10:45:00,19760,19810,19750,19790,4611,91150000,2942,1669
060250,2026-04-22,10:50:00,19790,19930,19780,19830,7567,150070000,4670,2897
060250,2026-04-22,10:55:00,19830,19930,19830,19870,12861,255410000,10006,2855
060250,2026-04-22,11:00:00,19870,19920,19860,19920,6497,129220000,5054,1443
060250,2026-04-22,11:05:00,19920,19980,19910,19920,6420,127990000,2181,4239
060250,2026-04-22,11:10:00,19930,19980,19930,19960,4157,82950000,2601,1556
060250,2026-04-22,11:15:00,19990,20050,19950,19950,2692,53800000,1084,1608
060250,2026-04-22,11:20:00,19950,19970,19940,19950,2923,58330000,910,2013
060250,2026-04-22,11:25:00,19950,19960,19940,19960,3087,61570000,916,2171
060250,2026-04-22,11:30:00,19960,19960,19920,19940,5631,112240000,3490,2141
060250,2026-04-22,11:35:00,19960,20050,19950,20050,3238,64740000,2067,1171
060250,2026-04-22,11:40:00,20050,20050,20000,20000,2704,54110000,1379,1325
060250,2026-04-22,11:45:00,20050,20050,19990,20000,2473,49460000,1038,1435
060250,2026-04-22,11:50:00,20000,20000,19980,19990,3155,63070000,501,2654
060250,2026-04-22,11:55:00,19990,20050,19990,19990,3520,70400000,1668,1852
060250,2026-04-22,12:00:00,19990,20050,19990,20000,1703,34060000,44,1659
060250,2026-04-22,12:05:00,20000,20050,19990,20000,3074,61480000,524,2550
060250,2026-04-22,12:10:00,19990,20050,19990,20000,1625,32500000,675,950
060250,2026-04-22,12:15:00,20050,20050,19990,20000,3374,67500000,1119,2255
060250,2026-04-22,12:20:00,20000,20050,19990,20000,4556,91130000,2286,2270
060250,2026-04-22,12:25:00,20000,20050,19990,20000,2752,55050000,1189,1563
060250,2026-04-22,12:30:00,20000,20050,19980,19990,5459,109150000,2397,3062
060250,2026-04-22,12:35:00,19990,20050,19980,20000,2676,53520000,1847,829
060250,2026-04-22,12:40:00,20050,20100,20000,20000,3044,60950000,1451,1593
060250,2026-04-22,12:45:00,20050,20050,19990,20000,2783,55710000,890,1893
060250,2026-04-22,12:50:00,20050,20050,19990,20000,5960,119200000,2297,3663
060250,2026-04-22,12:55:00,20000,20050,19970,19980,2700,53960000,794,1906
060250,2026-04-22,13:00:00,19980,20000,19970,19980,2833,56600000,863,1970
060250,2026-04-22,13:05:00,19985,20000,19980,19985,2468,49330000,1604,864
060250,2026-04-22,13:10:00,19985,20050,19980,20000,3329,66560000,2002,1327
060250,2026-04-22,13:15:00,20050,20050,20000,20050,2144,42890000,260,1884
060250,2026-04-22,13:20:00,20050,20050,19970,19970,5262,105240000,1743,3519
060250,2026-04-22,13:25:00,19970,20050,19970,20000,3416,68310000,1550,1866
060250,2026-04-22,13:30:00,20050,20050,19990,20000,2976,59530000,862,2114
060250,2026-04-22,13:35:00,20050,20100,19990,20050,6009,120360000,4924,1085
060250,2026-04-22,13:40:00,20000,20050,19990,19990,3990,79800000,1145,2845
060250,2026-04-22,13:45:00,19990,20050,19990,20000,2709,54190000,1735,974
060250,2026-04-22,13:50:00,20050,20050,19990,20050,2244,44880000,595,1649
060250,2026-04-22,13:55:00,20000,20050,19980,19990,4095,81880000,1536,2559
060250,2026-04-22,14:00:00,20000,20000,19930,19950,9843,196480000,1392,8451
060250,2026-04-22,14:05:00,19990,20000,19960,19960,2653,53000000,937,1716
060250,2026-04-22,14:10:00,19960,20050,19960,20000,2473,49430000,1441,1032
060250,2026-04-22,14:15:00,20000,20000,19980,20000,1873,37440000,492,1381
060250,2026-04-22,14:20:00,20000,20050,19990,20050,1923,38470000,929,994
060250,2026-04-22,14:25:00,20050,20050,20000,20000,2527,50550000,309,2218
060250,2026-04-22,14:30:00,20000,20050,19985,20050,4406,88140000,1848,2558
060250,2026-04-22,14:35:00,20000,20050,20000,20000,2209,44200000,389,1820
060250,2026-04-22,14:40:00,20000,20050,20000,20050,1545,30910000,239,1306
060250,2026-04-22,14:45:00,20000,20050,20000,20000,2784,55730000,932,1852
060250,2026-04-22,14:50:00,20000,20050,20000,20050,1827,36560000,422,1405
060250,2026-04-22,14:55:00,20000,20100,20000,20100,3980,79750000,2064,1916
060250,2026-04-22,15:00:00,20050,20100,20000,20050,3209,64320000,850,2359
060250,2026-04-22,15:05:00,20050,20150,20050,20100,5275,105900000,2055,3220
060250,2026-04-22,15:10:00,20100,20150,20050,20100,3417,68620000,2006,1411
060250,2026-04-22,15:15:00,20050,20150,20050,20100,4572,91860000,2182,2390
060250,2026-04-22,15:20:00,20100,20200,20050,20200,5463,109990000,4786,677
060250,2026-04-22,15:30:00,20100,20100,20100,20100,7351,147750000,6090,0
060250,2026-04-23,09:05:00,20700,20750,20300,20300,41597,854390000,18254,23342
060250,2026-04-23,09:10:00,20400,20450,20200,20250,16430,333310000,5526,10904
060250,2026-04-23,09:15:00,20250,20250,19910,19940,28672,575420000,4358,24314
060250,2026-04-23,09:20:00,19940,19975,19800,19970,12423,246880000,5586,6837
060250,2026-04-23,09:25:00,19960,20150,19960,20150,6784,136130000,3073,3711
060250,2026-04-23,09:30:00,20150,20200,19990,20000,8907,178710000,3456,5451
060250,2026-04-23,09:35:00,20100,20150,20000,20150,5978,119970000,2690,3288
060250,2026-04-23,09:40:00,20150,20150,20000,20000,7927,158890000,809,7118
060250,2026-04-23,09:45:00,20050,20200,19920,19940,4471,89370000,607,3864
060250,2026-04-23,09:50:00,19930,19950,19850,19870,11878,236440000,3611,8267
060250,2026-04-23,09:55:00,19880,19950,19860,19900,3895,77560000,1842,2053
060250,2026-04-23,10:00:00,19900,20150,19900,20000,7202,144330000,4830,2372
060250,2026-04-23,10:05:00,20000,20150,20000,20050,4324,86840000,2250,2074
060250,2026-04-23,10:10:00,20000,20050,20000,20000,5395,107960000,1230,4165
060250,2026-04-23,10:15:00,20000,20050,20000,20000,2940,58870000,1308,1632
060250,2026-04-23,10:20:00,20000,20050,19970,19990,2990,59780000,716,2274
060250,2026-04-23,10:25:00,19980,20050,19980,20050,3829,76570000,2698,1131
060250,2026-04-23,10:30:00,20000,20150,19990,20000,4338,87040000,1630,2708
060250,2026-04-23,10:35:00,20050,20300,20000,20250,9138,184310000,5847,3291
060250,2026-04-23,10:40:00,20250,20500,20250,20350,18331,373600000,11760,6571
060250,2026-04-23,10:45:00,20350,20400,20300,20300,5357,108920000,875,4482
060250,2026-04-23,10:50:00,20300,20400,20250,20300,7512,152620000,4538,2974
060250,2026-04-23,10:55:00,20300,20400,20300,20350,5567,113170000,2099,3468
060250,2026-04-23,11:00:00,20300,20400,20300,20400,4893,99680000,3818,1075
060250,2026-04-23,11:05:00,20375,20500,20375,20500,11386,232800000,9491,1895
060250,2026-04-23,11:10:00,20450,20600,20450,20550,12699,260700000,8351,4348
060250,2026-04-23,11:15:00,20600,20600,20450,20450,10488,215070000,3579,6909
060250,2026-04-23,11:20:00,20450,20550,20400,20500,5106,104540000,2649,2457
060250,2026-04-23,11:25:00,20500,20650,20450,20600,12551,258220000,9343,3208
060250,2026-04-23,11:30:00,20600,20600,20500,20500,4300,88350000,251,4049
060250,2026-04-23,11:35:00,20500,20550,20450,20500,6090,124760000,2431,3659
060250,2026-04-23,11:40:00,20450,20550,20400,20450,3845,78630000,1128,2717
060250,2026-04-23,11:45:00,20400,20450,20200,20300,9902,201120000,1755,8147
060250,2026-04-23,11:50:00,20300,20400,20200,20300,4170,84680000,2311,1859
060250,2026-04-23,11:55:00,20275,20400,20250,20350,2341,47570000,847,1494
060250,2026-04-23,12:00:00,20350,20400,20350,20400,2400,48860000,327,2073
060250,2026-04-23,12:05:00,20350,20400,20200,20250,8565,173870000,1933,6632
060250,2026-04-23,12:10:00,20250,20300,20200,20200,5639,114030000,1878,3761
060250,2026-04-23,12:15:00,20200,20250,20050,20150,15720,316850000,3776,11944
060250,2026-04-23,12:20:00,20150,20300,20150,20200,9743,196950000,7828,1915
060250,2026-04-23,12:25:00,20250,20350,20200,20250,3946,79880000,2304,1642
060250,2026-04-23,12:30:00,20250,20300,20200,20250,5004,101350000,3305,1699
060250,2026-04-23,12:35:00,20250,20350,20150,20250,5439,110080000,3512,1927
060250,2026-04-23,12:40:00,20250,20250,20050,20150,6054,122020000,584,5470
060250,2026-04-23,12:45:00,20050,20150,20050,20100,8156,163810000,3702,4454
060250,2026-04-23,12:50:00,20100,20250,20050,20150,9269,186700000,7600,1669
060250,2026-04-23,12:55:00,20150,20450,20100,20450,15166,308040000,13001,2165
060250,2026-04-23,13:00:00,20450,20450,20350,20350,4922,100270000,2092,2830
060250,2026-04-23,13:05:00,20375,20400,20300,20400,3443,70060000,1352,2091
060250,2026-04-23,13:10:00,20400,20400,20300,20400,6022,122580000,2388,3634
060250,2026-04-23,13:15:00,20400,20400,20300,20400,5832,118580000,2489,3343
060250,2026-04-23,13:20:00,20350,20450,20300,20450,7054,143780000,5169,1885
060250,2026-04-23,13:25:00,20450,20550,20400,20500,8673,177620000,5207,3466
060250,2026-04-23,13:30:00,20500,20500,20450,20500,5099,104490000,4282,817
060250,2026-04-23,13:35:00,20500,20550,20450,20450,6640,136200000,4066,2574
060250,2026-04-23,13:40:00,20450,20500,20400,20500,4766,97440000,847,3919
060250,2026-04-23,13:45:00,20500,20500,20350,20450,5046,103040000,1613,3433
060250,2026-04-23,13:50:00,20450,20450,20400,20400,1251,25530000,160,1091
060250,2026-04-23,13:55:00,20400,20500,20400,20500,5100,104250000,3801,1299
060250,2026-04-23,14:00:00,20500,20500,20400,20500,2772,56660000,1308,1464
060250,2026-04-23,14:05:00,20450,20500,20450,20450,2542,52010000,550,1992
060250,2026-04-23,14:10:00,20500,20550,20450,20550,7480,153350000,5896,1584
060250,2026-04-23,14:15:00,20550,20550,20450,20450,5495,112600000,1109,4386
060250,2026-04-23,14:20:00,20500,20550,20450,20500,6009,123110000,2594,3415
060250,2026-04-23,14:25:00,20450,20500,20300,20400,8611,175630000,1034,7577
060250,2026-04-23,14:30:00,20350,20400,20300,20300,2254,45840000,679,1575
060250,2026-04-23,14:35:00,20400,20450,20300,20400,2279,46440000,1018,1261
060250,2026-04-23,14:40:00,20400,20450,20300,20350,5637,114610000,854,4783
060250,2026-04-23,14:45:00,20350,20400,20250,20400,8747,177620000,6336,2411
060250,2026-04-23,14:50:00,20350,20400,20300,20300,2705,54970000,681,2024
060250,2026-04-23,14:55:00,20300,20500,20300,20400,6658,135930000,3688,2970
060250,2026-04-23,15:00:00,20450,20450,20350,20400,5027,102540000,1674,3353
060250,2026-04-23,15:05:00,20400,20450,20300,20450,5596,113980000,2092,3504
060250,2026-04-23,15:10:00,20450,20450,20400,20450,2701,55200000,1950,751
060250,2026-04-23,15:15:00,20400,20450,20350,20375,6240,127380000,1772,4468
060250,2026-04-23,15:20:00,20375,20500,20300,20500,13124,267530000,8454,4670
060250,2026-04-23,15:30:00,20400,20400,20400,20400,7800,159110000,7529,0
060250,2026-04-24,09:05:00,20350,20400,19910,20000,35673,716110000,12026,23645
060250,2026-04-24,09:10:00,20000,20100,19900,19920,19276,384760000,6167,13109
060250,2026-04-24,09:15:00,19920,20100,19840,20050,23432,466520000,11404,12028
060250,2026-04-24,09:20:00,20000,20150,19980,20050,5487,110070000,3327,2160
060250,2026-04-24,09:25:00,20050,20100,19980,20100,7590,151980000,4292,3298
060250,2026-04-24,09:30:00,20000,20200,20000,20150,3351,67410000,1979,1372
060250,2026-04-24,09:35:00,20150,20250,20100,20200,6043,121900000,4412,1631
060250,2026-04-24,09:40:00,20150,20150,20000,20050,5740,115240000,2791,2949
060250,2026-04-24,09:45:00,20100,20150,20050,20100,7704,154860000,4395,3309
060250,2026-04-24,09:50:00,20100,20200,20050,20200,4233,85370000,3598,635
060250,2026-04-24,09:55:00,20200,20200,20100,20150,3217,64910000,1672,1545
060250,2026-04-24,10:00:00,20150,20350,20150,20350,12241,248070000,10076,2165
060250,2026-04-24,10:05:00,20350,20450,20200,20400,12266,249680000,6237,6029
060250,2026-04-24,10:10:00,20300,20400,20250,20300,3009,61190000,1289,1720
060250,2026-04-24,10:15:00,20250,20300,20200,20250,3568,72240000,1904,1664
060250,2026-04-24,10:20:00,20250,20250,20050,20050,7252,146210000,499,6753
060250,2026-04-24,10:25:00,20050,20150,20050,20150,3578,71860000,1982,1596
060250,2026-04-24,10:30:00,20150,20150,20100,20100,2222,44700000,813,1409
060250,2026-04-24,10:35:00,20100,20150,20000,20050,4723,94750000,743,3980
060250,2026-04-24,10:40:00,20050,20100,20000,20050,4684,93980000,1430,3254
060250,2026-04-24,10:45:00,20050,20100,20050,20050,1586,31840000,516,1070
060250,2026-04-24,10:50:00,20050,20200,20050,20200,1730,34780000,1254,476
060250,2026-04-24,10:55:00,20200,20200,20150,20200,1679,33840000,200,1479
060250,2026-04-24,11:00:00,20200,20200,20100,20150,3797,76500000,655,3142
060250,2026-04-24,11:05:00,20200,20200,20100,20150,3490,70330000,396,3094
060250,2026-04-24,11:10:00,20150,20150,20100,20100,3397,68280000,5,3392
060250,2026-04-24,11:15:00,20100,20100,19980,20050,14674,293720000,2635,12039
060250,2026-04-24,11:20:00,20000,20100,19980,20100,5481,109610000,2773,2708
060250,2026-04-24,11:25:00,20100,20100,19980,20000,10036,200760000,1821,8215
060250,2026-04-24,11:30:00,20000,20050,19980,20000,3333,66650000,1043,2290
060250,2026-04-24,11:35:00,20000,20050,20000,20000,1374,27500000,376,998
060250,2026-04-24,11:40:00,20050,20050,20000,20000,2119,42380000,36,2083
060250,2026-04-24,11:45:00,20000,20050,20000,20000,2079,41590000,127,1952
060250,2026-04-24,11:50:00,20000,20050,20000,20000,903,18060000,111,792
060250,2026-04-24,11:55:00,20050,20050,20000,20000,1800,36060000,1239,561
060250,2026-04-24,12:00:00,20000,20050,20000,20000,922,18440000,11,911
060250,2026-04-24,12:05:00,20050,20050,20000,20050,1084,21700000,353,731
060250,2026-04-24,12:10:00,20050,20050,20000,20000,864,17300000,297,567
060250,2026-04-24,12:15:00,20050,20050,20000,20000,4140,82810000,283,3857
060250,2026-04-24,12:20:00,20000,20050,19980,20000,7862,157160000,1668,6194
060250,2026-04-24,12:25:00,20000,20100,20000,20100,1488,29830000,1079,409
060250,2026-04-24,12:30:00,20100,20100,20000,20050,2175,43580000,807,1368
060250,2026-04-24,12:35:00,20100,20100,19995,20000,6229,124610000,1996,4233
060250,2026-04-24,12:40:00,20000,20000,19960,19960,7552,150890000,294,7258
060250,2026-04-24,12:45:00,19960,19970,19950,19970,6518,130080000,1209,5309
060250,2026-04-24,12:50:00,19970,20100,19950,20000,7685,153940000,4304,3381
060250,2026-04-24,12:55:00,20000,20050,20000,20050,1523,30520000,1162,361
060250,2026-04-24,13:00:00,20050,20050,19930,19930,7953,158740000,506,7447
060250,2026-04-24,13:05:00,19930,19950,19890,19910,25152,501070000,4145,21007
060250,2026-04-24,13:10:00,19910,19995,19900,19990,3568,71120000,2774,794
060250,2026-04-24,13:15:00,19990,20050,19980,20050,3013,60310000,2041,972
060250,2026-04-24,13:20:00,20050,20100,20000,20000,3428,68730000,1849,1579
060250,2026-04-24,13:25:00,20000,20050,20000,20000,1443,28920000,1182,261
060250,2026-04-24,13:30:00,20050,20050,19990,20050,3086,61750000,1410,1676
060250,2026-04-24,13:35:00,20000,20050,19990,19990,1286,25710000,338,948
060250,2026-04-24,13:40:00,19980,19990,19960,19970,3449,68890000,804,2645
060250,2026-04-24,13:45:00,19980,20050,19970,19980,2802,56000000,861,1941
060250,2026-04-24,13:50:00,19980,20050,19980,20050,2955,59070000,1584,1371
060250,2026-04-24,13:55:00,19990,20050,19990,20050,556,11130000,150,406
060250,2026-04-24,14:00:00,20050,20150,20050,20050,6194,124370000,5054,1140
060250,2026-04-24,14:05:00,20100,20150,20050,20100,2106,42340000,1323,783
060250,2026-04-24,14:10:00,20100,20150,20050,20100,1065,21390000,266,799
060250,2026-04-24,14:15:00,20150,20150,20050,20100,1543,30980000,551,992
060250,2026-04-24,14:20:00,20050,20100,20050,20100,1474,29580000,574,900
060250,2026-04-24,14:25:00,20100,20150,20050,20100,3247,65290000,1584,1663
060250,2026-04-24,14:30:00,20100,20150,20050,20100,2118,42590000,1534,584
060250,2026-04-24,14:35:00,20150,20150,20100,20150,2019,40590000,655,1364
060250,2026-04-24,14:40:00,20150,20150,20050,20050,2392,48080000,1015,1377
060250,2026-04-24,14:45:00,20150,20150,20050,20050,1936,38850000,651,1285
060250,2026-04-24,14:50:00,20050,20100,20050,20100,3161,63460000,1655,1506
060250,2026-04-24,14:55:00,20100,20100,20050,20100,1786,35850000,724,1062
060250,2026-04-24,15:00:00,20050,20100,20050,20050,2002,40200000,1318,684
060250,2026-04-24,15:05:00,20050,20100,20050,20050,2349,47180000,1571,778
060250,2026-04-24,15:10:00,20100,20100,20050,20100,1635,32830000,1032,603
060250,2026-04-24,15:15:00,20100,20150,20050,20100,8176,164330000,4429,3747
060250,2026-04-24,15:20:00,20100,20150,20050,20050,7871,157940000,1697,6174
060250,2026-04-24,15:30:00,20050,20050,20050,20050,8261,165630000,7503,0
060250,2026-04-27,09:05:00,20250,20550,20150,20200,40954,833380000,23778,17078
060250,2026-04-27,09:10:00,20200,20300,20100,20250,11710,236330000,3131,8579
060250,2026-04-27,09:15:00,20250,20250,20100,20150,8647,174290000,2411,6236
060250,2026-04-27,09:20:00,20200,20300,20150,20150,4786,96730000,1255,3531
060250,2026-04-27,09:25:00,20200,20300,20150,20300,5246,105930000,3334,1912
060250,2026-04-27,09:30:00,20300,20300,20150,20300,8963,181300000,3881,5082
060250,2026-04-27,09:35:00,20300,20450,20300,20450,10025,204000000,7087,2938
060250,2026-04-27,09:40:00,20450,20500,20400,20450,9252,189190000,7240,2012
060250,2026-04-27,09:45:00,20450,20650,20450,20600,19816,407020000,16434,3382
060250,2026-04-27,09:50:00,20600,20650,20500,20500,11947,245670000,3487,8460
060250,2026-04-27,09:55:00,20500,20600,20450,20550,10470,214860000,4769,5701
060250,2026-04-27,10:00:00,20550,20550,20450,20550,9241,189320000,2583,6658
060250,2026-04-27,10:05:00,20550,20750,20500,20700,28665,592490000,19837,8828
060250,2026-04-27,10:10:00,20650,20750,20600,20750,9630,199300000,5340,4290
060250,2026-04-27,10:15:00,20750,20800,20600,20650,8261,171240000,3399,4862
060250,2026-04-27,10:20:00,20600,20700,20600,20650,5856,120880000,3579,2277
060250,2026-04-27,10:25:00,20650,20650,20550,20650,5120,105430000,1218,3902
060250,2026-04-27,10:30:00,20600,20700,20550,20700,4520,93320000,2308,2212
060250,2026-04-27,10:35:00,20650,20750,20550,20750,7368,152150000,4148,3220
060250,2026-04-27,10:40:00,20650,20750,20600,20700,6777,140430000,4617,2160
060250,2026-04-27,10:45:00,20675,20750,20600,20750,3319,68640000,1609,1710
060250,2026-04-27,10:50:00,20700,20750,20550,20600,10075,207480000,2542,7533
060250,2026-04-27,10:55:00,20550,20650,20550,20650,2912,59990000,2188,724
060250,2026-04-27,11:00:00,20650,20700,20600,20700,3700,76350000,2335,1365
060250,2026-04-27,11:05:00,20650,20700,20650,20700,2822,58360000,1802,1020
060250,2026-04-27,11:10:00,20700,20750,20700,20750,8551,177190000,6881,1670
060250,2026-04-27,11:15:00,20700,20750,20650,20700,13301,275360000,2297,11004
060250,2026-04-27,11:20:00,20700,20750,20700,20750,2855,59150000,1044,1811
060250,2026-04-27,11:25:00,20700,20750,20650,20650,2714,56150000,463,2251
060250,2026-04-27,11:30:00,20650,20700,20600,20650,7772,160270000,926,6846
060250,2026-04-27,11:35:00,20600,20700,20550,20700,5139,106020000,3977,1162
060250,2026-04-27,11:40:00,20650,20750,20600,20650,6409,132560000,4193,2216
060250,2026-04-27,11:45:00,20600,20650,20600,20650,3801,78330000,1291,2510
060250,2026-04-27,11:50:00,20650,20700,20600,20700,4357,89940000,3256,1101
060250,2026-04-27,11:55:00,20650,20700,20650,20700,4701,97130000,1234,3467
060250,2026-04-27,12:00:00,20700,20700,20650,20700,3870,79930000,255,3615
060250,2026-04-27,12:05:00,20650,20700,20650,20700,1500,30990000,279,1221
060250,2026-04-27,12:10:00,20650,20700,20650,20700,2091,43190000,129,1962
060250,2026-04-27,12:15:00,20650,20750,20650,20750,5752,119090000,4885,867
060250,2026-04-27,12:20:00,20750,20750,20650,20750,3044,63060000,1113,1931
060250,2026-04-27,12:25:00,20750,20750,20700,20750,2535,52500000,504,2031
060250,2026-04-27,12:30:00,20700,20750,20600,20700,4847,100220000,1802,3045
060250,2026-04-27,12:35:00,20700,20750,20650,20700,2512,52030000,1408,1104
060250,2026-04-27,12:40:00,20700,20700,20600,20700,11364,234380000,4196,7168
060250,2026-04-27,12:45:00,20650,20700,20600,20650,4329,89390000,3068,1261
060250,2026-04-27,12:50:00,20650,20700,20600,20700,3144,64890000,1707,1437
060250,2026-04-27,12:55:00,20675,20700,20650,20700,1119,23140000,759,360
060250,2026-04-27,13:00:00,20650,20700,20650,20700,4374,90480000,2999,1375
060250,2026-04-27,13:05:00,20700,20700,20600,20650,3075,63480000,1072,2003
060250,2026-04-27,13:10:00,20650,20700,20600,20650,1409,29050000,335,1074
060250,2026-04-27,13:15:00,20650,20700,20600,20650,1232,25440000,626,606
060250,2026-04-27,13:20:00,20650,20700,20600,20650,3776,77960000,825,2951
060250,2026-04-27,13:25:00,20600,20700,20600,20700,4911,101330000,1172,3739
060250,2026-04-27,13:30:00,20650,20700,20550,20600,4939,101840000,1302,3637
060250,2026-04-27,13:35:00,20600,20600,20550,20600,3100,63750000,875,2225
060250,2026-04-27,13:40:00,20600,20650,20550,20600,1877,38660000,892,985
060250,2026-04-27,13:45:00,20600,20650,20600,20650,1723,35510000,391,1332
060250,2026-04-27,13:50:00,20650,20650,20550,20600,3650,75210000,1021,2629
060250,2026-04-27,13:55:00,20600,20650,20550,20600,2189,45110000,1036,1153
060250,2026-04-27,14:00:00,20600,20650,20550,20600,2671,55000000,1027,1644
060250,2026-04-27,14:05:00,20600,20600,20500,20500,5841,119950000,1157,4684
060250,2026-04-27,14:10:00,20500,20550,20450,20550,8011,164250000,1781,6230
060250,2026-04-27,14:15:00,20550,20550,20500,20550,1358,27860000,468,890
060250,2026-04-27,14:20:00,20500,20600,20450,20550,5819,119310000,1851,3968
060250,2026-04-27,14:25:00,20500,20550,20500,20500,3200,65610000,206,2994
060250,2026-04-27,14:30:00,20500,20500,20450,20500,7343,150240000,436,6907
060250,2026-04-27,14:35:00,20450,20500,20400,20450,6549,133940000,2385,4164
060250,2026-04-27,14:40:00,20450,20500,20450,20450,6269,128220000,279,5990
060250,2026-04-27,14:45:00,20450,20550,20400,20450,3617,74050000,1969,1648
060250,2026-04-27,14:50:00,20500,20500,20400,20450,9265,189080000,2121,7144
060250,2026-04-27,14:55:00,20450,20450,20350,20400,4560,92930000,526,4034
060250,2026-04-27,15:00:00,20400,20450,20350,20400,1913,39020000,1358,555
060250,2026-04-27,15:05:00,20400,20450,20400,20450,1048,21420000,667,381
060250,2026-04-27,15:10:00,20450,20450,20400,20450,3274,66820000,403,2871
060250,2026-04-27,15:15:00,20400,20500,20350,20500,8886,181390000,5191,3695
060250,2026-04-27,15:20:00,20450,20500,20350,20400,7218,147320000,1515,5703
060250,2026-04-27,15:30:00,20450,20450,20450,20450,8058,164780000,6038,0
060250,2026-04-28,09:05:00,20500,20500,20200,20350,17853,363180000,5937,11916
060250,2026-04-28,09:10:00,20350,20400,20200,20250,19037,386360000,6859,12178
060250,2026-04-28,09:15:00,20250,20450,20250,20300,15248,310360000,7814,7434
060250,2026-04-28,09:20:00,20300,20400,20200,20300,5649,114870000,3310,2339
060250,2026-04-28,09:25:00,20300,20300,20200,20250,9446,191260000,6230,3216
060250,2026-04-28,09:30:00,20250,20250,20150,20150,10231,206590000,1206,9025
060250,2026-04-28,09:35:00,20200,20300,20050,20200,23487,473240000,10042,13445
060250,2026-04-28,09:40:00,20200,20250,20050,20150,8150,163910000,1787,6363
060250,2026-04-28,09:45:00,20150,20250,20100,20200,6717,135370000,2905,3812
060250,2026-04-28,09:50:00,20200,20500,20200,20400,15173,309940000,10630,4543
060250,2026-04-28,09:55:00,20400,20500,20350,20400,8793,179820000,5848,2945
060250,2026-04-28,10:00:00,20400,20400,20300,20300,4799,97600000,811,3988
060250,2026-04-28,10:05:00,20300,20500,20250,20400,4806,97880000,2781,2025
060250,2026-04-28,10:10:00,20400,20450,20350,20400,3384,68990000,1221,2163
060250,2026-04-28,10:15:00,20400,20650,20400,20650,14691,301360000,13286,1405
060250,2026-04-28,10:20:00,20650,20900,20550,20750,34109,707430000,18596,15513
060250,2026-04-28,10:25:00,20750,20850,20650,20750,26102,541880000,8468,17634
060250,2026-04-28,10:30:00,20700,20750,20700,20700,7032,145740000,3664,3368
060250,2026-04-28,10:35:00,20700,20800,20600,20800,14019,290350000,5836,8183
060250,2026-04-28,10:40:00,20750,20850,20750,20750,25452,529220000,8950,16502
060250,2026-04-28,10:45:00,20800,20800,20650,20750,12465,257960000,3094,9371
060250,2026-04-28,10:50:00,20750,20750,20600,20650,8608,177970000,1145,7463
060250,2026-04-28,10:55:00,20700,20750,20550,20600,12086,249550000,3296,8790
060250,2026-04-28,11:00:00,20600,20650,20550,20550,3134,64560000,470,2664
060250,2026-04-28,11:05:00,20550,20600,20450,20450,5439,111620000,1752,3687
060250,2026-04-28,11:10:00,20450,20550,20400,20450,5855,119740000,2766,3089
060250,2026-04-28,11:15:00,20450,20550,20450,20525,2470,50620000,1284,1186
060250,2026-04-28,11:20:00,20525,20600,20500,20550,3823,78490000,1975,1848
060250,2026-04-28,11:25:00,20550,20600,20550,20550,1574,32370000,486,1088
060250,2026-04-28,11:30:00,20550,20550,20500,20550,3023,62070000,1373,1650
060250,2026-04-28,11:35:00,20500,20550,20450,20450,1604,32880000,187,1417
060250,2026-04-28,11:40:00,20500,20550,20450,20500,2277,46660000,1163,1114
060250,2026-04-28,11:45:00,20500,20550,20450,20450,2581,52850000,397,2184
060250,2026-04-28,11:50:00,20450,20750,20450,20700,8720,179850000,5391,3329
060250,2026-04-28,11:55:00,20700,20750,20600,20650,5356,110930000,3729,1627
060250,2026-04-28,12:00:00,20650,20700,20600,20650,1640,33870000,714,926
060250,2026-04-28,12:05:00,20650,20650,20550,20600,3727,76770000,94,3633
060250,2026-04-28,12:10:00,20600,20650,20600,20600,496,10230000,175,321
060250,2026-04-28,12:15:00,20650,20750,20600,20750,9850,203590000,7961,1889
060250,2026-04-28,12:20:00,20750,20800,20700,20700,8658,179590000,5323,3335
060250,2026-04-28,12:25:00,20650,20750,20600,20750,2387,49350000,1308,1079
060250,2026-04-28,12:30:00,20750,20750,20650,20650,535,11050000,34,501
060250,2026-04-28,12:35:00,20650,20700,20650,20700,1192,24630000,256,936
060250,2026-04-28,12:40:00,20700,20700,20650,20700,695,14350000,40,655
060250,2026-04-28,12:45:00,20700,20700,20650,20650,111,2300000,92,19
060250,2026-04-28,12:50:00,20650,20700,20650,20700,3112,64270000,727,2385
060250,2026-04-28,12:55:00,20650,20700,20600,20700,3061,63250000,1758,1303
060250,2026-04-28,13:00:00,20700,20700,20650,20650,1780,36760000,81,1699
060250,2026-04-28,13:05:00,20650,20700,20600,20700,11113,229370000,5150,5963
060250,2026-04-28,13:10:00,20700,20800,20650,20800,26746,554820000,15409,11337
060250,2026-04-28,13:15:00,20800,20800,20700,20800,18494,383970000,6074,12420
060250,2026-04-28,13:20:00,20800,20800,20650,20750,8064,166920000,1743,6321
060250,2026-04-28,13:25:00,20750,20750,20600,20650,4429,91550000,900,3529
060250,2026-04-28,13:30:00,20700,20750,20650,20700,3108,64320000,1440,1668
060250,2026-04-28,13:35:00,20700,20750,20650,20750,1484,30760000,1045,439
060250,2026-04-28,13:40:00,20750,20750,20650,20700,8688,179950000,3608,5080
060250,2026-04-28,13:45:00,20750,20750,20600,20700,3623,74860000,832,2791
060250,2026-04-28,13:50:00,20700,20700,20600,20700,15058,311190000,5383,9675
060250,2026-04-28,13:55:00,20600,20750,20600,20750,5857,121200000,4260,1597
060250,2026-04-28,14:00:00,20750,20750,20600,20600,7601,156940000,1211,6390
060250,2026-04-28,14:05:00,20600,20700,20550,20600,5587,115050000,1418,4169
060250,2026-04-28,14:10:00,20600,20650,20500,20600,4304,88540000,859,3445
060250,2026-04-28,14:15:00,20550,20600,20450,20500,6825,140010000,378,6447
060250,2026-04-28,14:20:00,20475,20500,20400,20450,9350,191190000,697,8653
060250,2026-04-28,14:25:00,20450,20500,20400,20450,4960,101450000,2067,2893
060250,2026-04-28,14:30:00,20475,20500,20450,20450,2607,53360000,936,1671
060250,2026-04-28,14:35:00,20450,20500,20450,20450,3673,75130000,286,3387
060250,2026-04-28,14:40:00,20450,20450,20350,20400,14306,292060000,2412,11894
060250,2026-04-28,14:45:00,20350,20500,20350,20500,7938,162380000,3159,4779
060250,2026-04-28,14:50:00,20450,20550,20450,20450,10421,213550000,4872,5549
060250,2026-04-28,14:55:00,20500,20500,20400,20450,12968,265040000,1192,11776
060250,2026-04-28,15:00:00,20450,20500,20400,20450,3757,76830000,2327,1430
060250,2026-04-28,15:05:00,20450,20500,20450,20450,4741,96970000,281,4460
060250,2026-04-28,15:10:00,20500,20500,20350,20400,16236,331480000,2605,13631
060250,2026-04-28,15:15:00,20400,20400,20250,20250,10962,222690000,1260,9702
060250,2026-04-28,15:20:00,20300,20400,20250,20300,7733,157100000,3773,3960
060250,2026-04-28,15:30:00,20350,20350,20350,20350,6424,130720000,6281,0
060250,2026-04-29,09:05:00,20350,20400,20100,20250,14114,285340000,5974,8140
060250,2026-04-29,09:10:00,20250,20300,20150,20200,8304,167710000,1165,7139
060250,2026-04-29,09:15:00,20200,20250,19980,20000,42236,847310000,8706,33530
060250,2026-04-29,09:20:00,20000,20100,19990,20000,10746,215060000,2499,8247
060250,2026-04-29,09:25:00,20000,20050,19890,19910,30557,609060000,7435,23122
060250,2026-04-29,09:30:00,19920,19930,19840,19870,12175,242100000,2330,9845
060250,2026-04-29,09:35:00,19870,19920,19870,19900,8531,169680000,3595,4936
060250,2026-04-29,09:40:00,19900,19930,19880,19890,11193,222820000,3975,7218
060250,2026-04-29,09:45:00,19890,19920,19850,19890,18895,375410000,6845,12050
060250,2026-04-29,09:50:00,19880,19910,19850,19860,6430,127750000,1108,5322
060250,2026-04-29,09:55:00,19860,19870,19730,19870,32192,637690000,6720,25472
060250,2026-04-29,10:00:00,19860,19870,19800,19850,5678,112690000,4132,1546
060250,2026-04-29,10:05:00,19850,19870,19780,19780,9309,184370000,854,8455
060250,2026-04-29,10:10:00,19780,19780,19690,19690,15183,299740000,537,14646
060250,2026-04-29,10:15:00,19680,19730,19660,19680,19135,376650000,9301,9834
060250,2026-04-29,10:20:00,19680,19785,19670,19750,5489,108280000,3366,2123
060250,2026-04-29,10:25:00,19750,19840,19730,19830,5197,102710000,3859,1338
060250,2026-04-29,10:30:00,19830,19830,19760,19760,7407,146510000,2021,5386
060250,2026-04-29,10:35:00,19760,19790,19740,19780,7131,140920000,4854,2277
060250,2026-04-29,10:40:00,19790,19820,19770,19770,4401,87060000,2259,2142
060250,2026-04-29,10:45:00,19770,19790,19770,19790,1127,22290000,415,712
060250,2026-04-29,10:50:00,19780,19870,19780,19860,3423,67900000,1807,1616
060250,2026-04-29,10:55:00,19860,19890,19850,19880,1330,26440000,888,442
060250,2026-04-29,11:00:00,19880,19900,19880,19900,1365,27150000,531,834
060250,2026-04-29,11:05:00,19910,19930,19890,19890,2988,59470000,1341,1647
060250,2026-04-29,11:10:00,19900,19900,19860,19900,2438,48480000,389,2049
060250,2026-04-29,11:15:00,19890,19930,19890,19920,4683,93220000,3608,1075
060250,2026-04-29,11:20:00,19920,20100,19910,19980,6806,135930000,5579,1227
060250,2026-04-29,11:25:00,20000,20100,19980,20050,4072,81590000,3553,519
060250,2026-04-29,11:30:00,20050,20100,20000,20000,3554,71340000,1837,1717
060250,2026-04-29,11:35:00,20000,20050,20000,20000,1435,28710000,129,1306
060250,2026-04-29,11:40:00,20000,20050,19970,19970,3492,69800000,585,2907
060250,2026-04-29,11:45:00,19980,20000,19970,19990,1951,39000000,828,1123
060250,2026-04-29,11:50:00,19980,19990,19970,19970,1767,35300000,65,1702
060250,2026-04-29,11:55:00,19980,20050,19970,20000,3017,60320000,2845,172
060250,2026-04-29,12:00:00,20000,20050,20000,20000,1251,25040000,533,718
060250,2026-04-29,12:05:00,20000,20050,19990,19990,1685,33700000,230,1455
060250,2026-04-29,12:10:00,19990,20050,19990,20000,1819,36390000,1025,794
060250,2026-04-29,12:15:00,20000,20000,19990,20000,1401,28010000,383,1018
060250,2026-04-29,12:20:00,19995,20000,19980,19980,1529,30560000,719,810
060250,2026-04-29,12:25:00,19980,20000,19970,19970,2332,46580000,318,2014
060250,2026-04-29,12:30:00,19980,20000,19960,20000,1284,25660000,792,492
060250,2026-04-29,12:35:00,20000,20050,19990,20000,1515,30300000,121,1394
060250,2026-04-29,12:40:00,20000,20050,19990,20050,2534,50680000,662,1872
060250,2026-04-29,12:45:00,20050,20050,19990,20000,1898,37960000,422,1476
060250,2026-04-29,12:50:00,20000,20050,20000,20000,401,8020000,87,314
060250,2026-04-29,12:55:00,20000,20050,19990,20000,2463,49260000,1333,1130
060250,2026-04-29,13:00:00,20000,20050,20000,20000,3753,75190000,2545,1208
060250,2026-04-29,13:05:00,20050,20050,20000,20000,774,15490000,215,559
060250,2026-04-29,13:10:00,20000,20050,20000,20025,1103,22110000,915,188
060250,2026-04-29,13:15:00,20050,20100,20000,20050,3188,63840000,1580,1608
060250,2026-04-29,13:20:00,20100,20100,20000,20050,1818,36460000,769,1049
060250,2026-04-29,13:25:00,20050,20100,20000,20050,1659,33270000,1220,439
060250,2026-04-29,13:30:00,20050,20100,20000,20000,1320,26420000,54,1266
060250,2026-04-29,13:35:00,20000,20050,20000,20050,2167,43360000,525,1642
060250,2026-04-29,13:40:00,20000,20100,20000,20050,5894,118190000,5596,298
060250,2026-04-29,13:45:00,20000,20100,20000,20100,720,14450000,563,157
060250,2026-04-29,13:50:00,20050,20100,20050,20050,1047,21020000,560,487
060250,2026-04-29,13:55:00,20050,20100,20050,20050,1253,25130000,146,1107
060250,2026-04-29,14:00:00,20050,20100,20050,20050,1572,31590000,1295,277
060250,2026-04-29,14:05:00,20050,20100,20050,20050,636,12770000,478,158
060250,2026-04-29,14:10:00,20100,20100,20050,20100,1094,21980000,837,257
060250,2026-04-29,14:15:00,20100,20100,20050,20075,513,10310000,438,75
060250,2026-04-29,14:20:00,20100,20200,20100,20200,4766,96010000,4683,83
060250,2026-04-29,14:25:00,20150,20250,20050,20100,4518,91080000,2851,1667
060250,2026-04-29,14:30:00,20075,20150,20050,20100,1243,25000000,616,627
060250,2026-04-29,14:35:00,20150,20150,20050,20100,2059,41400000,1328,731
060250,2026-04-29,14:40:00,20100,20150,20050,20150,1938,38920000,184,1754
060250,2026-04-29,14:45:00,20100,20150,20100,20100,447,8990000,76,371
060250,2026-04-29,14:50:00,20150,20150,20050,20050,3036,60980000,822,2214
060250,2026-04-29,14:55:00,20050,20150,20050,20100,657,13210000,522,135
060250,2026-04-29,15:00:00,20100,20200,20100,20100,7583,152790000,5505,2078
060250,2026-04-29,15:05:00,20150,20200,20100,20150,2810,56620000,318,2492
060250,2026-04-29,15:10:00,20150,20300,20150,20300,11658,235700000,8932,2726
060250,2026-04-29,15:15:00,20250,20300,20200,20250,1876,37990000,539,1337
060250,2026-04-29,15:20:00,20200,20250,20150,20200,4650,93930000,2138,2512
060250,2026-04-29,15:30:00,20150,20150,20150,20150,13928,280650000,13792,0
060250,2026-04-30,09:05:00,20000,20150,20000,20050,7876,157720000,5187,2649
060250,2026-04-30,09:10:00,20100,20200,20000,20050,4632,93150000,2792,1840
060250,2026-04-30,09:15:00,20050,20100,19940,19980,6991,139820000,2153,4838
060250,2026-04-30,09:20:00,19980,20000,19920,19980,5577,111270000,1506,4071
060250,2026-04-30,09:25:00,19980,19980,19920,19950,3941,78550000,1546,2395
060250,2026-04-30,09:30:00,19950,20000,19950,19970,2057,41070000,953,1104
060250,2026-04-30,09:35:00,19960,19980,19880,19880,14021,279370000,1876,12145
060250,2026-04-30,09:40:00,19890,19920,19840,19890,4946,98220000,1771,3175
060250,2026-04-30,09:45:00,19900,19920,19860,19860,1965,39070000,932,1033
060250,2026-04-30,09:50:00,19860,19870,19820,19830,8808,174770000,3429,5379
060250,2026-04-30,09:55:00,19830,19930,19800,19870,6868,136270000,1387,5481
060250,2026-04-30,10:00:00,19870,19890,19810,19870,3995,79290000,3331,664
060250,2026-04-30,10:05:00,19880,19890,19800,19830,4925,97670000,1572,3353
060250,2026-04-30,10:10:00,19830,19830,19780,19785,6467,128030000,417,6050
060250,2026-04-30,10:15:00,19785,19830,19780,19800,7124,141010000,4765,2359
060250,2026-04-30,10:20:00,19810,19830,19800,19820,1711,33890000,727,984
060250,2026-04-30,10:25:00,19820,19870,19820,19820,1696,33640000,953,743
060250,2026-04-30,10:30:00,19810,19840,19780,19790,1808,35810000,857,951
060250,2026-04-30,10:35:00,19790,19850,19760,19850,5037,99720000,3960,1077
060250,2026-04-30,10:40:00,19850,19860,19780,19840,2412,47790000,820,1592
060250,2026-04-30,10:45:00,19840,19850,19800,19840,1871,37110000,1236,635
060250,2026-04-30,10:50:00,19830,19840,19800,19800,2299,45550000,967,1332
060250,2026-04-30,10:55:00,19810,19830,19790,19820,1834,36320000,706,1128
060250,2026-04-30,11:00:00,19820,19890,19800,19890,2993,59410000,2420,573
060250,2026-04-30,11:05:00,19890,19920,19870,19920,2584,51430000,2214,370
060250,2026-04-30,11:10:00,19910,19920,19850,19860,1484,29520000,568,916
060250,2026-04-30,11:15:00,19910,19930,19860,19920,1649,32820000,1185,464
060250,2026-04-30,11:20:00,19920,19930,19900,19900,1550,30870000,498,1052
060250,2026-04-30,11:25:00,19890,19910,19890,19910,1218,24230000,717,501
060250,2026-04-30,11:30:00,19910,19910,19880,19880,1163,23140000,395,768
060250,2026-04-30,11:35:00,19880,19910,19870,19910,4470,88900000,2810,1660
060250,2026-04-30,11:40:00,19920,19920,19890,19890,719,14310000,142,577
060250,2026-04-30,11:45:00,19890,19900,19880,19880,1145,22770000,610,535
060250,2026-04-30,11:50:00,19890,19950,19870,19930,3401,67710000,2245,1156
060250,2026-04-30,11:55:00,19910,19910,19870,19880,3561,70830000,448,3113
060250,2026-04-30,12:00:00,19870,19880,19790,19790,4401,87300000,311,4090
060250,2026-04-30,12:05:00,19790,19870,19780,19850,5186,102620000,3407,1779
060250,2026-04-30,12:10:00,19850,19860,19810,19810,1261,24990000,543,718
060250,2026-04-30,12:15:00,19800,19820,19790,19800,6368,126090000,4521,1847
060250,2026-04-30,12:20:00,19800,19810,19790,19800,1591,31490000,941,650
060250,2026-04-30,12:25:00,19800,19850,19790,19850,1138,22550000,1002,136
060250,2026-04-30,12:30:00,19850,19850,19790,19810,1931,38250000,627,1304
060250,2026-04-30,12:35:00,19800,19810,19780,19810,1638,32430000,796,842
060250,2026-04-30,12:40:00,19830,19850,19770,19810,5542,109740000,2941,2601
060250,2026-04-30,12:45:00,19810,19810,19790,19790,2200,43540000,1090,1110
060250,2026-04-30,12:50:00,19780,19820,19780,19820,2210,43760000,1956,254
060250,2026-04-30,12:55:00,19820,19840,19800,19820,1069,21190000,516,553
060250,2026-04-30,13:00:00,19820,19840,19815,19840,1457,28890000,1015,442
060250,2026-04-30,13:05:00,19840,19840,19810,19810,2069,41020000,916,1153
060250,2026-04-30,13:10:00,19800,19810,19790,19810,1583,31340000,460,1123
060250,2026-04-30,13:15:00,19810,19810,19790,19810,3119,61760000,1994,1125
060250,2026-04-30,13:20:00,19810,19820,19790,19800,3115,61670000,1934,1181
060250,2026-04-30,13:25:00,19810,19810,19790,19800,2140,42380000,1305,835
060250,2026-04-30,13:30:00,19800,19810,19790,19800,992,19640000,500,492
060250,2026-04-30,13:35:00,19800,19810,19730,19740,15786,311930000,1194,14592
060250,2026-04-30,13:40:00,19730,19740,19580,19580,27356,537360000,10029,17327
060250,2026-04-30,13:45:00,19570,19640,19570,19580,4514,88420000,2557,1957
060250,2026-04-30,13:50:00,19580,19670,19580,19610,6112,119890000,2178,3934
060250,2026-04-30,13:55:00,19610,19720,19600,19630,4068,79920000,2692,1376
060250,2026-04-30,14:00:00,19630,19720,19570,19620,9089,178240000,2517,6572
060250,2026-04-30,14:05:00,19650,19700,19600,19650,3808,74710000,3009,799
060250,2026-04-30,14:10:00,19650,19720,19650,19710,1749,34440000,1468,281
060250,2026-04-30,14:15:00,19710,19730,19700,19720,3274,64540000,1713,1561
060250,2026-04-30,14:20:00,19720,19820,19710,19810,7395,146240000,5015,2380
060250,2026-04-30,14:25:00,19790,19800,19720,19790,4309,85130000,577,3732
060250,2026-04-30,14:30:00,19790,19800,19720,19750,2655,52420000,1055,1600
060250,2026-04-30,14:35:00,19780,19830,19760,19830,3120,61760000,2614,506
060250,2026-04-30,14:40:00,19820,19850,19800,19850,2401,47620000,1218,1183
060250,2026-04-30,14:45:00,19840,19840,19790,19790,1742,34520000,201,1541
060250,2026-04-30,14:50:00,19810,19830,19790,19810,2039,40390000,1123,916
060250,2026-04-30,14:55:00,19800,19810,19780,19790,2746,54350000,928,1818
060250,2026-04-30,15:00:00,19790,19810,19760,19760,1500,29670000,200,1300
060250,2026-04-30,15:05:00,19760,19760,19630,19680,7957,156750000,3019,4938
060250,2026-04-30,15:10:00,19650,19680,19600,19650,7097,139420000,2380,4717
060250,2026-04-30,15:15:00,19660,19750,19660,19710,6493,127930000,3327,3166
060250,2026-04-30,15:20:00,19700,19740,19700,19740,3582,70640000,2389,1193
060250,2026-04-30,15:30:00,19650,19650,19650,19650,13388,263070000,12375,0
060250,2026-05-04,09:05:00,19970,20300,19960,20150,41014,823770000,30222,10785
060250,2026-05-04,09:10:00,20150,20250,20000,20100,9491,191300000,6507,2984
060250,2026-05-04,09:15:00,20100,20200,20050,20200,7532,151630000,6065,1467
060250,2026-05-04,09:20:00,20150,20200,19990,20150,10288,206710000,5028,5260
060250,2026-05-04,09:25:00,20150,20300,20050,20300,32564,658170000,28803,3761
060250,2026-05-04,09:30:00,20300,20350,20250,20250,21521,436770000,13096,8425
060250,2026-05-04,09:35:00,20250,20350,20100,20350,5510,111610000,3191,2319
060250,2026-05-04,09:40:00,20350,20350,20100,20150,12898,260850000,6814,6084
060250,2026-05-04,09:45:00,20200,20200,20100,20200,2493,50280000,928,1565
060250,2026-05-04,09:50:00,20150,20200,20100,20200,3613,72780000,1455,2158
060250,2026-05-04,09:55:00,20150,20200,20050,20100,4383,88160000,1006,3377
060250,2026-05-04,10:00:00,20050,20200,20050,20100,2885,58020000,1448,1437
060250,2026-05-04,10:05:00,20150,20300,20100,20200,9862,199240000,8105,1757
060250,2026-05-04,10:10:00,20200,20250,20100,20250,9981,201400000,5088,4893
060250,2026-05-04,10:15:00,20200,20250,20000,20050,16997,341080000,1310,15687
060250,2026-05-04,10:20:00,20050,20150,20000,20150,6682,134030000,3038,3644
060250,2026-05-04,10:25:00,20100,20150,20100,20150,1179,23720000,406,773
060250,2026-05-04,10:30:00,20150,20200,20100,20200,3302,66570000,2070,1232
060250,2026-05-04,10:35:00,20200,20200,20150,20200,1363,27500000,750,613
060250,2026-05-04,10:40:00,20200,20200,20050,20050,4019,80780000,610,3409
060250,2026-05-04,10:45:00,20150,20150,20000,20050,6481,129820000,717,5764
060250,2026-05-04,10:50:00,20100,20100,20000,20050,1113,22310000,436,677
060250,2026-05-04,10:55:00,20050,20100,20000,20100,1339,26830000,335,1004
060250,2026-05-04,11:00:00,20100,20150,20000,20150,3561,71490000,2085,1476
060250,2026-05-04,11:05:00,20150,20200,20100,20200,2869,57780000,2096,773
060250,2026-05-04,11:10:00,20200,20200,20100,20200,1197,24130000,226,971
060250,2026-05-04,11:15:00,20150,20250,20150,20250,13261,267800000,9736,3525
060250,2026-05-04,11:20:00,20250,20250,20150,20200,5721,115470000,908,4813
060250,2026-05-04,11:25:00,20200,20200,20150,20200,1184,23890000,587,597
060250,2026-05-04,11:30:00,20200,20200,20100,20150,2998,60430000,872,2126
060250,2026-05-04,11:35:00,20150,20200,20100,20150,2034,40970000,1226,808
060250,2026-05-04,11:40:00,20150,20200,20100,20200,3116,62790000,1322,1794
060250,2026-05-04,11:45:00,20150,20200,20150,20200,1922,38750000,379,1543
060250,2026-05-04,11:50:00,20200,20200,20150,20150,774,15620000,577,197
060250,2026-05-04,11:55:00,20200,20250,20150,20250,7675,155060000,7019,656
060250,2026-05-04,12:00:00,20200,20300,20200,20300,9918,200820000,9480,438
060250,2026-05-04,12:05:00,20300,20300,20250,20300,1443,29260000,1200,243
060250,2026-05-04,12:10:00,20300,20300,20250,20300,1324,26870000,1085,239
060250,2026-05-04,12:15:00,20300,20300,20250,20250,3065,62210000,2957,108
060250,2026-05-04,12:20:00,20250,20250,20200,20200,5607,113530000,464,5143
060250,2026-05-04,12:25:00,20250,20250,20200,20250,2368,47900000,1218,1150
060250,2026-05-04,12:30:00,20250,20250,20200,20250,1214,24570000,967,247
060250,2026-05-04,12:35:00,20200,20250,20200,20250,7460,151030000,5711,1749
060250,2026-05-04,12:40:00,20250,20250,20200,20200,3580,72360000,910,2670
060250,2026-05-04,12:45:00,20250,20250,20150,20250,2762,55790000,670,2092
060250,2026-05-04,12:50:00,20250,20250,20150,20200,733,14810000,224,509
060250,2026-05-04,12:55:00,20200,20200,20150,20200,2745,55320000,288,2457
060250,2026-05-04,13:00:00,20200,20200,20150,20200,1182,23830000,216,966
060250,2026-05-04,13:05:00,20200,20250,20150,20200,2850,57570000,2461,389
060250,2026-05-04,13:10:00,20250,20250,20100,20150,3673,74070000,323,3350
060250,2026-05-04,13:15:00,20150,20150,20100,20150,1374,27650000,713,661
060250,2026-05-04,13:20:00,20150,20150,20100,20150,3446,69270000,111,3335
060250,2026-05-04,13:25:00,20150,20150,20100,20100,1580,31790000,560,1020
060250,2026-05-04,13:30:00,20150,20150,20100,20150,1331,26790000,812,519
060250,2026-05-04,13:35:00,20150,20150,20000,20050,5461,109660000,237,5224
060250,2026-05-04,13:40:00,20050,20100,20000,20100,2289,45890000,1594,695
060250,2026-05-04,13:45:00,20050,20100,20050,20100,1032,20700000,46,986
060250,2026-05-04,13:50:00,20100,20100,20000,20000,1401,28090000,285,1116
060250,2026-05-04,13:55:00,20000,20100,20000,20050,913,18290000,175,738
060250,2026-05-04,14:00:00,20050,20100,20000,20100,7533,151040000,972,6561
060250,2026-05-04,14:05:00,20100,20100,20000,20050,5018,100390000,398,4620
060250,2026-05-04,14:10:00,20050,20050,20000,20050,1027,20590000,892,135
060250,2026-05-04,14:15:00,20050,20050,20000,20050,1532,30700000,1386,146
060250,2026-05-04,14:20:00,20050,20150,20050,20100,6181,124200000,5869,312
060250,2026-05-04,14:25:00,20150,20150,20050,20050,3896,78310000,476,3420
060250,2026-05-04,14:30:00,20100,20100,20050,20050,2478,49720000,625,1853
060250,2026-05-04,14:35:00,20050,20100,20050,20100,1287,25820000,466,821
060250,2026-05-04,14:40:00,20100,20100,20050,20100,1025,20600000,968,57
060250,2026-05-04,14:45:00,20100,20100,20050,20100,1836,36890000,1609,227
060250,2026-05-04,14:50:00,20100,20100,20050,20100,1196,24040000,1188,8
060250,2026-05-04,14:55:00,20100,20100,20000,20000,5825,116710000,447,5378
060250,2026-05-04,15:00:00,20050,20050,20000,20050,5175,103510000,134,5041
060250,2026-05-04,15:05:00,20000,20050,19990,20050,16028,320560000,6633,9395
060250,2026-05-04,15:10:00,20050,20050,19990,20050,3860,77320000,1508,2352
060250,2026-05-04,15:15:00,20050,20100,20000,20100,3625,72720000,1552,2073
060250,2026-05-04,15:20:00,20100,20150,20050,20150,8110,163010000,6050,2060
060250,2026-05-04,15:30:00,20050,20050,20050,20050,8572,171860000,8220,0
060250,2026-05-06,09:05:00,20850,21600,20800,21000,297443,6289280000,180591,116852
060250,2026-05-06,09:10:00,20900,21350,20850,21350,109672,2317260000,64213,45459
060250,2026-05-06,09:15:00,21350,21700,21250,21350,206703,4436900000,136585,70118
060250,2026-05-06,09:20:00,21350,21600,21050,21050,65329,1391790000,28079,37250
060250,2026-05-06,09:25:00,21100,21350,21000,21100,39123,826200000,20514,18609
060250,2026-05-06,09:30:00,21100,21200,20950,20950,36757,774690000,13944,22813
060250,2026-05-06,09:35:00,20950,21400,20850,21200,56293,1189210000,28672,27621
060250,2026-05-06,09:40:00,21150,21350,21150,21350,55869,1188840000,28742,27127
060250,2026-05-06,09:45:00,21350,21450,21150,21200,18976,404320000,11553,7423
060250,2026-05-06,09:50:00,21200,21300,21050,21250,21932,463790000,12371,9561
060250,2026-05-06,09:55:00,21250,21350,21150,21200,25118,533900000,14629,10489
060250,2026-05-06,10:00:00,21150,21200,21050,21150,8401,177440000,3805,4596
060250,2026-05-06,10:05:00,21100,21100,20900,20950,23591,495170000,5547,18044
060250,2026-05-06,10:10:00,20950,21000,20850,20950,13307,278230000,5371,7936
060250,2026-05-06,10:15:00,20950,21050,20800,21050,30990,647650000,10449,20541
060250,2026-05-06,10:20:00,21050,21150,20950,21100,10821,227850000,5781,5040
060250,2026-05-06,10:25:00,21100,21250,21100,21200,12234,259360000,9909,2325
060250,2026-05-06,10:30:00,21150,21200,21100,21200,6728,142330000,4213,2515
060250,2026-05-06,10:35:00,21150,21200,21050,21050,14497,306120000,6545,7952
060250,2026-05-06,10:40:00,21050,21400,21050,21250,24129,513990000,19487,4642
060250,2026-05-06,10:45:00,21300,21325,21150,21200,8562,181910000,4912,3650
060250,2026-05-06,10:50:00,21200,21250,21100,21150,7001,148220000,1444,5557
060250,2026-05-06,10:55:00,21150,21250,21100,21150,7518,159240000,4062,3456
060250,2026-05-06,11:00:00,21150,21150,21050,21100,8419,177660000,1569,6850
060250,2026-05-06,11:05:00,21100,21100,20950,20950,9139,191980000,1840,7299
060250,2026-05-06,11:10:00,20950,21000,20900,20950,3933,82370000,1318,2615
060250,2026-05-06,11:15:00,20950,21000,20900,20900,8612,180380000,3310,5302
060250,2026-05-06,11:20:00,20900,20950,20850,20900,13196,275510000,1687,11509
060250,2026-05-06,11:25:00,20850,20900,20700,20750,11847,246120000,1432,10415
060250,2026-05-06,11:30:00,20750,20800,20650,20750,12645,261890000,6288,6357
060250,2026-05-06,11:35:00,20700,20800,20600,20800,18452,381740000,9036,9416
060250,2026-05-06,11:40:00,20750,20800,20700,20700,4571,94700000,816,3755
060250,2026-05-06,11:45:00,20700,20800,20700,20750,2720,56410000,1512,1208
060250,2026-05-06,11:50:00,20750,20900,20750,20850,3254,67660000,1924,1330
060250,2026-05-06,11:55:00,20850,20900,20800,20900,2093,43680000,1270,823
060250,2026-05-06,12:00:00,20900,20900,20750,20800,5882,122460000,1178,4704
060250,2026-05-06,12:05:00,20800,20850,20750,20750,2703,56160000,1332,1371
060250,2026-05-06,12:10:00,20800,20850,20800,20850,2506,52150000,1638,868
060250,2026-05-06,12:15:00,20800,20900,20750,20800,4797,99870000,1382,3415
060250,2026-05-06,12:20:00,20800,20900,20750,20850,6181,128810000,3969,2212
060250,2026-05-06,12:25:00,20850,20900,20850,20900,2152,44950000,1591,561
060250,2026-05-06,12:30:00,20900,20950,20850,20900,3987,83310000,1909,2078
060250,2026-05-06,12:35:00,20900,21000,20900,20900,6724,140900000,4129,2595
060250,2026-05-06,12:40:00,20950,21000,20900,20950,10845,227390000,3040,7805
060250,2026-05-06,12:45:00,21000,21000,20900,20900,2654,55630000,1105,1549
060250,2026-05-06,12:50:00,20900,21100,20800,21000,16793,351970000,11525,5268
060250,2026-05-06,12:55:00,21000,21100,21000,21050,8978,189150000,5207,3771
060250,2026-05-06,13:00:00,21050,21150,21000,21050,7805,164710000,2985,4820
060250,2026-05-06,13:05:00,21050,21100,21000,21050,8123,170970000,4001,4122
060250,2026-05-06,13:10:00,21000,21050,21000,21050,5042,105960000,2225,2817
060250,2026-05-06,13:15:00,21050,21100,21000,21100,3409,71840000,2433,976
060250,2026-05-06,13:20:00,21100,21100,21000,21000,4992,105010000,731,4261
060250,2026-05-06,13:25:00,21000,21050,20950,20950,2511,52680000,181,2330
060250,2026-05-06,13:30:00,20950,21050,20900,21050,7655,160480000,5911,1744
060250,2026-05-06,13:35:00,21000,21050,20900,20900,7814,163880000,1093,6721
060250,2026-05-06,13:40:00,20900,20950,20850,20900,7049,147280000,2112,4937
060250,2026-05-06,13:45:00,20900,21050,20900,20950,4828,101380000,4433,395
060250,2026-05-06,13:50:00,20900,21000,20850,20900,4725,98650000,930,3795
060250,2026-05-06,13:55:00,20900,20950,20800,20850,11473,239270000,6989,4484
060250,2026-05-06,14:00:00,20850,20900,20800,20850,2583,53840000,644,1939
060250,2026-05-06,14:05:00,20850,20900,20800,20800,2750,57330000,1008,1742
060250,2026-05-06,14:10:00,20850,20900,20800,20900,2277,47450000,1107,1170
060250,2026-05-06,14:15:00,20900,20900,20750,20800,7967,166090000,2300,5667
060250,2026-05-06,14:20:00,20750,20800,20500,20550,27395,565510000,7594,19801
060250,2026-05-06,14:25:00,20600,20650,20550,20600,8007,164860000,5282,2725
060250,2026-05-06,14:30:00,20600,20800,20600,20800,4997,103650000,4043,954
060250,2026-05-06,14:35:00,20800,21100,20750,21100,18034,378380000,14796,3238
060250,2026-05-06,14:40:00,21050,21100,20950,21000,7361,154660000,3822,3539
060250,2026-05-06,14:45:00,21000,21000,20950,21000,4435,92990000,1604,2831
060250,2026-05-06,14:50:00,20950,21100,20900,21050,16256,341830000,12773,3483
060250,2026-05-06,14:55:00,21050,21100,21000,21100,9068,191030000,7455,1613
060250,2026-05-06,15:00:00,21100,21200,21050,21150,11828,250080000,6648,5180
060250,2026-05-06,15:05:00,21150,21200,21100,21150,12395,262430000,9464,2931
060250,2026-05-06,15:10:00,21150,21250,21050,21200,22596,478070000,15647,6949
060250,2026-05-06,15:15:00,21250,21250,21100,21150,13140,277960000,8636,4504
060250,2026-05-06,15:20:00,21150,21350,21150,21300,75129,1598560000,44343,30786
060250,2026-05-06,15:30:00,21300,21300,21300,21300,37992,809220000,29487,0
060250,2026-05-07,09:05:00,21250,21250,19800,20000,99329,2028140000,32279,66919
060250,2026-05-07,09:10:00,19980,20050,19800,19810,77214,1536330000,23656,53558
060250,2026-05-07,09:15:00,19810,19830,19600,19620,73645,1451510000,30678,42967
060250,2026-05-07,09:20:00,19620,19800,19580,19650,37866,745250000,8379,29487
060250,2026-05-07,09:25:00,19640,19660,19500,19550,39853,780200000,10120,29733
060250,2026-05-07,09:30:00,19540,19550,19420,19520,32323,629760000,7021,25302
060250,2026-05-07,09:35:00,19500,19520,19400,19400,28564,555020000,8466,20098
060250,2026-05-07,09:40:00,19410,19440,19330,19350,24547,475720000,7046,17501
060250,2026-05-07,09:45:00,19350,19360,19220,19240,29031,559600000,6430,22601
060250,2026-05-07,09:50:00,19240,19290,19220,19260,19120,367960000,7386,11734
060250,2026-05-07,09:55:00,19260,19300,19160,19190,32189,619020000,11058,21131
060250,2026-05-07,10:00:00,19180,19190,18990,18990,31583,602660000,9018,22565
060250,2026-05-07,10:05:00,18990,19130,18930,19080,23985,455560000,15458,8527
060250,2026-05-07,10:10:00,19080,19120,18990,18990,19390,369470000,5135,14255
060250,2026-05-07,10:15:00,18990,19030,18970,18990,12556,238470000,5054,7502
060250,2026-05-07,10:20:00,18990,19100,18950,18970,24955,474250000,6482,18473
060250,2026-05-07,10:25:00,18970,18990,18920,18930,22229,421160000,8125,14104
060250,2026-05-07,10:30:00,18930,19050,18930,19050,8071,153110000,3367,4704
060250,2026-05-07,10:35:00,19050,19080,18990,19010,14085,268210000,5229,8856
060250,2026-05-07,10:40:00,19010,19060,18990,19050,5167,98300000,4121,1046
060250,2026-05-07,10:45:00,19050,19170,19040,19150,8906,170380000,5698,3208
060250,2026-05-07,10:50:00,19140,19140,19050,19130,9250,176700000,3655,5595
060250,2026-05-07,10:55:00,19130,19160,19070,19070,9343,178670000,3830,5513
060250,2026-05-07,11:00:00,19080,19085,19000,19010,8752,166640000,1899,6853
060250,2026-05-07,11:05:00,19010,19060,19010,19020,6201,118010000,3476,2725
060250,2026-05-07,11:10:00,19020,19100,19020,19100,3142,59910000,2303,839
060250,2026-05-07,11:15:00,19100,19140,19040,19070,10564,201560000,3740,6824
060250,2026-05-07,11:20:00,19060,19100,19050,19060,3974,75790000,1816,2158
060250,2026-05-07,11:25:00,19060,19060,19000,19005,10042,191120000,1190,8852
060250,2026-05-07,11:30:00,19005,19020,18990,18990,9040,171790000,3742,5298
060250,2026-05-07,11:35:00,18990,19030,18990,19020,4649,88380000,3645,1004
060250,2026-05-07,11:40:00,19020,19030,19000,19020,4468,84970000,2468,2000
060250,2026-05-07,11:45:00,19020,19040,19010,19020,5661,107690000,3384,2277
060250,2026-05-07,11:50:00,19020,19030,18980,18980,9349,177670000,2281,7068
060250,2026-05-07,11:55:00,18980,18990,18960,18960,4697,89090000,458,4239
060250,2026-05-07,12:00:00,18970,19010,18960,18990,3875,73590000,1843,2032
060250,2026-05-07,12:05:00,18990,19020,18950,18960,6409,121640000,1440,4969
060250,2026-05-07,12:10:00,18960,18970,18950,18950,4022,76240000,1875,2147
060250,2026-05-07,12:15:00,18970,18980,18950,18960,4018,76190000,2485,1533
060250,2026-05-07,12:20:00,18960,18980,18960,18980,5526,104820000,3649,1877
060250,2026-05-07,12:25:00,18970,18980,18970,18970,1842,34950000,642,1200
060250,2026-05-07,12:30:00,18970,19010,18970,18990,6646,126230000,4214,2432
060250,2026-05-07,12:35:00,18980,19000,18970,19000,1159,22010000,820,339
060250,2026-05-07,12:40:00,19000,19000,18980,18990,3008,57110000,1045,1963
060250,2026-05-07,12:45:00,18990,19000,18965,18965,7304,138650000,2237,5067
060250,2026-05-07,12:50:00,18965,18980,18950,18980,9719,184300000,6469,3250
060250,2026-05-07,12:55:00,19000,19050,18970,19030,7985,151750000,7141,844
060250,2026-05-07,13:00:00,19020,19060,19020,19050,5204,99090000,3663,1541
060250,2026-05-07,13:05:00,19050,19050,18970,18970,9282,176480000,1206,8076
060250,2026-05-07,13:10:00,18970,18990,18960,18990,4181,79320000,1740,2441
060250,2026-05-07,13:15:00,18985,19100,18980,19000,7312,139120000,4717,2595
060250,2026-05-07,13:20:00,19000,19070,18990,19060,6787,128990000,2286,4501
060250,2026-05-07,13:25:00,19040,19040,18970,18970,8468,160770000,498,7970
060250,2026-05-07,13:30:00,18970,18980,18960,18970,4640,88020000,2205,2435
060250,2026-05-07,13:35:00,18970,19000,18970,18990,6443,122290000,4466,1977
060250,2026-05-07,13:40:00,18990,19010,18970,19010,7513,142610000,3204,4309
060250,2026-05-07,13:45:00,19010,19020,18970,18970,7926,150610000,1334,6592
060250,2026-05-07,13:50:00,18980,19020,18970,19020,6632,125980000,5649,983
060250,2026-05-07,13:55:00,19020,19080,19010,19080,10729,204380000,5059,5670
060250,2026-05-07,14:00:00,19070,19070,19030,19040,4253,81020000,1157,3096
060250,2026-05-07,14:05:00,19040,19050,19020,19020,2261,43030000,475,1786
060250,2026-05-07,14:10:00,19020,19030,19000,19000,4677,88900000,1054,3623
060250,2026-05-07,14:15:00,19000,19010,18980,18980,8665,164560000,2236,6429
060250,2026-05-07,14:20:00,18990,19010,18980,19010,4097,77850000,3081,1016
060250,2026-05-07,14:25:00,19010,19010,18990,19000,3075,58420000,932,2143
060250,2026-05-07,14:30:00,19000,19000,18980,18980,6806,129250000,780,6026
060250,2026-05-07,14:35:00,18990,18990,18960,18970,8623,163610000,4807,3816
060250,2026-05-07,14:40:00,18970,19020,18960,19020,8543,162180000,6066,2477
060250,2026-05-07,14:45:00,19000,19020,18960,19000,5133,97460000,2610,2523
060250,2026-05-07,14:50:00,19000,19030,18970,18990,4040,76730000,2961,1079
060250,2026-05-07,14:55:00,18990,19000,18970,18980,7616,144570000,4520,3096
060250,2026-05-07,15:00:00,18980,18990,18970,18980,3603,68370000,1132,2471
060250,2026-05-07,15:05:00,18970,19000,18970,18990,8158,154890000,5916,2242
060250,2026-05-07,15:10:00,18990,19000,18970,18970,8211,155830000,3652,4559
060250,2026-05-07,15:15:00,18980,18980,18960,18960,11386,215990000,5701,5685
060250,2026-05-07,15:20:00,18970,18980,18950,18980,17868,338850000,6584,11284
060250,2026-05-07,15:30:00,18950,18950,18950,18950,18275,346300000,16730,0
060250,2026-05-08,09:05:00,18850,19150,18740,18970,20924,395500000,15220,5626
060250,2026-05-08,09:10:00,18950,19080,18810,18870,9656,182540000,3676,5980
060250,2026-05-08,09:15:00,18870,18990,18820,18950,9428,178060000,6535,2893
060250,2026-05-08,09:20:00,18990,19040,18910,19030,8243,156420000,4258,3985
060250,2026-05-08,09:25:00,19030,19260,18990,19030,21873,418170000,12065,9808
060250,2026-05-08,09:30:00,19000,19120,18950,19080,10219,194550000,5972,4247
060250,2026-05-08,09:35:00,19060,19080,18910,18910,11909,225690000,5137,6772
060250,2026-05-08,09:40:00,18910,18910,18780,18800,11847,223130000,2326,9521
060250,2026-05-08,09:45:00,18810,18810,18790,18810,3147,59170000,1328,1819
060250,2026-05-08,09:50:00,18800,18820,18700,18700,15403,289060000,3795,11608
060250,2026-05-08,09:55:00,18700,18710,18610,18670,9057,169080000,5585,3472
060250,2026-05-08,10:00:00,18680,18700,18650,18660,7986,149130000,4491,3495
060250,2026-05-08,10:05:00,18660,18710,18620,18640,6693,124890000,4409,2284
060250,2026-05-08,10:10:00,18650,18740,18630,18720,5377,100440000,3635,1742
060250,2026-05-08,10:15:00,18730,18770,18630,18640,5202,97210000,2468,2734
060250,2026-05-08,10:20:00,18640,18650,18610,18610,8808,164080000,3127,5681
060250,2026-05-08,10:25:00,18620,18620,18570,18570,6236,115960000,848,5388
060250,2026-05-08,10:30:00,18580,18670,18550,18560,10484,194670000,3434,7050
060250,2026-05-08,10:35:00,18560,18600,18520,18520,5876,108970000,1063,4813
060250,2026-05-08,10:40:00,18520,18520,18460,18480,12015,222180000,4350,7665
060250,2026-05-08,10:45:00,18480,18500,18450,18490,4424,81720000,2145,2279
060250,2026-05-08,10:50:00,18490,18550,18480,18540,4737,87680000,3874,863
060250,2026-05-08,10:55:00,18540,18540,18500,18500,3270,60560000,1099,2171
060250,2026-05-08,11:00:00,18500,18520,18490,18510,1837,33990000,831,1006
060250,2026-05-08,11:05:00,18510,18510,18450,18460,13406,247500000,7561,5845
060250,2026-05-08,11:10:00,18460,18470,18440,18450,4871,89900000,745,4126
060250,2026-05-08,11:15:00,18450,18450,18410,18440,6026,111080000,2101,3925
060250,2026-05-08,11:20:00,18450,18450,18410,18410,3985,73410000,1133,2852
060250,2026-05-08,11:25:00,18420,18510,18410,18460,7726,142390000,3662,4064
060250,2026-05-08,11:30:00,18470,18540,18450,18500,2419,44740000,1869,550
060250,2026-05-08,11:35:00,18480,18530,18480,18520,1574,29150000,551,1023
060250,2026-05-08,11:40:00,18520,18540,18470,18480,3650,67500000,1720,1930
060250,2026-05-08,11:45:00,18480,18600,18480,18560,3133,58140000,2607,526
060250,2026-05-08,11:50:00,18600,18600,18570,18590,1205,22400000,492,713
060250,2026-05-08,11:55:00,18600,18600,18560,18570,712,13230000,304,408
060250,2026-05-08,12:00:00,18570,18650,18570,18610,1180,21940000,741,439
060250,2026-05-08,12:05:00,18610,18640,18610,18630,351,6530000,200,151
060250,2026-05-08,12:10:00,18620,18630,18610,18620,535,9970000,375,160
060250,2026-05-08,12:15:00,18640,18700,18630,18700,2652,49540000,1916,736
060250,2026-05-08,12:20:00,18700,18740,18680,18740,2019,37780000,1167,852
060250,2026-05-08,12:25:00,18740,18830,18730,18810,3144,59100000,1535,1609
060250,2026-05-08,12:30:00,18810,18870,18810,18860,2405,45320000,1263,1142
060250,2026-05-08,12:35:00,18850,18860,18810,18830,1727,32520000,310,1417
060250,2026-05-08,12:40:00,18820,18850,18780,18790,7739,145580000,1780,5959
060250,2026-05-08,12:45:00,18780,18810,18780,18790,3154,59290000,2319,835
060250,2026-05-08,12:50:00,18800,18800,18760,18760,4193,78730000,2026,2167
060250,2026-05-08,12:55:00,18770,18770,18720,18730,2361,44260000,378,1983
060250,2026-05-08,13:00:00,18730,18780,18730,18780,1475,27660000,1282,193
060250,2026-05-08,13:05:00,18770,18780,18770,18770,1376,25830000,303,1073
060250,2026-05-08,13:10:00,18780,18800,18760,18790,1872,35170000,1003,869
060250,2026-05-08,13:15:00,18790,18790,18740,18750,3213,60300000,299,2914
060250,2026-05-08,13:20:00,18740,18740,18720,18720,1664,31170000,831,833
060250,2026-05-08,13:25:00,18720,18780,18720,18770,2448,45910000,767,1681
060250,2026-05-08,13:30:00,18780,18850,18770,18840,2079,39090000,1665,414
060250,2026-05-08,13:35:00,18840,18860,18800,18850,1499,28240000,977,522
060250,2026-05-08,13:40:00,18860,18920,18830,18910,4808,90730000,3112,1696
060250,2026-05-08,13:45:00,18910,18930,18870,18900,5564,105170000,1838,3726
060250,2026-05-08,13:50:00,18900,18910,18880,18880,2305,43570000,619,1686
060250,2026-05-08,13:55:00,18880,18920,18880,18900,1708,32270000,605,1103
060250,2026-05-08,14:00:00,18900,18910,18880,18880,1740,32890000,106,1634
060250,2026-05-08,14:05:00,18910,18910,18860,18880,2175,41050000,481,1694
060250,2026-05-08,14:10:00,18870,18920,18860,18910,1242,23450000,847,395
060250,2026-05-08,14:15:00,18910,18930,18890,18890,5382,101780000,1179,4203
060250,2026-05-08,14:20:00,18900,18920,18880,18890,3150,59520000,1144,2006
060250,2026-05-08,14:25:00,18900,18900,18820,18830,7435,140310000,1210,6225
060250,2026-05-08,14:30:00,18820,18820,18770,18790,5575,104730000,2716,2859
060250,2026-05-08,14:35:00,18790,18850,18790,18830,2381,44840000,1676,705
060250,2026-05-08,14:40:00,18830,18830,18790,18790,2566,48290000,229,2337
060250,2026-05-08,14:45:00,18790,18790,18750,18750,4281,80360000,867,3414
060250,2026-05-08,14:50:00,18770,18770,18740,18740,3218,60340000,969,2249
060250,2026-05-08,14:55:00,18740,18770,18710,18750,4182,78350000,3040,1142
060250,2026-05-08,15:00:00,18750,18810,18730,18770,5330,100070000,4248,1082
060250,2026-05-08,15:05:00,18770,18780,18710,18730,5128,96080000,1193,3935
060250,2026-05-08,15:10:00,18730,18730,18670,18680,6454,120710000,2145,4309
060250,2026-05-08,15:15:00,18690,18710,18680,18710,4037,75480000,2849,1188
060250,2026-05-08,15:20:00,18710,18740,18700,18720,8272,154830000,5559,2713
060250,2026-05-08,15:30:00,18750,18750,18750,18750,7177,134560000,6862,0
060250,2026-05-11,09:05:00,18800,18960,18780,18910,22102,416290000,10223,11879
060250,2026-05-11,09:10:00,18970,19070,18920,19070,14047,266840000,9125,4922
060250,2026-05-11,09:15:00,19070,19180,19070,19170,14791,282640000,10235,4556
060250,2026-05-11,09:20:00,19170,19440,19160,19310,44051,851040000,24045,20006
060250,2026-05-11,09:25:00,19350,19440,19320,19350,13140,254830000,6639,6501
060250,2026-05-11,09:30:00,19340,19460,19280,19450,15053,292000000,9861,5192
060250,2026-05-11,09:35:00,19450,19460,19315,19315,11124,215960000,3853,7271
060250,2026-05-11,09:40:00,19315,19320,19140,19250,13990,268850000,7561,6429
060250,2026-05-11,09:45:00,19250,19470,19250,19420,13420,260510000,7421,5999
060250,2026-05-11,09:50:00,19430,19490,19370,19370,15303,297380000,9067,6236
060250,2026-05-11,09:55:00,19370,19410,19360,19360,6676,129320000,3575,3101
060250,2026-05-11,10:00:00,19360,19550,19280,19540,29205,567580000,20619,8586
060250,2026-05-11,10:05:00,19540,19540,19320,19340,9380,182330000,2443,6937
060250,2026-05-11,10:10:00,19340,19560,19340,19440,10027,195160000,8564,1463
060250,2026-05-11,10:15:00,19500,19630,19500,19590,15249,298560000,10217,5032
060250,2026-05-11,10:20:00,19590,19940,19580,19930,41420,818980000,34121,7299
060250,2026-05-11,10:25:00,19940,20200,19890,20050,44553,890270000,27105,17448
060250,2026-05-11,10:30:00,20100,20200,19990,20050,24622,494400000,13496,11126
060250,2026-05-11,10:35:00,20000,20100,19990,20050,18781,376370000,12557,6224
060250,2026-05-11,10:40:00,20000,20225,19990,20200,26114,525130000,21473,4641
060250,2026-05-11,10:45:00,20200,20200,20050,20100,8721,175360000,3804,4917
060250,2026-05-11,10:50:00,20100,20200,20000,20050,12919,259450000,7587,5332
060250,2026-05-11,10:55:00,20050,20100,19980,20000,5294,106010000,3887,1407
060250,2026-05-11,11:00:00,20000,20050,19930,19940,3019,60300000,837,2182
060250,2026-05-11,11:05:00,19940,20000,19930,19940,6084,121410000,4224,1860
060250,2026-05-11,11:10:00,19940,19980,19870,19880,6485,129190000,1025,5460
060250,2026-05-11,11:15:00,19880,19900,19830,19860,4763,94590000,2341,2422
060250,2026-05-11,11:20:00,19860,19890,19840,19860,3215,63850000,2581,634
060250,2026-05-11,11:25:00,19860,19860,19810,19820,8521,168950000,2287,6234
060250,2026-05-11,11:30:00,19820,19890,19810,19890,3835,76140000,3285,550
060250,2026-05-11,11:35:00,19890,19960,19890,19950,2775,55300000,1673,1102
060250,2026-05-11,11:40:00,19960,20100,19950,20000,9077,181800000,8215,862
060250,2026-05-11,11:45:00,20050,20150,20000,20100,9871,198440000,7664,2207
060250,2026-05-11,11:50:00,20150,20200,20050,20100,4654,93800000,3295,1359
060250,2026-05-11,11:55:00,20150,20200,20050,20050,4613,92830000,2834,1779
060250,2026-05-11,12:00:00,20050,20150,19970,19990,9395,188380000,3760,5635
060250,2026-05-11,12:05:00,20000,20250,20000,20150,22074,445120000,17526,4548
060250,2026-05-11,12:10:00,20150,20250,20100,20200,4871,98390000,4090,781
060250,2026-05-11,12:15:00,20200,20250,20150,20200,8411,170170000,4276,4135
060250,2026-05-11,12:20:00,20200,20200,20000,20100,5949,119330000,970,4979
060250,2026-05-11,12:25:00,20100,20100,19990,20000,4909,98300000,1528,3381
060250,2026-05-11,12:30:00,20000,20100,19990,20050,2239,44900000,1224,1015
060250,2026-05-11,12:35:00,20050,20100,20000,20050,4243,85140000,3588,655
060250,2026-05-11,12:40:00,20000,20150,20000,20000,4088,81980000,2138,1950
060250,2026-05-11,12:45:00,20100,20150,20000,20050,6725,135120000,3593,3132
060250,2026-05-11,12:50:00,20050,20050,19990,20000,3964,79340000,937,3027
060250,2026-05-11,12:55:00,20000,20050,20000,20000,744,14900000,297,447
060250,2026-05-11,13:00:00,20050,20050,19960,19960,3956,79070000,444,3512
060250,2026-05-11,13:05:00,19960,19980,19930,19930,6434,128300000,727,5707
060250,2026-05-11,13:10:00,19930,19940,19915,19920,2444,48710000,1022,1422
060250,2026-05-11,13:15:00,19920,19960,19910,19940,4127,82230000,2338,1789
060250,2026-05-11,13:20:00,19940,19990,19910,19950,5454,108740000,4635,819
060250,2026-05-11,13:25:00,19950,19950,19880,19900,5430,108130000,1613,3817
060250,2026-05-11,13:30:00,19900,19910,19870,19890,3400,67640000,2424,976
060250,2026-05-11,13:35:00,19880,19900,19870,19880,2936,58380000,1349,1587
060250,2026-05-11,13:40:00,19880,19880,19850,19860,2567,51000000,627,1940
060250,2026-05-11,13:45:00,19860,19860,19800,19820,7547,149710000,4387,3160
060250,2026-05-11,13:50:00,19820,19860,19790,19820,4843,95960000,2837,2006
060250,2026-05-11,13:55:00,19810,19850,19760,19760,10229,202410000,2651,7578
060250,2026-05-11,14:00:00,19770,19770,19720,19750,4200,82920000,1931,2269
060250,2026-05-11,14:05:00,19750,19770,19720,19730,3304,65230000,1928,1376
060250,2026-05-11,14:10:00,19730,19790,19730,19780,2063,40770000,1464,599
060250,2026-05-11,14:15:00,19780,19780,19660,19670,12517,246670000,1842,10675
060250,2026-05-11,14:20:00,19670,19690,19640,19650,7710,151530000,3667,4043
060250,2026-05-11,14:25:00,19650,19650,19550,19620,6806,133420000,2565,4241
060250,2026-05-11,14:30:00,19650,19710,19630,19710,6254,123040000,4354,1900
060250,2026-05-11,14:35:00,19720,19720,19620,19620,5396,106180000,793,4603
060250,2026-05-11,14:40:00,19620,19620,19570,19610,5074,99430000,3737,1337
060250,2026-05-11,14:45:00,19590,19600,19540,19550,3399,66500000,1193,2206
060250,2026-05-11,14:50:00,19550,19560,19500,19550,8534,166640000,3496,5038
060250,2026-05-11,14:55:00,19550,19560,19530,19550,3790,74070000,1735,2055
060250,2026-05-11,15:00:00,19540,19550,19430,19440,5893,114780000,1391,4502
060250,2026-05-11,15:05:00,19440,19490,19430,19460,6297,122530000,2482,3815
060250,2026-05-11,15:10:00,19450,19530,19450,19500,4344,84680000,2392,1952
060250,2026-05-11,15:15:00,19530,19530,19480,19490,4477,87310000,1033,3444
060250,2026-05-11,15:20:00,19480,19510,19450,19450,10903,212310000,3627,7276
060250,2026-05-11,15:30:00,19450,19450,19450,19450,10923,212440000,9521,0
060250,2026-05-12,09:05:00,20350,20700,19940,20500,230067,4678970000,131755,98211
060250,2026-05-12,09:10:00,20500,20700,19990,19990,100989,2057850000,36794,64195
060250,2026-05-12,09:15:00,20000,20100,19820,19830,68522,1365970000,15033,53489
060250,2026-05-12,09:20:00,19840,20000,19830,19990,28708,571510000,13610,15098
060250,2026-05-12,09:25:00,19990,20100,19910,19940,16423,328070000,5134,11289
060250,2026-05-12,09:30:00,19940,20050,19860,19860,19571,390330000,9330,10241
060250,2026-05-12,09:35:00,19860,20100,19770,20050,29629,588820000,8701,20928
060250,2026-05-12,09:40:00,20050,20300,19990,20100,18676,375870000,15062,3614
060250,2026-05-12,09:45:00,20150,20200,20050,20200,18252,367600000,11789,6463
060250,2026-05-12,09:50:00,20200,20250,19940,19970,19115,384080000,3646,15469
060250,2026-05-12,09:55:00,19960,19980,19870,19890,13324,265430000,3778,9546
060250,2026-05-12,10:00:00,19890,19940,19780,19850,18237,361420000,3417,14820
060250,2026-05-12,10:05:00,19850,19940,19840,19840,9427,187360000,2170,7257
060250,2026-05-12,10:10:00,19830,19890,19810,19815,8743,173350000,2020,6723
060250,2026-05-12,10:15:00,19815,19820,19680,19680,26976,533110000,2212,24764
060250,2026-05-12,10:20:00,19680,19680,19550,19600,13569,266270000,6335,7234
060250,2026-05-12,10:25:00,19600,19630,19360,19380,38906,758270000,8557,30349
060250,2026-05-12,10:30:00,19380,19430,19290,19360,18040,348870000,4696,13344
060250,2026-05-12,10:35:00,19310,19360,19000,19010,33717,644780000,8752,24965
060250,2026-05-12,10:40:00,19000,19010,18650,18660,44223,833220000,20038,24185
060250,2026-05-12,10:45:00,18670,18880,18500,18820,26194,488810000,14819,11375
060250,2026-05-12,10:50:00,18770,19090,18750,19080,28528,539390000,13881,14647
060250,2026-05-12,10:55:00,19080,19100,18820,18850,18550,352420000,6265,12285
060250,2026-05-12,11:00:00,18820,18890,18700,18730,15086,283350000,6219,8867
060250,2026-05-12,11:05:00,18830,19020,18730,19010,5985,113060000,3413,2572
060250,2026-05-12,11:10:00,19010,19150,18920,19080,10300,196660000,5263,5037
060250,2026-05-12,11:15:00,19080,19120,19040,19080,5591,106630000,2436,3155
060250,2026-05-12,11:20:00,19050,19190,19040,19150,5409,103430000,4263,1146
060250,2026-05-12,11:25:00,19150,19200,19060,19200,3346,64070000,1787,1559
060250,2026-05-12,11:30:00,19200,19220,19170,19190,2349,45080000,932,1417
060250,2026-05-12,11:35:00,19180,19220,19090,19120,3812,73030000,1106,2706
060250,2026-05-12,11:40:00,19120,19120,19040,19050,5164,98480000,1103,4061
060250,2026-05-12,11:45:00,19050,19050,18900,18940,7281,138190000,959,6322
060250,2026-05-12,11:50:00,18940,19110,18930,19100,2188,41630000,1562,626
060250,2026-05-12,11:55:00,19100,19170,19090,19120,1805,34510000,1131,674
060250,2026-05-12,12:00:00,19120,19130,19070,19110,2624,50160000,541,2083
060250,2026-05-12,12:05:00,19110,19140,19000,19000,9503,181200000,449,9054
060250,2026-05-12,12:10:00,19000,19020,18990,19010,921,17500000,570,351
060250,2026-05-12,12:15:00,19010,19030,18980,18990,12084,229510000,9324,2760
060250,2026-05-12,12:20:00,18990,19030,18950,18950,3673,69720000,417,3256
060250,2026-05-12,12:25:00,18960,18960,18950,18960,2544,48210000,938,1606
060250,2026-05-12,12:30:00,18960,18990,18950,18980,1305,24750000,1177,128
060250,2026-05-12,12:35:00,19010,19130,18990,19070,2555,48630000,1335,1220
060250,2026-05-12,12:40:00,19070,19170,19070,19100,2075,39720000,1262,813
060250,2026-05-12,12:45:00,19100,19170,19070,19150,7572,144860000,2052,5520
060250,2026-05-12,12:50:00,19150,19150,19030,19040,4534,86470000,460,4074
060250,2026-05-12,12:55:00,19040,19050,19020,19020,8673,165120000,2088,6585
060250,2026-05-12,13:00:00,19020,19050,19000,19050,3864,73450000,1401,2463
060250,2026-05-12,13:05:00,19050,19090,19010,19040,958,18260000,548,410
060250,2026-05-12,13:10:00,19040,19050,19020,19030,1202,22870000,529,673
060250,2026-05-12,13:15:00,19040,19040,18910,18910,6424,121830000,617,5807
060250,2026-05-12,13:20:00,18930,18930,18840,18850,5451,102940000,1132,4319
060250,2026-05-12,13:25:00,18850,18850,18830,18840,3007,56640000,623,2384
060250,2026-05-12,13:30:00,18830,18890,18820,18830,4868,91690000,1262,3606
060250,2026-05-12,13:35:00,18830,18860,18810,18860,2983,56150000,880,2103
060250,2026-05-12,13:40:00,18860,18950,18780,18790,5446,102550000,1516,3930
060250,2026-05-12,13:45:00,18790,18790,18750,18770,4338,81460000,1829,2509
060250,2026-05-12,13:50:00,18760,18790,18740,18750,9305,174590000,4733,4572
060250,2026-05-12,13:55:00,18750,18750,18700,18700,6472,121190000,848,5624
060250,2026-05-12,14:00:00,18700,18740,18670,18690,5703,106670000,2801,2902
060250,2026-05-12,14:05:00,18680,18780,18660,18750,10230,191260000,8001,2229
060250,2026-05-12,14:10:00,18750,18770,18730,18740,5172,96970000,2678,2494
060250,2026-05-12,14:15:00,18770,18800,18750,18760,3391,63640000,1191,2200
060250,2026-05-12,14:20:00,18750,18750,18650,18720,7734,144620000,951,6783
060250,2026-05-12,14:25:00,18720,18820,18710,18820,3123,58600000,1970,1153
060250,2026-05-12,14:30:00,18830,18880,18810,18880,1432,26980000,880,552
060250,2026-05-12,14:35:00,18870,18900,18810,18830,3720,70120000,263,3457
060250,2026-05-12,14:40:00,18830,18830,18790,18800,2242,42160000,417,1825
060250,2026-05-12,14:45:00,18800,18800,18740,18750,4490,84220000,323,4167
060250,2026-05-12,14:50:00,18750,18850,18730,18850,3286,61660000,1487,1799
060250,2026-05-12,14:55:00,18860,18900,18820,18890,6696,126100000,4057,2639
060250,2026-05-12,15:00:00,18900,18900,18840,18870,3352,63260000,740,2612
060250,2026-05-12,15:05:00,18860,18860,18720,18760,11764,221260000,2799,8965
060250,2026-05-12,15:10:00,18750,18800,18730,18770,4808,90210000,2291,2517
060250,2026-05-12,15:15:00,18770,18830,18730,18830,8827,165730000,5842,2985
060250,2026-05-12,15:20:00,18820,18900,18820,18900,9262,174650000,6516,2746
060250,2026-05-12,15:30:00,18910,18910,18910,18910,14277,269970000,13003,0
060250,2026-05-13,09:05:00,18910,19080,18650,19080,17399,329160000,11919,5478
060250,2026-05-13,09:10:00,19080,19300,18870,19250,12471,238100000,9231,3240
060250,2026-05-13,09:15:00,19260,19260,18860,18860,11495,219550000,1945,9550
060250,2026-05-13,09:20:00,18870,19150,18850,19040,10977,208480000,8077,2900
060250,2026-05-13,09:25:00,19040,19120,18860,18940,5160,98300000,2806,2354
060250,2026-05-13,09:30:00,18940,19230,18920,19220,12408,236540000,10653,1755
060250,2026-05-13,09:35:00,19220,19220,19030,19040,4813,92020000,1990,2823
060250,2026-05-13,09:40:00,19030,19030,18770,18820,29066,551380000,2123,26943
060250,2026-05-13,09:45:00,18840,19020,18840,19000,12400,234700000,6577,5823
060250,2026-05-13,09:50:00,19000,19030,18920,18930,1768,33540000,587,1181
060250,2026-05-13,09:55:00,18930,19200,18920,19130,12042,229370000,10280,1762
060250,2026-05-13,10:00:00,19120,19140,19070,19110,3319,63450000,1401,1918
060250,2026-05-13,10:05:00,19110,19135,18920,19100,3183,60720000,801,2382
060250,2026-05-13,10:10:00,19080,19120,19060,19060,5693,108650000,4166,1527
060250,2026-05-13,10:15:00,19070,19230,19070,19190,12322,235980000,11391,931
060250,2026-05-13,10:20:00,19190,19370,19100,19190,14830,285400000,12375,2455
060250,2026-05-13,10:25:00,19180,19290,19170,19180,4685,90030000,2211,2474
060250,2026-05-13,10:30:00,19180,19310,19180,19240,8788,169160000,7612,1176
060250,2026-05-13,10:35:00,19240,19300,19230,19270,2750,52950000,2090,660
060250,2026-05-13,10:40:00,19290,19390,19290,19350,4831,93510000,3324,1507
060250,2026-05-13,10:45:00,19350,19410,19300,19380,7670,148530000,3365,4305
060250,2026-05-13,10:50:00,19340,19410,19330,19380,6406,124150000,5333,1073
060250,2026-05-13,10:55:00,19400,19400,19320,19330,5134,99270000,674,4460
060250,2026-05-13,11:00:00,19320,19390,19160,19280,15073,291020000,3378,11695
060250,2026-05-13,11:05:00,19290,19380,19280,19310,4306,83130000,2535,1771
060250,2026-05-13,11:10:00,19300,19320,19300,19310,4575,88330000,2745,1830
060250,2026-05-13,11:15:00,19300,19320,19290,19300,4411,85120000,583,3828
060250,2026-05-13,11:20:00,19290,19300,19280,19290,1875,36170000,432,1443
060250,2026-05-13,11:25:00,19290,19350,19280,19330,3134,60510000,2902,232
060250,2026-05-13,11:30:00,19330,19340,19320,19340,1394,26950000,1126,268
060250,2026-05-13,11:35:00,19340,19460,19340,19440,5242,101740000,4343,899
060250,2026-05-13,11:40:00,19450,19460,19440,19460,2732,53140000,2123,609
060250,2026-05-13,11:45:00,19460,19470,19440,19440,2089,40650000,424,1665
060250,2026-05-13,11:50:00,19430,19440,19380,19380,1153,22380000,122,1031
060250,2026-05-13,11:55:00,19380,19380,19310,19310,1431,27670000,622,809
060250,2026-05-13,12:00:00,19320,19330,19270,19280,6288,121220000,444,5844
060250,2026-05-13,12:05:00,19300,19300,19280,19290,808,15580000,341,467
060250,2026-05-13,12:10:00,19290,19300,19280,19280,372,7180000,216,156
060250,2026-05-13,12:15:00,19280,19290,19260,19270,5258,101310000,1372,3886
060250,2026-05-13,12:20:00,19270,19280,19260,19280,3368,64880000,1168,2200
060250,2026-05-13,12:25:00,19260,19300,19260,19280,1796,34630000,1575,221
060250,2026-05-13,12:30:00,19300,19310,19290,19310,1182,22800000,875,307
060250,2026-05-13,12:35:00,19310,19380,19300,19380,2021,39090000,2008,13
060250,2026-05-13,12:40:00,19380,19400,19350,19350,1795,34780000,753,1042
060250,2026-05-13,12:45:00,19340,19340,19200,19210,2536,48870000,162,2374
060250,2026-05-13,12:50:00,19200,19210,19140,19200,2890,55420000,1202,1688
060250,2026-05-13,12:55:00,19210,19210,19060,19060,2538,48520000,491,2047
060250,2026-05-13,13:00:00,19070,19200,19070,19170,3854,73760000,3101,753
060250,2026-05-13,13:05:00,19170,19250,19120,19190,3091,59300000,1947,1144
060250,2026-05-13,13:10:00,19190,19240,19180,19200,912,17500000,509,403
060250,2026-05-13,13:15:00,19220,19220,19160,19180,1926,36950000,1084,842
060250,2026-05-13,13:20:00,19180,19180,19130,19140,3119,59710000,1763,1356
060250,2026-05-13,13:25:00,19140,19160,19140,19160,853,16340000,588,265
060250,2026-05-13,13:30:00,19140,19200,19140,19200,1199,22980000,964,235
060250,2026-05-13,13:35:00,19200,19230,19190,19190,2992,57480000,2322,670
060250,2026-05-13,13:40:00,19220,19220,19180,19180,2127,40820000,503,1624
060250,2026-05-13,13:45:00,19180,19180,19120,19120,1572,30090000,3,1569
060250,2026-05-13,13:50:00,19130,19130,19080,19080,3368,64340000,492,2876
060250,2026-05-13,13:55:00,19080,19120,19080,19120,1732,33090000,908,824
060250,2026-05-13,14:00:00,19120,19140,19110,19130,2672,51110000,776,1896
060250,2026-05-13,14:05:00,19130,19130,19080,19080,1596,30480000,173,1423
060250,2026-05-13,14:10:00,19090,19110,19080,19110,1280,24440000,731,549
060250,2026-05-13,14:15:00,19110,19150,19100,19150,2507,47930000,1864,643
060250,2026-05-13,14:20:00,19160,19160,19100,19100,2332,44600000,270,2062
060250,2026-05-13,14:25:00,19100,19100,19060,19080,3984,76040000,600,3384
060250,2026-05-13,14:30:00,19080,19080,19040,19070,3721,70920000,127,3594
060250,2026-05-13,14:35:00,19070,19070,19000,19060,3495,66470000,1108,2387
060250,2026-05-13,14:40:00,19030,19060,18990,19000,4208,80010000,476,3732
060250,2026-05-13,14:45:00,19000,19000,18780,18780,11896,225040000,1041,10855
060250,2026-05-13,14:50:00,18780,18830,18750,18800,6624,124370000,4223,2401
060250,2026-05-13,14:55:00,18800,18930,18790,18870,2909,54820000,1507,1402
060250,2026-05-13,15:00:00,18880,18880,18780,18800,5147,96810000,929,4218
060250,2026-05-13,15:05:00,18800,18850,18750,18790,7083,133090000,2023,5060
060250,2026-05-13,15:10:00,18780,18790,18730,18750,7513,140880000,4360,3153
060250,2026-05-13,15:15:00,18750,18850,18730,18760,10603,199090000,3029,7574
060250,2026-05-13,15:20:00,18790,18900,18720,18870,9756,183130000,3197,6559
060250,2026-05-13,15:30:00,18870,18870,18870,18870,5895,111240000,5639,0
060250,2026-05-14,09:05:00,19180,19630,19040,19250,49261,954990000,35090,14156
060250,2026-05-14,09:10:00,19250,19830,19220,19670,37568,733340000,25479,12089
060250,2026-05-14,09:15:00,19720,20100,19670,19970,89352,1774300000,78485,10867
060250,2026-05-14,09:20:00,19960,19960,19700,19740,26524,524840000,11148,15376
060250,2026-05-14,09:25:00,19740,19800,19440,19640,17796,349450000,6448,11348
060250,2026-05-14,09:30:00,19560,19605,19280,19330,16368,318020000,1420,14948
060250,2026-05-14,09:35:00,19290,19430,19200,19230,14095,271900000,3324,10771
060250,2026-05-14,09:40:00,19220,19350,19160,19160,21960,422210000,4729,17231
060250,2026-05-14,09:45:00,19200,19200,19050,19140,12678,242130000,1608,11070
060250,2026-05-14,09:50:00,19140,19140,19070,19100,9536,182130000,1677,7859
060250,2026-05-14,09:55:00,19080,19160,19060,19160,9742,186090000,4069,5673
060250,2026-05-14,10:00:00,19160,19290,19080,19180,16515,316690000,3060,13455
060250,2026-05-14,10:05:00,19180,19180,18970,18980,20650,393270000,1153,19497
060250,2026-05-14,10:10:00,18980,19080,18960,19000,5115,97170000,1914,3201
060250,2026-05-14,10:15:00,19000,19020,18950,19000,6013,114100000,2256,3757
060250,2026-05-14,10:20:00,19020,19030,18940,18970,11773,223380000,1588,10185
060250,2026-05-14,10:25:00,18970,19010,18960,19000,5431,103030000,2194,3237
060250,2026-05-14,10:30:00,19000,19050,18990,19000,7115,135260000,3474,3641
060250,2026-05-14,10:35:00,19000,19060,18970,18970,2857,54240000,558,2299
060250,2026-05-14,10:40:00,18970,18980,18900,18940,19522,369790000,609,18913
060250,2026-05-14,10:45:00,18940,18950,18890,18900,5568,105270000,1174,4394
060250,2026-05-14,10:50:00,18890,19170,18840,18930,13401,253290000,4463,8938
060250,2026-05-14,10:55:00,18910,18910,18850,18860,7738,145960000,2109,5629
060250,2026-05-14,11:00:00,18870,18870,18720,18720,15936,299490000,783,15153
060250,2026-05-14,11:05:00,18720,18720,18660,18680,5652,105580000,2252,3400
060250,2026-05-14,11:10:00,18690,18710,18660,18670,4871,90960000,1436,3435
060250,2026-05-14,11:15:00,18690,18830,18690,18830,2711,50850000,2561,150
060250,2026-05-14,11:20:00,18830,18880,18770,18840,3123,58810000,1880,1243
060250,2026-05-14,11:25:00,18840,19010,18830,19010,6320,119590000,4142,2178
060250,2026-05-14,11:30:00,19020,19060,18970,19060,7321,139240000,2274,5047
060250,2026-05-14,11:35:00,19060,19570,19040,19540,24670,478230000,22070,2600
060250,2026-05-14,11:40:00,19550,19700,19450,19700,21674,425360000,16054,5620
060250,2026-05-14,11:45:00,19700,19750,19540,19640,12015,236400000,9590,2425
060250,2026-05-14,11:50:00,19640,19650,19450,19530,6519,127460000,3773,2746
060250,2026-05-14,11:55:00,19520,19520,19420,19430,4685,91080000,3513,1172
060250,2026-05-14,12:00:00,19420,19420,19400,19410,4103,79640000,3499,604
060250,2026-05-14,12:05:00,19400,19400,19240,19280,5062,97750000,2138,2924
060250,2026-05-14,12:10:00,19320,19450,19230,19420,6842,132300000,3227,3615
060250,2026-05-14,12:15:00,19330,19440,19310,19440,1600,31030000,624,976
060250,2026-05-14,12:20:00,19440,19500,19370,19380,3154,61390000,1679,1475
060250,2026-05-14,12:25:00,19390,19390,19300,19340,2960,57260000,1557,1403
060250,2026-05-14,12:30:00,19340,19410,19280,19410,1782,34530000,1370,412
060250,2026-05-14,12:35:00,19410,19500,19410,19430,2535,49350000,2184,351
060250,2026-05-14,12:40:00,19430,19500,19340,19350,9650,186980000,2978,6672
060250,2026-05-14,12:45:00,19350,19420,19340,19380,920,17820000,578,342
060250,2026-05-14,12:50:00,19385,19470,19370,19370,3769,73190000,1526,2243
060250,2026-05-14,12:55:00,19390,19400,19380,19390,606,11750000,532,74
060250,2026-05-14,13:00:00,19390,19400,19360,19400,2274,44070000,1467,807
060250,2026-05-14,13:05:00,19400,19500,19390,19420,3534,68700000,2266,1268
060250,2026-05-14,13:10:00,19420,19420,19380,19400,2171,42120000,952,1219
060250,2026-05-14,13:15:00,19400,19410,19390,19400,2196,42590000,1210,986
060250,2026-05-14,13:20:00,19400,19500,19380,19490,34311,667040000,32935,1376
060250,2026-05-14,13:25:00,19490,19590,19485,19570,8210,160430000,4787,3423
060250,2026-05-14,13:30:00,19560,19590,19540,19590,5606,109650000,2381,3225
060250,2026-05-14,13:35:00,19580,19680,19570,19650,3822,75040000,2407,1415
060250,2026-05-14,13:40:00,19650,19730,19630,19710,11956,235250000,8352,3604
060250,2026-05-14,13:45:00,19710,19720,19610,19610,2556,50290000,555,2001
060250,2026-05-14,13:50:00,19610,19720,19540,19680,14040,275170000,4556,9484
060250,2026-05-14,13:55:00,19680,19700,19590,19600,3946,77460000,1552,2394
060250,2026-05-14,14:00:00,19600,19620,19560,19610,5431,106390000,2151,3280
060250,2026-05-14,14:05:00,19620,19620,19540,19550,9577,187540000,1299,8278
060250,2026-05-14,14:10:00,19550,19610,19540,19550,4171,81620000,1246,2925
060250,2026-05-14,14:15:00,19550,19570,19520,19560,2367,46270000,1241,1126
060250,2026-05-14,14:20:00,19550,19560,19440,19470,7947,154940000,1305,6642
060250,2026-05-14,14:25:00,19470,19520,19470,19520,1358,26490000,1106,252
060250,2026-05-14,14:30:00,19520,19600,19520,19580,2861,56000000,2072,789
060250,2026-05-14,14:35:00,19580,19600,19520,19530,3014,58920000,1018,1996
060250,2026-05-14,14:40:00,19530,19590,19530,19590,4126,80730000,2116,2010
060250,2026-05-14,14:45:00,19580,19580,19510,19520,5684,111040000,1012,4672
060250,2026-05-14,14:50:00,19520,19570,19520,19560,2082,40680000,1159,923
060250,2026-05-14,14:55:00,19560,19570,19540,19560,1312,25650000,794,518
060250,2026-05-14,15:00:00,19560,19710,19540,19670,41974,824440000,40045,1929
060250,2026-05-14,15:05:00,19680,19750,19680,19730,12041,237570000,6936,5105
060250,2026-05-14,15:10:00,19730,19780,19720,19730,27640,546030000,20709,6931
060250,2026-05-14,15:15:00,19750,19830,19720,19810,22146,437960000,15612,6534
060250,2026-05-14,15:20:00,19810,19820,19750,19820,8800,174170000,5254,3546
060250,2026-05-14,15:30:00,19750,19750,19750,19750,19833,391700000,18821,0
060250,2026-05-15,09:05:00,20450,21000,19520,19590,139920,2837330000,66167,73472
060250,2026-05-15,09:10:00,19560,19590,19290,19370,35563,688820000,13891,21672
060250,2026-05-15,09:15:00,19370,19420,19100,19350,32256,622200000,4448,27808
060250,2026-05-15,09:20:00,19330,19450,19330,19360,10555,204450000,5948,4607
060250,2026-05-15,09:25:00,19360,19550,19360,19370,16987,330120000,7121,9866
060250,2026-05-15,09:30:00,19370,19410,19210,19240,16217,312580000,1747,14470
060250,2026-05-15,09:35:00,19250,19280,19030,19040,21763,416750000,5825,15938
060250,2026-05-15,09:40:00,19050,19110,18910,18990,21435,407320000,6098,15337
060250,2026-05-15,09:45:00,18970,19040,18900,19020,21957,416160000,9093,12864
060250,2026-05-15,09:50:00,19000,19030,18880,18880,12451,235960000,3435,9016
060250,2026-05-15,09:55:00,18880,18900,18800,18880,17527,330180000,6651,10876
060250,2026-05-15,10:00:00,18880,18890,18800,18860,12463,234830000,3308,9155
060250,2026-05-15,10:05:00,18860,18910,18850,18910,13058,246350000,7663,5395
060250,2026-05-15,10:10:00,18920,18950,18890,18940,7696,145570000,3119,4577
060250,2026-05-15,10:15:00,18950,19000,18830,18880,22420,423380000,4268,18152
060250,2026-05-15,10:20:00,18880,19120,18860,18880,17339,327920000,10685,6654
060250,2026-05-15,10:25:00,18870,18880,18780,18780,19377,364750000,1112,18265
060250,2026-05-15,10:30:00,18790,18910,18780,18850,5437,102420000,3759,1678
060250,2026-05-15,10:35:00,18850,18850,18820,18840,7694,144910000,1872,5822
060250,2026-05-15,10:40:00,18850,18880,18820,18860,3518,66250000,455,3063
060250,2026-05-15,10:45:00,18850,18870,18820,18850,3197,60220000,1362,1835
060250,2026-05-15,10:50:00,18840,18870,18770,18770,16187,304480000,1242,14945
060250,2026-05-15,10:55:00,18780,18790,18710,18760,12860,241190000,4176,8684
060250,2026-05-15,11:00:00,18750,18780,18640,18640,10852,202840000,1740,9112
060250,2026-05-15,11:05:00,18640,18700,18500,18640,14882,276840000,1457,13425
060250,2026-05-15,11:10:00,18640,18640,18480,18570,13537,250490000,6542,6995
060250,2026-05-15,11:15:00,18570,18580,18480,18490,10521,194720000,3221,7300
060250,2026-05-15,11:20:00,18480,18530,18470,18500,5599,103580000,3440,2159
060250,2026-05-15,11:25:00,18470,18570,18450,18540,10537,194970000,6381,4156
060250,2026-05-15,11:30:00,18550,18550,18450,18460,5564,102850000,1136,4428
060250,2026-05-15,11:35:00,18460,18520,18410,18520,6734,124160000,2675,4059
060250,2026-05-15,11:40:00,18520,18550,18450,18500,3667,67880000,3187,480
060250,2026-05-15,11:45:00,18510,18540,18500,18510,5733,106090000,1767,3966
060250,2026-05-15,11:50:00,18510,18580,18500,18530,9911,183640000,7384,2527
060250,2026-05-15,11:55:00,18530,18590,18520,18570,2619,48590000,1614,1005
060250,2026-05-15,12:00:00,18570,18570,18510,18520,2599,48140000,554,2045
060250,2026-05-15,12:05:00,18520,18530,18510,18530,1756,32510000,979,777
060250,2026-05-15,12:10:00,18530,18570,18530,18540,1014,18790000,165,849
060250,2026-05-15,12:15:00,18550,18570,18550,18570,2170,40270000,742,1428
060250,2026-05-15,12:20:00,18570,18570,18530,18550,2356,43700000,488,1868
060250,2026-05-15,12:25:00,18550,18550,18520,18550,2464,45680000,818,1646
060250,2026-05-15,12:30:00,18550,18550,18510,18520,2658,49210000,356,2302
060250,2026-05-15,12:35:00,18520,18550,18480,18500,4917,91000000,500,4417
060250,2026-05-15,12:40:00,18500,18540,18490,18500,2132,39440000,1622,510
060250,2026-05-15,12:45:00,18500,18560,18490,18550,1367,25320000,832,535
060250,2026-05-15,12:50:00,18540,18590,18540,18590,1541,28600000,887,654
060250,2026-05-15,12:55:00,18590,18640,18560,18595,3298,61380000,2011,1287
060250,2026-05-15,13:00:00,18585,18620,18580,18590,10337,192170000,8931,1406
060250,2026-05-15,13:05:00,18590,18590,18510,18510,3963,73490000,430,3533
060250,2026-05-15,13:10:00,18510,18520,18500,18510,3485,64490000,281,3204
060250,2026-05-15,13:15:00,18510,18510,18470,18490,5813,107500000,1016,4797
060250,2026-05-15,13:20:00,18480,18480,18410,18430,8390,154700000,329,8061
060250,2026-05-15,13:25:00,18430,18510,18410,18430,5511,101690000,2561,2950
060250,2026-05-15,13:30:00,18440,18460,18280,18340,27894,511990000,10773,17121
060250,2026-05-15,13:35:00,18340,18340,18200,18300,51237,934300000,44351,6886
060250,2026-05-15,13:40:00,18300,18420,18290,18400,6155,112770000,4641,1514
060250,2026-05-15,13:45:00,18350,18390,18280,18300,6858,125720000,3544,3314
060250,2026-05-15,13:50:00,18300,18300,18250,18250,5911,108000000,3809,2102
060250,2026-05-15,13:55:00,18250,18280,18250,18250,1962,35830000,421,1541
060250,2026-05-15,14:00:00,18250,18280,18210,18280,2667,48620000,1317,1350
060250,2026-05-15,14:05:00,18270,18280,18210,18220,8129,148130000,3411,4718
060250,2026-05-15,14:10:00,18220,18370,18200,18240,3337,60870000,1140,2197
060250,2026-05-15,14:15:00,18240,18300,18230,18290,2560,46730000,1981,579
060250,2026-05-15,14:20:00,18310,18340,18290,18300,3787,69360000,1407,2380
060250,2026-05-15,14:25:00,18300,18350,18240,18290,2550,46610000,437,2113
060250,2026-05-15,14:30:00,18250,18290,18240,18260,3233,59000000,397,2836
060250,2026-05-15,14:35:00,18240,18250,18120,18140,14221,258750000,1325,12896
060250,2026-05-15,14:40:00,18130,18180,18090,18180,7220,130850000,2328,4892
060250,2026-05-15,14:45:00,18190,18190,18100,18110,4805,87060000,1280,3525
060250,2026-05-15,14:50:00,18100,18140,18080,18100,10718,193970000,1755,8963
060250,2026-05-15,14:55:00,18090,18090,17930,17930,17018,306580000,1369,15649
060250,2026-05-15,15:00:00,17930,18010,17900,17940,16742,300500000,2939,13803
060250,2026-05-15,15:05:00,17920,17940,17810,17890,16653,297380000,8891,7762
060250,2026-05-15,15:10:00,17880,18040,17820,18000,8556,153640000,4469,4087
060250,2026-05-15,15:15:00,18010,18020,17910,17930,8735,156830000,3855,4880
060250,2026-05-15,15:20:00,17920,18010,17900,17980,18695,335870000,9565,9130
060250,2026-05-15,15:30:00,17940,17940,17940,17940,12469,223690000,11548,0
060250,2026-05-18,09:05:00,17590,18010,17500,17800,31983,564950000,21647,10336
060250,2026-05-18,09:10:00,17690,17790,17500,17510,18147,318910000,9382,8765
060250,2026-05-18,09:15:00,17510,17580,17020,17300,14040,244830000,6379,7661
060250,2026-05-18,09:20:00,17300,17310,17040,17240,11954,205220000,8030,3924
060250,2026-05-18,09:25:00,17240,17400,17100,17190,12089,208800000,3184,8905
060250,2026-05-18,09:30:00,17200,17250,17100,17250,9887,169630000,3648,6239
060250,2026-05-18,09:35:00,17250,17250,17030,17030,9849,168490000,1130,8719
060250,2026-05-18,09:40:00,17020,17210,17020,17100,9378,160340000,7127,2251
060250,2026-05-18,09:45:00,17190,17210,16870,16920,17112,290420000,4913,12199
060250,2026-05-18,09:50:00,16920,17100,16860,17100,11157,188750000,5440,5717
060250,2026-05-18,09:55:00,17020,17200,17010,17140,9587,163730000,7609,1978
060250,2026-05-18,10:00:00,17140,17370,17110,17360,8651,149310000,6317,2334
060250,2026-05-18,10:05:00,17360,17530,17360,17400,6142,107060000,4116,2026
060250,2026-05-18,10:10:00,17440,17450,17350,17410,3887,67670000,2670,1217
060250,2026-05-18,10:15:00,17410,17410,17290,17290,4050,70260000,1706,2344
060250,2026-05-18,10:20:00,17270,17350,17250,17350,3779,65380000,2771,1008
060250,2026-05-18,10:25:00,17340,17480,17250,17480,6672,115760000,3763,2909
060250,2026-05-18,10:30:00,17480,17540,17450,17530,4483,78450000,3720,763
060250,2026-05-18,10:35:00,17530,17790,17510,17680,4413,77860000,3222,1191
060250,2026-05-18,10:40:00,17660,17710,17590,17590,1699,30000000,768,931
060250,2026-05-18,10:45:00,17590,17680,17490,17520,2984,52350000,754,2230
060250,2026-05-18,10:50:00,17520,17650,17520,17610,852,15000000,681,171
060250,2026-05-18,10:55:00,17610,17640,17540,17600,1981,34800000,1106,875
060250,2026-05-18,11:00:00,17590,17630,17520,17550,3484,61230000,1158,2326
060250,2026-05-18,11:05:00,17540,17540,17400,17420,6572,114910000,661,5911
060250,2026-05-18,11:10:00,17420,17450,17300,17410,6382,110880000,597,5785
060250,2026-05-18,11:15:00,17410,17680,17360,17640,7793,136980000,7649,144
060250,2026-05-18,11:20:00,17660,17740,17650,17710,1400,24760000,820,580
060250,2026-05-18,11:25:00,17730,17740,17700,17720,2398,42520000,857,1541
060250,2026-05-18,11:30:00,17710,17770,17700,17770,1494,26520000,1229,265
060250,2026-05-18,11:35:00,17770,17780,17710,17720,4529,80290000,167,4362
060250,2026-05-18,11:40:00,17720,17720,17650,17650,10266,181550000,300,9966
060250,2026-05-18,11:45:00,17640,17740,17610,17720,1708,30150000,1550,158
060250,2026-05-18,11:50:00,17690,17740,17680,17680,881,15610000,503,378
060250,2026-05-18,11:55:00,17710,17740,17610,17730,14046,247750000,11988,2058
060250,2026-05-18,12:00:00,17690,17730,17650,17650,929,16440000,120,809
060250,2026-05-18,12:05:00,17650,17690,17640,17640,458,8080000,172,286
060250,2026-05-18,12:10:00,17650,17700,17650,17690,739,13060000,413,326
060250,2026-05-18,12:15:00,17690,17690,17650,17650,1405,24800000,1048,357
060250,2026-05-18,12:20:00,17640,17690,17640,17670,4536,80070000,3560,976
060250,2026-05-18,12:25:00,17670,17680,17610,17670,2525,44520000,451,2074
060250,2026-05-18,12:30:00,17640,17720,17600,17720,2143,37810000,833,1310
060250,2026-05-18,12:35:00,17720,17720,17670,17720,929,16430000,321,608
060250,2026-05-18,12:40:00,17720,17760,17710,17710,1277,22650000,919,358
060250,2026-05-18,12:45:00,17710,17930,17710,17930,5002,89220000,3915,1087
060250,2026-05-18,12:50:00,17920,17940,17870,17940,1026,18380000,632,394
060250,2026-05-18,12:55:00,17930,17980,17910,17920,2017,36200000,510,1507
060250,2026-05-18,13:00:00,17910,17920,17850,17880,2353,42050000,2075,278
060250,2026-05-18,13:05:00,17880,17880,17740,17750,2250,40050000,92,2158
060250,2026-05-18,13:10:00,17750,17840,17710,17740,1208,21450000,666,542
060250,2026-05-18,13:15:00,17800,17870,17800,17810,1855,33080000,1055,800
060250,2026-05-18,13:20:00,17810,17870,17800,17860,614,10960000,321,293
060250,2026-05-18,13:25:00,17870,17870,17600,17670,5104,90300000,1072,4032
060250,2026-05-18,13:30:00,17670,17710,17600,17700,2129,37610000,1376,753
060250,2026-05-18,13:35:00,17700,17700,17600,17660,867,15310000,544,323
060250,2026-05-18,13:40:00,17650,17690,17600,17690,693,12240000,287,406
060250,2026-05-18,13:45:00,17670,17690,17610,17690,593,10470000,415,178
060250,2026-05-18,13:50:00,17680,17690,17630,17660,735,12970000,236,499
060250,2026-05-18,13:55:00,17660,17690,17610,17690,5549,98000000,4257,1292
060250,2026-05-18,14:00:00,17690,17900,17670,17780,3035,53960000,2507,528
060250,2026-05-18,14:05:00,17780,17900,17760,17860,1955,34910000,1075,880
060250,2026-05-18,14:10:00,17860,17920,17780,17840,16891,300860000,15438,1453
060250,2026-05-18,14:15:00,17830,17920,17730,17780,3464,61700000,1423,2041
060250,2026-05-18,14:20:00,17790,17790,17590,17700,3757,66350000,1222,2535
060250,2026-05-18,14:25:00,17700,17700,17600,17700,1721,30430000,1152,569
060250,2026-05-18,14:30:00,17700,17750,17630,17750,2500,44260000,1740,760
060250,2026-05-18,14:35:00,17680,17750,17600,17660,5122,90410000,2119,3003
060250,2026-05-18,14:40:00,17660,17710,17590,17690,2547,45020000,1337,1210
060250,2026-05-18,14:45:00,17680,17750,17630,17690,4711,83390000,3282,1429
060250,2026-05-18,14:50:00,17730,17770,17600,17770,5907,104650000,3922,1985
060250,2026-05-18,14:55:00,17770,17850,17730,17840,4116,73210000,3439,677
060250,2026-05-18,15:00:00,17740,17830,17700,17740,2389,42400000,1235,1154
060250,2026-05-18,15:05:00,17740,17800,17670,17770,4994,88650000,2607,2387
060250,2026-05-18,15:10:00,17760,17770,17650,17650,3557,63100000,2254,1303
060250,2026-05-18,15:15:00,17750,17750,17650,17700,4106,72610000,3299,807
060250,2026-05-18,15:20:00,17700,17720,17620,17670,5108,90330000,3227,1881
060250,2026-05-18,15:30:00,17590,17590,17590,17590,6299,110800000,4989,0
060250,2026-05-19,09:05:00,17260,17950,17240,17690,15407,269030000,10041,5366
060250,2026-05-19,09:10:00,17680,17880,17680,17870,12755,227240000,7399,5356
060250,2026-05-19,09:15:00,17870,17940,17780,17860,10917,195350000,7960,2957
060250,2026-05-19,09:20:00,17860,17930,17810,17930,5728,102400000,3405,2323
060250,2026-05-19,09:25:00,17930,18120,17930,18050,9536,172250000,5829,3707
060250,2026-05-19,09:30:00,18050,18080,17900,17930,1327,23870000,592,735
060250,2026-05-19,09:35:00,17910,17970,17800,17800,4167,74570000,2680,1487
060250,2026-05-19,09:40:00,17800,17860,17710,17760,1688,30000000,783,905
060250,2026-05-19,09:45:00,17750,17750,17590,17610,4572,80720000,1130,3442
060250,2026-05-19,09:50:00,17630,17690,17510,17510,6014,105810000,1255,4759
060250,2026-05-19,09:55:00,17530,17560,17430,17450,5172,90450000,3274,1898
060250,2026-05-19,10:00:00,17450,17530,17420,17500,2862,49930000,1417,1445
060250,2026-05-19,10:05:00,17500,17500,17300,17320,4711,81750000,658,4053
060250,2026-05-19,10:10:00,17330,17340,17220,17300,4131,71480000,2600,1531
060250,2026-05-19,10:15:00,17300,17310,17170,17180,5450,93910000,1207,4243
060250,2026-05-19,10:20:00,17170,17180,17120,17170,8567,146790000,7334,1233
060250,2026-05-19,10:25:00,17220,17300,17110,17260,3140,54010000,1738,1402
060250,2026-05-19,10:30:00,17260,17260,17110,17170,7859,134990000,5601,2258
060250,2026-05-19,10:35:00,17180,17200,17060,17200,5785,98960000,1770,4015
060250,2026-05-19,10:40:00,17190,17300,17060,17170,3498,60050000,1521,1977
060250,2026-05-19,10:45:00,17180,17190,17110,17130,2222,38070000,1778,444
060250,2026-05-19,10:50:00,17140,17190,17070,17080,6609,113230000,4672,1937
060250,2026-05-19,10:55:00,17090,17180,17080,17180,7398,126610000,5400,1998
060250,2026-05-19,11:00:00,17130,17180,17080,17080,2535,43400000,1135,1400
060250,2026-05-19,11:05:00,17070,17070,17000,17050,8762,149210000,4604,4158
060250,2026-05-19,11:10:00,17040,17120,17040,17080,2242,38310000,1348,894
060250,2026-05-19,11:15:00,17080,17280,17050,17230,6593,113270000,4288,2305
060250,2026-05-19,11:20:00,17220,17230,17100,17230,4187,71960000,3644,543
060250,2026-05-19,11:25:00,17250,17280,17170,17230,5262,90450000,785,4477
060250,2026-05-19,11:30:00,17230,17240,17200,17210,6052,104200000,3955,2097
060250,2026-05-19,11:35:00,17220,17250,17150,17230,740,12720000,208,532
060250,2026-05-19,11:40:00,17200,17200,17140,17150,1536,26360000,745,791
060250,2026-05-19,11:45:00,17160,17230,17140,17230,6868,117970000,6338,530
060250,2026-05-19,11:50:00,17250,17310,17250,17270,3557,61500000,2736,821
060250,2026-05-19,11:55:00,17270,17320,17260,17320,1496,25870000,640,856
060250,2026-05-19,12:00:00,17310,17320,17260,17290,2249,38930000,61,2188
060250,2026-05-19,12:05:00,17290,17300,17270,17280,1304,22530000,407,897
060250,2026-05-19,12:10:00,17280,17360,17280,17350,1607,27840000,1505,102
060250,2026-05-19,12:15:00,17360,17390,17310,17310,1113,19330000,463,650
060250,2026-05-19,12:20:00,17375,17395,17330,17350,2098,36390000,1529,569
060250,2026-05-19,12:25:00,17350,17450,17350,17450,3487,60710000,3030,457
060250,2026-05-19,12:30:00,17480,17590,17450,17500,2060,36090000,1579,481
060250,2026-05-19,12:35:00,17560,17590,17500,17570,2978,52320000,1153,1825
060250,2026-05-19,12:40:00,17590,17590,17500,17500,2359,41370000,564,1795
060250,2026-05-19,12:45:00,17500,17500,17450,17450,1319,23040000,347,972
060250,2026-05-19,12:50:00,17490,17500,17470,17500,728,12730000,430,298
060250,2026-05-19,12:55:00,17500,17500,17420,17460,1406,24570000,180,1226
060250,2026-05-19,13:00:00,17460,17500,17420,17470,1049,18320000,712,337
060250,2026-05-19,13:05:00,17480,17500,17440,17500,1646,28740000,1154,492
060250,2026-05-19,13:10:00,17500,17540,17450,17480,1567,27420000,795,772
060250,2026-05-19,13:15:00,17480,17490,17430,17460,3640,63510000,2412,1228
060250,2026-05-19,13:20:00,17440,17460,17390,17420,3166,55110000,2159,1007
060250,2026-05-19,13:25:00,17420,17450,17410,17440,2115,36890000,1419,696
060250,2026-05-19,13:30:00,17460,17460,17410,17450,958,16710000,190,768
060250,2026-05-19,13:35:00,17450,17500,17440,17500,1934,33790000,1204,730
060250,2026-05-19,13:40:00,17490,17530,17460,17480,3072,53720000,1207,1865
060250,2026-05-19,13:45:00,17480,17510,17460,17460,3367,58890000,1720,1647
060250,2026-05-19,13:50:00,17460,17470,17410,17410,2481,43280000,605,1876
060250,2026-05-19,13:55:00,17410,17480,17400,17460,5619,97870000,3754,1865
060250,2026-05-19,14:00:00,17440,17500,17440,17480,2125,37120000,1311,814
060250,2026-05-19,14:05:00,17500,17550,17500,17520,4194,73500000,2627,1567
060250,2026-05-19,14:10:00,17520,17650,17480,17650,3863,67790000,2816,1047
060250,2026-05-19,14:15:00,17620,17660,17510,17590,2703,47610000,1005,1698
060250,2026-05-19,14:20:00,17610,17610,17560,17590,1362,23930000,165,1197
060250,2026-05-19,14:25:00,17600,17640,17540,17630,5210,91840000,1783,3427
060250,2026-05-19,14:30:00,17630,17630,17550,17610,2343,41220000,839,1504
060250,2026-05-19,14:35:00,17610,17620,17550,17600,2509,44170000,1506,1003
060250,2026-05-19,14:40:00,17600,17630,17570,17610,2870,50530000,1429,1441
060250,2026-05-19,14:45:00,17600,17630,17590,17590,4424,77910000,2391,2033
060250,2026-05-19,14:50:00,17570,17590,17530,17560,2311,40580000,770,1541
060250,2026-05-19,14:55:00,17560,17600,17510,17590,5465,95990000,2224,3241
060250,2026-05-19,15:00:00,17580,17630,17560,17580,4045,71150000,1710,2335
060250,2026-05-19,15:05:00,17580,17580,17520,17530,6118,107270000,903,5215
060250,2026-05-19,15:10:00,17520,17530,17480,17500,4697,82190000,1012,3685
060250,2026-05-19,15:15:00,17500,17530,17460,17500,4997,87390000,2330,2667
060250,2026-05-19,15:20:00,17500,17500,17350,17390,7621,132820000,1220,6401
060250,2026-05-19,15:30:00,17410,17410,17410,17410,7807,135920000,7777,0
060250,2026-05-20,09:05:00,17250,17480,17250,17370,15872,274970000,12426,3196
060250,2026-05-20,09:10:00,17350,17350,17040,17080,9091,156070000,6097,2994
060250,2026-05-20,09:15:00,17080,17190,16700,16830,15446,262030000,4542,10904
060250,2026-05-20,09:20:00,16850,17110,16810,16900,10582,179080000,6128,4454
060250,2026-05-20,09:25:00,16900,16980,16730,16980,16146,271810000,10425,5721
060250,2026-05-20,09:30:00,16990,17050,16880,17000,6142,104180000,2756,3386
060250,2026-05-20,09:35:00,17000,17000,16710,16840,9778,164680000,2670,7108
060250,2026-05-20,09:40:00,16850,16920,16760,16770,3454,58190000,1319,2135
060250,2026-05-20,09:45:00,16770,16830,16690,16690,9623,160960000,564,9059
060250,2026-05-20,09:50:00,16690,16770,16640,16770,3105,51810000,1671,1434
060250,2026-05-20,09:55:00,16740,16940,16700,16940,2777,46620000,1804,973
060250,2026-05-20,10:00:00,16940,16990,16890,16900,2285,38720000,1321,964
060250,2026-05-20,10:05:00,16900,16970,16840,16920,2976,50230000,1509,1467
060250,2026-05-20,10:10:00,16850,17050,16850,17050,5496,93280000,4674,822
060250,2026-05-20,10:15:00,17050,17140,16970,17090,6389,108730000,5398,991
060250,2026-05-20,10:20:00,17090,17090,16950,17070,1608,27380000,241,1367
060250,2026-05-20,10:25:00,17060,17070,16970,16980,1097,18670000,135,962
060250,2026-05-20,10:30:00,16990,16990,16830,16830,2090,35360000,156,1934
060250,2026-05-20,10:35:00,16920,16920,16770,16770,1896,31870000,237,1659
060250,2026-05-20,10:40:00,16790,16830,16780,16830,991,16650000,574,417
060250,2026-05-20,10:45:00,16830,16830,16750,16820,1271,21350000,503,768
060250,2026-05-20,10:50:00,16820,16840,16780,16840,957,16080000,530,427
060250,2026-05-20,10:55:00,16860,17020,16750,16990,2917,49420000,1116,1801
060250,2026-05-20,11:00:00,16970,16990,16820,16960,1990,33600000,243,1747
060250,2026-05-20,11:05:00,16960,17010,16920,17000,944,16030000,748,196
060250,2026-05-20,11:10:00,17000,17000,16930,17000,604,10250000,195,409
060250,2026-05-20,11:15:00,16960,17080,16830,17030,2221,37600000,931,1290
060250,2026-05-20,11:20:00,16990,17030,16960,16960,1086,18440000,277,809
060250,2026-05-20,11:25:00,17020,17020,16960,16960,965,16410000,486,479
060250,2026-05-20,11:30:00,17000,17000,16840,16870,3290,55690000,802,2488
060250,2026-05-20,11:35:00,16840,16840,16660,16700,6703,111980000,3163,3540
060250,2026-05-20,11:40:00,16700,16740,16630,16660,6339,105570000,1786,4553
060250,2026-05-20,11:45:00,16660,16730,16660,16720,1564,26130000,769,795
060250,2026-05-20,11:50:00,16720,16720,16670,16680,4076,68030000,1933,2143
060250,2026-05-20,11:55:00,16680,16720,16670,16690,978,16330000,583,395
060250,2026-05-20,12:00:00,16680,16720,16620,16670,4793,79820000,1609,3184
060250,2026-05-20,12:05:00,16670,16670,16610,16610,7842,130420000,3017,4825
060250,2026-05-20,12:10:00,16610,16710,16610,16700,1790,29770000,1245,545
060250,2026-05-20,12:15:00,16700,16700,16620,16680,1984,33070000,607,1377
060250,2026-05-20,12:20:00,16630,16670,16600,16670,2003,33280000,157,1846
060250,2026-05-20,12:25:00,16670,16680,16600,16610,1998,33190000,344,1654
060250,2026-05-20,12:30:00,16610,16680,16580,16630,4115,68310000,950,3165
060250,2026-05-20,12:35:00,16630,16660,16600,16600,2002,33300000,818,1184
060250,2026-05-20,12:40:00,16600,16680,16590,16650,2405,40050000,1736,669
060250,2026-05-20,12:45:00,16650,16680,16590,16610,608,10110000,298,310
060250,2026-05-20,12:50:00,16610,16630,16590,16620,587,9750000,183,404
060250,2026-05-20,12:55:00,16620,16680,16590,16600,1281,21300000,232,1049
060250,2026-05-20,13:00:00,16600,16700,16600,16680,692,11530000,337,355
060250,2026-05-20,13:05:00,16670,16690,16620,16690,2054,34260000,847,1207
060250,2026-05-20,13:10:00,16690,16700,16650,16660,841,14030000,332,509
060250,2026-05-20,13:15:00,16660,16760,16650,16760,3373,56420000,2925,448
060250,2026-05-20,13:20:00,16750,16760,16690,16760,1139,19030000,78,1061
060250,2026-05-20,13:25:00,16750,16800,16690,16780,3587,60070000,2409,1178
060250,2026-05-20,13:30:00,16760,16790,16650,16710,1214,20310000,205,1009
060250,2026-05-20,13:35:00,16740,16760,16650,16650,1007,16820000,198,809
060250,2026-05-20,13:40:00,16730,16760,16700,16700,411,6870000,212,199
060250,2026-05-20,13:45:00,16700,16730,16650,16660,5117,85460000,1530,3587
060250,2026-05-20,13:50:00,16660,16720,16620,16670,1126,18750000,440,686
060250,2026-05-20,13:55:00,16680,16680,16600,16600,2954,49110000,209,2745
060250,2026-05-20,14:00:00,16620,16630,16590,16620,1622,26950000,1053,569
060250,2026-05-20,14:05:00,16630,16730,16630,16690,2496,41700000,1631,865
060250,2026-05-20,14:10:00,16700,16700,16600,16600,1252,20860000,210,1042
060250,2026-05-20,14:15:00,16610,16670,16580,16650,1987,32980000,573,1414
060250,2026-05-20,14:20:00,16620,16630,16590,16600,951,15800000,547,404
060250,2026-05-20,14:25:00,16620,16630,16560,16560,6362,105590000,2258,4104
060250,2026-05-20,14:30:00,16570,16580,16550,16580,2474,40980000,1351,1123
060250,2026-05-20,14:35:00,16580,16630,16550,16600,4426,73400000,2336,2090
060250,2026-05-20,14:40:00,16620,16710,16600,16680,1064,17700000,788,276
060250,2026-05-20,14:45:00,16690,16700,16640,16660,1634,27220000,145,1489
060250,2026-05-20,14:50:00,16630,16690,16620,16650,1455,24220000,707,748
060250,2026-05-20,14:55:00,16640,16710,16630,16710,3978,66350000,2883,1095
060250,2026-05-20,15:00:00,16700,16710,16640,16660,2463,41070000,1006,1457
060250,2026-05-20,15:05:00,16670,16800,16670,16690,4824,80650000,2002,2822
060250,2026-05-20,15:10:00,16690,16700,16620,16690,3660,61000000,1957,1703
060250,2026-05-20,15:15:00,16680,16770,16670,16720,2302,38440000,1242,1060
060250,2026-05-20,15:20:00,16720,16750,16670,16700,3433,57310000,1562,1871
060250,2026-05-20,15:30:00,16700,16700,16700,16700,6110,102030000,5686,0
060250,2026-05-21,09:05:00,16870,17650,16870,17490,29799,514830000,19563,10236
060250,2026-05-21,09:10:00,17400,17490,17210,17270,11098,192320000,2042,9056
060250,2026-05-21,09:15:00,17260,17330,17200,17200,6010,103700000,1456,4554
060250,2026-05-21,09:20:00,17190,17190,17100,17110,5718,97930000,2387,3331
060250,2026-05-21,09:25:00,17110,17190,17070,17150,4569,78300000,2546,2023
060250,2026-05-21,09:30:00,17140,17210,17120,17160,3674,63140000,2484,1190
060250,2026-05-21,09:35:00,17160,17220,17120,17180,5813,99840000,3360,2453
060250,2026-05-21,09:40:00,17180,17210,17150,17190,1793,30810000,585,1208
060250,2026-05-21,09:45:00,17200,17200,17130,17140,3556,60990000,284,3272
060250,2026-05-21,09:50:00,17150,17250,17120,17250,8041,138160000,6302,1739
060250,2026-05-21,09:55:00,17240,17300,17240,17240,3054,52730000,931,2123
060250,2026-05-21,10:00:00,17240,17290,17240,17270,2675,46170000,1571,1104
060250,2026-05-21,10:05:00,17270,17280,17220,17280,3233,55760000,805,2428
060250,2026-05-21,10:10:00,17280,17280,17260,17280,1033,17840000,344,689
060250,2026-05-21,10:15:00,17280,17290,17230,17290,1556,26870000,740,816
060250,2026-05-21,10:20:00,17290,17290,17250,17290,2182,37700000,1197,985
060250,2026-05-21,10:25:00,17290,17290,17210,17250,4885,84220000,678,4207
060250,2026-05-21,10:30:00,17250,17280,17230,17230,788,13590000,277,511
060250,2026-05-21,10:35:00,17230,17270,17130,17240,8205,140890000,4724,3481
060250,2026-05-21,10:40:00,17250,17250,17120,17200,2030,34930000,417,1613
060250,2026-05-21,10:45:00,17220,17240,17130,17240,2333,40110000,1436,897
060250,2026-05-21,10:50:00,17190,17230,17170,17170,1503,25830000,381,1122
060250,2026-05-21,10:55:00,17210,17210,17170,17210,1130,19430000,210,920
060250,2026-05-21,11:00:00,17200,17300,17180,17270,6240,107560000,4605,1635
060250,2026-05-21,11:05:00,17290,17360,17260,17340,7525,130180000,6100,1425
060250,2026-05-21,11:10:00,17340,17430,17300,17430,9039,157300000,6325,2714
060250,2026-05-21,11:15:00,17430,17500,17410,17480,6110,106550000,4801,1309
060250,2026-05-21,11:20:00,17490,17490,17430,17430,1513,26410000,136,1377
060250,2026-05-21,11:25:00,17430,17450,17430,17450,1832,31950000,1440,392
060250,2026-05-21,11:30:00,17460,17480,17450,17480,1383,24160000,910,473
060250,2026-05-21,11:35:00,17480,17500,17470,17500,1583,27680000,858,725
060250,2026-05-21,11:40:00,17500,17500,17430,17490,2545,44490000,1050,1495
060250,2026-05-21,11:45:00,17490,17500,17450,17490,844,14750000,191,653
060250,2026-05-21,11:50:00,17490,17490,17390,17440,3223,56140000,341,2882
060250,2026-05-21,11:55:00,17440,17440,17410,17430,471,8210000,142,329
060250,2026-05-21,12:00:00,17420,17500,17420,17500,1619,28260000,1586,33
060250,2026-05-21,12:05:00,17510,17510,17480,17490,732,12810000,358,374
060250,2026-05-21,12:10:00,17510,17510,17420,17490,1338,23350000,317,1021
060250,2026-05-21,12:15:00,17480,17480,17410,17430,925,16130000,165,760
060250,2026-05-21,12:20:00,17420,17430,17390,17430,2190,38110000,291,1899
060250,2026-05-21,12:25:00,17430,17430,17390,17430,1104,19220000,145,959
060250,2026-05-21,12:30:00,17430,17450,17410,17450,2041,35570000,1190,851
060250,2026-05-21,12:35:00,17450,17450,17390,17400,1487,25890000,452,1035
060250,2026-05-21,12:40:00,17400,17450,17390,17450,1308,22770000,1150,158
060250,2026-05-21,12:45:00,17450,17450,17320,17410,5475,95060000,3112,2363
060250,2026-05-21,12:50:00,17420,17430,17350,17410,418,7280000,135,283
060250,2026-05-21,12:55:00,17380,17420,17380,17420,698,12140000,177,521
060250,2026-05-21,13:00:00,17410,17420,17370,17400,1977,34370000,310,1667
060250,2026-05-21,13:05:00,17400,17430,17390,17430,2134,37160000,1932,202
060250,2026-05-21,13:10:00,17430,17440,17420,17430,597,10410000,374,223
060250,2026-05-21,13:15:00,17420,17430,17310,17370,6343,110120000,174,6169
060250,2026-05-21,13:20:00,17370,17370,17310,17320,1283,22230000,338,945
060250,2026-05-21,13:25:00,17320,17400,17310,17400,1728,29970000,939,789
060250,2026-05-21,13:30:00,17370,17400,17360,17400,3030,52690000,2181,849
060250,2026-05-21,13:35:00,17400,17440,17370,17440,1066,18550000,606,460
060250,2026-05-21,13:40:00,17430,17450,17400,17450,1683,29340000,1047,636
060250,2026-05-21,13:45:00,17450,17460,17420,17440,837,14590000,559,278
060250,2026-05-21,13:50:00,17430,17460,17410,17450,1379,24040000,758,621
060250,2026-05-21,13:55:00,17410,17450,17380,17450,2493,43380000,751,1742
060250,2026-05-21,14:00:00,17450,17450,17370,17450,1712,29790000,775,937
060250,2026-05-21,14:05:00,17450,17450,17370,17380,1570,27310000,524,1046
060250,2026-05-21,14:10:00,17390,17400,17350,17360,4154,72160000,378,3776
060250,2026-05-21,14:15:00,17360,17360,17300,17320,8076,139960000,257,7819
060250,2026-05-21,14:20:00,17310,17320,17300,17300,2025,35050000,401,1624
060250,2026-05-21,14:25:00,17310,17390,17310,17320,1895,32840000,734,1161
060250,2026-05-21,14:30:00,17320,17390,17320,17360,1531,26540000,495,1036
060250,2026-05-21,14:35:00,17350,17360,17270,17300,9947,172180000,1818,8129
060250,2026-05-21,14:40:00,17300,17360,17290,17350,3872,66980000,1656,2216
060250,2026-05-21,14:45:00,17320,17350,17310,17350,1611,27900000,469,1142
060250,2026-05-21,14:50:00,17350,17350,17210,17220,7432,128400000,609,6823
060250,2026-05-21,14:55:00,17220,17310,17200,17260,1428,24580000,302,1126
060250,2026-05-21,15:00:00,17260,17300,17260,17300,3293,56910000,1511,1782
060250,2026-05-21,15:05:00,17290,17290,17220,17250,3397,58630000,916,2481
060250,2026-05-21,15:10:00,17250,17280,17240,17250,2676,46190000,1273,1403
060250,2026-05-21,15:15:00,17260,17270,17230,17250,3864,66660000,1197,2667
060250,2026-05-21,15:20:00,17240,17370,17220,17370,7809,134730000,5540,2269
060250,2026-05-21,15:30:00,17320,17320,17320,17320,8691,150520000,8235,0
060250,2026-05-22,09:05:00,17550,17940,17550,17880,17932,318480000,13993,3939
060250,2026-05-22,09:10:00,17880,18000,17790,17990,14051,251120000,10007,4044
060250,2026-05-22,09:15:00,18010,18110,17970,17990,16865,304390000,9520,7345
060250,2026-05-22,09:20:00,17990,18130,17930,18130,14213,256250000,11377,2836
060250,2026-05-22,09:25:00,18140,18190,18100,18170,8954,162420000,6882,2072
060250,2026-05-22,09:30:00,18180,18400,18180,18320,15066,275410000,12630,2436
060250,2026-05-22,09:35:00,18320,18370,18290,18350,6826,125210000,5426,1400
060250,2026-05-22,09:40:00,18360,18420,18330,18420,7343,135020000,5719,1624
060250,2026-05-22,09:45:00,18420,18430,18380,18410,4439,81730000,1986,2453
060250,2026-05-22,09:50:00,18410,18490,18400,18480,11020,203230000,9590,1430
060250,2026-05-22,09:55:00,18480,18580,18470,18550,11424,211460000,10126,1298
060250,2026-05-22,10:00:00,18550,18640,18540,18620,17105,318000000,14647,2458
060250,2026-05-22,10:05:00,18620,18930,18540,18880,27448,515030000,21308,6140
060250,2026-05-22,10:10:00,18870,19030,18800,19020,24648,466650000,18603,6045
060250,2026-05-22,10:15:00,19020,19180,19000,19010,15824,301770000,10520,5304
060250,2026-05-22,10:20:00,19010,19110,19000,19050,12119,230920000,8771,3348
060250,2026-05-22,10:25:00,19050,19060,18900,19040,10403,197810000,7565,2838
060250,2026-05-22,10:30:00,19030,19080,18930,19060,8434,160550000,6837,1597
060250,2026-05-22,10:35:00,19055,19070,18930,18950,4707,89570000,2549,2158
060250,2026-05-22,10:40:00,18950,18990,18810,18930,4848,91790000,1944,2904
060250,2026-05-22,10:45:00,18930,18970,18930,18930,4592,87010000,3489,1103
060250,2026-05-22,10:50:00,18940,18970,18830,18880,4751,89900000,2358,2393
060250,2026-05-22,10:55:00,18880,18960,18850,18950,5485,103690000,3515,1970
060250,2026-05-22,11:00:00,18920,18950,18910,18940,3725,70530000,1391,2334
060250,2026-05-22,11:05:00,18940,18970,18930,18950,4648,88120000,3571,1077
060250,2026-05-22,11:10:00,18960,19040,18960,19020,10397,197480000,8912,1485
060250,2026-05-22,11:15:00,19020,19040,18880,18880,3599,68180000,1493,2106
060250,2026-05-22,11:20:00,18880,18900,18780,18790,6353,119680000,1673,4680
060250,2026-05-22,11:25:00,18780,18890,18760,18890,4153,78100000,3361,792
060250,2026-05-22,11:30:00,18890,18950,18860,18920,2942,55630000,1594,1348
060250,2026-05-22,11:35:00,18920,18930,18850,18900,2285,43200000,1163,1122
060250,2026-05-22,11:40:00,18900,18900,18820,18840,7021,132280000,4977,2044
060250,2026-05-22,11:45:00,18830,18930,18830,18930,2718,51350000,2034,684
060250,2026-05-22,11:50:00,18900,18980,18900,18980,3333,63170000,1577,1756
060250,2026-05-22,11:55:00,18980,18980,18910,18910,2872,54430000,1606,1266
060250,2026-05-22,12:00:00,18910,18960,18900,18950,1978,37450000,1212,766
060250,2026-05-22,12:05:00,18930,18950,18860,18940,2853,53970000,1111,1742
060250,2026-05-22,12:10:00,18930,18960,18880,18960,5752,108930000,4650,1102
060250,2026-05-22,12:15:00,18960,18970,18950,18970,2242,42510000,1785,457
060250,2026-05-22,12:20:00,18970,18980,18950,18970,4775,90610000,3385,1390
060250,2026-05-22,12:25:00,18970,19010,18950,19010,3624,68840000,2470,1154
060250,2026-05-22,12:30:00,19010,19060,19010,19040,6474,123250000,5412,1062
060250,2026-05-22,12:35:00,19040,19140,19040,19140,13477,257180000,13196,281
060250,2026-05-22,12:40:00,19140,19180,19110,19130,9810,187880000,6701,3109
060250,2026-05-22,12:45:00,19135,19135,19090,19110,3389,64750000,1627,1762
060250,2026-05-22,12:50:00,19100,19120,19080,19090,3272,62500000,1536,1736
060250,2026-05-22,12:55:00,19110,19110,19060,19110,3535,67480000,1963,1572
060250,2026-05-22,13:00:00,19100,19110,19070,19070,3371,64360000,1367,2004
060250,2026-05-22,13:05:00,19060,19070,19010,19060,4886,93010000,2966,1920
060250,2026-05-22,13:10:00,19050,19050,19000,19050,3994,75990000,1557,2437
060250,2026-05-22,13:15:00,19050,19050,18990,19000,5198,98860000,1805,3393
060250,2026-05-22,13:20:00,19000,19040,19000,19040,3176,60430000,1541,1635
060250,2026-05-22,13:25:00,19040,19040,18990,18990,3365,63980000,870,2495
060250,2026-05-22,13:30:00,18990,19030,18970,19000,2662,50550000,1012,1650
060250,2026-05-22,13:35:00,19000,19010,18950,19000,3047,57860000,1521,1526
060250,2026-05-22,13:40:00,19000,19020,18970,19010,4553,86490000,2797,1756
060250,2026-05-22,13:45:00,19010,19020,18960,18980,2859,54290000,1052,1807
060250,2026-05-22,13:50:00,18980,19000,18940,19000,2961,56200000,1232,1729
060250,2026-05-22,13:55:00,18980,19010,18950,19010,3126,59340000,1360,1766
060250,2026-05-22,14:00:00,19010,19010,18930,18970,3011,57110000,1002,2009
060250,2026-05-22,14:05:00,18980,18980,18900,18920,3873,73370000,1268,2605
060250,2026-05-22,14:10:00,18920,18960,18890,18910,4026,76180000,981,3045
060250,2026-05-22,14:15:00,18910,18910,18880,18910,2923,55240000,1966,957
060250,2026-05-22,14:20:00,18910,18910,18850,18850,3657,69070000,1920,1737
060250,2026-05-22,14:25:00,18870,18920,18840,18890,5320,100390000,1923,3397
060250,2026-05-22,14:30:00,18890,18910,18870,18880,3571,67470000,1293,2278
060250,2026-05-22,14:35:00,18890,18900,18860,18890,3081,58200000,1659,1422
060250,2026-05-22,14:40:00,18880,18900,18800,18800,4617,87100000,925,3692
060250,2026-05-22,14:45:00,18840,18850,18720,18770,3724,69930000,1893,1831
060250,2026-05-22,14:50:00,18770,18900,18770,18780,4000,75300000,1983,2017
060250,2026-05-22,14:55:00,18810,18880,18770,18780,3456,65020000,852,2604
060250,2026-05-22,15:00:00,18790,18860,18650,18810,8446,158250000,2313,6133
060250,2026-05-22,15:05:00,18800,18800,18630,18650,4477,83620000,1181,3296
060250,2026-05-22,15:10:00,18650,18730,18640,18640,4705,87830000,1425,3280
060250,2026-05-22,15:15:00,18660,18700,18640,18690,4206,78540000,1747,2459
060250,2026-05-22,15:20:00,18680,18730,18620,18680,6267,116870000,1694,4573
060250,2026-05-22,15:30:00,18750,18750,18750,18750,10068,188780000,8767,0
060250,2026-05-26,09:05:00,18950,18980,18610,18660,29739,559970000,12287,17452
060250,2026-05-26,09:10:00,18660,18920,18610,18910,18472,346180000,11841,6631
060250,2026-05-26,09:15:00,18910,18990,18750,18990,14908,281600000,8933,5975
060250,2026-05-26,09:20:00,18980,19090,18980,19040,16223,308900000,10089,6134
060250,2026-05-26,09:25:00,19040,19330,18820,19000,14982,286910000,10547,4435
060250,2026-05-26,09:30:00,19130,19590,19130,19540,24718,480370000,23023,1695
060250,2026-05-26,09:35:00,19540,19600,19380,19460,16579,323520000,8575,8004
060250,2026-05-26,09:40:00,19470,19470,19200,19260,5480,105860000,1918,3562
060250,2026-05-26,09:45:00,19250,19260,18980,19070,6837,131080000,2238,4599
060250,2026-05-26,09:50:00,19080,19220,19080,19190,6453,123640000,5679,774
060250,2026-05-26,09:55:00,19190,19200,18900,18990,5772,109740000,3396,2376
060250,2026-05-26,10:00:00,18990,18990,18850,18900,5986,113250000,2967,3019
060250,2026-05-26,10:05:00,18900,18940,18880,18930,2252,42580000,1387,865
060250,2026-05-26,10:10:00,18910,18920,18810,18810,4365,82360000,2498,1867
060250,2026-05-26,10:15:00,18800,18890,18760,18890,4017,75550000,3029,988
060250,2026-05-26,10:20:00,18890,18890,18840,18860,3551,66990000,1761,1790
060250,2026-05-26,10:25:00,18860,18880,18780,18830,2641,49700000,1101,1540
060250,2026-05-26,10:30:00,18800,18830,18750,18780,4371,82110000,1178,3193
060250,2026-05-26,10:35:00,18770,18770,18560,18560,8824,164520000,823,8001
060250,2026-05-26,10:40:00,18560,18610,18500,18610,7110,131700000,3196,3914
060250,2026-05-26,10:45:00,18600,18620,18530,18620,3715,68960000,1742,1973
060250,2026-05-26,10:50:00,18620,18650,18580,18640,2612,48630000,711,1901
060250,2026-05-26,10:55:00,18640,18650,18590,18650,2515,46840000,1373,1142
060250,2026-05-26,11:00:00,18700,18730,18640,18700,958,17920000,621,337
060250,2026-05-26,11:05:00,18700,18750,18660,18700,2507,46820000,528,1979
060250,2026-05-26,11:10:00,18690,18780,18650,18780,8570,160480000,6000,2570
060250,2026-05-26,11:15:00,18780,18850,18750,18850,2242,42150000,2125,117
060250,2026-05-26,11:20:00,18850,18850,18750,18770,2608,49050000,812,1796
060250,2026-05-26,11:25:00,18770,18870,18770,18870,4330,81500000,2831,1499
060250,2026-05-26,11:30:00,18870,18920,18810,18890,10128,191300000,8088,2040
060250,2026-05-26,11:35:00,18890,18890,18860,18870,1681,31730000,1120,561
060250,2026-05-26,11:40:00,18870,18880,18860,18880,2261,42660000,1968,293
060250,2026-05-26,11:45:00,18880,18920,18840,18850,3037,57280000,667,2370
060250,2026-05-26,11:50:00,18840,18840,18750,18760,2462,46290000,841,1621
060250,2026-05-26,11:55:00,18760,18780,18680,18750,1778,33330000,712,1066
060250,2026-05-26,12:00:00,18750,18760,18720,18750,1038,19460000,809,229
060250,2026-05-26,12:05:00,18740,18770,18730,18760,2204,41340000,1312,892
060250,2026-05-26,12:10:00,18750,18770,18750,18770,1027,19260000,641,386
060250,2026-05-26,12:15:00,18770,18770,18740,18760,3218,60350000,752,2466
060250,2026-05-26,12:20:00,18760,18850,18720,18810,2723,51090000,1440,1283
060250,2026-05-26,12:25:00,18830,18850,18810,18820,2706,50950000,1129,1577
060250,2026-05-26,12:30:00,18820,18840,18780,18820,2567,48270000,960,1607
060250,2026-05-26,12:35:00,18790,18875,18790,18870,5721,107650000,5409,312
060250,2026-05-26,12:40:00,18880,18890,18830,18830,5198,98040000,1457,3741
060250,2026-05-26,12:45:00,18870,18870,18810,18870,3240,61070000,692,2548
060250,2026-05-26,12:50:00,18870,18870,18810,18850,1131,21310000,740,391
060250,2026-05-26,12:55:00,18840,18870,18830,18850,2166,40820000,978,1188
060250,2026-05-26,13:00:00,18820,18860,18790,18810,5046,94930000,661,4385
060250,2026-05-26,13:05:00,18830,18830,18810,18820,1356,25520000,562,794
060250,2026-05-26,13:10:00,18810,18840,18800,18830,2660,50060000,928,1732
060250,2026-05-26,13:15:00,18800,18830,18770,18770,2127,39950000,573,1554
060250,2026-05-26,13:20:00,18780,18790,18720,18730,3568,66910000,817,2751
060250,2026-05-26,13:25:00,18730,18750,18710,18730,3207,60060000,820,2387
060250,2026-05-26,13:30:00,18720,18750,18700,18710,4403,82410000,914,3489
060250,2026-05-26,13:35:00,18710,18750,18690,18730,4534,84880000,2497,2037
060250,2026-05-26,13:40:00,18740,18830,18740,18830,2056,38620000,1626,430
060250,2026-05-26,13:45:00,18830,18840,18770,18830,2998,56360000,821,2177
060250,2026-05-26,13:50:00,18830,18830,18750,18770,5762,108250000,898,4864
060250,2026-05-26,13:55:00,18760,18780,18760,18780,1757,32980000,1225,532
060250,2026-05-26,14:00:00,18780,18840,18760,18800,3404,63950000,2602,802
060250,2026-05-26,14:05:00,18830,18860,18790,18800,1680,31630000,950,730
060250,2026-05-26,14:10:00,18800,18840,18780,18800,2566,48250000,1178,1388
060250,2026-05-26,14:15:00,18810,18870,18790,18840,6814,128250000,5848,966
060250,2026-05-26,14:20:00,18830,18860,18810,18840,2763,52050000,1000,1763
060250,2026-05-26,14:25:00,18840,18850,18770,18780,3212,60400000,688,2524
060250,2026-05-26,14:30:00,18780,18830,18780,18810,2226,41840000,822,1404
060250,2026-05-26,14:35:00,18810,18850,18770,18820,3796,71340000,1030,2766
060250,2026-05-26,14:40:00,18790,18810,18720,18760,4945,92740000,1415,3530
060250,2026-05-26,14:45:00,18750,18760,18730,18730,1617,30290000,723,894
060250,2026-05-26,14:50:00,18730,18730,18720,18720,2403,45000000,1418,985
060250,2026-05-26,14:55:00,18730,18740,18710,18730,2821,52830000,1692,1129
060250,2026-05-26,15:00:00,18710,18770,18710,18710,1907,35710000,842,1065
060250,2026-05-26,15:05:00,18730,18750,18700,18700,4900,91670000,1158,3742
060250,2026-05-26,15:10:00,18700,18720,18690,18710,1757,32860000,640,1117
060250,2026-05-26,15:15:00,18710,18730,18700,18710,2421,45300000,985,1436
060250,2026-05-26,15:20:00,18710,18710,18690,18710,4381,81930000,1777,2604
060250,2026-05-26,15:30:00,18750,18750,18750,18750,6713,125870000,6398,0
060250,2026-05-27,09:05:00,18420,18740,18290,18290,18386,338480000,9601,8699
060250,2026-05-27,09:10:00,18300,18330,18050,18150,15986,291300000,5549,10437
060250,2026-05-27,09:15:00,18100,18300,18060,18190,14891,270560000,8976,5915
060250,2026-05-27,09:20:00,18210,18420,18190,18230,6542,119710000,2357,4185
060250,2026-05-27,09:25:00,18250,18350,18130,18260,16109,292770000,10352,5757
060250,2026-05-27,09:30:00,18220,18270,18120,18160,9233,167960000,5457,3776
060250,2026-05-27,09:35:00,18180,18330,18180,18280,4554,83150000,2998,1556
060250,2026-05-27,09:40:00,18280,18420,18240,18250,10644,194980000,7651,2993
060250,2026-05-27,09:45:00,18250,18290,18230,18270,3313,60520000,1722,1591
060250,2026-05-27,09:50:00,18270,18280,18130,18130,5967,108470000,879,5088
060250,2026-05-27,09:55:00,18120,18150,18060,18070,5129,92840000,2408,2721
060250,2026-05-27,10:00:00,18080,18200,18060,18130,6558,118590000,3652,2906
060250,2026-05-27,10:05:00,18140,18480,18140,18440,6515,119180000,6143,372
060250,2026-05-27,10:10:00,18390,18390,18240,18280,4428,81010000,1105,3323
060250,2026-05-27,10:15:00,18280,18280,18160,18190,4192,76360000,1499,2693
060250,2026-05-27,10:20:00,18190,18190,18110,18150,2440,44280000,686,1754
060250,2026-05-27,10:25:00,18150,18290,18140,18200,2765,50420000,1497,1268
060250,2026-05-27,10:30:00,18250,18260,18080,18080,6129,111210000,727,5402
060250,2026-05-27,10:35:00,18100,18100,17970,17980,14417,259930000,1076,13341
060250,2026-05-27,10:40:00,17970,18000,17940,18000,3485,62630000,2141,1344
060250,2026-05-27,10:45:00,18000,18100,17980,18020,2464,44360000,794,1670
060250,2026-05-27,10:50:00,18020,18020,17940,17950,4873,87500000,1341,3532
060250,2026-05-27,10:55:00,17970,17990,17890,17930,13325,238730000,4013,9312
060250,2026-05-27,11:00:00,17930,17960,17870,17870,4223,75610000,1241,2982
060250,2026-05-27,11:05:00,17870,17870,17840,17860,3424,61120000,2175,1249
060250,2026-05-27,11:10:00,17860,17880,17820,17850,2627,46880000,1616,1011
060250,2026-05-27,11:15:00,17850,17860,17810,17820,3916,69800000,1267,2649
060250,2026-05-27,11:20:00,17810,17930,17810,17920,4693,83810000,2295,2398
060250,2026-05-27,11:25:00,17910,17910,17870,17880,2127,38040000,983,1144
060250,2026-05-27,11:30:00,17880,17940,17860,17890,5055,90430000,4093,962
060250,2026-05-27,11:35:00,17930,17930,17890,17890,2375,42510000,516,1859
060250,2026-05-27,11:40:00,17890,17900,17810,17820,4541,81070000,500,4041
060250,2026-05-27,11:45:00,17850,17860,17810,17810,2978,53110000,1146,1832
060250,2026-05-27,11:50:00,17820,17840,17810,17840,3419,60960000,2779,640
060250,2026-05-27,11:55:00,17840,17850,17810,17820,2520,44920000,706,1814
060250,2026-05-27,12:00:00,17820,17860,17800,17830,2784,49640000,1409,1375
060250,2026-05-27,12:05:00,17830,17840,17810,17820,1419,25280000,358,1061
060250,2026-05-27,12:10:00,17820,17830,17800,17830,3127,55710000,1267,1860
060250,2026-05-27,12:15:00,17830,17880,17830,17870,3035,54210000,2444,591
060250,2026-05-27,12:20:00,17870,17910,17870,17910,1809,32380000,1077,732
060250,2026-05-27,12:25:00,17910,17930,17870,17900,3275,58640000,752,2523
060250,2026-05-27,12:30:00,17900,17920,17860,17880,2121,37950000,368,1753
060250,2026-05-27,12:35:00,17890,17890,17870,17890,1512,27040000,1072,440
060250,2026-05-27,12:40:00,17900,17910,17870,17870,1461,26130000,298,1163
060250,2026-05-27,12:45:00,17880,17880,17850,17850,1858,33190000,437,1421
060250,2026-05-27,12:50:00,17850,17850,17820,17820,2104,37520000,726,1378
060250,2026-05-27,12:55:00,17820,17830,17810,17820,1804,32150000,1076,728
060250,2026-05-27,13:00:00,17820,17830,17790,17790,5743,102280000,363,5380
060250,2026-05-27,13:05:00,17790,17790,17760,17770,4896,87020000,1635,3261
060250,2026-05-27,13:10:00,17780,17830,17760,17780,1734,30830000,1075,659
060250,2026-05-27,13:15:00,17790,17880,17780,17800,5699,101450000,4860,839
060250,2026-05-27,13:20:00,17800,17860,17770,17780,1452,25820000,569,883
060250,2026-05-27,13:25:00,17770,17790,17740,17740,4121,73180000,836,3285
060250,2026-05-27,13:30:00,17740,17740,17700,17700,3771,66810000,560,3211
060250,2026-05-27,13:35:00,17700,17720,17680,17720,3911,69200000,2318,1593
060250,2026-05-27,13:40:00,17730,17770,17690,17730,3716,65780000,999,2717
060250,2026-05-27,13:45:00,17730,17750,17710,17750,2134,37830000,1281,853
060250,2026-05-27,13:50:00,17760,17830,17740,17770,2826,50190000,414,2412
060250,2026-05-27,13:55:00,17750,17790,17700,17710,5033,89190000,2946,2087
060250,2026-05-27,14:00:00,17710,17780,17700,17730,3236,57440000,939,2297
060250,2026-05-27,14:05:00,17720,17720,17690,17700,3489,61750000,1168,2321
060250,2026-05-27,14:10:00,17700,17790,17680,17770,3957,70060000,2437,1520
060250,2026-05-27,14:15:00,17710,17780,17650,17670,2808,49670000,1316,1492
060250,2026-05-27,14:20:00,17670,17700,17620,17630,7098,125200000,4654,2444
060250,2026-05-27,14:25:00,17630,17750,17630,17710,4430,78290000,1881,2549
060250,2026-05-27,14:30:00,17720,17730,17660,17680,2993,52990000,1213,1780
060250,2026-05-27,14:35:00,17680,17740,17680,17730,3144,55660000,1666,1478
060250,2026-05-27,14:40:00,17710,17730,17690,17690,1697,30050000,683,1014
060250,2026-05-27,14:45:00,17700,17780,17670,17710,7530,133260000,5406,2124
060250,2026-05-27,14:50:00,17720,17780,17700,17710,1781,31580000,1350,431
060250,2026-05-27,14:55:00,17740,17750,17670,17690,3582,63420000,1286,2296
060250,2026-05-27,15:00:00,17690,17740,17680,17740,4660,82500000,3268,1392
060250,2026-05-27,15:05:00,17740,17740,17640,17660,4463,78850000,1437,3026
060250,2026-05-27,15:10:00,17660,17690,17640,17680,3731,65870000,1559,2172
060250,2026-05-27,15:15:00,17660,17700,17630,17700,6402,113020000,2044,4358
060250,2026-05-27,15:20:00,17700,17740,17670,17720,4143,73330000,2879,1264
060250,2026-05-27,15:30:00,17720,17720,17720,17720,9956,176420000,9676,0
060250,2026-05-28,09:05:00,17720,17750,17480,17490,10898,191940000,5614,5284
060250,2026-05-28,09:10:00,17490,17540,17300,17540,10795,187720000,4859,5936
060250,2026-05-28,09:15:00,17530,17540,17360,17360,5797,101130000,2204,3593
060250,2026-05-28,09:20:00,17470,17470,17340,17360,5285,91890000,1043,4242
060250,2026-05-28,09:25:00,17350,17460,17340,17460,5239,90990000,1923,3316
060250,2026-05-28,09:30:00,17460,17460,17340,17340,3161,54910000,643,2518
060250,2026-05-28,09:35:00,17370,17510,17350,17420,3037,52990000,1478,1559
060250,2026-05-28,09:40:00,17450,17530,17400,17470,14299,249300000,12168,2131
060250,2026-05-28,09:45:00,17470,17520,17450,17450,4040,70560000,1161,2879
060250,2026-05-28,09:50:00,17450,17450,17320,17335,7505,130280000,186,7319
060250,2026-05-28,09:55:00,17335,17335,17260,17280,7043,121770000,3636,3407
060250,2026-05-28,10:00:00,17270,17360,17240,17330,9650,166610000,6520,3130
060250,2026-05-28,10:05:00,17270,17330,17230,17230,4735,81640000,984,3751
060250,2026-05-28,10:10:00,17230,17270,17210,17250,7278,125430000,5371,1907
060250,2026-05-28,10:15:00,17250,17290,17190,17250,7466,128540000,3125,4341
060250,2026-05-28,10:20:00,17250,17280,17240,17240,1457,25130000,821,636
060250,2026-05-28,10:25:00,17250,17250,17200,17220,3515,60520000,613,2902
060250,2026-05-28,10:30:00,17210,17220,17210,17220,1477,25430000,569,908
060250,2026-05-28,10:35:00,17210,17210,17160,17190,4679,80410000,500,4179
060250,2026-05-28,10:40:00,17180,17190,17140,17170,2197,37710000,490,1707
060250,2026-05-28,10:45:00,17160,17165,17130,17130,3959,67870000,905,3054
060250,2026-05-28,10:50:00,17140,17140,17030,17050,5682,97040000,2236,3446
060250,2026-05-28,10:55:00,17090,17140,17090,17130,2150,36780000,1588,562
060250,2026-05-28,11:00:00,17130,17180,17120,17120,2288,39230000,1727,561
060250,2026-05-28,11:05:00,17160,17180,17130,17150,1870,32060000,743,1127
060250,2026-05-28,11:10:00,17150,17170,17100,17110,1770,30320000,583,1187
060250,2026-05-28,11:15:00,17100,17120,17070,17070,2075,35460000,1012,1063
060250,2026-05-28,11:20:00,17080,17090,17040,17040,1980,33780000,149,1831
060250,2026-05-28,11:25:00,17050,17060,17050,17060,1416,24160000,1390,26
060250,2026-05-28,11:30:00,17070,17080,17060,17070,575,9810000,263,312
060250,2026-05-28,11:35:00,17070,17070,17000,17010,9026,153630000,524,8502
060250,2026-05-28,11:40:00,17010,17070,17000,17030,1209,20580000,392,817
060250,2026-05-28,11:45:00,17025,17025,16970,16990,2527,42960000,236,2291
060250,2026-05-28,11:50:00,17000,17000,16940,16970,3588,60860000,376,3212
060250,2026-05-28,11:55:00,16960,17010,16960,17000,1988,33770000,1123,865
060250,2026-05-28,12:00:00,17000,17010,16960,16970,2426,41190000,575,1851
060250,2026-05-28,12:05:00,16960,17000,16960,16970,766,13000000,422,344
060250,2026-05-28,12:10:00,16980,17010,16980,17000,580,9860000,138,442
060250,2026-05-28,12:15:00,16990,17020,16980,17020,1003,17050000,190,813
060250,2026-05-28,12:20:00,17020,17020,16990,16990,1554,26430000,392,1162
060250,2026-05-28,12:25:00,16990,16990,16930,16930,6519,110580000,1194,5325
060250,2026-05-28,12:30:00,16940,16940,16870,16890,11193,189160000,3341,7852
060250,2026-05-28,12:35:00,16890,16900,16890,16890,2342,39570000,1183,1159
060250,2026-05-28,12:40:00,16890,16900,16850,16870,3976,67100000,337,3639
060250,2026-05-28,12:45:00,16870,16870,16790,16830,14383,241870000,8133,6250
060250,2026-05-28,12:50:00,16830,16900,16810,16860,5438,91700000,2356,3082
060250,2026-05-28,12:55:00,16860,16890,16810,16860,2010,33860000,457,1553
060250,2026-05-28,13:00:00,16860,16870,16810,16810,2352,39590000,366,1986
060250,2026-05-28,13:05:00,16810,16820,16720,16760,4282,71900000,518,3764
060250,2026-05-28,13:10:00,16760,16790,16700,16770,5267,88150000,1530,3737
060250,2026-05-28,13:15:00,16750,16860,16680,16680,5801,96990000,1693,4108
060250,2026-05-28,13:20:00,16680,16720,16620,16630,5328,88770000,1539,3789
060250,2026-05-28,13:25:00,16650,16780,16650,16700,3223,53830000,1903,1320
060250,2026-05-28,13:30:00,16700,16770,16660,16740,5220,87140000,2790,2430
060250,2026-05-28,13:35:00,16730,16770,16700,16730,2861,47910000,964,1897
060250,2026-05-28,13:40:00,16730,16850,16730,16790,3424,57480000,1059,2365
060250,2026-05-28,13:45:00,16790,16800,16740,16750,3506,58750000,1074,2432
060250,2026-05-28,13:50:00,16770,16800,16740,16790,1882,31570000,283,1599
060250,2026-05-28,13:55:00,16770,16790,16730,16740,2474,41430000,1489,985
060250,2026-05-28,14:00:00,16740,16750,16730,16750,3180,53230000,1280,1900
060250,2026-05-28,14:05:00,16750,16780,16710,16730,3089,51700000,420,2669
060250,2026-05-28,14:10:00,16730,16890,16700,16890,4319,72430000,2272,2047
060250,2026-05-28,14:15:00,16890,16990,16800,16920,3175,53600000,1618,1557
060250,2026-05-28,14:20:00,16920,16980,16870,16930,3138,53080000,1052,2086
060250,2026-05-28,14:25:00,16940,17070,16920,16990,5042,85690000,3602,1440
060250,2026-05-28,14:30:00,16990,17030,16980,17020,2985,50750000,1432,1553
060250,2026-05-28,14:35:00,17020,17110,17010,17110,4304,73380000,3417,887
060250,2026-05-28,14:40:00,17110,17150,17050,17120,1841,31500000,1195,646
060250,2026-05-28,14:45:00,17120,17140,17080,17100,3392,58030000,865,2527
060250,2026-05-28,14:50:00,17100,17170,17080,17160,1850,31690000,936,914
060250,2026-05-28,14:55:00,17160,17200,17140,17190,2377,40820000,1301,1076
060250,2026-05-28,15:00:00,17190,17260,17010,17200,6282,107910000,3133,3149
060250,2026-05-28,15:05:00,17200,17290,17200,17280,2818,48620000,2067,751
060250,2026-05-28,15:10:00,17290,17350,17250,17320,3911,67700000,2409,1502
060250,2026-05-28,15:15:00,17330,17390,17330,17390,3323,57710000,2427,896
060250,2026-05-28,15:20:00,17390,17400,17370,17400,2172,37770000,1303,869
060250,2026-05-28,15:30:00,17400,17400,17400,17400,3919,68190000,3720,0
