ticker,trade_date,trade_time,open_price,high_price,low_price,close_price,volume,turnover,bid_size_total,ask_size_total
214430,2026-01-02,10:05:00,76500,76900,76200,76900,649,49650000,350,299
214430,2026-01-02,10:10:00,76900,79700,76800,78700,6175,479950000,4786,1389
214430,2026-01-02,10:15:00,78700,80000,78000,79200,4855,384970000,3610,1245
214430,2026-01-02,10:20:00,79500,80800,79200,80700,5522,441210000,5039,483
214430,2026-01-02,10:25:00,80600,80800,80000,80500,3466,278750000,2862,604
214430,2026-01-02,10:30:00,80500,82100,80500,81900,5030,408860000,4234,796
214430,2026-01-02,10:35:00,81900,81900,80000,80300,2281,184470000,605,1676
214430,2026-01-02,10:40:00,80200,80300,79800,80000,1290,103130000,572,718
214430,2026-01-02,10:45:00,80000,80400,79800,80100,1008,80760000,783,225
214430,2026-01-02,10:50:00,80100,80300,79800,80200,651,52100000,349,302
214430,2026-01-02,10:55:00,80200,80300,80000,80000,449,35970000,198,251
214430,2026-01-02,11:00:00,80000,80300,79800,79900,715,57190000,406,309
214430,2026-01-02,11:05:00,79800,80100,79500,79800,899,71720000,286,613
214430,2026-01-02,11:10:00,79900,79900,79100,79500,1751,139250000,534,1217
214430,2026-01-02,11:15:00,79500,79900,79200,79900,922,73470000,605,317
214430,2026-01-02,11:20:00,79900,80000,79700,80000,452,36080000,357,95
214430,2026-01-02,11:25:00,80000,80000,79500,79900,918,73310000,354,564
214430,2026-01-02,11:30:00,79800,80100,79800,79900,825,65930000,320,505
214430,2026-01-02,11:35:00,80000,80100,79900,79900,551,44060000,320,231
214430,2026-01-02,11:40:00,79900,80200,79900,80200,766,61300000,634,132
214430,2026-01-02,11:45:00,80200,80300,80100,80200,375,30080000,240,135
214430,2026-01-02,11:50:00,80200,80200,79600,79800,1768,141370000,239,1529
214430,2026-01-02,11:55:00,79700,79900,79700,79900,434,34640000,312,122
214430,2026-01-02,12:00:00,79900,80000,79800,79900,401,32050000,247,154
214430,2026-01-02,12:05:00,79900,80000,79800,79900,496,39620000,196,300
214430,2026-01-02,12:10:00,79900,80100,79900,80000,433,34620000,225,208
214430,2026-01-02,12:15:00,79900,80100,79800,80000,381,30480000,215,166
214430,2026-01-02,12:20:00,79900,79900,79700,79900,994,79340000,824,170
214430,2026-01-02,12:25:00,79900,80200,79900,80000,411,32870000,260,151
214430,2026-01-02,12:30:00,80000,80300,79900,80300,718,57500000,591,127
214430,2026-01-02,12:35:00,80300,80500,80300,80400,627,50430000,430,197
214430,2026-01-02,12:40:00,80500,80500,80200,80400,790,63470000,254,536
214430,2026-01-02,12:45:00,80400,80500,80100,80200,629,50520000,272,357
214430,2026-01-02,12:50:00,80200,80300,80000,80100,584,46790000,224,360
214430,2026-01-02,12:55:00,80000,80000,79600,79700,2929,233560000,270,2659
214430,2026-01-02,13:00:00,79600,80100,79400,79900,861,68660000,717,144
214430,2026-01-02,13:05:00,80000,80200,80000,80100,598,47860000,320,278
214430,2026-01-02,13:10:00,80000,80100,79800,79800,896,71640000,343,553
214430,2026-01-02,13:15:00,80100,80100,79700,79900,549,43850000,332,217
214430,2026-01-02,13:20:00,79900,79900,79700,79700,679,54160000,290,389
214430,2026-01-02,13:25:00,79700,80200,79500,80100,612,48890000,425,187
214430,2026-01-02,13:30:00,80000,80300,79700,80000,1728,138170000,599,1129
214430,2026-01-02,13:35:00,79700,79700,77800,77900,8511,667270000,4553,3958
214430,2026-01-02,13:40:00,78000,78200,77500,78100,1772,137910000,1206,566
214430,2026-01-02,13:45:00,78100,78500,77700,78300,2246,175340000,1236,1010
214430,2026-01-02,13:50:00,78300,78500,77900,78300,1667,130380000,1138,529
214430,2026-01-02,13:55:00,78300,78500,77400,78100,3295,256830000,1031,2264
214430,2026-01-02,14:00:00,78300,79000,78000,78700,1861,146200000,1197,664
214430,2026-01-02,14:05:00,78800,78800,77500,77900,3380,263560000,1341,2039
214430,2026-01-02,14:10:00,77700,77900,77400,77400,2627,203740000,1578,1049
214430,2026-01-02,14:15:00,77400,78800,77300,78100,3522,273600000,1689,1833
214430,2026-01-02,14:20:00,78100,78400,77600,77900,2669,207950000,1392,1277
214430,2026-01-02,14:25:00,77600,78500,77600,77800,2821,219950000,1351,1470
214430,2026-01-02,14:30:00,77800,78500,77800,78100,2637,205850000,1354,1283
214430,2026-01-02,14:35:00,77900,78400,77700,78000,2738,213530000,1385,1353
214430,2026-01-02,14:40:00,77900,78500,77700,78500,2701,210590000,1798,903
214430,2026-01-02,14:45:00,78200,79500,77600,79300,4842,381350000,3326,1516
214430,2026-01-02,14:50:00,79300,79300,78300,78500,2636,207370000,1685,951
214430,2026-01-02,14:55:00,78500,79400,78400,79300,857,67710000,591,266
214430,2026-01-02,15:00:00,79300,79500,79000,79300,380,30140000,291,89
214430,2026-01-02,15:05:00,79500,79500,79000,79000,505,40070000,171,334
214430,2026-01-02,15:10:00,79000,79300,78900,79000,732,57880000,201,531
214430,2026-01-02,15:15:00,79000,79400,78900,79400,785,62170000,415,370
214430,2026-01-02,15:20:00,79400,80000,79100,79800,2365,188000000,1227,1138
214430,2026-01-02,15:30:00,79800,79800,79800,79800,2834,226160000,2834,0
214430,2026-01-05,09:05:00,80500,82000,80000,80600,2979,241230000,1194,1785
214430,2026-01-05,09:10:00,80600,80700,80000,80300,558,44840000,178,380
214430,2026-01-05,09:15:00,80700,81700,80400,80900,1941,157610000,1056,885
214430,2026-01-05,09:20:00,80900,81100,80400,80600,450,36300000,124,326
214430,2026-01-05,09:25:00,80600,80700,80000,80100,2383,191020000,200,2183
214430,2026-01-05,09:30:00,80200,81000,80100,80800,1921,154650000,1160,761
214430,2026-01-05,09:35:00,80800,80900,80300,80300,213,17190000,127,86
214430,2026-01-05,09:40:00,80300,80500,79900,80100,4006,320850000,160,3846
214430,2026-01-05,09:45:00,80100,80400,79900,80200,809,64820000,604,205
214430,2026-01-05,09:50:00,80000,80300,79900,80100,780,62460000,542,238
214430,2026-01-05,09:55:00,80000,80100,79900,80000,1393,111380000,439,954
214430,2026-01-05,10:00:00,80000,80000,79900,79900,205,16390000,89,116
214430,2026-01-05,10:05:00,79900,80100,79900,80000,558,44630000,478,80
214430,2026-01-05,10:10:00,80100,80200,79900,80100,563,45070000,403,160
214430,2026-01-05,10:15:00,80200,80500,80200,80400,696,55880000,481,215
214430,2026-01-05,10:20:00,80300,80300,80000,80300,315,25250000,200,115
214430,2026-01-05,10:25:00,80300,80300,80100,80200,226,18140000,182,44
214430,2026-01-05,10:30:00,80200,80200,79900,79900,243,19440000,114,129
214430,2026-01-05,10:35:00,80000,80200,79900,80100,1260,100900000,1191,69
214430,2026-01-05,10:40:00,80000,80400,80000,80300,544,43640000,431,113
214430,2026-01-05,10:45:00,80400,80700,80400,80600,367,29560000,236,131
214430,2026-01-05,10:50:00,80600,80700,80400,80500,281,22640000,143,138
214430,2026-01-05,10:55:00,80500,80500,80000,80000,899,72160000,516,383
214430,2026-01-05,11:00:00,80100,80200,79900,79900,452,36170000,142,310
214430,2026-01-05,11:05:00,80000,80000,79800,79800,1116,89200000,226,890
214430,2026-01-05,11:10:00,79800,79900,79300,79500,2007,159880000,201,1806
214430,2026-01-05,11:15:00,79400,79800,79400,79700,276,21980000,200,76
214430,2026-01-05,11:20:00,79700,79700,79400,79400,150,11930000,20,130
214430,2026-01-05,11:25:00,79500,79600,79400,79400,123,9780000,35,88
214430,2026-01-05,11:30:00,79400,79900,79400,79800,354,28210000,282,72
214430,2026-01-05,11:35:00,79600,79900,79600,79800,112,8940000,79,33
214430,2026-01-05,11:40:00,79800,79900,79700,79900,126,10060000,36,90
214430,2026-01-05,11:45:00,79900,79900,79700,79700,99,7900000,46,53
214430,2026-01-05,11:50:00,79800,79900,79600,79800,107,8530000,29,78
214430,2026-01-05,11:55:00,79800,80000,79700,79800,279,22300000,192,87
214430,2026-01-05,12:00:00,79600,80700,79600,80100,7807,624280000,7555,252
214430,2026-01-05,12:05:00,80000,80300,80000,80000,199,15930000,93,106
214430,2026-01-05,12:10:00,80000,80300,79800,80300,234,18750000,152,82
214430,2026-01-05,12:15:00,80300,80300,80100,80200,134,10740000,5,129
214430,2026-01-05,12:20:00,80200,80300,80100,80200,63,5050000,10,53
214430,2026-01-05,12:25:00,80200,80200,80100,80100,93,7450000,22,71
214430,2026-01-05,12:30:00,80200,80200,80100,80100,176,14100000,47,129
214430,2026-01-05,12:35:00,80100,80200,80000,80200,172,13780000,53,119
214430,2026-01-05,12:40:00,80100,80300,80100,80200,231,18530000,148,83
214430,2026-01-05,12:45:00,80100,80400,80100,80300,96,7710000,70,26
214430,2026-01-05,12:50:00,80300,80400,80200,80400,224,17980000,110,114
214430,2026-01-05,12:55:00,80400,80400,80300,80400,105,8440000,76,29
214430,2026-01-05,13:00:00,80500,80700,80000,80200,392,31500000,128,264
214430,2026-01-05,13:05:00,80600,80600,79900,79900,1063,85060000,104,959
214430,2026-01-05,13:10:00,79800,79900,79800,79900,86,6870000,8,78
214430,2026-01-05,13:15:00,79800,80200,79800,80000,958,76740000,872,86
214430,2026-01-05,13:20:00,80000,81500,79900,80900,2979,241300000,1936,1043
214430,2026-01-05,13:25:00,80700,80800,80200,80200,502,40400000,306,196
214430,2026-01-05,13:30:00,80200,80900,80200,80700,890,71750000,643,247
214430,2026-01-05,13:35:00,80900,80900,80500,80500,922,74390000,332,590
214430,2026-01-05,13:40:00,80500,81000,80300,80500,665,53730000,417,248
214430,2026-01-05,13:45:00,80600,80800,80300,80800,582,46900000,289,293
214430,2026-01-05,13:50:00,80900,80900,80600,80800,441,35630000,290,151
214430,2026-01-05,13:55:00,80800,80900,80600,80800,425,34320000,273,152
214430,2026-01-05,14:00:00,80700,81500,80700,81500,1090,88370000,824,266
214430,2026-01-05,14:05:00,81500,81500,81300,81400,1351,109910000,271,1080
214430,2026-01-05,14:10:00,81300,81400,81000,81200,1169,94990000,259,910
214430,2026-01-05,14:15:00,81200,81500,81100,81400,750,60930000,492,258
214430,2026-01-05,14:20:00,81300,81700,81000,81600,1072,87360000,788,284
214430,2026-01-05,14:25:00,81600,81800,81000,81200,1589,129380000,738,851
214430,2026-01-05,14:30:00,81300,81300,80900,81000,662,53660000,266,396
214430,2026-01-05,14:35:00,80900,81300,80800,81300,797,64560000,576,221
214430,2026-01-05,14:40:00,81200,81400,80700,81400,1814,146820000,1463,351
214430,2026-01-05,14:45:00,81300,81300,80800,81000,2551,207290000,191,2360
214430,2026-01-05,14:50:00,81200,81200,81000,81100,573,46490000,431,142
214430,2026-01-05,14:55:00,81100,81200,80800,81000,525,42560000,302,223
214430,2026-01-05,15:00:00,81000,81100,80700,80800,791,64020000,346,445
214430,2026-01-05,15:05:00,80800,80900,80600,80600,2369,191380000,93,2276
214430,2026-01-05,15:10:00,80700,80700,80400,80400,898,72340000,86,812
214430,2026-01-05,15:15:00,80500,80600,80200,80400,768,61750000,423,345
214430,2026-01-05,15:20:00,80300,80500,80200,80200,1309,105150000,355,954
214430,2026-01-05,15:30:00,80200,80200,80200,80200,1426,114360000,1426,0
214430,2026-01-06,09:05:00,80100,80100,78100,78800,1444,113950000,577,867
214430,2026-01-06,09:10:00,78800,79000,78500,78500,806,63400000,97,709
214430,2026-01-06,09:15:00,78500,79200,78300,78700,523,41130000,101,422
214430,2026-01-06,09:20:00,78700,78700,78000,78300,1065,83300000,143,922
214430,2026-01-06,09:25:00,78500,78800,78500,78800,458,36030000,335,123
214430,2026-01-06,09:30:00,78800,78800,78500,78800,132,10390000,92,40
214430,2026-01-06,09:35:00,78900,79100,78700,78700,402,31650000,140,262
214430,2026-01-06,09:40:00,78700,79100,78700,79100,172,13580000,91,81
214430,2026-01-06,09:45:00,79100,79100,78700,78800,292,23030000,24,268
214430,2026-01-06,09:50:00,78800,79000,78600,79000,922,72660000,295,627
214430,2026-01-06,09:55:00,79000,79500,79000,79400,333,26400000,328,5
214430,2026-01-06,10:00:00,79500,79800,79100,79300,1842,146730000,624,1218
214430,2026-01-06,10:05:00,79400,79700,79200,79400,227,18030000,50,177
214430,2026-01-06,10:10:00,79700,80300,79500,80300,663,53060000,641,22
214430,2026-01-06,10:15:00,79900,80200,79900,80100,148,11850000,74,74
214430,2026-01-06,10:20:00,80100,80300,80000,80000,398,31900000,200,198
214430,2026-01-06,10:25:00,80300,81100,80300,81100,905,73110000,750,155
214430,2026-01-06,10:30:00,81100,81100,80700,80900,640,51800000,172,468
214430,2026-01-06,10:35:00,80800,81500,80700,81300,1953,158670000,1662,291
214430,2026-01-06,10:40:00,81400,82000,80800,81900,1645,134120000,1285,360
214430,2026-01-06,10:45:00,82000,83000,81900,82800,4518,372580000,3818,700
214430,2026-01-06,10:50:00,82800,82900,81800,82000,995,81950000,298,697
214430,2026-01-06,10:55:00,82400,83900,82300,83800,2423,201700000,2150,273
214430,2026-01-06,11:00:00,83700,84000,83300,83400,4916,411660000,2379,2537
214430,2026-01-06,11:05:00,83500,84100,83400,84000,3226,270360000,1198,2028
214430,2026-01-06,11:10:00,84000,84500,84000,84200,3496,294960000,1809,1687
214430,2026-01-06,11:15:00,84200,84500,83800,84400,1333,112020000,777,556
214430,2026-01-06,11:20:00,84400,84600,84200,84500,2123,179240000,1684,439
214430,2026-01-06,11:25:00,84500,84500,84000,84000,1583,133440000,720,863
214430,2026-01-06,11:30:00,84000,84200,83600,83700,840,70520000,464,376
214430,2026-01-06,11:35:00,83600,84000,83600,83700,1106,92640000,518,588
214430,2026-01-06,11:40:00,83600,84100,83600,83800,1187,99610000,957,230
214430,2026-01-06,11:45:00,83800,84200,83800,84100,632,53110000,405,227
214430,2026-01-06,11:50:00,84100,84400,84100,84200,551,46390000,494,57
214430,2026-01-06,11:55:00,84200,84400,84100,84300,681,57420000,378,303
214430,2026-01-06,12:00:00,84200,84600,84200,84500,1583,133710000,1389,194
214430,2026-01-06,12:05:00,84500,84500,84200,84400,893,75330000,341,552
214430,2026-01-06,12:10:00,84400,84800,84200,84600,2061,174350000,1356,705
214430,2026-01-06,12:15:00,84600,85000,84500,84800,1808,153290000,1519,289
214430,2026-01-06,12:20:00,84900,84900,84600,84700,473,40130000,202,271
214430,2026-01-06,12:25:00,84800,85000,84600,84900,1083,91870000,913,170
214430,2026-01-06,12:30:00,84800,85100,84800,85100,1762,149760000,1216,546
214430,2026-01-06,12:35:00,85100,85100,84500,84600,1279,108250000,796,483
214430,2026-01-06,12:40:00,84600,84800,84100,84800,1196,101100000,614,582
214430,2026-01-06,12:45:00,84800,84900,84300,84500,1471,124620000,710,761
214430,2026-01-06,12:50:00,84700,85100,84600,84800,1105,93890000,948,157
214430,2026-01-06,12:55:00,84900,85100,84900,85000,506,43000000,367,139
214430,2026-01-06,13:00:00,85000,85000,84600,84800,439,37240000,240,199
214430,2026-01-06,13:05:00,84900,85000,84300,84500,611,51720000,90,521
214430,2026-01-06,13:10:00,84500,84700,84100,84300,1064,89730000,477,587
214430,2026-01-06,13:15:00,84300,84600,83600,83900,2018,169430000,492,1526
214430,2026-01-06,13:20:00,83900,84200,83800,84000,389,32670000,279,110
214430,2026-01-06,13:25:00,83900,84300,83900,84200,1001,84190000,634,367
214430,2026-01-06,13:30:00,84200,84200,83600,84000,1104,92620000,220,884
214430,2026-01-06,13:35:00,84000,84000,83700,83800,458,38410000,255,203
214430,2026-01-06,13:40:00,83700,83900,83500,83600,880,73640000,213,667
214430,2026-01-06,13:45:00,83700,83800,83400,83400,812,67810000,172,640
214430,2026-01-06,13:50:00,83500,84000,83200,83900,3460,288810000,1027,2433
214430,2026-01-06,13:55:00,84000,84000,83300,83600,1708,142900000,584,1124
214430,2026-01-06,14:00:00,83600,83700,83300,83700,804,67230000,373,431
214430,2026-01-06,14:05:00,83600,83900,83500,83800,1114,93310000,329,785
214430,2026-01-06,14:10:00,83800,83800,83300,83500,4341,362150000,3733,608
214430,2026-01-06,14:15:00,83500,83600,83300,83500,1064,88820000,415,649
214430,2026-01-06,14:20:00,83500,83600,83500,83500,447,37360000,283,164
214430,2026-01-06,14:25:00,83600,83600,83300,83300,549,45840000,322,227
214430,2026-01-06,14:30:00,83400,84300,83200,84100,2687,224800000,2079,608
214430,2026-01-06,14:35:00,84100,84200,83700,84000,4036,338890000,1702,2334
214430,2026-01-06,14:40:00,84000,84300,83900,84200,1317,110720000,580,737
214430,2026-01-06,14:45:00,84100,84300,84100,84200,1548,130360000,388,1160
214430,2026-01-06,14:50:00,84200,84300,84100,84300,1144,96330000,361,783
214430,2026-01-06,14:55:00,84300,84400,84200,84400,931,78500000,428,503
214430,2026-01-06,15:00:00,84300,84300,84000,84100,1322,111290000,352,970
214430,2026-01-06,15:05:00,84100,84200,84000,84100,1122,94410000,691,431
214430,2026-01-06,15:10:00,84100,84200,83900,83900,1261,105960000,502,759
214430,2026-01-06,15:15:00,83900,84500,83900,84500,2451,206050000,1908,543
214430,2026-01-06,15:20:00,84400,84800,84300,84600,1839,155480000,1240,599
214430,2026-01-06,15:30:00,84600,84600,84600,84600,1457,123260000,1439,0
214430,2026-01-07,09:05:00,85500,85700,82700,82800,6340,533040000,1605,4735
214430,2026-01-07,09:10:00,82800,83200,82600,82800,1371,113580000,199,1172
214430,2026-01-07,09:15:00,82800,82900,82300,82300,2892,238710000,369,2523
214430,2026-01-07,09:20:00,82300,83000,82100,82700,2110,174220000,955,1155
214430,2026-01-07,09:25:00,82600,83000,82200,82300,3143,259220000,257,2886
214430,2026-01-07,09:30:00,82100,82300,82100,82100,942,77410000,141,801
214430,2026-01-07,09:35:00,82300,83000,81900,81900,1279,105100000,317,962
214430,2026-01-07,09:40:00,82000,82200,81900,82100,684,56150000,410,274
214430,2026-01-07,09:45:00,82100,82200,81900,82100,340,27910000,148,192
214430,2026-01-07,09:50:00,82100,82800,82100,82500,453,37300000,300,153
214430,2026-01-07,09:55:00,82600,82600,82200,82300,1309,107850000,77,1232
214430,2026-01-07,10:00:00,82300,82300,82000,82100,1034,84910000,392,642
214430,2026-01-07,10:05:00,82100,82200,81800,81900,2359,193340000,252,2107
214430,2026-01-07,10:10:00,82000,82100,81900,82000,554,45420000,324,230
214430,2026-01-07,10:15:00,81900,82100,81900,82100,248,20330000,63,185
214430,2026-01-07,10:20:00,82000,82000,81800,81800,711,58240000,21,690
214430,2026-01-07,10:25:00,81900,81900,81800,81900,420,34370000,118,302
214430,2026-01-07,10:30:00,81800,81900,81800,81800,300,24540000,29,271
214430,2026-01-07,10:35:00,81800,81900,81700,81800,454,37130000,179,275
214430,2026-01-07,10:40:00,81800,81800,81100,81100,2228,181360000,417,1811
214430,2026-01-07,10:45:00,81200,81200,81000,81100,1110,90050000,288,822
214430,2026-01-07,10:50:00,81200,81200,80900,80900,1482,120190000,794,688
214430,2026-01-07,10:55:00,81000,81000,80800,80800,377,30510000,138,239
214430,2026-01-07,11:00:00,80800,80900,80700,80700,312,25190000,64,248
214430,2026-01-07,11:05:00,80800,81000,80700,80900,646,52240000,524,122
214430,2026-01-07,11:10:00,80900,81300,80800,81300,526,42600000,336,190
214430,2026-01-07,11:15:00,81300,81300,80800,80900,507,41070000,71,436
214430,2026-01-07,11:20:00,81000,81000,80600,80600,664,53620000,31,633
214430,2026-01-07,11:25:00,80600,80600,80400,80400,452,36390000,170,282
214430,2026-01-07,11:30:00,80400,80400,80300,80300,755,60700000,426,329
214430,2026-01-07,11:35:00,80500,80600,79900,80000,1461,117110000,138,1323
214430,2026-01-07,11:40:00,80000,80300,79800,80000,734,58760000,196,538
214430,2026-01-07,11:45:00,80000,80100,79900,79900,168,13440000,77,91
214430,2026-01-07,11:50:00,79900,80000,79700,79800,625,49890000,182,443
214430,2026-01-07,11:55:00,79800,79900,79500,79900,1753,139540000,916,837
214430,2026-01-07,12:00:00,79900,80000,79600,79900,1232,98360000,813,419
214430,2026-01-07,12:05:00,79900,80000,79600,79700,815,65050000,402,413
214430,2026-01-07,12:10:00,79600,79700,79500,79700,858,68240000,25,833
214430,2026-01-07,12:15:00,79700,79700,79400,79400,429,34100000,77,352
214430,2026-01-07,12:20:00,79400,79500,79400,79400,370,29390000,134,236
214430,2026-01-07,12:25:00,79400,79500,79300,79400,897,71280000,194,703
214430,2026-01-07,12:30:00,79500,79500,78900,78900,998,78970000,30,968
214430,2026-01-07,12:35:00,78900,80000,78900,79700,840,66880000,690,150
214430,2026-01-07,12:40:00,79500,79600,79300,79400,245,19460000,83,162
214430,2026-01-07,12:45:00,79400,79400,79300,79300,279,22140000,107,172
214430,2026-01-07,12:50:00,79400,79700,79300,79300,1115,88550000,322,793
214430,2026-01-07,12:55:00,79300,79400,79100,79300,621,49220000,352,269
214430,2026-01-07,13:00:00,79200,79600,78800,78900,821,64870000,127,694
214430,2026-01-07,13:05:00,78800,79200,78800,79000,438,34590000,311,127
214430,2026-01-07,13:10:00,79000,79200,78600,79200,798,62860000,294,504
214430,2026-01-07,13:15:00,78800,78900,78300,78800,2379,186910000,1144,1235
214430,2026-01-07,13:20:00,78800,78800,78200,78300,454,35560000,97,357
214430,2026-01-07,13:25:00,78300,78300,77600,77900,2785,217280000,1011,1774
214430,2026-01-07,13:30:00,77800,78300,77800,78200,743,57980000,651,92
214430,2026-01-07,13:35:00,78200,79000,78000,78800,881,69140000,419,462
214430,2026-01-07,13:40:00,78900,79300,78700,79300,1565,123550000,392,1173
214430,2026-01-07,13:45:00,79300,79300,78800,79000,879,69460000,88,791
214430,2026-01-07,13:50:00,79000,79000,78800,78900,279,22020000,206,73
214430,2026-01-07,13:55:00,78900,79100,78800,79000,776,61280000,194,582
214430,2026-01-07,14:00:00,78900,79200,78900,78900,508,40150000,272,236
214430,2026-01-07,14:05:00,78900,79400,78900,78900,422,33380000,259,163
214430,2026-01-07,14:10:00,79000,79300,78800,78800,338,26710000,76,262
214430,2026-01-07,14:15:00,78800,79000,78700,78700,411,32400000,203,208
214430,2026-01-07,14:20:00,78900,78900,78600,78700,482,37910000,277,205
214430,2026-01-07,14:25:00,78700,78800,78400,78500,1022,80250000,273,749
214430,2026-01-07,14:30:00,78600,79400,78300,78700,1194,93780000,559,635
214430,2026-01-07,14:35:00,78700,78800,78500,78500,924,72640000,383,541
214430,2026-01-07,14:40:00,78500,79400,78500,78700,1036,81790000,371,665
214430,2026-01-07,14:45:00,79000,79200,78600,78700,395,31120000,178,217
214430,2026-01-07,14:50:00,78800,78900,78600,78800,907,71450000,357,550
214430,2026-01-07,14:55:00,78800,78800,78400,78400,1024,80460000,62,962
214430,2026-01-07,15:00:00,78500,78500,78200,78200,2253,176360000,487,1766
214430,2026-01-07,15:05:00,78200,79300,78200,79000,1156,90980000,743,413
214430,2026-01-07,15:10:00,79000,79200,78900,79000,676,53440000,528,148
214430,2026-01-07,15:15:00,79000,79200,78400,78700,1741,137170000,544,1197
214430,2026-01-07,15:20:00,78500,79900,78500,79300,3735,296470000,2464,1271
214430,2026-01-07,15:30:00,79700,79700,79700,79700,3483,277590000,3459,0
214430,2026-01-08,09:05:00,80500,80600,79900,79900,2326,186890000,902,1424
214430,2026-01-08,09:10:00,80000,81300,79800,80900,3037,245450000,2245,792
214430,2026-01-08,09:15:00,80800,81000,80200,80700,1982,159560000,1555,427
214430,2026-01-08,09:20:00,80700,81200,80600,81100,1347,109000000,734,613
214430,2026-01-08,09:25:00,81100,81900,81000,81600,3188,259900000,1424,1764
214430,2026-01-08,09:30:00,81600,81800,81000,81800,741,60300000,266,475
214430,2026-01-08,09:35:00,81700,82100,80900,81400,3295,268840000,1581,1714
214430,2026-01-08,09:40:00,81400,81400,80700,81200,943,76320000,119,824
214430,2026-01-08,09:45:00,80900,82300,80900,82300,2005,164250000,1357,648
214430,2026-01-08,09:50:00,82300,82400,81700,82100,1734,142270000,673,1061
214430,2026-01-08,09:55:00,82000,82300,81900,82200,679,55690000,277,402
214430,2026-01-08,10:00:00,82200,82200,81900,81900,935,76690000,129,806
214430,2026-01-08,10:05:00,82000,82000,81400,81500,1701,138910000,84,1617
214430,2026-01-08,10:10:00,81500,81700,81100,81600,987,80260000,458,529
214430,2026-01-08,10:15:00,81700,81900,81500,81500,483,39470000,377,106
214430,2026-01-08,10:20:00,81700,81800,81500,81700,292,23840000,182,110
214430,2026-01-08,10:25:00,81600,81600,81300,81500,502,40890000,97,405
214430,2026-01-08,10:30:00,81500,82200,81500,82000,1202,98500000,1095,107
214430,2026-01-08,10:35:00,82000,82400,81900,82300,1302,106940000,956,346
214430,2026-01-08,10:40:00,82400,82900,82400,82900,873,72180000,798,75
214430,2026-01-08,10:45:00,82800,83100,82700,83100,1739,144290000,1630,109
214430,2026-01-08,10:50:00,83100,83200,83000,83200,1351,112300000,1287,64
214430,2026-01-08,10:55:00,83200,83400,82800,82900,870,72380000,629,241
214430,2026-01-08,11:00:00,82900,83900,82900,83900,2046,170860000,1468,578
214430,2026-01-08,11:05:00,83800,84000,83000,83000,2199,184010000,1007,1192
214430,2026-01-08,11:10:00,83500,84000,83000,83900,871,72920000,634,237
214430,2026-01-08,11:15:00,84000,84200,83700,83700,1342,112710000,935,407
214430,2026-01-08,11:20:00,83800,84400,83800,84300,1350,113580000,1119,231
214430,2026-01-08,11:25:00,84200,84200,83200,84000,1186,99300000,547,639
214430,2026-01-08,11:30:00,84000,84000,83500,83800,564,47310000,470,94
214430,2026-01-08,11:35:00,84000,84600,83900,84100,2814,237230000,2200,614
214430,2026-01-08,11:40:00,84100,84300,83700,84200,809,67950000,500,309
214430,2026-01-08,11:45:00,84100,84200,83700,83800,1909,160410000,1212,697
214430,2026-01-08,11:50:00,83800,84200,83700,84000,949,79590000,773,176
214430,2026-01-08,11:55:00,83900,84100,83300,83600,690,57780000,380,310
214430,2026-01-08,12:00:00,83500,83800,83300,83700,737,61590000,573,164
214430,2026-01-08,12:05:00,83700,84000,83600,83800,576,48250000,451,125
214430,2026-01-08,12:10:00,83800,83900,83500,83900,734,61440000,651,83
214430,2026-01-08,12:15:00,83900,84000,83600,84000,918,76890000,644,274
214430,2026-01-08,12:20:00,83900,84100,83500,83800,917,76850000,793,124
214430,2026-01-08,12:25:00,83800,83800,83500,83700,654,54690000,536,118
214430,2026-01-08,12:30:00,83700,83700,83400,83700,516,43120000,392,124
214430,2026-01-08,12:35:00,83700,83800,83500,83600,606,50690000,488,118
214430,2026-01-08,12:40:00,83600,83800,83600,83700,478,40010000,436,42
214430,2026-01-08,12:45:00,83600,83900,83400,83900,1195,99980000,761,434
214430,2026-01-08,12:50:00,83800,83900,83700,83800,451,37800000,432,19
214430,2026-01-08,12:55:00,83800,84900,83800,84500,6630,560240000,6491,139
214430,2026-01-08,13:00:00,84500,85000,84300,84600,3207,272040000,2892,315
214430,2026-01-08,13:05:00,84500,84600,84100,84200,1720,145010000,1022,698
214430,2026-01-08,13:10:00,84200,84400,84000,84300,1148,96670000,998,150
214430,2026-01-08,13:15:00,84300,84700,84200,84500,1057,89230000,950,107
214430,2026-01-08,13:20:00,84500,84600,84200,84400,516,43550000,439,77
214430,2026-01-08,13:25:00,84400,84500,84100,84300,617,51980000,485,132
214430,2026-01-08,13:30:00,84300,85000,84000,84800,2535,214640000,2099,436
214430,2026-01-08,13:35:00,84500,84900,84500,84700,999,84610000,740,259
214430,2026-01-08,13:40:00,84800,85000,84600,85000,2674,226960000,2222,452
214430,2026-01-08,13:45:00,85000,85300,84900,85200,2168,184460000,1967,201
214430,2026-01-08,13:50:00,85200,85400,85000,85300,1300,110700000,802,498
214430,2026-01-08,13:55:00,85300,85700,85100,85700,2771,236730000,2442,329
214430,2026-01-08,14:00:00,85700,86000,85400,86000,2527,216720000,1972,555
214430,2026-01-08,14:05:00,86000,86700,85900,86700,3369,290820000,2529,840
214430,2026-01-08,14:10:00,86600,88000,86600,87200,7543,658460000,4830,2713
214430,2026-01-08,14:15:00,87400,87900,87100,87900,2851,249550000,1897,954
214430,2026-01-08,14:20:00,87900,87900,87200,87800,2054,180050000,1351,703
214430,2026-01-08,14:25:00,87500,88000,87400,87900,2144,188340000,1570,574
214430,2026-01-08,14:30:00,87900,87900,87300,87700,2091,183120000,1047,1044
214430,2026-01-08,14:35:00,87800,88000,87000,87300,4991,436870000,2738,2253
214430,2026-01-08,14:40:00,87300,87900,86900,87600,1771,154770000,1388,383
214430,2026-01-08,14:45:00,87600,87900,87100,87500,1904,166830000,1424,480
214430,2026-01-08,14:50:00,87100,87600,87100,87400,1800,157350000,1301,499
214430,2026-01-08,14:55:00,87400,88000,87400,87600,3052,267660000,2625,427
214430,2026-01-08,15:00:00,87700,88000,87300,87800,2445,214660000,2042,403
214430,2026-01-08,15:05:00,87800,87900,87500,87600,2335,204870000,1055,1280
214430,2026-01-08,15:10:00,87600,87700,87200,87400,1535,134240000,1034,501
214430,2026-01-08,15:15:00,87400,87500,86900,87100,1956,170610000,721,1235
214430,2026-01-08,15:20:00,87100,87500,86500,87200,3602,313230000,1750,1852
214430,2026-01-08,15:30:00,86800,86800,86800,86800,2497,216730000,2483,0
214430,2026-01-09,09:05:00,87900,88300,85700,88200,6219,541740000,3507,2712
214430,2026-01-09,09:10:00,88400,89200,87900,88100,6422,567880000,2557,3865
214430,2026-01-09,09:15:00,88100,88100,86400,86900,2936,255830000,1276,1660
214430,2026-01-09,09:20:00,86900,88400,86900,88000,4128,360890000,1465,2663
214430,2026-01-09,09:25:00,87700,88000,85800,85900,4264,369480000,1707,2557
214430,2026-01-09,09:30:00,86000,87000,85900,86200,4142,357340000,2859,1283
214430,2026-01-09,09:35:00,86400,86600,85900,86100,1903,164100000,415,1488
214430,2026-01-09,09:40:00,86100,86300,85800,86000,2495,214570000,984,1511
214430,2026-01-09,09:45:00,86100,86400,85900,86200,537,46240000,169,368
214430,2026-01-09,09:50:00,86200,86200,85500,85900,2738,235200000,536,2202
214430,2026-01-09,09:55:00,85800,85900,85600,85600,1603,137430000,289,1314
214430,2026-01-09,10:00:00,85700,85900,85500,85600,1160,99370000,564,596
214430,2026-01-09,10:05:00,85600,85600,84800,84900,2389,203580000,487,1902
214430,2026-01-09,10:10:00,84900,85400,84900,85200,1554,132360000,885,669
214430,2026-01-09,10:15:00,85300,85300,84700,84700,2191,186390000,757,1434
214430,2026-01-09,10:20:00,84700,85000,84100,84200,2381,201110000,391,1990
214430,2026-01-09,10:25:00,84200,84400,84100,84200,413,34790000,151,262
214430,2026-01-09,10:30:00,84200,84200,84000,84000,749,62970000,83,666
214430,2026-01-09,10:35:00,84100,84200,83400,83400,1396,117000000,295,1101
214430,2026-01-09,10:40:00,83600,83900,83400,83500,1108,92650000,604,504
214430,2026-01-09,10:45:00,83600,83700,83500,83600,434,36260000,190,244
214430,2026-01-09,10:50:00,83500,83900,83400,83900,624,52150000,222,402
214430,2026-01-09,10:55:00,83900,84400,83800,84200,515,43320000,291,224
214430,2026-01-09,11:00:00,84400,84500,83900,84400,2425,204640000,2012,413
214430,2026-01-09,11:05:00,84400,84800,84400,84600,1066,90150000,880,186
214430,2026-01-09,11:10:00,84600,84600,84400,84500,461,38960000,313,148
214430,2026-01-09,11:15:00,84500,85400,84500,85400,738,62510000,681,57
214430,2026-01-09,11:20:00,85400,85400,85100,85400,926,78940000,462,464
214430,2026-01-09,11:25:00,85400,85500,85100,85100,545,46470000,237,308
214430,2026-01-09,11:30:00,85200,85500,85100,85400,722,61530000,409,313
214430,2026-01-09,11:35:00,85300,85400,85100,85400,678,57850000,501,177
214430,2026-01-09,11:40:00,85400,86600,85400,86600,2717,233770000,1981,736
214430,2026-01-09,11:45:00,86500,86600,86000,86400,1080,93130000,730,350
214430,2026-01-09,11:50:00,86400,86500,86100,86300,668,57670000,355,313
214430,2026-01-09,11:55:00,86300,86500,86200,86400,606,52330000,538,68
214430,2026-01-09,12:00:00,86300,86400,86000,86200,2049,176710000,353,1696
214430,2026-01-09,12:05:00,86200,86500,86000,86500,696,60060000,636,60
214430,2026-01-09,12:10:00,86500,86700,86300,86700,804,69580000,729,75
214430,2026-01-09,12:15:00,86700,86800,86500,86500,602,52180000,418,184
214430,2026-01-09,12:20:00,86500,86600,86300,86300,341,29470000,125,216
214430,2026-01-09,12:25:00,86300,86400,86200,86200,441,38030000,278,163
214430,2026-01-09,12:30:00,86200,86300,86100,86200,387,33350000,327,60
214430,2026-01-09,12:35:00,86200,87500,86200,87500,3189,277220000,2371,818
214430,2026-01-09,12:40:00,87400,87600,87200,87300,367,32100000,216,151
214430,2026-01-09,12:45:00,87200,87300,87100,87200,400,34890000,256,144
214430,2026-01-09,12:50:00,87200,87400,87100,87400,489,42700000,435,54
214430,2026-01-09,12:55:00,87400,87400,87200,87200,387,33810000,249,138
214430,2026-01-09,13:00:00,87300,87700,87200,87600,1025,89620000,852,173
214430,2026-01-09,13:05:00,87600,89600,87600,89400,6832,606290000,5315,1517
214430,2026-01-09,13:10:00,89500,89700,88600,88600,2346,209390000,1244,1102
214430,2026-01-09,13:15:00,88700,89000,88600,88600,1569,139360000,1111,458
214430,2026-01-09,13:20:00,88700,88900,88300,88800,1927,170600000,1312,615
214430,2026-01-09,13:25:00,88700,89100,88500,89100,1886,167380000,1447,439
214430,2026-01-09,13:30:00,89100,90300,88900,90200,5169,463970000,4718,451
214430,2026-01-09,13:35:00,90200,90900,89700,90700,5309,479600000,3767,1542
214430,2026-01-09,13:40:00,90500,91000,90300,90900,5469,495340000,2793,2676
214430,2026-01-09,13:45:00,90700,91000,90300,90700,3570,323920000,2028,1542
214430,2026-01-09,13:50:00,90800,90900,90300,90500,4057,367380000,2087,1970
214430,2026-01-09,13:55:00,90500,90600,89900,90400,3776,340760000,2078,1698
214430,2026-01-09,14:00:00,90500,91000,90400,90800,3280,297600000,2618,662
214430,2026-01-09,14:05:00,90800,91000,90600,90700,3395,308320000,2122,1273
214430,2026-01-09,14:10:00,90600,91000,90400,90700,3018,274170000,2524,494
214430,2026-01-09,14:15:00,90900,90900,90400,90800,2531,229690000,1732,799
214430,2026-01-09,14:20:00,90700,90800,90200,90500,3008,272280000,1573,1435
214430,2026-01-09,14:25:00,90500,90700,90100,90500,2390,216330000,1610,780
214430,2026-01-09,14:30:00,90400,90700,90200,90200,2537,229500000,1533,1004
214430,2026-01-09,14:35:00,90200,90500,89800,90500,2781,250580000,1374,1407
214430,2026-01-09,14:40:00,90300,90600,90100,90400,2548,230440000,1921,627
214430,2026-01-09,14:45:00,90400,90800,90200,90700,2510,227170000,1983,527
214430,2026-01-09,14:50:00,90700,90800,90100,90400,3734,337790000,2106,1628
214430,2026-01-09,14:55:00,90300,90400,89400,90000,3005,269700000,1767,1238
214430,2026-01-09,15:00:00,89900,90400,89700,90400,1715,154530000,1258,457
214430,2026-01-09,15:05:00,90400,90700,90000,90400,2422,218860000,1621,801
214430,2026-01-09,15:10:00,90500,90700,90200,90200,1660,150270000,1123,537
214430,2026-01-09,15:15:00,90300,90700,90200,90400,2536,229350000,1687,849
214430,2026-01-09,15:20:00,90400,90700,90200,90700,3119,282120000,2235,884
214430,2026-01-09,15:30:00,91000,91000,91000,91000,6494,590950000,6461,0
214430,2026-01-12,09:05:00,96100,96200,93400,96200,12225,1161720000,4746,7479
214430,2026-01-12,09:10:00,96100,97700,95300,97300,10370,1000080000,4378,5992
214430,2026-01-12,09:15:00,97300,97300,94300,95100,8005,764320000,2677,5328
214430,2026-01-12,09:20:00,95400,95400,94200,94200,6323,598600000,2506,3817
214430,2026-01-12,09:25:00,94200,94500,93300,94500,3893,365730000,1642,2251
214430,2026-01-12,09:30:00,94100,96100,94100,94500,5871,559800000,2193,3678
214430,2026-01-12,09:35:00,94500,95500,94300,95200,2090,198150000,1116,974
214430,2026-01-12,09:40:00,95300,97000,94800,96500,11812,1136690000,3179,8633
214430,2026-01-12,09:45:00,96500,97000,96000,96000,2678,258720000,1693,985
214430,2026-01-12,09:50:00,96000,96550,95900,96500,1134,109060000,907,227
214430,2026-01-12,09:55:00,96500,97300,96400,97300,2634,255130000,2370,264
214430,2026-01-12,10:00:00,97300,97400,96700,96900,1996,193740000,1020,976
214430,2026-01-12,10:05:00,96850,96850,96300,96600,1942,187420000,619,1323
214430,2026-01-12,10:10:00,96500,96600,96000,96100,1990,191410000,418,1572
214430,2026-01-12,10:15:00,96100,96600,96000,96400,852,81950000,628,224
214430,2026-01-12,10:20:00,96300,96500,96100,96400,5907,568450000,2109,3798
214430,2026-01-12,10:25:00,96300,96600,96200,96400,881,84870000,461,420
214430,2026-01-12,10:30:00,96300,97800,96100,97700,3434,333380000,2982,452
214430,2026-01-12,10:35:00,97700,97800,97200,97400,2209,215270000,791,1418
214430,2026-01-12,10:40:00,97400,97500,97300,97400,924,90000000,665,259
214430,2026-01-12,10:45:00,97400,97500,97200,97300,1063,103510000,781,282
214430,2026-01-12,10:50:00,97400,97400,96700,97000,1217,118120000,418,799
214430,2026-01-12,10:55:00,97000,97000,96600,96600,728,70400000,404,324
214430,2026-01-12,11:00:00,96600,96900,96300,96300,1255,121170000,800,455
214430,2026-01-12,11:05:00,96300,97100,96200,96200,1258,121550000,660,598
214430,2026-01-12,11:10:00,96200,97000,96200,96900,602,58190000,423,179
214430,2026-01-12,11:15:00,96900,96900,96600,96600,803,77700000,223,580
214430,2026-01-12,11:20:00,96800,96800,96200,96600,678,65500000,448,230
214430,2026-01-12,11:25:00,96600,96900,96600,96700,573,55420000,342,231
214430,2026-01-12,11:30:00,96700,96900,96500,96600,551,53270000,370,181
214430,2026-01-12,11:35:00,96600,96700,96400,96500,730,70500000,437,293
214430,2026-01-12,11:40:00,96600,96800,96600,96700,550,53150000,442,108
214430,2026-01-12,11:45:00,96700,97000,96500,97000,519,50250000,419,100
214430,2026-01-12,11:50:00,97000,97400,96700,96900,614,59530000,324,290
214430,2026-01-12,11:55:00,96900,97100,96700,97000,1113,107950000,941,172
214430,2026-01-12,12:00:00,96900,97300,96900,97300,1012,98310000,603,409
214430,2026-01-12,12:05:00,97000,97400,93000,96100,10370,990730000,913,9457
214430,2026-01-12,12:10:00,96000,96600,95700,96200,959,92310000,548,411
214430,2026-01-12,12:15:00,96300,96300,95400,95800,1179,112920000,542,637
214430,2026-01-12,12:20:00,95700,95900,95500,95500,1239,118590000,614,625
214430,2026-01-12,12:25:00,95600,96100,95500,96100,1072,102620000,723,349
214430,2026-01-12,12:30:00,96100,96400,96100,96100,639,61480000,366,273
214430,2026-01-12,12:35:00,96100,96400,96000,96100,1055,101440000,664,391
214430,2026-01-12,12:40:00,96300,96300,95900,96000,795,76430000,452,343
214430,2026-01-12,12:45:00,96200,96400,95400,95800,1117,107190000,534,583
214430,2026-01-12,12:50:00,95800,96100,95300,95400,786,75310000,393,393
214430,2026-01-12,12:55:00,95400,95500,94800,95000,1644,156430000,642,1002
214430,2026-01-12,13:00:00,95100,95100,94300,94500,1143,108420000,426,717
214430,2026-01-12,13:05:00,94500,95200,94200,95200,1530,145150000,1189,341
214430,2026-01-12,13:10:00,95300,95700,94400,95700,1479,140770000,878,601
214430,2026-01-12,13:15:00,95700,95700,94900,94900,1639,156220000,333,1306
214430,2026-01-12,13:20:00,95000,95000,93800,94500,3722,350500000,2150,1572
214430,2026-01-12,13:25:00,94500,94800,94200,94500,1104,104330000,735,369
214430,2026-01-12,13:30:00,94500,94500,93800,94000,2786,262270000,1874,912
214430,2026-01-12,13:35:00,94000,94600,94000,94600,1016,95710000,909,107
214430,2026-01-12,13:40:00,94700,94800,94400,94800,1364,129200000,1230,134
214430,2026-01-12,13:45:00,94700,94800,94500,94800,841,79720000,699,142
214430,2026-01-12,13:50:00,94800,94800,94300,94300,861,81470000,464,397
214430,2026-01-12,13:55:00,94400,94700,94400,94700,645,60980000,256,389
214430,2026-01-12,14:00:00,94700,94700,94300,94600,908,85860000,594,314
214430,2026-01-12,14:05:00,94600,94800,94500,94700,705,66790000,659,46
214430,2026-01-12,14:10:00,94700,94800,94600,94800,837,79250000,458,379
214430,2026-01-12,14:15:00,94800,94800,94700,94750,652,61790000,469,183
214430,2026-01-12,14:20:00,94750,94800,94600,94800,838,79390000,347,491
214430,2026-01-12,14:25:00,94800,94800,94700,94700,613,58080000,361,252
214430,2026-01-12,14:30:00,94700,94800,94200,94500,1054,99660000,462,592
214430,2026-01-12,14:35:00,94600,94600,94200,94500,688,64930000,308,380
214430,2026-01-12,14:40:00,94400,94500,94000,94300,976,91920000,375,601
214430,2026-01-12,14:45:00,94300,94600,93600,93700,1593,149940000,661,932
214430,2026-01-12,14:50:00,93700,94500,93200,94100,2244,209980000,1092,1152
214430,2026-01-12,14:55:00,94100,94200,93300,94100,651,61220000,327,324
214430,2026-01-12,15:00:00,94100,94500,93100,94400,1808,169940000,1111,697
214430,2026-01-12,15:05:00,94400,94700,94000,94100,755,71200000,597,158
214430,2026-01-12,15:10:00,94100,94400,94000,94400,1255,118280000,956,299
214430,2026-01-12,15:15:00,94400,94600,94100,94500,1330,125540000,896,434
214430,2026-01-12,15:20:00,94500,95700,94400,95000,2714,257280000,2340,374
214430,2026-01-12,15:30:00,95000,95000,95000,95000,1503,142780000,1482,0
214430,2026-01-13,09:05:00,95400,96000,93300,93600,3564,336120000,1208,2356
214430,2026-01-13,09:10:00,93600,94300,93000,94000,2164,201900000,923,1241
214430,2026-01-13,09:15:00,94000,95000,94000,94400,963,90880000,332,631
214430,2026-01-13,09:20:00,94200,94800,94000,94600,979,92450000,554,425
214430,2026-01-13,09:25:00,94600,94600,93900,94100,526,49480000,162,364
214430,2026-01-13,09:30:00,94300,94900,94300,94600,1157,109600000,785,372
214430,2026-01-13,09:35:00,94600,94700,93800,93900,1569,147570000,435,1134
214430,2026-01-13,09:40:00,93900,93900,93300,93400,1082,101310000,182,900
214430,2026-01-13,09:45:00,93300,93600,93300,93600,267,24950000,67,200
214430,2026-01-13,09:50:00,93600,94700,93300,94700,854,80090000,753,101
214430,2026-01-13,09:55:00,94400,94800,93600,93900,1175,111070000,418,757
214430,2026-01-13,10:00:00,94300,94300,94000,94000,391,36770000,167,224
214430,2026-01-13,10:05:00,94000,94000,93300,93500,1361,127310000,338,1023
214430,2026-01-13,10:10:00,93500,94000,93400,93800,246,23000000,78,168
214430,2026-01-13,10:15:00,93800,94500,93800,94500,1147,107780000,1039,108
214430,2026-01-13,10:20:00,94500,94500,93800,94100,503,47290000,79,424
214430,2026-01-13,10:25:00,94000,94700,93800,94700,478,45190000,384,94
214430,2026-01-13,10:30:00,94700,94800,94200,94200,1090,103070000,156,934
214430,2026-01-13,10:35:00,94300,94300,94000,94200,538,50620000,231,307
214430,2026-01-13,10:40:00,94100,94100,93800,93900,391,36740000,189,202
214430,2026-01-13,10:45:00,93900,93900,93700,93900,213,19980000,60,153
214430,2026-01-13,10:50:00,93800,93800,93700,93700,296,27740000,80,216
214430,2026-01-13,10:55:00,93700,94200,93700,94200,564,52900000,273,291
214430,2026-01-13,11:00:00,93800,93900,93700,93700,138,12950000,62,76
214430,2026-01-13,11:05:00,93700,93800,93300,93300,1140,106630000,60,1080
214430,2026-01-13,11:10:00,93300,93600,93200,93600,261,24360000,67,194
214430,2026-01-13,11:15:00,93400,93800,93400,93700,128,11980000,109,19
214430,2026-01-13,11:20:00,93700,93700,93300,93500,323,30160000,131,192
214430,2026-01-13,11:25:00,93500,93700,93400,93600,176,16470000,133,43
214430,2026-01-13,11:30:00,93600,93800,93500,93600,202,18920000,112,90
214430,2026-01-13,11:35:00,93700,93900,93600,93700,250,23440000,98,152
214430,2026-01-13,11:40:00,93700,93900,93700,93900,132,12380000,60,72
214430,2026-01-13,11:45:00,93900,93900,93600,93600,118,11070000,61,57
214430,2026-01-13,11:50:00,93800,93900,93600,93900,505,47380000,456,49
214430,2026-01-13,11:55:00,93900,93900,93600,93700,160,15000000,44,116
214430,2026-01-13,12:00:00,93800,94000,93500,93500,273,25590000,49,224
214430,2026-01-13,12:05:00,93500,93900,93500,93700,201,18840000,59,142
214430,2026-01-13,12:10:00,93700,94000,93600,93600,154,14450000,69,85
214430,2026-01-13,12:15:00,93600,94000,93600,94000,85,7980000,59,26
214430,2026-01-13,12:20:00,94000,94200,94000,94000,141,13270000,50,91
214430,2026-01-13,12:25:00,94000,94100,93900,94100,288,27070000,82,206
214430,2026-01-13,12:30:00,94100,94200,94100,94100,60,5650000,46,14
214430,2026-01-13,12:35:00,94100,94200,93800,93800,642,60360000,66,576
214430,2026-01-13,12:40:00,93700,93900,93500,93700,639,59870000,198,441
214430,2026-01-13,12:45:00,93800,94100,93600,93600,222,20810000,106,116
214430,2026-01-13,12:50:00,93700,93800,93400,93500,597,55850000,76,521
214430,2026-01-13,12:55:00,93500,93700,93400,93500,290,27150000,133,157
214430,2026-01-13,13:00:00,93500,93600,93300,93400,505,47160000,96,409
214430,2026-01-13,13:05:00,93300,93500,93300,93500,134,12520000,103,31
214430,2026-01-13,13:10:00,93500,93800,92800,92800,2050,190870000,189,1861
214430,2026-01-13,13:15:00,92800,93000,92800,93000,674,62620000,353,321
214430,2026-01-13,13:20:00,93000,93000,92700,92700,977,90710000,255,722
214430,2026-01-13,13:25:00,92700,92800,92400,92700,3868,357840000,3003,865
214430,2026-01-13,13:30:00,92700,93200,92500,93200,1603,148910000,1209,394
214430,2026-01-13,13:35:00,93000,93200,92900,92900,689,64110000,477,212
214430,2026-01-13,13:40:00,93000,93300,93000,93200,741,68990000,573,168
214430,2026-01-13,13:45:00,93200,93300,93000,93200,710,66150000,410,300
214430,2026-01-13,13:50:00,93200,93700,93100,93700,734,68500000,469,265
214430,2026-01-13,13:55:00,93700,93800,93400,93700,812,76020000,469,343
214430,2026-01-13,14:00:00,93700,94000,93600,93800,870,81650000,717,153
214430,2026-01-13,14:05:00,93700,93800,93600,93600,588,55100000,153,435
214430,2026-01-13,14:10:00,93700,93800,93400,93500,716,67000000,529,187
214430,2026-01-13,14:15:00,93600,94000,93600,94000,765,71830000,638,127
214430,2026-01-13,14:20:00,94000,94200,93800,93900,781,73430000,414,367
214430,2026-01-13,14:25:00,93900,94100,93800,94000,776,72900000,367,409
214430,2026-01-13,14:30:00,93900,94100,93800,93900,627,58900000,276,351
214430,2026-01-13,14:35:00,94000,94100,93800,94000,605,56860000,408,197
214430,2026-01-13,14:40:00,94000,94100,93800,94000,765,71830000,340,425
214430,2026-01-13,14:45:00,94000,94300,93900,94300,647,60900000,488,159
214430,2026-01-13,14:50:00,94100,94700,94100,94600,853,80640000,787,66
214430,2026-01-13,14:55:00,94600,94700,94200,94300,620,58580000,271,349
214430,2026-01-13,15:00:00,94300,94500,94300,94500,259,24440000,109,150
214430,2026-01-13,15:05:00,94400,94500,94000,94000,715,67350000,337,378
214430,2026-01-13,15:10:00,94000,94000,93900,94000,351,32990000,137,214
214430,2026-01-13,15:15:00,94000,94200,93800,94000,2091,196360000,449,1642
214430,2026-01-13,15:20:00,94000,94400,93800,94400,1218,114450000,569,649
214430,2026-01-13,15:30:00,94500,94500,94500,94500,2407,227460000,1918,0
214430,2026-01-14,09:05:00,96500,96500,94900,95000,5537,529550000,1594,3895
214430,2026-01-14,09:10:00,95000,95100,94100,94600,2072,195700000,487,1585
214430,2026-01-14,09:15:00,94600,96300,94600,96300,1960,187010000,1625,335
214430,2026-01-14,09:20:00,96400,96700,95600,96700,2017,194080000,885,1132
214430,2026-01-14,09:25:00,96700,98500,95800,98500,5714,557590000,4847,867
214430,2026-01-14,09:30:00,98400,99200,97800,99000,6452,635530000,3835,2617
214430,2026-01-14,09:35:00,99000,100200,97300,97500,5420,538190000,3173,2247
214430,2026-01-14,09:40:00,97600,97700,97100,97500,1891,184070000,789,1102
214430,2026-01-14,09:45:00,97600,97900,97200,97300,2491,242560000,1039,1452
214430,2026-01-14,09:50:00,97200,97800,97100,97800,1125,109430000,369,756
214430,2026-01-14,09:55:00,97600,98500,97500,98000,1091,106940000,850,241
214430,2026-01-14,10:00:00,98000,98000,97300,97400,809,78870000,166,643
214430,2026-01-14,10:05:00,97400,97400,96800,96900,1174,113910000,362,812
214430,2026-01-14,10:10:00,96900,97200,96600,96700,999,96740000,384,615
214430,2026-01-14,10:15:00,96600,97250,96300,96800,1771,170990000,675,1096
214430,2026-01-14,10:20:00,96800,97300,96500,96600,706,68340000,277,429
214430,2026-01-14,10:25:00,96600,96900,96500,96600,750,72480000,253,497
214430,2026-01-14,10:30:00,96600,96900,96500,96700,785,75860000,623,162
214430,2026-01-14,10:35:00,96700,96800,96200,96600,1732,167170000,610,1122
214430,2026-01-14,10:40:00,96600,96900,96400,96400,792,76550000,183,609
214430,2026-01-14,10:45:00,96300,96500,96000,96200,1236,118900000,449,787
214430,2026-01-14,10:50:00,96300,96400,95300,95500,1481,141960000,414,1067
214430,2026-01-14,10:55:00,95200,95500,94800,95500,1911,181890000,821,1090
214430,2026-01-14,11:00:00,95500,96100,95400,96100,1220,116670000,540,680
214430,2026-01-14,11:05:00,96000,96100,95400,95400,933,89320000,594,339
214430,2026-01-14,11:10:00,95400,96000,95100,95600,3186,303540000,2346,840
214430,2026-01-14,11:15:00,95600,95600,95200,95200,812,77430000,252,560
214430,2026-01-14,11:20:00,95200,95300,95000,95100,926,88080000,280,646
214430,2026-01-14,11:25:00,95100,95500,95000,95000,937,89160000,118,819
214430,2026-01-14,11:30:00,95100,95250,94700,94900,3023,286700000,799,2224
214430,2026-01-14,11:35:00,94900,95000,94700,94900,557,52820000,270,287
214430,2026-01-14,11:40:00,94900,94900,94400,94500,2541,240140000,504,2037
214430,2026-01-14,11:45:00,94600,94800,94400,94500,1208,114330000,851,357
214430,2026-01-14,11:50:00,94500,94600,94400,94500,584,55200000,285,299
214430,2026-01-14,11:55:00,94500,94700,94500,94600,665,62880000,513,152
214430,2026-01-14,12:00:00,94500,94800,94000,94300,1988,187490000,1059,929
214430,2026-01-14,12:05:00,94200,94700,94000,94600,590,55690000,205,385
214430,2026-01-14,12:10:00,94600,94800,94500,94800,432,40880000,229,203
214430,2026-01-14,12:15:00,94700,94900,94600,94900,286,27120000,163,123
214430,2026-01-14,12:20:00,94800,94900,94600,94700,437,41420000,246,191
214430,2026-01-14,12:25:00,94700,94900,94600,94900,1089,103180000,658,431
214430,2026-01-14,12:30:00,94900,95000,94500,94600,1834,173960000,786,1048
214430,2026-01-14,12:35:00,94800,95000,94700,94900,295,28000000,121,174
214430,2026-01-14,12:40:00,95000,95000,94900,94900,1600,151990000,1552,48
214430,2026-01-14,12:45:00,95000,95500,94950,95300,1840,175170000,1308,532
214430,2026-01-14,12:50:00,95300,95600,95100,95200,1564,149190000,863,701
214430,2026-01-14,12:55:00,95200,95600,95200,95600,1472,140480000,821,651
214430,2026-01-14,13:00:00,95500,95600,95400,95500,475,45350000,236,239
214430,2026-01-14,13:05:00,95500,95700,94900,95000,1335,127040000,251,1084
214430,2026-01-14,13:10:00,95000,95400,94900,95300,636,60470000,437,199
214430,2026-01-14,13:15:00,95300,95300,95000,95100,260,24750000,131,129
214430,2026-01-14,13:20:00,95000,95200,94900,95200,518,49210000,485,33
214430,2026-01-14,13:25:00,95300,95400,94900,95300,702,66820000,69,633
214430,2026-01-14,13:30:00,95300,95300,94800,95000,783,74350000,458,325
214430,2026-01-14,13:35:00,94900,95400,94500,95200,1865,176720000,852,1013
214430,2026-01-14,13:40:00,94900,95300,94900,95300,414,39360000,192,222
214430,2026-01-14,13:45:00,95200,95200,94900,95100,751,71360000,169,582
214430,2026-01-14,13:50:00,95200,95400,95100,95300,393,37440000,192,201
214430,2026-01-14,13:55:00,95400,95400,95300,95300,295,28130000,114,181
214430,2026-01-14,14:00:00,95300,95500,95200,95400,531,50620000,273,258
214430,2026-01-14,14:05:00,95400,95600,95300,95600,444,42390000,241,203
214430,2026-01-14,14:10:00,95500,95800,95400,95800,271,25940000,102,169
214430,2026-01-14,14:15:00,95800,95800,94700,94800,1275,121260000,203,1072
214430,2026-01-14,14:20:00,94800,95000,94500,94700,803,76050000,543,260
214430,2026-01-14,14:25:00,94700,94800,94500,94700,450,42630000,243,207
214430,2026-01-14,14:30:00,94800,94800,94300,94500,728,68840000,73,655
214430,2026-01-14,14:35:00,94500,94700,94400,94600,922,87250000,646,276
214430,2026-01-14,14:40:00,94600,94700,94500,94700,326,30850000,307,19
214430,2026-01-14,14:45:00,94700,94700,94600,94700,416,39390000,334,82
214430,2026-01-14,14:50:00,94700,94700,94500,94700,522,49420000,396,126
214430,2026-01-14,14:55:00,94700,94900,94600,94800,524,49620000,285,239
214430,2026-01-14,15:00:00,94800,95000,94800,95000,334,31700000,151,183
214430,2026-01-14,15:05:00,94900,95000,94800,94900,499,47340000,170,329
214430,2026-01-14,15:10:00,94900,94900,94600,94600,362,34280000,82,280
214430,2026-01-14,15:15:00,94600,94700,94500,94500,391,36970000,50,341
214430,2026-01-14,15:20:00,94600,94900,94500,94800,597,56560000,240,357
214430,2026-01-14,15:30:00,94200,94200,94200,94200,1738,163710000,1736,0
214430,2026-01-15,09:05:00,95800,95800,93100,93200,2145,202160000,314,1831
214430,2026-01-15,09:10:00,93200,94500,93100,93300,1368,127990000,415,953
214430,2026-01-15,09:15:00,93300,93400,92600,93400,1318,122610000,598,720
214430,2026-01-15,09:20:00,93900,94100,93200,93200,502,47020000,186,316
214430,2026-01-15,09:25:00,93500,94100,93500,93800,546,51190000,253,293
214430,2026-01-15,09:30:00,93800,93800,92500,92900,2112,196240000,767,1345
214430,2026-01-15,09:35:00,92800,94000,92800,93500,830,77560000,356,474
214430,2026-01-15,09:40:00,93400,94100,93400,93600,1102,103280000,450,652
214430,2026-01-15,09:45:00,93900,94500,93500,93800,848,79620000,613,235
214430,2026-01-15,09:50:00,93700,93800,93300,93400,1188,111050000,352,836
214430,2026-01-15,09:55:00,93400,94200,93100,93300,882,82310000,579,303
214430,2026-01-15,10:00:00,93400,93700,93300,93700,753,70380000,317,436
214430,2026-01-15,10:05:00,93700,93700,93200,93300,546,51000000,188,358
214430,2026-01-15,10:10:00,93200,93500,93000,93100,1440,134180000,418,1022
214430,2026-01-15,10:15:00,93100,93100,92700,92900,1463,135860000,748,715
214430,2026-01-15,10:20:00,92900,93000,92400,92500,5279,488680000,3595,1684
214430,2026-01-15,10:25:00,92500,92800,92300,92600,3440,318200000,3265,175
214430,2026-01-15,10:30:00,92600,92600,92000,92400,1491,137380000,697,794
214430,2026-01-15,10:35:00,92000,92400,91800,92100,828,76280000,435,393
214430,2026-01-15,10:40:00,92200,92400,91800,92100,2176,200330000,823,1353
214430,2026-01-15,10:45:00,92100,93000,91900,92600,2089,193950000,1782,307
214430,2026-01-15,10:50:00,92800,93200,92700,92900,2402,223380000,1847,555
214430,2026-01-15,10:55:00,93000,93000,92700,92800,485,45070000,292,193
214430,2026-01-15,11:00:00,92700,93300,92700,93000,982,91160000,887,95
214430,2026-01-15,11:05:00,92900,93300,92800,92900,2852,264980000,2491,361
214430,2026-01-15,11:10:00,93000,93100,92800,92900,472,43850000,331,141
214430,2026-01-15,11:15:00,92900,92900,92700,92700,323,29970000,161,162
214430,2026-01-15,11:20:00,92800,92900,92500,92700,458,42440000,161,297
214430,2026-01-15,11:25:00,92700,93000,92700,92800,1049,97300000,685,364
214430,2026-01-15,11:30:00,92700,93200,92700,93000,2564,238330000,2100,464
214430,2026-01-15,11:35:00,92900,93300,92600,92600,746,69400000,464,282
214430,2026-01-15,11:40:00,92700,93000,92700,92900,450,41760000,403,47
214430,2026-01-15,11:45:00,92900,92900,92500,92800,679,62930000,295,384
214430,2026-01-15,11:50:00,92700,93100,92700,92800,1302,121030000,1230,72
214430,2026-01-15,11:55:00,92900,93100,92900,92900,979,91000000,569,410
214430,2026-01-15,12:00:00,92900,93100,92900,93100,703,65380000,476,227
214430,2026-01-15,12:05:00,93000,93000,92900,92900,364,33830000,119,245
214430,2026-01-15,12:10:00,92950,93000,92900,92900,441,40980000,149,292
214430,2026-01-15,12:15:00,92900,93000,92800,92900,348,32320000,181,167
214430,2026-01-15,12:20:00,92900,93000,92700,92700,272,25250000,142,130
214430,2026-01-15,12:25:00,92700,93000,92700,92800,172,15970000,118,54
214430,2026-01-15,12:30:00,92900,92900,92700,92800,240,22260000,180,60
214430,2026-01-15,12:35:00,92900,92900,92700,92800,232,21530000,133,99
214430,2026-01-15,12:40:00,92800,92900,92300,92700,1220,112850000,259,961
214430,2026-01-15,12:45:00,92600,92800,92600,92800,306,28360000,218,88
214430,2026-01-15,12:50:00,92900,92900,92400,92700,824,76330000,452,372
214430,2026-01-15,12:55:00,92800,92800,92300,92600,339,31370000,119,220
214430,2026-01-15,13:00:00,92600,92700,92200,92200,473,43690000,113,360
214430,2026-01-15,13:05:00,92600,92800,92200,92800,589,54550000,377,212
214430,2026-01-15,13:10:00,92700,93300,92700,93300,1898,176560000,1764,134
214430,2026-01-15,13:15:00,93300,93600,93300,93400,557,52030000,466,91
214430,2026-01-15,13:20:00,93400,93400,92800,92800,362,33690000,76,286
214430,2026-01-15,13:25:00,92800,93300,92700,93300,370,34430000,225,145
214430,2026-01-15,13:30:00,93400,93700,93300,93300,921,86150000,334,587
214430,2026-01-15,13:35:00,93300,93400,93100,93200,402,37490000,173,229
214430,2026-01-15,13:40:00,93400,94300,93300,94200,2219,208550000,2011,208
214430,2026-01-15,13:45:00,94100,94200,93500,93500,1414,132630000,1042,372
214430,2026-01-15,13:50:00,93500,94200,93200,93800,819,76680000,314,505
214430,2026-01-15,13:55:00,93800,94200,93800,94000,254,23860000,161,93
214430,2026-01-15,14:00:00,94000,94000,93500,93800,722,67690000,199,523
214430,2026-01-15,14:05:00,93800,94300,93800,93900,267,25070000,53,214
214430,2026-01-15,14:10:00,93900,94300,93600,93900,367,34460000,167,200
214430,2026-01-15,14:15:00,93800,94300,93800,94000,289,27150000,141,148
214430,2026-01-15,14:20:00,94000,94100,93900,94000,370,34770000,192,178
214430,2026-01-15,14:25:00,94000,94100,93900,94000,243,22840000,146,97
214430,2026-01-15,14:30:00,94000,94100,93800,93900,291,27340000,127,164
214430,2026-01-15,14:35:00,93900,94200,93800,94100,228,21440000,75,153
214430,2026-01-15,14:40:00,94000,94000,93900,93900,342,32130000,162,180
214430,2026-01-15,14:45:00,93900,94000,93800,94000,697,65470000,324,373
214430,2026-01-15,14:50:00,93900,93900,93500,93600,892,83650000,253,639
214430,2026-01-15,14:55:00,93600,93700,93300,93400,975,91180000,439,536
214430,2026-01-15,15:00:00,93400,93400,92500,92600,4536,421010000,834,3702
214430,2026-01-15,15:05:00,92500,92800,92400,92650,850,78680000,614,236
214430,2026-01-15,15:10:00,92600,92700,92600,92600,699,64760000,292,407
214430,2026-01-15,15:15:00,92650,92700,92400,92500,859,79480000,265,594
214430,2026-01-15,15:20:00,92400,93900,92200,93200,1400,129510000,890,510
214430,2026-01-15,15:30:00,92700,92700,92700,92700,1699,157490000,1689,0
214430,2026-01-16,09:05:00,93000,93100,88600,89000,12385,1112800000,6339,6046
214430,2026-01-16,09:10:00,88700,89700,88500,89400,10923,970020000,8679,2244
214430,2026-01-16,09:15:00,89400,89400,88000,89100,4447,394640000,2279,2168
214430,2026-01-16,09:20:00,89000,89300,88500,89300,1900,168830000,973,927
214430,2026-01-16,09:25:00,89300,90100,89000,89300,1862,166650000,618,1244
214430,2026-01-16,09:30:00,89500,89800,88200,88200,5362,477670000,530,4832
214430,2026-01-16,09:35:00,88100,88400,88100,88200,1999,176460000,615,1384
214430,2026-01-16,09:40:00,88200,88200,87900,88100,2767,243570000,589,2178
214430,2026-01-16,09:45:00,88200,88200,87200,87500,4035,353710000,789,3246
214430,2026-01-16,09:50:00,87500,87500,87200,87300,2254,196990000,1565,689
214430,2026-01-16,09:55:00,87300,87500,86200,86500,5123,444380000,1944,3179
214430,2026-01-16,10:00:00,86500,86800,86200,86500,5354,462620000,3544,1810
214430,2026-01-16,10:05:00,86500,86600,86000,86000,3367,290420000,275,3092
214430,2026-01-16,10:10:00,86100,86200,85500,86100,5084,436510000,1403,3681
214430,2026-01-16,10:15:00,86000,86000,85400,85500,2832,242380000,754,2078
214430,2026-01-16,10:20:00,85500,85500,85100,85100,2071,176630000,545,1526
214430,2026-01-16,10:25:00,85200,85500,85000,85400,4258,362700000,2422,1836
214430,2026-01-16,10:30:00,85400,85500,84800,84900,4168,354270000,558,3610
214430,2026-01-16,10:35:00,85200,85900,84900,85800,1430,122280000,687,743
214430,2026-01-16,10:40:00,85900,86500,85700,86500,3891,335500000,3126,765
214430,2026-01-16,10:45:00,86400,87400,86200,87000,3049,264680000,2567,482
214430,2026-01-16,10:50:00,86900,87300,86700,86700,1203,104650000,377,826
214430,2026-01-16,10:55:00,87000,87000,86400,86800,681,59050000,93,588
214430,2026-01-16,11:00:00,86700,86700,86400,86600,347,30050000,75,272
214430,2026-01-16,11:05:00,86500,86600,86200,86500,969,83770000,140,829
214430,2026-01-16,11:10:00,86500,86800,86400,86500,276,23900000,147,129
214430,2026-01-16,11:15:00,86500,86500,86100,86100,628,54140000,153,475
214430,2026-01-16,11:20:00,86100,86800,86100,86500,222,19190000,41,181
214430,2026-01-16,11:25:00,86600,87000,86400,86800,310,26870000,106,204
214430,2026-01-16,11:30:00,86700,87000,86400,87000,793,68670000,95,698
214430,2026-01-16,11:35:00,87000,87000,86600,86600,308,26690000,57,251
214430,2026-01-16,11:40:00,86500,87200,86400,86500,496,43030000,200,296
214430,2026-01-16,11:45:00,86700,87000,86400,86400,495,42850000,17,478
214430,2026-01-16,11:50:00,86400,86600,86300,86500,746,64510000,25,721
214430,2026-01-16,11:55:00,86300,86500,86100,86400,262,22610000,19,243
214430,2026-01-16,12:00:00,86400,86500,86100,86400,748,64510000,32,716
214430,2026-01-16,12:05:00,86500,86500,85800,85800,1619,139270000,329,1290
214430,2026-01-16,12:10:00,85800,86500,85700,86400,854,73320000,336,518
214430,2026-01-16,12:15:00,86400,86400,86000,86100,205,17670000,51,154
214430,2026-01-16,12:20:00,86100,86400,85800,85800,436,37500000,50,386
214430,2026-01-16,12:25:00,85900,86500,85700,86500,356,30730000,175,181
214430,2026-01-16,12:30:00,86500,86700,86200,86200,133,11480000,40,93
214430,2026-01-16,12:35:00,86300,86800,86300,86500,345,29860000,190,155
214430,2026-01-16,12:40:00,86900,87100,86500,87100,1037,89980000,131,906
214430,2026-01-16,12:45:00,86800,87200,86600,87000,383,33280000,136,247
214430,2026-01-16,12:50:00,86800,87000,86200,86400,1229,106280000,235,994
214430,2026-01-16,12:55:00,86400,86400,86100,86100,637,54920000,89,548
214430,2026-01-16,13:00:00,86000,86400,85900,86300,544,46830000,130,414
214430,2026-01-16,13:05:00,86300,86500,86200,86300,231,19940000,54,177
214430,2026-01-16,13:10:00,86300,86500,85800,86100,417,35890000,79,338
214430,2026-01-16,13:15:00,86100,86400,85800,86000,568,48820000,44,524
214430,2026-01-16,13:20:00,85900,86300,85700,85900,931,79900000,141,790
214430,2026-01-16,13:25:00,86300,86300,86000,86000,184,15840000,37,147
214430,2026-01-16,13:30:00,86100,86400,86000,86200,486,41880000,252,234
214430,2026-01-16,13:35:00,86400,86400,85700,85750,919,78980000,56,863
214430,2026-01-16,13:40:00,85750,85800,85500,85500,1017,87100000,205,812
214430,2026-01-16,13:45:00,85600,85900,85600,85900,785,67250000,271,514
214430,2026-01-16,13:50:00,85900,86200,85100,85400,2911,248650000,517,2394
214430,2026-01-16,13:55:00,85400,86000,85400,85900,345,29580000,183,162
214430,2026-01-16,14:00:00,85900,86100,85500,85700,408,34960000,193,215
214430,2026-01-16,14:05:00,85700,86000,85500,85700,264,22610000,101,163
214430,2026-01-16,14:10:00,85700,86000,85600,85800,222,19050000,59,163
214430,2026-01-16,14:15:00,86000,86200,86000,86000,329,28310000,167,162
214430,2026-01-16,14:20:00,86100,86100,85600,85900,500,42940000,82,418
214430,2026-01-16,14:25:00,85800,86000,85700,85900,219,18800000,109,110
214430,2026-01-16,14:30:00,85800,85900,85400,85500,2339,200090000,1730,609
214430,2026-01-16,14:35:00,85400,85500,85200,85400,787,67180000,348,439
214430,2026-01-16,14:40:00,85300,85400,85300,85400,304,25960000,285,19
214430,2026-01-16,14:45:00,85400,85400,85200,85300,1065,90830000,407,658
214430,2026-01-16,14:50:00,85300,85400,85200,85400,413,35240000,198,215
214430,2026-01-16,14:55:00,85400,85600,85300,85500,637,54410000,380,257
214430,2026-01-16,15:00:00,85500,85600,85300,85400,579,49440000,116,463
214430,2026-01-16,15:05:00,85300,85500,85100,85300,1620,138030000,273,1347
214430,2026-01-16,15:10:00,85300,85600,85200,85200,420,35820000,302,118
214430,2026-01-16,15:15:00,85300,85700,85200,85500,511,43610000,303,208
214430,2026-01-16,15:20:00,85400,86800,85200,85200,3046,261020000,1515,1531
214430,2026-01-16,15:30:00,85300,85300,85300,85300,2030,173160000,2001,0
214430,2026-01-19,09:05:00,86000,86000,84400,84900,2481,210980000,796,1685
214430,2026-01-19,09:10:00,84700,84800,84000,84400,2980,251370000,698,2282
214430,2026-01-19,09:15:00,84400,84800,83300,83700,1757,147920000,726,1031
214430,2026-01-19,09:20:00,83800,84300,83600,83900,2142,179510000,1130,1012
214430,2026-01-19,09:25:00,83800,84100,83000,83400,5311,443100000,2538,2773
214430,2026-01-19,09:30:00,83400,84300,83400,84200,2341,196230000,1577,764
214430,2026-01-19,09:35:00,84200,84700,84000,84500,916,77210000,442,474
214430,2026-01-19,09:40:00,84700,84700,83950,84000,1570,132450000,325,1245
214430,2026-01-19,09:45:00,84100,84100,83700,83900,720,60370000,321,399
214430,2026-01-19,09:50:00,83800,83900,83500,83800,733,61380000,379,354
214430,2026-01-19,09:55:00,83900,84600,83700,84600,471,39530000,363,108
214430,2026-01-19,10:00:00,84500,85300,84400,84600,1149,97430000,735,414
214430,2026-01-19,10:05:00,84700,84900,83800,83800,1863,156660000,664,1199
214430,2026-01-19,10:10:00,84000,84000,83500,83700,1784,149240000,339,1445
214430,2026-01-19,10:15:00,83800,84300,83700,84200,766,64300000,523,243
214430,2026-01-19,10:20:00,84200,84400,84100,84300,865,72860000,474,391
214430,2026-01-19,10:25:00,84100,84200,83900,84200,1457,122390000,278,1179
214430,2026-01-19,10:30:00,84200,84200,84000,84200,654,55010000,374,280
214430,2026-01-19,10:35:00,84200,84300,83800,84000,1332,111930000,476,856
214430,2026-01-19,10:40:00,84000,84400,84000,84400,448,37710000,220,228
214430,2026-01-19,10:45:00,84400,85400,84400,85300,1266,107750000,1042,224
214430,2026-01-19,10:50:00,85500,85500,85200,85200,662,56510000,299,363
214430,2026-01-19,10:55:00,85300,85500,85200,85400,751,64100000,147,604
214430,2026-01-19,11:00:00,85400,85400,85100,85200,703,59970000,300,403
214430,2026-01-19,11:05:00,85200,85200,85000,85000,977,83100000,648,329
214430,2026-01-19,11:10:00,85000,85500,85000,85500,610,51940000,356,254
214430,2026-01-19,11:15:00,85400,85500,84600,84600,1953,166060000,68,1885
214430,2026-01-19,11:20:00,84500,85400,84500,84900,996,84290000,541,455
214430,2026-01-19,11:25:00,84800,84900,84700,84800,207,17550000,77,130
214430,2026-01-19,11:30:00,84800,84800,84700,84800,388,32890000,334,54
214430,2026-01-19,11:35:00,84800,85000,84800,84800,366,31060000,248,118
214430,2026-01-19,11:40:00,84800,84900,84700,84700,944,80030000,714,230
214430,2026-01-19,11:45:00,84700,84800,84600,84700,657,55640000,391,266
214430,2026-01-19,11:50:00,84800,84900,84400,84400,876,74080000,64,812
214430,2026-01-19,11:55:00,84400,84400,84100,84200,876,73810000,441,435
214430,2026-01-19,12:00:00,84200,84300,84200,84300,978,82420000,403,575
214430,2026-01-19,12:05:00,84300,84400,84200,84200,262,22090000,118,144
214430,2026-01-19,12:10:00,84300,84400,84100,84300,357,30070000,154,203
214430,2026-01-19,12:15:00,84200,84200,83900,83900,1084,91030000,448,636
214430,2026-01-19,12:20:00,84000,84000,83800,84000,245,20550000,169,76
214430,2026-01-19,12:25:00,83900,84000,83600,83900,1242,103930000,312,930
214430,2026-01-19,12:30:00,83900,83900,83700,83800,657,55020000,131,526
214430,2026-01-19,12:35:00,83800,83800,83600,83800,485,40590000,127,358
214430,2026-01-19,12:40:00,83800,84100,83700,83800,491,41160000,121,370
214430,2026-01-19,12:45:00,83700,84800,83700,84000,1468,123340000,1214,254
214430,2026-01-19,12:50:00,83900,84200,83900,84100,315,26460000,170,145
214430,2026-01-19,12:55:00,84100,84100,83800,83800,295,24760000,96,199
214430,2026-01-19,13:00:00,83700,84100,83700,83900,281,23570000,145,136
214430,2026-01-19,13:05:00,84100,84400,83900,84300,291,24500000,138,153
214430,2026-01-19,13:10:00,84400,84400,84200,84400,195,16450000,88,107
214430,2026-01-19,13:15:00,84500,84500,84100,84200,328,27660000,75,253
214430,2026-01-19,13:20:00,84100,84400,84100,84300,339,28540000,121,218
214430,2026-01-19,13:25:00,84300,84400,84300,84400,93,7850000,56,37
214430,2026-01-19,13:30:00,84400,84600,83600,83700,1969,165330000,401,1568
214430,2026-01-19,13:35:00,83700,84200,83600,84200,1510,126480000,943,567
214430,2026-01-19,13:40:00,84000,84200,83500,83600,1423,119030000,324,1099
214430,2026-01-19,13:45:00,83700,84200,83500,83500,648,54200000,157,491
214430,2026-01-19,13:50:00,83500,84200,83400,83900,1223,102270000,884,339
214430,2026-01-19,13:55:00,84000,84000,83800,84000,754,63230000,324,430
214430,2026-01-19,14:00:00,83900,83900,83400,83500,1399,117000000,300,1099
214430,2026-01-19,14:05:00,83500,83600,83300,83500,898,74920000,290,608
214430,2026-01-19,14:10:00,83500,83600,83200,83300,4158,346400000,2644,1514
214430,2026-01-19,14:15:00,83300,83300,83000,83100,3235,268910000,1308,1927
214430,2026-01-19,14:20:00,83100,83300,83100,83100,1071,89040000,279,792
214430,2026-01-19,14:25:00,83100,83100,82300,82300,6034,499570000,417,5617
214430,2026-01-19,14:30:00,82300,82500,81800,81900,3069,251680000,383,2686
214430,2026-01-19,14:35:00,82000,82200,81800,81800,2744,224740000,783,1961
214430,2026-01-19,14:40:00,82100,82300,81800,81900,2278,186730000,863,1415
214430,2026-01-19,14:45:00,82000,82200,81800,82100,2797,229110000,1510,1287
214430,2026-01-19,14:50:00,82100,82300,81800,82200,2330,191160000,1308,1022
214430,2026-01-19,14:55:00,82100,82200,81700,81800,2351,192510000,893,1458
214430,2026-01-19,15:00:00,81800,82300,81600,82300,2392,195920000,1118,1274
214430,2026-01-19,15:05:00,82300,82300,81700,82100,2758,226140000,1261,1497
214430,2026-01-19,15:10:00,82200,82200,81900,82200,1890,155040000,566,1324
214430,2026-01-19,15:15:00,82100,82200,81600,82100,3760,307660000,807,2953
214430,2026-01-19,15:20:00,81700,82900,81500,82700,5387,441640000,3494,1893
214430,2026-01-19,15:30:00,82700,82700,82700,82700,3298,272740000,3240,0
214430,2026-01-20,09:05:00,83600,83600,81900,82000,3451,284680000,917,2534
214430,2026-01-20,09:10:00,82000,82700,82000,82400,644,53020000,433,211
214430,2026-01-20,09:15:00,82600,82600,81500,81500,1996,163520000,582,1414
214430,2026-01-20,09:20:00,81600,81700,80100,80600,7700,619740000,5905,1795
214430,2026-01-20,09:25:00,80300,81600,80300,81400,1835,148510000,776,1059
214430,2026-01-20,09:30:00,81300,82300,81300,82300,899,73440000,487,412
214430,2026-01-20,09:35:00,82000,83900,82000,82700,3929,326330000,1264,2665
214430,2026-01-20,09:40:00,82700,83100,82400,82800,650,53730000,341,309
214430,2026-01-20,09:45:00,82700,83400,82000,83400,1792,148370000,1135,657
214430,2026-01-20,09:50:00,83400,84200,83200,84100,2819,236200000,2246,573
214430,2026-01-20,09:55:00,84100,84600,83300,84500,2452,206060000,1845,607
214430,2026-01-20,10:00:00,84500,86500,84500,86300,10072,862110000,6639,3433
214430,2026-01-20,10:05:00,86200,86600,85200,85500,6281,540310000,1823,4458
214430,2026-01-20,10:10:00,85500,85700,84800,85000,2295,195450000,706,1589
214430,2026-01-20,10:15:00,85050,85300,84900,85200,1190,101240000,513,677
214430,2026-01-20,10:20:00,85300,85600,84900,85400,2209,188190000,763,1446
214430,2026-01-20,10:25:00,84900,86400,84900,86100,4572,392840000,3038,1534
214430,2026-01-20,10:30:00,86200,86800,86000,86100,2097,181200000,1486,611
214430,2026-01-20,10:35:00,86300,86400,86100,86300,1944,167660000,713,1231
214430,2026-01-20,10:40:00,86200,86200,85600,85900,1354,116250000,431,923
214430,2026-01-20,10:45:00,85800,85800,85100,85500,2604,222330000,389,2215
214430,2026-01-20,10:50:00,85500,86300,85300,86200,1736,149140000,1417,319
214430,2026-01-20,10:55:00,86200,86200,85800,85900,654,56270000,189,465
214430,2026-01-20,11:00:00,85900,86000,85500,86000,1016,87070000,420,596
214430,2026-01-20,11:05:00,86000,86000,85700,85900,535,45940000,350,185
214430,2026-01-20,11:10:00,85900,86200,85600,85600,1272,109240000,562,710
214430,2026-01-20,11:15:00,85600,85900,85500,85700,668,57220000,251,417
214430,2026-01-20,11:20:00,85800,85800,85400,85600,728,62290000,411,317
214430,2026-01-20,11:25:00,85600,85700,85300,85500,1108,94640000,488,620
214430,2026-01-20,11:30:00,85500,85700,85100,85600,1437,122730000,1096,341
214430,2026-01-20,11:35:00,85500,85800,85400,85800,675,57840000,534,141
214430,2026-01-20,11:40:00,85800,85800,85500,85500,641,54840000,454,187
214430,2026-01-20,11:45:00,85500,85600,85300,85400,501,42800000,279,222
214430,2026-01-20,11:50:00,85400,85700,85400,85700,501,42830000,366,135
214430,2026-01-20,11:55:00,85600,85900,85500,85700,608,52100000,317,291
214430,2026-01-20,12:00:00,85700,85800,85600,85600,345,29550000,218,127
214430,2026-01-20,12:05:00,85600,87300,85600,87200,3754,325310000,2707,1047
214430,2026-01-20,12:10:00,87000,87700,86800,87400,2206,192550000,1875,331
214430,2026-01-20,12:15:00,87400,89800,87000,89800,8039,712900000,5376,2663
214430,2026-01-20,12:20:00,89600,89800,88500,89000,5073,453290000,1749,3324
214430,2026-01-20,12:25:00,89000,89900,88900,89700,4447,397610000,3325,1122
214430,2026-01-20,12:30:00,89700,89800,89000,89200,1354,120870000,475,879
214430,2026-01-20,12:35:00,89100,89100,88600,88700,1788,158800000,396,1392
214430,2026-01-20,12:40:00,88600,88900,88500,88600,1222,108340000,548,674
214430,2026-01-20,12:45:00,88600,88600,88100,88400,1615,142560000,857,758
214430,2026-01-20,12:50:00,88400,88900,88200,88800,711,62980000,244,467
214430,2026-01-20,12:55:00,88800,88800,88100,88300,1567,138230000,781,786
214430,2026-01-20,13:00:00,88400,88700,88300,88600,851,75280000,478,373
214430,2026-01-20,13:05:00,88500,88900,88400,88500,838,74330000,366,472
214430,2026-01-20,13:10:00,88600,90300,88500,89800,4600,412370000,3425,1175
214430,2026-01-20,13:15:00,89800,90000,89300,89700,1388,124630000,643,745
214430,2026-01-20,13:20:00,89800,90200,89400,90000,2633,236500000,1840,793
214430,2026-01-20,13:25:00,90000,90000,89300,89900,1474,132250000,628,846
214430,2026-01-20,13:30:00,89600,89900,89000,89400,1253,112160000,554,699
214430,2026-01-20,13:35:00,89500,89600,89100,89400,1225,109490000,726,499
214430,2026-01-20,13:40:00,89400,89400,89000,89200,1760,156960000,630,1130
214430,2026-01-20,13:45:00,89200,89700,89100,89600,1985,177600000,836,1149
214430,2026-01-20,13:50:00,89600,90300,89500,90000,4201,377880000,2853,1348
214430,2026-01-20,13:55:00,89900,90100,89200,89600,1445,129850000,550,895
214430,2026-01-20,14:00:00,89600,90000,89600,89900,1135,101930000,722,413
214430,2026-01-20,14:05:00,89700,90000,89600,89700,1400,125800000,1026,374
214430,2026-01-20,14:10:00,89800,89800,89100,89300,1504,134700000,740,764
214430,2026-01-20,14:15:00,89300,89400,88500,88900,1834,163010000,1352,482
214430,2026-01-20,14:20:00,88800,89000,88300,88500,3362,298420000,1747,1615
214430,2026-01-20,14:25:00,88600,88700,88200,88400,2083,184220000,1177,906
214430,2026-01-20,14:30:00,88300,88700,88100,88200,2026,179100000,1424,602
214430,2026-01-20,14:35:00,88100,88200,87900,88000,2525,222450000,1340,1185
214430,2026-01-20,14:40:00,88100,89000,88000,88500,3725,329200000,2992,733
214430,2026-01-20,14:45:00,88900,89000,88400,88500,1675,148510000,909,766
214430,2026-01-20,14:50:00,88500,88800,88300,88400,1637,144850000,1150,487
214430,2026-01-20,14:55:00,88400,88500,88100,88400,1585,140000000,1119,466
214430,2026-01-20,15:00:00,88500,89000,88400,89000,1779,157720000,1333,446
214430,2026-01-20,15:05:00,89000,89100,88600,88700,1937,172070000,894,1043
214430,2026-01-20,15:10:00,88700,88700,88200,88200,2538,224650000,1189,1349
214430,2026-01-20,15:15:00,88300,88300,87700,88100,2544,223880000,1163,1381
214430,2026-01-20,15:20:00,88100,89200,88100,89000,3467,307330000,1861,1606
214430,2026-01-20,15:30:00,88600,88600,88600,88600,3139,278110000,2839,0
214430,2026-01-21,09:05:00,86500,88400,85800,88000,6408,556110000,3227,3181
214430,2026-01-21,09:10:00,88000,89400,87700,87800,2876,254720000,1556,1320
214430,2026-01-21,09:15:00,87600,88500,86800,87500,1325,115910000,265,1060
214430,2026-01-21,09:20:00,87500,87800,86500,87500,2415,210570000,620,1795
214430,2026-01-21,09:25:00,87400,87400,86300,86500,1570,136130000,504,1066
214430,2026-01-21,09:30:00,86500,86700,85300,86600,2522,217260000,998,1524
214430,2026-01-21,09:35:00,86500,87000,86100,86800,1450,125650000,1038,412
214430,2026-01-21,09:40:00,86900,87000,86100,86200,1594,137820000,899,695
214430,2026-01-21,09:45:00,86200,86200,85400,86000,2048,175480000,841,1207
214430,2026-01-21,09:50:00,86100,86600,85600,86500,2384,205110000,1169,1215
214430,2026-01-21,09:55:00,86300,86400,86000,86400,561,48360000,110,451
214430,2026-01-21,10:00:00,86400,86500,85900,86300,1101,94860000,216,885
214430,2026-01-21,10:05:00,86300,86300,85000,85400,2168,185230000,232,1936
214430,2026-01-21,10:10:00,85200,85600,85000,85200,1399,119030000,644,755
214430,2026-01-21,10:15:00,85100,85300,84500,84900,1650,139900000,242,1408
214430,2026-01-21,10:20:00,85000,85400,84900,85100,850,72330000,517,333
214430,2026-01-21,10:25:00,85100,85300,84900,85200,377,32060000,200,177
214430,2026-01-21,10:30:00,85200,85500,85000,85100,340,29010000,271,69
214430,2026-01-21,10:35:00,85200,85500,85100,85400,513,43790000,164,349
214430,2026-01-21,10:40:00,85400,85500,84600,84600,1514,128690000,304,1210
214430,2026-01-21,10:45:00,84600,85100,84600,84900,574,48690000,303,271
214430,2026-01-21,10:50:00,85000,85200,84600,84900,1309,111140000,299,1010
214430,2026-01-21,10:55:00,84900,85000,84500,84700,577,48880000,53,524
214430,2026-01-21,11:00:00,84700,84800,84300,84600,1621,136900000,589,1032
214430,2026-01-21,11:05:00,84600,84700,84500,84500,1034,87450000,747,287
214430,2026-01-21,11:10:00,84600,84900,84400,84900,1191,100920000,1003,188
214430,2026-01-21,11:15:00,85000,85500,85000,85200,1170,99690000,395,775
214430,2026-01-21,11:20:00,85100,85200,84900,85000,719,61180000,319,400
214430,2026-01-21,11:25:00,84900,85000,84700,84700,489,41500000,187,302
214430,2026-01-21,11:30:00,84700,84700,83900,84200,2613,219990000,248,2365
214430,2026-01-21,11:35:00,84200,84200,83300,83600,4016,335570000,1944,2072
214430,2026-01-21,11:40:00,83600,84000,83500,83700,795,66600000,301,494
214430,2026-01-21,11:45:00,83800,84200,83700,83800,578,48500000,259,319
214430,2026-01-21,11:50:00,83800,84000,83500,83700,614,51440000,152,462
214430,2026-01-21,11:55:00,83900,84200,83700,83900,695,58260000,553,142
214430,2026-01-21,12:00:00,83900,84100,83800,84100,780,65490000,495,285
214430,2026-01-21,12:05:00,84000,84400,83900,84300,730,61420000,607,123
214430,2026-01-21,12:10:00,84300,84500,84000,84000,901,75960000,510,391
214430,2026-01-21,12:15:00,84000,84500,84000,84500,519,43720000,385,134
214430,2026-01-21,12:20:00,84500,84500,84100,84200,460,38750000,215,245
214430,2026-01-21,12:25:00,84200,84400,84200,84400,464,39090000,244,220
214430,2026-01-21,12:30:00,84400,84500,84300,84400,321,27080000,284,37
214430,2026-01-21,12:35:00,84500,84500,84100,84300,640,53940000,343,297
214430,2026-01-21,12:40:00,84200,84400,84200,84200,455,38340000,376,79
214430,2026-01-21,12:45:00,84300,84800,84300,84800,941,79490000,886,55
214430,2026-01-21,12:50:00,84800,84800,84400,84500,630,53250000,83,547
214430,2026-01-21,12:55:00,84500,84700,84300,84400,492,41530000,171,321
214430,2026-01-21,13:00:00,84300,84400,83800,83900,1290,108450000,210,1080
214430,2026-01-21,13:05:00,83900,84000,83600,83900,1649,138130000,710,939
214430,2026-01-21,13:10:00,83800,84100,83800,84000,235,19710000,29,206
214430,2026-01-21,13:15:00,84100,84300,84000,84200,302,25410000,138,164
214430,2026-01-21,13:20:00,84100,84100,83900,84000,329,27630000,64,265
214430,2026-01-21,13:25:00,84100,84600,84000,84300,315,26510000,164,151
214430,2026-01-21,13:30:00,84500,85000,84400,85000,673,57030000,434,239
214430,2026-01-21,13:35:00,85000,85400,84800,84900,1115,94950000,526,589
214430,2026-01-21,13:40:00,85200,86000,85200,85900,1977,169360000,960,1017
214430,2026-01-21,13:45:00,85900,86000,85000,85200,2734,233790000,129,2605
214430,2026-01-21,13:50:00,85100,85500,84800,85200,704,59890000,279,425
214430,2026-01-21,13:55:00,85300,85600,85100,85500,951,81160000,432,519
214430,2026-01-21,14:00:00,85300,85600,85300,85500,438,37440000,318,120
214430,2026-01-21,14:05:00,85500,86100,85500,86000,792,67960000,480,312
214430,2026-01-21,14:10:00,86000,86200,85800,85900,717,61750000,342,375
214430,2026-01-21,14:15:00,85900,86400,85700,86300,955,82320000,757,198
214430,2026-01-21,14:20:00,86400,86600,86100,86300,1320,113950000,326,994
214430,2026-01-21,14:25:00,86300,86300,86100,86300,607,52320000,195,412
214430,2026-01-21,14:30:00,86150,86500,86000,86400,509,43900000,403,106
214430,2026-01-21,14:35:00,86300,86500,86200,86400,433,37370000,219,214
214430,2026-01-21,14:40:00,86400,86400,86100,86300,446,38470000,187,259
214430,2026-01-21,14:45:00,86200,87500,86200,87100,1415,123060000,1088,327
214430,2026-01-21,14:50:00,87100,87400,86400,86900,1669,145140000,516,1153
214430,2026-01-21,14:55:00,87100,87100,86800,86900,674,58590000,309,365
214430,2026-01-21,15:00:00,86900,87500,86800,87000,1146,99940000,627,519
214430,2026-01-21,15:05:00,87000,87300,87000,87100,706,61530000,368,338
214430,2026-01-21,15:10:00,87000,87600,87000,87400,1450,126650000,699,751
214430,2026-01-21,15:15:00,87500,87600,87200,87600,1478,129110000,862,616
214430,2026-01-21,15:20:00,87600,87900,87400,87500,1298,113810000,686,612
214430,2026-01-21,15:30:00,87900,87900,87900,87900,1922,168950000,1922,0
214430,2026-01-22,09:05:00,87100,87100,84300,86200,9743,832950000,3489,6254
214430,2026-01-22,09:10:00,86200,87000,85100,85700,3013,259880000,1430,1583
214430,2026-01-22,09:15:00,85800,86100,85100,85400,1442,123670000,1118,324
214430,2026-01-22,09:20:00,85400,86100,85200,86100,1306,111840000,799,507
214430,2026-01-22,09:25:00,85800,85800,85400,85600,878,75210000,601,277
214430,2026-01-22,09:30:00,85600,85700,84900,84900,2709,230690000,319,2390
214430,2026-01-22,09:35:00,84900,85000,84600,84800,1809,153300000,315,1494
214430,2026-01-22,09:40:00,84800,84900,84500,84600,1961,165950000,406,1555
214430,2026-01-22,09:45:00,84400,84700,84400,84700,967,81690000,250,717
214430,2026-01-22,09:50:00,84700,85600,84700,85600,676,57510000,510,166
214430,2026-01-22,09:55:00,85600,85900,85500,85700,351,30050000,110,241
214430,2026-01-22,10:00:00,85600,85700,85200,85600,931,79600000,338,593
214430,2026-01-22,10:05:00,85600,86800,85600,86700,966,83160000,836,130
214430,2026-01-22,10:10:00,86800,87000,86300,86500,964,83660000,751,213
214430,2026-01-22,10:15:00,86400,86800,86400,86400,621,53780000,492,129
214430,2026-01-22,10:20:00,86400,86700,86100,86100,560,48370000,141,419
214430,2026-01-22,10:25:00,86100,86300,86000,86200,593,51090000,432,161
214430,2026-01-22,10:30:00,86300,86400,86100,86300,654,56400000,367,287
214430,2026-01-22,10:35:00,86300,87000,86000,87000,1528,132240000,1312,216
214430,2026-01-22,10:40:00,87000,87400,86700,87400,1188,103490000,1032,156
214430,2026-01-22,10:45:00,87500,87800,87300,87300,1193,104440000,923,270
214430,2026-01-22,10:50:00,87300,87800,87300,87800,1054,92390000,965,89
214430,2026-01-22,10:55:00,87800,88700,87500,87900,2233,196750000,1602,631
214430,2026-01-22,11:00:00,88000,88100,87300,87500,642,56220000,515,127
214430,2026-01-22,11:05:00,87500,87800,87400,87600,581,50850000,420,161
214430,2026-01-22,11:10:00,87600,87800,87200,87300,1074,93900000,387,687
214430,2026-01-22,11:15:00,87200,87300,86800,86900,956,83230000,334,622
214430,2026-01-22,11:20:00,86900,87000,86800,86800,661,57460000,141,520
214430,2026-01-22,11:25:00,86800,86800,86400,86700,1042,90240000,282,760
214430,2026-01-22,11:30:00,86600,87600,86400,87200,529,45940000,409,120
214430,2026-01-22,11:35:00,87000,87300,86900,87100,626,54510000,351,275
214430,2026-01-22,11:40:00,87100,87200,86900,87000,991,86210000,467,524
214430,2026-01-22,11:45:00,87000,87100,86800,86800,649,56430000,177,472
214430,2026-01-22,11:50:00,86700,87000,86500,86900,451,39090000,300,151
214430,2026-01-22,11:55:00,86900,87500,86600,87000,611,53190000,446,165
214430,2026-01-22,12:00:00,87000,87500,86900,87100,354,30850000,275,79
214430,2026-01-22,12:05:00,87000,87200,86800,87200,516,44900000,438,78
214430,2026-01-22,12:10:00,86900,87200,86900,87100,299,26040000,214,85
214430,2026-01-22,12:15:00,87100,87700,87100,87600,594,51850000,507,87
214430,2026-01-22,12:20:00,87600,87900,87400,87500,528,46300000,312,216
214430,2026-01-22,12:25:00,87800,87900,87500,87800,496,43490000,434,62
214430,2026-01-22,12:30:00,87800,87800,87500,87500,273,23920000,160,113
214430,2026-01-22,12:35:00,87500,87600,87400,87600,1156,101090000,1021,135
214430,2026-01-22,12:40:00,87500,87800,87200,87200,625,54670000,500,125
214430,2026-01-22,12:45:00,87200,87600,87000,87300,791,68930000,260,531
214430,2026-01-22,12:50:00,87300,87600,87100,87500,746,65140000,673,73
214430,2026-01-22,12:55:00,87300,87800,87300,87600,480,42050000,439,41
214430,2026-01-22,13:00:00,87600,87600,87000,87200,622,54190000,299,323
214430,2026-01-22,13:05:00,87100,87100,86800,87000,416,36170000,363,53
214430,2026-01-22,13:10:00,87000,87300,86800,86900,484,42070000,293,191
214430,2026-01-22,13:15:00,86900,87000,86600,86600,943,81780000,455,488
214430,2026-01-22,13:20:00,86700,86900,86600,86700,346,30010000,250,96
214430,2026-01-22,13:25:00,86700,86800,86500,86800,356,30870000,282,74
214430,2026-01-22,13:30:00,86700,86800,86500,86600,381,33030000,370,11
214430,2026-01-22,13:35:00,86600,87000,86600,86800,408,35360000,317,91
214430,2026-01-22,13:40:00,86800,87100,86700,86800,252,21880000,235,17
214430,2026-01-22,13:45:00,86800,87100,86600,86900,465,40370000,386,79
214430,2026-01-22,13:50:00,86800,86900,86700,86700,413,35820000,314,99
214430,2026-01-22,13:55:00,86700,86800,86600,86800,364,31580000,300,64
214430,2026-01-22,14:00:00,86800,87100,86800,86900,614,53410000,219,395
214430,2026-01-22,14:05:00,87000,87000,86700,86800,279,24230000,182,97
214430,2026-01-22,14:10:00,86800,86800,86700,86700,410,35560000,133,277
214430,2026-01-22,14:15:00,86700,86750,86500,86700,498,43130000,204,294
214430,2026-01-22,14:20:00,86700,86900,86600,86600,312,27030000,142,170
214430,2026-01-22,14:25:00,86600,86600,86400,86400,349,30190000,38,311
214430,2026-01-22,14:30:00,86500,86500,86300,86300,1498,129350000,435,1063
214430,2026-01-22,14:35:00,86300,86500,86100,86500,561,48380000,182,379
214430,2026-01-22,14:40:00,86500,86700,86300,86400,634,54810000,220,414
214430,2026-01-22,14:45:00,86400,86400,86200,86300,410,35380000,327,83
214430,2026-01-22,14:50:00,86300,86300,86100,86100,558,48100000,341,217
214430,2026-01-22,14:55:00,86100,86300,86000,86000,1160,99870000,541,619
214430,2026-01-22,15:00:00,86100,86200,85800,85800,803,69070000,437,366
214430,2026-01-22,15:05:00,85800,86000,85700,85700,560,48080000,276,284
214430,2026-01-22,15:10:00,85700,86100,85700,85800,684,58770000,385,299
214430,2026-01-22,15:15:00,85800,86300,85800,86000,840,72220000,485,355
214430,2026-01-22,15:20:00,85900,87500,85900,87500,1240,107420000,1087,153
214430,2026-01-22,15:30:00,87500,87500,87500,87500,1649,144280000,1648,0
214430,2026-01-23,09:05:00,87700,87700,85800,86200,1634,141100000,277,1357
214430,2026-01-23,09:10:00,86300,86800,85400,85500,1439,123390000,399,1040
214430,2026-01-23,09:15:00,85700,86300,85600,86000,678,58260000,373,305
214430,2026-01-23,09:20:00,86100,86100,85800,86100,483,41510000,279,204
214430,2026-01-23,09:25:00,86100,86400,86100,86200,654,56370000,231,423
214430,2026-01-23,09:30:00,86200,86800,86200,86600,547,47290000,214,333
214430,2026-01-23,09:35:00,86600,86800,86000,86000,682,58810000,146,536
214430,2026-01-23,09:40:00,86000,86200,85700,85800,1344,115510000,187,1157
214430,2026-01-23,09:45:00,85800,86300,85600,85900,897,76910000,709,188
214430,2026-01-23,09:50:00,86200,86300,85900,85900,229,19710000,53,176
214430,2026-01-23,09:55:00,86000,86900,85900,86600,676,58310000,525,151
214430,2026-01-23,10:00:00,86600,88200,86600,88000,1233,107580000,1071,162
214430,2026-01-23,10:05:00,87900,88500,87700,88100,1507,132890000,1047,460
214430,2026-01-23,10:10:00,88400,88400,87800,88000,340,29940000,118,222
214430,2026-01-23,10:15:00,88000,88000,87100,87200,445,38980000,56,389
214430,2026-01-23,10:20:00,87300,87600,87000,87200,1618,141110000,1467,151
214430,2026-01-23,10:25:00,87200,87500,87000,87000,1116,97270000,836,280
214430,2026-01-23,10:30:00,87000,87000,86600,86700,765,66370000,90,675
214430,2026-01-23,10:35:00,86600,87400,86600,86800,981,85360000,354,627
214430,2026-01-23,10:40:00,87000,87300,86800,87000,622,54100000,276,346
214430,2026-01-23,10:45:00,87100,87300,86600,87100,642,55820000,170,472
214430,2026-01-23,10:50:00,87100,87400,86500,87100,1122,97330000,216,906
214430,2026-01-23,10:55:00,87100,87400,86800,86800,735,64000000,343,392
214430,2026-01-23,11:00:00,86800,86800,85900,86300,3737,322300000,2482,1255
214430,2026-01-23,11:05:00,86700,86900,86200,86900,378,32760000,194,184
214430,2026-01-23,11:10:00,86800,87200,86500,87100,504,43690000,111,393
214430,2026-01-23,11:15:00,86800,87800,86800,87800,611,53430000,467,144
214430,2026-01-23,11:20:00,87800,88700,87700,87700,1535,135010000,639,896
214430,2026-01-23,11:25:00,87800,87800,87500,87700,665,58290000,310,355
214430,2026-01-23,11:30:00,87700,88300,87600,88300,927,81460000,354,573
214430,2026-01-23,11:35:00,88300,88800,87900,88800,1144,101220000,505,639
214430,2026-01-23,11:40:00,88700,88700,88500,88600,840,74430000,295,545
214430,2026-01-23,11:45:00,88600,88700,88200,88500,1865,165060000,695,1170
214430,2026-01-23,11:50:00,88400,88500,88300,88400,662,58550000,280,382
214430,2026-01-23,11:55:00,88500,89500,88400,88700,2698,240250000,2031,667
214430,2026-01-23,12:00:00,88500,89200,88500,88700,345,30680000,69,276
214430,2026-01-23,12:05:00,88600,88700,88300,88400,410,36280000,152,258
214430,2026-01-23,12:10:00,88300,88500,88200,88500,910,80330000,314,596
214430,2026-01-23,12:15:00,88500,88600,88400,88400,150,13280000,35,115
214430,2026-01-23,12:20:00,88400,88600,88400,88500,506,44780000,116,390
214430,2026-01-23,12:25:00,88500,88500,88300,88500,296,26180000,108,188
214430,2026-01-23,12:30:00,88500,89100,88400,89100,1274,113050000,1100,174
214430,2026-01-23,12:35:00,89000,89100,88500,88500,318,28230000,55,263
214430,2026-01-23,12:40:00,88500,89100,88500,89100,254,22570000,117,137
214430,2026-01-23,12:45:00,89100,89200,89000,89000,283,25200000,15,268
214430,2026-01-23,12:50:00,88900,89200,88900,89000,299,26640000,131,168
214430,2026-01-23,12:55:00,89000,89200,88900,89100,544,48450000,365,179
214430,2026-01-23,13:00:00,89100,89400,89100,89300,825,73650000,556,269
214430,2026-01-23,13:05:00,89300,89600,89200,89300,895,80030000,472,423
214430,2026-01-23,13:10:00,89400,89700,89200,89500,1525,136400000,849,676
214430,2026-01-23,13:15:00,89600,90300,89500,90300,3339,300340000,2534,805
214430,2026-01-23,13:20:00,90300,90400,90000,90300,1954,176340000,881,1073
214430,2026-01-23,13:25:00,90400,91000,90100,90800,2085,189090000,1191,894
214430,2026-01-23,13:30:00,90800,92200,90800,91900,3464,317410000,2239,1225
214430,2026-01-23,13:35:00,92000,92600,91800,92000,3618,333880000,2321,1297
214430,2026-01-23,13:40:00,92100,92300,91700,92200,1379,126860000,812,567
214430,2026-01-23,13:45:00,92200,92200,91000,91500,1619,148260000,414,1205
214430,2026-01-23,13:50:00,91500,91900,91500,91500,1353,123980000,523,830
214430,2026-01-23,13:55:00,91600,92000,91300,91300,2047,187700000,745,1302
214430,2026-01-23,14:00:00,91400,91900,91000,91800,2557,233880000,1480,1077
214430,2026-01-23,14:05:00,91700,91900,91200,91500,2330,213370000,349,1981
214430,2026-01-23,14:10:00,91200,92000,91200,91800,2578,236380000,2125,453
214430,2026-01-23,14:15:00,91800,92700,91800,92500,3670,338700000,1863,1807
214430,2026-01-23,14:20:00,92400,92700,92000,92600,1786,165240000,1298,488
214430,2026-01-23,14:25:00,92600,93000,92500,92900,2319,215310000,1717,602
214430,2026-01-23,14:30:00,93000,93500,92800,93500,2440,227400000,1355,1085
214430,2026-01-23,14:35:00,93200,93700,93000,93500,1590,148570000,1003,587
214430,2026-01-23,14:40:00,93500,93700,93000,93600,1836,171550000,789,1047
214430,2026-01-23,14:45:00,93200,93700,92900,93300,2304,214860000,1295,1009
214430,2026-01-23,14:50:00,93500,94000,93500,93900,1588,148890000,967,621
214430,2026-01-23,14:55:00,93900,94000,93600,93800,1525,143080000,620,905
214430,2026-01-23,15:00:00,93700,94200,93700,93900,2077,195220000,1374,703
214430,2026-01-23,15:05:00,94000,94000,93700,93900,2236,210020000,1765,471
214430,2026-01-23,15:10:00,93900,94000,93700,93700,2310,216920000,1322,988
214430,2026-01-23,15:15:00,93800,94000,93600,93700,1511,141810000,830,681
214430,2026-01-23,15:20:00,93700,94100,93600,94000,1588,149120000,815,773
214430,2026-01-23,15:30:00,93700,93700,93700,93700,2707,253640000,2685,0
214430,2026-01-26,09:05:00,94600,94600,93000,93400,2774,260050000,1267,1507
214430,2026-01-26,09:10:00,93400,93400,92500,92800,1530,142380000,339,1191
214430,2026-01-26,09:15:00,92900,93700,91800,93600,1853,172400000,760,1093
214430,2026-01-26,09:20:00,93600,94300,90000,94200,4088,378520000,1101,2987
214430,2026-01-26,09:25:00,94100,94900,94000,94000,1986,187660000,1171,815
214430,2026-01-26,09:30:00,94000,94400,93400,94000,2052,192650000,1295,757
214430,2026-01-26,09:35:00,94100,94600,93700,94100,1435,135080000,297,1138
214430,2026-01-26,09:40:00,94100,94700,93700,94500,2095,197530000,883,1212
214430,2026-01-26,09:45:00,94000,94500,93700,94300,1275,120210000,273,1002
214430,2026-01-26,09:50:00,94400,94500,94200,94400,767,72400000,225,542
214430,2026-01-26,09:55:00,94400,94600,94100,94500,1050,99150000,345,705
214430,2026-01-26,10:00:00,94500,94600,94200,94400,787,74360000,316,471
214430,2026-01-26,10:05:00,94500,94500,94300,94300,977,92240000,221,756
214430,2026-01-26,10:10:00,94300,94900,94200,94800,1710,161600000,1203,507
214430,2026-01-26,10:15:00,94900,95700,94900,95600,2441,232500000,1891,550
214430,2026-01-26,10:20:00,95600,97700,95500,97600,6105,590750000,3023,3082
214430,2026-01-26,10:25:00,97600,98900,97400,98200,10236,1003960000,6181,4055
214430,2026-01-26,10:30:00,98100,98900,94100,97900,4800,470780000,2318,2482
214430,2026-01-26,10:35:00,97800,98100,97000,97900,2679,261710000,665,2014
214430,2026-01-26,10:40:00,97900,97900,96800,97700,1586,154560000,493,1093
214430,2026-01-26,10:45:00,97700,99000,97200,98600,3107,304610000,1504,1603
214430,2026-01-26,10:50:00,98700,99000,98300,98800,4759,469910000,1357,3402
214430,2026-01-26,10:55:00,98800,99400,98700,99100,4884,483610000,1424,3460
214430,2026-01-26,11:00:00,99000,99400,98600,99200,2771,274570000,671,2100
214430,2026-01-26,11:05:00,99200,99400,98300,99100,2618,259630000,757,1861
214430,2026-01-26,11:10:00,99000,99400,98500,98800,1594,157830000,538,1056
214430,2026-01-26,11:15:00,98700,98700,97900,98400,728,71560000,96,632
214430,2026-01-26,11:20:00,98300,99000,97500,98700,1428,140440000,859,569
214430,2026-01-26,11:25:00,98900,99200,98900,99200,998,98870000,620,378
214430,2026-01-26,11:30:00,99200,99200,98100,98100,873,86480000,296,577
214430,2026-01-26,11:35:00,98800,99200,98100,99200,1312,129530000,624,688
214430,2026-01-26,11:40:00,99100,99700,99100,99700,2653,263730000,2255,398
214430,2026-01-26,11:45:00,99600,99700,99300,99400,874,86970000,115,759
214430,2026-01-26,11:50:00,99600,99700,99100,99700,1263,125560000,469,794
214430,2026-01-26,11:55:00,99700,99800,99400,99600,1395,139040000,964,431
214430,2026-01-26,12:00:00,99600,99700,99200,99200,974,96960000,313,661
214430,2026-01-26,12:05:00,99200,99700,99200,99700,564,56180000,367,197
214430,2026-01-26,12:10:00,99700,99800,99700,99700,979,97630000,407,572
214430,2026-01-26,12:15:00,99800,99800,99100,99400,882,87830000,227,655
214430,2026-01-26,12:20:00,99300,99700,99300,99700,743,73880000,444,299
214430,2026-01-26,12:25:00,99600,99800,99500,99600,742,73930000,223,519
214430,2026-01-26,12:30:00,99500,99800,99400,99800,655,65250000,310,345
214430,2026-01-26,12:35:00,99700,99800,99600,99700,1147,114370000,334,813
214430,2026-01-26,12:40:00,99700,99800,99700,99800,1054,105120000,371,683
214430,2026-01-26,12:45:00,99800,100600,99700,100200,11141,1114580000,10584,557
214430,2026-01-26,12:50:00,100200,100300,99700,99700,1157,115800000,413,744
214430,2026-01-26,12:55:00,99800,100200,99500,99800,1756,175310000,338,1418
214430,2026-01-26,13:00:00,100000,100000,99500,100000,609,60820000,201,408
214430,2026-01-26,13:05:00,100000,100000,99300,99800,1472,146860000,289,1183
214430,2026-01-26,13:10:00,99800,99900,99200,99200,623,61980000,215,408
214430,2026-01-26,13:15:00,99200,99800,99200,99700,766,76190000,385,381
214430,2026-01-26,13:20:00,99600,99600,99300,99600,863,85840000,272,591
214430,2026-01-26,13:25:00,99600,99600,99000,99200,2692,267350000,1179,1513
214430,2026-01-26,13:30:00,99200,99600,98900,99500,956,94960000,581,375
214430,2026-01-26,13:35:00,99500,99700,99300,99400,719,71590000,201,518
214430,2026-01-26,13:40:00,99400,99500,99200,99500,540,53690000,183,357
214430,2026-01-26,13:45:00,99500,99500,99000,99300,4820,477510000,4235,585
214430,2026-01-26,13:50:00,99300,99700,99200,99700,816,81180000,530,286
214430,2026-01-26,13:55:00,99700,100300,99700,100200,3649,364910000,3128,521
214430,2026-01-26,14:00:00,100200,100700,100100,100300,2326,233600000,1018,1308
214430,2026-01-26,14:05:00,100100,100150,99500,99500,1659,165440000,299,1360
214430,2026-01-26,14:10:00,99500,99900,99200,99900,1050,104500000,485,565
214430,2026-01-26,14:15:00,99700,100000,99100,99200,1386,137670000,322,1064
214430,2026-01-26,14:20:00,99300,99600,99200,99500,301,29920000,151,150
214430,2026-01-26,14:25:00,99500,99800,99300,99500,655,65260000,318,337
214430,2026-01-26,14:30:00,99500,99600,99200,99300,501,49760000,133,368
214430,2026-01-26,14:35:00,99300,99500,99200,99300,529,52600000,226,303
214430,2026-01-26,14:40:00,99300,99600,99300,99500,400,39790000,92,308
214430,2026-01-26,14:45:00,99600,99600,99400,99600,596,59290000,187,409
214430,2026-01-26,14:50:00,99600,99600,99300,99600,1309,130240000,587,722
214430,2026-01-26,14:55:00,99600,99900,99500,99900,1253,124930000,1148,105
214430,2026-01-26,15:00:00,99900,100000,99700,99900,1671,166960000,795,876
214430,2026-01-26,15:05:00,100000,100400,99900,100350,1792,179620000,1575,217
214430,2026-01-26,15:10:00,100350,100700,100300,100600,3281,329660000,2165,1116
214430,2026-01-26,15:15:00,100700,100700,100400,100500,2263,227620000,847,1416
214430,2026-01-26,15:20:00,100500,101000,100300,101000,4226,425740000,2392,1834
214430,2026-01-26,15:30:00,101200,101200,101200,101200,3415,345590000,3377,0
214430,2026-01-27,09:05:00,99500,101400,99200,101200,5875,589290000,2153,3722
214430,2026-01-27,09:10:00,101200,103500,100900,103000,6850,702720000,2898,3952
214430,2026-01-27,09:15:00,103100,103100,101800,102600,2922,300250000,945,1977
214430,2026-01-27,09:20:00,102600,102900,100900,100900,3381,346560000,1541,1840
214430,2026-01-27,09:25:00,100900,102700,100700,102200,2154,219890000,1146,1008
214430,2026-01-27,09:30:00,101800,102500,100000,102500,2003,204040000,839,1164
214430,2026-01-27,09:35:00,102400,102400,101600,101600,1933,197480000,509,1424
214430,2026-01-27,09:40:00,101500,102300,101000,102200,1354,137540000,504,850
214430,2026-01-27,09:45:00,102200,102200,101000,101000,1745,177130000,1356,389
214430,2026-01-27,09:50:00,101000,101100,99500,100200,2124,212900000,503,1621
214430,2026-01-27,09:55:00,100300,100300,99000,99600,2143,213240000,715,1428
214430,2026-01-27,10:00:00,99300,100000,99200,99900,1261,125680000,713,548
214430,2026-01-27,10:05:00,99900,100300,99600,100300,1061,106010000,529,532
214430,2026-01-27,10:10:00,100300,100400,99800,100200,564,56530000,259,305
214430,2026-01-27,10:15:00,100200,100400,99800,99900,553,55370000,167,386
214430,2026-01-27,10:20:00,100100,100100,99600,99700,495,49400000,100,395
214430,2026-01-27,10:25:00,99700,99900,99700,99800,618,61670000,190,428
214430,2026-01-27,10:30:00,99900,100800,99800,100700,1334,133680000,561,773
214430,2026-01-27,10:35:00,100600,100700,100200,100600,424,42630000,47,377
214430,2026-01-27,10:40:00,100600,100700,99900,99900,444,44520000,29,415
214430,2026-01-27,10:45:00,99900,99900,99800,99900,394,39340000,173,221
214430,2026-01-27,10:50:00,99900,100300,99800,100000,393,39300000,162,231
214430,2026-01-27,10:55:00,100200,100300,99800,99800,464,46470000,72,392
214430,2026-01-27,11:00:00,100300,100300,99600,99800,381,38000000,27,354
214430,2026-01-27,11:05:00,99600,99900,99600,99800,305,30440000,146,159
214430,2026-01-27,11:10:00,99700,99900,99500,99800,248,24730000,99,149
214430,2026-01-27,11:15:00,99800,100400,99800,100000,808,80940000,381,427
214430,2026-01-27,11:20:00,100100,100100,99700,99900,414,41370000,35,379
214430,2026-01-27,11:25:00,99900,100100,99800,100100,420,41960000,192,228
214430,2026-01-27,11:30:00,100200,100400,100100,100400,400,40110000,196,204
214430,2026-01-27,11:35:00,100200,100400,100100,100300,504,50520000,76,428
214430,2026-01-27,11:40:00,100400,100400,99900,100000,497,49790000,139,358
214430,2026-01-27,11:45:00,100100,100200,99800,99800,488,48850000,125,363
214430,2026-01-27,11:50:00,99800,100000,98100,98500,3345,331400000,657,2688
214430,2026-01-27,11:55:00,98500,99200,98500,99100,500,49340000,185,315
214430,2026-01-27,12:00:00,98700,99600,98600,98700,376,37240000,155,221
214430,2026-01-27,12:05:00,98700,99500,98700,98700,841,83300000,209,632
214430,2026-01-27,12:10:00,98700,99200,98700,99100,491,48570000,254,237
214430,2026-01-27,12:15:00,99100,99400,98800,99200,380,37690000,185,195
214430,2026-01-27,12:20:00,99100,99200,99000,99000,199,19720000,50,149
214430,2026-01-27,12:25:00,99100,99100,98900,99000,341,33760000,174,167
214430,2026-01-27,12:30:00,99100,99300,99100,99300,392,38860000,239,153
214430,2026-01-27,12:35:00,99300,99400,99200,99300,210,20850000,192,18
214430,2026-01-27,12:40:00,99400,99900,99300,99700,1066,106040000,356,710
214430,2026-01-27,12:45:00,99700,99900,99600,99700,167,16660000,79,88
214430,2026-01-27,12:50:00,99700,99700,99500,99600,292,29080000,91,201
214430,2026-01-27,12:55:00,99600,99600,99300,99300,711,70690000,306,405
214430,2026-01-27,13:00:00,99500,99500,98900,99000,491,48690000,54,437
214430,2026-01-27,13:05:00,99000,99000,98600,98900,1201,118610000,680,521
214430,2026-01-27,13:10:00,98800,98900,98700,98900,428,42290000,235,193
214430,2026-01-27,13:15:00,98900,98900,98700,98900,824,81420000,265,559
214430,2026-01-27,13:20:00,98900,99200,98700,99100,793,78430000,470,323
214430,2026-01-27,13:25:00,99000,99200,98900,99000,620,61390000,350,270
214430,2026-01-27,13:30:00,98900,99300,98800,99200,775,76710000,476,299
214430,2026-01-27,13:35:00,99200,99800,98900,99800,459,45650000,220,239
214430,2026-01-27,13:40:00,99800,100000,99600,99800,718,71670000,445,273
214430,2026-01-27,13:45:00,99800,99900,99700,99800,402,40120000,155,247
214430,2026-01-27,13:50:00,99800,99900,99500,99900,382,38130000,257,125
214430,2026-01-27,13:55:00,99800,100100,99800,100000,637,63680000,369,268
214430,2026-01-27,14:00:00,100000,100000,99800,99900,207,20680000,95,112
214430,2026-01-27,14:05:00,100000,100100,99900,100100,533,53320000,396,137
214430,2026-01-27,14:10:00,100000,100100,99900,100000,390,39000000,140,250
214430,2026-01-27,14:15:00,100000,100400,99900,100400,1121,112230000,718,403
214430,2026-01-27,14:20:00,100300,100400,100100,100200,415,41620000,83,332
214430,2026-01-27,14:25:00,100200,100700,100100,100650,990,99410000,717,273
214430,2026-01-27,14:30:00,100650,100650,100300,100350,384,38560000,100,284
214430,2026-01-27,14:35:00,100300,100350,100000,100100,616,61710000,257,359
214430,2026-01-27,14:40:00,100100,100100,99800,99850,899,89840000,672,227
214430,2026-01-27,14:45:00,99800,100100,99600,99800,1180,117720000,755,425
214430,2026-01-27,14:50:00,100100,100400,99900,100300,507,50820000,357,150
214430,2026-01-27,14:55:00,100300,100400,100100,100300,205,20550000,75,130
214430,2026-01-27,15:00:00,100300,100400,99900,99900,502,50290000,187,315
214430,2026-01-27,15:05:00,99900,100300,99900,100100,478,47840000,304,174
214430,2026-01-27,15:10:00,100200,100300,99900,100100,515,51510000,347,168
214430,2026-01-27,15:15:00,100000,100200,100000,100200,619,61960000,236,383
214430,2026-01-27,15:20:00,100200,100700,100000,100500,1526,153090000,920,606
214430,2026-01-27,15:30:00,100600,100600,100600,100600,1426,143460000,1425,0
214430,2026-01-28,09:05:00,102600,102600,101600,102200,3036,310560000,1018,2018
214430,2026-01-28,09:10:00,102200,102500,101700,102400,2208,225400000,756,1452
214430,2026-01-28,09:15:00,102200,102900,102000,102800,2114,216870000,809,1305
214430,2026-01-28,09:20:00,102800,102900,102000,102800,2874,294870000,492,2382
214430,2026-01-28,09:25:00,102800,104700,102300,104600,5064,525170000,3708,1356
214430,2026-01-28,09:30:00,104600,104700,103500,103900,3728,387990000,882,2846
214430,2026-01-28,09:35:00,103900,106100,103900,105900,4228,444700000,3022,1206
214430,2026-01-28,09:40:00,105700,106800,105600,106800,3200,339920000,1557,1643
214430,2026-01-28,09:45:00,106900,107800,106800,107700,2597,278540000,1716,881
214430,2026-01-28,09:50:00,107800,107900,106700,106900,3668,392990000,970,2698
214430,2026-01-28,09:55:00,106900,106900,106000,106300,1798,191770000,680,1118
214430,2026-01-28,10:00:00,106400,106700,106100,106300,1511,160850000,698,813
214430,2026-01-28,10:05:00,106200,106500,106200,106400,530,56390000,282,248
214430,2026-01-28,10:10:00,106300,107400,106300,107200,2193,234390000,1480,713
214430,2026-01-28,10:15:00,107000,108300,106600,108300,2362,254680000,1982,380
214430,2026-01-28,10:20:00,108300,109400,108000,109400,2643,287190000,2128,515
214430,2026-01-28,10:25:00,109400,110000,109100,109900,3292,360620000,2211,1081
214430,2026-01-28,10:30:00,109600,110300,109300,110200,5667,623070000,4875,792
214430,2026-01-28,10:35:00,110200,112500,110200,112400,4156,463320000,3142,1014
214430,2026-01-28,10:40:00,112500,116700,112500,116500,5273,600860000,3703,1570
214430,2026-01-28,10:45:00,116400,116600,113500,114200,3786,435910000,1108,2678
214430,2026-01-28,10:50:00,114300,115500,113300,115500,4316,492110000,2072,2244
214430,2026-01-28,10:55:00,115500,116500,115000,115000,3952,458380000,2163,1789
214430,2026-01-28,11:00:00,115300,115900,114500,115300,1604,184930000,813,791
214430,2026-01-28,11:05:00,115900,117100,115200,116900,4413,514110000,3257,1156
214430,2026-01-28,11:10:00,116900,117500,115800,117500,2526,295410000,2040,486
214430,2026-01-28,11:15:00,117500,118100,117000,117100,3092,363860000,1897,1195
214430,2026-01-28,11:20:00,117100,117300,116100,116900,2247,262720000,1179,1068
214430,2026-01-28,11:25:00,116900,117000,115800,117000,2409,281120000,1981,428
214430,2026-01-28,11:30:00,117000,119600,116800,119400,7392,875210000,6566,826
214430,2026-01-28,11:35:00,119400,119400,117700,118100,2381,282150000,973,1408
214430,2026-01-28,11:40:00,118100,118500,115900,115900,2051,240650000,1211,840
214430,2026-01-28,11:45:00,115800,118500,115400,116300,3037,355440000,2023,1014
214430,2026-01-28,11:50:00,116300,116300,109000,113000,4697,533330000,2249,2448
214430,2026-01-28,11:55:00,113100,113900,111500,113200,2720,307590000,1612,1108
214430,2026-01-28,12:00:00,112900,114500,111500,113600,3000,338700000,1758,1242
214430,2026-01-28,12:05:00,114100,114700,112500,113900,2221,252780000,775,1446
214430,2026-01-28,12:10:00,113900,114900,113400,113900,1947,222440000,1098,849
214430,2026-01-28,12:15:00,114000,114100,113200,113200,1196,135950000,508,688
214430,2026-01-28,12:20:00,113700,114500,113200,113800,1335,151870000,773,562
214430,2026-01-28,12:25:00,114000,114600,113200,113900,1227,139670000,558,669
214430,2026-01-28,12:30:00,113200,114800,113200,113800,1535,174850000,844,691
214430,2026-01-28,12:35:00,113600,115500,113600,115500,1307,150200000,936,371
214430,2026-01-28,12:40:00,115500,116300,114500,115700,1165,134770000,791,374
214430,2026-01-28,12:45:00,115200,116100,115100,115300,1718,198380000,650,1068
214430,2026-01-28,12:50:00,115500,116400,115000,116400,711,82350000,518,193
214430,2026-01-28,12:55:00,116300,116400,115700,115900,636,73930000,277,359
214430,2026-01-28,13:00:00,116300,116500,115800,116300,629,73030000,261,368
214430,2026-01-28,13:05:00,116200,116500,115800,116400,735,85450000,503,232
214430,2026-01-28,13:10:00,116400,117100,115800,116800,1685,196580000,1084,601
214430,2026-01-28,13:15:00,116400,117500,116400,117100,1494,175190000,888,606
214430,2026-01-28,13:20:00,117100,117800,116900,117600,927,108840000,529,398
214430,2026-01-28,13:25:00,117500,117600,116500,116700,813,95240000,436,377
214430,2026-01-28,13:30:00,116600,116700,116000,116700,1098,127900000,716,382
214430,2026-01-28,13:35:00,116600,116700,116200,116600,1005,117140000,365,640
214430,2026-01-28,13:40:00,116500,116600,115600,115600,926,107730000,278,648
214430,2026-01-28,13:45:00,116000,116600,115600,116400,1411,164110000,911,500
214430,2026-01-28,13:50:00,115900,116700,114400,114700,2923,337310000,800,2123
214430,2026-01-28,13:55:00,114700,115600,113600,114800,1619,185620000,828,791
214430,2026-01-28,14:00:00,114900,115200,114100,114100,2079,238020000,1344,735
214430,2026-01-28,14:05:00,114600,114600,113400,114500,1495,170550000,690,805
214430,2026-01-28,14:10:00,114600,115000,113900,114900,1496,171260000,721,775
214430,2026-01-28,14:15:00,114900,115000,114100,114400,938,107610000,534,404
214430,2026-01-28,14:20:00,114300,115000,114300,114700,1234,141750000,612,622
214430,2026-01-28,14:25:00,114800,115000,114700,114900,639,73400000,339,300
214430,2026-01-28,14:30:00,114700,115100,114200,115000,1273,146280000,882,391
214430,2026-01-28,14:35:00,115000,115200,114100,114800,859,98560000,401,458
214430,2026-01-28,14:40:00,114800,114900,114600,114800,957,109790000,534,423
214430,2026-01-28,14:45:00,114800,115000,114200,114900,1191,136750000,791,400
214430,2026-01-28,14:50:00,114900,115600,114300,115400,1225,140850000,794,431
214430,2026-01-28,14:55:00,115100,115800,114800,115700,1381,159450000,739,642
214430,2026-01-28,15:00:00,115700,116200,115400,116200,1357,157220000,920,437
214430,2026-01-28,15:05:00,116500,116600,115700,116300,1829,212480000,1003,826
214430,2026-01-28,15:10:00,116400,117200,116400,117000,2037,237770000,1358,679
214430,2026-01-28,15:15:00,117000,117300,116700,117000,2642,309290000,1594,1048
214430,2026-01-28,15:20:00,117000,118200,116800,117950,4032,474030000,2744,1288
214430,2026-01-28,15:30:00,117300,117300,117300,117300,1810,212300000,1802,0
214430,2026-01-29,09:05:00,119500,119500,117500,119200,9213,1094300000,3376,5837
214430,2026-01-29,09:10:00,119300,124300,118400,123100,10895,1330440000,7022,3873
214430,2026-01-29,09:15:00,123100,123900,120200,121200,2931,359490000,1252,1679
214430,2026-01-29,09:20:00,121200,123800,120500,123600,4240,517920000,2875,1365
214430,2026-01-29,09:25:00,123400,123400,119900,120900,3074,375130000,836,2238
214430,2026-01-29,09:30:00,120800,121800,118300,121600,3654,440930000,1847,1807
214430,2026-01-29,09:35:00,121600,121600,116600,117100,2980,351310000,1751,1229
214430,2026-01-29,09:40:00,117500,120800,115500,119200,3958,472200000,1515,2443
214430,2026-01-29,09:45:00,119800,120200,118000,118200,3506,416000000,2240,1266
214430,2026-01-29,09:50:00,118200,120000,118200,119300,1957,232860000,1693,264
214430,2026-01-29,09:55:00,119700,119800,118000,118200,1160,137590000,478,682
214430,2026-01-29,10:00:00,118800,121400,118200,121300,2307,277550000,1641,666
214430,2026-01-29,10:05:00,121400,121800,120800,121600,1437,174430000,692,745
214430,2026-01-29,10:10:00,121500,121900,121000,121000,1619,196890000,529,1090
214430,2026-01-29,10:15:00,121000,121800,120900,120900,1719,208460000,348,1371
214430,2026-01-29,10:20:00,120800,121100,119000,119900,1132,135730000,320,812
214430,2026-01-29,10:25:00,119800,121000,118900,120200,1896,227620000,1039,857
214430,2026-01-29,10:30:00,119700,120500,118400,119300,760,90850000,370,390
214430,2026-01-29,10:35:00,119600,120400,119300,120300,571,68470000,349,222
214430,2026-01-29,10:40:00,120000,120500,120000,120400,1161,139800000,546,615
214430,2026-01-29,10:45:00,120400,120400,119800,119900,523,62880000,114,409
214430,2026-01-29,10:50:00,120000,120200,119500,119500,1264,151590000,542,722
214430,2026-01-29,10:55:00,120000,120400,119700,120400,737,88600000,257,480
214430,2026-01-29,11:00:00,119800,120500,119800,120400,1802,216980000,801,1001
214430,2026-01-29,11:05:00,120500,121800,120500,121000,2521,305050000,1610,911
214430,2026-01-29,11:10:00,121400,121900,120200,120300,752,91150000,232,520
214430,2026-01-29,11:15:00,120300,120900,120200,120900,1053,126900000,291,762
214430,2026-01-29,11:20:00,121000,121400,120900,121000,1347,163190000,353,994
214430,2026-01-29,11:25:00,121000,121600,121000,121500,327,39710000,189,138
214430,2026-01-29,11:30:00,121600,121900,121500,121600,638,77660000,325,313
214430,2026-01-29,11:35:00,121500,121900,120900,121900,1431,173910000,541,890
214430,2026-01-29,11:40:00,121900,123000,121800,122900,2016,246710000,1794,222
214430,2026-01-29,11:45:00,122900,123000,121900,122300,312,38310000,137,175
214430,2026-01-29,11:50:00,122300,123000,122300,122900,527,64740000,262,265
214430,2026-01-29,11:55:00,122800,122900,122400,122900,612,75140000,214,398
214430,2026-01-29,12:00:00,122900,123400,122900,123400,1184,145740000,607,577
214430,2026-01-29,12:05:00,123400,123400,123000,123000,808,99480000,64,744
214430,2026-01-29,12:10:00,123000,123100,122600,122900,804,98820000,332,472
214430,2026-01-29,12:15:00,122900,123000,122400,122500,566,69430000,367,199
214430,2026-01-29,12:20:00,122500,123600,122500,123400,1108,136670000,665,443
214430,2026-01-29,12:25:00,123100,123900,123100,123900,2625,324470000,2416,209
214430,2026-01-29,12:30:00,123900,123900,123500,123500,326,40340000,216,110
214430,2026-01-29,12:35:00,123600,123800,123600,123800,484,59890000,380,104
214430,2026-01-29,12:40:00,123800,123900,123400,123800,1085,134270000,837,248
214430,2026-01-29,12:45:00,123800,123800,123600,123800,433,53570000,144,289
214430,2026-01-29,12:50:00,123600,123800,123400,123600,573,70880000,238,335
214430,2026-01-29,12:55:00,123600,123900,123600,123800,774,95830000,509,265
214430,2026-01-29,13:00:00,123700,124400,123700,124400,3367,417570000,3089,278
214430,2026-01-29,13:05:00,124300,124500,124300,124400,1222,152060000,952,270
214430,2026-01-29,13:10:00,124300,124400,123100,123900,1453,180360000,389,1064
214430,2026-01-29,13:15:00,123900,124000,123900,123900,419,51920000,104,315
214430,2026-01-29,13:20:00,123900,124100,123800,124100,629,77980000,426,203
214430,2026-01-29,13:25:00,124000,124300,123600,123900,729,90470000,162,567
214430,2026-01-29,13:30:00,123800,124200,123500,124200,440,54530000,238,202
214430,2026-01-29,13:35:00,124300,124400,124000,124400,714,88720000,271,443
214430,2026-01-29,13:40:00,124000,124400,123300,124300,947,117590000,554,393
214430,2026-01-29,13:45:00,124300,124400,123600,123700,1022,126890000,409,613
214430,2026-01-29,13:50:00,124200,124500,124100,124200,1055,131160000,821,234
214430,2026-01-29,13:55:00,124300,125700,124300,125100,9110,1138090000,7808,1302
214430,2026-01-29,14:00:00,125100,125500,124700,124700,869,108710000,448,421
214430,2026-01-29,14:05:00,124800,125900,124600,125900,1589,199330000,1351,238
214430,2026-01-29,14:10:00,125800,128300,125800,128300,4205,535260000,3093,1112
214430,2026-01-29,14:15:00,128250,128900,128000,128800,2894,371970000,1739,1155
214430,2026-01-29,14:20:00,128600,128700,127400,128200,2897,370600000,1605,1292
214430,2026-01-29,14:25:00,128000,128400,127600,127900,1710,218870000,776,934
214430,2026-01-29,14:30:00,128100,128400,127100,127200,2161,276000000,520,1641
214430,2026-01-29,14:35:00,127200,128100,127100,127500,849,108340000,493,356
214430,2026-01-29,14:40:00,127500,127600,125500,126000,1629,206470000,705,924
214430,2026-01-29,14:45:00,125600,127500,125600,127300,1020,129110000,703,317
214430,2026-01-29,14:50:00,127300,127400,126800,127200,999,126990000,531,468
214430,2026-01-29,14:55:00,127200,127600,127000,127400,1026,130710000,595,431
214430,2026-01-29,15:00:00,127400,128000,127400,127800,1472,188040000,955,517
214430,2026-01-29,15:05:00,127800,128200,127500,127900,1639,209670000,880,759
214430,2026-01-29,15:10:00,128000,128700,128000,128600,2546,326610000,1971,575
214430,2026-01-29,15:15:00,128600,128700,127900,128200,1949,250430000,539,1410
214430,2026-01-29,15:20:00,128100,128800,127700,128700,2494,320230000,1572,922
214430,2026-01-29,15:30:00,128500,128500,128500,128500,2807,360690000,2804,0
214430,2026-01-30,09:05:00,132400,133000,129000,130800,4201,550220000,1379,2822
214430,2026-01-30,09:10:00,130800,132400,129600,132400,3624,475850000,1971,1653
214430,2026-01-30,09:15:00,131700,132800,131200,131400,2483,328180000,580,1903
214430,2026-01-30,09:20:00,131500,132300,131500,132100,1051,138760000,559,492
214430,2026-01-30,09:25:00,132100,132400,131600,132300,1949,257310000,1243,706
214430,2026-01-30,09:30:00,132200,132500,131600,132100,1952,257810000,1041,911
214430,2026-01-30,09:35:00,132200,132700,129500,129500,3362,442120000,1182,2180
214430,2026-01-30,09:40:00,129500,129900,128400,129600,3108,400440000,1258,1850
214430,2026-01-30,09:45:00,129900,130500,129500,130500,1153,150030000,461,692
214430,2026-01-30,09:50:00,130500,130500,130100,130300,1263,164680000,475,788
214430,2026-01-30,09:55:00,130300,131100,129600,131000,4543,591620000,3261,1282
214430,2026-01-30,10:00:00,131000,131900,130500,131200,2144,281070000,1374,770
214430,2026-01-30,10:05:00,131200,132700,130500,132700,2609,344230000,1718,891
214430,2026-01-30,10:10:00,132800,133500,132200,133400,3926,522260000,2766,1160
214430,2026-01-30,10:15:00,133300,133900,132700,133200,1486,198050000,799,687
214430,2026-01-30,10:20:00,133300,133800,133000,133700,1079,144070000,503,576
214430,2026-01-30,10:25:00,133700,134700,133000,134700,3173,424930000,2262,911
214430,2026-01-30,10:30:00,134700,137400,134500,137400,3759,509840000,3200,559
214430,2026-01-30,10:35:00,136900,137900,136200,136200,2331,319590000,1134,1197
214430,2026-01-30,10:40:00,136200,136200,133000,133600,1277,171930000,328,949
214430,2026-01-30,10:45:00,133600,134200,132900,133300,1014,135780000,412,602
214430,2026-01-30,10:50:00,133400,133600,131500,131700,4377,577470000,3260,1117
214430,2026-01-30,10:55:00,131600,134100,131500,132900,1549,204620000,1037,512
214430,2026-01-30,11:00:00,132800,133700,131900,132900,1760,234170000,1196,564
214430,2026-01-30,11:05:00,132900,132900,131900,132000,827,109700000,428,399
214430,2026-01-30,11:10:00,132000,132900,131600,131600,753,99540000,254,499
214430,2026-01-30,11:15:00,131600,131600,129500,129600,2736,356830000,908,1828
214430,2026-01-30,11:20:00,130200,130200,128000,128300,2825,364320000,1113,1712
214430,2026-01-30,11:25:00,129500,129600,127600,127600,1946,249510000,651,1295
214430,2026-01-30,11:30:00,127600,128100,124100,126800,4567,579080000,1861,2706
214430,2026-01-30,11:35:00,126700,128200,125000,127900,2485,315410000,1413,1072
214430,2026-01-30,11:40:00,127900,128200,124600,124900,5470,686970000,3081,2389
214430,2026-01-30,11:45:00,124900,128100,124700,127400,3002,377100000,2569,433
214430,2026-01-30,11:50:00,127000,128000,125400,128000,1355,171160000,1058,297
214430,2026-01-30,11:55:00,128000,128800,127600,128500,739,94800000,463,276
214430,2026-01-30,12:00:00,128600,128800,128400,128400,559,71940000,207,352
214430,2026-01-30,12:05:00,128400,129200,128000,128900,750,96330000,172,578
214430,2026-01-30,12:10:00,128900,128950,128000,128300,777,99870000,147,630
214430,2026-01-30,12:15:00,128400,128900,128100,128100,982,126110000,269,713
214430,2026-01-30,12:20:00,128100,128200,127700,128100,652,83440000,313,339
214430,2026-01-30,12:25:00,128200,128700,128100,128100,327,41980000,127,200
214430,2026-01-30,12:30:00,128100,128100,127500,127500,948,121070000,109,839
214430,2026-01-30,12:35:00,127400,127600,127300,127400,509,64890000,203,306
214430,2026-01-30,12:40:00,127400,127800,126900,127100,1013,129000000,276,737
214430,2026-01-30,12:45:00,127100,128400,127100,127900,506,64660000,244,262
214430,2026-01-30,12:50:00,127900,129500,127800,129300,2625,337480000,2246,379
214430,2026-01-30,12:55:00,128900,129400,128600,129400,882,113750000,552,330
214430,2026-01-30,13:00:00,129000,129500,128800,129300,370,47790000,197,173
214430,2026-01-30,13:05:00,129300,129900,128900,129700,980,126780000,455,525
214430,2026-01-30,13:10:00,129700,129900,129100,129300,450,58360000,183,267
214430,2026-01-30,13:15:00,129700,129700,129400,129600,334,43260000,109,225
214430,2026-01-30,13:20:00,129600,129700,129400,129600,342,44340000,175,167
214430,2026-01-30,13:25:00,129600,129600,129300,129500,314,40670000,180,134
214430,2026-01-30,13:30:00,129500,129700,129000,129700,520,67210000,293,227
214430,2026-01-30,13:35:00,129600,129800,128600,129200,792,102390000,352,440
214430,2026-01-30,13:40:00,129500,129500,129400,129450,395,51120000,179,216
214430,2026-01-30,13:45:00,129450,129900,129400,129700,601,77890000,420,181
214430,2026-01-30,13:50:00,129700,130200,129700,130200,877,113900000,586,291
214430,2026-01-30,13:55:00,130200,130500,130000,130100,550,71600000,173,377
214430,2026-01-30,14:00:00,130200,130200,129600,129800,631,81990000,142,489
214430,2026-01-30,14:05:00,129800,130000,129400,129900,788,102250000,544,244
214430,2026-01-30,14:10:00,129900,129900,129200,129800,899,116410000,549,350
214430,2026-01-30,14:15:00,129800,130000,129600,129800,760,98670000,193,567
214430,2026-01-30,14:20:00,129700,129900,129200,129900,1088,141000000,588,500
214430,2026-01-30,14:25:00,129700,130000,129200,129900,559,72510000,243,316
214430,2026-01-30,14:30:00,129800,130000,129600,129800,471,61160000,302,169
214430,2026-01-30,14:35:00,129800,130700,129800,130600,1566,203830000,1295,271
214430,2026-01-30,14:40:00,130400,131000,130400,130700,548,71690000,275,273
214430,2026-01-30,14:45:00,131100,131100,130300,130300,706,92210000,193,513
214430,2026-01-30,14:50:00,130400,130600,129200,129800,478,62070000,126,352
214430,2026-01-30,14:55:00,129800,130900,129300,129800,870,113150000,327,543
214430,2026-01-30,15:00:00,129800,130500,129800,130000,582,75780000,195,387
214430,2026-01-30,15:05:00,130000,130000,129000,129000,880,114010000,225,655
214430,2026-01-30,15:10:00,129000,129500,128300,129300,1307,168430000,726,581
214430,2026-01-30,15:15:00,129300,129300,127500,128100,1685,216300000,441,1244
214430,2026-01-30,15:20:00,128200,130500,128200,129500,2541,327650000,1799,742
214430,2026-01-30,15:30:00,130000,130000,130000,130000,2525,328250000,2525,0
214430,2026-02-02,09:05:00,125100,125100,122300,122600,4365,539500000,1635,2730
214430,2026-02-02,09:10:00,122700,126300,122600,126300,1876,234190000,1304,572
214430,2026-02-02,09:15:00,125800,128200,125800,128200,1511,191050000,915,596
214430,2026-02-02,09:20:00,127800,128200,126200,127400,1941,247150000,786,1155
214430,2026-02-02,09:25:00,127100,128600,126600,128400,2245,285850000,1369,876
214430,2026-02-02,09:30:00,128300,128400,127700,128400,698,89350000,349,349
214430,2026-02-02,09:35:00,128200,128500,126600,127400,1124,143210000,674,450
214430,2026-02-02,09:40:00,126800,127400,125900,126000,1340,169090000,436,904
214430,2026-02-02,09:45:00,125900,126100,124500,124600,1716,215050000,279,1437
214430,2026-02-02,09:50:00,124700,125400,124000,125200,1910,238390000,1168,742
214430,2026-02-02,09:55:00,125200,125500,124500,124600,654,81660000,327,327
214430,2026-02-02,10:00:00,124500,125400,124100,124900,450,56060000,180,270
214430,2026-02-02,10:05:00,124800,124900,124200,124400,450,56040000,240,210
214430,2026-02-02,10:10:00,124400,124600,123900,124100,1195,148480000,329,866
214430,2026-02-02,10:15:00,124100,125700,123600,124100,746,92580000,258,488
214430,2026-02-02,10:20:00,124300,125800,124000,125000,663,82760000,300,363
214430,2026-02-02,10:25:00,124800,126000,124500,125400,692,86590000,444,248
214430,2026-02-02,10:30:00,125400,126000,124300,124600,1223,153010000,575,648
214430,2026-02-02,10:35:00,124600,125900,124400,125200,510,63680000,245,265
214430,2026-02-02,10:40:00,125900,126500,124700,124700,525,66050000,362,163
214430,2026-02-02,10:45:00,124700,125400,123700,123700,1395,173330000,415,980
214430,2026-02-02,10:50:00,123600,125000,123300,124400,1577,194810000,1184,393
214430,2026-02-02,10:55:00,125000,125600,124200,125100,1694,211280000,1343,351
214430,2026-02-02,11:00:00,125300,125900,123500,123600,400,49990000,141,259
214430,2026-02-02,11:05:00,123600,124400,123100,123200,938,115680000,334,604
214430,2026-02-02,11:10:00,123200,123500,123100,123100,621,76480000,239,382
214430,2026-02-02,11:15:00,123050,123200,122400,122400,1252,153500000,360,892
214430,2026-02-02,11:20:00,122400,123200,122200,122200,782,95720000,49,733
214430,2026-02-02,11:25:00,122200,123100,122100,123000,864,105670000,476,388
214430,2026-02-02,11:30:00,122900,123000,122200,122800,197,24150000,66,131
214430,2026-02-02,11:35:00,122900,123500,122400,122400,430,52870000,227,203
214430,2026-02-02,11:40:00,122400,122800,122100,122300,328,40100000,138,190
214430,2026-02-02,11:45:00,122300,123100,122300,122600,228,28010000,127,101
214430,2026-02-02,11:50:00,122600,122800,122300,122400,358,43850000,136,222
214430,2026-02-02,11:55:00,122200,122200,121000,122200,1636,199010000,632,1004
214430,2026-02-02,12:00:00,122200,123500,121700,122000,149,18270000,81,68
214430,2026-02-02,12:05:00,122000,122800,121100,121200,687,83680000,178,509
214430,2026-02-02,12:10:00,121200,122300,121000,121900,158,19230000,95,63
214430,2026-02-02,12:15:00,121900,121900,121200,121200,260,31550000,134,126
214430,2026-02-02,12:20:00,121100,122200,120600,120600,789,95480000,369,420
214430,2026-02-02,12:25:00,120700,120700,119900,120200,1636,196720000,724,912
214430,2026-02-02,12:30:00,120400,121000,119400,119700,1205,144450000,648,557
214430,2026-02-02,12:35:00,119700,120600,119500,120500,1032,123930000,623,409
214430,2026-02-02,12:40:00,120400,120400,119100,119100,1447,172870000,632,815
214430,2026-02-02,12:45:00,119200,119600,119200,119200,571,68180000,288,283
214430,2026-02-02,12:50:00,119200,120200,119100,120000,2105,251650000,1681,424
214430,2026-02-02,12:55:00,119700,120000,118600,118800,1718,204540000,404,1314
214430,2026-02-02,13:00:00,118800,119600,118000,118300,2724,323030000,1959,765
214430,2026-02-02,13:05:00,118700,119900,118700,118700,1114,132750000,519,595
214430,2026-02-02,13:10:00,118700,119200,118000,118000,1237,146730000,307,930
214430,2026-02-02,13:15:00,118000,119900,118000,119900,1311,155630000,789,522
214430,2026-02-02,13:20:00,119900,121700,119400,121700,2067,249980000,1223,844
214430,2026-02-02,13:25:00,121700,123100,120700,121000,1871,227980000,953,918
214430,2026-02-02,13:30:00,121000,121300,121000,121300,499,60490000,207,292
214430,2026-02-02,13:35:00,121200,121200,120100,120300,1004,120930000,568,436
214430,2026-02-02,13:40:00,120600,121400,120400,121400,710,85990000,512,198
214430,2026-02-02,13:45:00,121400,121500,120900,120900,388,46970000,45,343
214430,2026-02-02,13:50:00,121000,121200,120300,120400,501,60480000,224,277
214430,2026-02-02,13:55:00,120400,120400,119300,119600,911,109220000,338,573
214430,2026-02-02,14:00:00,119700,120400,119200,119600,1554,186000000,596,958
214430,2026-02-02,14:05:00,119500,119500,118600,118800,942,112140000,199,743
214430,2026-02-02,14:10:00,118800,119300,118700,118800,269,31970000,185,84
214430,2026-02-02,14:15:00,119200,119200,118500,119000,1448,171940000,1097,351
214430,2026-02-02,14:20:00,119100,119300,118600,118900,716,85170000,400,316
214430,2026-02-02,14:25:00,119300,119400,118900,119000,505,60200000,387,118
214430,2026-02-02,14:30:00,119200,121500,118800,120700,3869,462930000,2617,1252
214430,2026-02-02,14:35:00,120800,121000,120000,120600,457,55030000,321,136
214430,2026-02-02,14:40:00,120200,121100,120200,121100,1257,151880000,1193,64
214430,2026-02-02,14:45:00,120900,121500,120800,120800,628,76040000,366,262
214430,2026-02-02,14:50:00,120900,121200,119700,119800,980,117760000,396,584
214430,2026-02-02,14:55:00,120000,120400,119500,119600,1129,135160000,608,521
214430,2026-02-02,15:00:00,119500,120200,119400,119900,1269,151830000,892,377
214430,2026-02-02,15:05:00,120000,120100,119500,120100,1208,144670000,523,685
214430,2026-02-02,15:10:00,119700,120100,119400,119500,702,83990000,328,374
214430,2026-02-02,15:15:00,119400,119500,118700,118900,1911,227590000,532,1379
214430,2026-02-02,15:20:00,118900,119200,118300,119000,2908,345470000,1391,1517
214430,2026-02-02,15:30:00,119000,119000,119000,119000,2510,298680000,2509,0
214430,2026-02-03,09:05:00,124800,124800,121300,122700,1974,243280000,1092,882
214430,2026-02-03,09:10:00,122700,124300,122000,124000,2807,346400000,1664,1143
214430,2026-02-03,09:15:00,124000,124300,123100,124200,1386,171800000,615,771
214430,2026-02-03,09:20:00,124300,126000,124200,125100,2266,283690000,1565,701
214430,2026-02-03,09:25:00,125100,128900,124000,128600,5297,673200000,3216,2081
214430,2026-02-03,09:30:00,128600,130100,121700,129400,3420,440670000,2024,1396
214430,2026-02-03,09:35:00,129400,129400,128000,128400,3511,451990000,1287,2224
214430,2026-02-03,09:40:00,128400,129300,127300,128000,3650,468050000,906,2744
214430,2026-02-03,09:45:00,128100,129200,127400,128400,1885,241210000,1141,744
214430,2026-02-03,09:50:00,129200,129200,127400,127700,818,104910000,400,418
214430,2026-02-03,09:55:00,128200,128600,127000,128200,1106,141250000,448,658
214430,2026-02-03,10:00:00,128200,128700,127900,128100,555,71230000,128,427
214430,2026-02-03,10:05:00,128200,128500,126000,127700,2552,324210000,1925,627
214430,2026-02-03,10:10:00,127800,127800,126400,126900,2327,295540000,1855,472
214430,2026-02-03,10:15:00,126900,126900,125500,125600,386,48660000,87,299
214430,2026-02-03,10:20:00,125500,126500,125100,126300,480,60370000,296,184
214430,2026-02-03,10:25:00,126300,126500,125200,126500,625,78710000,373,252
214430,2026-02-03,10:30:00,126500,127800,126500,127000,1698,215570000,874,824
214430,2026-02-03,10:35:00,127000,127000,126500,127000,418,53020000,363,55
214430,2026-02-03,10:40:00,126900,128900,126900,128800,1173,149690000,860,313
214430,2026-02-03,10:45:00,128800,129500,128700,129100,464,59870000,247,217
214430,2026-02-03,10:50:00,129200,130100,128700,129600,2947,382160000,2371,576
214430,2026-02-03,10:55:00,130100,131800,129000,129400,3476,454060000,1972,1504
214430,2026-02-03,11:00:00,129100,130000,129000,129800,721,93310000,230,491
214430,2026-02-03,11:05:00,129800,129800,128500,129000,799,102960000,169,630
214430,2026-02-03,11:10:00,128700,129900,128600,129800,1111,143930000,386,725
214430,2026-02-03,11:15:00,129800,130800,129300,130800,1557,202630000,928,629
214430,2026-02-03,11:20:00,130500,130500,129800,129900,366,47620000,121,245
214430,2026-02-03,11:25:00,129700,129900,128900,129100,363,46890000,164,199
214430,2026-02-03,11:30:00,129100,129800,128700,129600,190,24590000,115,75
214430,2026-02-03,11:35:00,129600,129900,129100,129300,243,31470000,124,119
214430,2026-02-03,11:40:00,129300,129300,128500,129000,407,52420000,107,300
214430,2026-02-03,11:45:00,128900,129600,128800,129600,161,20790000,106,55
214430,2026-02-03,11:50:00,129700,129700,128200,128800,244,31390000,137,107
214430,2026-02-03,11:55:00,128800,129900,128200,129800,433,56040000,209,224
214430,2026-02-03,12:00:00,129800,129900,129000,129700,289,37460000,139,150
214430,2026-02-03,12:05:00,129700,129900,129400,129900,191,24760000,51,140
214430,2026-02-03,12:10:00,129900,129900,129200,129700,220,28490000,44,176
214430,2026-02-03,12:15:00,129600,129600,128700,129000,128,16530000,91,37
214430,2026-02-03,12:20:00,129000,129100,128200,128700,155,19900000,56,99
214430,2026-02-03,12:25:00,128600,128700,127100,128200,610,78090000,185,425
214430,2026-02-03,12:30:00,127500,128000,126300,127900,659,83830000,229,430
214430,2026-02-03,12:35:00,127100,127900,126500,127800,693,88030000,400,293
214430,2026-02-03,12:40:00,127200,127700,126900,126900,237,30150000,103,134
214430,2026-02-03,12:45:00,126900,127900,126700,126700,685,87090000,378,307
214430,2026-02-03,12:50:00,126600,126900,126100,126500,393,49730000,263,130
214430,2026-02-03,12:55:00,126500,126900,126400,126500,746,94390000,266,480
214430,2026-02-03,13:00:00,126900,126900,126100,126500,131,16570000,41,90
214430,2026-02-03,13:05:00,126400,126700,126400,126600,207,26200000,144,63
214430,2026-02-03,13:10:00,126600,126900,126200,126700,235,29720000,166,69
214430,2026-02-03,13:15:00,126700,126900,126600,126600,286,36230000,107,179
214430,2026-02-03,13:20:00,126700,127300,126600,127100,1111,141060000,885,226
214430,2026-02-03,13:25:00,127200,128700,127200,128700,520,66470000,494,26
214430,2026-02-03,13:30:00,128700,129200,128300,129100,576,74100000,469,107
214430,2026-02-03,13:35:00,129100,129900,128900,128900,775,100450000,405,370
214430,2026-02-03,13:40:00,129000,129400,128900,129100,110,14210000,49,61
214430,2026-02-03,13:45:00,129100,129300,128200,128400,509,65560000,106,403
214430,2026-02-03,13:50:00,128400,129700,128400,129600,275,35550000,179,96
214430,2026-02-03,13:55:00,129600,129600,128500,128700,345,44600000,95,250
214430,2026-02-03,14:00:00,128700,129000,128600,128700,341,43890000,137,204
214430,2026-02-03,14:05:00,128600,129700,128600,129500,495,63820000,293,202
214430,2026-02-03,14:10:00,129600,129700,129000,129100,224,29020000,44,180
214430,2026-02-03,14:15:00,129500,129500,128900,128900,233,30130000,137,96
214430,2026-02-03,14:20:00,128900,129400,128600,129200,243,31360000,176,67
214430,2026-02-03,14:25:00,129200,129800,128700,129600,303,39250000,160,143
214430,2026-02-03,14:30:00,129500,130000,129400,129800,751,97450000,499,252
214430,2026-02-03,14:35:00,129900,130000,129600,129600,533,69160000,167,366
214430,2026-02-03,14:40:00,129600,129900,129400,129500,660,85620000,310,350
214430,2026-02-03,14:45:00,129400,129900,129200,129800,616,79670000,324,292
214430,2026-02-03,14:50:00,129500,129800,129100,129300,719,93010000,54,665
214430,2026-02-03,14:55:00,129300,129800,128700,129700,921,119330000,409,512
214430,2026-02-03,15:00:00,129600,129700,128900,129600,642,83160000,209,433
214430,2026-02-03,15:05:00,129400,129600,128900,129000,222,28710000,70,152
214430,2026-02-03,15:10:00,128800,129900,128700,129700,755,97700000,306,449
214430,2026-02-03,15:15:00,129700,129800,128900,129100,2007,259210000,1374,633
214430,2026-02-03,15:20:00,129000,129900,128900,129900,2269,293260000,1539,730
214430,2026-02-03,15:30:00,129900,129900,129900,129900,1503,195230000,1502,0
214430,2026-02-04,09:05:00,127900,127900,125100,126000,1495,189000000,727,768
214430,2026-02-04,09:10:00,125700,128500,124500,127200,3885,489410000,2418,1467
214430,2026-02-04,09:15:00,127200,127800,126000,126000,563,71370000,131,432
214430,2026-02-04,09:20:00,125900,126700,125000,126200,1992,251020000,1318,674
214430,2026-02-04,09:25:00,126200,126900,125000,125000,922,116170000,656,266
214430,2026-02-04,09:30:00,124900,125000,122500,124300,2253,279280000,894,1359
214430,2026-02-04,09:35:00,124300,126200,124300,124700,998,124960000,459,539
214430,2026-02-04,09:40:00,124800,125500,124300,124600,883,110010000,371,512
214430,2026-02-04,09:45:00,125000,125000,123900,124600,817,101640000,356,461
214430,2026-02-04,09:50:00,124700,125500,124600,125400,1243,155350000,407,836
214430,2026-02-04,09:55:00,125400,125900,124200,124200,472,58930000,239,233
214430,2026-02-04,10:00:00,124300,125100,124200,124500,659,82010000,437,222
214430,2026-02-04,10:05:00,124600,125300,124000,125300,556,69120000,155,401
214430,2026-02-04,10:10:00,125300,126600,125100,125400,833,104720000,399,434
214430,2026-02-04,10:15:00,125800,125800,124800,125100,727,91020000,585,142
214430,2026-02-04,10:20:00,125100,125700,125000,125300,637,79720000,269,368
214430,2026-02-04,10:25:00,125300,125400,124500,124600,1825,228130000,211,1614
214430,2026-02-04,10:30:00,124600,124900,124500,124700,319,39770000,107,212
214430,2026-02-04,10:35:00,124700,125000,124600,124700,195,24330000,92,103
214430,2026-02-04,10:40:00,124700,125800,124700,125200,1604,200520000,1548,56
214430,2026-02-04,10:45:00,125100,125400,124800,124900,268,33490000,101,167
214430,2026-02-04,10:50:00,125000,125000,124100,124600,811,101090000,73,738
214430,2026-02-04,10:55:00,124600,124900,124100,124700,506,62860000,349,157
214430,2026-02-04,11:00:00,124600,124600,124200,124500,311,38640000,90,221
214430,2026-02-04,11:05:00,124300,124500,123000,124000,2114,261310000,179,1935
214430,2026-02-04,11:10:00,124000,124500,123700,124500,766,95190000,453,313
214430,2026-02-04,11:15:00,124300,124400,123800,124000,1222,151680000,228,994
214430,2026-02-04,11:20:00,124200,124300,123700,124100,398,49310000,226,172
214430,2026-02-04,11:25:00,124000,124100,123300,123400,699,86450000,83,616
214430,2026-02-04,11:30:00,123400,124100,122900,123400,2345,288670000,1346,999
214430,2026-02-04,11:35:00,123400,123800,123100,123600,406,50120000,331,75
214430,2026-02-04,11:40:00,123700,124100,123600,124000,548,67820000,291,257
214430,2026-02-04,11:45:00,123900,124100,123700,123800,254,31430000,119,135
214430,2026-02-04,11:50:00,123700,124100,123700,123700,437,54130000,329,108
214430,2026-02-04,11:55:00,123700,123900,123100,123300,937,115690000,244,693
214430,2026-02-04,12:00:00,123200,123400,122600,122700,1617,198680000,551,1066
214430,2026-02-04,12:05:00,122800,123300,122600,122800,1107,135860000,600,507
214430,2026-02-04,12:10:00,122800,123100,122600,122700,290,35600000,150,140
214430,2026-02-04,12:15:00,122600,122900,122000,122400,2338,285800000,478,1860
214430,2026-02-04,12:20:00,122500,122900,122300,122400,391,47880000,190,201
214430,2026-02-04,12:25:00,122400,122900,122400,122700,245,30020000,94,151
214430,2026-02-04,12:30:00,122700,123200,122500,122800,717,88020000,437,280
214430,2026-02-04,12:35:00,122800,123000,122700,123000,285,35020000,215,70
214430,2026-02-04,12:40:00,123000,123200,122700,123200,340,41810000,198,142
214430,2026-02-04,12:45:00,123100,123300,122800,122900,402,49460000,240,162
214430,2026-02-04,12:50:00,122900,122900,122150,122700,743,91080000,164,579
214430,2026-02-04,12:55:00,122200,122900,121900,122900,1193,145740000,698,495
214430,2026-02-04,13:00:00,122700,122800,121800,122350,853,104360000,417,436
214430,2026-02-04,13:05:00,122350,122400,121800,122300,929,113450000,538,391
214430,2026-02-04,13:10:00,122200,122200,121700,121700,1083,132010000,250,833
214430,2026-02-04,13:15:00,121800,121800,121200,121200,919,111620000,224,695
214430,2026-02-04,13:20:00,121300,121700,121100,121500,515,62470000,346,169
214430,2026-02-04,13:25:00,121200,121500,120900,121000,1122,135900000,463,659
214430,2026-02-04,13:30:00,121300,121300,120700,120900,614,74290000,245,369
214430,2026-02-04,13:35:00,120900,121900,120600,121100,1045,126480000,298,747
214430,2026-02-04,13:40:00,121100,121300,120900,120900,277,33540000,170,107
214430,2026-02-04,13:45:00,121300,121500,121100,121300,274,33240000,168,106
214430,2026-02-04,13:50:00,121350,121900,121200,121400,685,83180000,276,409
214430,2026-02-04,13:55:00,121500,121600,121100,121100,334,40510000,159,175
214430,2026-02-04,14:00:00,121100,121400,120900,120900,386,46780000,174,212
214430,2026-02-04,14:05:00,121400,121400,120500,120800,747,90230000,139,608
214430,2026-02-04,14:10:00,121000,121400,120700,121200,601,72820000,239,362
214430,2026-02-04,14:15:00,121200,121500,121100,121200,442,53580000,48,394
214430,2026-02-04,14:20:00,121200,121800,121200,121800,289,35110000,199,90
214430,2026-02-04,14:25:00,121600,121900,121500,121700,293,35650000,154,139
214430,2026-02-04,14:30:00,121900,121900,121000,121400,527,63930000,94,433
214430,2026-02-04,14:35:00,121400,121700,121200,121500,250,30370000,149,101
214430,2026-02-04,14:40:00,121300,121700,121200,121500,298,36180000,172,126
214430,2026-02-04,14:45:00,121500,121700,121200,121400,440,53400000,230,210
214430,2026-02-04,14:50:00,121300,121800,121300,121300,550,66760000,279,271
214430,2026-02-04,14:55:00,121500,121800,121500,121800,489,59540000,358,131
214430,2026-02-04,15:00:00,121800,122000,121700,121800,820,99890000,267,553
214430,2026-02-04,15:05:00,121800,122300,121800,122300,550,67120000,384,166
214430,2026-02-04,15:10:00,122300,122500,122000,122500,579,70770000,282,297
214430,2026-02-04,15:15:00,122400,122800,122200,122600,1434,175660000,530,904
214430,2026-02-04,15:20:00,122600,123800,122400,123800,1324,162640000,814,510
214430,2026-02-04,15:30:00,123600,123600,123600,123600,1382,170810000,1361,0
214430,2026-02-05,09:05:00,118200,118200,116400,116900,3355,392830000,1591,1764
214430,2026-02-05,09:10:00,116700,117100,115600,116000,3685,427680000,1489,2196
214430,2026-02-05,09:15:00,116000,117800,115600,117800,4164,483550000,2755,1409
214430,2026-02-05,09:20:00,117300,117600,116500,117500,1103,128810000,877,226
214430,2026-02-05,09:25:00,117400,117700,116500,117400,3141,367100000,2584,557
214430,2026-02-05,09:30:00,117500,118200,117000,117800,524,61580000,254,270
214430,2026-02-05,09:35:00,117600,118300,117600,117900,689,81380000,292,397
214430,2026-02-05,09:40:00,117900,118200,116400,116400,1259,147330000,294,965
214430,2026-02-05,09:45:00,116300,116400,115500,115600,1161,134490000,295,866
214430,2026-02-05,09:50:00,115500,115500,114100,114700,2102,241660000,654,1448
214430,2026-02-05,09:55:00,115100,115500,114500,114800,1150,132240000,338,812
214430,2026-02-05,10:00:00,114800,114900,113600,113600,1784,203660000,1001,783
214430,2026-02-05,10:05:00,113700,114400,113400,114100,2394,271990000,882,1512
214430,2026-02-05,10:10:00,114100,114600,113600,114600,1092,124550000,492,600
214430,2026-02-05,10:15:00,114400,114500,113900,114400,702,80060000,363,339
214430,2026-02-05,10:20:00,114300,114800,113900,114400,745,85260000,373,372
214430,2026-02-05,10:25:00,114500,114500,113800,113900,1304,148740000,642,662
214430,2026-02-05,10:30:00,114000,114400,113800,113900,542,61760000,299,243
214430,2026-02-05,10:35:00,113900,114700,113700,114400,934,106740000,625,309
214430,2026-02-05,10:40:00,114500,114500,113900,114200,396,45190000,314,82
214430,2026-02-05,10:45:00,114200,114500,113600,113600,936,106610000,290,646
214430,2026-02-05,10:50:00,113600,113700,113300,113300,869,98610000,278,591
214430,2026-02-05,10:55:00,113300,113700,113000,113000,1128,127600000,303,825
214430,2026-02-05,11:00:00,113000,113600,112400,113200,867,97890000,212,655
214430,2026-02-05,11:05:00,113100,113200,112100,112500,1011,113770000,607,404
214430,2026-02-05,11:10:00,112600,112900,111800,112000,1249,140180000,532,717
214430,2026-02-05,11:15:00,112400,114000,111700,112200,878,98580000,541,337
214430,2026-02-05,11:20:00,111800,112400,111600,112000,1186,132670000,765,421
214430,2026-02-05,11:25:00,111900,112200,111500,111900,860,96060000,384,476
214430,2026-02-05,11:30:00,111900,113100,111700,113000,3017,340430000,2772,245
214430,2026-02-05,11:35:00,113100,113300,112100,112300,349,39300000,151,198
214430,2026-02-05,11:40:00,112200,112800,112100,112600,447,50220000,230,217
214430,2026-02-05,11:45:00,112600,112800,112000,112500,772,86810000,136,636
214430,2026-02-05,11:50:00,112500,112500,111600,111900,474,53070000,256,218
214430,2026-02-05,11:55:00,112000,112100,111600,111600,643,71850000,347,296
214430,2026-02-05,12:00:00,111600,112000,111500,112000,681,76010000,223,458
214430,2026-02-05,12:05:00,111600,111900,111400,111800,435,48530000,170,265
214430,2026-02-05,12:10:00,111800,112100,111400,111700,481,53740000,176,305
214430,2026-02-05,12:15:00,111900,112400,111600,112000,469,52480000,265,204
214430,2026-02-05,12:20:00,111900,112400,111900,112200,773,86650000,388,385
214430,2026-02-05,12:25:00,112200,112400,112000,112000,284,31860000,164,120
214430,2026-02-05,12:30:00,112000,112200,111600,111700,545,60970000,86,459
214430,2026-02-05,12:35:00,111700,112000,111500,111500,244,27240000,84,160
214430,2026-02-05,12:40:00,111600,112200,111400,111900,809,90370000,459,350
214430,2026-02-05,12:45:00,111900,112100,111400,111600,434,48500000,149,285
214430,2026-02-05,12:50:00,111700,112000,111300,111300,758,84520000,87,671
214430,2026-02-05,12:55:00,111300,111700,110900,111400,1700,188790000,225,1475
214430,2026-02-05,13:00:00,111300,112000,111100,111600,433,48300000,269,164
214430,2026-02-05,13:05:00,111500,112300,111500,111700,862,96310000,509,353
214430,2026-02-05,13:10:00,111800,112000,111000,111400,1051,117010000,353,698
214430,2026-02-05,13:15:00,111600,111800,111200,111400,458,51000000,175,283
214430,2026-02-05,13:20:00,111300,111800,110900,111100,1175,130590000,504,671
214430,2026-02-05,13:25:00,111300,111600,111100,111300,415,46180000,303,112
214430,2026-02-05,13:30:00,111300,111800,111100,111700,711,79260000,216,495
214430,2026-02-05,13:35:00,111700,111900,110900,111800,1261,140370000,291,970
214430,2026-02-05,13:40:00,111800,112000,111100,111400,697,77840000,181,516
214430,2026-02-05,13:45:00,111300,112100,111200,111800,522,58320000,387,135
214430,2026-02-05,13:50:00,111800,112200,111200,111700,876,97620000,468,408
214430,2026-02-05,13:55:00,111700,112100,111400,111400,745,83200000,493,252
214430,2026-02-05,14:00:00,111400,111900,111100,111600,1094,121840000,701,393
214430,2026-02-05,14:05:00,111600,111700,110900,111200,1663,184630000,190,1473
214430,2026-02-05,14:10:00,111300,111900,111000,111100,288,32040000,127,161
214430,2026-02-05,14:15:00,111100,111700,110900,111400,598,66550000,165,433
214430,2026-02-05,14:20:00,111300,111700,111000,111000,1084,120460000,653,431
214430,2026-02-05,14:25:00,111500,111700,111000,111400,711,79020000,301,410
214430,2026-02-05,14:30:00,111200,111800,111100,111300,642,71550000,426,216
214430,2026-02-05,14:35:00,111300,111800,111300,111500,360,40150000,185,175
214430,2026-02-05,14:40:00,111600,112300,111200,111600,802,89540000,472,330
214430,2026-02-05,14:45:00,111600,112300,111200,111200,948,105880000,222,726
214430,2026-02-05,14:50:00,111200,111400,110800,110800,1530,169820000,181,1349
214430,2026-02-05,14:55:00,110800,111300,110800,110800,1749,193980000,450,1299
214430,2026-02-05,15:00:00,110800,111100,110700,110700,2582,286110000,291,2291
214430,2026-02-05,15:05:00,110800,111000,110000,110200,6998,774290000,601,6397
214430,2026-02-05,15:10:00,110300,111200,110100,110700,1913,211420000,756,1157
214430,2026-02-05,15:15:00,110700,111200,110700,111000,3697,410140000,993,2704
214430,2026-02-05,15:20:00,110800,111900,110700,111900,1510,167750000,750,760
214430,2026-02-05,15:30:00,111900,111900,111900,111900,2382,266540000,2382,0
214430,2026-02-06,09:05:00,108900,108900,104100,104400,5046,532840000,1800,3246
214430,2026-02-06,09:10:00,104200,104400,98800,103500,2504,258880000,919,1585
214430,2026-02-06,09:15:00,103500,105000,102500,102800,4809,499450000,3143,1666
214430,2026-02-06,09:20:00,102900,103900,101000,101600,7673,783250000,4153,3520
214430,2026-02-06,09:25:00,101600,104000,100500,103700,6477,656620000,4543,1934
214430,2026-02-06,09:30:00,103600,103700,101900,102500,1772,182850000,981,791
214430,2026-02-06,09:35:00,102400,103600,102400,103400,1592,164220000,1163,429
214430,2026-02-06,09:40:00,103400,105000,103100,103800,2230,232450000,1779,451
214430,2026-02-06,09:45:00,104500,105600,103800,104300,1337,140140000,833,504
214430,2026-02-06,09:50:00,104200,105500,103900,104500,1451,151680000,1082,369
214430,2026-02-06,09:55:00,104500,105600,104500,105300,920,96790000,385,535
214430,2026-02-06,10:00:00,105300,107000,104600,106900,2270,240370000,1240,1030
214430,2026-02-06,10:05:00,106800,107000,105400,106300,1419,150820000,825,594
214430,2026-02-06,10:10:00,106300,107100,105900,106200,1846,196210000,1403,443
214430,2026-02-06,10:15:00,106100,106700,105500,106300,1492,158180000,820,672
214430,2026-02-06,10:20:00,106300,107100,105800,106200,868,92450000,490,378
214430,2026-02-06,10:25:00,106200,107000,106100,106300,1352,143770000,777,575
214430,2026-02-06,10:30:00,106300,106300,105300,105300,1300,137470000,520,780
214430,2026-02-06,10:35:00,105500,105800,105100,105300,473,49810000,204,269
214430,2026-02-06,10:40:00,105300,106200,105200,105900,1209,127880000,911,298
214430,2026-02-06,10:45:00,105900,107200,105500,107200,1140,121060000,904,236
214430,2026-02-06,10:50:00,107200,107700,106700,107500,3490,374300000,3095,395
214430,2026-02-06,10:55:00,107700,107700,107100,107200,496,53230000,235,261
214430,2026-02-06,11:00:00,107300,107800,107200,107800,473,50860000,192,281
214430,2026-02-06,11:05:00,107800,108300,107400,107700,725,78240000,434,291
214430,2026-02-06,11:10:00,107900,107900,107000,107600,493,52990000,236,257
214430,2026-02-06,11:15:00,107700,108900,107600,108300,597,64600000,356,241
214430,2026-02-06,11:20:00,108200,108900,107800,108400,605,65490000,201,404
214430,2026-02-06,11:25:00,108100,108500,107700,107900,1498,161830000,842,656
214430,2026-02-06,11:30:00,107800,108700,107300,108700,948,102450000,468,480
214430,2026-02-06,11:35:00,108800,108800,108000,108700,365,39570000,130,235
214430,2026-02-06,11:40:00,108500,109700,108500,109600,1211,131950000,680,531
214430,2026-02-06,11:45:00,109600,109800,109000,109500,1471,161140000,550,921
214430,2026-02-06,11:50:00,109500,109500,108400,108900,691,75280000,354,337
214430,2026-02-06,11:55:00,109000,109000,108300,108600,445,48340000,168,277
214430,2026-02-06,12:00:00,108300,108600,108100,108100,438,47460000,174,264
214430,2026-02-06,12:05:00,108100,108500,107800,108300,541,58480000,177,364
214430,2026-02-06,12:10:00,108300,108500,107900,107900,393,42530000,191,202
214430,2026-02-06,12:15:00,108400,108400,107700,108100,324,34950000,73,251
214430,2026-02-06,12:20:00,107900,108100,107100,107600,931,100130000,221,710
214430,2026-02-06,12:25:00,107900,107900,107100,107300,764,82000000,363,401
214430,2026-02-06,12:30:00,107300,107900,107200,107700,390,41920000,249,141
214430,2026-02-06,12:35:00,107700,108800,107600,108800,902,97820000,542,360
214430,2026-02-06,12:40:00,108800,110000,107900,108400,570,62030000,252,318
214430,2026-02-06,12:45:00,108400,108400,107400,107700,383,41290000,123,260
214430,2026-02-06,12:50:00,107700,108200,107000,108100,639,68630000,254,385
214430,2026-02-06,12:55:00,108100,108400,106900,108200,721,77580000,184,537
214430,2026-02-06,13:00:00,107800,108200,107700,108200,350,37800000,171,179
214430,2026-02-06,13:05:00,108200,108800,108000,108300,1340,145070000,485,855
214430,2026-02-06,13:10:00,108200,108200,107500,107700,442,47600000,186,256
214430,2026-02-06,13:15:00,107700,107800,107500,107700,410,44120000,173,237
214430,2026-02-06,13:20:00,107700,108400,107700,107800,969,104520000,855,114
214430,2026-02-06,13:25:00,107800,107800,107300,107500,253,27200000,53,200
214430,2026-02-06,13:30:00,107500,107800,107400,107700,284,30570000,107,177
214430,2026-02-06,13:35:00,107700,107900,107200,107200,784,84290000,85,699
214430,2026-02-06,13:40:00,107100,107400,106800,107100,516,55270000,139,377
214430,2026-02-06,13:45:00,107100,107300,106600,106600,505,54030000,197,308
214430,2026-02-06,13:50:00,106600,107400,106300,106900,753,80300000,205,548
214430,2026-02-06,13:55:00,106800,106900,106200,106500,674,71940000,108,566
214430,2026-02-06,14:00:00,106500,106800,106000,106700,964,102440000,545,419
214430,2026-02-06,14:05:00,106700,106800,105900,105900,1244,132080000,793,451
214430,2026-02-06,14:10:00,105900,106000,105500,105700,719,75990000,242,477
214430,2026-02-06,14:15:00,105700,106100,105500,106100,698,73740000,367,331
214430,2026-02-06,14:20:00,106100,106800,105500,105600,1601,169730000,1114,487
214430,2026-02-06,14:25:00,105900,106400,105500,106400,1247,131870000,986,261
214430,2026-02-06,14:30:00,106400,106900,105800,106500,1794,190740000,1017,777
214430,2026-02-06,14:35:00,106400,107400,106200,107000,2436,259410000,2024,412
214430,2026-02-06,14:40:00,106600,107200,106200,106900,398,42530000,250,148
214430,2026-02-06,14:45:00,106900,107000,106000,106600,1362,144780000,974,388
214430,2026-02-06,14:50:00,106600,107100,106400,106400,400,42660000,113,287
214430,2026-02-06,14:55:00,106400,107100,106100,106900,2212,235420000,1655,557
214430,2026-02-06,15:00:00,106900,107100,106400,106400,774,82730000,264,510
214430,2026-02-06,15:05:00,106900,107500,106500,107000,901,96380000,502,399
214430,2026-02-06,15:10:00,107100,108000,106700,107800,1035,111010000,525,510
214430,2026-02-06,15:15:00,107900,107900,107200,107300,854,91750000,227,627
214430,2026-02-06,15:20:00,107300,109900,107100,109800,1367,147860000,732,635
214430,2026-02-06,15:30:00,109700,109700,109700,109700,2568,281710000,2568,0
214430,2026-02-09,09:05:00,113000,115000,112600,112900,6254,708230000,3295,2959
214430,2026-02-09,09:10:00,112900,112900,111200,111400,2678,299970000,875,1803
214430,2026-02-09,09:15:00,111500,112000,111100,112000,1147,127940000,383,764
214430,2026-02-09,09:20:00,112100,112900,112000,112900,813,91490000,306,507
214430,2026-02-09,09:25:00,112900,114400,112700,114100,549,62440000,315,234
214430,2026-02-09,09:30:00,114100,114400,112600,112600,917,104120000,427,490
214430,2026-02-09,09:35:00,112700,113600,112700,113600,522,59000000,263,259
214430,2026-02-09,09:40:00,113100,113700,113000,113700,1082,122670000,601,481
214430,2026-02-09,09:45:00,113200,113700,113200,113500,334,37940000,219,115
214430,2026-02-09,09:50:00,113700,113900,113300,113800,489,55560000,177,312
214430,2026-02-09,09:55:00,113900,114000,113100,113900,803,91090000,468,335
214430,2026-02-09,10:00:00,113800,114700,113400,114100,804,91970000,373,431
214430,2026-02-09,10:05:00,114700,114900,113700,113700,945,108090000,202,743
214430,2026-02-09,10:10:00,114000,114100,113300,113600,400,45520000,79,321
214430,2026-02-09,10:15:00,113500,114800,113400,114700,648,73740000,484,164
214430,2026-02-09,10:20:00,114700,116200,114700,116000,1636,188860000,1158,478
214430,2026-02-09,10:25:00,116000,116100,114800,114900,887,102280000,262,625
214430,2026-02-09,10:30:00,114900,116100,114800,116100,668,77080000,385,283
214430,2026-02-09,10:35:00,116100,117000,115800,116300,1188,138500000,691,497
214430,2026-02-09,10:40:00,116600,117000,116200,116300,2810,327630000,1236,1574
214430,2026-02-09,10:45:00,116400,117300,116300,117200,1199,140170000,954,245
214430,2026-02-09,10:50:00,117200,117500,116500,116800,1017,119040000,412,605
214430,2026-02-09,10:55:00,116800,116900,115800,116000,961,111760000,193,768
214430,2026-02-09,11:00:00,116000,116400,115800,116400,303,35140000,134,169
214430,2026-02-09,11:05:00,116500,116600,116300,116500,426,49600000,359,67
214430,2026-02-09,11:10:00,116600,116900,116100,116300,584,68000000,86,498
214430,2026-02-09,11:15:00,116400,116400,115600,116000,579,67150000,243,336
214430,2026-02-09,11:20:00,116000,116300,115200,115300,842,97380000,188,654
214430,2026-02-09,11:25:00,115300,115800,115100,115700,959,110730000,600,359
214430,2026-02-09,11:30:00,115600,116000,115600,115800,575,66580000,132,443
214430,2026-02-09,11:35:00,115800,116400,115800,116300,357,41450000,163,194
214430,2026-02-09,11:40:00,116300,116500,116300,116300,498,58010000,297,201
214430,2026-02-09,11:45:00,116400,116400,116100,116300,507,58960000,338,169
214430,2026-02-09,11:50:00,116300,116300,116000,116100,955,110950000,136,819
214430,2026-02-09,11:55:00,116000,116700,116000,116600,447,52040000,332,115
214430,2026-02-09,12:00:00,116600,116700,115900,116000,666,77580000,91,575
214430,2026-02-09,12:05:00,116200,116300,115800,116300,375,43550000,202,173
214430,2026-02-09,12:10:00,116300,116700,116200,116500,340,39610000,171,169
214430,2026-02-09,12:15:00,116600,116700,116400,116700,282,32860000,177,105
214430,2026-02-09,12:20:00,116700,116900,116600,116600,527,61510000,250,277
214430,2026-02-09,12:25:00,116600,116800,116100,116700,331,38550000,114,217
214430,2026-02-09,12:30:00,116700,116700,116200,116500,406,47260000,233,173
214430,2026-02-09,12:35:00,116500,116600,116400,116500,294,34250000,133,161
214430,2026-02-09,12:40:00,116500,116600,116400,116600,397,46240000,245,152
214430,2026-02-09,12:45:00,116500,116600,116300,116600,397,46230000,231,166
214430,2026-02-09,12:50:00,116600,116800,116400,116700,408,47560000,279,129
214430,2026-02-09,12:55:00,116700,116800,116600,116600,324,37830000,167,157
214430,2026-02-09,13:00:00,116600,116800,116400,116600,525,61230000,245,280
214430,2026-02-09,13:05:00,116600,117700,116500,117600,1123,131530000,840,283
214430,2026-02-09,13:10:00,117600,118300,117600,117600,2108,248670000,1348,760
214430,2026-02-09,13:15:00,117700,117800,117100,117600,921,108200000,419,502
214430,2026-02-09,13:20:00,117600,118200,117500,118200,1087,127980000,751,336
214430,2026-02-09,13:25:00,118200,118200,117400,117400,1084,127600000,440,644
214430,2026-02-09,13:30:00,117800,118300,117400,118200,977,115280000,621,356
214430,2026-02-09,13:35:00,118300,118400,117800,117800,1035,122240000,424,611
214430,2026-02-09,13:40:00,117800,117900,117200,117600,883,103940000,411,472
214430,2026-02-09,13:45:00,117500,118000,117500,118000,952,112070000,683,269
214430,2026-02-09,13:50:00,118000,118200,117900,118200,673,79450000,208,465
214430,2026-02-09,13:55:00,118200,118300,117800,117900,1164,137430000,501,663
214430,2026-02-09,14:00:00,117900,118300,117900,118200,909,107400000,743,166
214430,2026-02-09,14:05:00,118200,118400,118000,118400,1037,122680000,560,477
214430,2026-02-09,14:10:00,118400,118500,118300,118500,710,84110000,530,180
214430,2026-02-09,14:15:00,118500,118700,118200,118700,1219,144520000,944,275
214430,2026-02-09,14:20:00,118700,119000,118500,119000,1295,153860000,813,482
214430,2026-02-09,14:25:00,119000,119300,118800,119000,815,96990000,360,455
214430,2026-02-09,14:30:00,118900,119100,118600,118700,930,110480000,332,598
214430,2026-02-09,14:35:00,118800,118900,118000,118100,1270,150410000,665,605
214430,2026-02-09,14:40:00,118400,119300,118300,119300,1518,180720000,950,568
214430,2026-02-09,14:45:00,119300,119400,118800,119300,1647,196380000,917,730
214430,2026-02-09,14:50:00,119400,120500,119100,120300,2610,312810000,1866,744
214430,2026-02-09,14:55:00,120400,121200,120100,120500,2684,323660000,1419,1265
214430,2026-02-09,15:00:00,120900,121200,120400,120900,1734,209630000,716,1018
214430,2026-02-09,15:05:00,120800,121000,120400,120700,1195,144390000,702,493
214430,2026-02-09,15:10:00,120700,121000,120100,121000,1838,221820000,1361,477
214430,2026-02-09,15:15:00,121000,121200,120400,121000,1315,159160000,542,773
214430,2026-02-09,15:20:00,121000,121100,120600,120900,1113,134550000,655,458
214430,2026-02-09,15:30:00,120500,120500,120500,120500,1788,215450000,1780,0
214430,2026-02-10,09:05:00,120500,121700,118700,118700,1512,181140000,561,951
214430,2026-02-10,09:10:00,119200,121100,118800,119500,1208,144680000,491,717
214430,2026-02-10,09:15:00,119500,119800,118400,118800,1141,135760000,159,982
214430,2026-02-10,09:20:00,118700,119300,117900,118600,2279,269350000,199,2080
214430,2026-02-10,09:25:00,119200,119200,117800,118500,797,94130000,268,529
214430,2026-02-10,09:30:00,118100,118600,117700,117700,1431,169010000,883,548
214430,2026-02-10,09:35:00,117800,118300,117600,118300,544,64110000,378,166
214430,2026-02-10,09:40:00,117900,118000,116300,117000,1659,194230000,768,891
214430,2026-02-10,09:45:00,116700,118100,116500,117000,457,53580000,210,247
214430,2026-02-10,09:50:00,116800,118100,116300,116300,1141,133070000,194,947
214430,2026-02-10,09:55:00,116300,117000,116300,116600,346,40330000,154,192
214430,2026-02-10,10:00:00,116600,116700,115900,116400,810,94070000,238,572
214430,2026-02-10,10:05:00,115900,116800,115900,116400,466,54310000,138,328
214430,2026-02-10,10:10:00,116400,116400,115500,115900,976,113110000,43,933
214430,2026-02-10,10:15:00,115800,116700,115600,116400,546,63320000,238,308
214430,2026-02-10,10:20:00,116500,118000,116200,117100,948,110820000,442,506
214430,2026-02-10,10:25:00,117700,117700,116100,116100,676,79020000,147,529
214430,2026-02-10,10:30:00,116100,116300,115600,115700,819,94950000,97,722
214430,2026-02-10,10:35:00,115600,115600,114800,115000,1586,182640000,573,1013
214430,2026-02-10,10:40:00,114900,116100,114900,116000,834,96160000,547,287
214430,2026-02-10,10:45:00,116100,116300,115500,115600,526,60850000,98,428
214430,2026-02-10,10:50:00,115600,116200,115500,116100,220,25460000,110,110
214430,2026-02-10,10:55:00,115900,116100,115300,115500,1312,151550000,1011,301
214430,2026-02-10,11:00:00,115400,116200,114900,116200,1375,158750000,1187,188
214430,2026-02-10,11:05:00,116200,117200,115400,115800,278,32180000,120,158
214430,2026-02-10,11:10:00,115700,117900,115600,115900,2637,306170000,2271,366
214430,2026-02-10,11:15:00,115900,117000,115900,116500,359,41840000,134,225
214430,2026-02-10,11:20:00,116600,117000,116500,116700,352,41070000,149,203
214430,2026-02-10,11:25:00,116800,116900,116400,116700,826,96340000,317,509
214430,2026-02-10,11:30:00,116800,117400,116300,117200,3231,376300000,1994,1237
214430,2026-02-10,11:35:00,116900,117200,116300,116400,200,23330000,76,124
214430,2026-02-10,11:40:00,116400,116400,115800,115900,211,24500000,100,111
214430,2026-02-10,11:45:00,116000,116000,115700,115900,325,37650000,72,253
214430,2026-02-10,11:50:00,115800,116200,115800,116000,126,14600000,30,96
214430,2026-02-10,11:55:00,116100,116200,115600,116000,417,48320000,130,287
214430,2026-02-10,12:00:00,115900,116400,115500,115700,200,23160000,41,159
214430,2026-02-10,12:05:00,115800,116100,115500,115800,269,31130000,146,123
214430,2026-02-10,12:10:00,115800,116800,115700,115900,328,37990000,80,248
214430,2026-02-10,12:15:00,115700,115900,115700,115900,972,112520000,528,444
214430,2026-02-10,12:20:00,115700,115900,115300,115300,1136,131370000,100,1036
214430,2026-02-10,12:25:00,115300,115600,115200,115300,236,27220000,57,179
214430,2026-02-10,12:30:00,115400,115500,115300,115300,260,29990000,33,227
214430,2026-02-10,12:35:00,115200,115700,115100,115700,811,93460000,300,511
214430,2026-02-10,12:40:00,115300,115500,115100,115100,117,13480000,28,89
214430,2026-02-10,12:45:00,115100,115700,114900,115600,685,78820000,26,659
214430,2026-02-10,12:50:00,115000,115800,114900,115800,259,29820000,158,101
214430,2026-02-10,12:55:00,115000,115700,115000,115700,350,40320000,129,221
214430,2026-02-10,13:00:00,115400,115700,115100,115500,295,34010000,160,135
214430,2026-02-10,13:05:00,115300,115500,115000,115200,331,38140000,167,164
214430,2026-02-10,13:10:00,115200,115500,115000,115100,400,46040000,99,301
214430,2026-02-10,13:15:00,115200,115500,115000,115400,232,26710000,66,166
214430,2026-02-10,13:20:00,115400,115700,115300,115500,281,32430000,73,208
214430,2026-02-10,13:25:00,115500,116300,115400,115400,407,47060000,174,233
214430,2026-02-10,13:30:00,115400,115400,115300,115400,174,20070000,13,161
214430,2026-02-10,13:35:00,115300,115500,115200,115500,90,10370000,51,39
214430,2026-02-10,13:40:00,115500,115800,115400,115600,153,17670000,81,72
214430,2026-02-10,13:45:00,115600,115800,115400,115700,155,17900000,44,111
214430,2026-02-10,13:50:00,116100,116100,115500,115700,131,15190000,64,67
214430,2026-02-10,13:55:00,115600,115900,115500,115600,176,20340000,116,60
214430,2026-02-10,14:00:00,115600,116000,115600,115600,117,13540000,63,54
214430,2026-02-10,14:05:00,115600,116000,115500,115600,167,19310000,56,111
214430,2026-02-10,14:10:00,115600,115700,115500,115600,307,35500000,67,240
214430,2026-02-10,14:15:00,115600,115600,115000,115000,945,108890000,186,759
214430,2026-02-10,14:20:00,115100,115600,114700,114800,1366,156970000,184,1182
214430,2026-02-10,14:25:00,114700,115100,114500,114700,494,56660000,175,319
214430,2026-02-10,14:30:00,114700,114700,114600,114700,173,19840000,5,168
214430,2026-02-10,14:35:00,114700,114900,114600,114800,525,60190000,397,128
214430,2026-02-10,14:40:00,114700,115600,114700,115600,330,38010000,198,132
214430,2026-02-10,14:45:00,115500,115900,114900,115000,1009,116260000,180,829
214430,2026-02-10,14:50:00,115000,115300,115000,115300,126,14500000,49,77
214430,2026-02-10,14:55:00,115300,115600,115100,115600,203,23420000,138,65
214430,2026-02-10,15:00:00,115600,115800,115200,115200,812,93770000,158,654
214430,2026-02-10,15:05:00,115300,115700,115000,115300,261,30090000,151,110
214430,2026-02-10,15:10:00,115300,115700,115100,115200,238,27450000,146,92
214430,2026-02-10,15:15:00,115200,115300,115100,115200,524,60350000,145,379
214430,2026-02-10,15:20:00,115300,115700,115200,115200,301,34690000,70,231
214430,2026-02-10,15:30:00,114400,114400,114400,114400,1322,151240000,1322,0
214430,2026-02-11,09:05:00,115600,115700,114200,115200,723,83260000,333,390
214430,2026-02-11,09:10:00,114400,115000,113300,114200,337,38520000,166,171
214430,2026-02-11,09:15:00,114500,115400,114400,114900,189,21710000,103,86
214430,2026-02-11,09:20:00,114900,115100,113200,113600,351,39880000,107,244
214430,2026-02-11,09:25:00,113600,114500,113500,114000,661,75080000,449,212
214430,2026-02-11,09:30:00,114000,114400,113500,113600,513,58350000,156,357
214430,2026-02-11,09:35:00,114500,114600,114400,114600,49,5610000,47,2
214430,2026-02-11,09:40:00,114600,116500,113700,115900,981,113350000,493,488
214430,2026-02-11,09:45:00,116300,116800,113400,116800,931,107240000,353,578
214430,2026-02-11,09:50:00,116900,118100,116400,117200,1693,198970000,1132,561
214430,2026-02-11,09:55:00,117000,117000,115400,115400,888,103190000,60,828
214430,2026-02-11,10:00:00,115800,117300,115400,116600,232,27010000,130,102
214430,2026-02-11,10:05:00,117000,117100,115800,116200,1578,183120000,1268,310
214430,2026-02-11,10:10:00,116200,116700,116000,116700,853,99360000,81,772
214430,2026-02-11,10:15:00,116900,117300,116300,116600,203,23760000,93,110
214430,2026-02-11,10:20:00,116900,117500,116300,117500,524,61300000,344,180
214430,2026-02-11,10:25:00,117500,117500,116400,116500,219,25660000,87,132
214430,2026-02-11,10:30:00,116500,116500,115900,115900,757,87950000,40,717
214430,2026-02-11,10:35:00,115800,116600,115500,115900,336,38910000,137,199
214430,2026-02-11,10:40:00,115800,115900,115600,115600,100,11580000,3,97
214430,2026-02-11,10:45:00,115600,117300,115600,116600,293,34070000,230,63
214430,2026-02-11,10:50:00,116300,117100,116100,116200,206,23990000,126,80
214430,2026-02-11,10:55:00,116200,116200,115700,115900,285,33050000,91,194
214430,2026-02-11,11:00:00,115900,116600,115700,116600,111,12900000,80,31
214430,2026-02-11,11:05:00,116000,116600,115900,116100,234,27160000,67,167
214430,2026-02-11,11:10:00,116100,116200,115500,115500,137,15870000,58,79
214430,2026-02-11,11:15:00,115600,115700,115400,115400,237,27370000,74,163
214430,2026-02-11,11:20:00,115400,115700,115100,115500,689,79430000,360,329
214430,2026-02-11,11:25:00,115300,116900,115300,115600,179,20680000,131,48
214430,2026-02-11,11:30:00,115700,115800,115600,115600,196,22680000,139,57
214430,2026-02-11,11:35:00,115700,115700,115400,115400,179,20680000,21,158
214430,2026-02-11,11:40:00,115500,115500,115200,115200,192,22150000,137,55
214430,2026-02-11,11:45:00,115200,115300,115000,115300,157,18070000,105,52
214430,2026-02-11,11:50:00,115500,115600,115500,115600,44,5090000,36,8
214430,2026-02-11,11:55:00,116000,116400,115600,116400,274,31720000,203,71
214430,2026-02-11,12:00:00,115800,116400,115800,116100,82,9520000,1,81
214430,2026-02-11,12:05:00,116100,116200,116100,116200,71,8240000,49,22
214430,2026-02-11,12:10:00,116200,116200,115900,116100,242,28080000,131,111
214430,2026-02-11,12:15:00,116100,116100,115900,115900,127,14740000,96,31
214430,2026-02-11,12:20:00,116000,116400,116000,116400,254,29480000,251,3
214430,2026-02-11,12:25:00,116400,117000,116400,116900,189,22080000,117,72
214430,2026-02-11,12:30:00,116900,116900,116600,116700,207,24180000,74,133
214430,2026-02-11,12:35:00,116800,116900,116600,116900,168,19630000,117,51
214430,2026-02-11,12:40:00,117000,117200,116800,117000,220,25730000,151,69
214430,2026-02-11,12:45:00,117000,117100,116900,116900,75,8780000,38,37
214430,2026-02-11,12:50:00,116900,116900,116700,116700,145,16930000,74,71
214430,2026-02-11,12:55:00,116800,117100,116700,117100,283,33060000,59,224
214430,2026-02-11,13:00:00,117100,117200,116900,116900,308,36020000,42,266
214430,2026-02-11,13:05:00,117000,117000,116500,116800,419,48870000,101,318
214430,2026-02-11,13:10:00,116800,117000,116800,116900,141,16490000,103,38
214430,2026-02-11,13:15:00,117000,117000,116300,116300,376,43870000,23,353
214430,2026-02-11,13:20:00,116400,116500,116200,116400,133,15480000,86,47
214430,2026-02-11,13:25:00,116300,116300,116100,116200,163,18930000,6,157
214430,2026-02-11,13:30:00,116200,116300,115800,115800,522,60560000,22,500
214430,2026-02-11,13:35:00,115900,115900,115300,115500,175,20240000,75,100
214430,2026-02-11,13:40:00,115500,115600,115200,115600,223,25700000,142,81
214430,2026-02-11,13:45:00,115600,115600,115200,115200,285,32880000,114,171
214430,2026-02-11,13:50:00,115400,115500,115400,115400,82,9460000,60,22
214430,2026-02-11,13:55:00,115400,115400,115100,115300,362,41700000,151,211
214430,2026-02-11,14:00:00,115300,115500,115200,115500,112,12920000,80,32
214430,2026-02-11,14:05:00,115500,115600,115400,115500,179,20680000,48,131
214430,2026-02-11,14:10:00,115600,115600,115100,115200,108,12450000,25,83
214430,2026-02-11,14:15:00,115100,115200,114700,114800,458,52660000,95,363
214430,2026-02-11,14:20:00,114800,115200,114700,115000,353,40580000,215,138
214430,2026-02-11,14:25:00,115000,115200,115000,115200,101,11630000,73,28
214430,2026-02-11,14:30:00,115300,115400,115200,115300,119,13720000,19,100
214430,2026-02-11,14:35:00,115300,115700,115300,115700,148,17090000,68,80
214430,2026-02-11,14:40:00,115700,116700,115600,115600,127,14700000,32,95
214430,2026-02-11,14:45:00,115600,115800,115000,115100,791,91320000,76,715
214430,2026-02-11,14:50:00,115200,115500,114700,115500,1255,144290000,720,535
214430,2026-02-11,14:55:00,115900,116500,115700,116300,432,50090000,345,87
214430,2026-02-11,15:00:00,116300,116600,116300,116400,311,36220000,163,148
214430,2026-02-11,15:05:00,116300,116300,116200,116300,460,53470000,153,307
214430,2026-02-11,15:10:00,116300,116600,116300,116300,168,19550000,45,123
214430,2026-02-11,15:15:00,116200,116400,115900,116000,1005,116650000,343,662
214430,2026-02-11,15:20:00,116000,116800,115900,116600,692,80440000,467,225
214430,2026-02-11,15:30:00,116600,116600,116600,116600,1843,214900000,1843,0
214430,2026-02-12,09:05:00,114800,116300,114600,115000,1102,126740000,455,647
214430,2026-02-12,09:10:00,115900,116300,115000,115200,375,43310000,240,135
214430,2026-02-12,09:15:00,115900,117200,114800,117200,516,59780000,153,363
214430,2026-02-12,09:20:00,116700,117200,115300,116200,505,58730000,169,336
214430,2026-02-12,09:25:00,116100,116600,115600,116200,524,60820000,111,413
214430,2026-02-12,09:30:00,116100,116200,115100,115300,614,71100000,138,476
214430,2026-02-12,09:35:00,115300,116000,115200,115800,447,51670000,189,258
214430,2026-02-12,09:40:00,115800,115900,114700,115900,287,33030000,62,225
214430,2026-02-12,09:45:00,114900,115700,114800,115400,309,35530000,143,166
214430,2026-02-12,09:50:00,115400,115400,114800,114800,221,25430000,21,200
214430,2026-02-12,09:55:00,114900,115300,114800,115100,157,18070000,109,48
214430,2026-02-12,10:00:00,115100,115400,115100,115400,108,12450000,84,24
214430,2026-02-12,10:05:00,115600,116100,115200,116100,368,42640000,282,86
214430,2026-02-12,10:10:00,115500,115900,115300,115400,52,6000000,20,32
214430,2026-02-12,10:15:00,115400,115700,115100,115400,121,13970000,3,118
214430,2026-02-12,10:20:00,115300,115300,115000,115100,227,26130000,0,227
214430,2026-02-12,10:25:00,115100,116300,115100,116300,257,29800000,209,48
214430,2026-02-12,10:30:00,116400,117500,116400,117200,973,113920000,700,273
214430,2026-02-12,10:35:00,116900,117500,116900,117500,203,23810000,116,87
214430,2026-02-12,10:40:00,117500,118000,117500,117600,399,46930000,156,243
214430,2026-02-12,10:45:00,117500,117500,116500,116500,295,34580000,8,287
214430,2026-02-12,10:50:00,116400,116500,116000,116000,3060,355010000,2920,140
214430,2026-02-12,10:55:00,116500,117000,116500,116700,52,6070000,41,11
214430,2026-02-12,11:00:00,116300,116400,115800,115800,86,9990000,2,84
214430,2026-02-12,11:05:00,115800,116000,115700,115800,134,15510000,62,72
214430,2026-02-12,11:10:00,116100,116200,115600,115600,182,21080000,62,120
214430,2026-02-12,11:15:00,115600,115600,115600,115600,85,9830000,0,85
214430,2026-02-12,11:20:00,115600,115600,115600,115600,34,3930000,17,17
214430,2026-02-12,11:25:00,115600,115800,115600,115800,93,10750000,5,88
214430,2026-02-12,11:30:00,115700,115900,115600,115800,129,14930000,81,48
214430,2026-02-12,11:35:00,115900,116000,115800,115800,83,9620000,41,42
214430,2026-02-12,11:40:00,115800,115900,115700,115700,61,7070000,10,51
214430,2026-02-12,11:45:00,115700,115900,115100,115300,354,40900000,52,302
214430,2026-02-12,11:50:00,115300,115600,115300,115600,179,20670000,38,141
214430,2026-02-12,11:55:00,115600,115700,115300,115400,202,23320000,31,171
214430,2026-02-12,12:00:00,115400,116200,115400,115600,82,9490000,31,51
214430,2026-02-12,12:05:00,115600,115900,115600,115700,71,8220000,35,36
214430,2026-02-12,12:10:00,115700,116000,115500,115500,54,6250000,5,49
214430,2026-02-12,12:15:00,115500,115900,115400,115600,127,14680000,56,71
214430,2026-02-12,12:20:00,115600,115700,115600,115600,54,6240000,10,44
214430,2026-02-12,12:25:00,115600,115600,115300,115400,88,10160000,5,83
214430,2026-02-12,12:30:00,115400,115500,115300,115400,129,14880000,45,84
214430,2026-02-12,12:35:00,115300,116200,115300,115300,87,10040000,22,65
214430,2026-02-12,12:40:00,115900,115900,115300,115500,54,6250000,17,37
214430,2026-02-12,12:45:00,115600,116200,115500,116000,101,11690000,36,65
214430,2026-02-12,12:50:00,115600,116000,115500,116000,72,8330000,25,47
214430,2026-02-12,12:55:00,115500,115900,115500,115500,101,11680000,53,48
214430,2026-02-12,13:00:00,115500,115600,115500,115500,42,4850000,1,41
214430,2026-02-12,13:05:00,115500,115500,115300,115300,90,10390000,10,80
214430,2026-02-12,13:10:00,115300,115300,115300,115300,36,4150000,0,36
214430,2026-02-12,13:15:00,115400,115700,115300,115300,74,8540000,25,49
214430,2026-02-12,13:20:00,115300,116600,115300,115400,492,56890000,223,269
214430,2026-02-12,13:25:00,115400,115600,115200,115400,323,37260000,50,273
214430,2026-02-12,13:30:00,115600,118400,115300,118400,2360,277180000,1623,737
214430,2026-02-12,13:35:00,118400,118900,117500,117500,968,114560000,520,448
214430,2026-02-12,13:40:00,118000,118100,117500,117600,359,42290000,204,155
214430,2026-02-12,13:45:00,117600,118800,117500,117900,554,65410000,329,225
214430,2026-02-12,13:50:00,117700,120900,117500,120500,2331,277590000,1397,934
214430,2026-02-12,13:55:00,120500,120500,118900,119400,633,75860000,158,475
214430,2026-02-12,14:00:00,118900,120100,118600,119700,915,109000000,352,563
214430,2026-02-12,14:05:00,118800,119700,118300,119200,265,31540000,110,155
214430,2026-02-12,14:10:00,119200,119600,118500,119500,445,53040000,376,69
214430,2026-02-12,14:15:00,119600,119900,118900,119500,717,85770000,238,479
214430,2026-02-12,14:20:00,119500,120200,119100,119800,833,99720000,682,151
214430,2026-02-12,14:25:00,119300,120000,119100,119300,508,60690000,249,259
214430,2026-02-12,14:30:00,119400,119700,119000,119300,462,55110000,309,153
214430,2026-02-12,14:35:00,119300,119300,118700,118800,218,25930000,71,147
214430,2026-02-12,14:40:00,118800,119500,118500,119500,418,49770000,323,95
214430,2026-02-12,14:45:00,119500,119600,118600,119100,551,65630000,232,319
214430,2026-02-12,14:50:00,119200,119600,118900,119600,909,108500000,520,389
214430,2026-02-12,14:55:00,119500,119600,119300,119400,683,81600000,449,234
214430,2026-02-12,15:00:00,119400,119500,119100,119300,619,73860000,292,327
214430,2026-02-12,15:05:00,119300,119300,118500,118700,936,111320000,516,420
214430,2026-02-12,15:10:00,118700,119500,118700,118700,1262,150250000,895,367
214430,2026-02-12,15:15:00,118600,118900,118400,118600,984,116740000,673,311
214430,2026-02-12,15:20:00,118700,119600,118500,119600,897,106650000,663,234
214430,2026-02-12,15:30:00,119600,119600,119600,119600,2116,253080000,2116,0
214430,2026-02-13,09:05:00,117100,118000,115600,117700,1330,155260000,597,733
214430,2026-02-13,09:10:00,117600,117700,116100,116300,440,51320000,41,399
214430,2026-02-13,09:15:00,116300,116500,115700,115900,250,29000000,83,167
214430,2026-02-13,09:20:00,116100,116100,115100,115100,1272,146880000,230,1042
214430,2026-02-13,09:25:00,115100,115200,114400,114900,1159,133010000,110,1049
214430,2026-02-13,09:30:00,114300,115000,114000,115000,495,56540000,49,446
214430,2026-02-13,09:35:00,115000,115200,114300,115100,614,70610000,131,483
214430,2026-02-13,09:40:00,115100,115100,114500,115100,638,73120000,561,77
214430,2026-02-13,09:45:00,114800,115100,114500,114600,366,41980000,131,235
214430,2026-02-13,09:50:00,114600,115200,114300,114800,917,105120000,416,501
214430,2026-02-13,09:55:00,115000,115100,114300,114700,318,36430000,81,237
214430,2026-02-13,10:00:00,114700,114800,114400,114800,74,8480000,21,53
214430,2026-02-13,10:05:00,114800,114800,114300,114300,115,13170000,40,75
214430,2026-02-13,10:10:00,114400,115200,114400,114600,311,35650000,277,34
214430,2026-02-13,10:15:00,114900,115400,114700,115400,471,54190000,305,166
214430,2026-02-13,10:20:00,115800,117500,115100,115100,220,25420000,177,43
214430,2026-02-13,10:25:00,115000,115100,114100,114100,551,63040000,65,486
214430,2026-02-13,10:30:00,114500,114700,113800,113800,590,67350000,118,472
214430,2026-02-13,10:35:00,113800,114300,113800,114300,178,20280000,73,105
214430,2026-02-13,10:40:00,114600,114800,114600,114800,157,18010000,103,54
214430,2026-02-13,10:45:00,114700,114800,114500,114700,109,12500000,73,36
214430,2026-02-13,10:50:00,114800,115300,114700,114900,143,16430000,93,50
214430,2026-02-13,10:55:00,114900,115400,114900,115000,110,12690000,65,45
214430,2026-02-13,11:00:00,114900,115500,114900,115300,310,35730000,174,136
214430,2026-02-13,11:05:00,115400,115700,115400,115500,44,5080000,27,17
214430,2026-02-13,11:10:00,115500,115900,115000,115000,217,25060000,106,111
214430,2026-02-13,11:15:00,115200,115200,115100,115200,126,14510000,77,49
214430,2026-02-13,11:20:00,115100,115500,115000,115100,79,9090000,45,34
214430,2026-02-13,11:25:00,115100,115100,114600,115100,487,55900000,72,415
214430,2026-02-13,11:30:00,114700,114700,114300,114300,203,23250000,13,190
214430,2026-02-13,11:35:00,114400,115100,114300,115000,358,41100000,117,241
214430,2026-02-13,11:40:00,115100,115100,114800,115000,40,4600000,12,28
214430,2026-02-13,11:45:00,114600,114600,114400,114600,147,16830000,94,53
214430,2026-02-13,11:50:00,114500,114600,114300,114400,346,39590000,87,259
214430,2026-02-13,11:55:00,114500,114500,114300,114400,162,18530000,65,97
214430,2026-02-13,12:00:00,114300,114500,114300,114500,56,6410000,37,19
214430,2026-02-13,12:05:00,114600,114800,114500,114700,88,10080000,15,73
214430,2026-02-13,12:10:00,114700,114900,114600,114600,56,6420000,15,41
214430,2026-02-13,12:15:00,114600,114700,114500,114500,140,16040000,89,51
214430,2026-02-13,12:20:00,114800,115000,114800,115000,63,7250000,44,19
214430,2026-02-13,12:25:00,115000,115000,114600,114700,341,39110000,41,300
214430,2026-02-13,12:30:00,114600,114600,114400,114600,215,24610000,68,147
214430,2026-02-13,12:35:00,114400,114400,113600,113900,2690,306650000,1111,1579
214430,2026-02-13,12:40:00,113900,113900,113700,113700,164,18660000,10,154
214430,2026-02-13,12:45:00,113800,113800,113300,113500,835,94810000,148,687
214430,2026-02-13,12:50:00,113600,114200,113400,114200,105,11940000,37,68
214430,2026-02-13,12:55:00,114200,114200,113800,114000,159,18130000,57,102
214430,2026-02-13,13:00:00,114100,114300,113700,114200,112,12770000,59,53
214430,2026-02-13,13:05:00,114300,114300,114000,114300,126,14370000,112,14
214430,2026-02-13,13:10:00,114300,114400,114000,114200,285,32540000,49,236
214430,2026-02-13,13:15:00,114200,114500,114100,114500,95,10840000,77,18
214430,2026-02-13,13:20:00,114400,114400,114000,114000,72,8230000,12,60
214430,2026-02-13,13:25:00,114000,114100,113800,113900,263,29950000,75,188
214430,2026-02-13,13:30:00,113900,113900,113500,113600,744,84600000,116,628
214430,2026-02-13,13:35:00,113600,114300,113500,113700,735,83530000,613,122
214430,2026-02-13,13:40:00,114300,114300,113700,113800,206,23450000,55,151
214430,2026-02-13,13:45:00,113900,114800,113900,114700,329,37650000,145,184
214430,2026-02-13,13:50:00,114800,114800,114200,114600,587,67280000,255,332
214430,2026-02-13,13:55:00,114500,114600,114200,114600,131,14990000,26,105
214430,2026-02-13,14:00:00,114500,114900,114500,114900,151,17310000,135,16
214430,2026-02-13,14:05:00,114700,114700,114550,114600,165,18920000,18,147
214430,2026-02-13,14:10:00,114600,114600,114500,114600,29,3320000,10,19
214430,2026-02-13,14:15:00,114500,114600,114500,114600,194,22210000,27,167
214430,2026-02-13,14:20:00,114500,114600,114200,114200,300,34320000,47,253
214430,2026-02-13,14:25:00,114200,114400,113800,114100,171,19490000,55,116
214430,2026-02-13,14:30:00,114100,115000,114000,114200,325,37190000,197,128
214430,2026-02-13,14:35:00,114300,114800,114200,114400,219,25030000,107,112
214430,2026-02-13,14:40:00,114300,114900,114200,114600,123,14060000,92,31
214430,2026-02-13,14:45:00,114600,114700,114400,114600,174,19940000,94,80
214430,2026-02-13,14:50:00,114600,115000,114600,115000,411,47150000,257,154
214430,2026-02-13,14:55:00,114900,114900,114100,114100,911,104330000,170,741
214430,2026-02-13,15:00:00,114200,114900,114000,114000,1237,141190000,145,1092
214430,2026-02-13,15:05:00,114200,114700,114000,114700,564,64420000,400,164
214430,2026-02-13,15:10:00,114800,114800,114300,114600,583,66730000,405,178
214430,2026-02-13,15:15:00,114500,114900,114400,114700,284,32570000,187,97
214430,2026-02-13,15:20:00,114700,115700,114700,115600,1003,115400000,820,183
214430,2026-02-13,15:30:00,115600,115600,115600,115600,1379,159410000,1357,0
214430,2026-02-19,09:05:00,117200,118000,115400,115800,1815,212050000,833,982
214430,2026-02-19,09:10:00,115800,116500,115000,115600,1633,188870000,921,712
214430,2026-02-19,09:15:00,116300,117000,115600,116000,1032,120050000,408,624
214430,2026-02-19,09:20:00,116700,116700,115500,116100,381,44130000,79,302
214430,2026-02-19,09:25:00,116000,116200,115400,115600,363,42010000,158,205
214430,2026-02-19,09:30:00,115500,115600,114400,115600,1101,126620000,307,794
214430,2026-02-19,09:35:00,115600,115600,114000,114600,691,79160000,193,498
214430,2026-02-19,09:40:00,114600,114700,114100,114300,579,66190000,239,340
214430,2026-02-19,09:45:00,114200,114400,113700,113800,478,54520000,156,322
214430,2026-02-19,09:50:00,113800,113900,113500,113700,333,37840000,142,191
214430,2026-02-19,09:55:00,113700,113800,113400,113800,469,53260000,135,334
214430,2026-02-19,10:00:00,113800,115000,113700,113800,1014,115610000,684,330
214430,2026-02-19,10:05:00,114600,114600,113600,113800,676,77210000,195,481
214430,2026-02-19,10:10:00,114100,114600,113800,113900,1089,124410000,386,703
214430,2026-02-19,10:15:00,113900,114300,113700,113700,1131,128920000,422,709
214430,2026-02-19,10:20:00,114100,114300,113600,113800,721,82250000,306,415
214430,2026-02-19,10:25:00,113900,114300,113400,114100,1062,120780000,347,715
214430,2026-02-19,10:30:00,114100,114300,113600,114300,538,61390000,290,248
214430,2026-02-19,10:35:00,114000,114900,113600,114900,1129,129060000,338,791
214430,2026-02-19,10:40:00,114900,115600,114600,114900,830,95510000,286,544
214430,2026-02-19,10:45:00,114900,115700,114500,115700,920,105940000,231,689
214430,2026-02-19,10:50:00,115700,115700,114200,114300,884,101710000,265,619
214430,2026-02-19,10:55:00,114100,114700,113500,114700,1019,116130000,261,758
214430,2026-02-19,11:00:00,114700,116000,114700,116000,1414,163380000,1077,337
214430,2026-02-19,11:05:00,116100,116300,115500,115500,822,95430000,387,435
214430,2026-02-19,11:10:00,115500,115900,115400,115500,326,37670000,196,130
214430,2026-02-19,11:15:00,115500,116500,115400,116400,262,30440000,176,86
214430,2026-02-19,11:20:00,116500,116900,115500,115500,3768,436030000,3471,297
214430,2026-02-19,11:25:00,115500,115700,115400,115600,189,21840000,106,83
214430,2026-02-19,11:30:00,115700,115900,115500,115900,178,20610000,84,94
214430,2026-02-19,11:35:00,115800,116250,115500,115900,406,47020000,136,270
214430,2026-02-19,11:40:00,116300,116500,115800,115900,264,30670000,82,182
214430,2026-02-19,11:45:00,115900,116500,115800,115900,406,47140000,184,222
214430,2026-02-19,11:50:00,115900,116700,115700,116500,394,45820000,153,241
214430,2026-02-19,11:55:00,116500,116600,115900,116500,341,39660000,202,139
214430,2026-02-19,12:00:00,116300,116700,116300,116700,326,37970000,96,230
214430,2026-02-19,12:05:00,116700,116800,116300,116800,290,33820000,140,150
214430,2026-02-19,12:10:00,116800,117300,116700,117000,584,68280000,207,377
214430,2026-02-19,12:15:00,116900,116900,116200,116200,406,47320000,182,224
214430,2026-02-19,12:20:00,116300,116900,116200,116400,384,44720000,306,78
214430,2026-02-19,12:25:00,116500,116900,116300,116400,279,32500000,116,163
214430,2026-02-19,12:30:00,116300,116900,116300,116800,340,39640000,196,144
214430,2026-02-19,12:35:00,116700,117200,116600,117200,407,47580000,231,176
214430,2026-02-19,12:40:00,116900,117100,116800,117000,207,24210000,52,155
214430,2026-02-19,12:45:00,117000,117300,116700,117200,343,40150000,174,169
214430,2026-02-19,12:50:00,117200,117200,116300,116300,227,26550000,33,194
214430,2026-02-19,12:55:00,116300,116400,116000,116200,343,39870000,158,185
214430,2026-02-19,13:00:00,116200,116400,116100,116100,138,16030000,112,26
214430,2026-02-19,13:05:00,116100,116100,115800,115800,271,31440000,6,265
214430,2026-02-19,13:10:00,115700,115900,115200,115600,386,44600000,228,158
214430,2026-02-19,13:15:00,115600,115700,115100,115600,293,33830000,125,168
214430,2026-02-19,13:20:00,115600,115600,114600,114600,713,82090000,39,674
214430,2026-02-19,13:25:00,114600,115100,114400,114700,399,45730000,243,156
214430,2026-02-19,13:30:00,114700,115900,114700,115900,480,55300000,223,257
214430,2026-02-19,13:35:00,114900,115500,114800,115300,598,68840000,296,302
214430,2026-02-19,13:40:00,114900,115300,114600,115100,323,37130000,154,169
214430,2026-02-19,13:45:00,115100,115200,114600,114800,248,28480000,99,149
214430,2026-02-19,13:50:00,115200,115300,114600,114600,258,29650000,92,166
214430,2026-02-19,13:55:00,114700,115100,114500,114500,481,55180000,185,296
214430,2026-02-19,14:00:00,114600,115300,114500,114800,344,39470000,121,223
214430,2026-02-19,14:05:00,114800,115600,114800,114900,376,43370000,176,200
214430,2026-02-19,14:10:00,115000,115800,115000,115700,323,37260000,97,226
214430,2026-02-19,14:15:00,115200,116000,115000,116000,440,50880000,202,238
214430,2026-02-19,14:20:00,116000,116100,115200,115600,374,43260000,166,208
214430,2026-02-19,14:25:00,115800,116300,115500,115700,416,48270000,218,198
214430,2026-02-19,14:30:00,115700,116400,115600,116100,602,69850000,289,313
214430,2026-02-19,14:35:00,116100,116700,115900,116500,724,84240000,265,459
214430,2026-02-19,14:40:00,116000,116700,115900,116600,783,91200000,320,463
214430,2026-02-19,14:45:00,116700,116900,116600,116900,1047,122240000,358,689
214430,2026-02-19,14:50:00,116900,117100,116800,116800,752,87910000,291,461
214430,2026-02-19,14:55:00,116800,117000,116700,116900,525,61350000,215,310
214430,2026-02-19,15:00:00,117000,117300,116800,117000,1044,122220000,533,511
214430,2026-02-19,15:05:00,117000,117100,116800,117000,627,73340000,250,377
214430,2026-02-19,15:10:00,117100,117300,116700,116800,753,88040000,238,515
214430,2026-02-19,15:15:00,116700,117200,116700,116900,884,103340000,362,522
214430,2026-02-19,15:20:00,116800,117300,116100,117300,2194,256170000,1083,1111
214430,2026-02-19,15:30:00,117200,117200,117200,117200,1091,127860000,1091,0
214430,2026-02-20,09:05:00,118200,120700,117000,117300,5858,695320000,3652,2206
214430,2026-02-20,09:10:00,117600,120500,117600,119200,1001,118650000,750,251
214430,2026-02-20,09:15:00,119200,120000,118600,119500,495,59250000,303,192
214430,2026-02-20,09:20:00,119200,119500,117700,117700,932,110410000,238,694
214430,2026-02-20,09:25:00,117700,119300,117600,119200,982,115810000,641,341
214430,2026-02-20,09:30:00,119200,119200,118200,118900,197,23380000,55,142
214430,2026-02-20,09:35:00,118800,119700,118100,119100,311,36970000,68,243
214430,2026-02-20,09:40:00,119300,119300,118300,118300,344,40790000,45,299
214430,2026-02-20,09:45:00,118300,118400,118100,118200,298,35240000,206,92
214430,2026-02-20,09:50:00,118300,118500,118200,118300,286,33850000,165,121
214430,2026-02-20,09:55:00,118300,118400,117200,118000,4399,516940000,3162,1237
214430,2026-02-20,10:00:00,117800,117800,116400,117000,1377,160960000,302,1075
214430,2026-02-20,10:05:00,116900,117800,116800,116800,528,61790000,177,351
214430,2026-02-20,10:10:00,116900,117100,116500,116800,571,66660000,154,417
214430,2026-02-20,10:15:00,116800,117900,116800,117900,625,73320000,458,167
214430,2026-02-20,10:20:00,117900,118200,117500,117500,234,27550000,57,177
214430,2026-02-20,10:25:00,117700,118900,117700,118300,522,61630000,421,101
214430,2026-02-20,10:30:00,118100,118100,117700,117700,331,39030000,84,247
214430,2026-02-20,10:35:00,117700,118100,117500,117600,574,67530000,215,359
214430,2026-02-20,10:40:00,117600,117600,117400,117400,469,55110000,78,391
214430,2026-02-20,10:45:00,117400,117800,116800,117600,760,89090000,260,500
214430,2026-02-20,10:50:00,117600,117600,117000,117400,89,10450000,63,26
214430,2026-02-20,10:55:00,117400,117400,117100,117100,75,8790000,48,27
214430,2026-02-20,11:00:00,117000,117600,117000,117600,351,41090000,269,82
214430,2026-02-20,11:05:00,117600,117700,117400,117400,142,16700000,84,58
214430,2026-02-20,11:10:00,117400,117700,117300,117700,267,31380000,215,52
214430,2026-02-20,11:15:00,117600,117900,117600,117600,211,24840000,195,16
214430,2026-02-20,11:20:00,117900,118000,117800,117800,34,4010000,19,15
214430,2026-02-20,11:25:00,117800,117800,117500,117500,57,6710000,51,6
214430,2026-02-20,11:30:00,117500,117500,117400,117400,339,39810000,278,61
214430,2026-02-20,11:35:00,117500,118100,117500,118000,344,40510000,222,122
214430,2026-02-20,11:40:00,117900,117900,117700,117900,126,14850000,102,24
214430,2026-02-20,11:45:00,117800,118200,117800,118000,507,59830000,448,59
214430,2026-02-20,11:50:00,117900,117900,117600,117700,139,16360000,101,38
214430,2026-02-20,11:55:00,117700,118000,117700,117900,216,25430000,215,1
214430,2026-02-20,12:00:00,117700,118200,117700,117900,246,29010000,164,82
214430,2026-02-20,12:05:00,117900,118700,117900,118600,430,50910000,420,10
214430,2026-02-20,12:10:00,118600,119200,118300,119100,607,72050000,537,70
214430,2026-02-20,12:15:00,119100,119100,118700,118900,296,35230000,273,23
214430,2026-02-20,12:20:00,118900,119000,118400,118900,211,25080000,189,22
214430,2026-02-20,12:25:00,119100,119100,118900,119000,111,13210000,94,17
214430,2026-02-20,12:30:00,119000,119000,118700,118800,210,24960000,173,37
214430,2026-02-20,12:35:00,118800,119000,118500,119000,239,28410000,209,30
214430,2026-02-20,12:40:00,119000,119600,119000,119600,636,75870000,499,137
214430,2026-02-20,12:45:00,119600,119600,119500,119500,206,24630000,84,122
214430,2026-02-20,12:50:00,119500,120200,119400,120200,1793,214980000,1753,40
214430,2026-02-20,12:55:00,120200,120600,120100,120300,940,113020000,629,311
214430,2026-02-20,13:00:00,120200,120700,120100,120600,829,99850000,716,113
214430,2026-02-20,13:05:00,120600,120700,120200,120200,414,49900000,211,203
214430,2026-02-20,13:10:00,120300,120500,120000,120300,475,57100000,236,239
214430,2026-02-20,13:15:00,120300,120300,120000,120100,431,51790000,164,267
214430,2026-02-20,13:20:00,120100,120200,119700,119900,511,61250000,193,318
214430,2026-02-20,13:25:00,120100,121800,119400,121800,4091,494280000,3728,363
214430,2026-02-20,13:30:00,121900,122500,121400,121500,1013,123540000,610,403
214430,2026-02-20,13:35:00,121600,121800,120300,120300,378,45820000,167,211
214430,2026-02-20,13:40:00,120400,120800,120200,120500,241,29060000,175,66
214430,2026-02-20,13:45:00,120200,120400,119500,119600,380,45550000,171,209
214430,2026-02-20,13:50:00,119600,120000,119400,119800,299,35750000,211,88
214430,2026-02-20,13:55:00,119600,119900,119400,119600,311,37210000,136,175
214430,2026-02-20,14:00:00,119600,121400,119600,121200,894,107850000,737,157
214430,2026-02-20,14:05:00,120800,121100,120000,120450,739,89100000,412,327
214430,2026-02-20,14:10:00,120450,121700,119500,120000,2062,247970000,1355,707
214430,2026-02-20,14:15:00,120000,120300,119300,119300,859,102970000,195,664
214430,2026-02-20,14:20:00,119300,119400,118200,118900,1010,119760000,493,517
214430,2026-02-20,14:25:00,119000,119100,118600,118900,548,65220000,469,79
214430,2026-02-20,14:30:00,118600,118800,118300,118600,446,52860000,141,305
214430,2026-02-20,14:35:00,118800,118800,118000,118600,375,44420000,137,238
214430,2026-02-20,14:40:00,118600,118600,117900,118200,1324,156300000,144,1180
214430,2026-02-20,14:45:00,118200,118200,117300,117400,756,88910000,374,382
214430,2026-02-20,14:50:00,117400,117500,117200,117500,429,50360000,193,236
214430,2026-02-20,14:55:00,117500,119000,117400,118500,752,88710000,326,426
214430,2026-02-20,15:00:00,118400,118700,118300,118400,584,69180000,324,260
214430,2026-02-20,15:05:00,118500,118900,118300,118900,553,65610000,348,205
214430,2026-02-20,15:10:00,118900,119600,118500,118600,917,109040000,405,512
214430,2026-02-20,15:15:00,118800,119500,118600,119200,670,79680000,261,409
214430,2026-02-20,15:20:00,119100,119700,118100,119700,2269,269320000,1155,1114
214430,2026-02-20,15:30:00,119500,119500,119500,119500,1257,150200000,1252,0
214430,2026-02-23,09:05:00,119100,119100,115600,115600,2354,275150000,574,1780
214430,2026-02-23,09:10:00,115700,116300,115000,115500,1493,172280000,336,1157
214430,2026-02-23,09:15:00,115500,115500,114800,114900,1157,133080000,91,1066
214430,2026-02-23,09:20:00,115100,115300,114000,114300,1393,159520000,458,935
214430,2026-02-23,09:25:00,114200,114600,114000,114600,1134,129650000,527,607
214430,2026-02-23,09:30:00,114500,114900,113700,114000,1373,156690000,461,912
214430,2026-02-23,09:35:00,114000,114800,113600,113900,1651,188110000,795,856
214430,2026-02-23,09:40:00,113900,114600,113800,114100,910,103780000,505,405
214430,2026-02-23,09:45:00,114000,114100,113400,114000,955,108540000,132,823
214430,2026-02-23,09:50:00,113900,113900,113300,113500,896,101660000,199,697
214430,2026-02-23,09:55:00,113500,113600,113000,113300,1988,225010000,765,1223
214430,2026-02-23,10:00:00,113300,113500,113100,113200,1010,114350000,398,612
214430,2026-02-23,10:05:00,113100,113400,113100,113200,484,54800000,281,203
214430,2026-02-23,10:10:00,113100,113900,113100,113300,869,98350000,308,561
214430,2026-02-23,10:15:00,113700,114300,113500,114000,284,32350000,227,57
214430,2026-02-23,10:20:00,114000,114800,114000,114400,1181,134920000,540,641
214430,2026-02-23,10:25:00,114400,114600,114100,114300,323,36920000,165,158
214430,2026-02-23,10:30:00,114300,114800,114300,114600,382,43780000,240,142
214430,2026-02-23,10:35:00,114650,115200,114600,115100,601,69030000,535,66
214430,2026-02-23,10:40:00,115200,115800,115100,115400,507,58460000,390,117
214430,2026-02-23,10:45:00,115500,115700,115100,115600,260,30030000,165,95
214430,2026-02-23,10:50:00,115500,115500,114700,114700,218,25080000,70,148
214430,2026-02-23,10:55:00,114700,114900,114500,114500,270,30970000,165,105
214430,2026-02-23,11:00:00,114500,115300,114300,114500,396,45340000,299,97
214430,2026-02-23,11:05:00,114200,114500,113700,113800,4341,494830000,3837,504
214430,2026-02-23,11:10:00,113800,113900,113500,113600,827,93930000,50,777
214430,2026-02-23,11:15:00,113600,113800,113400,113400,712,80840000,171,541
214430,2026-02-23,11:20:00,113400,113400,112600,112600,2591,292810000,168,2423
214430,2026-02-23,11:25:00,112600,113300,112600,113000,667,75350000,464,203
214430,2026-02-23,11:30:00,113000,114200,113000,113400,533,60410000,373,160
214430,2026-02-23,11:35:00,113400,113800,113100,113700,213,24180000,132,81
214430,2026-02-23,11:40:00,113700,114000,113700,113800,400,45540000,249,151
214430,2026-02-23,11:45:00,114100,114300,113900,114000,220,25100000,116,104
214430,2026-02-23,11:50:00,114100,114400,114100,114300,318,36350000,129,189
214430,2026-02-23,11:55:00,114400,114400,114100,114200,219,25020000,118,101
214430,2026-02-23,12:00:00,114100,114200,114000,114000,183,20880000,85,98
214430,2026-02-23,12:05:00,114000,114400,114000,114200,824,94160000,267,557
214430,2026-02-23,12:10:00,114300,114400,114100,114100,223,25470000,73,150
214430,2026-02-23,12:15:00,114200,114200,114000,114000,216,24630000,89,127
214430,2026-02-23,12:20:00,114100,114300,114000,114100,272,31040000,163,109
214430,2026-02-23,12:25:00,114000,114000,113700,113800,427,48620000,102,325
214430,2026-02-23,12:30:00,113800,113800,113500,113600,272,30930000,125,147
214430,2026-02-23,12:35:00,113600,113800,113500,113600,306,34760000,151,155
214430,2026-02-23,12:40:00,113500,113500,113300,113300,277,31400000,80,197
214430,2026-02-23,12:45:00,113300,113400,113000,113400,544,61530000,229,315
214430,2026-02-23,12:50:00,113500,113500,113200,113200,368,41710000,246,122
214430,2026-02-23,12:55:00,113300,113600,113000,113500,215,24350000,121,94
214430,2026-02-23,13:00:00,113400,113500,113100,113200,156,17660000,135,21
214430,2026-02-23,13:05:00,113100,113700,113100,113200,196,22210000,116,80
214430,2026-02-23,13:10:00,113200,114400,113200,114400,395,44970000,177,218
214430,2026-02-23,13:15:00,114000,114100,113300,113300,209,23730000,98,111
214430,2026-02-23,13:20:00,113300,113400,113100,113300,399,45170000,232,167
214430,2026-02-23,13:25:00,113300,113400,113100,113200,1130,127850000,168,962
214430,2026-02-23,13:30:00,113200,113300,113000,113100,720,81440000,94,626
214430,2026-02-23,13:35:00,113100,113300,113000,113100,203,22950000,51,152
214430,2026-02-23,13:40:00,113200,113200,113000,113000,371,41950000,129,242
214430,2026-02-23,13:45:00,113000,113100,112800,112900,599,67680000,58,541
214430,2026-02-23,13:50:00,112900,113200,112700,112900,274,30910000,176,98
214430,2026-02-23,13:55:00,113000,114100,112600,112600,582,65630000,75,507
214430,2026-02-23,14:00:00,112600,112700,112400,112500,506,56950000,88,418
214430,2026-02-23,14:05:00,112500,112800,112500,112600,319,35910000,84,235
214430,2026-02-23,14:10:00,112600,112900,112500,112500,708,79750000,261,447
214430,2026-02-23,14:15:00,112500,112700,112200,112200,747,84000000,200,547
214430,2026-02-23,14:20:00,112200,112200,111800,111900,1141,127780000,128,1013
214430,2026-02-23,14:25:00,111900,111900,111500,111500,563,62850000,131,432
214430,2026-02-23,14:30:00,111500,112200,110900,112200,2124,236700000,1525,599
214430,2026-02-23,14:35:00,111500,113000,111400,112000,1086,121200000,984,102
214430,2026-02-23,14:40:00,112400,112500,111500,111500,204,22830000,60,144
214430,2026-02-23,14:45:00,111600,112900,111600,112900,256,28770000,203,53
214430,2026-02-23,14:50:00,112400,112900,112000,112600,330,37110000,231,99
214430,2026-02-23,14:55:00,112600,112700,111800,112000,264,29600000,193,71
214430,2026-02-23,15:00:00,112000,112600,111700,111700,329,36860000,190,139
214430,2026-02-23,15:05:00,111700,112100,111600,111800,517,57820000,202,315
214430,2026-02-23,15:10:00,111800,112100,111500,111600,449,50160000,205,244
214430,2026-02-23,15:15:00,111500,111600,111200,111500,496,55280000,344,152
214430,2026-02-23,15:20:00,111500,113100,111300,113100,2016,226250000,1118,898
214430,2026-02-23,15:30:00,113000,113000,113000,113000,1507,170290000,1485,0
214430,2026-02-24,09:05:00,110900,111000,108400,108400,1973,216080000,643,1330
214430,2026-02-24,09:10:00,108400,108700,108200,108300,857,92830000,467,390
214430,2026-02-24,09:15:00,108600,109100,107700,107800,1528,165520000,367,1161
214430,2026-02-24,09:20:00,107900,108800,107100,107400,1311,141310000,646,665
214430,2026-02-24,09:25:00,107400,107900,106500,106700,1316,140850000,525,791
214430,2026-02-24,09:30:00,106700,107200,106200,107100,2385,254000000,1355,1030
214430,2026-02-24,09:35:00,107000,107900,107000,107100,1841,197620000,1470,371
214430,2026-02-24,09:40:00,107100,107400,106500,107000,1813,193610000,402,1411
214430,2026-02-24,09:45:00,107000,107600,106500,106500,723,77310000,207,516
214430,2026-02-24,09:50:00,106900,107500,106500,107300,428,45790000,237,191
214430,2026-02-24,09:55:00,107300,107400,106900,106900,685,73350000,164,521
214430,2026-02-24,10:00:00,106900,107700,106700,107300,1215,129950000,353,862
214430,2026-02-24,10:05:00,107300,107800,107200,107600,502,53950000,176,326
214430,2026-02-24,10:10:00,107700,108600,107300,108100,731,78770000,486,245
214430,2026-02-24,10:15:00,108100,109200,107700,109100,1243,134810000,941,302
214430,2026-02-24,10:20:00,109200,109500,108700,108800,516,56280000,368,148
214430,2026-02-24,10:25:00,108800,109500,108800,109100,791,86260000,432,359
214430,2026-02-24,10:30:00,109400,109900,108900,108900,527,57620000,263,264
214430,2026-02-24,10:35:00,108900,109100,108100,108400,668,72490000,351,317
214430,2026-02-24,10:40:00,108500,109100,108200,108400,462,50130000,298,164
214430,2026-02-24,10:45:00,108400,109000,108300,108300,436,47330000,206,230
214430,2026-02-24,10:50:00,108300,108800,108100,108400,382,41400000,190,192
214430,2026-02-24,10:55:00,108300,108800,107900,108000,547,59220000,183,364
214430,2026-02-24,11:00:00,108000,108800,108000,108700,563,60990000,355,208
214430,2026-02-24,11:05:00,108500,109200,108400,108900,790,85950000,528,262
214430,2026-02-24,11:10:00,108900,108900,108400,108800,370,40200000,226,144
214430,2026-02-24,11:15:00,108800,109000,108500,108700,379,41160000,269,110
214430,2026-02-24,11:20:00,108500,108800,108200,108200,807,87530000,474,333
214430,2026-02-24,11:25:00,108500,108900,108200,108700,721,78240000,491,230
214430,2026-02-24,11:30:00,108700,108800,108100,108200,939,101790000,715,224
214430,2026-02-24,11:35:00,108200,108400,107900,108100,490,52960000,257,233
214430,2026-02-24,11:40:00,108000,108500,107800,108000,569,61510000,240,329
214430,2026-02-24,11:45:00,108000,108700,108000,108400,641,69460000,240,401
214430,2026-02-24,11:50:00,108400,108600,108100,108200,609,65900000,393,216
214430,2026-02-24,11:55:00,108200,108600,108100,108500,398,43120000,312,86
214430,2026-02-24,12:00:00,108500,108600,108100,108200,378,40970000,282,96
214430,2026-02-24,12:05:00,108500,108600,108200,108200,313,33920000,153,160
214430,2026-02-24,12:10:00,108400,108500,108200,108500,386,41820000,247,139
214430,2026-02-24,12:15:00,108300,108700,108200,108600,400,43380000,285,115
214430,2026-02-24,12:20:00,108600,108700,108200,108400,369,40010000,244,125
214430,2026-02-24,12:25:00,108600,108700,107900,107900,724,78300000,202,522
214430,2026-02-24,12:30:00,107900,108100,107700,107800,655,70670000,165,490
214430,2026-02-24,12:35:00,107800,108000,107600,107700,507,54610000,288,219
214430,2026-02-24,12:40:00,107600,107800,107500,107600,411,44220000,196,215
214430,2026-02-24,12:45:00,107500,107800,107500,107600,477,51330000,265,212
214430,2026-02-24,12:50:00,107800,107900,107400,107400,1085,116680000,331,754
214430,2026-02-24,12:55:00,107600,107700,107300,107600,264,28380000,164,100
214430,2026-02-24,13:00:00,107600,107700,107300,107400,612,65780000,354,258
214430,2026-02-24,13:05:00,107500,108100,107400,107800,533,57370000,162,371
214430,2026-02-24,13:10:00,107800,107800,107300,107400,672,72280000,115,557
214430,2026-02-24,13:15:00,107400,107500,107200,107300,593,63650000,192,401
214430,2026-02-24,13:20:00,107200,107500,107100,107300,1173,125780000,813,360
214430,2026-02-24,13:25:00,107200,107700,107200,107600,777,83410000,387,390
214430,2026-02-24,13:30:00,107700,108400,107300,108100,582,62780000,436,146
214430,2026-02-24,13:35:00,108000,108400,107900,108200,476,51430000,335,141
214430,2026-02-24,13:40:00,108000,108300,107900,108000,464,50130000,231,233
214430,2026-02-24,13:45:00,107900,108400,107900,108000,434,46910000,160,274
214430,2026-02-24,13:50:00,108000,108500,107900,108100,687,74250000,468,219
214430,2026-02-24,13:55:00,108300,108400,107800,107800,484,52310000,195,289
214430,2026-02-24,14:00:00,107800,108200,107600,107900,568,61250000,268,300
214430,2026-02-24,14:05:00,108000,108400,107900,108300,476,51480000,309,167
214430,2026-02-24,14:10:00,108300,108800,107800,108400,1229,133230000,648,581
214430,2026-02-24,14:15:00,108400,108600,108000,108100,514,55640000,277,237
214430,2026-02-24,14:20:00,108500,108700,108200,108400,545,59070000,321,224
214430,2026-02-24,14:25:00,108300,108500,108100,108200,425,46020000,242,183
214430,2026-02-24,14:30:00,108300,108600,108000,108100,669,72430000,340,329
214430,2026-02-24,14:35:00,108100,108500,108000,108200,673,72820000,335,338
214430,2026-02-24,14:40:00,108300,108400,107900,108200,869,93970000,245,624
214430,2026-02-24,14:45:00,108200,108600,108000,108300,862,93290000,407,455
214430,2026-02-24,14:50:00,108200,108800,108200,108300,970,105220000,537,433
214430,2026-02-24,14:55:00,108300,108800,108200,108800,990,107420000,566,424
214430,2026-02-24,15:00:00,108900,109400,108500,108800,1017,110660000,529,488
214430,2026-02-24,15:05:00,108800,109400,108500,109200,832,90590000,513,319
214430,2026-02-24,15:10:00,109100,109400,109000,109300,981,107090000,437,544
214430,2026-02-24,15:15:00,109300,109800,109050,109400,1068,116780000,555,513
214430,2026-02-24,15:20:00,109300,109900,108900,109100,1888,206180000,812,1076
214430,2026-02-24,15:30:00,109100,109100,109100,109100,1494,163000000,1484,0
214430,2026-02-25,09:05:00,110200,110200,108500,109100,523,57230000,227,296
214430,2026-02-25,09:10:00,108700,109100,108200,108200,438,47600000,238,200
214430,2026-02-25,09:15:00,108300,108300,107600,107700,438,47270000,53,385
214430,2026-02-25,09:20:00,107800,107800,107100,107800,1234,132370000,718,516
214430,2026-02-25,09:25:00,107700,108300,107500,108300,521,56120000,431,90
214430,2026-02-25,09:30:00,108700,108700,107800,108200,91,9850000,41,50
214430,2026-02-25,09:35:00,108100,108700,108100,108600,212,22980000,156,56
214430,2026-02-25,09:40:00,108600,109000,108100,108400,350,37990000,164,186
214430,2026-02-25,09:45:00,108400,108600,108100,108600,194,21040000,72,122
214430,2026-02-25,09:50:00,108700,108800,107900,108800,1035,112160000,756,279
214430,2026-02-25,09:55:00,108600,109200,108200,108900,156,16940000,118,38
214430,2026-02-25,10:00:00,109000,109100,108500,109100,115,12500000,65,50
214430,2026-02-25,10:05:00,108800,109200,108700,109200,214,23350000,205,9
214430,2026-02-25,10:10:00,109400,109600,109000,109000,137,14970000,73,64
214430,2026-02-25,10:15:00,109100,109500,109000,109400,71,7750000,53,18
214430,2026-02-25,10:20:00,109100,109500,108900,108900,174,18970000,46,128
214430,2026-02-25,10:25:00,109500,109500,109000,109100,54,5900000,33,21
214430,2026-02-25,10:30:00,109100,109600,109100,109600,91,9950000,68,23
214430,2026-02-25,10:35:00,109200,109300,109000,109200,177,19310000,50,127
214430,2026-02-25,10:40:00,109200,109300,108200,108300,510,55360000,72,438
214430,2026-02-25,10:45:00,108200,108700,107800,107800,382,41280000,67,315
214430,2026-02-25,10:50:00,107700,107800,107200,107700,770,82760000,386,384
214430,2026-02-25,10:55:00,107700,108000,107500,107600,172,18500000,50,122
214430,2026-02-25,11:00:00,107700,107900,107500,107700,336,36170000,80,256
214430,2026-02-25,11:05:00,107700,108000,107400,107500,2378,255660000,2145,233
214430,2026-02-25,11:10:00,107500,107600,107200,107400,460,49360000,165,295
214430,2026-02-25,11:15:00,107500,107500,107100,107300,556,59620000,147,409
214430,2026-02-25,11:20:00,107300,107500,107100,107300,295,31640000,102,193
214430,2026-02-25,11:25:00,107300,107900,107200,107400,237,25450000,179,58
214430,2026-02-25,11:30:00,107400,108000,107300,108000,106,11390000,94,12
214430,2026-02-25,11:35:00,107700,108000,107700,107700,131,14120000,74,57
214430,2026-02-25,11:40:00,107700,107900,107700,107700,105,11320000,41,64
214430,2026-02-25,11:45:00,107700,108000,107700,108000,170,18340000,136,34
214430,2026-02-25,11:50:00,107800,108000,107700,107700,271,29220000,37,234
214430,2026-02-25,11:55:00,107700,108000,107500,107700,392,42190000,75,317
214430,2026-02-25,12:00:00,107500,107800,107400,107500,190,20440000,86,104
214430,2026-02-25,12:05:00,107600,107600,107400,107400,137,14710000,79,58
214430,2026-02-25,12:10:00,107500,107600,107400,107600,213,22900000,155,58
214430,2026-02-25,12:15:00,107600,107600,107400,107400,139,14940000,78,61
214430,2026-02-25,12:20:00,107400,107600,107300,107400,554,59500000,100,454
214430,2026-02-25,12:25:00,107500,107500,107300,107400,347,37270000,187,160
214430,2026-02-25,12:30:00,107300,107700,107200,107700,221,23720000,94,127
214430,2026-02-25,12:35:00,107500,107500,107100,107100,399,42770000,26,373
214430,2026-02-25,12:40:00,107100,107200,107100,107100,129,13820000,40,89
214430,2026-02-25,12:45:00,107100,107700,106700,106700,903,96640000,167,736
214430,2026-02-25,12:50:00,106700,106800,106500,106500,292,31150000,9,283
214430,2026-02-25,12:55:00,106500,106700,106400,106500,333,35470000,71,262
214430,2026-02-25,13:00:00,106500,106600,106300,106500,808,85910000,432,376
214430,2026-02-25,13:05:00,106400,106500,106200,106300,502,53350000,129,373
214430,2026-02-25,13:10:00,106300,106300,106200,106200,335,35580000,33,302
214430,2026-02-25,13:15:00,106200,106300,106000,106000,764,81070000,32,732
214430,2026-02-25,13:20:00,106000,106500,105900,106300,547,58120000,441,106
214430,2026-02-25,13:25:00,106300,106400,106200,106400,147,15620000,74,73
214430,2026-02-25,13:30:00,106400,106500,106100,106400,538,57130000,207,331
214430,2026-02-25,13:35:00,106400,106400,106100,106200,206,21880000,46,160
214430,2026-02-25,13:40:00,106200,106200,105900,105900,465,49280000,113,352
214430,2026-02-25,13:45:00,105900,106000,105800,105800,222,23500000,103,119
214430,2026-02-25,13:50:00,105900,105900,105800,105800,484,51210000,27,457
214430,2026-02-25,13:55:00,105800,106300,105800,106000,2951,312820000,2752,199
214430,2026-02-25,14:00:00,106100,106600,106000,106400,2151,228980000,1997,154
214430,2026-02-25,14:05:00,106400,106800,106300,106600,191,20340000,134,57
214430,2026-02-25,14:10:00,106500,106800,106300,106500,240,25550000,183,57
214430,2026-02-25,14:15:00,106400,106600,106300,106400,227,24150000,41,186
214430,2026-02-25,14:20:00,106400,106500,105800,105900,583,61910000,128,455
214430,2026-02-25,14:25:00,105900,106200,105800,105800,533,56430000,115,418
214430,2026-02-25,14:30:00,105800,106200,105800,105900,806,85410000,472,334
214430,2026-02-25,14:35:00,105900,105900,105700,105800,519,54890000,123,396
214430,2026-02-25,14:40:00,105800,105900,105300,105400,1268,133850000,125,1143
214430,2026-02-25,14:45:00,105300,105400,104900,105300,2732,287020000,1487,1245
214430,2026-02-25,14:50:00,105200,105300,105000,105100,649,68260000,107,542
214430,2026-02-25,14:55:00,105100,105200,104800,104900,701,73560000,243,458
214430,2026-02-25,15:00:00,104900,105000,104500,104700,1087,113810000,425,662
214430,2026-02-25,15:05:00,105400,105700,104600,105200,720,75610000,374,346
214430,2026-02-25,15:10:00,105300,106300,105200,105800,1222,129190000,752,470
214430,2026-02-25,15:15:00,105900,106400,105800,106300,1195,126780000,576,619
214430,2026-02-25,15:20:00,106300,106700,105800,106700,2414,255800000,959,1455
214430,2026-02-25,15:30:00,106100,106100,106100,106100,2836,300900000,2836,0
214430,2026-02-26,09:05:00,106400,107100,103700,104000,1419,148630000,403,1016
214430,2026-02-26,09:10:00,104000,105000,103500,104100,834,86600000,291,543
214430,2026-02-26,09:15:00,103700,104400,103700,103700,841,87340000,419,422
214430,2026-02-26,09:20:00,103700,103900,103000,103400,1268,131030000,533,735
214430,2026-02-26,09:25:00,103000,103900,103000,103800,929,95910000,620,309
214430,2026-02-26,09:30:00,103800,103800,102900,103100,1062,109730000,270,792
214430,2026-02-26,09:35:00,103600,103900,103200,103500,707,73230000,279,428
214430,2026-02-26,09:40:00,103500,104100,103300,104100,563,58310000,389,174
214430,2026-02-26,09:45:00,103900,104100,103700,103900,303,31480000,192,111
214430,2026-02-26,09:50:00,103800,103900,103400,103500,394,40830000,45,349
214430,2026-02-26,09:55:00,103500,103500,103000,103200,715,73780000,139,576
214430,2026-02-26,10:00:00,103300,103700,103000,103000,526,54280000,239,287
214430,2026-02-26,10:05:00,103000,104300,103000,104200,628,65190000,416,212
214430,2026-02-26,10:10:00,104200,104500,103900,104100,267,27810000,142,125
214430,2026-02-26,10:15:00,104100,104200,103600,104200,119,12370000,45,74
214430,2026-02-26,10:20:00,104500,104900,104200,104900,199,20800000,34,165
214430,2026-02-26,10:25:00,104900,105900,103900,103900,884,92760000,516,368
214430,2026-02-26,10:30:00,104300,104300,103600,103700,317,32910000,146,171
214430,2026-02-26,10:35:00,103700,104200,103700,104000,147,15280000,113,34
214430,2026-02-26,10:40:00,104100,104400,104000,104100,388,40400000,270,118
214430,2026-02-26,10:45:00,104300,104500,104000,104100,92,9590000,75,17
214430,2026-02-26,10:50:00,104000,104500,104000,104300,149,15510000,83,66
214430,2026-02-26,10:55:00,104200,104300,104100,104100,238,24780000,189,49
214430,2026-02-26,11:00:00,104200,104200,103800,103900,800,83150000,623,177
214430,2026-02-26,11:05:00,103900,104300,103800,104100,138,14360000,61,77
214430,2026-02-26,11:10:00,104000,104200,103900,104200,266,27650000,16,250
214430,2026-02-26,11:15:00,104000,104300,103800,103900,165,17140000,26,139
214430,2026-02-26,11:20:00,104000,104100,103900,103900,271,28160000,194,77
214430,2026-02-26,11:25:00,103900,104300,103400,104100,5414,560570000,4526,888
214430,2026-02-26,11:30:00,104100,104600,104000,104500,258,26940000,151,107
214430,2026-02-26,11:35:00,104600,105000,104400,105000,633,66330000,213,420
214430,2026-02-26,11:40:00,105000,109300,104500,104900,1613,171870000,1292,321
214430,2026-02-26,11:45:00,105300,106100,105000,105900,1322,139560000,269,1053
214430,2026-02-26,11:50:00,105800,106400,105400,106300,712,75370000,303,409
214430,2026-02-26,11:55:00,106000,106400,105600,106100,595,63010000,300,295
214430,2026-02-26,12:00:00,105700,106500,105700,106000,302,32090000,184,118
214430,2026-02-26,12:05:00,106000,106300,105500,105600,530,56170000,114,416
214430,2026-02-26,12:10:00,105600,105600,105200,105300,182,19190000,26,156
214430,2026-02-26,12:15:00,105300,106000,105200,106000,199,21000000,54,145
214430,2026-02-26,12:20:00,106000,106100,105400,105900,287,30350000,184,103
214430,2026-02-26,12:25:00,105900,106300,105900,106300,260,27590000,185,75
214430,2026-02-26,12:30:00,106300,106300,105600,105800,411,43540000,249,162
214430,2026-02-26,12:35:00,105700,106200,105600,105600,368,38920000,109,259
214430,2026-02-26,12:40:00,105600,105700,105400,105400,367,38720000,5,362
214430,2026-02-26,12:45:00,105400,105800,105200,105200,265,27960000,49,216
214430,2026-02-26,12:50:00,105200,105400,104900,104900,825,86720000,337,488
214430,2026-02-26,12:55:00,105300,105300,104900,104900,156,16390000,25,131
214430,2026-02-26,13:00:00,104900,105600,104900,105100,201,21130000,55,146
214430,2026-02-26,13:05:00,105100,105800,105100,105300,421,44400000,136,285
214430,2026-02-26,13:10:00,105300,105700,105100,105200,362,38110000,214,148
214430,2026-02-26,13:15:00,105600,105600,105000,105100,153,16100000,29,124
214430,2026-02-26,13:20:00,105100,105200,104900,105000,329,34550000,153,176
214430,2026-02-26,13:25:00,105000,105400,104900,105300,253,26590000,132,121
214430,2026-02-26,13:30:00,105400,105700,105300,105400,124,13070000,79,45
214430,2026-02-26,13:35:00,105500,105700,105400,105500,141,14880000,46,95
214430,2026-02-26,13:40:00,105500,105500,105300,105400,121,12760000,42,79
214430,2026-02-26,13:45:00,105400,105800,105300,105300,322,33960000,92,230
214430,2026-02-26,13:50:00,105300,106200,105300,105900,505,53390000,157,348
214430,2026-02-26,13:55:00,105900,105900,105600,105800,142,15020000,69,73
214430,2026-02-26,14:00:00,105600,105900,105200,105200,573,60430000,34,539
214430,2026-02-26,14:05:00,105300,105900,105200,105600,215,22680000,58,157
214430,2026-02-26,14:10:00,105500,105600,105300,105400,164,17290000,41,123
214430,2026-02-26,14:15:00,105400,105600,105200,105400,182,19180000,56,126
214430,2026-02-26,14:20:00,105300,105600,105100,105200,678,71380000,77,601
214430,2026-02-26,14:25:00,105300,105500,105000,105000,358,37650000,85,273
214430,2026-02-26,14:30:00,105000,105200,104900,105000,553,58070000,107,446
214430,2026-02-26,14:35:00,104900,105100,104700,104900,588,61670000,120,468
214430,2026-02-26,14:40:00,104800,104900,104000,104500,2014,209910000,1301,713
214430,2026-02-26,14:45:00,104300,104600,104000,104000,517,53890000,203,314
214430,2026-02-26,14:50:00,104100,104500,103000,104200,6424,663520000,4610,1814
214430,2026-02-26,14:55:00,104000,104300,103700,103700,1309,135970000,392,917
214430,2026-02-26,15:00:00,104000,104400,103700,104200,599,62330000,395,204
214430,2026-02-26,15:05:00,104100,104500,103900,103900,685,71300000,477,208
214430,2026-02-26,15:10:00,103900,104300,103800,104000,744,77360000,435,309
214430,2026-02-26,15:15:00,104000,104400,103800,104000,778,80940000,405,373
214430,2026-02-26,15:20:00,103900,105700,103800,105400,1506,157370000,1044,462
214430,2026-02-26,15:30:00,105400,105400,105400,105400,1934,203840000,1934,0
214430,2026-02-27,09:05:00,106100,106300,104700,105000,1639,173080000,784,855
214430,2026-02-27,09:10:00,105000,105400,104700,105300,974,102150000,419,555
214430,2026-02-27,09:15:00,105300,105500,104500,104600,619,65020000,168,451
214430,2026-02-27,09:20:00,104900,105700,104800,105400,273,28690000,150,123
214430,2026-02-27,09:25:00,105000,105300,104600,104600,548,57430000,120,428
214430,2026-02-27,09:30:00,104700,105100,104200,105100,840,87850000,321,519
214430,2026-02-27,09:35:00,105200,105900,105000,105100,554,58390000,152,402
214430,2026-02-27,09:40:00,105000,105000,104200,104700,844,88240000,132,712
214430,2026-02-27,09:45:00,104900,105400,104700,104700,211,22170000,150,61
214430,2026-02-27,09:50:00,104600,105400,104600,105400,340,35630000,158,182
214430,2026-02-27,09:55:00,105400,105700,105400,105500,442,46620000,257,185
214430,2026-02-27,10:00:00,105500,106700,105400,106600,1077,114110000,465,612
214430,2026-02-27,10:05:00,106400,106500,105500,105900,323,34250000,47,276
214430,2026-02-27,10:10:00,105800,105900,105300,105900,843,88980000,706,137
214430,2026-02-27,10:15:00,105400,106100,105400,106000,406,42990000,331,75
214430,2026-02-27,10:20:00,105900,106700,105900,106300,441,46920000,293,148
214430,2026-02-27,10:25:00,106500,106800,106500,106500,290,30900000,186,104
214430,2026-02-27,10:30:00,106400,106700,106100,106600,159,16910000,56,103
214430,2026-02-27,10:35:00,106100,106500,105700,105900,568,60210000,232,336
214430,2026-02-27,10:40:00,106000,106600,105900,106000,205,21760000,98,107
214430,2026-02-27,10:45:00,106000,106200,105500,105700,219,23190000,70,149
214430,2026-02-27,10:50:00,105800,106400,105800,106400,115,12190000,72,43
214430,2026-02-27,10:55:00,106400,106400,105900,106100,246,26110000,89,157
214430,2026-02-27,11:00:00,106100,106100,105800,106000,129,13670000,66,63
214430,2026-02-27,11:05:00,106000,106000,105800,106000,79,8370000,62,17
214430,2026-02-27,11:10:00,105900,106300,105900,106300,257,27270000,169,88
214430,2026-02-27,11:15:00,105900,106300,105800,105800,136,14420000,50,86
214430,2026-02-27,11:20:00,105900,106200,105900,106000,123,13050000,82,41
214430,2026-02-27,11:25:00,106000,106400,105900,106200,100,10630000,70,30
214430,2026-02-27,11:30:00,106400,106400,106100,106400,272,28900000,175,97
214430,2026-02-27,11:35:00,106200,106500,106200,106500,243,25840000,214,29
214430,2026-02-27,11:40:00,106500,106600,106300,106500,384,40910000,288,96
214430,2026-02-27,11:45:00,106400,106700,106300,106600,390,41520000,79,311
214430,2026-02-27,11:50:00,106600,106600,106300,106600,331,35230000,160,171
214430,2026-02-27,11:55:00,106600,107000,106500,107000,559,59650000,485,74
214430,2026-02-27,12:00:00,106800,107100,106700,107100,568,60710000,281,287
214430,2026-02-27,12:05:00,106800,107100,106400,106800,626,66800000,276,350
214430,2026-02-27,12:10:00,106800,107100,106500,106600,541,57890000,402,139
214430,2026-02-27,12:15:00,107000,107000,106400,106800,694,73940000,134,560
214430,2026-02-27,12:20:00,106900,107000,106600,106700,429,45850000,331,98
214430,2026-02-27,12:25:00,106700,106800,106300,106500,412,43870000,53,359
214430,2026-02-27,12:30:00,106200,106200,105700,105800,322,34130000,109,213
214430,2026-02-27,12:35:00,105900,106000,105700,105900,102,10800000,35,67
214430,2026-02-27,12:40:00,105900,106000,105700,106000,134,14180000,59,75
214430,2026-02-27,12:45:00,106200,106200,105900,105900,132,13990000,90,42
214430,2026-02-27,12:50:00,105700,106400,105600,105800,228,24110000,153,75
214430,2026-02-27,12:55:00,105800,106400,105700,106300,116,12300000,83,33
214430,2026-02-27,13:00:00,105800,106400,105800,105800,70,7420000,19,51
214430,2026-02-27,13:05:00,106200,106300,105800,106000,122,12950000,38,84
214430,2026-02-27,13:10:00,106000,106100,105700,105800,302,31990000,92,210
214430,2026-02-27,13:15:00,105800,105800,105100,105100,506,53340000,108,398
214430,2026-02-27,13:20:00,105100,106000,105000,105300,3082,323710000,2899,183
214430,2026-02-27,13:25:00,105300,106000,105300,105400,190,20080000,85,105
214430,2026-02-27,13:30:00,105900,105900,105500,105500,152,16060000,75,77
214430,2026-02-27,13:35:00,105700,105700,105300,105500,143,15090000,33,110
214430,2026-02-27,13:40:00,105600,105600,105300,105500,162,17080000,91,71
214430,2026-02-27,13:45:00,105500,105500,105100,105200,377,39710000,151,226
214430,2026-02-27,13:50:00,105200,105200,105000,105100,134,14080000,62,72
214430,2026-02-27,13:55:00,105000,105200,104900,104900,227,23850000,68,159
214430,2026-02-27,14:00:00,105000,105300,104900,105300,178,18720000,110,68
214430,2026-02-27,14:05:00,105000,105400,105000,105300,270,28420000,153,117
214430,2026-02-27,14:10:00,105400,105600,105300,105600,724,76340000,564,160
214430,2026-02-27,14:15:00,105600,105600,105500,105600,429,45300000,419,10
214430,2026-02-27,14:20:00,105500,106200,105500,105900,956,101100000,495,461
214430,2026-02-27,14:25:00,105800,106000,105700,105800,187,19790000,38,149
214430,2026-02-27,14:30:00,105700,106300,105700,106100,288,30530000,186,102
214430,2026-02-27,14:35:00,106200,106200,105800,106000,447,47410000,198,249
214430,2026-02-27,14:40:00,106100,106100,105800,106000,267,28300000,118,149
214430,2026-02-27,14:45:00,106000,106200,105800,106000,616,65270000,306,310
214430,2026-02-27,14:50:00,106000,106100,105700,105700,331,35050000,92,239
214430,2026-02-27,14:55:00,105700,105900,105300,105300,441,46530000,219,222
214430,2026-02-27,15:00:00,105300,105300,104800,104800,335,35220000,154,181
214430,2026-02-27,15:05:00,104800,105600,104500,104900,1712,179130000,982,730
214430,2026-02-27,15:10:00,104800,105400,104800,105300,340,35740000,134,206
214430,2026-02-27,15:15:00,105100,105300,104500,104700,690,72300000,269,421
214430,2026-02-27,15:20:00,104700,105800,104400,105500,965,101230000,623,342
214430,2026-02-27,15:30:00,105500,105500,105500,105500,1683,177550000,1683,0
214430,2026-03-03,09:05:00,110200,112300,107300,111800,11666,1287930000,6289,5377
214430,2026-03-03,09:10:00,111800,113500,109300,113500,11822,1328550000,8791,3031
214430,2026-03-03,09:15:00,113400,114500,111700,114400,9933,1128480000,7408,2525
214430,2026-03-03,09:20:00,114500,118200,114400,117400,11031,1283310000,6892,4139
214430,2026-03-03,09:25:00,116700,118400,115100,118300,6104,713830000,3191,2913
214430,2026-03-03,09:30:00,118300,122900,118300,122600,9923,1199570000,6175,3748
214430,2026-03-03,09:35:00,122700,122800,118000,120200,10129,1224650000,4978,5151
214430,2026-03-03,09:40:00,120400,122800,120400,122500,6900,840650000,4343,2557
214430,2026-03-03,09:45:00,122400,123000,120700,122700,7150,871930000,3088,4062
214430,2026-03-03,09:50:00,122700,123000,120500,121300,7730,944420000,2929,4801
214430,2026-03-03,09:55:00,121300,121500,120100,121000,6223,752910000,2450,3773
214430,2026-03-03,10:00:00,121100,121300,117500,118200,8003,955950000,2174,5829
214430,2026-03-03,10:05:00,119200,119900,117000,117600,6023,711420000,3510,2513
214430,2026-03-03,10:10:00,117500,117700,114600,116300,8416,979460000,5798,2618
214430,2026-03-03,10:15:00,116300,116900,114600,115300,9472,1093600000,7255,2217
214430,2026-03-03,10:20:00,115300,115800,114600,115600,2358,271840000,1386,972
214430,2026-03-03,10:25:00,115000,115700,114300,115300,2839,326150000,1832,1007
214430,2026-03-03,10:30:00,115400,116400,114300,116000,1943,224840000,1038,905
214430,2026-03-03,10:35:00,116000,116900,115000,116200,1831,212430000,1014,817
214430,2026-03-03,10:40:00,116200,116900,114900,115600,1469,169830000,540,929
214430,2026-03-03,10:45:00,115000,115600,114500,115000,1037,119330000,453,584
214430,2026-03-03,10:50:00,115000,115300,111400,113100,3259,370030000,930,2329
214430,2026-03-03,10:55:00,113400,113900,112200,113700,2046,231020000,991,1055
214430,2026-03-03,11:00:00,113800,114500,113100,113300,1768,201250000,972,796
214430,2026-03-03,11:05:00,113200,113300,111900,112400,3395,381270000,1228,2167
214430,2026-03-03,11:10:00,112200,113300,111700,112500,1116,125460000,593,523
214430,2026-03-03,11:15:00,112800,113000,111600,111600,641,71940000,161,480
214430,2026-03-03,11:20:00,111600,112600,110300,110300,2103,233390000,535,1568
214430,2026-03-03,11:25:00,110000,112300,110000,111000,1497,166300000,937,560
214430,2026-03-03,11:30:00,111500,112300,110100,112300,1134,126250000,442,692
214430,2026-03-03,11:35:00,112300,112300,110800,111900,823,91720000,185,638
214430,2026-03-03,11:40:00,111900,112300,110900,111200,766,85370000,230,536
214430,2026-03-03,11:45:00,111200,112600,110900,112600,961,107370000,474,487
214430,2026-03-03,11:50:00,112600,112700,111400,112500,1026,115050000,366,660
214430,2026-03-03,11:55:00,112000,112800,111100,111200,917,102480000,237,680
214430,2026-03-03,12:00:00,111900,111900,110900,110900,1051,116840000,163,888
214430,2026-03-03,12:05:00,110900,112100,110600,110600,1991,221200000,443,1548
214430,2026-03-03,12:10:00,110600,111000,110200,110300,1222,135070000,674,548
214430,2026-03-03,12:15:00,110300,110900,109200,110400,4003,438990000,1744,2259
214430,2026-03-03,12:20:00,110500,111500,109600,109600,2119,234690000,938,1181
214430,2026-03-03,12:25:00,109600,110000,108800,108900,1119,122140000,648,471
214430,2026-03-03,12:30:00,108800,109000,107200,107700,1688,182470000,892,796
214430,2026-03-03,12:35:00,108100,108500,106800,107000,1446,155210000,861,585
214430,2026-03-03,12:40:00,107300,110900,107100,110000,1123,122850000,433,690
214430,2026-03-03,12:45:00,110000,110100,108100,108650,578,63110000,258,320
214430,2026-03-03,12:50:00,109000,109600,108300,108500,470,51190000,188,282
214430,2026-03-03,12:55:00,108700,109700,108400,108800,341,37160000,146,195
214430,2026-03-03,13:00:00,109100,110300,108700,110100,736,80630000,363,373
214430,2026-03-03,13:05:00,110100,110900,108800,109800,995,109300000,207,788
214430,2026-03-03,13:10:00,109800,110200,109200,109300,537,58770000,290,247
214430,2026-03-03,13:15:00,109400,110500,109400,110000,892,98130000,441,451
214430,2026-03-03,13:20:00,109600,109900,109100,109200,321,35120000,111,210
214430,2026-03-03,13:25:00,109700,110200,109300,109300,306,33570000,163,143
214430,2026-03-03,13:30:00,109300,110000,109300,109400,488,53470000,181,307
214430,2026-03-03,13:35:00,109400,110000,109300,109900,694,76130000,274,420
214430,2026-03-03,13:40:00,109400,110000,109400,109600,371,40650000,117,254
214430,2026-03-03,13:45:00,109600,110400,108900,110400,1760,193070000,846,914
214430,2026-03-03,13:50:00,110400,110900,109700,109700,1629,179760000,437,1192
214430,2026-03-03,13:55:00,109700,109900,108900,109200,1384,151600000,776,608
214430,2026-03-03,14:00:00,109700,109800,109000,109500,2756,301390000,1935,821
214430,2026-03-03,14:05:00,109500,109900,109000,109300,1412,154630000,856,556
214430,2026-03-03,14:10:00,109600,110900,109300,110900,1054,115970000,594,460
214430,2026-03-03,14:15:00,110700,110900,109700,109900,769,84690000,281,488
214430,2026-03-03,14:20:00,109800,110500,109300,110000,786,86340000,267,519
214430,2026-03-03,14:25:00,110000,110100,109400,109500,958,104990000,420,538
214430,2026-03-03,14:30:00,109600,110500,109500,109600,835,91700000,267,568
214430,2026-03-03,14:35:00,109600,110500,109400,109500,1048,115180000,237,811
214430,2026-03-03,14:40:00,109600,110300,109200,109800,978,107240000,393,585
214430,2026-03-03,14:45:00,109900,110400,109500,110000,1227,135000000,369,858
214430,2026-03-03,14:50:00,109900,110100,109400,109400,1247,136750000,703,544
214430,2026-03-03,14:55:00,109600,110300,109500,110100,1371,150580000,761,610
214430,2026-03-03,15:00:00,109900,111000,109300,110900,2611,287770000,1059,1552
214430,2026-03-03,15:05:00,110700,111400,110000,110100,3359,372030000,1181,2178
214430,2026-03-03,15:10:00,110200,110200,108600,108700,2822,308550000,789,2033
214430,2026-03-03,15:15:00,108700,110100,108400,108900,2256,245560000,1111,1145
214430,2026-03-03,15:20:00,108900,111100,108900,111100,3411,374550000,2117,1294
214430,2026-03-03,15:30:00,111000,111000,111000,111000,2763,306690000,2760,0
214430,2026-03-04,09:05:00,115000,115100,110500,114700,14240,1615300000,5739,8501
214430,2026-03-04,09:10:00,114200,115400,110700,113000,6495,742050000,3504,2991
214430,2026-03-04,09:15:00,113000,113000,99900,101600,14411,1521560000,6232,8179
214430,2026-03-04,09:20:00,101800,103300,97300,98200,18320,1825580000,6860,11460
214430,2026-03-04,09:25:00,98200,98400,96000,96700,10951,1062510000,4324,6627
214430,2026-03-04,09:30:00,97300,99900,96600,99800,4867,475470000,2270,2597
214430,2026-03-04,09:35:00,99800,101400,99200,99200,5749,574940000,2385,3364
214430,2026-03-04,09:40:00,99300,101300,98800,101300,1943,193630000,799,1144
214430,2026-03-04,09:45:00,101300,102000,99000,99700,2973,297710000,901,2072
214430,2026-03-04,09:50:00,99700,103200,98500,98500,2883,286870000,1355,1528
214430,2026-03-04,09:55:00,98800,99600,97600,97600,2322,228270000,618,1704
214430,2026-03-04,10:00:00,97600,99100,97500,97800,1285,125980000,803,482
214430,2026-03-04,10:05:00,97900,99100,96900,97000,2376,231670000,852,1524
214430,2026-03-04,10:10:00,97100,98700,97000,98100,1854,181170000,1027,827
214430,2026-03-04,10:15:00,98100,99700,98100,99400,1080,106920000,470,610
214430,2026-03-04,10:20:00,98700,98900,97700,97800,1098,107760000,245,853
214430,2026-03-04,10:25:00,97800,98600,97600,97700,931,91170000,308,623
214430,2026-03-04,10:30:00,97700,98100,96700,97100,1825,177610000,99,1726
214430,2026-03-04,10:35:00,97000,97100,95800,96500,3353,322830000,649,2704
214430,2026-03-04,10:40:00,96500,97500,96300,96400,3473,335730000,2600,873
214430,2026-03-04,10:45:00,96400,96900,96000,96300,1722,165700000,786,936
214430,2026-03-04,10:50:00,96300,97700,96300,97100,1670,161870000,915,755
214430,2026-03-04,10:55:00,97100,97900,96400,97000,549,53280000,240,309
214430,2026-03-04,11:00:00,96500,98600,96000,97100,1218,117960000,540,678
214430,2026-03-04,11:05:00,96600,97400,95700,95700,1764,169630000,382,1382
214430,2026-03-04,11:10:00,95700,96000,95500,95500,1188,113670000,525,663
214430,2026-03-04,11:15:00,95800,96000,95200,95200,1399,133820000,700,699
214430,2026-03-04,11:20:00,95200,95200,94500,95000,2635,249870000,1156,1479
214430,2026-03-04,11:50:00,95000,95000,94300,94700,2272,215360000,1261,1011
214430,2026-03-04,11:55:00,94800,96400,93600,93700,3958,375190000,1346,2612
214430,2026-03-04,12:00:00,93800,95000,92900,94000,3190,298490000,898,2292
214430,2026-03-04,12:05:00,93700,93900,92500,92700,3479,323500000,1022,2457
214430,2026-03-04,12:10:00,92500,93400,92000,93400,5284,489720000,2860,2424
214430,2026-03-04,12:15:00,93800,93800,90100,90200,5820,533650000,1613,4207
214430,2026-03-04,12:20:00,90200,92000,89900,91000,1832,165700000,1186,646
214430,2026-03-04,12:25:00,90800,93700,90200,92700,1545,142210000,880,665
214430,2026-03-04,12:30:00,92700,93100,90600,90600,2313,211410000,1361,952
214430,2026-03-04,12:35:00,91500,91800,89900,89900,1661,150200000,282,1379
214430,2026-03-04,12:40:00,89900,91200,89800,90900,1195,108030000,602,593
214430,2026-03-04,12:45:00,90900,92800,90000,92500,1434,130830000,1128,306
214430,2026-03-04,12:50:00,92200,93900,92100,93000,1196,111120000,589,607
214430,2026-03-04,12:55:00,93000,93700,90700,92800,1325,123020000,745,580
214430,2026-03-04,13:00:00,92800,95900,91700,95800,1756,164770000,1148,608
214430,2026-03-04,13:05:00,95500,96300,94500,95900,1173,111810000,659,514
214430,2026-03-04,13:10:00,96500,96800,93600,96500,1275,122460000,810,465
214430,2026-03-04,13:15:00,96500,97000,93300,95400,1274,122130000,643,631
214430,2026-03-04,13:20:00,95100,95500,94100,94900,907,85980000,168,739
214430,2026-03-04,13:25:00,94900,95400,93500,94300,595,56010000,272,323
214430,2026-03-04,13:30:00,94100,94800,92600,93200,1032,96650000,563,469
214430,2026-03-04,13:35:00,93200,93500,92100,93200,603,55990000,289,314
214430,2026-03-04,13:40:00,92800,94400,92500,92500,824,76730000,438,386
214430,2026-03-04,13:45:00,92400,93000,91900,92600,1061,98030000,590,471
214430,2026-03-04,13:50:00,92400,92900,92000,92500,768,70970000,385,383
214430,2026-03-04,13:55:00,92400,93100,92000,92600,855,78990000,381,474
214430,2026-03-04,14:00:00,92300,93400,91900,91900,1221,112910000,381,840
214430,2026-03-04,14:05:00,91900,92400,90800,90800,1332,121700000,270,1062
214430,2026-03-04,14:10:00,90800,91800,90600,91100,1401,127920000,842,559
214430,2026-03-04,14:15:00,91100,91500,90600,90700,1082,98460000,632,450
214430,2026-03-04,14:20:00,90700,91300,90500,90800,950,86230000,524,426
214430,2026-03-04,14:25:00,90600,91300,90000,90200,2401,217190000,642,1759
214430,2026-03-04,14:30:00,90300,90500,89900,90000,1474,132880000,553,921
214430,2026-03-04,14:35:00,90000,90300,89700,89700,1313,118060000,603,710
214430,2026-03-04,14:40:00,89700,91100,89600,89900,1734,156200000,1194,540
214430,2026-03-04,14:45:00,90100,91800,90100,91300,1244,112860000,822,422
214430,2026-03-04,14:50:00,91400,92400,90700,90900,1236,113310000,639,597
214430,2026-03-04,14:55:00,90900,91900,90600,90700,1099,100220000,653,446
214430,2026-03-04,15:00:00,91100,91900,90700,90800,1134,103450000,545,589
214430,2026-03-04,15:05:00,90800,91500,90000,90100,1758,159350000,809,949
214430,2026-03-04,15:10:00,90100,90900,89700,89700,1369,123290000,695,674
214430,2026-03-04,15:15:00,89700,90000,89100,89100,3098,277290000,1349,1749
214430,2026-03-04,15:20:00,89250,89700,88500,88700,2201,195940000,1087,1114
214430,2026-03-04,15:30:00,89400,89400,89400,89400,2249,201060000,2220,0
214430,2026-03-05,09:05:00,94900,95800,94000,94700,3191,302250000,1313,1878
214430,2026-03-05,09:10:00,94800,94800,92200,92300,3384,315200000,868,2516
214430,2026-03-05,09:15:00,92400,94100,91300,93400,2737,253470000,1718,1019
214430,2026-03-05,09:20:00,93500,94500,93100,94400,1327,124210000,646,681
214430,2026-03-05,09:25:00,94000,94700,93300,94300,1497,140480000,443,1054
214430,2026-03-05,09:30:00,94200,94500,93200,94200,1778,166720000,895,883
214430,2026-03-05,09:35:00,94200,94400,92700,93300,3783,352940000,1144,2639
214430,2026-03-05,09:40:00,93300,94300,92500,92500,1783,165770000,596,1187
214430,2026-03-05,09:45:00,92700,93800,92400,93400,1075,100030000,486,589
214430,2026-03-05,09:50:00,93100,95500,93100,95300,1803,170680000,1402,401
214430,2026-03-05,09:55:00,94700,95700,94400,94900,1119,106490000,685,434
214430,2026-03-05,10:00:00,94900,95500,94600,95300,1073,102060000,609,464
214430,2026-03-05,10:05:00,95200,96700,95100,96500,982,94030000,585,397
214430,2026-03-05,10:10:00,96600,96800,96000,96300,920,88720000,512,408
214430,2026-03-05,10:15:00,96600,97400,96200,97100,1928,187020000,1461,467
214430,2026-03-05,10:20:00,97100,97500,96200,96700,2518,243730000,1147,1371
214430,2026-03-05,10:25:00,96700,96800,96000,96800,1579,152160000,1030,549
214430,2026-03-05,10:30:00,96400,96600,95900,96000,621,59660000,275,346
214430,2026-03-05,10:35:00,95900,96000,95300,95500,703,67270000,248,455
214430,2026-03-05,10:40:00,95500,96000,94800,95000,1260,120020000,384,876
214430,2026-03-05,10:45:00,95000,95700,94400,94700,2441,231330000,1695,746
214430,2026-03-05,10:50:00,94400,95500,94300,94500,1482,140150000,773,709
214430,2026-03-05,10:55:00,94500,94800,93800,94000,1717,161640000,128,1589
214430,2026-03-05,11:00:00,93800,94000,92800,92900,1312,122500000,364,948
214430,2026-03-05,11:05:00,92900,94300,92800,94100,769,71850000,199,570
214430,2026-03-05,11:10:00,94300,96300,94300,96200,1524,145420000,1123,401
214430,2026-03-05,11:15:00,95600,96200,95200,95600,649,62060000,274,375
214430,2026-03-05,11:20:00,95600,96300,95600,95900,1581,151700000,1198,383
214430,2026-03-05,11:25:00,95900,96100,95200,95600,665,63660000,194,471
214430,2026-03-05,11:30:00,95600,96100,95000,96100,629,60040000,357,272
214430,2026-03-05,11:35:00,95300,96300,95300,95800,348,33390000,176,172
214430,2026-03-05,11:40:00,95900,96700,95900,96400,1127,108600000,762,365
214430,2026-03-05,11:45:00,96200,96800,95900,96200,712,68540000,508,204
214430,2026-03-05,11:50:00,96200,97700,96200,97300,2084,202550000,1830,254
214430,2026-03-05,11:55:00,97400,97400,96600,96600,439,42610000,158,281
214430,2026-03-05,12:00:00,96600,97400,96400,97300,600,58110000,319,281
214430,2026-03-05,12:05:00,96800,97300,96700,96800,473,45880000,173,300
214430,2026-03-05,12:10:00,96800,97200,96700,96700,262,25360000,134,128
214430,2026-03-05,12:15:00,96900,97200,96500,97200,842,81610000,261,581
214430,2026-03-05,12:20:00,96900,97300,96800,96800,744,72190000,452,292
214430,2026-03-05,12:25:00,96800,97200,96800,96800,223,21600000,89,134
214430,2026-03-05,12:30:00,96800,97000,95800,95800,2425,233420000,220,2205
214430,2026-03-05,12:35:00,95800,95800,95000,95000,914,87170000,216,698
214430,2026-03-05,12:40:00,95000,96200,94800,95500,849,80650000,203,646
214430,2026-03-05,12:45:00,95900,96200,95400,96000,644,61770000,253,391
214430,2026-03-05,12:50:00,96000,96200,95200,95400,327,31220000,135,192
214430,2026-03-05,12:55:00,95400,95900,94900,94900,877,83540000,585,292
214430,2026-03-05,13:00:00,94900,95300,94600,95100,368,34900000,171,197
214430,2026-03-05,13:05:00,95200,95400,94300,94300,607,57460000,312,295
214430,2026-03-05,13:10:00,94300,95500,94200,95100,1046,99260000,824,222
214430,2026-03-05,13:15:00,95100,96100,95100,95800,686,65620000,334,352
214430,2026-03-05,13:20:00,95800,95900,95000,95400,539,51530000,400,139
214430,2026-03-05,13:25:00,95400,95900,94900,95100,725,69190000,360,365
214430,2026-03-05,13:30:00,95000,95500,94600,94700,482,45750000,256,226
214430,2026-03-05,13:35:00,94700,95800,94700,95500,645,61580000,311,334
214430,2026-03-05,13:40:00,95300,96300,95300,95800,917,87920000,497,420
214430,2026-03-05,13:45:00,95900,96700,95600,96600,1380,132850000,858,522
214430,2026-03-05,13:50:00,96700,96800,96100,96500,1269,122560000,454,815
214430,2026-03-05,13:55:00,96600,97100,96100,96800,1527,147520000,433,1094
214430,2026-03-05,14:00:00,97000,97300,96600,97200,1253,121660000,478,775
214430,2026-03-05,14:05:00,97000,97600,96600,97500,1730,168310000,973,757
214430,2026-03-05,14:10:00,97500,98300,97400,98300,3943,385390000,3261,682
214430,2026-03-05,14:15:00,98300,98300,97400,97400,435,42550000,153,282
214430,2026-03-05,14:20:00,97600,98200,97600,98000,515,50450000,259,256
214430,2026-03-05,14:25:00,98000,98200,97400,97900,1666,162980000,270,1396
214430,2026-03-05,14:30:00,97800,98000,97600,97600,531,51910000,219,312
214430,2026-03-05,14:35:00,97600,97700,97500,97700,539,52620000,182,357
214430,2026-03-05,14:40:00,97700,98800,97600,98800,4505,443420000,4176,329
214430,2026-03-05,14:45:00,98800,98900,98500,98800,1032,101920000,543,489
214430,2026-03-05,14:50:00,98800,99300,98600,99300,1479,146320000,1102,377
214430,2026-03-05,14:55:00,99000,99400,98700,99200,2331,230980000,1137,1194
214430,2026-03-05,15:00:00,98700,99300,97600,97600,2526,249330000,874,1652
214430,2026-03-05,15:05:00,98000,98500,97200,97800,2193,214140000,1265,928
214430,2026-03-05,15:10:00,97800,98500,97600,97700,1981,194340000,948,1033
214430,2026-03-05,15:15:00,97700,98200,97000,97200,1793,174470000,766,1027
214430,2026-03-05,15:20:00,97200,99400,97200,99300,3348,329140000,1761,1587
214430,2026-03-05,15:30:00,98300,98300,98300,98300,4116,404600000,4113,0
214430,2026-03-06,09:05:00,102000,106900,102000,103100,7585,789070000,3589,3996
214430,2026-03-06,09:10:00,103200,103700,102600,102800,2329,240150000,1229,1100
214430,2026-03-06,09:15:00,102800,103400,102200,102600,1664,170960000,578,1086
214430,2026-03-06,09:20:00,102600,103600,102200,102500,2302,236580000,880,1422
214430,2026-03-06,09:25:00,102500,103900,102500,103600,1504,155550000,888,616
214430,2026-03-06,09:30:00,103700,104800,103700,104100,2464,257030000,1654,810
214430,2026-03-06,09:35:00,104100,105400,103300,104200,3524,368020000,1004,2520
214430,2026-03-06,09:40:00,104200,105400,103800,104200,3483,364280000,1812,1671
214430,2026-03-06,09:45:00,104600,104600,103300,103800,2967,307770000,1341,1626
214430,2026-03-06,09:50:00,103800,104600,103700,104100,1840,191450000,1468,372
214430,2026-03-06,09:55:00,104100,104100,103500,103900,1721,178650000,954,767
214430,2026-03-06,10:00:00,103800,104600,103500,104500,2236,232620000,1132,1104
214430,2026-03-06,10:05:00,104500,104700,103700,104700,1171,122220000,980,191
214430,2026-03-06,10:10:00,104700,105000,102200,103900,4857,504280000,1998,2859
214430,2026-03-06,10:15:00,103400,104200,103100,104000,2127,220510000,592,1535
214430,2026-03-06,10:20:00,104200,104900,103100,103400,2574,267660000,1184,1390
214430,2026-03-06,10:25:00,103100,103400,101500,101900,3805,389680000,1674,2131
214430,2026-03-06,10:30:00,101800,102200,99500,101800,6241,628570000,3001,3240
214430,2026-03-06,10:35:00,101700,104500,100000,104100,3264,334440000,1537,1727
214430,2026-03-06,10:40:00,104400,105000,103500,104700,2055,214700000,1457,598
214430,2026-03-06,10:45:00,104600,105400,104400,105000,2528,265300000,1662,866
214430,2026-03-06,10:50:00,105000,105400,103800,105000,1727,180500000,590,1137
214430,2026-03-06,10:55:00,105100,106300,104700,105700,4629,490030000,3583,1046
214430,2026-03-06,11:00:00,106000,106500,105800,106500,1883,199980000,715,1168
214430,2026-03-06,11:05:00,106500,106700,106000,106700,2149,228840000,1041,1108
214430,2026-03-06,11:10:00,106700,107100,106600,107100,2597,277540000,2108,489
214430,2026-03-06,11:15:00,107000,107500,106900,107200,1447,155030000,1132,315
214430,2026-03-06,11:20:00,107200,107300,106800,107200,1134,121380000,333,801
214430,2026-03-06,11:25:00,107200,108500,107200,108400,3474,374060000,2960,514
214430,2026-03-06,11:30:00,108400,108900,108100,108900,1383,150030000,968,415
214430,2026-03-06,11:35:00,108700,108700,107800,108300,1227,132830000,298,929
214430,2026-03-06,11:40:00,108300,108400,107500,107500,600,64800000,221,379
214430,2026-03-06,11:45:00,107500,107800,107000,107600,865,92860000,310,555
214430,2026-03-06,11:50:00,107600,108000,107200,107900,415,44740000,270,145
214430,2026-03-06,11:55:00,108000,108100,107500,107500,255,27510000,55,200
214430,2026-03-06,12:00:00,107800,108000,107600,107800,676,72860000,256,420
214430,2026-03-06,12:05:00,107800,108000,107400,107700,559,60260000,310,249
214430,2026-03-06,12:10:00,107700,107800,107500,107500,413,44470000,166,247
214430,2026-03-06,12:15:00,107400,107400,106700,106800,806,86310000,5,801
214430,2026-03-06,12:20:00,106800,106800,105600,106200,1431,152190000,245,1186
214430,2026-03-06,12:25:00,105600,106300,105400,105600,465,49200000,187,278
214430,2026-03-06,12:30:00,105500,106400,105400,106400,926,97820000,656,270
214430,2026-03-06,12:35:00,106000,106400,105500,105500,493,52260000,86,407
214430,2026-03-06,12:40:00,106100,107000,106100,107000,319,33950000,294,25
214430,2026-03-06,12:45:00,107000,107500,107000,107100,278,29830000,137,141
214430,2026-03-06,12:50:00,107100,107500,107100,107300,447,47910000,86,361
214430,2026-03-06,12:55:00,107300,107600,107000,107600,634,68060000,562,72
214430,2026-03-06,13:00:00,107600,108000,107600,107800,764,82290000,651,113
214430,2026-03-06,13:05:00,107700,108000,107200,107600,594,63830000,81,513
214430,2026-03-06,13:10:00,107700,107900,107300,107500,1007,108400000,350,657
214430,2026-03-06,13:15:00,107600,107800,107400,107600,976,104950000,121,855
214430,2026-03-06,13:20:00,107600,107700,106500,106700,1909,204870000,214,1695
214430,2026-03-06,13:25:00,106800,107300,106300,107300,921,98340000,392,529
214430,2026-03-06,13:30:00,107300,107300,106600,107000,844,90140000,203,641
214430,2026-03-06,13:35:00,107100,107600,106700,107400,527,56580000,362,165
214430,2026-03-06,13:40:00,107400,107500,106700,107000,2269,242530000,2016,253
214430,2026-03-06,13:45:00,107000,107200,106900,107000,539,57680000,452,87
214430,2026-03-06,13:50:00,107000,107300,106800,106900,468,50080000,270,198
214430,2026-03-06,13:55:00,106900,107000,105800,106100,740,78730000,148,592
214430,2026-03-06,14:00:00,106100,106200,105400,105400,518,54730000,159,359
214430,2026-03-06,14:05:00,105500,106200,105500,106200,419,44340000,237,182
214430,2026-03-06,14:10:00,105800,105800,105100,105400,880,92850000,224,656
214430,2026-03-06,14:15:00,105500,105500,104100,104200,4148,435410000,3752,396
214430,2026-03-06,14:20:00,104200,104300,101400,102900,3462,356780000,1484,1978
214430,2026-03-06,14:25:00,102700,103800,102000,103300,1035,106540000,679,356
214430,2026-03-06,14:30:00,102900,103200,102700,102700,555,57190000,230,325
214430,2026-03-06,14:35:00,102700,103200,102300,102400,3298,338170000,2724,574
214430,2026-03-06,14:40:00,102200,102700,101900,102600,2434,248740000,703,1731
214430,2026-03-06,14:45:00,102600,102700,102000,102500,703,71930000,385,318
214430,2026-03-06,14:50:00,102500,102500,101900,102000,2130,217420000,1239,891
214430,2026-03-06,14:55:00,102000,102400,101800,101900,893,91170000,426,467
214430,2026-03-06,15:00:00,101800,102000,101600,101800,951,96800000,512,439
214430,2026-03-06,15:05:00,101800,101800,99700,101000,2169,219360000,770,1399
214430,2026-03-06,15:10:00,101400,103200,100100,103200,3322,336980000,2265,1057
214430,2026-03-06,15:15:00,103200,103700,101700,103600,5056,520250000,2244,2812
214430,2026-03-06,15:20:00,103600,105000,102300,103200,5754,594690000,3301,2453
214430,2026-03-06,15:30:00,103600,103600,103600,103600,2730,282820000,2720,0
214430,2026-03-09,09:05:00,99500,103400,97500,102500,6948,693520000,2978,3970
214430,2026-03-09,09:10:00,102400,102400,95600,95600,2195,219950000,577,1618
214430,2026-03-09,09:15:00,102200,102200,98100,99100,2880,288600000,1457,1423
214430,2026-03-09,09:20:00,99100,99300,97600,97800,3275,321400000,1448,1827
214430,2026-03-09,09:25:00,97800,97800,96000,96200,4317,418440000,3011,1306
214430,2026-03-09,09:30:00,96100,98000,96100,97800,1202,116690000,635,567
214430,2026-03-09,09:35:00,97800,98700,96900,98100,1292,126080000,719,573
214430,2026-03-09,09:40:00,98200,98700,97200,97600,407,39820000,191,216
214430,2026-03-09,09:45:00,98100,98100,96700,96800,896,86980000,230,666
214430,2026-03-09,09:50:00,97300,98800,96500,96500,1100,107140000,434,666
214430,2026-03-09,09:55:00,96900,97100,95700,95700,2527,242810000,748,1779
214430,2026-03-09,10:00:00,95900,97100,95400,95400,1314,125980000,741,573
214430,2026-03-09,10:05:00,95900,96300,95500,95600,591,56740000,515,76
214430,2026-03-09,10:10:00,95500,96300,94900,95900,2712,258130000,1562,1150
214430,2026-03-09,10:15:00,95800,97050,95300,96400,1379,132600000,696,683
214430,2026-03-09,10:20:00,97000,97400,96100,97050,608,58860000,322,286
214430,2026-03-09,10:25:00,97000,97100,96000,96200,421,40480000,54,367
214430,2026-03-09,10:30:00,96300,96300,95300,95400,579,55560000,292,287
214430,2026-03-09,10:35:00,95400,95900,94000,94000,1665,157470000,515,1150
214430,2026-03-09,10:40:00,94100,94200,93700,94100,741,69630000,282,459
214430,2026-03-09,10:45:00,94200,94600,93600,94100,1473,138350000,619,854
214430,2026-03-09,10:50:00,94100,94200,93600,93600,852,80080000,235,617
214430,2026-03-09,10:55:00,93900,94000,93500,93700,563,52740000,236,327
214430,2026-03-09,11:00:00,93700,94000,93600,93800,183,17150000,53,130
214430,2026-03-09,11:05:00,93600,94700,93600,93800,1333,125400000,919,414
214430,2026-03-09,11:10:00,93900,95900,93700,95600,1496,142030000,1246,250
214430,2026-03-09,11:15:00,95500,95500,94500,95000,654,62230000,430,224
214430,2026-03-09,11:20:00,95000,95200,93900,94900,792,74830000,157,635
214430,2026-03-09,11:25:00,94900,95400,94200,94400,566,53610000,314,252
214430,2026-03-09,11:30:00,94900,95400,93600,94600,1830,172980000,642,1188
214430,2026-03-09,11:35:00,94600,96000,94000,94900,1297,123370000,861,436
214430,2026-03-09,11:40:00,94900,95900,94600,95900,415,39680000,300,115
214430,2026-03-09,11:45:00,95900,96900,95800,96400,476,45810000,225,251
214430,2026-03-09,11:50:00,96200,96600,96000,96600,467,44930000,58,409
214430,2026-03-09,11:55:00,96600,96700,95900,96100,106,10210000,27,79
214430,2026-03-09,12:00:00,96100,96800,96000,96400,894,86410000,391,503
214430,2026-03-09,12:05:00,96600,96700,95900,95900,362,34840000,94,268
214430,2026-03-09,12:10:00,95900,96600,95500,96000,403,38700000,121,282
214430,2026-03-09,12:15:00,95900,96200,95500,95900,204,19560000,112,92
214430,2026-03-09,12:20:00,96200,96200,95100,95300,305,29160000,110,195
214430,2026-03-09,12:25:00,95800,96400,95100,95700,176,16870000,123,53
214430,2026-03-09,12:30:00,95700,95800,95200,95300,188,17950000,133,55
214430,2026-03-09,12:35:00,95200,96400,95000,95400,396,37820000,264,132
214430,2026-03-09,12:40:00,96100,96200,94700,94900,562,53510000,337,225
214430,2026-03-09,12:45:00,94900,95200,94400,94700,167,15810000,38,129
214430,2026-03-09,12:50:00,94600,95400,94300,94800,150,14220000,60,90
214430,2026-03-09,12:55:00,94800,94900,94400,94400,48,4540000,14,34
214430,2026-03-09,13:00:00,94400,95000,94300,94400,142,13440000,53,89
214430,2026-03-09,13:05:00,94400,94700,94100,94700,728,68660000,477,251
214430,2026-03-09,13:10:00,94700,95200,94400,94900,171,16220000,121,50
214430,2026-03-09,13:15:00,95000,95000,94600,94700,79,7500000,17,62
214430,2026-03-09,13:20:00,94800,94800,94300,94300,186,17580000,22,164
214430,2026-03-09,13:25:00,94400,94800,94200,94300,247,23310000,87,160
214430,2026-03-09,13:30:00,94800,94900,94300,94500,475,44840000,210,265
214430,2026-03-09,13:35:00,95100,95800,94600,94700,215,20470000,104,111
214430,2026-03-09,13:40:00,94500,95000,94300,94300,429,40560000,53,376
214430,2026-03-09,13:45:00,94300,95100,94200,95100,288,27210000,151,137
214430,2026-03-09,13:50:00,94300,95100,94200,94200,298,28170000,134,164
214430,2026-03-09,13:55:00,94500,94800,94100,94400,315,29670000,34,281
214430,2026-03-09,14:00:00,94000,95000,94000,94200,114,10750000,54,60
214430,2026-03-09,14:05:00,94500,94900,94000,94100,328,30940000,97,231
214430,2026-03-09,14:10:00,94800,94800,94100,94700,304,28770000,203,101
214430,2026-03-09,14:15:00,94800,94900,94200,94700,237,22440000,101,136
214430,2026-03-09,14:20:00,94800,94800,94000,94100,263,24840000,42,221
214430,2026-03-09,14:25:00,94700,95400,93500,94700,2154,203260000,657,1497
214430,2026-03-09,14:30:00,94300,95300,94300,95100,541,51280000,403,138
214430,2026-03-09,14:35:00,95100,95400,94900,95100,930,88540000,761,169
214430,2026-03-09,14:40:00,94900,95500,94600,95300,828,78800000,558,270
214430,2026-03-09,14:45:00,94900,95600,94900,95600,290,27710000,197,93
214430,2026-03-09,14:50:00,95500,95700,95100,95600,282,26940000,206,76
214430,2026-03-09,14:55:00,95600,95900,95300,95400,209,19970000,34,175
214430,2026-03-09,15:00:00,95300,95800,94700,94700,3994,379390000,3391,603
214430,2026-03-09,15:05:00,94800,95200,94300,94400,486,46030000,118,368
214430,2026-03-09,15:10:00,94400,94800,94300,94400,312,29470000,75,237
214430,2026-03-09,15:15:00,94400,94700,94100,94300,1345,126760000,241,1104
214430,2026-03-09,15:20:00,94200,97000,94200,97000,1885,179190000,1331,554
214430,2026-03-09,15:30:00,97000,97000,97000,97000,1767,171400000,1721,0
214430,2026-03-10,09:05:00,102000,102000,96500,98700,8530,847040000,2196,6334
214430,2026-03-10,09:10:00,98500,99500,97100,98400,5402,532550000,2372,3030
214430,2026-03-10,09:15:00,98400,98400,96200,97400,3887,378230000,1356,2531
214430,2026-03-10,09:20:00,97400,98100,96100,97200,5709,553450000,682,5027
214430,2026-03-10,09:25:00,97200,97400,96100,96100,2942,284570000,1444,1498
214430,2026-03-10,09:30:00,96500,97700,96200,97200,1005,97290000,334,671
214430,2026-03-10,09:35:00,97200,97700,96300,96400,1158,112400000,191,967
214430,2026-03-10,09:40:00,96600,97600,96400,97000,1259,122380000,229,1030
214430,2026-03-10,09:45:00,97000,97400,96700,96800,747,72560000,317,430
214430,2026-03-10,09:50:00,97000,97200,96300,97100,1644,159030000,485,1159
214430,2026-03-10,09:55:00,97100,97300,96400,96600,985,95360000,190,795
214430,2026-03-10,10:00:00,96600,96700,96200,96300,832,80200000,139,693
214430,2026-03-10,10:05:00,96400,98500,96000,97300,2399,233510000,1685,714
214430,2026-03-10,10:10:00,97500,98500,97300,97900,791,77660000,257,534
214430,2026-03-10,10:15:00,97900,98500,97700,98100,470,46180000,350,120
214430,2026-03-10,10:20:00,98100,98900,98100,98800,1176,115790000,594,582
214430,2026-03-10,10:25:00,98700,98800,98400,98400,532,52470000,114,418
214430,2026-03-10,10:30:00,98400,99200,98400,99000,1246,123120000,657,589
214430,2026-03-10,10:35:00,98900,99800,98500,98900,917,90980000,418,499
214430,2026-03-10,10:40:00,99000,99100,98800,99000,868,85930000,230,638
214430,2026-03-10,10:45:00,99000,99200,99000,99000,477,47270000,128,349
214430,2026-03-10,10:50:00,99000,99000,98500,99000,740,73180000,151,589
214430,2026-03-10,10:55:00,99000,99000,98600,98900,904,89420000,180,724
214430,2026-03-10,11:00:00,98900,99000,98500,98900,498,49230000,145,353
214430,2026-03-10,11:05:00,98800,98900,98600,98700,836,82600000,121,715
214430,2026-03-10,11:10:00,98800,99800,98800,99700,1819,180490000,1409,410
214430,2026-03-10,11:15:00,99700,99800,99000,99500,506,50250000,157,349
214430,2026-03-10,11:20:00,99500,99600,98800,99100,1131,112090000,118,1013
214430,2026-03-10,11:25:00,99200,99600,98800,98900,1069,106020000,668,401
214430,2026-03-10,11:30:00,98900,99400,98800,99400,485,48080000,133,352
214430,2026-03-10,11:35:00,99400,99400,98800,98800,538,53310000,175,363
214430,2026-03-10,11:40:00,98800,99300,98800,98900,224,22180000,51,173
214430,2026-03-10,11:45:00,99000,99100,98400,98400,1009,99550000,167,842
214430,2026-03-10,11:50:00,98400,98500,97900,98100,792,77790000,138,654
214430,2026-03-10,11:55:00,98100,99200,97900,99100,774,76120000,368,406
214430,2026-03-10,12:00:00,98800,99100,98100,98100,138,13630000,49,89
214430,2026-03-10,12:05:00,98100,99200,98100,98500,3506,345510000,3162,344
214430,2026-03-10,12:10:00,98500,99200,98500,98500,373,36880000,48,325
214430,2026-03-10,12:15:00,98600,99050,98300,98600,270,26670000,60,210
214430,2026-03-10,12:20:00,98700,99000,98600,98800,207,20460000,40,167
214430,2026-03-10,12:25:00,98800,98900,98600,98700,469,46360000,223,246
214430,2026-03-10,12:30:00,98700,98700,98100,98500,446,43850000,75,371
214430,2026-03-10,12:35:00,98000,98500,97800,97800,338,33150000,63,275
214430,2026-03-10,12:40:00,97800,98100,97100,97300,889,86720000,80,809
214430,2026-03-10,12:45:00,97300,98600,97100,97100,508,49530000,120,388
214430,2026-03-10,12:50:00,97100,97900,96800,96900,481,46780000,141,340
214430,2026-03-10,12:55:00,97000,97900,97000,97200,762,74320000,404,358
214430,2026-03-10,13:00:00,97600,98200,97100,97200,320,31260000,52,268
214430,2026-03-10,13:05:00,97200,97900,97000,97000,1689,164110000,1070,619
214430,2026-03-10,13:10:00,97100,97700,97100,97500,460,44870000,101,359
214430,2026-03-10,13:15:00,97500,97800,97500,97700,93,9070000,18,75
214430,2026-03-10,13:20:00,97700,97800,97400,97400,152,14840000,15,137
214430,2026-03-10,13:25:00,97600,98200,97300,98100,274,26820000,79,195
214430,2026-03-10,13:30:00,98200,98200,97100,97300,391,38140000,144,247
214430,2026-03-10,13:35:00,97400,97900,97200,97700,331,32350000,62,269
214430,2026-03-10,13:40:00,97400,97900,97300,97400,266,25970000,29,237
214430,2026-03-10,13:45:00,97600,97900,97500,97500,234,22870000,50,184
214430,2026-03-10,13:50:00,97500,97900,97400,97400,252,24570000,6,246
214430,2026-03-10,13:55:00,97400,97700,97200,97200,293,28550000,52,241
214430,2026-03-10,14:00:00,97100,97900,97100,97900,134,13090000,79,55
214430,2026-03-10,14:05:00,97900,98000,97800,97900,301,29450000,214,87
214430,2026-03-10,14:10:00,98000,98000,97300,98000,415,40610000,127,288
214430,2026-03-10,14:15:00,98000,98000,97900,97900,230,22530000,85,145
214430,2026-03-10,14:20:00,97500,97900,97400,97900,156,15250000,75,81
214430,2026-03-10,14:25:00,98000,98000,97300,97700,182,17800000,44,138
214430,2026-03-10,14:30:00,97700,97900,97300,97500,470,45900000,36,434
214430,2026-03-10,14:35:00,97700,97900,97300,97700,192,18750000,49,143
214430,2026-03-10,14:40:00,97200,97800,97100,97200,392,38110000,135,257
214430,2026-03-10,14:45:00,97100,97400,96800,96800,477,46300000,63,414
214430,2026-03-10,14:50:00,96700,97400,96600,96700,577,55840000,124,453
214430,2026-03-10,14:55:00,96600,96900,96400,96400,955,92280000,263,692
214430,2026-03-10,15:00:00,96400,96900,96300,96500,947,91430000,170,777
214430,2026-03-10,15:05:00,96500,96900,96500,96500,568,54890000,290,278
214430,2026-03-10,15:10:00,96500,97000,96200,96200,1288,124280000,359,929
214430,2026-03-10,15:15:00,96200,97000,96100,96800,885,85320000,349,536
214430,2026-03-10,15:20:00,96700,98600,96700,97000,1934,188490000,1012,922
214430,2026-03-10,15:30:00,97900,97900,97900,97900,836,81830000,835,0
214430,2026-03-11,09:05:00,97300,99600,96000,98800,4302,420770000,2350,1936
214430,2026-03-11,09:10:00,98800,99300,96900,98600,2700,266310000,1019,1681
214430,2026-03-11,09:15:00,99100,100600,98500,100400,4748,473200000,2638,2110
214430,2026-03-11,09:20:00,100200,101300,99300,99700,3286,330500000,2082,1204
214430,2026-03-11,09:25:00,99600,101600,99400,101200,3088,311780000,2393,695
214430,2026-03-11,09:30:00,101300,102700,101200,101800,4093,417350000,2753,1340
214430,2026-03-11,09:35:00,101400,103000,100900,103000,2423,248150000,1516,907
214430,2026-03-11,09:40:00,102900,104900,102900,104900,3058,317330000,2238,820
214430,2026-03-11,09:45:00,105000,105100,104000,104500,2113,220840000,1206,907
214430,2026-03-11,09:50:00,104100,105100,103600,104000,2385,249430000,1142,1243
214430,2026-03-11,09:55:00,104300,104500,103000,104200,2364,246030000,965,1399
214430,2026-03-11,10:00:00,104200,104300,103300,103700,1584,164390000,834,750
214430,2026-03-11,10:05:00,103700,104400,103400,104300,1404,146270000,355,1049
214430,2026-03-11,10:10:00,103700,104300,103700,104200,455,47400000,86,369
214430,2026-03-11,10:15:00,104100,104200,102600,102700,1168,120620000,552,616
214430,2026-03-11,10:20:00,102500,103600,100400,103600,4922,506270000,4179,743
214430,2026-03-11,10:25:00,103000,103500,102700,103200,1263,130140000,689,574
214430,2026-03-11,10:30:00,103300,103400,102500,102900,698,71990000,78,620
214430,2026-03-11,10:35:00,102900,103300,102700,103300,417,42990000,120,297
214430,2026-03-11,10:40:00,103400,104000,103000,103700,1296,134220000,856,440
214430,2026-03-11,10:45:00,103400,103900,103400,103900,961,99640000,388,573
214430,2026-03-11,10:50:00,103900,103900,103200,103800,1008,104450000,232,776
214430,2026-03-11,10:55:00,103700,104000,103600,103900,1176,122040000,809,367
214430,2026-03-11,11:00:00,103700,104400,103700,104300,990,103110000,628,362
214430,2026-03-11,11:05:00,104300,105600,103800,105500,2360,247390000,2059,301
214430,2026-03-11,11:10:00,105500,105900,105400,105400,535,56500000,301,234
214430,2026-03-11,11:15:00,105400,105900,105200,105500,1014,107050000,350,664
214430,2026-03-11,11:20:00,105500,105500,104200,104500,750,78560000,101,649
214430,2026-03-11,11:25:00,104500,105100,104200,104400,476,49760000,92,384
214430,2026-03-11,11:30:00,104800,104800,103700,103700,688,71570000,75,613
214430,2026-03-11,11:35:00,103700,103900,103500,103800,696,72100000,216,480
214430,2026-03-11,11:40:00,103500,103800,103500,103500,422,43690000,106,316
214430,2026-03-11,11:45:00,103400,103800,103400,103500,159,16480000,7,152
214430,2026-03-11,11:50:00,103500,103600,103000,103500,895,92490000,229,666
214430,2026-03-11,11:55:00,103600,103800,103600,103600,228,23630000,15,213
214430,2026-03-11,12:00:00,103600,104000,103300,103500,434,44980000,210,224
214430,2026-03-11,12:05:00,103700,103700,103100,103400,476,49180000,250,226
214430,2026-03-11,12:10:00,103500,103900,103100,103200,646,66750000,78,568
214430,2026-03-11,12:15:00,103300,103600,103100,103300,267,27590000,44,223
214430,2026-03-11,12:20:00,103400,103400,103000,103100,469,48370000,107,362
214430,2026-03-11,12:25:00,103000,103100,102600,102600,700,71990000,73,627
214430,2026-03-11,12:30:00,102600,102900,102500,102900,349,35820000,114,235
214430,2026-03-11,12:35:00,102600,102800,102600,102800,269,27620000,77,192
214430,2026-03-11,12:40:00,102700,103700,102600,103700,593,61160000,369,224
214430,2026-03-11,12:45:00,103800,103800,102700,103400,523,53920000,232,291
214430,2026-03-11,12:50:00,102800,103400,102700,103000,3146,323530000,2716,430
214430,2026-03-11,12:55:00,103000,103200,102900,102900,477,49150000,242,235
214430,2026-03-11,13:00:00,102800,103300,102800,103000,366,37740000,113,253
214430,2026-03-11,13:05:00,102900,103500,102900,103500,695,71720000,508,187
214430,2026-03-11,13:10:00,103400,104200,103200,103800,725,75320000,147,578
214430,2026-03-11,13:15:00,104200,105400,104200,105300,758,79460000,712,46
214430,2026-03-11,13:20:00,105200,105900,105100,105600,1253,132290000,856,397
214430,2026-03-11,13:25:00,105500,105600,104300,105300,330,34760000,229,101
214430,2026-03-11,13:30:00,105300,105300,104000,104200,1646,171710000,1071,575
214430,2026-03-11,13:35:00,104400,104800,104000,104300,431,44980000,100,331
214430,2026-03-11,13:40:00,104200,104900,104200,104900,189,19770000,111,78
214430,2026-03-11,13:45:00,104500,105000,104300,104600,381,39880000,256,125
214430,2026-03-11,13:50:00,104600,104700,104400,104600,319,33350000,85,234
214430,2026-03-11,13:55:00,104700,104800,104100,104100,384,40100000,224,160
214430,2026-03-11,14:00:00,104000,105900,103300,105400,2090,220010000,1444,646
214430,2026-03-11,14:05:00,105500,105500,104800,104800,1259,132400000,98,1161
214430,2026-03-11,14:10:00,104800,105400,104800,105200,807,84790000,680,127
214430,2026-03-11,14:15:00,105200,105400,105000,105300,1090,114590000,669,421
214430,2026-03-11,14:20:00,105300,105300,104500,104500,1506,157940000,494,1012
214430,2026-03-11,14:25:00,104600,104800,104500,104600,395,41310000,259,136
214430,2026-03-11,14:30:00,104700,105000,104300,104300,710,74220000,174,536
214430,2026-03-11,14:35:00,104300,104300,103800,103800,977,101640000,416,561
214430,2026-03-11,14:40:00,103800,103900,103100,103300,1351,139890000,450,901
214430,2026-03-11,14:45:00,103400,103400,102900,102900,1067,110000000,640,427
214430,2026-03-11,14:50:00,102900,103000,102400,103000,933,95800000,436,497
214430,2026-03-11,14:55:00,103000,103300,102300,102300,1153,118520000,380,773
214430,2026-03-11,15:00:00,102300,102800,101600,101600,1830,187040000,893,937
214430,2026-03-11,15:05:00,101600,102100,100600,101300,2139,216240000,893,1246
214430,2026-03-11,15:10:00,101300,103000,100900,102300,1465,149870000,954,511
214430,2026-03-11,15:15:00,102300,103800,101900,103300,1820,187080000,1096,724
214430,2026-03-11,15:20:00,103400,105000,102800,105000,2053,212700000,1661,392
214430,2026-03-11,15:30:00,104300,104300,104300,104300,2770,288900000,2767,0
214430,2026-03-12,09:05:00,102100,102900,101000,101600,1745,177670000,679,1066
214430,2026-03-12,09:10:00,101700,102200,101100,101100,1779,180470000,506,1273
214430,2026-03-12,09:15:00,101200,102400,101100,102000,450,45790000,264,186
214430,2026-03-12,09:20:00,101700,102800,101700,102100,1326,135280000,1016,310
214430,2026-03-12,09:25:00,102000,103400,102000,103100,783,80410000,361,422
214430,2026-03-12,09:30:00,103300,103400,102300,102900,722,74340000,377,345
214430,2026-03-12,09:35:00,102900,102900,102200,102500,1464,150220000,275,1189
214430,2026-03-12,09:40:00,102400,103000,102300,102900,804,82580000,505,299
214430,2026-03-12,09:45:00,102900,102900,101800,101800,922,94560000,287,635
214430,2026-03-12,09:50:00,101800,101800,100900,101500,922,93390000,171,751
214430,2026-03-12,09:55:00,101200,101800,101200,101500,426,43230000,200,226
214430,2026-03-12,10:00:00,101500,101500,101100,101200,788,79860000,362,426
214430,2026-03-12,10:05:00,101200,101200,100000,100500,1265,127290000,452,813
214430,2026-03-12,10:10:00,100600,100600,99800,99900,719,71910000,211,508
214430,2026-03-12,10:15:00,99700,101400,99700,100900,1413,141810000,1180,233
214430,2026-03-12,10:20:00,100900,100900,100100,100100,363,36450000,64,299
214430,2026-03-12,10:25:00,100200,100500,99900,100100,1036,103790000,396,640
214430,2026-03-12,10:30:00,100100,100500,100100,100300,163,16360000,86,77
214430,2026-03-12,10:35:00,100300,100900,100250,100800,358,36020000,279,79
214430,2026-03-12,10:40:00,100800,101000,100600,100900,482,48590000,106,376
214430,2026-03-12,10:45:00,100600,101000,100600,101000,161,16230000,88,73
214430,2026-03-12,10:50:00,101300,101400,100800,100900,340,34380000,88,252
214430,2026-03-12,10:55:00,100900,100900,100600,100800,300,30230000,166,134
214430,2026-03-12,11:00:00,100800,101900,100800,101700,534,54120000,262,272
214430,2026-03-12,11:05:00,101600,101600,101500,101500,321,32610000,172,149
214430,2026-03-12,11:10:00,101400,101400,100900,101000,421,42590000,92,329
214430,2026-03-12,11:15:00,100800,100800,100300,100400,547,54990000,48,499
214430,2026-03-12,11:20:00,100300,100400,100300,100300,230,23080000,186,44
214430,2026-03-12,11:25:00,100300,100300,99700,99900,918,91800000,171,747
214430,2026-03-12,11:30:00,99900,100100,99800,99800,223,22280000,79,144
214430,2026-03-12,11:35:00,99800,99900,99700,99800,438,43710000,336,102
214430,2026-03-12,11:40:00,99700,99800,98900,99000,1063,105640000,145,918
214430,2026-03-12,11:45:00,99100,99300,98900,99200,234,23200000,91,143
214430,2026-03-12,11:50:00,99200,99300,98800,98800,407,40340000,114,293
214430,2026-03-12,11:55:00,99000,99100,98800,98800,499,49390000,395,104
214430,2026-03-12,12:00:00,98800,99200,98800,99200,152,15040000,108,44
214430,2026-03-12,12:05:00,99200,99200,98700,98700,154,15240000,12,142
214430,2026-03-12,12:10:00,98800,99000,98400,98500,658,64920000,112,546
214430,2026-03-12,12:15:00,98500,99000,98500,98800,237,23390000,155,82
214430,2026-03-12,12:20:00,98800,98800,98100,98400,1085,106670000,435,650
214430,2026-03-12,12:25:00,98700,99400,98700,99100,387,38330000,194,193
214430,2026-03-12,12:30:00,99000,99200,98800,99000,226,22350000,131,95
214430,2026-03-12,12:35:00,99000,99100,98900,99000,149,14750000,75,74
214430,2026-03-12,12:40:00,99000,99000,97900,98000,1428,140530000,183,1245
214430,2026-03-12,12:45:00,98000,98300,97900,98100,591,57970000,172,419
214430,2026-03-12,12:50:00,98200,98500,98100,98500,204,20040000,160,44
214430,2026-03-12,12:55:00,98600,98600,98300,98500,57,5610000,35,22
214430,2026-03-12,13:00:00,98500,99400,98400,98500,247,24400000,150,97
214430,2026-03-12,13:05:00,98500,99000,98500,98700,360,35560000,185,175
214430,2026-03-12,13:10:00,98800,99400,98700,98800,466,46120000,318,148
214430,2026-03-12,13:15:00,98700,99400,98700,99400,332,32910000,173,159
214430,2026-03-12,13:20:00,99200,99800,99200,99700,221,22000000,151,70
214430,2026-03-12,13:25:00,99800,100000,99800,99900,565,56460000,266,299
214430,2026-03-12,13:30:00,99900,100200,99300,99900,591,58980000,267,324
214430,2026-03-12,13:35:00,100100,100500,99800,99800,305,30540000,172,133
214430,2026-03-12,13:40:00,99900,99900,99500,99700,172,17140000,99,73
214430,2026-03-12,13:45:00,99900,99900,99500,99600,147,14640000,10,137
214430,2026-03-12,13:50:00,99600,99700,99600,99700,295,29410000,238,57
214430,2026-03-12,13:55:00,100000,100000,99800,99900,341,34070000,97,244
214430,2026-03-12,14:00:00,99800,99900,99500,99600,428,42710000,108,320
214430,2026-03-12,14:05:00,99600,100400,99100,100300,1437,143260000,1148,289
214430,2026-03-12,14:10:00,100400,100400,100200,100300,325,32610000,131,194
214430,2026-03-12,14:15:00,100350,100700,100200,100600,992,99610000,574,418
214430,2026-03-12,14:20:00,100500,100600,100000,100000,605,60810000,373,232
214430,2026-03-12,14:25:00,100000,100400,99900,100300,192,19250000,57,135
214430,2026-03-12,14:30:00,100300,100400,100100,100200,215,21560000,46,169
214430,2026-03-12,14:35:00,100200,100300,100100,100200,162,16240000,158,4
214430,2026-03-12,14:40:00,100300,100300,100000,100100,424,42500000,222,202
214430,2026-03-12,14:45:00,100100,100200,100000,100100,137,13720000,65,72
214430,2026-03-12,14:50:00,100200,100300,100000,100000,386,38650000,113,273
214430,2026-03-12,14:55:00,100000,100100,99500,99900,607,60610000,327,280
214430,2026-03-12,15:00:00,99800,100500,99800,100400,377,37780000,329,48
214430,2026-03-12,15:05:00,100400,100400,99600,99700,720,71950000,382,338
214430,2026-03-12,15:10:00,99700,100200,99200,99900,2049,204290000,1451,598
214430,2026-03-12,15:15:00,99900,100000,99800,100000,559,55860000,452,107
214430,2026-03-12,15:20:00,100000,100700,99900,100000,1361,136190000,992,369
214430,2026-03-12,15:30:00,100100,100100,100100,100100,6775,678180000,6773,0
214430,2026-03-13,09:05:00,99000,101600,96600,99900,3751,370910000,1939,1812
214430,2026-03-13,09:10:00,99700,100000,99000,99300,702,69970000,425,277
214430,2026-03-13,09:15:00,99300,100100,98600,99100,775,76840000,405,370
214430,2026-03-13,09:20:00,99200,101800,99000,99800,2129,214370000,1783,346
214430,2026-03-13,09:25:00,99800,100900,99800,100400,928,92870000,636,292
214430,2026-03-13,09:30:00,100000,100600,99700,100100,642,64280000,294,348
214430,2026-03-13,09:35:00,100200,101300,100100,101000,771,77780000,435,336
214430,2026-03-13,09:40:00,101000,101100,99900,99900,677,68000000,210,467
214430,2026-03-13,09:45:00,99900,100000,99300,99800,552,54980000,205,347
214430,2026-03-13,09:50:00,99500,99900,99200,99400,510,50750000,166,344
214430,2026-03-13,09:55:00,99400,100200,99400,99800,384,38360000,201,183
214430,2026-03-13,10:00:00,99800,99800,99400,99800,318,31680000,80,238
214430,2026-03-13,10:05:00,99800,100000,99400,99600,448,44720000,149,299
214430,2026-03-13,10:10:00,99600,99900,99400,99550,162,16130000,32,130
214430,2026-03-13,10:15:00,99550,99800,99300,99800,429,42680000,159,270
214430,2026-03-13,10:20:00,99700,99800,99500,99800,177,17640000,69,108
214430,2026-03-13,10:25:00,99700,100100,99500,99600,231,23070000,115,116
214430,2026-03-13,10:30:00,99700,100500,99500,100500,479,47960000,374,105
214430,2026-03-13,10:35:00,100500,101000,100100,100900,971,97800000,299,672
214430,2026-03-13,10:40:00,100400,100800,100000,100700,175,17600000,116,59
214430,2026-03-13,10:45:00,100700,100900,100100,100600,370,37220000,187,183
214430,2026-03-13,10:50:00,100300,101050,100200,101000,831,83760000,296,535
214430,2026-03-13,10:55:00,100900,101000,100400,101000,201,20240000,75,126
214430,2026-03-13,11:00:00,100900,101100,100700,101000,134,13520000,88,46
214430,2026-03-13,11:05:00,100900,101700,100900,101600,750,76050000,542,208
214430,2026-03-13,11:10:00,101600,101600,101000,101500,415,42120000,108,307
214430,2026-03-13,11:15:00,101500,101800,101300,101800,808,82140000,585,223
214430,2026-03-13,11:20:00,101800,101900,101500,101800,539,54840000,216,323
214430,2026-03-13,11:25:00,101900,101900,101000,101300,367,37280000,104,263
214430,2026-03-13,11:30:00,101400,101700,101400,101600,110,11160000,82,28
214430,2026-03-13,11:35:00,101700,102000,101700,101900,423,43090000,205,218
214430,2026-03-13,11:40:00,102000,102000,101400,101500,170,17290000,37,133
214430,2026-03-13,11:45:00,101500,101700,101000,101200,260,26370000,68,192
214430,2026-03-13,11:50:00,101500,101700,101500,101500,143,14520000,142,1
214430,2026-03-13,11:55:00,101500,101700,101300,101600,159,16160000,25,134
214430,2026-03-13,12:00:00,101500,101700,101100,101400,576,58490000,261,315
214430,2026-03-13,12:05:00,101500,101500,101100,101200,186,18840000,38,148
214430,2026-03-13,12:10:00,101100,101600,100900,101600,400,40530000,235,165
214430,2026-03-13,12:15:00,101600,101800,101300,101300,137,13920000,77,60
214430,2026-03-13,12:20:00,101300,101400,101000,101400,127,12860000,70,57
214430,2026-03-13,12:25:00,101400,101600,101400,101400,108,10970000,23,85
214430,2026-03-13,12:30:00,101500,101500,101000,101100,118,11940000,25,93
214430,2026-03-13,12:35:00,101100,101200,100800,101000,80,8080000,33,47
214430,2026-03-13,12:40:00,100900,101000,100400,100700,155,15610000,31,124
214430,2026-03-13,12:45:00,100400,100800,100400,100600,143,14390000,110,33
214430,2026-03-13,12:50:00,100700,101300,100700,101100,126,12730000,79,47
214430,2026-03-13,12:55:00,101200,101500,101100,101500,148,14980000,127,21
214430,2026-03-13,13:00:00,101400,101600,101300,101400,122,12380000,37,85
214430,2026-03-13,13:05:00,101400,101500,101200,101200,142,14400000,30,112
214430,2026-03-13,13:10:00,101200,101400,101200,101200,127,12870000,6,121
214430,2026-03-13,13:15:00,101100,101100,100400,100400,282,28460000,37,245
214430,2026-03-13,13:20:00,100400,100800,100400,100700,53,5330000,19,34
214430,2026-03-13,13:25:00,100700,100800,100200,100200,220,22090000,5,215
214430,2026-03-13,13:30:00,100100,100200,99700,99800,336,33580000,32,304
214430,2026-03-13,13:35:00,99700,99900,99600,99900,248,24720000,175,73
214430,2026-03-13,13:40:00,99900,100200,99700,100200,466,46580000,395,71
214430,2026-03-13,13:45:00,100300,100700,99700,100400,2452,245480000,2331,121
214430,2026-03-13,13:50:00,100400,100800,100100,100700,296,29770000,145,151
214430,2026-03-13,13:55:00,100700,100800,100000,100600,141,14170000,46,95
214430,2026-03-13,14:00:00,100500,100600,100000,100500,101,10140000,71,30
214430,2026-03-13,14:05:00,100500,100600,100400,100400,148,14870000,77,71
214430,2026-03-13,14:10:00,100600,100800,100500,100800,169,17030000,73,96
214430,2026-03-13,14:15:00,100800,101000,100400,100500,176,17740000,70,106
214430,2026-03-13,14:20:00,100400,100900,100300,100800,131,13210000,128,3
214430,2026-03-13,14:25:00,100800,101200,100800,101100,268,27070000,116,152
214430,2026-03-13,14:30:00,101100,102300,100600,102200,1987,201620000,837,1150
214430,2026-03-13,14:35:00,102300,103400,102300,103000,2459,252990000,1892,567
214430,2026-03-13,14:40:00,103000,103600,102500,103300,913,94060000,441,472
214430,2026-03-13,14:45:00,103100,103300,102500,102600,1339,137790000,259,1080
214430,2026-03-13,14:50:00,102500,102700,102100,102400,883,90420000,136,747
214430,2026-03-13,14:55:00,102400,102500,102300,102500,210,21510000,166,44
214430,2026-03-13,15:00:00,102400,102900,102200,102700,994,101960000,511,483
214430,2026-03-13,15:05:00,102700,102800,102100,102100,627,64180000,236,391
214430,2026-03-13,15:10:00,102000,102200,101400,101500,682,69410000,209,473
214430,2026-03-13,15:15:00,102000,102500,101500,101900,471,48060000,249,222
214430,2026-03-13,15:20:00,101900,102900,101700,102800,1390,141840000,668,722
214430,2026-03-13,15:30:00,103500,103500,103500,103500,1765,182680000,1625,0
214430,2026-03-16,09:05:00,101200,103000,101100,101600,1558,158290000,802,756
214430,2026-03-16,09:10:00,101600,101900,101100,101300,412,41770000,188,224
214430,2026-03-16,09:15:00,101900,102400,101100,101200,907,92330000,283,624
214430,2026-03-16,09:20:00,101200,101400,100600,101400,254,25650000,88,166
214430,2026-03-16,09:25:00,101800,102700,101650,101800,1433,146420000,362,1071
214430,2026-03-16,09:30:00,101800,102000,101300,101800,335,34030000,146,189
214430,2026-03-16,09:35:00,101300,102200,101300,101900,270,27500000,193,77
214430,2026-03-16,09:40:00,101700,102200,101700,101800,124,12630000,70,54
214430,2026-03-16,09:45:00,101800,101900,101300,101300,183,18590000,56,127
214430,2026-03-16,09:50:00,101300,101600,101200,101600,432,43810000,350,82
214430,2026-03-16,09:55:00,101600,102600,101600,102600,540,55230000,405,135
214430,2026-03-16,10:00:00,102400,104500,102200,104500,1167,120720000,893,274
214430,2026-03-16,10:05:00,104500,104500,103600,104000,1367,142440000,488,879
214430,2026-03-16,10:10:00,104000,104500,103200,104100,1578,163700000,934,644
214430,2026-03-16,10:15:00,103700,103700,103100,103400,994,102800000,258,736
214430,2026-03-16,10:20:00,103400,103500,103100,103100,315,32520000,117,198
214430,2026-03-16,10:25:00,103000,103600,102800,103000,736,75950000,407,329
214430,2026-03-16,10:30:00,103100,103300,102700,102700,774,79570000,51,723
214430,2026-03-16,10:35:00,102600,102800,102100,102100,715,73200000,257,458
214430,2026-03-16,10:40:00,102500,103400,102400,102700,197,20280000,104,93
214430,2026-03-16,10:45:00,102700,103300,102700,103300,534,55030000,424,110
214430,2026-03-16,10:50:00,103300,103300,102900,103300,629,64840000,575,54
214430,2026-03-16,10:55:00,103300,103700,103100,103500,485,50200000,223,262
214430,2026-03-16,11:00:00,103500,104300,103500,104300,878,91160000,727,151
214430,2026-03-16,11:05:00,104300,104600,104200,104600,467,48730000,394,73
214430,2026-03-16,11:10:00,104600,104600,103800,104100,546,57000000,157,389
214430,2026-03-16,11:15:00,104100,104400,103600,103600,369,38370000,123,246
214430,2026-03-16,11:20:00,103700,103700,103100,103200,184,19010000,77,107
214430,2026-03-16,11:25:00,103200,103200,102700,102800,396,40770000,69,327
214430,2026-03-16,11:30:00,102800,102900,102600,102600,164,16840000,68,96
214430,2026-03-16,11:35:00,102600,102850,102400,102700,171,17550000,35,136
214430,2026-03-16,11:40:00,102600,102700,102300,102300,282,28910000,21,261
214430,2026-03-16,11:45:00,102300,102300,101900,101900,345,35220000,4,341
214430,2026-03-16,11:50:00,101950,102000,101900,102000,155,15800000,89,66
214430,2026-03-16,11:55:00,102200,102200,101900,102000,207,21140000,92,115
214430,2026-03-16,12:00:00,101900,102500,101900,102200,91,9290000,34,57
214430,2026-03-16,12:05:00,102200,102400,102000,102400,413,42220000,238,175
214430,2026-03-16,12:10:00,102200,102300,102200,102300,35,3580000,33,2
214430,2026-03-16,12:15:00,102300,102500,102200,102500,27,2760000,2,25
214430,2026-03-16,12:20:00,102500,102500,102200,102200,164,16800000,99,65
214430,2026-03-16,12:25:00,102100,102200,102100,102200,74,7550000,4,70
214430,2026-03-16,12:30:00,102200,102600,102200,102400,368,37710000,279,89
214430,2026-03-16,12:35:00,102700,103000,102500,103000,165,16960000,87,78
214430,2026-03-16,12:40:00,103000,103000,102700,102900,88,9040000,48,40
214430,2026-03-16,12:45:00,103300,103300,102800,102800,60,6180000,18,42
214430,2026-03-16,12:50:00,102800,102800,102300,102600,262,26880000,57,205
214430,2026-03-16,12:55:00,102600,102600,102200,102200,170,17430000,101,69
214430,2026-03-16,13:00:00,102200,102200,102000,102200,78,7960000,28,50
214430,2026-03-16,13:05:00,102200,102400,102200,102200,299,30570000,246,53
214430,2026-03-16,13:10:00,102200,102300,101900,101900,87,8890000,15,72
214430,2026-03-16,13:15:00,101900,102000,101900,101900,163,16620000,65,98
214430,2026-03-16,13:20:00,102000,102000,102000,102000,24,2450000,24,0
214430,2026-03-16,13:25:00,101950,101950,101700,101700,351,35750000,15,336
214430,2026-03-16,13:30:00,101700,101700,101600,101600,335,34060000,26,309
214430,2026-03-16,13:35:00,101700,102100,101600,102100,283,28820000,228,55
214430,2026-03-16,13:40:00,102400,102400,101700,101800,172,17530000,84,88
214430,2026-03-16,13:45:00,101800,101900,101600,101900,251,25520000,83,168
214430,2026-03-16,13:50:00,101900,101900,101700,101700,110,11210000,3,107
214430,2026-03-16,13:55:00,101600,101700,101300,101600,1011,102570000,216,795
214430,2026-03-16,14:00:00,101600,101900,101300,101300,310,31520000,76,234
214430,2026-03-16,14:05:00,101300,101400,101200,101200,238,24100000,80,158
214430,2026-03-16,14:10:00,101300,101500,101300,101500,173,17520000,145,28
214430,2026-03-16,14:15:00,101300,101500,101200,101400,137,13900000,57,80
214430,2026-03-16,14:20:00,101300,101500,101300,101500,352,35710000,253,99
214430,2026-03-16,14:25:00,101500,101500,101300,101400,450,45640000,282,168
214430,2026-03-16,14:30:00,101500,101500,101400,101400,229,23240000,181,48
214430,2026-03-16,14:35:00,101800,102000,101400,102000,258,26220000,132,126
214430,2026-03-16,14:40:00,101600,101800,101600,101700,209,21260000,63,146
214430,2026-03-16,14:45:00,101700,101800,101700,101800,111,11290000,110,1
214430,2026-03-16,14:50:00,102000,102000,101700,102000,500,50930000,294,206
214430,2026-03-16,14:55:00,102000,102500,102000,102100,77,7880000,26,51
214430,2026-03-16,15:00:00,102100,102400,102100,102200,161,16470000,86,75
214430,2026-03-16,15:05:00,102200,102300,101900,101900,391,39930000,186,205
214430,2026-03-16,15:10:00,102000,103000,101600,103000,455,46530000,355,100
214430,2026-03-16,15:15:00,102900,103900,102400,103500,479,49490000,281,198
214430,2026-03-16,15:20:00,103500,103900,103100,103800,949,98220000,616,333
214430,2026-03-16,15:30:00,103500,103500,103500,103500,660,68310000,659,0
214430,2026-03-17,09:05:00,103800,103800,102100,102800,1159,119300000,563,596
214430,2026-03-17,09:10:00,102800,103800,102200,102600,538,55370000,356,182
214430,2026-03-17,09:15:00,102500,102600,102100,102100,523,53580000,160,363
214430,2026-03-17,09:20:00,102000,102300,101200,101500,1826,185620000,1120,706
214430,2026-03-17,09:25:00,101400,102000,101300,101600,1712,173660000,585,1127
214430,2026-03-17,09:30:00,101600,101800,101400,101400,1019,103390000,681,338
214430,2026-03-17,09:35:00,101500,101900,101200,101200,890,90200000,133,757
214430,2026-03-17,09:40:00,101500,102400,101500,101700,379,38560000,312,67
214430,2026-03-17,09:45:00,101700,102600,101700,102100,389,39680000,226,163
214430,2026-03-17,09:50:00,102100,102700,102000,102200,813,83100000,409,404
214430,2026-03-17,09:55:00,102300,102400,101800,101800,639,65160000,310,329
214430,2026-03-17,10:00:00,101900,102200,101800,101900,473,48210000,282,191
214430,2026-03-17,10:05:00,101900,101900,101400,101700,591,60020000,215,376
214430,2026-03-17,10:10:00,101800,101800,101400,101600,683,69370000,328,355
214430,2026-03-17,10:15:00,101500,101700,101400,101500,301,30540000,115,186
214430,2026-03-17,10:20:00,101400,101400,100600,100600,824,83260000,149,675
214430,2026-03-17,10:25:00,100650,100650,100000,100000,891,89380000,147,744
214430,2026-03-17,10:30:00,100200,100200,99800,99900,1045,104500000,154,891
214430,2026-03-17,10:35:00,99900,100200,99700,100200,825,82370000,490,335
214430,2026-03-17,10:40:00,100100,100100,99800,99800,1650,164860000,225,1425
214430,2026-03-17,10:45:00,99800,99800,99600,99700,862,85930000,276,586
214430,2026-03-17,10:50:00,99700,99700,99200,99200,1297,128920000,286,1011
214430,2026-03-17,10:55:00,99300,99300,98800,99300,1959,194170000,367,1592
214430,2026-03-17,11:00:00,99300,100400,99300,100300,1003,100000000,783,220
214430,2026-03-17,11:05:00,100200,101200,100000,100100,1891,189880000,1605,286
214430,2026-03-17,11:10:00,100100,100700,100100,100100,403,40380000,251,152
214430,2026-03-17,11:15:00,100700,100900,100200,100900,408,40960000,348,60
214430,2026-03-17,11:20:00,100500,101400,100300,100300,247,24870000,159,88
214430,2026-03-17,11:25:00,100600,101300,100100,100900,735,73990000,366,369
214430,2026-03-17,11:30:00,100200,101200,100100,101200,314,31560000,214,100
214430,2026-03-17,11:35:00,100600,101300,100600,100800,131,13230000,80,51
214430,2026-03-17,11:40:00,100800,101300,100500,101000,507,51090000,391,116
214430,2026-03-17,11:45:00,100800,101000,100700,100800,100,10090000,49,51
214430,2026-03-17,11:50:00,100700,101100,100400,100400,267,26840000,119,148
214430,2026-03-17,11:55:00,100500,100800,100200,100300,137,13750000,75,62
214430,2026-03-17,12:00:00,100300,100800,100100,100200,350,35110000,104,246
214430,2026-03-17,12:05:00,100200,101000,100100,101000,144,14470000,85,59
214430,2026-03-17,12:10:00,100500,101100,100400,100500,267,26890000,199,68
214430,2026-03-17,12:15:00,101300,101800,100400,101800,652,65930000,428,224
214430,2026-03-17,12:20:00,101800,101900,100700,100900,365,36950000,268,97
214430,2026-03-17,12:25:00,100800,101800,100500,100500,337,33990000,140,197
214430,2026-03-17,12:30:00,100500,101300,100200,100800,171,17190000,80,91
214430,2026-03-17,12:35:00,100600,101200,100100,100500,476,47880000,369,107
214430,2026-03-17,12:40:00,100900,100900,100500,100900,185,18620000,100,85
214430,2026-03-17,12:45:00,100500,100600,100200,100200,294,29520000,155,139
214430,2026-03-17,12:50:00,100600,100700,100200,100300,227,22830000,143,84
214430,2026-03-17,12:55:00,100300,100900,100300,100400,168,16900000,125,43
214430,2026-03-17,13:00:00,100400,100900,100300,100400,123,12370000,56,67
214430,2026-03-17,13:05:00,100400,100900,100400,100400,159,15980000,98,61
214430,2026-03-17,13:10:00,100800,100800,100300,100300,94,9460000,57,37
214430,2026-03-17,13:15:00,100400,100900,100300,100400,198,19920000,132,66
214430,2026-03-17,13:20:00,100400,101300,100400,100900,229,23110000,152,77
214430,2026-03-17,13:25:00,100900,101400,100700,100900,210,21230000,157,53
214430,2026-03-17,13:30:00,100900,101500,100900,101200,199,20150000,108,91
214430,2026-03-17,13:35:00,101200,101300,100900,101100,79,7990000,57,22
214430,2026-03-17,13:40:00,101100,101300,100900,100900,124,12530000,74,50
214430,2026-03-17,13:45:00,100900,101400,100900,101000,268,27100000,201,67
214430,2026-03-17,13:50:00,101000,101300,100900,101000,429,43320000,249,180
214430,2026-03-17,13:55:00,101000,101400,100600,101000,618,62410000,394,224
214430,2026-03-17,14:00:00,101000,101300,100900,100900,179,18090000,53,126
214430,2026-03-17,14:05:00,100900,101200,100900,100900,144,14550000,59,85
214430,2026-03-17,14:10:00,101000,101200,100900,101000,122,12320000,52,70
214430,2026-03-17,14:15:00,101000,101200,100900,101100,355,35860000,152,203
214430,2026-03-17,14:20:00,100900,101000,100900,100900,364,36760000,235,129
214430,2026-03-17,14:25:00,100900,101100,100900,100900,156,15750000,24,132
214430,2026-03-17,14:30:00,100900,101100,100900,100900,228,23030000,73,155
214430,2026-03-17,14:35:00,100900,101000,100700,100700,173,17450000,7,166
214430,2026-03-17,14:40:00,100700,100700,100300,100300,354,35560000,14,340
214430,2026-03-17,14:45:00,100300,100300,99800,99800,513,51270000,10,503
214430,2026-03-17,14:50:00,99800,100100,99700,99700,831,82950000,150,681
214430,2026-03-17,14:55:00,99800,100200,99600,99600,318,31720000,108,210
214430,2026-03-17,15:00:00,99600,100100,99100,99200,3391,337180000,936,2455
214430,2026-03-17,15:05:00,99200,99400,99000,99200,1394,138370000,457,937
214430,2026-03-17,15:10:00,99300,99600,98900,99300,1772,175670000,434,1338
214430,2026-03-17,15:15:00,99200,101600,99000,99300,1065,105820000,572,493
214430,2026-03-17,15:20:00,99300,101500,99300,101300,2120,212030000,1654,466
214430,2026-03-17,15:30:00,101300,101300,101300,101300,1489,150840000,1489,0
214430,2026-03-18,09:05:00,101800,101800,100100,100500,1834,184940000,721,1113
214430,2026-03-18,09:10:00,100300,100400,99900,100100,1094,109510000,302,792
214430,2026-03-18,09:15:00,100000,100100,99600,100100,1069,106690000,212,857
214430,2026-03-18,09:20:00,100300,101000,100100,101000,459,46070000,396,63
214430,2026-03-18,09:25:00,101000,101000,100400,100400,468,47070000,321,147
214430,2026-03-18,09:30:00,100600,100600,99900,99900,648,64860000,108,540
214430,2026-03-18,09:35:00,99900,100200,99500,100200,1125,112190000,225,900
214430,2026-03-18,09:40:00,100100,100500,100100,100500,665,66640000,233,432
214430,2026-03-18,09:45:00,100500,100600,100200,100300,115,11550000,44,71
214430,2026-03-18,09:50:00,100300,100400,99800,100300,3488,348870000,1080,2408
214430,2026-03-18,09:55:00,100200,100600,100000,100300,583,58430000,329,254
214430,2026-03-18,10:00:00,100200,100400,100100,100100,460,46100000,351,109
214430,2026-03-18,10:05:00,100100,100600,100100,100100,445,44650000,234,211
214430,2026-03-18,10:10:00,100100,100300,100000,100100,501,50160000,95,406
214430,2026-03-18,10:15:00,100200,100300,99800,99900,1523,152310000,115,1408
214430,2026-03-18,10:20:00,99900,100100,99800,99900,473,47250000,242,231
214430,2026-03-18,10:25:00,99900,100100,99700,100000,297,29650000,115,182
214430,2026-03-18,10:30:00,99900,99900,99600,99600,426,42480000,207,219
214430,2026-03-18,10:35:00,99600,99900,99600,99700,344,34280000,120,224
214430,2026-03-18,10:40:00,99700,100000,99500,100000,531,52890000,147,384
214430,2026-03-18,10:45:00,100000,100000,99600,99600,505,50400000,295,210
214430,2026-03-18,10:50:00,99600,99800,99500,99600,487,48500000,240,247
214430,2026-03-18,10:55:00,99800,99800,99300,99300,1431,142270000,146,1285
214430,2026-03-18,11:00:00,99300,99800,99200,99300,638,63360000,176,462
214430,2026-03-18,11:05:00,99300,99300,99200,99300,265,26300000,45,220
214430,2026-03-18,11:10:00,99300,99300,98800,98800,1606,159030000,81,1525
214430,2026-03-18,11:15:00,98800,98900,98400,98400,702,69240000,171,531
214430,2026-03-18,11:20:00,98400,98600,98100,98400,690,67800000,268,422
214430,2026-03-18,11:25:00,98500,98900,98400,98900,452,44560000,231,221
214430,2026-03-18,11:30:00,98500,98900,98400,98900,339,33460000,251,88
214430,2026-03-18,11:35:00,98800,98900,98500,98600,303,29890000,122,181
214430,2026-03-18,11:40:00,98600,98600,98400,98500,275,27090000,49,226
214430,2026-03-18,11:45:00,98500,98700,98400,98400,1025,101030000,177,848
214430,2026-03-18,11:50:00,98300,98500,98200,98200,829,81460000,158,671
214430,2026-03-18,11:55:00,98200,98500,98100,98500,965,94830000,255,710
214430,2026-03-18,12:00:00,98400,98400,98100,98200,381,37420000,122,259
214430,2026-03-18,12:05:00,98200,98300,98100,98100,188,18460000,60,128
214430,2026-03-18,12:10:00,98100,98200,98000,98200,420,41200000,186,234
214430,2026-03-18,12:15:00,98200,98300,98200,98200,275,27020000,124,151
214430,2026-03-18,12:20:00,98200,98500,98100,98100,283,27780000,102,181
214430,2026-03-18,12:25:00,98100,98100,98000,98100,985,96550000,81,904
214430,2026-03-18,12:30:00,98000,98200,97900,98000,368,36070000,126,242
214430,2026-03-18,12:35:00,97900,98100,97800,97900,338,33090000,86,252
214430,2026-03-18,12:40:00,97900,98100,97400,97400,1989,194170000,679,1310
214430,2026-03-18,12:45:00,97700,97800,97300,97600,963,93910000,712,251
214430,2026-03-18,12:50:00,97600,97600,97400,97600,209,20380000,112,97
214430,2026-03-18,12:55:00,97600,97800,97500,97700,1621,158240000,675,946
214430,2026-03-18,13:00:00,97700,98000,97700,98000,459,44940000,394,65
214430,2026-03-18,13:05:00,98000,98400,98000,98100,623,61120000,457,166
214430,2026-03-18,13:10:00,98300,98300,98100,98300,578,56750000,179,399
214430,2026-03-18,13:15:00,98100,98300,98000,98000,732,71830000,87,645
214430,2026-03-18,13:20:00,98100,98100,97700,97900,518,50710000,203,315
214430,2026-03-18,13:25:00,97900,98200,97900,98200,336,32940000,239,97
214430,2026-03-18,13:30:00,98200,98200,98000,98100,409,40100000,161,248
214430,2026-03-18,13:35:00,98100,98200,98000,98100,362,35520000,192,170
214430,2026-03-18,13:40:00,98100,98100,98000,98000,319,31260000,23,296
214430,2026-03-18,13:45:00,98000,98300,98000,98300,373,36580000,129,244
214430,2026-03-18,13:50:00,98300,100000,98000,98600,1816,179500000,1557,259
214430,2026-03-18,13:55:00,98900,99800,98500,99000,597,59130000,433,164
214430,2026-03-18,14:00:00,98900,99800,98800,98900,1000,99220000,645,355
214430,2026-03-18,14:05:00,98900,100000,98900,99400,1479,147290000,932,547
214430,2026-03-18,14:10:00,99600,99800,99100,99200,688,68370000,328,360
214430,2026-03-18,14:15:00,99100,99700,99100,99200,554,55070000,318,236
214430,2026-03-18,14:20:00,99200,99900,99100,99900,1490,148270000,817,673
214430,2026-03-18,14:25:00,99400,100500,99400,100400,1328,132890000,1162,166
214430,2026-03-18,14:30:00,100400,100700,100000,100300,493,49470000,321,172
214430,2026-03-18,14:35:00,100200,101000,100200,100700,719,72260000,378,341
214430,2026-03-18,14:40:00,100700,101000,100400,101000,856,86160000,602,254
214430,2026-03-18,14:45:00,101000,101200,100900,101000,1753,177200000,1161,592
214430,2026-03-18,14:50:00,101000,101000,100500,100600,1141,114840000,521,620
214430,2026-03-18,14:55:00,100600,101300,100600,101300,1909,192900000,1724,185
214430,2026-03-18,15:00:00,101400,101400,100800,100800,998,100810000,290,708
214430,2026-03-18,15:05:00,100900,101000,100700,100700,478,48190000,267,211
214430,2026-03-18,15:10:00,100700,101200,100600,101000,572,57650000,242,330
214430,2026-03-18,15:15:00,100900,101300,100800,101200,661,66800000,417,244
214430,2026-03-18,15:20:00,101200,101800,101000,101800,1515,153530000,997,518
214430,2026-03-18,15:30:00,101700,101700,101700,101700,1178,119800000,1178,0
214430,2026-03-19,09:05:00,100000,102400,99900,100500,1942,196610000,1135,807
214430,2026-03-19,09:10:00,100500,100900,99300,99300,1203,120350000,404,799
214430,2026-03-19,09:15:00,99500,99500,99200,99500,704,69930000,347,357
214430,2026-03-19,09:20:00,99200,99900,99100,99300,918,91280000,306,612
214430,2026-03-19,09:25:00,99400,101700,99100,99500,1602,159340000,484,1118
214430,2026-03-19,09:30:00,99800,99800,99200,99200,433,43040000,112,321
214430,2026-03-19,09:35:00,99300,99600,98900,99000,1345,133210000,209,1136
214430,2026-03-19,09:40:00,99000,99300,99000,99100,302,29940000,146,156
214430,2026-03-19,09:45:00,99100,99100,98600,98700,1009,99720000,172,837
214430,2026-03-19,09:50:00,98700,99200,98300,98900,980,96670000,335,645
214430,2026-03-19,09:55:00,98800,98800,97900,98000,2126,208890000,422,1704
214430,2026-03-19,10:00:00,98000,98400,97700,97900,4322,423530000,3599,723
214430,2026-03-19,10:05:00,98000,98100,97700,98000,628,61440000,148,480
214430,2026-03-19,10:10:00,98000,98000,97800,97900,385,37700000,112,273
214430,2026-03-19,10:15:00,98000,98200,98000,98100,342,33530000,161,181
214430,2026-03-19,10:20:00,98100,98300,97900,97900,332,32550000,132,200
214430,2026-03-19,10:25:00,98000,98500,97900,98500,653,64060000,409,244
214430,2026-03-19,10:30:00,98000,98500,98000,98100,564,55390000,291,273
214430,2026-03-19,10:35:00,98000,98300,98000,98100,423,41540000,300,123
214430,2026-03-19,10:40:00,98200,98800,98100,98500,350,34440000,245,105
214430,2026-03-19,10:45:00,98500,98700,98200,98400,320,31470000,158,162
214430,2026-03-19,10:50:00,98500,98800,98300,98400,297,29220000,121,176
214430,2026-03-19,10:55:00,98400,98600,98200,98600,427,41980000,201,226
214430,2026-03-19,11:00:00,98500,98700,98200,98200,295,29000000,180,115
214430,2026-03-19,11:05:00,98200,98300,98000,98300,443,43460000,184,259
214430,2026-03-19,11:10:00,98100,98400,98000,98000,349,34240000,142,207
214430,2026-03-19,11:15:00,98100,98300,98000,98100,371,36400000,184,187
214430,2026-03-19,11:20:00,98200,98400,98100,98300,345,33880000,122,223
214430,2026-03-19,11:25:00,98300,98300,98000,98100,265,26020000,167,98
214430,2026-03-19,11:30:00,98100,98400,98000,98000,355,34840000,168,187
214430,2026-03-19,11:35:00,98000,98300,98000,98100,634,62140000,72,562
214430,2026-03-19,11:40:00,98000,98100,97700,97800,2063,201770000,266,1797
214430,2026-03-19,11:45:00,97800,98000,97800,97900,305,29860000,109,196
214430,2026-03-19,11:50:00,97900,98100,97800,98000,360,35250000,120,240
214430,2026-03-19,11:55:00,97800,97900,97700,97700,557,54470000,191,366
214430,2026-03-19,12:00:00,97700,97900,97700,97800,407,39800000,90,317
214430,2026-03-19,12:05:00,97800,97900,97300,97300,1964,191560000,385,1579
214430,2026-03-19,12:10:00,97400,97400,97200,97400,791,76980000,327,464
214430,2026-03-19,12:15:00,97300,97400,97200,97400,408,39710000,213,195
214430,2026-03-19,12:20:00,97400,97600,97300,97400,302,29390000,79,223
214430,2026-03-19,12:25:00,97400,97700,97300,97600,466,45410000,281,185
214430,2026-03-19,12:30:00,97600,97600,97300,97400,297,28940000,182,115
214430,2026-03-19,12:35:00,97400,97400,97200,97400,517,50310000,65,452
214430,2026-03-19,12:40:00,97300,97600,97200,97500,569,55390000,176,393
214430,2026-03-19,12:45:00,97600,97600,97300,97400,461,44890000,143,318
214430,2026-03-19,12:50:00,97500,97600,97300,97600,347,33830000,192,155
214430,2026-03-19,12:55:00,97300,97600,97300,97600,364,35470000,216,148
214430,2026-03-19,13:00:00,97400,97700,97300,97300,256,24920000,130,126
214430,2026-03-19,13:05:00,97300,97500,96500,96700,2022,196140000,148,1874
214430,2026-03-19,13:10:00,96600,96800,96400,96600,636,61400000,216,420
214430,2026-03-19,13:15:00,96600,96700,95600,95800,3060,293910000,1418,1642
214430,2026-03-19,13:20:00,95700,96200,95700,96200,497,47710000,192,305
214430,2026-03-19,13:25:00,96000,96000,95800,95800,582,55830000,209,373
214430,2026-03-19,13:30:00,95800,96900,95600,96200,973,93460000,468,505
214430,2026-03-19,13:35:00,96200,98000,95800,95900,509,49080000,333,176
214430,2026-03-19,13:40:00,95900,96300,95700,95800,479,45890000,173,306
214430,2026-03-19,13:45:00,95800,97700,95500,95600,1008,96710000,344,664
214430,2026-03-19,13:50:00,95500,97300,95400,95900,885,84830000,443,442
214430,2026-03-19,13:55:00,95900,96700,95500,95500,550,52700000,299,251
214430,2026-03-19,14:00:00,95500,96600,95300,95500,946,90530000,415,531
214430,2026-03-19,14:05:00,95400,96000,95300,95400,655,62550000,321,334
214430,2026-03-19,14:10:00,95400,95500,95300,95300,399,38040000,168,231
214430,2026-03-19,14:15:00,95300,95600,95200,95400,648,61740000,312,336
214430,2026-03-19,14:20:00,95300,95700,94900,95300,1612,153250000,232,1380
214430,2026-03-19,14:25:00,95100,95500,95000,95100,423,40230000,301,122
214430,2026-03-19,14:30:00,95200,96300,95100,95400,335,31930000,238,97
214430,2026-03-19,14:35:00,95400,95400,95000,95200,629,59840000,222,407
214430,2026-03-19,14:40:00,95200,95300,94900,95000,524,49800000,130,394
214430,2026-03-19,14:45:00,95100,95400,95000,95200,368,34990000,167,201
214430,2026-03-19,14:50:00,95200,95400,95000,95000,270,25680000,145,125
214430,2026-03-19,14:55:00,95000,96000,95000,95100,437,41560000,111,326
214430,2026-03-19,15:00:00,95200,95300,94900,94900,626,59520000,116,510
214430,2026-03-19,15:05:00,94900,95100,94500,94600,1309,124070000,330,979
214430,2026-03-19,15:10:00,94600,94700,94500,94600,458,43310000,128,330
214430,2026-03-19,15:15:00,94500,94800,94300,94600,1373,129780000,966,407
214430,2026-03-19,15:20:00,94700,96600,94600,96600,4056,387100000,2934,1122
214430,2026-03-19,15:30:00,96400,96400,96400,96400,2398,231150000,2395,0
214430,2026-03-20,09:05:00,97600,97600,95600,96500,1746,168590000,735,1011
214430,2026-03-20,09:10:00,96500,97200,96500,96500,687,66630000,519,168
214430,2026-03-20,09:15:00,96500,99900,96300,99200,3159,310520000,2812,347
214430,2026-03-20,09:20:00,99200,99400,97800,98000,2384,235830000,143,2241
214430,2026-03-20,09:25:00,97900,97900,97000,97500,486,47380000,326,160
214430,2026-03-20,09:30:00,97500,97800,97000,97000,278,27070000,153,125
214430,2026-03-20,09:35:00,97000,97700,96600,96600,340,32930000,157,183
214430,2026-03-20,09:40:00,97200,97200,96400,96700,311,30030000,81,230
214430,2026-03-20,09:45:00,96600,97700,96500,97200,292,28270000,217,75
214430,2026-03-20,09:50:00,97000,97200,96500,96500,414,40000000,250,164
214430,2026-03-20,09:55:00,96600,96600,96400,96600,107,10330000,68,39
214430,2026-03-20,10:00:00,96500,96500,96200,96300,256,24680000,25,231
214430,2026-03-20,10:05:00,96300,97300,96300,97300,471,45650000,454,17
214430,2026-03-20,10:10:00,97500,97700,97500,97600,366,35740000,174,192
214430,2026-03-20,10:15:00,97100,97800,97100,97700,238,23180000,230,8
214430,2026-03-20,10:20:00,97300,97700,97300,97400,129,12570000,89,40
214430,2026-03-20,10:25:00,97400,97800,97400,97800,155,15120000,93,62
214430,2026-03-20,10:30:00,97800,98700,97800,97900,1067,104650000,888,179
214430,2026-03-20,10:35:00,98600,99100,98200,98500,1204,118500000,1079,125
214430,2026-03-20,10:40:00,98300,98600,98000,98600,818,80300000,600,218
214430,2026-03-20,10:45:00,98100,98100,97500,97800,796,77710000,132,664
214430,2026-03-20,10:50:00,97600,98000,97600,97800,557,54470000,313,244
214430,2026-03-20,10:55:00,98100,98400,97600,98400,376,36770000,119,257
214430,2026-03-20,11:00:00,97900,98200,97700,98000,455,44510000,341,114
214430,2026-03-20,11:05:00,98000,98200,97900,97900,418,40960000,287,131
214430,2026-03-20,11:10:00,98000,98100,97800,97800,560,54820000,474,86
214430,2026-03-20,11:15:00,97800,98000,97600,97600,424,41440000,253,171
214430,2026-03-20,11:20:00,97600,97800,97500,97500,957,93360000,274,683
214430,2026-03-20,11:25:00,97600,97600,97500,97600,848,82700000,334,514
214430,2026-03-20,11:30:00,97600,97700,97400,97700,398,38800000,259,139
214430,2026-03-20,11:35:00,97700,97700,97300,97600,399,38900000,346,53
214430,2026-03-20,11:40:00,97400,97400,97300,97400,299,29110000,163,136
214430,2026-03-20,11:45:00,97400,97600,97200,97200,331,32200000,229,102
214430,2026-03-20,11:50:00,97200,97400,97200,97200,329,31980000,240,89
214430,2026-03-20,11:55:00,97200,97200,96700,96700,546,52950000,107,439
214430,2026-03-20,12:00:00,97100,97200,96800,97100,361,34990000,316,45
214430,2026-03-20,12:05:00,96800,97100,96800,96800,494,47870000,370,124
214430,2026-03-20,12:10:00,96700,97100,96600,97100,527,50970000,245,282
214430,2026-03-20,12:15:00,97100,97200,96700,96800,52,5040000,19,33
214430,2026-03-20,12:20:00,97200,97200,96800,96900,78,7570000,53,25
214430,2026-03-20,12:25:00,96900,97000,96900,97000,105,10170000,9,96
214430,2026-03-20,12:30:00,96900,97300,96700,97200,118,11430000,75,43
214430,2026-03-20,12:35:00,96800,97100,96600,96700,272,26300000,78,194
214430,2026-03-20,12:40:00,96700,96900,96500,96800,195,18850000,54,141
214430,2026-03-20,12:45:00,96600,96900,96500,96600,79,7630000,34,45
214430,2026-03-20,12:50:00,96900,96900,96400,96600,409,39470000,206,203
214430,2026-03-20,12:55:00,96500,96700,96300,96700,256,24680000,136,120
214430,2026-03-20,13:00:00,96400,96700,96400,96400,53,5110000,9,44
214430,2026-03-20,13:05:00,96500,97000,96400,97000,339,32750000,219,120
214430,2026-03-20,13:10:00,97000,97500,96500,97500,1934,187780000,1654,280
214430,2026-03-20,13:15:00,97500,97500,97200,97400,344,33480000,299,45
214430,2026-03-20,13:20:00,97200,97500,97200,97500,246,23950000,186,60
214430,2026-03-20,13:25:00,97500,97800,97500,97500,225,21950000,146,79
214430,2026-03-20,13:30:00,97700,97700,97300,97600,172,16760000,99,73
214430,2026-03-20,13:35:00,97700,98000,97700,97700,128,12520000,68,60
214430,2026-03-20,13:40:00,97800,97900,97700,97800,160,15640000,92,68
214430,2026-03-20,13:45:00,97700,98000,97400,97400,176,17190000,91,85
214430,2026-03-20,13:50:00,97400,97900,97300,97450,108,10520000,63,45
214430,2026-03-20,13:55:00,97400,97900,97400,97700,142,13850000,99,43
214430,2026-03-20,14:00:00,97700,97900,97600,97700,141,13790000,75,66
214430,2026-03-20,14:05:00,97700,97700,97400,97500,124,12100000,32,92
214430,2026-03-20,14:10:00,97500,97600,97100,97300,225,21890000,65,160
214430,2026-03-20,14:15:00,97300,97400,97000,97100,234,22720000,144,90
214430,2026-03-20,14:20:00,97100,97300,97000,97100,325,31550000,46,279
214430,2026-03-20,14:25:00,97100,97400,97000,97300,270,26260000,210,60
214430,2026-03-20,14:30:00,97400,98000,97400,97800,390,38090000,343,47
214430,2026-03-20,14:35:00,97900,98000,97800,97800,104,10170000,40,64
214430,2026-03-20,14:40:00,97800,97800,97300,97300,136,13260000,65,71
214430,2026-03-20,14:45:00,97500,97800,97300,97300,280,27270000,169,111
214430,2026-03-20,14:50:00,97300,97600,97300,97300,63,6140000,38,25
214430,2026-03-20,14:55:00,97300,97800,97100,97800,331,32270000,207,124
214430,2026-03-20,15:00:00,97800,98000,97400,97800,972,94970000,774,198
214430,2026-03-20,15:05:00,97500,97800,97100,97400,749,73010000,475,274
214430,2026-03-20,15:10:00,97400,97700,96900,97500,1566,152070000,437,1129
214430,2026-03-20,15:15:00,97300,97600,96900,97300,946,91930000,634,312
214430,2026-03-20,15:20:00,97300,97500,96500,97400,3495,338490000,2994,501
214430,2026-03-20,15:30:00,97400,97400,97400,97400,1286,125260000,1275,0
214430,2026-03-23,09:05:00,91600,94400,91300,91700,1675,153820000,682,993
214430,2026-03-23,09:10:00,91700,91700,90500,91100,1518,137960000,438,1080
214430,2026-03-23,09:15:00,91100,91100,90100,90100,1176,106240000,266,910
214430,2026-03-23,09:20:00,90200,90800,90200,90700,558,50510000,285,273
214430,2026-03-23,09:25:00,90600,90900,90300,90900,291,26380000,120,171
214430,2026-03-23,09:30:00,91000,91200,90700,90700,477,43400000,175,302
214430,2026-03-23,09:35:00,90700,90900,90400,90400,253,22920000,55,198
214430,2026-03-23,09:40:00,90400,90400,89800,90100,2116,190590000,763,1353
214430,2026-03-23,09:45:00,90100,90400,90000,90400,1063,95790000,508,555
214430,2026-03-23,09:50:00,90700,90700,90300,90700,166,15020000,78,88
214430,2026-03-23,09:55:00,90600,90600,90200,90200,152,13740000,47,105
214430,2026-03-23,10:00:00,90300,90300,89700,89900,729,65570000,154,575
214430,2026-03-23,10:05:00,89800,89900,89000,89900,2080,185750000,704,1376
214430,2026-03-23,10:10:00,89200,90300,89100,90300,491,44030000,386,105
214430,2026-03-23,10:15:00,90000,90300,89900,90100,276,24860000,216,60
214430,2026-03-23,10:20:00,90100,90200,89500,89900,1109,99550000,763,346
214430,2026-03-23,10:25:00,89900,90100,89600,90100,335,30090000,238,97
214430,2026-03-23,10:30:00,89800,90300,89700,89800,444,39900000,236,208
214430,2026-03-23,10:35:00,89800,90300,89600,90000,464,41660000,341,123
214430,2026-03-23,10:40:00,90000,91000,89800,91000,359,32420000,300,59
214430,2026-03-23,10:45:00,91000,91000,90400,90400,459,41610000,286,173
214430,2026-03-23,10:50:00,90400,90800,90000,90200,391,35300000,201,190
214430,2026-03-23,10:55:00,90200,90500,90000,90300,566,51010000,205,361
214430,2026-03-23,11:00:00,90300,90400,89900,90100,292,26300000,181,111
214430,2026-03-23,11:05:00,90100,90200,90000,90200,389,35030000,262,127
214430,2026-03-23,11:10:00,90200,90800,90200,90400,272,24570000,241,31
214430,2026-03-23,11:15:00,90400,90600,90300,90300,114,10300000,97,17
214430,2026-03-23,11:20:00,90300,90300,90200,90300,274,24730000,158,116
214430,2026-03-23,11:25:00,90400,90700,90300,90300,268,24230000,194,74
214430,2026-03-23,11:30:00,90400,90800,90200,90300,267,24130000,171,96
214430,2026-03-23,11:35:00,90200,90300,90100,90100,541,48790000,80,461
214430,2026-03-23,11:40:00,90100,90300,90000,90200,590,53160000,326,264
214430,2026-03-23,11:45:00,90200,90300,89900,89900,298,26850000,155,143
214430,2026-03-23,11:50:00,90000,90200,89800,90200,356,31970000,159,197
214430,2026-03-23,11:55:00,89900,89950,89700,89900,334,30000000,245,89
214430,2026-03-23,12:00:00,89700,90200,89700,89700,282,25310000,145,137
214430,2026-03-23,12:05:00,89800,90100,89700,89900,438,39370000,361,77
214430,2026-03-23,12:10:00,89900,89900,89600,89800,367,32940000,182,185
214430,2026-03-23,12:15:00,89800,90000,89600,89700,265,23790000,80,185
214430,2026-03-23,12:20:00,89600,89900,89600,89700,253,22690000,119,134
214430,2026-03-23,12:25:00,89700,90100,89600,89600,491,44060000,311,180
214430,2026-03-23,12:30:00,89800,89900,89600,89700,442,39640000,275,167
214430,2026-03-23,12:35:00,89600,90200,89600,90000,305,27400000,196,109
214430,2026-03-23,12:40:00,90000,90200,89800,90100,232,20850000,169,63
214430,2026-03-23,12:45:00,89700,90100,89700,89800,320,28760000,199,121
214430,2026-03-23,12:50:00,89800,90000,89600,89600,458,41140000,274,184
214430,2026-03-23,12:55:00,89700,89900,89700,89700,425,38130000,317,108
214430,2026-03-23,13:00:00,89600,89800,89600,89800,532,47720000,311,221
214430,2026-03-23,13:05:00,89800,89800,89600,89600,332,29770000,140,192
214430,2026-03-23,13:10:00,89700,89900,89500,89500,1340,120060000,328,1012
214430,2026-03-23,13:15:00,89500,90400,89500,90100,591,53230000,269,322
214430,2026-03-23,13:20:00,90100,90700,90100,90100,445,40140000,246,199
214430,2026-03-23,13:25:00,90100,90700,90000,90200,628,56630000,524,104
214430,2026-03-23,13:30:00,90200,90700,90100,90200,429,38710000,309,120
214430,2026-03-23,13:35:00,90200,90200,89800,89900,495,44540000,387,108
214430,2026-03-23,13:40:00,89900,90200,89700,89800,352,31630000,200,152
214430,2026-03-23,13:45:00,89800,90200,89700,89800,368,33040000,203,165
214430,2026-03-23,13:50:00,89700,90200,89700,89800,653,58670000,441,212
214430,2026-03-23,13:55:00,90000,90000,89700,89900,579,52000000,389,190
214430,2026-03-23,14:00:00,89800,90200,89700,89800,608,54600000,394,214
214430,2026-03-23,14:05:00,89800,90200,89700,89900,748,67260000,510,238
214430,2026-03-23,14:10:00,89900,90600,89900,90100,558,50300000,408,150
214430,2026-03-23,14:15:00,90300,90500,90100,90500,912,82310000,552,360
214430,2026-03-23,14:20:00,90500,90600,90300,90600,658,59510000,337,321
214430,2026-03-23,14:25:00,90600,90700,90100,90200,922,83300000,345,577
214430,2026-03-23,14:30:00,90100,90500,90100,90100,628,56630000,226,402
214430,2026-03-23,14:35:00,90100,90500,90000,90100,381,34340000,253,128
214430,2026-03-23,14:40:00,90100,90500,90000,90500,347,31320000,186,161
214430,2026-03-23,14:45:00,90200,90400,90000,90000,282,25420000,140,142
214430,2026-03-23,14:50:00,90000,90800,90000,90100,477,43000000,217,260
214430,2026-03-23,14:55:00,90100,90200,90000,90100,480,43240000,286,194
214430,2026-03-23,15:00:00,90000,90100,90000,90000,1018,91650000,308,710
214430,2026-03-23,15:05:00,90000,90600,89600,90500,1096,98480000,348,748
214430,2026-03-23,15:10:00,89700,89700,89500,89500,1313,117620000,485,828
214430,2026-03-23,15:15:00,89600,89900,89200,89600,1386,123900000,432,954
214430,2026-03-23,15:20:00,89500,89900,89300,89400,1002,89700000,535,467
214430,2026-03-23,15:30:00,90200,90200,90200,90200,1560,140700000,1533,0
214430,2026-03-24,09:05:00,92000,92700,91100,91900,1773,163240000,745,1028
214430,2026-03-24,09:10:00,91800,92400,91000,91400,895,81960000,423,472
214430,2026-03-24,09:15:00,91400,92400,91000,92200,348,31850000,278,70
214430,2026-03-24,09:20:00,92200,92400,90700,91900,691,63280000,329,362
214430,2026-03-24,09:25:00,91900,92500,91000,92100,224,20580000,99,125
214430,2026-03-24,09:30:00,92500,92800,91700,92500,824,75960000,740,84
214430,2026-03-24,09:35:00,91900,93300,91900,93100,323,29980000,282,41
214430,2026-03-24,09:40:00,93300,95000,93200,93400,3999,375180000,3073,926
214430,2026-03-24,09:45:00,93400,94500,93300,93900,645,60540000,304,341
214430,2026-03-24,09:50:00,93900,94100,93200,93300,739,69140000,474,265
214430,2026-03-24,09:55:00,93200,93300,92200,92200,188,17480000,92,96
214430,2026-03-24,10:00:00,92500,93300,92100,93000,445,41300000,296,149
214430,2026-03-24,10:05:00,93200,93200,92400,92800,824,76490000,531,293
214430,2026-03-24,10:10:00,92800,93300,92400,93100,995,92450000,756,239
214430,2026-03-24,10:15:00,92600,94000,92500,93100,763,71240000,651,112
214430,2026-03-24,10:20:00,93100,93700,92800,92800,366,34040000,184,182
214430,2026-03-24,10:25:00,92900,94100,92900,93500,843,78970000,764,79
214430,2026-03-24,10:30:00,93500,93700,93100,93700,43,4020000,17,26
214430,2026-03-24,10:35:00,93200,93700,93200,93600,71,6640000,46,25
214430,2026-03-24,10:40:00,93600,94000,93200,93200,338,31660000,251,87
214430,2026-03-24,10:45:00,93300,93400,92400,92400,3039,282910000,341,2698
214430,2026-03-24,10:50:00,92600,92800,91700,91900,903,83110000,502,401
214430,2026-03-24,10:55:00,92000,93000,91100,92300,759,69920000,496,263
214430,2026-03-24,11:00:00,92400,92400,91200,91600,504,46210000,182,322
214430,2026-03-24,11:05:00,91600,92300,91500,91800,502,46090000,430,72
214430,2026-03-24,11:10:00,91700,93000,91700,92000,394,36410000,354,40
214430,2026-03-24,11:15:00,92300,92600,91300,91900,429,39370000,179,250
214430,2026-03-24,11:20:00,91900,92300,91200,92300,544,49940000,373,171
214430,2026-03-24,11:25:00,92300,92400,91200,92300,500,45960000,379,121
214430,2026-03-24,11:30:00,91600,92300,91600,92300,256,23510000,215,41
214430,2026-03-24,11:35:00,91700,92200,91600,91600,298,27350000,99,199
214430,2026-03-24,11:40:00,91600,92900,91500,91800,508,46730000,371,137
214430,2026-03-24,11:45:00,92000,92500,91800,92200,451,41470000,238,213
214430,2026-03-24,11:50:00,91700,92400,91700,91700,272,25000000,61,211
214430,2026-03-24,11:55:00,91700,92100,91600,92100,377,34610000,237,140
214430,2026-03-24,12:00:00,91700,92200,91600,92200,364,33440000,249,115
214430,2026-03-24,12:05:00,91600,92600,91300,92500,2098,192260000,676,1422
214430,2026-03-24,12:10:00,92500,92900,91800,92600,838,77420000,586,252
214430,2026-03-24,12:15:00,92600,92800,92000,92500,301,27780000,237,64
214430,2026-03-24,12:20:00,91900,92900,91900,92900,539,49890000,457,82
214430,2026-03-24,12:25:00,92900,93300,92300,93100,546,50690000,410,136
214430,2026-03-24,12:30:00,93100,93100,92600,93000,246,22830000,211,35
214430,2026-03-24,12:35:00,92600,93200,92200,93200,291,26920000,153,138
214430,2026-03-24,12:40:00,92300,93000,92300,92900,295,27300000,186,109
214430,2026-03-24,12:45:00,93000,93100,92500,93000,405,37560000,318,87
214430,2026-03-24,12:50:00,92500,93100,92400,92700,252,23360000,204,48
214430,2026-03-24,12:55:00,93000,93300,92400,92600,225,20870000,106,119
214430,2026-03-24,13:00:00,92600,93300,92300,92600,278,25740000,170,108
214430,2026-03-24,13:05:00,92600,93100,92600,93100,245,22730000,90,155
214430,2026-03-24,13:10:00,93200,93400,92600,93300,366,34050000,269,97
214430,2026-03-24,13:15:00,92900,93200,92600,93000,273,25340000,155,118
214430,2026-03-24,13:20:00,92600,93000,92200,92900,310,28670000,185,125
214430,2026-03-24,13:25:00,93000,93000,92300,92300,327,30230000,250,77
214430,2026-03-24,13:30:00,92700,92700,92000,92600,266,24530000,100,166
214430,2026-03-24,13:35:00,92000,92700,91800,92700,293,26980000,179,114
214430,2026-03-24,13:40:00,92700,92700,91800,92300,529,48730000,202,327
214430,2026-03-24,13:45:00,92300,92400,91500,91800,432,39690000,198,234
214430,2026-03-24,13:50:00,92300,92400,91800,92300,201,18500000,183,18
214430,2026-03-24,13:55:00,92400,92600,91700,92400,327,30100000,206,121
214430,2026-03-24,14:00:00,91900,92700,91900,92100,342,31530000,153,189
214430,2026-03-24,14:05:00,92500,92700,92100,92600,288,26560000,145,143
214430,2026-03-24,14:10:00,92200,93400,92100,92900,576,53330000,383,193
214430,2026-03-24,14:15:00,92900,93400,92300,92600,307,28440000,168,139
214430,2026-03-24,14:20:00,93100,93400,92400,92800,520,48260000,271,249
214430,2026-03-24,14:25:00,92800,93400,92600,93200,320,29730000,204,116
214430,2026-03-24,14:30:00,93100,93200,92500,92600,394,36580000,312,82
214430,2026-03-24,14:35:00,92600,92900,92600,92900,339,31440000,261,78
214430,2026-03-24,14:40:00,92900,93600,92700,93300,696,64840000,543,153
214430,2026-03-24,14:45:00,93300,93900,92800,93500,534,49870000,352,182
214430,2026-03-24,14:50:00,93200,94200,93200,93900,1009,94750000,773,236
214430,2026-03-24,14:55:00,93900,94400,93500,94300,662,62240000,480,182
214430,2026-03-24,15:00:00,94400,94700,93800,94100,1420,134120000,1153,267
214430,2026-03-24,15:05:00,94600,95200,93900,94300,2513,237890000,2307,206
214430,2026-03-24,15:10:00,94500,94700,94000,94500,477,45030000,268,209
214430,2026-03-24,15:15:00,94100,94700,94000,94200,880,82940000,733,147
214430,2026-03-24,15:20:00,94200,94800,93700,94000,600,56460000,346,254
214430,2026-03-24,15:30:00,94000,94000,94000,94000,653,61390000,653,0
214430,2026-03-25,09:05:00,92900,93800,92300,93200,990,92130000,514,476
214430,2026-03-25,09:10:00,93000,94200,92700,94100,5500,513000000,5130,370
214430,2026-03-25,09:15:00,94100,94500,93800,93900,278,26150000,88,190
214430,2026-03-25,09:20:00,94200,94400,93600,93700,367,34470000,75,292
214430,2026-03-25,09:25:00,93900,94300,93700,93900,496,46640000,435,61
214430,2026-03-25,09:30:00,94050,94900,94050,94900,625,59050000,308,317
214430,2026-03-25,09:35:00,94400,95100,94300,95000,227,21500000,182,45
214430,2026-03-25,09:40:00,95000,95700,94800,95300,365,34800000,288,77
214430,2026-03-25,09:45:00,95300,95900,95300,95900,226,21590000,156,70
214430,2026-03-25,09:50:00,95800,95900,94900,94900,902,85860000,205,697
214430,2026-03-25,09:55:00,94800,95300,94400,95100,482,45660000,296,186
214430,2026-03-25,10:00:00,95100,95900,95100,95800,401,38260000,288,113
214430,2026-03-25,10:05:00,95700,95900,95200,95600,556,53160000,303,253
214430,2026-03-25,10:10:00,95600,95600,95100,95600,306,29190000,253,53
214430,2026-03-25,10:15:00,95600,95600,95100,95200,408,38890000,173,235
214430,2026-03-25,10:20:00,95400,95500,95000,95100,224,21340000,82,142
214430,2026-03-25,10:25:00,95100,95300,95000,95000,222,21090000,8,214
214430,2026-03-25,10:30:00,95100,95100,94200,94500,1718,162490000,1255,463
214430,2026-03-25,10:35:00,94400,94600,93700,94200,2523,237270000,1941,582
214430,2026-03-25,10:40:00,94200,94600,94200,94500,180,16970000,42,138
214430,2026-03-25,10:45:00,94600,95000,94400,94600,305,28850000,192,113
214430,2026-03-25,10:50:00,94700,95000,94600,94800,249,23590000,90,159
214430,2026-03-25,10:55:00,94700,94700,94200,94200,647,61090000,85,562
214430,2026-03-25,11:00:00,94200,94400,94000,94200,412,38780000,114,298
214430,2026-03-25,11:05:00,94200,94400,94000,94200,201,18920000,111,90
214430,2026-03-25,11:10:00,94000,94200,93300,93300,590,55230000,360,230
214430,2026-03-25,11:15:00,93300,93700,92900,92900,2016,187580000,293,1723
214430,2026-03-25,11:20:00,92900,93000,92600,92900,557,51670000,305,252
214430,2026-03-25,11:25:00,92700,94500,92700,93000,3163,294400000,2565,598
214430,2026-03-25,11:30:00,93000,93700,93000,93400,235,21950000,115,120
214430,2026-03-25,11:35:00,93400,93400,93100,93100,265,24700000,49,216
214430,2026-03-25,11:40:00,93300,93300,93100,93300,210,19580000,132,78
214430,2026-03-25,11:45:00,93300,93400,93000,93100,177,16480000,47,130
214430,2026-03-25,11:50:00,93000,93200,92800,92900,195,18120000,102,93
214430,2026-03-25,11:55:00,93000,93200,92800,92900,226,21010000,85,141
214430,2026-03-25,12:00:00,92800,92900,92400,92600,468,43330000,62,406
214430,2026-03-25,12:05:00,92600,92700,92300,92700,277,25610000,81,196
214430,2026-03-25,12:10:00,92700,92900,92600,92700,236,21880000,93,143
214430,2026-03-25,12:15:00,92700,92900,92700,92700,153,14180000,69,84
214430,2026-03-25,12:20:00,92800,92800,92600,92700,307,28460000,77,230
214430,2026-03-25,12:25:00,92700,92900,92700,92800,117,10850000,33,84
214430,2026-03-25,12:30:00,92700,93000,92500,92500,441,40840000,103,338
214430,2026-03-25,12:35:00,92500,92800,92500,92800,205,18980000,86,119
214430,2026-03-25,12:40:00,92500,93100,92500,93000,187,17370000,104,83
214430,2026-03-25,12:45:00,93000,93200,92700,92800,271,25170000,124,147
214430,2026-03-25,12:50:00,92900,93300,92800,93300,256,23800000,158,98
214430,2026-03-25,12:55:00,92900,93400,92800,92800,246,22890000,133,113
214430,2026-03-25,13:00:00,92900,93600,92900,93100,288,26820000,138,150
214430,2026-03-25,13:05:00,93100,93600,93100,93400,154,14350000,55,99
214430,2026-03-25,13:10:00,93300,94300,93200,94300,747,69970000,665,82
214430,2026-03-25,13:15:00,94300,95800,94100,95700,2860,272200000,2368,492
214430,2026-03-25,13:20:00,95500,97400,94900,96900,3918,377760000,3061,857
214430,2026-03-25,13:25:00,96500,99000,96500,97300,2010,196520000,1135,875
214430,2026-03-25,13:30:00,97400,99400,97400,99200,4218,417320000,3490,728
214430,2026-03-25,13:35:00,99200,99500,98400,98900,2781,275560000,1759,1022
214430,2026-03-25,13:40:00,98800,100200,98600,99800,3005,299510000,2493,512
214430,2026-03-25,13:45:00,99700,100100,99300,99900,1682,167690000,980,702
214430,2026-03-25,13:50:00,99800,100000,99400,99800,901,89920000,317,584
214430,2026-03-25,13:55:00,99900,100800,99700,100600,2781,279090000,2374,407
214430,2026-03-25,14:00:00,100400,100600,100300,100500,987,99150000,506,481
214430,2026-03-25,14:05:00,100500,101200,100500,101100,2261,227950000,1663,598
214430,2026-03-25,14:10:00,101100,101300,100700,101200,1714,173160000,1294,420
214430,2026-03-25,14:15:00,101300,101700,101300,101600,1397,141830000,917,480
214430,2026-03-25,14:20:00,101550,101700,100900,100900,2017,204460000,682,1335
214430,2026-03-25,14:25:00,100900,101100,100700,100800,1030,103880000,513,517
214430,2026-03-25,14:30:00,100900,101400,100700,101100,1780,179860000,1105,675
214430,2026-03-25,14:35:00,100900,101300,100900,101300,1071,108230000,643,428
214430,2026-03-25,14:40:00,101100,101200,100700,101200,1204,121620000,747,457
214430,2026-03-25,14:45:00,101100,101900,100900,101500,2614,265270000,1768,846
214430,2026-03-25,14:50:00,101600,102100,101600,101900,5171,527150000,4765,406
214430,2026-03-25,14:55:00,101900,102100,101600,102000,2955,301210000,815,2140
214430,2026-03-25,15:00:00,101800,102300,101800,102100,1057,107920000,750,307
214430,2026-03-25,15:05:00,102100,102400,102100,102300,925,94580000,752,173
214430,2026-03-25,15:10:00,102300,102500,101900,101900,747,76430000,414,333
214430,2026-03-25,15:15:00,102300,102300,101700,102000,975,99400000,755,220
214430,2026-03-25,15:20:00,102000,102400,101900,102400,1962,200290000,1240,722
214430,2026-03-25,15:30:00,102400,102400,102400,102400,1726,176740000,1726,0
214430,2026-03-26,09:05:00,106000,106000,103000,103200,4908,514980000,2897,2011
214430,2026-03-26,09:10:00,103200,103200,101500,101800,3498,358090000,1833,1665
214430,2026-03-26,09:15:00,101900,104000,101900,102600,1651,169390000,1353,298
214430,2026-03-26,09:20:00,102300,102300,100600,101700,1223,123680000,424,799
214430,2026-03-26,09:25:00,101100,101900,101000,101400,752,76290000,402,350
214430,2026-03-26,09:30:00,101400,101500,101100,101200,376,38060000,182,194
214430,2026-03-26,09:35:00,101200,102000,101200,101700,514,52220000,368,146
214430,2026-03-26,09:40:00,101800,102000,101000,101200,720,73030000,81,639
214430,2026-03-26,09:45:00,101200,101200,100800,100900,714,72080000,89,625
214430,2026-03-26,09:50:00,100900,101200,100200,101100,1908,192220000,341,1567
214430,2026-03-26,09:55:00,101100,101300,100600,100800,150,15150000,135,15
214430,2026-03-26,10:00:00,101300,101700,101100,101500,362,36660000,331,31
214430,2026-03-26,10:05:00,101500,101700,101300,101300,97,9840000,53,44
214430,2026-03-26,10:10:00,101300,101400,100900,101300,172,17410000,87,85
214430,2026-03-26,10:15:00,101300,101500,101300,101400,169,17140000,159,10
214430,2026-03-26,10:20:00,101400,101500,100600,100700,474,47930000,52,422
214430,2026-03-26,10:25:00,100700,101800,100700,101800,666,67520000,550,116
214430,2026-03-26,10:30:00,101600,102400,101600,101600,381,38800000,213,168
214430,2026-03-26,10:35:00,101600,101700,101300,101700,142,14430000,103,39
214430,2026-03-26,10:40:00,101600,103100,101500,101800,211,21500000,149,62
214430,2026-03-26,10:45:00,101600,102300,101300,101300,328,33290000,49,279
214430,2026-03-26,10:50:00,101300,101300,100600,100600,739,74660000,131,608
214430,2026-03-26,10:55:00,100800,100900,100400,100400,509,51180000,236,273
214430,2026-03-26,11:00:00,100400,100700,100400,100700,240,24130000,168,72
214430,2026-03-26,11:05:00,100600,100700,100100,100200,625,62780000,68,557
214430,2026-03-26,11:10:00,100100,100100,99100,99200,1349,134550000,190,1159
214430,2026-03-26,11:15:00,99200,99300,98600,98600,878,86800000,369,509
214430,2026-03-26,11:20:00,98600,98700,98200,98400,782,76960000,331,451
214430,2026-03-26,11:25:00,98500,98700,98100,98200,858,84360000,623,235
214430,2026-03-26,11:30:00,98200,98400,98100,98100,185,18170000,89,96
214430,2026-03-26,11:35:00,98100,98500,98100,98200,376,36920000,258,118
214430,2026-03-26,11:40:00,98200,98400,98000,98100,399,39150000,148,251
214430,2026-03-26,11:45:00,98100,98400,97900,98200,679,66630000,407,272
214430,2026-03-26,11:50:00,98200,98600,98100,98300,169,16620000,90,79
214430,2026-03-26,11:55:00,98200,98300,98200,98300,437,42960000,354,83
214430,2026-03-26,12:00:00,98200,98300,98100,98200,163,16000000,38,125
214430,2026-03-26,12:05:00,98200,98400,98000,98400,528,51810000,385,143
214430,2026-03-26,12:10:00,98300,98500,98100,98100,98,9630000,43,55
214430,2026-03-26,12:15:00,98000,98200,98000,98200,369,36180000,168,201
214430,2026-03-26,12:20:00,98100,98100,98100,98100,53,5200000,53,0
214430,2026-03-26,12:25:00,98000,98000,97600,97700,1097,107450000,98,999
214430,2026-03-26,12:30:00,97900,98100,97800,97900,245,24000000,228,17
214430,2026-03-26,12:35:00,97900,99000,97900,98900,284,27890000,280,4
214430,2026-03-26,12:40:00,99000,99800,98400,99200,411,40780000,89,322
214430,2026-03-26,12:45:00,99300,99900,98700,99000,250,24770000,120,130
214430,2026-03-26,12:50:00,99000,99000,98700,98800,231,22850000,153,78
214430,2026-03-26,12:55:00,98800,99000,98700,98800,281,27760000,233,48
214430,2026-03-26,13:00:00,98700,98700,98600,98700,301,29700000,96,205
214430,2026-03-26,13:05:00,98800,99000,98800,98900,113,11170000,101,12
214430,2026-03-26,13:10:00,98800,98900,98800,98900,112,11070000,80,32
214430,2026-03-26,13:15:00,98900,99100,98600,98800,254,25100000,126,128
214430,2026-03-26,13:20:00,98900,99000,98700,98800,344,34010000,133,211
214430,2026-03-26,13:25:00,98800,99000,98700,98900,67,6620000,49,18
214430,2026-03-26,13:30:00,98800,98900,98700,98700,60,5930000,36,24
214430,2026-03-26,13:35:00,98800,99100,98500,98600,570,56270000,174,396
214430,2026-03-26,13:40:00,98600,98600,97700,97800,4044,396450000,3024,1020
214430,2026-03-26,13:45:00,97800,97800,97700,97800,720,70350000,274,446
214430,2026-03-26,13:50:00,97800,98000,97800,97900,155,15170000,112,43
214430,2026-03-26,13:55:00,97800,97900,97700,97700,344,33640000,48,296
214430,2026-03-26,14:00:00,97600,97700,97600,97600,287,28020000,150,137
214430,2026-03-26,14:05:00,97600,97600,97500,97500,389,37940000,160,229
214430,2026-03-26,14:10:00,97500,97500,97200,97200,296,28810000,73,223
214430,2026-03-26,14:15:00,97200,97500,97200,97500,199,19360000,195,4
214430,2026-03-26,14:20:00,97500,97500,97400,97500,88,8580000,87,1
214430,2026-03-26,14:25:00,97500,97500,97100,97300,842,81860000,135,707
214430,2026-03-26,14:30:00,97300,97300,97200,97300,29,2820000,19,10
214430,2026-03-26,14:35:00,97300,97300,96900,97100,656,63670000,51,605
214430,2026-03-26,14:40:00,97100,97100,96800,96800,92,8920000,22,70
214430,2026-03-26,14:45:00,96800,96900,96800,96800,297,28750000,249,48
214430,2026-03-26,14:50:00,96800,96800,96600,96600,309,29870000,103,206
214430,2026-03-26,14:55:00,96600,97000,96600,96800,1604,155170000,1424,180
214430,2026-03-26,15:00:00,96700,96800,96400,96400,316,30530000,58,258
214430,2026-03-26,15:05:00,96400,96800,96100,96500,487,46920000,219,268
214430,2026-03-26,15:10:00,96800,96800,96300,96300,376,36280000,143,233
214430,2026-03-26,15:15:00,96300,97000,96000,96400,2184,210320000,1514,670
214430,2026-03-26,15:20:00,96400,98400,96400,98400,1415,137260000,1178,237
214430,2026-03-26,15:30:00,98300,98300,98300,98300,2774,272670000,2773,0
214430,2026-03-27,09:05:00,93500,94800,93400,94300,1062,99600000,715,347
214430,2026-03-27,09:10:00,94200,94200,93200,93600,1214,113530000,397,817
214430,2026-03-27,09:15:00,93700,93800,92600,92600,1992,185130000,271,1721
214430,2026-03-27,09:20:00,92600,92800,92100,92800,1560,143980000,530,1030
214430,2026-03-27,09:25:00,92800,93200,92500,92700,942,87340000,519,423
214430,2026-03-27,09:30:00,92600,92600,92500,92600,163,15080000,91,72
214430,2026-03-27,09:35:00,92600,93000,92600,92600,287,26620000,47,240
214430,2026-03-27,09:40:00,92600,92700,92500,92600,656,60740000,449,207
214430,2026-03-27,09:45:00,92600,92600,92200,92300,364,33630000,25,339
214430,2026-03-27,09:50:00,92200,92300,91700,91700,1100,101270000,132,968
214430,2026-03-27,09:55:00,91600,91600,91200,91200,656,59970000,86,570
214430,2026-03-27,10:00:00,91200,91400,90600,90700,4238,385930000,3642,596
214430,2026-03-27,10:05:00,91100,91700,91100,91100,235,21470000,64,171
214430,2026-03-27,10:10:00,91500,91900,91200,91700,396,36290000,258,138
214430,2026-03-27,10:15:00,91700,91900,91700,91900,290,26640000,138,152
214430,2026-03-27,10:20:00,91800,91800,91300,91300,586,53660000,185,401
214430,2026-03-27,10:25:00,91300,91500,91200,91500,197,17990000,69,128
214430,2026-03-27,10:30:00,91400,91600,91300,91600,282,25790000,146,136
214430,2026-03-27,10:35:00,91600,91900,91500,91700,338,31000000,124,214
214430,2026-03-27,10:40:00,91700,92000,91700,92000,419,38500000,349,70
214430,2026-03-27,10:45:00,91900,92000,91700,91800,447,41070000,178,269
214430,2026-03-27,10:50:00,91800,91800,90900,91000,1419,129490000,557,862
214430,2026-03-27,10:55:00,91000,91100,90800,91000,663,60280000,483,180
214430,2026-03-27,11:00:00,91100,91550,91100,91300,183,16710000,153,30
214430,2026-03-27,11:05:00,91500,91900,91400,91400,179,16430000,120,59
214430,2026-03-27,11:10:00,91400,91400,90800,91000,438,39900000,132,306
214430,2026-03-27,11:15:00,91000,91000,90700,90800,403,36590000,182,221
214430,2026-03-27,11:20:00,90800,90900,90600,90600,851,77180000,134,717
214430,2026-03-27,11:25:00,90600,90800,90500,90800,571,51720000,299,272
214430,2026-03-27,11:30:00,90900,91100,90900,91000,102,9280000,50,52
214430,2026-03-27,11:35:00,91000,91100,90800,91100,109,9920000,67,42
214430,2026-03-27,11:40:00,90900,91100,90900,90900,86,7830000,31,55
214430,2026-03-27,11:45:00,91000,91100,91000,91100,22,2000000,20,2
214430,2026-03-27,11:50:00,91100,91200,90900,91000,284,25870000,156,128
214430,2026-03-27,11:55:00,91000,91500,90800,91100,248,22580000,91,157
214430,2026-03-27,12:00:00,91000,91400,90900,90900,221,20130000,20,201
214430,2026-03-27,12:05:00,90900,91400,90800,90800,111,10100000,11,100
214430,2026-03-27,12:10:00,90900,90900,90300,90300,1329,120350000,124,1205
214430,2026-03-27,12:15:00,90500,90500,90400,90500,124,11220000,109,15
214430,2026-03-27,12:20:00,90500,90500,90400,90500,303,27420000,298,5
214430,2026-03-27,12:25:00,90500,90500,90400,90400,337,30480000,169,168
214430,2026-03-27,12:30:00,90500,91100,90500,90900,2416,218720000,2331,85
214430,2026-03-27,12:35:00,90800,91600,90600,91600,292,26560000,268,24
214430,2026-03-27,12:40:00,91400,91400,91000,91400,90,8220000,0,90
214430,2026-03-27,12:45:00,91400,91500,91300,91300,346,31620000,83,263
214430,2026-03-27,12:50:00,91300,91700,91200,91400,216,19770000,176,40
214430,2026-03-27,12:55:00,91200,91400,91100,91300,165,15050000,104,61
214430,2026-03-27,13:00:00,91200,91400,91200,91400,85,7760000,34,51
214430,2026-03-27,13:05:00,91400,91700,91100,91200,267,24370000,146,121
214430,2026-03-27,13:10:00,91200,91500,91100,91500,104,9500000,66,38
214430,2026-03-27,13:15:00,91500,91700,91300,91300,150,13720000,56,94
214430,2026-03-27,13:20:00,91700,92000,91700,92000,398,36570000,393,5
214430,2026-03-27,13:25:00,92100,92500,92100,92500,73,6730000,22,51
214430,2026-03-27,13:30:00,92100,92200,92000,92000,60,5520000,3,57
214430,2026-03-27,13:35:00,92000,92200,91900,92200,122,11230000,73,49
214430,2026-03-27,13:40:00,92200,92500,92100,92400,187,17280000,66,121
214430,2026-03-27,13:45:00,92400,92500,92200,92200,477,44050000,253,224
214430,2026-03-27,13:50:00,92500,92700,92300,92600,441,40810000,281,160
214430,2026-03-27,13:55:00,92600,92800,92500,92600,496,45960000,284,212
214430,2026-03-27,14:00:00,92500,92800,92500,92700,173,16010000,61,112
214430,2026-03-27,14:05:00,92800,93200,92800,92900,456,42420000,341,115
214430,2026-03-27,14:10:00,92900,93400,92900,93200,251,23420000,72,179
214430,2026-03-27,14:15:00,93200,93300,93000,93000,301,28040000,195,106
214430,2026-03-27,14:20:00,93100,94500,92600,93400,2703,253290000,2251,452
214430,2026-03-27,14:25:00,93400,93800,93000,93600,288,26910000,77,211
214430,2026-03-27,14:30:00,93200,93600,93200,93500,123,11500000,72,51
214430,2026-03-27,14:35:00,93500,93500,92900,93300,403,37550000,29,374
214430,2026-03-27,14:40:00,93300,93400,92800,92900,401,37340000,112,289
214430,2026-03-27,14:45:00,92900,93200,92700,92800,106,9840000,12,94
214430,2026-03-27,14:50:00,93200,93200,92600,92600,142,13170000,24,118
214430,2026-03-27,14:55:00,92700,92700,92500,92600,191,17680000,27,164
214430,2026-03-27,15:00:00,92600,92900,92500,92900,276,25570000,200,76
214430,2026-03-27,15:05:00,92800,92800,92200,92300,381,35240000,36,345
214430,2026-03-27,15:10:00,92300,92300,92100,92300,253,23330000,58,195
214430,2026-03-27,15:15:00,92200,92400,92100,92200,309,28510000,106,203
214430,2026-03-27,15:20:00,92100,93500,92000,93500,1113,103230000,856,257
214430,2026-03-27,15:30:00,93300,93300,93300,93300,1456,135840000,1454,0
214430,2026-03-30,09:05:00,89400,89400,88200,88700,1484,131810000,654,830
214430,2026-03-30,09:10:00,88700,89300,88600,89000,1090,96820000,307,783
214430,2026-03-30,09:15:00,89000,89100,88600,88800,577,51280000,202,375
214430,2026-03-30,09:20:00,88700,90000,88400,90000,725,64340000,576,149
214430,2026-03-30,09:25:00,89900,90500,89400,89700,1283,115160000,783,500
214430,2026-03-30,09:30:00,90400,90400,89400,89800,285,25620000,79,206
214430,2026-03-30,09:35:00,89400,89900,89300,89700,311,27840000,100,211
214430,2026-03-30,09:40:00,89700,89700,88200,89400,511,45420000,137,374
214430,2026-03-30,09:45:00,89400,89700,89200,89700,216,19320000,78,138
214430,2026-03-30,09:50:00,89500,90200,89500,90200,906,81290000,446,460
214430,2026-03-30,09:55:00,89900,90200,89900,90000,115,10360000,57,58
214430,2026-03-30,10:00:00,90100,90200,89700,90000,241,21700000,79,162
214430,2026-03-30,10:05:00,90000,90600,89800,89900,392,35340000,212,180
214430,2026-03-30,10:10:00,90000,90000,89600,89600,284,25480000,105,179
214430,2026-03-30,10:15:00,89600,89600,89300,89300,103,9200000,60,43
214430,2026-03-30,10:20:00,89300,89300,89000,89100,138,12310000,9,129
214430,2026-03-30,10:25:00,89200,89200,88700,88800,138,12270000,8,130
214430,2026-03-30,10:30:00,88800,89000,88500,88700,327,28970000,80,247
214430,2026-03-30,10:35:00,88700,89300,88300,89300,651,57670000,419,232
214430,2026-03-30,10:40:00,89300,89700,88600,88900,190,16910000,82,108
214430,2026-03-30,10:45:00,89100,89600,88800,89600,125,11130000,97,28
214430,2026-03-30,10:50:00,89600,89600,88800,89500,245,21790000,161,84
214430,2026-03-30,10:55:00,89100,89100,89000,89000,91,8110000,44,47
214430,2026-03-30,11:00:00,89000,89100,88900,88900,67,5960000,45,22
214430,2026-03-30,11:05:00,89100,89100,88700,88800,80,7110000,49,31
214430,2026-03-30,11:10:00,88800,89200,88800,88800,98,8720000,64,34
214430,2026-03-30,11:15:00,88800,89300,88800,89300,429,38190000,387,42
214430,2026-03-30,11:20:00,89300,89300,88500,88500,201,17830000,30,171
214430,2026-03-30,11:25:00,88500,88600,88500,88500,195,17260000,45,150
214430,2026-03-30,11:30:00,88500,88500,88300,88400,425,37550000,112,313
214430,2026-03-30,11:35:00,88400,88400,88100,88300,785,69270000,195,590
214430,2026-03-30,11:40:00,88300,88300,88200,88300,182,16070000,39,143
214430,2026-03-30,11:45:00,88300,88500,88300,88300,74,6540000,40,34
214430,2026-03-30,11:50:00,88400,88700,88300,88700,57,5030000,27,30
214430,2026-03-30,11:55:00,88700,89200,88700,89100,116,10310000,74,42
214430,2026-03-30,12:00:00,89000,89100,89000,89100,57,5080000,38,19
214430,2026-03-30,12:05:00,89100,89300,89000,89200,67,5980000,64,3
214430,2026-03-30,12:10:00,89200,89400,89200,89300,100,8920000,72,28
214430,2026-03-30,12:15:00,89300,89900,89200,89500,321,28750000,202,119
214430,2026-03-30,12:20:00,89500,89600,89500,89600,56,5020000,52,4
214430,2026-03-30,12:25:00,89600,89800,89300,89300,28,2510000,24,4
214430,2026-03-30,12:30:00,89600,89800,89300,89700,207,18540000,144,63
214430,2026-03-30,12:35:00,89700,89800,89400,89650,212,18990000,182,30
214430,2026-03-30,12:40:00,89800,90000,89700,89800,144,12930000,93,51
214430,2026-03-30,12:45:00,89700,89900,89600,89900,151,13550000,119,32
214430,2026-03-30,12:50:00,89900,89900,89700,89800,24,2160000,7,17
214430,2026-03-30,12:55:00,89800,90500,89700,90500,278,25060000,145,133
214430,2026-03-30,13:00:00,90200,90300,89500,89800,158,14190000,89,69
214430,2026-03-30,13:05:00,89700,90500,89700,90400,82,7380000,79,3
214430,2026-03-30,13:10:00,90400,90400,89700,90200,326,29280000,181,145
214430,2026-03-30,13:15:00,90000,90300,89500,89500,139,12480000,61,78
214430,2026-03-30,13:20:00,89700,89700,89400,89400,34,3040000,6,28
214430,2026-03-30,13:25:00,89600,89800,89550,89800,78,7000000,76,2
214430,2026-03-30,13:30:00,89800,90200,89800,90200,89,8000000,67,22
214430,2026-03-30,13:35:00,90200,90500,90000,90000,251,22610000,215,36
214430,2026-03-30,13:40:00,90000,90900,89800,90100,336,30380000,277,59
214430,2026-03-30,13:45:00,90100,90300,89800,90000,166,14930000,109,57
214430,2026-03-30,13:50:00,90000,90300,89900,89900,83,7470000,39,44
214430,2026-03-30,13:55:00,90200,90300,90100,90200,144,12990000,103,41
214430,2026-03-30,14:00:00,90000,90700,89900,90300,212,19140000,136,76
214430,2026-03-30,14:05:00,90300,90400,90100,90400,290,26160000,164,126
214430,2026-03-30,14:10:00,90400,90500,90400,90500,63,5700000,63,0
214430,2026-03-30,14:15:00,90700,90800,90500,90500,141,12780000,75,66
214430,2026-03-30,14:20:00,90500,91300,90500,90900,355,32250000,348,7
214430,2026-03-30,14:25:00,90900,91200,90700,91000,98,8920000,76,22
214430,2026-03-30,14:30:00,90900,91300,90900,91300,85,7740000,70,15
214430,2026-03-30,14:35:00,90900,91600,90900,91600,487,44450000,424,63
214430,2026-03-30,14:40:00,91600,91900,91600,91700,376,34520000,301,75
214430,2026-03-30,14:45:00,91700,92300,91200,91700,1656,151560000,1063,593
214430,2026-03-30,14:50:00,91600,91600,91100,91100,497,45430000,18,479
214430,2026-03-30,14:55:00,91200,91700,91100,91500,297,27120000,184,113
214430,2026-03-30,15:00:00,91300,91500,91200,91400,427,38990000,281,146
214430,2026-03-30,15:05:00,91300,91700,91100,91600,562,51320000,295,267
214430,2026-03-30,15:10:00,91600,91900,91100,91200,768,70100000,193,575
214430,2026-03-30,15:15:00,91200,91600,90900,91000,1195,108870000,529,666
214430,2026-03-30,15:20:00,91200,91700,90900,91500,1220,111250000,745,475
214430,2026-03-30,15:30:00,91700,91700,91700,91700,940,86200000,940,0
214430,2026-03-31,09:05:00,90100,92000,90100,90800,399,36250000,168,231
214430,2026-03-31,09:10:00,90800,90800,89900,90300,545,49180000,243,302
214430,2026-03-31,09:15:00,90300,90300,89700,89700,760,68480000,122,638
214430,2026-03-31,09:20:00,90000,90200,89000,89200,653,58490000,191,462
214430,2026-03-31,09:25:00,89200,89400,88300,88300,685,60770000,142,543
214430,2026-03-31,09:30:00,88400,89300,88300,88900,248,22020000,118,130
214430,2026-03-31,09:35:00,88900,88900,88400,88500,353,31280000,213,140
214430,2026-03-31,09:40:00,88600,88800,88200,88300,366,32360000,235,131
214430,2026-03-31,09:45:00,88600,89600,88200,89600,407,36210000,251,156
214430,2026-03-31,09:50:00,89600,91400,89000,89900,824,74470000,535,289
214430,2026-03-31,09:55:00,89800,91000,89400,89400,144,13040000,130,14
214430,2026-03-31,10:00:00,89400,90800,89400,90500,58,5220000,32,26
214430,2026-03-31,10:05:00,90500,90500,89800,89900,154,13900000,95,59
214430,2026-03-31,10:10:00,89700,90400,89600,89600,190,17070000,59,131
214430,2026-03-31,10:15:00,89600,89600,89300,89400,256,22900000,80,176
214430,2026-03-31,10:20:00,89400,90200,89300,90100,274,24560000,135,139
214430,2026-03-31,10:25:00,90100,90100,89300,89700,119,10700000,80,39
214430,2026-03-31,10:30:00,89400,89600,89100,89200,219,19570000,149,70
214430,2026-03-31,10:35:00,89200,90100,89100,89900,323,28920000,217,106
214430,2026-03-31,10:40:00,89600,90100,89400,90100,121,10870000,101,20
214430,2026-03-31,10:45:00,89900,90600,89600,89600,373,33640000,201,172
214430,2026-03-31,10:50:00,90200,90200,89600,89700,222,19940000,137,85
214430,2026-03-31,10:55:00,89700,90200,89700,90100,373,33570000,357,16
214430,2026-03-31,11:00:00,89800,90000,89500,89600,307,27520000,117,190
214430,2026-03-31,11:05:00,89600,89700,89300,89500,328,29340000,30,298
214430,2026-03-31,11:10:00,89400,89700,88700,89100,652,58180000,137,515
214430,2026-03-31,11:15:00,89000,89100,88800,88800,418,37160000,218,200
214430,2026-03-31,11:20:00,88800,89000,88300,88500,5840,516860000,5411,429
214430,2026-03-31,11:25:00,88400,88500,88300,88500,772,68250000,172,600
214430,2026-03-31,11:30:00,88400,88500,88300,88400,369,32620000,262,107
214430,2026-03-31,11:35:00,88300,88400,88000,88300,1188,104720000,299,889
214430,2026-03-31,11:40:00,88300,88700,88100,88300,254,22390000,151,103
214430,2026-03-31,11:45:00,88300,88300,88100,88100,519,45740000,112,407
214430,2026-03-31,11:50:00,88000,88400,88000,88300,377,33190000,95,282
214430,2026-03-31,11:55:00,88100,88400,88000,88300,366,32290000,333,33
214430,2026-03-31,12:00:00,88300,88300,88200,88200,231,20380000,25,206
214430,2026-03-31,12:05:00,88100,88400,88100,88300,246,21700000,148,98
214430,2026-03-31,12:10:00,88300,88700,88200,88300,194,17120000,106,88
214430,2026-03-31,12:15:00,88300,88900,88300,88600,247,21840000,180,67
214430,2026-03-31,12:20:00,88600,88600,88100,88100,307,27120000,121,186
214430,2026-03-31,12:25:00,88100,88200,87900,88000,1400,123210000,112,1288
214430,2026-03-31,12:30:00,87900,88000,87900,88000,261,22950000,99,162
214430,2026-03-31,12:35:00,87900,88000,87800,87800,380,33380000,58,322
214430,2026-03-31,12:40:00,87800,87800,87600,87600,290,25420000,89,201
214430,2026-03-31,12:45:00,87600,87600,87500,87500,235,20570000,68,167
214430,2026-03-31,12:50:00,87500,87700,87400,87400,261,22840000,119,142
214430,2026-03-31,12:55:00,87500,87800,87400,87700,440,38530000,121,319
214430,2026-03-31,13:00:00,87600,88000,87500,87600,256,22420000,159,97
214430,2026-03-31,13:05:00,87500,87700,87400,87700,470,41130000,207,263
214430,2026-03-31,13:10:00,87600,87600,87300,87400,321,28070000,127,194
214430,2026-03-31,13:15:00,87300,87300,87000,87200,2429,211610000,1342,1087
214430,2026-03-31,13:20:00,87100,87400,86900,87200,463,40310000,155,308
214430,2026-03-31,13:25:00,87200,87600,86900,86900,452,39370000,123,329
214430,2026-03-31,13:30:00,86900,87000,86700,87000,451,39180000,279,172
214430,2026-03-31,13:35:00,87200,87300,86900,87200,510,44360000,410,100
214430,2026-03-31,13:40:00,87100,87100,86700,86800,269,23380000,176,93
214430,2026-03-31,13:45:00,86700,86900,86700,86900,407,35310000,181,226
214430,2026-03-31,13:50:00,86800,87000,86700,86700,385,33400000,99,286
214430,2026-03-31,13:55:00,86800,86800,86500,86600,808,70050000,256,552
214430,2026-03-31,14:00:00,86500,87000,86400,86900,471,40760000,145,326
214430,2026-03-31,14:05:00,86900,86900,86000,86200,546,47110000,276,270
214430,2026-03-31,14:10:00,86200,86200,86000,86100,359,30910000,167,192
214430,2026-03-31,14:15:00,86200,86900,86100,86200,592,51070000,270,322
214430,2026-03-31,14:20:00,86200,86200,85800,85800,1016,87380000,122,894
214430,2026-03-31,14:25:00,85900,86000,85700,85900,1639,140600000,1489,150
214430,2026-03-31,14:30:00,85900,86400,85600,86300,563,48450000,503,60
214430,2026-03-31,14:35:00,86000,86700,85800,86700,484,41700000,346,138
214430,2026-03-31,14:40:00,86500,90000,86200,87600,814,71350000,563,251
214430,2026-03-31,14:45:00,87500,90000,87300,87500,898,79400000,848,50
214430,2026-03-31,14:50:00,88100,89600,87500,88500,715,63180000,497,218
214430,2026-03-31,14:55:00,87900,89200,87600,87700,1272,111980000,575,697
214430,2026-03-31,15:00:00,87700,87800,87000,87000,849,74200000,525,324
214430,2026-03-31,15:05:00,87400,87600,86300,87400,1036,90170000,662,374
214430,2026-03-31,15:10:00,86600,87700,86400,86600,950,82510000,705,245
214430,2026-03-31,15:15:00,86600,88800,86400,86900,1571,136460000,819,752
214430,2026-03-31,15:20:00,87000,89900,86800,89700,2729,240950000,1863,866
214430,2026-03-31,15:30:00,89700,89700,89700,89700,983,88170000,983,0
214430,2026-04-01,09:05:00,91500,92000,90900,91100,2634,240320000,1321,1313
214430,2026-04-01,09:10:00,91300,92500,91300,91700,538,49410000,221,317
214430,2026-04-01,09:15:00,91700,92500,91500,92500,740,68140000,373,367
214430,2026-04-01,09:20:00,92100,92700,92000,92700,721,66630000,207,514
214430,2026-04-01,09:25:00,92200,92800,92200,92400,447,41340000,213,234
214430,2026-04-01,09:30:00,92400,93200,92200,93000,699,64910000,456,243
214430,2026-04-01,09:35:00,93200,94700,93100,94500,1015,95240000,874,141
214430,2026-04-01,09:40:00,94500,94500,94200,94400,385,36310000,126,259
214430,2026-04-01,09:45:00,94400,94700,94100,94500,850,80310000,676,174
214430,2026-04-01,09:50:00,94600,94800,94400,94700,389,36810000,291,98
214430,2026-04-01,09:55:00,94700,95600,94400,95600,1341,127330000,1258,83
214430,2026-04-01,10:00:00,95600,95700,94800,95400,507,48370000,150,357
214430,2026-04-01,10:05:00,95400,95600,95000,95000,305,29070000,130,175
214430,2026-04-01,10:10:00,94900,94900,93100,94300,402,37910000,167,235
214430,2026-04-01,10:15:00,94600,95500,94300,94700,204,19360000,172,32
214430,2026-04-01,10:20:00,94700,95600,94700,95300,1576,150000000,1498,78
214430,2026-04-01,10:25:00,95300,95600,95100,95600,760,72460000,350,410
214430,2026-04-01,10:30:00,95700,95900,95500,95500,717,68610000,380,337
214430,2026-04-01,10:35:00,95500,96000,95100,95100,798,76340000,283,515
214430,2026-04-01,10:40:00,95100,95800,95100,95500,319,30460000,177,142
214430,2026-04-01,10:45:00,95500,96200,95100,95500,835,79980000,668,167
214430,2026-04-01,10:50:00,95500,97300,95500,97200,3985,384060000,3426,559
214430,2026-04-01,10:55:00,96700,97000,96400,96800,330,31930000,230,100
214430,2026-04-01,11:00:00,96300,97800,96200,97700,794,77220000,705,89
214430,2026-04-01,11:05:00,97600,97700,97000,97400,380,36930000,186,194
214430,2026-04-01,11:10:00,97100,97400,96600,96600,277,26840000,52,225
214430,2026-04-01,11:15:00,96600,97500,96600,97000,534,51810000,474,60
214430,2026-04-01,11:20:00,96800,97600,96800,97000,198,19220000,151,47
214430,2026-04-01,11:25:00,97300,97700,97000,97400,333,32430000,223,110
214430,2026-04-01,11:30:00,97500,97500,96900,97000,536,52040000,238,298
214430,2026-04-01,11:35:00,97000,97200,96900,97000,223,21640000,127,96
214430,2026-04-01,11:40:00,97000,97500,97000,97000,426,41380000,203,223
214430,2026-04-01,11:45:00,97000,97400,97000,97100,171,16620000,126,45
214430,2026-04-01,11:50:00,97400,97700,97200,97300,548,53460000,448,100
214430,2026-04-01,11:55:00,97600,97600,97200,97300,355,34550000,119,236
214430,2026-04-01,12:00:00,97300,97700,97300,97500,389,37920000,251,138
214430,2026-04-01,12:05:00,97300,97600,97000,97200,141,13720000,60,81
214430,2026-04-01,12:10:00,97200,97200,96500,96500,85,8240000,17,68
214430,2026-04-01,12:15:00,96500,96500,96200,96200,125,12050000,58,67
214430,2026-04-01,12:20:00,96200,96500,96100,96300,255,24550000,175,80
214430,2026-04-01,12:25:00,96500,97100,96500,96700,248,24000000,107,141
214430,2026-04-01,12:30:00,96700,97100,96700,96800,188,18220000,37,151
214430,2026-04-01,12:35:00,96800,97600,96500,96500,1105,107140000,534,571
214430,2026-04-01,12:40:00,96500,96500,96100,96500,176,16970000,140,36
214430,2026-04-01,12:45:00,96600,96800,96500,96600,219,21160000,134,85
214430,2026-04-01,12:50:00,96800,97300,96600,96800,276,26740000,196,80
214430,2026-04-01,12:55:00,96800,97200,96800,96800,106,10290000,50,56
214430,2026-04-01,13:00:00,96800,97100,96800,96900,54,5230000,25,29
214430,2026-04-01,13:05:00,97200,97300,96800,97200,321,31120000,118,203
214430,2026-04-01,13:10:00,97000,97500,96900,97400,882,85760000,829,53
214430,2026-04-01,13:15:00,97400,97500,97300,97300,108,10520000,73,35
214430,2026-04-01,13:20:00,97400,97600,97300,97500,254,24760000,146,108
214430,2026-04-01,13:25:00,97500,97700,97500,97700,403,39320000,205,198
214430,2026-04-01,13:30:00,97700,97700,97600,97700,248,24210000,103,145
214430,2026-04-01,13:35:00,97600,97700,97100,97200,882,85960000,537,345
214430,2026-04-01,13:40:00,97400,97600,97200,97300,249,24240000,65,184
214430,2026-04-01,13:45:00,97400,97700,97300,97400,358,34890000,113,245
214430,2026-04-01,13:50:00,97400,97400,97200,97200,155,15100000,123,32
214430,2026-04-01,13:55:00,97300,97600,97200,97200,222,21600000,128,94
214430,2026-04-01,14:00:00,97200,97300,96900,97300,407,39540000,296,111
214430,2026-04-01,14:05:00,97200,97700,97000,97600,535,52170000,302,233
214430,2026-04-01,14:10:00,97600,97800,97400,97700,298,29100000,142,156
214430,2026-04-01,14:15:00,97600,98000,97400,97800,1053,102920000,499,554
214430,2026-04-01,14:20:00,97700,97900,97600,97700,352,34410000,211,141
214430,2026-04-01,14:25:00,97700,98000,95300,96700,7402,712210000,5667,1735
214430,2026-04-01,14:30:00,96100,96400,95200,95300,1757,167930000,1019,738
214430,2026-04-01,14:35:00,95500,95700,94200,94400,1796,170410000,1026,770
214430,2026-04-01,14:40:00,94600,95500,94300,95200,1617,153000000,1073,544
214430,2026-04-01,14:45:00,95200,96300,94900,95100,1862,177420000,658,1204
214430,2026-04-01,14:50:00,95200,96000,95000,95600,1709,162870000,907,802
214430,2026-04-01,14:55:00,95400,97200,95200,96000,2130,204100000,1106,1024
214430,2026-04-01,15:00:00,96000,97400,95700,96800,2763,266640000,1497,1266
214430,2026-04-01,15:05:00,96900,98100,96900,97400,2198,214370000,1018,1180
214430,2026-04-01,15:10:00,97500,97500,96700,96900,2770,269120000,515,2255
214430,2026-04-01,15:15:00,97000,97300,96600,97100,2742,265630000,576,2166
214430,2026-04-01,15:20:00,97100,98200,96400,97800,6907,671330000,2861,4046
214430,2026-04-01,15:30:00,97500,97500,97500,97500,2103,205050000,2103,0
214430,2026-04-02,09:05:00,97500,98700,96100,97400,2128,207450000,1521,607
214430,2026-04-02,09:10:00,97500,98400,97000,97400,1113,108740000,637,476
214430,2026-04-02,09:15:00,97400,97500,96900,97200,356,34610000,229,127
214430,2026-04-02,09:20:00,97200,97500,96900,97000,318,30880000,136,182
214430,2026-04-02,09:25:00,97000,98100,96900,97900,739,72100000,664,75
214430,2026-04-02,09:30:00,97600,98100,97300,97300,227,22190000,87,140
214430,2026-04-02,09:35:00,97700,97800,97000,97800,152,14820000,65,87
214430,2026-04-02,09:40:00,97800,97900,97500,97600,342,33390000,196,146
214430,2026-04-02,09:45:00,97500,98400,97400,98100,1190,116480000,943,247
214430,2026-04-02,09:50:00,98100,98700,98100,98100,975,95910000,459,516
214430,2026-04-02,09:55:00,98200,99000,98100,98900,679,67060000,558,121
214430,2026-04-02,10:00:00,98900,99600,98500,98500,3096,306600000,2497,599
214430,2026-04-02,10:05:00,98500,98800,97800,97900,665,65370000,145,520
214430,2026-04-02,10:10:00,97800,98100,96600,98000,932,90700000,438,494
214430,2026-04-02,10:15:00,98000,99500,97600,98100,567,55750000,388,179
214430,2026-04-02,10:20:00,97600,98100,96500,97000,587,57020000,76,511
214430,2026-04-02,10:25:00,96700,97000,96000,96100,2941,283300000,1472,1469
214430,2026-04-02,10:30:00,96100,96400,95100,95900,829,79380000,230,599
214430,2026-04-02,10:35:00,95500,96000,94500,95100,811,77260000,241,570
214430,2026-04-02,10:40:00,95100,96000,94600,94800,629,59740000,134,495
214430,2026-04-02,10:45:00,94800,94800,93500,93700,3635,341380000,1544,2091
214430,2026-04-02,10:50:00,93400,93800,92200,93100,1800,167800000,1346,454
214430,2026-04-02,10:55:00,93100,94500,93100,93600,1801,169030000,1290,511
214430,2026-04-02,11:00:00,93600,94800,93600,94000,566,53230000,205,361
214430,2026-04-02,11:05:00,94000,94400,93100,93400,601,56340000,172,429
214430,2026-04-02,11:10:00,93400,94000,93000,93200,793,73940000,408,385
214430,2026-04-02,11:15:00,93000,93700,92700,92700,224,20830000,109,115
214430,2026-04-02,11:20:00,92900,93400,92700,93000,236,21930000,121,115
214430,2026-04-02,11:25:00,93200,93200,92600,93000,268,24880000,84,184
214430,2026-04-02,11:30:00,93100,93200,92400,92600,449,41580000,35,414
214430,2026-04-02,11:35:00,92500,93300,91000,92800,783,72120000,128,655
214430,2026-04-02,11:40:00,92700,93100,92100,92100,284,26250000,131,153
214430,2026-04-02,11:45:00,92600,92900,91900,92300,605,55920000,116,489
214430,2026-04-02,11:50:00,92300,92900,92000,92000,163,15030000,97,66
214430,2026-04-02,11:55:00,92000,92900,92000,92900,105,9690000,62,43
214430,2026-04-02,12:00:00,92500,92600,91900,91900,199,18350000,72,127
214430,2026-04-02,12:05:00,91900,93000,91700,92400,515,47400000,313,202
214430,2026-04-02,12:10:00,92400,92400,91900,91900,92,8470000,61,31
214430,2026-04-02,12:15:00,92000,92400,91800,92300,122,11220000,87,35
214430,2026-04-02,12:20:00,91900,92200,91600,92200,240,22050000,116,124
214430,2026-04-02,12:25:00,91700,92300,91700,92200,131,12040000,73,58
214430,2026-04-02,12:30:00,92300,92400,92000,92300,184,16960000,146,38
214430,2026-04-02,12:35:00,92300,92500,92000,92000,707,65130000,125,582
214430,2026-04-02,12:40:00,92000,92100,91500,91900,407,37300000,114,293
214430,2026-04-02,12:45:00,91700,92000,91500,91600,553,50630000,81,472
214430,2026-04-02,12:50:00,91500,91500,91100,91200,794,72500000,166,628
214430,2026-04-02,12:55:00,91300,92100,91200,91200,901,82330000,338,563
214430,2026-04-02,13:00:00,91100,91900,90800,91100,5532,503100000,4428,1104
214430,2026-04-02,13:05:00,91100,91600,90400,91200,851,77380000,238,613
214430,2026-04-02,13:10:00,91200,91300,90700,91300,229,20820000,68,161
214430,2026-04-02,13:15:00,91200,91600,90800,91400,248,22610000,168,80
214430,2026-04-02,13:20:00,91400,92200,90900,91100,361,32920000,193,168
214430,2026-04-02,13:25:00,91100,91200,90900,91200,343,31240000,217,126
214430,2026-04-02,13:30:00,91200,91400,90800,91400,169,15380000,89,80
214430,2026-04-02,13:35:00,91100,91300,90900,91000,197,17940000,94,103
214430,2026-04-02,13:40:00,91000,91500,90700,90800,410,37280000,158,252
214430,2026-04-02,13:45:00,90800,91400,90800,91200,165,14990000,96,69
214430,2026-04-02,13:50:00,90900,91000,90600,90900,258,23420000,63,195
214430,2026-04-02,13:55:00,90900,92000,90700,90700,170,15470000,79,91
214430,2026-04-02,14:00:00,90800,91900,90800,91400,271,24680000,141,130
214430,2026-04-02,14:05:00,91400,91400,90800,91200,814,74180000,154,660
214430,2026-04-02,14:10:00,90900,91300,90800,90900,206,18740000,97,109
214430,2026-04-02,14:15:00,90900,91700,90900,91200,210,19120000,117,93
214430,2026-04-02,14:20:00,91200,91800,91000,91100,190,17330000,130,60
214430,2026-04-02,14:25:00,91100,91900,91100,91900,330,30140000,165,165
214430,2026-04-02,14:30:00,91200,91900,91200,91900,291,26650000,163,128
214430,2026-04-02,14:35:00,91500,92000,91000,91800,642,58590000,179,463
214430,2026-04-02,14:40:00,91800,92100,91100,91100,227,20830000,42,185
214430,2026-04-02,14:45:00,91400,91600,90900,91200,281,25650000,114,167
214430,2026-04-02,14:50:00,90900,90900,90200,90200,2857,258560000,1493,1364
214430,2026-04-02,14:55:00,90100,91000,89900,89900,589,53090000,199,390
214430,2026-04-02,15:00:00,89900,90500,89600,89800,1485,133370000,281,1204
214430,2026-04-02,15:05:00,89800,90200,89400,89800,1142,102470000,654,488
214430,2026-04-02,15:10:00,89700,91300,89600,90200,753,67930000,511,242
214430,2026-04-02,15:15:00,90100,91000,90000,90500,952,86010000,525,427
214430,2026-04-02,15:20:00,90500,92500,90500,92400,1497,136850000,1045,452
214430,2026-04-02,15:30:00,92400,92400,92400,92400,1181,109120000,1178,0
214430,2026-04-03,09:05:00,97500,99800,96900,99400,6289,617120000,4438,1851
214430,2026-04-03,09:10:00,99400,99700,98700,99000,3832,380560000,1947,1885
214430,2026-04-03,09:15:00,99000,99900,97900,98000,3390,334620000,1364,2026
214430,2026-04-03,09:20:00,98300,98300,97400,97400,944,92150000,343,601
214430,2026-04-03,09:25:00,97500,97600,96400,96400,2236,216800000,1104,1132
214430,2026-04-03,09:30:00,96400,97200,96400,96800,343,33250000,206,137
214430,2026-04-03,09:35:00,96700,96700,95600,96200,1480,142290000,100,1380
214430,2026-04-03,09:40:00,96200,96900,96100,96400,902,86940000,536,366
214430,2026-04-03,09:45:00,96400,97000,96200,96500,214,20660000,51,163
214430,2026-04-03,09:50:00,96500,96600,96400,96500,217,20940000,139,78
214430,2026-04-03,09:55:00,96500,97000,96500,97000,215,20830000,122,93
214430,2026-04-03,10:00:00,97000,97700,96500,97400,1038,100860000,240,798
214430,2026-04-03,10:05:00,97200,97400,96900,96900,341,33110000,96,245
214430,2026-04-03,10:10:00,97000,97600,96900,97500,432,42050000,254,178
214430,2026-04-03,10:15:00,97400,97400,96100,96100,622,60190000,48,574
214430,2026-04-03,10:20:00,96300,96800,96100,96100,153,14730000,17,136
214430,2026-04-03,10:25:00,96200,96500,95900,96500,388,37270000,80,308
214430,2026-04-03,10:30:00,96500,96700,96400,96400,59,5690000,20,39
214430,2026-04-03,10:35:00,96400,96700,96100,96100,546,52660000,287,259
214430,2026-04-03,10:40:00,96000,96100,95800,96100,273,26190000,54,219
214430,2026-04-03,10:45:00,95800,96200,95600,96000,802,77000000,107,695
214430,2026-04-03,10:50:00,95900,96900,95700,96800,808,77970000,683,125
214430,2026-04-03,10:55:00,96800,96900,96400,96600,518,50030000,62,456
214430,2026-04-03,11:00:00,96300,96300,96000,96000,317,30480000,21,296
214430,2026-04-03,11:05:00,96000,96200,95700,96000,275,26380000,122,153
214430,2026-04-03,11:10:00,96100,96300,95700,95700,269,25780000,102,167
214430,2026-04-03,11:15:00,95700,95800,95600,95600,154,14740000,23,131
214430,2026-04-03,11:20:00,95600,95600,95100,95300,381,36360000,114,267
214430,2026-04-03,11:25:00,95400,96800,95300,95600,272,26050000,171,101
214430,2026-04-03,11:30:00,95600,96000,95500,95800,381,36450000,103,278
214430,2026-04-03,11:35:00,95700,95800,95100,95100,678,64680000,42,636
214430,2026-04-03,11:40:00,95100,95300,95000,95100,245,23280000,34,211
214430,2026-04-03,11:45:00,95000,95900,95000,95800,323,30910000,52,271
214430,2026-04-03,11:50:00,95400,95700,95100,95400,220,20980000,113,107
214430,2026-04-03,11:55:00,95400,96500,95100,96100,450,42900000,143,307
214430,2026-04-03,12:00:00,95700,96600,95700,96600,146,14050000,138,8
214430,2026-04-03,12:05:00,96400,96500,96400,96400,161,15530000,38,123
214430,2026-04-03,12:10:00,96400,96600,96200,96200,157,15150000,114,43
214430,2026-04-03,12:15:00,96200,96700,96200,96600,420,40490000,371,49
214430,2026-04-03,12:20:00,96600,96600,96200,96300,339,32650000,46,293
214430,2026-04-03,12:25:00,96400,96600,96300,96500,176,16980000,158,18
214430,2026-04-03,12:30:00,96500,96600,96500,96600,115,11100000,65,50
214430,2026-04-03,12:35:00,96500,96700,96500,96700,146,14110000,137,9
214430,2026-04-03,12:40:00,96800,96900,96700,96700,213,20630000,153,60
214430,2026-04-03,12:45:00,96800,97100,96700,97100,311,30140000,225,86
214430,2026-04-03,12:50:00,97100,97700,97000,97400,695,67690000,610,85
214430,2026-04-03,12:55:00,97400,98300,97400,98200,996,97530000,976,20
214430,2026-04-03,13:00:00,98200,98500,98000,98200,461,45350000,385,76
214430,2026-04-03,13:05:00,98200,98400,98100,98300,408,40070000,213,195
214430,2026-04-03,13:10:00,98300,98500,98100,98100,357,35110000,144,213
214430,2026-04-03,13:15:00,98300,98400,98000,98000,249,24450000,152,97
214430,2026-04-03,13:20:00,98100,98700,98000,98600,971,95520000,870,101
214430,2026-04-03,13:25:00,98500,98600,98200,98400,523,51520000,319,204
214430,2026-04-03,13:30:00,98300,98300,97200,97300,494,48310000,224,270
214430,2026-04-03,13:35:00,97200,98300,97200,97600,472,46040000,375,97
214430,2026-04-03,13:40:00,97600,98300,97400,97800,390,38100000,214,176
214430,2026-04-03,13:45:00,98000,98600,97900,98400,847,83160000,691,156
214430,2026-04-03,13:50:00,98400,98500,97900,97900,406,39900000,184,222
214430,2026-04-03,13:55:00,98000,98400,98000,98000,189,18540000,104,85
214430,2026-04-03,14:00:00,98000,98100,97900,97900,148,14510000,39,109
214430,2026-04-03,14:05:00,97900,97900,97700,97700,165,16140000,41,124
214430,2026-04-03,14:10:00,97600,97700,96600,96600,804,78260000,10,794
214430,2026-04-03,14:15:00,96600,96800,96600,96800,189,18280000,106,83
214430,2026-04-03,14:20:00,96800,97100,96800,97000,434,42070000,172,262
214430,2026-04-03,14:25:00,97100,97200,96900,96900,191,18540000,117,74
214430,2026-04-03,14:30:00,96900,97400,96900,97200,223,21660000,162,61
214430,2026-04-03,14:35:00,97300,97400,97200,97200,77,7490000,29,48
214430,2026-04-03,14:40:00,97300,97300,96700,96700,657,63840000,152,505
214430,2026-04-03,14:45:00,96800,96800,96400,96400,514,49650000,316,198
214430,2026-04-03,14:50:00,96400,97500,96400,97500,748,72620000,520,228
214430,2026-04-03,14:55:00,97500,98900,97200,98700,2562,251830000,2290,272
214430,2026-04-03,15:00:00,98700,98900,98200,98900,912,89980000,358,554
214430,2026-04-03,15:05:00,98900,99000,98300,98900,919,90810000,522,397
214430,2026-04-03,15:10:00,99000,99000,98200,98400,1374,135570000,404,970
214430,2026-04-03,15:15:00,98400,98600,98200,98300,1365,134270000,713,652
214430,2026-04-03,15:20:00,98300,99100,98100,99000,2244,220980000,1734,510
214430,2026-04-03,15:30:00,99000,99000,99000,99000,1219,120680000,1199,0
214430,2026-04-06,09:05:00,95800,96000,94400,95300,2397,228480000,1124,1273
214430,2026-04-06,09:10:00,95200,97200,94300,96500,1426,136290000,860,566
214430,2026-04-06,09:15:00,96500,96800,96100,96200,1139,109900000,750,389
214430,2026-04-06,09:20:00,96300,96300,95500,96000,2299,220390000,1246,1053
214430,2026-04-06,09:25:00,95900,95900,95100,95200,789,75310000,343,446
214430,2026-04-06,09:30:00,95100,95500,94800,94800,963,91660000,241,722
214430,2026-04-06,09:35:00,94800,95600,94600,94900,406,38560000,154,252
214430,2026-04-06,09:40:00,95300,96000,95000,95100,714,68100000,348,366
214430,2026-04-06,09:45:00,95200,96000,95100,95100,695,66230000,286,409
214430,2026-04-06,09:50:00,95000,95400,95000,95300,247,23500000,92,155
214430,2026-04-06,09:55:00,95000,95800,94900,95300,268,25520000,129,139
214430,2026-04-06,10:00:00,95300,95900,95200,95900,713,68150000,223,490
214430,2026-04-06,10:05:00,95300,96000,95300,95600,544,51970000,167,377
214430,2026-04-06,10:10:00,95600,95900,95100,95300,460,43840000,196,264
214430,2026-04-06,10:15:00,95200,95400,95200,95200,202,19250000,108,94
214430,2026-04-06,10:20:00,95100,95300,94900,95000,401,38120000,184,217
214430,2026-04-06,10:25:00,95000,95700,95000,95700,363,34580000,151,212
214430,2026-04-06,10:30:00,95400,95500,95300,95500,87,8300000,61,26
214430,2026-04-06,10:35:00,95200,95300,94700,94700,720,68400000,195,525
214430,2026-04-06,10:40:00,94700,94800,94500,94600,597,56480000,166,431
214430,2026-04-06,10:45:00,94600,94600,94300,94400,398,37590000,148,250
214430,2026-04-06,10:50:00,94500,94600,93700,94100,3797,357190000,2026,1771
214430,2026-04-06,10:55:00,94100,95000,94100,94200,210,19790000,102,108
214430,2026-04-06,11:00:00,94100,94200,93800,94200,347,32620000,230,117
214430,2026-04-06,11:05:00,94100,94400,93700,94400,330,31000000,198,132
214430,2026-04-06,11:10:00,94400,94400,93800,94300,131,12320000,81,50
214430,2026-04-06,11:15:00,94400,95000,94000,94500,122,11550000,85,37
214430,2026-04-06,11:20:00,94500,95800,94500,95700,263,25030000,179,84
214430,2026-04-06,11:25:00,95600,95600,95200,95300,66,6290000,50,16
214430,2026-04-06,11:30:00,95300,95300,94800,94800,195,18560000,31,164
214430,2026-04-06,11:35:00,95200,95200,94800,95200,315,29890000,224,91
214430,2026-04-06,11:40:00,95200,95200,94700,94700,92,8750000,32,60
214430,2026-04-06,11:45:00,94700,95200,94700,95200,110,10440000,72,38
214430,2026-04-06,11:50:00,94700,95300,94500,94500,102,9670000,71,31
214430,2026-04-06,11:55:00,94500,94800,94500,94700,543,51400000,91,452
214430,2026-04-06,12:00:00,94700,94800,94300,94700,267,25210000,92,175
214430,2026-04-06,12:05:00,94600,94700,94300,94400,97,9160000,51,46
214430,2026-04-06,12:10:00,94300,94400,94300,94300,139,13120000,87,52
214430,2026-04-06,12:15:00,94400,94700,93900,94100,4266,401060000,3940,326
214430,2026-04-06,12:20:00,94200,94800,94000,94300,78,7350000,64,14
214430,2026-04-06,12:25:00,94000,94500,93900,94300,111,10450000,78,33
214430,2026-04-06,12:30:00,94000,94300,94000,94300,92,8670000,71,21
214430,2026-04-06,12:35:00,94300,94900,94100,94900,66,6240000,40,26
214430,2026-04-06,12:40:00,94200,94700,94100,94500,252,23760000,107,145
214430,2026-04-06,12:45:00,94100,94900,94100,94800,397,37610000,218,179
214430,2026-04-06,12:50:00,94600,94800,94300,94300,217,20520000,119,98
214430,2026-04-06,12:55:00,94700,95000,93900,94300,1216,114530000,401,815
214430,2026-04-06,13:00:00,94200,95000,94200,94300,175,16510000,106,69
214430,2026-04-06,13:05:00,94300,94900,94300,94700,257,24330000,136,121
214430,2026-04-06,13:10:00,94600,94700,94100,94300,211,19910000,55,156
214430,2026-04-06,13:15:00,94100,94800,94100,94200,217,20480000,132,85
214430,2026-04-06,13:20:00,94300,94500,94200,94400,148,13970000,67,81
214430,2026-04-06,13:25:00,94400,94400,94000,94000,348,32780000,83,265
214430,2026-04-06,13:30:00,94000,94100,93700,93700,197,18510000,66,131
214430,2026-04-06,13:35:00,93900,94800,93800,94300,238,22380000,90,148
214430,2026-04-06,13:40:00,94200,94700,94200,94500,142,13410000,97,45
214430,2026-04-06,13:45:00,94600,94900,94200,94600,126,11920000,62,64
214430,2026-04-06,13:50:00,94200,94400,94000,94000,171,16090000,62,109
214430,2026-04-06,13:55:00,94000,99500,93900,99500,4902,466620000,1881,3021
214430,2026-04-06,14:00:00,94500,94800,93900,94800,3679,347610000,601,3078
214430,2026-04-06,14:05:00,94800,96000,94700,95200,409,38960000,299,110
214430,2026-04-06,14:10:00,95600,96000,95200,95200,163,15580000,95,68
214430,2026-04-06,14:15:00,95200,95700,95000,95200,505,48120000,318,187
214430,2026-04-06,14:20:00,95200,95800,95200,95500,245,23430000,174,71
214430,2026-04-06,14:25:00,95500,95900,95300,95300,299,28580000,117,182
214430,2026-04-06,14:30:00,95400,96300,95400,95500,381,36510000,224,157
214430,2026-04-06,14:35:00,95500,95800,95300,95800,784,74850000,96,688
214430,2026-04-06,14:40:00,95800,95800,95400,95400,163,15570000,57,106
214430,2026-04-06,14:45:00,95700,95700,95300,95300,193,18410000,29,164
214430,2026-04-06,14:50:00,95300,96700,95200,95400,906,86470000,262,644
214430,2026-04-06,14:55:00,95400,95500,95200,95400,292,27860000,121,171
214430,2026-04-06,15:00:00,95400,96200,95300,95700,1677,160340000,1010,667
214430,2026-04-06,15:05:00,95500,95500,95200,95200,532,50710000,156,376
214430,2026-04-06,15:10:00,95200,95600,95200,95400,255,24310000,113,142
214430,2026-04-06,15:15:00,95400,96100,95400,96100,1177,112500000,619,558
214430,2026-04-06,15:20:00,95800,96800,95600,96800,1980,190260000,1221,759
214430,2026-04-06,15:30:00,96500,96500,96500,96500,1120,108080000,1120,0
214430,2026-04-07,09:05:00,95600,95800,93800,95700,1245,117700000,508,737
214430,2026-04-07,09:10:00,95600,95800,95000,95000,561,53490000,184,377
214430,2026-04-07,09:15:00,95500,95500,94500,95100,340,32310000,55,285
214430,2026-04-07,09:20:00,94900,96900,94900,96300,1889,181480000,1234,655
214430,2026-04-07,09:25:00,96100,96300,95800,96000,409,39330000,118,291
214430,2026-04-07,09:30:00,96000,96200,95800,96000,672,64510000,346,326
214430,2026-04-07,09:35:00,96000,96100,95400,95400,632,60450000,149,483
214430,2026-04-07,09:40:00,95200,95500,94900,95000,528,50240000,192,336
214430,2026-04-07,09:45:00,95100,95500,94500,94500,2784,263980000,2312,472
214430,2026-04-07,09:50:00,94800,95600,94700,94900,2402,227910000,2006,396
214430,2026-04-07,09:55:00,95100,95100,94400,94900,2304,217870000,719,1585
214430,2026-04-07,10:00:00,94700,94900,94400,94800,330,31260000,100,230
214430,2026-04-07,10:05:00,94800,94800,93800,94000,1541,145150000,548,993
214430,2026-04-07,10:10:00,94000,94200,92800,92800,2729,255160000,892,1837
214430,2026-04-07,10:15:00,92900,93000,92000,92200,1495,138030000,376,1119
214430,2026-04-07,10:20:00,92200,92700,92000,92200,1949,179660000,712,1237
214430,2026-04-07,10:25:00,92200,92400,91900,91900,1004,92510000,465,539
214430,2026-04-07,10:30:00,92000,92300,91900,92100,575,52910000,149,426
214430,2026-04-07,10:35:00,92300,92600,92100,92500,425,39230000,188,237
214430,2026-04-07,10:40:00,92500,92600,91900,92100,730,67310000,160,570
214430,2026-04-07,10:45:00,92100,92200,91900,92100,533,49010000,153,380
214430,2026-04-07,10:50:00,92100,92300,91900,91900,326,30020000,78,248
214430,2026-04-07,10:55:00,91900,92200,91800,91800,1761,161920000,408,1353
214430,2026-04-07,11:00:00,91800,91800,91500,91700,926,84810000,140,786
214430,2026-04-07,11:05:00,91700,91800,91500,91600,356,32600000,143,213
214430,2026-04-07,11:10:00,91500,91600,91300,91600,1745,159550000,389,1356
214430,2026-04-07,11:15:00,91700,91700,91300,91300,358,32730000,100,258
214430,2026-04-07,11:20:00,91300,91500,91200,91500,591,53920000,314,277
214430,2026-04-07,11:25:00,91500,91600,91200,91600,210,19210000,74,136
214430,2026-04-07,11:30:00,91600,91600,91200,91600,242,22120000,111,131
214430,2026-04-07,11:35:00,91300,91500,91300,91500,159,14550000,41,118
214430,2026-04-07,11:40:00,91500,91500,91500,91500,119,10890000,119,0
214430,2026-04-07,11:45:00,91500,91600,91500,91500,75,6860000,20,55
214430,2026-04-07,11:50:00,91700,91700,91500,91600,193,17690000,147,46
214430,2026-04-07,11:55:00,91500,91700,91500,91500,113,10350000,30,83
214430,2026-04-07,12:00:00,91600,91800,91500,91800,449,41120000,205,244
214430,2026-04-07,12:05:00,91800,92100,91800,92100,94,8630000,28,66
214430,2026-04-07,12:10:00,92100,92100,91600,91600,111,10200000,17,94
214430,2026-04-07,12:15:00,91600,92500,91500,92500,117,10720000,50,67
214430,2026-04-07,12:20:00,91700,92500,91700,91900,474,43530000,133,341
214430,2026-04-07,12:25:00,91800,91900,91800,91800,89,8180000,21,68
214430,2026-04-07,12:30:00,91800,92600,91800,92600,122,11210000,92,30
214430,2026-04-07,12:35:00,92500,92500,92000,92100,24,2210000,22,2
214430,2026-04-07,12:40:00,92000,92200,92000,92000,80,7370000,26,54
214430,2026-04-07,12:45:00,92000,92500,92000,92400,164,15140000,101,63
214430,2026-04-07,12:50:00,92400,92400,92100,92100,162,14940000,8,154
214430,2026-04-07,12:55:00,92200,92700,92100,92400,106,9790000,32,74
214430,2026-04-07,13:00:00,92200,92400,92100,92100,356,32840000,125,231
214430,2026-04-07,13:05:00,92200,92200,92100,92200,49,4520000,6,43
214430,2026-04-07,13:10:00,92200,92200,91800,91900,394,36230000,17,377
214430,2026-04-07,13:15:00,91900,91900,91500,91600,284,26030000,21,263
214430,2026-04-07,13:20:00,91500,91500,91400,91400,250,22860000,2,248
214430,2026-04-07,13:25:00,91500,92500,91300,92000,509,46570000,205,304
214430,2026-04-07,13:30:00,92000,92000,91700,91700,84,7720000,6,78
214430,2026-04-07,13:35:00,91800,91900,91800,91900,65,5960000,36,29
214430,2026-04-07,13:40:00,91900,92100,91700,91700,160,14700000,59,101
214430,2026-04-07,13:45:00,91700,92000,91700,91700,87,7990000,41,46
214430,2026-04-07,13:50:00,91800,91900,91700,91700,48,4400000,12,36
214430,2026-04-07,13:55:00,91700,91800,91700,91800,155,14230000,92,63
214430,2026-04-07,14:00:00,91700,91800,91500,91500,142,13020000,38,104
214430,2026-04-07,14:05:00,91600,92100,91500,91600,237,21720000,115,122
214430,2026-04-07,14:10:00,91600,92000,91600,91800,155,14210000,127,28
214430,2026-04-07,14:15:00,91800,91800,91800,91800,207,19000000,207,0
214430,2026-04-07,14:20:00,91900,92100,91800,92000,168,15440000,22,146
214430,2026-04-07,14:25:00,92000,92100,91900,92000,165,15180000,127,38
214430,2026-04-07,14:30:00,92000,92000,91600,91600,1740,159830000,440,1300
214430,2026-04-07,14:35:00,91600,92000,91600,91800,691,63400000,128,563
214430,2026-04-07,14:40:00,91800,92100,91800,92100,632,58070000,632,0
214430,2026-04-07,14:45:00,92100,92200,91900,92100,71,6540000,25,46
214430,2026-04-07,14:50:00,92000,92500,91900,92300,522,48120000,235,287
214430,2026-04-07,14:55:00,92300,92500,92300,92500,214,19780000,139,75
214430,2026-04-07,15:00:00,92400,93700,92400,93500,900,83770000,652,248
214430,2026-04-07,15:05:00,93600,93800,93100,93700,792,74030000,514,278
214430,2026-04-07,15:10:00,93700,94000,93600,93700,1137,106610000,489,648
214430,2026-04-07,15:15:00,93800,93900,93000,93400,2083,194540000,853,1230
214430,2026-04-07,15:20:00,93000,94500,93000,94500,2072,193830000,1242,830
214430,2026-04-07,15:30:00,93600,93600,93600,93600,1091,102120000,1091,0
214430,2026-04-08,09:05:00,96300,97900,96300,97800,4574,444020000,3129,1445
214430,2026-04-08,09:10:00,97800,98400,97000,97700,1656,161840000,956,700
214430,2026-04-08,09:15:00,97700,99200,97300,99000,3705,365180000,2908,797
214430,2026-04-08,09:20:00,98900,99600,98300,99500,2955,292580000,2033,922
214430,2026-04-08,09:25:00,99600,99600,98400,98700,804,79720000,521,283
214430,2026-04-08,09:30:00,98400,98900,97900,98400,1057,104010000,347,710
214430,2026-04-08,09:35:00,98400,98400,97100,97400,555,54140000,335,220
214430,2026-04-08,09:40:00,97400,97500,97000,97200,369,35900000,156,213
214430,2026-04-08,09:45:00,97200,97400,96900,97200,303,29470000,113,190
214430,2026-04-08,09:50:00,97200,98000,97000,97900,729,71040000,472,257
214430,2026-04-08,09:55:00,97900,98400,97900,98400,385,37770000,239,146
214430,2026-04-08,10:00:00,98400,98400,98000,98100,328,32200000,155,173
214430,2026-04-08,10:05:00,98000,98100,97900,98000,358,35080000,72,286
214430,2026-04-08,10:10:00,98000,98100,97700,98100,642,62890000,216,426
214430,2026-04-08,10:15:00,98100,98300,97800,98300,437,42860000,231,206
214430,2026-04-08,10:20:00,98300,98500,98100,98400,440,43200000,137,303
214430,2026-04-08,10:25:00,98100,98800,98100,98700,377,37160000,276,101
214430,2026-04-08,10:30:00,98800,98900,98100,98800,713,70160000,412,301
214430,2026-04-08,10:35:00,98500,98800,98500,98700,289,28540000,185,104
214430,2026-04-08,10:40:00,98600,99000,98600,99000,1136,112270000,1029,107
214430,2026-04-08,10:45:00,99000,99500,98900,99300,1148,113860000,997,151
214430,2026-04-08,10:50:00,99200,99400,99100,99100,378,37510000,129,249
214430,2026-04-08,10:55:00,99300,99700,98900,98900,1120,111310000,810,310
214430,2026-04-08,11:00:00,98900,99000,98600,98700,377,37220000,136,241
214430,2026-04-08,11:05:00,98800,99300,98800,99000,374,37040000,283,91
214430,2026-04-08,11:10:00,99400,99500,99000,99200,212,21050000,88,124
214430,2026-04-08,11:15:00,99300,99300,98900,98900,529,52410000,88,441
214430,2026-04-08,11:20:00,98700,99200,98700,98700,421,41640000,166,255
214430,2026-04-08,11:25:00,98700,98700,98000,98000,807,79360000,149,658
214430,2026-04-08,11:30:00,98000,98300,98000,98200,75,7370000,49,26
214430,2026-04-08,11:35:00,98400,98500,98200,98500,249,24500000,82,167
214430,2026-04-08,11:40:00,98500,98800,98200,98500,487,47920000,168,319
214430,2026-04-08,11:45:00,98500,98700,98200,98500,242,23800000,70,172
214430,2026-04-08,11:50:00,98500,98500,97800,98500,477,46750000,73,404
214430,2026-04-08,11:55:00,98400,98500,97900,98300,417,40930000,83,334
214430,2026-04-08,12:00:00,98300,98300,97800,97800,225,22010000,49,176
214430,2026-04-08,12:05:00,97800,97900,97500,97500,405,39530000,106,299
214430,2026-04-08,12:10:00,97300,97600,96800,97300,4672,453250000,4290,382
214430,2026-04-08,12:15:00,97800,97800,97300,97800,219,21380000,152,67
214430,2026-04-08,12:20:00,97700,98000,97200,97300,508,49680000,338,170
214430,2026-04-08,12:25:00,97300,97700,97300,97400,257,25070000,154,103
214430,2026-04-08,12:30:00,97400,97400,97200,97300,124,12070000,38,86
214430,2026-04-08,12:35:00,97400,97600,97400,97600,186,18120000,63,123
214430,2026-04-08,12:40:00,97300,97500,97200,97200,252,24540000,124,128
214430,2026-04-08,12:45:00,97300,97400,97100,97100,209,20320000,53,156
214430,2026-04-08,12:50:00,97100,97100,96000,96700,1172,113380000,99,1073
214430,2026-04-08,12:55:00,96800,96800,96300,96500,549,53010000,230,319
214430,2026-04-08,13:00:00,96500,96700,96400,96600,505,48750000,262,243
214430,2026-04-08,13:05:00,96500,97100,96500,96900,363,35150000,217,146
214430,2026-04-08,13:10:00,96900,97400,96900,96900,494,47910000,300,194
214430,2026-04-08,13:15:00,97100,97100,96700,96900,485,46990000,395,90
214430,2026-04-08,13:20:00,96800,96900,96600,96900,640,61980000,407,233
214430,2026-04-08,13:25:00,97000,97500,97000,97400,438,42560000,211,227
214430,2026-04-08,13:30:00,97300,97600,97200,97300,282,27470000,201,81
214430,2026-04-08,13:35:00,97300,97500,97200,97200,291,28330000,125,166
214430,2026-04-08,13:40:00,97200,97300,96900,96900,403,39130000,101,302
214430,2026-04-08,13:45:00,97000,97100,96900,97100,304,29500000,207,97
214430,2026-04-08,13:50:00,97100,97500,97000,97500,172,16720000,167,5
214430,2026-04-08,13:55:00,97500,97700,97200,97600,248,24190000,140,108
214430,2026-04-08,14:00:00,97300,98000,97300,98000,238,23250000,163,75
214430,2026-04-08,14:05:00,97700,97900,96100,96500,1755,169860000,250,1505
214430,2026-04-08,14:10:00,96500,97400,96400,97100,1410,136160000,1175,235
214430,2026-04-08,14:15:00,97100,97300,96900,97100,235,22810000,94,141
214430,2026-04-08,14:20:00,97200,97400,97100,97200,289,28100000,195,94
214430,2026-04-08,14:25:00,97200,97300,96700,96900,282,27360000,135,147
214430,2026-04-08,14:30:00,96900,97300,96700,96800,419,40600000,75,344
214430,2026-04-08,14:35:00,96800,97000,96500,96900,327,31630000,129,198
214430,2026-04-08,14:40:00,96850,96850,96400,96600,733,70780000,219,514
214430,2026-04-08,14:45:00,96200,96700,96200,96600,120,11570000,81,39
214430,2026-04-08,14:50:00,96600,97000,96400,96900,473,45720000,162,311
214430,2026-04-08,14:55:00,97000,97700,97000,97200,773,75280000,428,345
214430,2026-04-08,15:00:00,97200,97800,96800,97400,480,46790000,361,119
214430,2026-04-08,15:05:00,97600,97600,97100,97600,517,50350000,278,239
214430,2026-04-08,15:10:00,97700,97900,97500,97700,919,89750000,691,228
214430,2026-04-08,15:15:00,97800,98000,97500,97500,763,74620000,387,376
214430,2026-04-08,15:20:00,97500,98500,97500,98500,2289,224210000,1281,1008
214430,2026-04-08,15:30:00,98500,98500,98500,98500,2096,206460000,2096,0
214430,2026-04-09,09:05:00,96200,96700,95000,96200,1887,181070000,723,1164
214430,2026-04-09,09:10:00,96100,96500,95500,95700,864,82760000,205,659
214430,2026-04-09,09:15:00,95800,97400,95700,96600,1130,109200000,545,585
214430,2026-04-09,09:20:00,96400,97700,96300,97700,649,63050000,375,274
214430,2026-04-09,09:25:00,97200,97900,97200,97400,379,36910000,181,198
214430,2026-04-09,09:30:00,97300,98400,97000,98000,964,94090000,449,515
214430,2026-04-09,09:35:00,97600,98500,97600,98300,238,23340000,142,96
214430,2026-04-09,09:40:00,98300,98300,97600,97600,244,23860000,94,150
214430,2026-04-09,09:45:00,97600,97700,97200,97300,285,27760000,43,242
214430,2026-04-09,09:50:00,97300,97800,97200,97300,336,32710000,84,252
214430,2026-04-09,09:55:00,97700,97700,97000,97000,382,37130000,147,235
214430,2026-04-09,10:00:00,97000,98000,97000,97700,668,65230000,499,169
214430,2026-04-09,10:05:00,97200,98300,97200,97400,534,52240000,252,282
214430,2026-04-09,10:10:00,97700,98000,97300,97300,466,45480000,173,293
214430,2026-04-09,10:15:00,97300,97700,97100,97700,316,30720000,108,208
214430,2026-04-09,10:20:00,97700,97700,97100,97300,566,55060000,186,380
214430,2026-04-09,10:25:00,97300,97600,97100,97100,437,42450000,78,359
214430,2026-04-09,10:30:00,97100,98000,97100,97300,864,84320000,723,141
214430,2026-04-09,10:35:00,97500,98200,97000,98200,794,77360000,648,146
214430,2026-04-09,10:40:00,97800,97800,97400,97400,233,22720000,88,145
214430,2026-04-09,10:45:00,97400,97800,97300,97400,421,41040000,167,254
214430,2026-04-09,10:50:00,97400,98600,97400,98400,595,58400000,424,171
214430,2026-04-09,10:55:00,98400,99000,98400,98600,822,81190000,378,444
214430,2026-04-09,11:00:00,98600,98700,98300,98500,340,33480000,146,194
214430,2026-04-09,11:05:00,98300,98600,97900,97900,1631,159930000,990,641
214430,2026-04-09,11:10:00,97900,98500,97800,98200,241,23640000,105,136
214430,2026-04-09,11:15:00,98200,98700,98200,98600,176,17340000,101,75
214430,2026-04-09,11:20:00,98600,98900,98500,98500,218,21510000,151,67
214430,2026-04-09,11:25:00,98800,99000,98400,98500,292,28830000,173,119
214430,2026-04-09,11:30:00,98500,98800,98400,98500,160,15790000,104,56
214430,2026-04-09,11:35:00,98500,98700,97500,97500,3943,386290000,3369,574
214430,2026-04-09,11:40:00,97400,97800,97400,97500,193,18840000,39,154
214430,2026-04-09,11:45:00,97500,97900,97300,97600,268,26120000,43,225
214430,2026-04-09,11:50:00,97300,97900,97200,97600,282,27490000,102,180
214430,2026-04-09,11:55:00,97200,97800,97200,97600,144,14030000,60,84
214430,2026-04-09,12:00:00,97200,97800,97200,97300,160,15580000,79,81
214430,2026-04-09,12:05:00,97200,97500,97100,97200,173,16820000,92,81
214430,2026-04-09,12:10:00,97100,97400,97000,97100,369,35840000,128,241
214430,2026-04-09,12:15:00,97100,97200,96800,96900,555,53810000,178,377
214430,2026-04-09,12:20:00,97200,97400,97100,97100,120,11670000,35,85
214430,2026-04-09,12:25:00,97100,97400,96900,96900,399,38720000,93,306
214430,2026-04-09,12:30:00,96900,97200,96800,97000,121,11750000,53,68
214430,2026-04-09,12:35:00,97200,97200,97000,97000,138,13410000,94,44
214430,2026-04-09,12:40:00,97000,97400,97000,97400,285,27670000,103,182
214430,2026-04-09,12:45:00,97400,97400,96900,97300,169,16410000,66,103
214430,2026-04-09,12:50:00,96900,97300,96900,96900,157,15220000,47,110
214430,2026-04-09,12:55:00,97000,97200,96800,97000,183,17750000,65,118
214430,2026-04-09,13:00:00,96900,97200,96800,96800,194,18810000,81,113
214430,2026-04-09,13:05:00,96800,97400,96800,97100,166,16120000,69,97
214430,2026-04-09,13:10:00,96800,97100,96800,96800,187,18130000,120,67
214430,2026-04-09,13:15:00,96900,98100,96900,97900,578,56410000,321,257
214430,2026-04-09,13:20:00,97900,98200,97500,97800,404,39550000,317,87
214430,2026-04-09,13:25:00,97800,98200,97300,97600,389,37950000,113,276
214430,2026-04-09,13:30:00,97900,98100,97400,98000,419,41010000,309,110
214430,2026-04-09,13:35:00,97500,98300,97500,98300,281,27530000,170,111
214430,2026-04-09,13:40:00,98300,98400,98000,98000,811,79700000,111,700
214430,2026-04-09,13:45:00,98000,98200,97900,98200,370,36260000,146,224
214430,2026-04-09,13:50:00,98200,98300,97800,98300,191,18750000,106,85
214430,2026-04-09,13:55:00,98300,98300,97800,98200,197,19310000,83,114
214430,2026-04-09,14:00:00,98100,98200,97700,97900,475,46570000,144,331
214430,2026-04-09,14:05:00,97800,98100,97700,97700,375,36690000,139,236
214430,2026-04-09,14:10:00,97800,97800,97200,97600,327,31930000,139,188
214430,2026-04-09,14:15:00,97800,98000,97400,97900,261,25520000,104,157
214430,2026-04-09,14:20:00,97700,98000,97400,97500,665,64920000,381,284
214430,2026-04-09,14:25:00,97400,97900,97300,97700,441,42990000,231,210
214430,2026-04-09,14:30:00,97700,98500,97600,98500,711,69730000,481,230
214430,2026-04-09,14:35:00,98400,98400,97300,97400,2318,226350000,749,1569
214430,2026-04-09,14:40:00,97500,97600,97200,97200,752,73170000,157,595
214430,2026-04-09,14:45:00,97200,97600,97100,97100,915,88970000,342,573
214430,2026-04-09,14:50:00,97300,97700,97100,97100,851,82730000,462,389
214430,2026-04-09,14:55:00,97200,97400,97000,97000,635,61650000,249,386
214430,2026-04-09,15:00:00,97000,98000,97000,97000,745,72380000,330,415
214430,2026-04-09,15:05:00,97300,97900,96900,97200,606,58990000,359,247
214430,2026-04-09,15:10:00,97200,98000,97100,97400,1399,136350000,1110,289
214430,2026-04-09,15:15:00,97400,97700,97300,97400,1100,107240000,731,369
214430,2026-04-09,15:20:00,97300,98900,97300,98900,1373,134540000,1155,218
214430,2026-04-09,15:30:00,98100,98100,98100,98100,3512,344530000,3512,0
214430,2026-04-10,09:05:00,98500,98700,97400,98200,1535,150510000,504,1031
214430,2026-04-10,09:10:00,98200,99200,98000,99100,720,70860000,401,319
214430,2026-04-10,09:15:00,98400,102000,98400,100900,2983,300980000,1612,1371
214430,2026-04-10,09:20:00,100900,101200,99300,100700,1256,126130000,707,549
214430,2026-04-10,09:25:00,100500,100500,99500,99800,619,61820000,514,105
214430,2026-04-10,09:30:00,99500,100100,99400,100000,432,43180000,377,55
214430,2026-04-10,09:35:00,100000,100300,99900,100300,470,47060000,355,115
214430,2026-04-10,09:40:00,100200,100200,99700,100000,809,80930000,628,181
214430,2026-04-10,09:45:00,99700,99900,99300,99500,232,23090000,73,159
214430,2026-04-10,09:50:00,99500,100000,99000,100000,409,40670000,164,245
214430,2026-04-10,09:55:00,100000,100600,99700,100600,3972,398000000,3799,173
214430,2026-04-10,10:00:00,100700,101200,100200,100600,2250,227010000,2008,242
214430,2026-04-10,10:05:00,100600,100600,99700,100000,931,93200000,326,605
214430,2026-04-10,10:10:00,99900,100000,99500,100000,611,60970000,216,395
214430,2026-04-10,10:15:00,99800,100100,99700,99900,706,70580000,581,125
214430,2026-04-10,10:20:00,99800,100400,98800,98800,6232,617730000,5299,933
214430,2026-04-10,10:25:00,99100,99300,98400,99300,2193,216240000,1741,452
214430,2026-04-10,10:30:00,99300,99300,98700,99000,200,19810000,99,101
214430,2026-04-10,10:35:00,98800,99000,98200,98300,751,74050000,93,658
214430,2026-04-10,10:40:00,98300,99300,98300,98900,247,24320000,176,71
214430,2026-04-10,10:45:00,98400,98600,98300,98400,83,8160000,7,76
214430,2026-04-10,10:50:00,98400,98400,98200,98300,638,62760000,93,545
214430,2026-04-10,10:55:00,98400,99300,98200,98700,277,27260000,194,83
214430,2026-04-10,11:00:00,98700,98800,98600,98800,44,4340000,24,20
214430,2026-04-10,11:05:00,98500,98500,97300,97300,1777,173680000,283,1494
214430,2026-04-10,11:10:00,97300,97300,96600,96700,904,87720000,259,645
214430,2026-04-10,11:15:00,96800,96900,96400,96400,766,74030000,225,541
214430,2026-04-10,11:20:00,96400,96500,96200,96300,600,57790000,149,451
214430,2026-04-10,11:25:00,96200,96800,96000,96100,931,89640000,273,658
214430,2026-04-10,11:30:00,96100,96400,95900,95900,723,69390000,132,591
214430,2026-04-10,11:35:00,95900,96200,95700,96200,1063,101910000,645,418
214430,2026-04-10,11:40:00,96100,96400,96000,96100,387,37200000,180,207
214430,2026-04-10,11:45:00,96200,96200,96000,96100,443,42570000,123,320
214430,2026-04-10,11:50:00,96000,96500,96000,96100,451,43350000,185,266
214430,2026-04-10,11:55:00,96300,96500,96100,96500,544,52370000,290,254
214430,2026-04-10,12:00:00,96300,96700,96200,96400,376,36250000,211,165
214430,2026-04-10,12:05:00,96400,96400,96200,96400,490,47190000,160,330
214430,2026-04-10,12:10:00,96400,96600,96100,96100,833,80080000,140,693
214430,2026-04-10,12:15:00,96100,96100,95900,95900,653,62700000,149,504
214430,2026-04-10,12:20:00,96000,96300,95800,95900,428,41030000,133,295
214430,2026-04-10,12:25:00,95900,95900,95700,95800,622,59570000,91,531
214430,2026-04-10,12:30:00,95700,95900,95200,95300,2308,220310000,532,1776
214430,2026-04-10,12:35:00,95300,95500,95200,95300,426,40590000,106,320
214430,2026-04-10,12:40:00,95300,95600,95200,95500,654,62390000,289,365
214430,2026-04-10,12:45:00,95500,95500,95200,95300,493,46990000,198,295
214430,2026-04-10,12:50:00,95200,95600,95200,95400,538,51290000,270,268
214430,2026-04-10,12:55:00,95400,95700,95300,95700,717,68410000,133,584
214430,2026-04-10,13:00:00,95600,96400,95600,96200,444,42500000,232,212
214430,2026-04-10,13:05:00,95800,95900,95500,95600,439,41960000,84,355
214430,2026-04-10,13:10:00,95500,96100,95300,95300,1282,122490000,197,1085
214430,2026-04-10,13:15:00,95500,95600,95300,95500,536,51150000,173,363
214430,2026-04-10,13:20:00,95500,95600,95300,95500,447,42660000,185,262
214430,2026-04-10,13:25:00,95400,95500,95300,95400,418,39860000,57,361
214430,2026-04-10,13:30:00,95400,95500,95300,95300,420,40040000,166,254
214430,2026-04-10,13:35:00,95400,95400,95200,95300,397,37840000,86,311
214430,2026-04-10,13:40:00,95300,95700,95200,95600,414,39460000,233,181
214430,2026-04-10,13:45:00,95600,95600,95300,95500,408,38940000,163,245
214430,2026-04-10,13:50:00,95500,95900,95400,95900,449,42910000,162,287
214430,2026-04-10,13:55:00,95900,95900,95600,95800,377,36060000,109,268
214430,2026-04-10,14:00:00,95600,95700,95500,95700,429,41000000,156,273
214430,2026-04-10,14:05:00,95600,96000,95500,96000,521,49830000,285,236
214430,2026-04-10,14:10:00,95900,95900,95400,95600,409,39090000,189,220
214430,2026-04-10,14:15:00,95800,95800,95500,95600,440,42080000,212,228
214430,2026-04-10,14:20:00,96000,96400,95700,96200,591,56760000,358,233
214430,2026-04-10,14:25:00,96300,96600,96100,96500,729,70300000,462,267
214430,2026-04-10,14:30:00,96100,96600,96000,96500,552,53140000,318,234
214430,2026-04-10,14:35:00,96500,96800,96200,96400,607,58560000,337,270
214430,2026-04-10,14:40:00,96400,96700,96200,96400,442,42550000,212,230
214430,2026-04-10,14:45:00,96400,96500,96200,96400,540,52010000,153,387
214430,2026-04-10,14:50:00,96300,96700,96300,96500,485,46780000,240,245
214430,2026-04-10,14:55:00,96400,96700,96300,96300,490,47250000,227,263
214430,2026-04-10,15:00:00,96600,96600,96300,96300,1312,126380000,362,950
214430,2026-04-10,15:05:00,96400,96400,95800,95800,1003,96400000,197,806
214430,2026-04-10,15:10:00,96300,96300,95800,95800,756,72440000,121,635
214430,2026-04-10,15:15:00,95800,96600,95800,96100,2044,196540000,1608,436
214430,2026-04-10,15:20:00,96000,96700,95900,96600,2860,275420000,1641,1219
214430,2026-04-10,15:30:00,95200,95200,95200,95200,9216,877360000,9176,0
214430,2026-04-13,09:05:00,97200,98700,96100,97100,2316,225490000,1277,1039
214430,2026-04-13,09:10:00,97100,98500,96600,96600,2287,223160000,924,1363
214430,2026-04-13,09:15:00,97100,97500,96100,96100,1095,105820000,448,647
214430,2026-04-13,09:20:00,96100,97800,95400,95600,1787,171170000,1040,747
214430,2026-04-13,09:25:00,95600,95900,95100,95300,624,59560000,253,371
214430,2026-04-13,09:30:00,95300,95900,95200,95700,510,48790000,263,247
214430,2026-04-13,09:35:00,95700,96600,95600,95700,693,66570000,502,191
214430,2026-04-13,09:40:00,95700,96100,95700,96000,445,42680000,279,166
214430,2026-04-13,09:45:00,96200,96900,96200,96900,542,52310000,470,72
214430,2026-04-13,09:50:00,96700,96900,96000,96900,254,24540000,158,96
214430,2026-04-13,09:55:00,96800,97100,96700,96900,330,31980000,188,142
214430,2026-04-13,10:00:00,96800,96800,96200,96700,159,15350000,70,89
214430,2026-04-13,10:05:00,96700,96700,96100,96400,283,27240000,179,104
214430,2026-04-13,10:10:00,96500,96500,96100,96200,145,13960000,84,61
214430,2026-04-13,10:15:00,96100,96700,96100,96100,220,21160000,52,168
214430,2026-04-13,10:20:00,96100,96700,96100,96400,238,22940000,168,70
214430,2026-04-13,10:25:00,96500,96600,96200,96300,229,22090000,154,75
214430,2026-04-13,10:30:00,96300,96500,96300,96500,106,10210000,47,59
214430,2026-04-13,10:35:00,96500,96700,96300,96600,266,25680000,172,94
214430,2026-04-13,10:40:00,96700,97000,96500,96800,303,29300000,171,132
214430,2026-04-13,10:45:00,96500,97200,96400,97200,322,31200000,247,75
214430,2026-04-13,10:50:00,97100,97200,96400,96600,229,22180000,87,142
214430,2026-04-13,10:55:00,96800,97000,96600,96900,181,17520000,147,34
214430,2026-04-13,11:00:00,96800,97000,96700,96700,220,21300000,63,157
214430,2026-04-13,11:05:00,96700,96800,96600,96600,227,21940000,124,103
214430,2026-04-13,11:10:00,96600,96600,96300,96300,193,18610000,87,106
214430,2026-04-13,11:15:00,96300,96400,96100,96200,130,12520000,53,77
214430,2026-04-13,11:20:00,96400,96700,96300,96400,107,10320000,90,17
214430,2026-04-13,11:25:00,96600,97300,96200,97000,456,44120000,396,60
214430,2026-04-13,11:30:00,96900,97200,96900,97000,124,12020000,51,73
214430,2026-04-13,11:35:00,97100,97500,97000,97500,370,35980000,299,71
214430,2026-04-13,11:40:00,97500,97500,97100,97500,129,12550000,83,46
214430,2026-04-13,11:45:00,97500,98700,97400,98700,3629,357230000,2388,1241
214430,2026-04-13,11:50:00,98200,99800,97900,99500,1774,175990000,1415,359
214430,2026-04-13,11:55:00,99400,100800,99100,100300,2203,220310000,1871,332
214430,2026-04-13,12:00:00,100400,101300,100200,100400,1106,111410000,666,440
214430,2026-04-13,12:05:00,100400,100800,100100,100400,619,62170000,418,201
214430,2026-04-13,12:10:00,100400,101600,100100,101300,2348,237280000,1937,411
214430,2026-04-13,12:15:00,101150,101400,100000,101300,731,73800000,583,148
214430,2026-04-13,12:20:00,101300,102300,100800,101900,3195,325220000,2656,539
214430,2026-04-13,12:25:00,101900,103900,101800,103800,3872,398760000,2884,988
214430,2026-04-13,12:30:00,103800,104500,103400,104100,2640,274930000,1886,754
214430,2026-04-13,12:35:00,103800,106200,103700,105400,4421,465890000,3466,955
214430,2026-04-13,12:40:00,105700,106900,105600,106900,2755,293070000,2080,675
214430,2026-04-13,12:45:00,107000,108000,106200,106200,2141,228930000,1132,1009
214430,2026-04-13,12:50:00,106200,106300,105400,105500,1465,154990000,788,677
214430,2026-04-13,12:55:00,105500,107500,104800,107400,1884,200150000,1508,376
214430,2026-04-13,13:00:00,107400,108400,106800,108200,5634,605190000,3999,1635
214430,2026-04-13,13:05:00,108300,109800,108200,109600,6058,659390000,4334,1724
214430,2026-04-13,13:10:00,109600,110900,108300,108300,6042,663690000,3545,2497
214430,2026-04-13,13:15:00,108600,109700,107300,108000,2932,318690000,1333,1599
214430,2026-04-13,13:20:00,108000,108800,107300,108500,1885,203410000,1401,484
214430,2026-04-13,13:25:00,108300,110000,108200,109600,2299,251600000,1422,877
214430,2026-04-13,13:30:00,109700,110000,108300,108300,1364,149240000,549,815
214430,2026-04-13,13:35:00,108700,108700,107200,107400,1221,131290000,561,660
214430,2026-04-13,13:40:00,107400,107500,106800,106900,1713,183410000,308,1405
214430,2026-04-13,13:45:00,106800,107000,106200,106400,921,98260000,480,441
214430,2026-04-13,13:50:00,106400,107000,106300,106500,373,39740000,194,179
214430,2026-04-13,13:55:00,106400,107600,106100,107500,1664,177460000,1488,176
214430,2026-04-13,14:00:00,107500,107900,107000,107900,355,38190000,311,44
214430,2026-04-13,14:05:00,107900,107900,107500,107700,300,32310000,240,60
214430,2026-04-13,14:10:00,107700,107700,107100,107500,684,73550000,561,123
214430,2026-04-13,14:15:00,107500,107600,106900,107300,431,46220000,271,160
214430,2026-04-13,14:20:00,107200,107700,106500,107300,661,70880000,513,148
214430,2026-04-13,14:25:00,107600,108000,107100,107600,569,61210000,480,89
214430,2026-04-13,14:30:00,107600,107600,106700,106700,1712,183290000,1185,527
214430,2026-04-13,14:35:00,107000,107000,106100,106400,604,64340000,243,361
214430,2026-04-13,14:40:00,106500,107300,106400,106900,361,38610000,262,99
214430,2026-04-13,14:45:00,107100,107300,106400,106700,255,27290000,156,99
214430,2026-04-13,14:50:00,106700,107100,106500,106700,347,37040000,211,136
214430,2026-04-13,14:55:00,106700,107500,106300,106700,945,100990000,664,281
214430,2026-04-13,15:00:00,106800,107300,106800,106800,300,32100000,135,165
214430,2026-04-13,15:05:00,106900,107200,106700,106800,1104,118050000,668,436
214430,2026-04-13,15:10:00,106800,107900,106800,107600,1044,111800000,681,363
214430,2026-04-13,15:15:00,107700,108600,107200,108600,1947,210710000,1275,672
214430,2026-04-13,15:20:00,108700,109000,107900,109000,1793,194870000,1051,742
214430,2026-04-13,15:30:00,108200,108200,108200,108200,3116,337150000,3113,0
214430,2026-04-14,09:05:00,106000,107100,105500,106000,2361,250160000,1674,687
214430,2026-04-14,09:10:00,106500,110000,106000,107900,1774,191410000,1384,390
214430,2026-04-14,09:15:00,107900,108900,107800,108500,1462,158640000,969,493
214430,2026-04-14,09:20:00,108600,109800,108400,108600,2459,267930000,1521,938
214430,2026-04-14,09:25:00,109000,109000,106800,107300,2296,247130000,1249,1047
214430,2026-04-14,09:30:00,107000,107200,106200,106500,1192,127080000,903,289
214430,2026-04-14,09:35:00,106900,107400,106200,106800,898,95670000,507,391
214430,2026-04-14,09:40:00,106700,107500,106700,107200,166,17760000,91,75
214430,2026-04-14,09:45:00,106800,107500,106600,106600,460,49210000,310,150
214430,2026-04-14,09:50:00,106600,107000,106200,106300,795,84570000,457,338
214430,2026-04-14,09:55:00,106400,106600,106400,106400,208,22140000,79,129
214430,2026-04-14,10:00:00,106400,106600,106100,106500,425,45190000,143,282
214430,2026-04-14,10:05:00,106400,106500,106200,106300,378,40200000,229,149
214430,2026-04-14,10:10:00,106400,106600,106000,106100,1080,114750000,268,812
214430,2026-04-14,10:15:00,106100,106450,106100,106400,507,53900000,380,127
214430,2026-04-14,10:20:00,106500,106500,106300,106400,248,26390000,152,96
214430,2026-04-14,10:25:00,106400,106400,105600,105800,1325,140260000,578,747
214430,2026-04-14,10:30:00,105900,105900,105600,105600,339,35830000,90,249
214430,2026-04-14,10:35:00,105700,105800,105300,105700,1365,143850000,89,1276
214430,2026-04-14,10:40:00,105400,105500,105200,105300,1242,130790000,93,1149
214430,2026-04-14,10:45:00,105300,105300,104700,104800,2012,211590000,71,1941
214430,2026-04-14,10:50:00,104800,105300,104800,105300,160,16800000,107,53
214430,2026-04-14,10:55:00,105200,105200,104900,104900,521,54680000,91,430
214430,2026-04-14,11:00:00,105200,105800,105000,105800,235,24780000,99,136
214430,2026-04-14,11:05:00,105900,106100,105300,105300,389,41090000,92,297
214430,2026-04-14,11:10:00,105400,105500,105300,105400,1159,122160000,156,1003
214430,2026-04-14,11:15:00,105400,105400,104900,105000,213,22390000,17,196
214430,2026-04-14,11:20:00,105000,105200,104900,104900,207,21740000,66,141
214430,2026-04-14,11:25:00,105000,105000,104100,104100,1991,208100000,316,1675
214430,2026-04-14,11:30:00,104100,104600,102800,103600,3072,317860000,1884,1188
214430,2026-04-14,11:35:00,103800,104400,103400,103800,213,22080000,67,146
214430,2026-04-14,11:40:00,103900,104300,103700,103900,200,20770000,122,78
214430,2026-04-14,11:45:00,103800,104300,103400,103400,683,70710000,303,380
214430,2026-04-14,11:50:00,103600,104300,103400,104300,232,24080000,59,173
214430,2026-04-14,11:55:00,104200,104400,104100,104400,80,8340000,68,12
214430,2026-04-14,12:00:00,104400,104400,103500,103500,269,27960000,13,256
214430,2026-04-14,12:05:00,103700,104000,103700,104000,241,25030000,69,172
214430,2026-04-14,12:10:00,104000,104300,103700,103800,203,21120000,129,74
214430,2026-04-14,12:15:00,104000,104100,103700,103900,261,27110000,93,168
214430,2026-04-14,12:20:00,103700,103800,103700,103800,109,11310000,80,29
214430,2026-04-14,12:25:00,103800,103900,103700,103800,75,7780000,31,44
214430,2026-04-14,12:30:00,103900,104000,103500,103500,508,52700000,36,472
214430,2026-04-14,12:35:00,103500,103700,103500,103700,230,23810000,86,144
214430,2026-04-14,12:40:00,103700,103800,103200,103200,565,58410000,15,550
214430,2026-04-14,12:45:00,103200,103400,103200,103300,209,21570000,107,102
214430,2026-04-14,12:50:00,103400,103400,103200,103200,381,39360000,67,314
214430,2026-04-14,12:55:00,103200,103400,103100,103200,525,54190000,92,433
214430,2026-04-14,13:00:00,103100,103100,102800,102900,735,75700000,58,677
214430,2026-04-14,13:05:00,102900,102900,102400,102600,668,68540000,114,554
214430,2026-04-14,13:10:00,102700,103300,102600,103100,528,54360000,205,323
214430,2026-04-14,13:15:00,103100,103200,102600,102700,444,45660000,24,420
214430,2026-04-14,13:20:00,102700,102700,102000,102300,1821,186210000,287,1534
214430,2026-04-14,13:25:00,102300,102400,101700,101800,2282,232910000,468,1814
214430,2026-04-14,13:30:00,101800,102000,101700,101900,799,81330000,365,434
214430,2026-04-14,13:35:00,101800,102400,101700,102000,2188,222970000,870,1318
214430,2026-04-14,13:40:00,101900,102000,101400,101600,1108,112640000,310,798
214430,2026-04-14,13:45:00,101600,102000,101500,101500,769,78220000,379,390
214430,2026-04-14,13:50:00,101500,102000,101500,101700,721,73290000,285,436
214430,2026-04-14,13:55:00,101800,101800,101300,101500,1607,163090000,337,1270
214430,2026-04-14,14:00:00,101500,101600,101100,101200,1474,149310000,271,1203
214430,2026-04-14,14:05:00,101400,101400,100800,101100,1052,106250000,193,859
214430,2026-04-14,14:10:00,100900,101100,100600,100800,1033,104150000,450,583
214430,2026-04-14,14:15:00,100700,101000,100200,100300,1672,167960000,522,1150
214430,2026-04-14,14:20:00,100300,100400,100200,100300,1228,123100000,306,922
214430,2026-04-14,14:25:00,100400,101100,100200,100700,1127,113360000,562,565
214430,2026-04-14,14:30:00,100700,101100,100400,100400,1582,159380000,1050,532
214430,2026-04-14,14:35:00,100500,100700,100100,100100,1348,135130000,448,900
214430,2026-04-14,14:40:00,100200,100200,100000,100000,1929,193060000,464,1465
214430,2026-04-14,14:45:00,100000,100200,99900,100000,1535,153520000,202,1333
214430,2026-04-14,14:50:00,99900,100100,99600,100100,1495,149130000,560,935
214430,2026-04-14,14:55:00,100100,101000,99900,101000,1848,184890000,628,1220
214430,2026-04-14,15:00:00,100800,100800,99900,99900,1612,161360000,596,1016
214430,2026-04-14,15:05:00,99900,101000,99600,99700,2449,244830000,1045,1404
214430,2026-04-14,15:10:00,99900,100600,99700,100600,3564,356360000,2278,1286
214430,2026-04-14,15:15:00,100550,101900,100400,101100,4897,493080000,2324,2573
214430,2026-04-14,15:20:00,101200,103500,100700,102800,6388,649330000,3794,2594
214430,2026-04-14,15:30:00,102700,102700,102700,102700,2396,246070000,2391,0
214430,2026-04-15,09:05:00,100600,101900,97000,97800,11351,1128780000,2648,8703
214430,2026-04-15,09:10:00,97400,97700,95600,96200,10440,1007880000,3504,6936
214430,2026-04-15,09:15:00,96200,97500,96100,96500,4029,389730000,1450,2579
214430,2026-04-15,09:20:00,96600,96600,95600,95800,5870,564100000,988,4882
214430,2026-04-15,09:25:00,95800,96200,95500,95800,3236,310030000,750,2486
214430,2026-04-15,09:30:00,95800,96500,95600,95800,4535,435560000,1062,3473
214430,2026-04-15,09:35:00,95800,97000,94300,94600,12934,1228520000,2085,10849
214430,2026-04-15,09:40:00,94600,95100,94200,94300,5445,515180000,1294,4151
214430,2026-04-15,09:45:00,94300,94700,94200,94400,9027,851990000,2429,6598
214430,2026-04-15,09:50:00,94400,95900,94300,95100,2555,242360000,1442,1113
214430,2026-04-15,09:55:00,95000,95100,94400,94600,3289,311240000,746,2543
214430,2026-04-15,10:00:00,94700,95000,94400,95000,4004,378920000,755,3249
214430,2026-04-15,10:05:00,94800,95400,94700,95200,2335,221780000,756,1579
214430,2026-04-15,10:10:00,95200,95200,94800,94800,1674,158960000,510,1164
214430,2026-04-15,10:15:00,94800,95100,94500,94600,2171,205690000,479,1692
214430,2026-04-15,10:20:00,94600,96100,94400,94600,6188,585610000,1235,4953
214430,2026-04-15,10:25:00,94600,94600,94100,94300,5765,543900000,1015,4750
214430,2026-04-15,10:30:00,94300,94500,94100,94300,1763,166180000,402,1361
214430,2026-04-15,10:35:00,94400,94700,94200,94600,1496,141230000,448,1048
214430,2026-04-15,10:40:00,94600,94700,94200,94600,2189,206570000,421,1768
214430,2026-04-15,10:45:00,94600,94700,94400,94400,965,91150000,221,744
214430,2026-04-15,10:50:00,94400,94400,94200,94300,2164,204030000,629,1535
214430,2026-04-15,10:55:00,94300,94400,94200,94200,1089,102670000,231,858
214430,2026-04-15,11:00:00,94200,94600,94200,94400,1545,145630000,291,1254
214430,2026-04-15,11:05:00,94400,94600,94400,94400,1004,94810000,191,813
214430,2026-04-15,11:10:00,94500,94600,94300,94300,1479,139500000,196,1283
214430,2026-04-15,11:15:00,94300,94300,94000,94100,3177,299100000,301,2876
214430,2026-04-15,11:20:00,94200,94400,94000,94200,2621,246750000,943,1678
214430,2026-04-15,11:25:00,94200,94300,94000,94000,1772,166720000,272,1500
214430,2026-04-15,11:30:00,94100,94100,94000,94100,1431,134580000,713,718
214430,2026-04-15,11:35:00,94100,94100,93800,94100,3779,355060000,381,3398
214430,2026-04-15,11:40:00,94100,95200,93800,95100,1476,139120000,793,683
214430,2026-04-15,11:45:00,94300,95100,94000,94200,1307,123060000,360,947
214430,2026-04-15,11:50:00,94200,94300,94100,94100,953,89720000,143,810
214430,2026-04-15,11:55:00,94200,94800,94100,94800,1251,117850000,499,752
214430,2026-04-15,12:00:00,94300,94800,94200,94400,1726,162900000,596,1130
214430,2026-04-15,12:05:00,94300,94500,94300,94400,854,80600000,229,625
214430,2026-04-15,12:10:00,94500,94900,94500,94700,1251,118360000,783,468
214430,2026-04-15,12:15:00,94600,94800,94500,94700,1025,97040000,406,619
214430,2026-04-15,12:20:00,94700,94900,94600,94700,866,82010000,218,648
214430,2026-04-15,12:25:00,94800,95100,94700,95000,1050,99570000,594,456
214430,2026-04-15,12:30:00,95000,95700,95000,95700,2442,232950000,2111,331
214430,2026-04-15,12:35:00,95500,95800,95100,95100,644,61380000,110,534
214430,2026-04-15,12:40:00,95100,95500,95000,95200,1342,127640000,614,728
214430,2026-04-15,12:45:00,95200,96000,95200,95300,1060,101230000,707,353
214430,2026-04-15,12:50:00,95200,95400,95100,95100,1279,121870000,632,647
214430,2026-04-15,12:55:00,95200,95700,95000,95300,1996,190430000,1450,546
214430,2026-04-15,13:00:00,95300,95600,95100,95400,903,86080000,363,540
214430,2026-04-15,13:05:00,95200,95800,95200,95800,1024,97770000,684,340
214430,2026-04-15,13:10:00,95700,95800,95500,95700,861,82330000,318,543
214430,2026-04-15,13:15:00,95600,95900,95100,95800,2128,203140000,540,1588
214430,2026-04-15,13:20:00,95400,95700,95200,95400,986,94060000,713,273
214430,2026-04-15,13:25:00,95400,95600,95200,95200,743,70840000,401,342
214430,2026-04-15,13:30:00,95200,95500,95200,95400,802,76440000,337,465
214430,2026-04-15,13:35:00,95400,95900,95200,95900,1245,118950000,1115,130
214430,2026-04-15,13:40:00,95700,95900,95500,95700,756,72320000,568,188
214430,2026-04-15,13:45:00,95700,95900,95500,95500,1907,182260000,553,1354
214430,2026-04-15,13:50:00,95500,95600,95200,95300,803,76590000,496,307
214430,2026-04-15,13:55:00,95300,95400,95000,95100,1519,144540000,358,1161
214430,2026-04-15,14:00:00,95100,95400,95000,95300,828,78740000,327,501
214430,2026-04-15,14:05:00,95300,95500,95100,95300,1103,105090000,521,582
214430,2026-04-15,14:10:00,95500,96400,95200,96100,2742,262840000,2210,532
214430,2026-04-15,14:15:00,96200,96300,95900,96300,1208,116120000,937,271
214430,2026-04-15,14:20:00,96200,96300,95700,96200,1014,97300000,715,299
214430,2026-04-15,14:25:00,96200,96200,95500,95500,1129,108180000,730,399
214430,2026-04-15,14:30:00,95900,96100,95500,96000,971,93000000,817,154
214430,2026-04-15,14:35:00,96000,96100,95500,95700,1110,106270000,817,293
214430,2026-04-15,14:40:00,95600,95900,95400,95600,1067,102050000,539,528
214430,2026-04-15,14:45:00,95600,95900,95400,95600,1145,109370000,675,470
214430,2026-04-15,14:50:00,95600,95900,95400,95500,1236,118120000,529,707
214430,2026-04-15,14:55:00,95400,95400,95200,95300,1687,160800000,478,1209
214430,2026-04-15,15:00:00,95200,95700,95200,95600,1257,119890000,668,589
214430,2026-04-15,15:05:00,95600,96000,95500,96000,1349,129270000,859,490
214430,2026-04-15,15:10:00,95900,96400,95900,96100,1844,177170000,1310,534
214430,2026-04-15,15:15:00,96200,97000,96200,96600,2816,271690000,2130,686
214430,2026-04-15,15:20:00,96500,97200,96500,97100,3549,343530000,2129,1420
214430,2026-04-15,15:30:00,96700,96700,96700,96700,2209,213600000,2202,0
214430,2026-04-16,09:05:00,96300,97500,96000,97200,1354,130710000,913,441
214430,2026-04-16,09:10:00,97300,97500,96800,97200,1996,193750000,1320,676
214430,2026-04-16,09:15:00,97200,98500,97000,97000,3500,342160000,2893,607
214430,2026-04-16,09:20:00,97000,97800,97000,97700,535,52100000,434,101
214430,2026-04-16,09:25:00,97800,98000,96400,96700,2746,266970000,1172,1574
214430,2026-04-16,09:30:00,96600,96900,96300,96800,1176,113620000,513,663
214430,2026-04-16,09:35:00,96700,96900,96600,96800,974,94220000,412,562
214430,2026-04-16,09:40:00,96800,97000,96500,96500,1181,114240000,400,781
214430,2026-04-16,09:45:00,96600,97100,96600,96800,889,86130000,570,319
214430,2026-04-16,09:50:00,96700,96800,96500,96500,1097,105990000,480,617
214430,2026-04-16,09:55:00,96700,96700,96500,96600,911,88000000,332,579
214430,2026-04-16,10:00:00,96600,96900,96600,96700,977,94460000,533,444
214430,2026-04-16,10:05:00,96700,97800,96700,97400,2007,195630000,1684,323
214430,2026-04-16,10:10:00,97300,97400,96900,97400,1042,101190000,673,369
214430,2026-04-16,10:15:00,97400,98200,97100,97400,3123,305340000,2721,402
214430,2026-04-16,10:20:00,97400,97800,97200,97400,903,87960000,595,308
214430,2026-04-16,10:25:00,97400,97700,97100,97200,1009,98210000,413,596
214430,2026-04-16,10:30:00,97300,97300,96900,97100,1233,119680000,485,748
214430,2026-04-16,10:35:00,97000,97500,97000,97100,872,84650000,487,385
214430,2026-04-16,10:40:00,97100,97200,96900,97200,809,78530000,701,108
214430,2026-04-16,10:45:00,97100,97200,96900,97000,927,89960000,622,305
214430,2026-04-16,10:50:00,96900,97100,96800,96800,809,78370000,235,574
214430,2026-04-16,10:55:00,96900,97100,96500,96600,3429,331750000,1315,2114
214430,2026-04-16,11:00:00,96600,96600,96200,96200,1148,110570000,228,920
214430,2026-04-16,11:05:00,96200,96400,96200,96200,800,76990000,241,559
214430,2026-04-16,11:10:00,96200,96400,96100,96200,766,73700000,143,623
214430,2026-04-16,11:15:00,96300,96300,96100,96100,701,67420000,163,538
214430,2026-04-16,11:20:00,96200,96300,96100,96100,854,82100000,247,607
214430,2026-04-16,11:25:00,96100,96300,96100,96200,993,95460000,314,679
214430,2026-04-16,11:30:00,96100,96400,96000,96100,882,84750000,280,602
214430,2026-04-16,11:35:00,96000,96300,96000,96200,752,72300000,386,366
214430,2026-04-16,11:40:00,96100,96400,96100,96200,852,81940000,302,550
214430,2026-04-16,11:45:00,96200,96500,96100,96100,1517,145930000,286,1231
214430,2026-04-16,11:50:00,96100,96200,96000,96000,1129,108430000,415,714
214430,2026-04-16,11:55:00,96100,96200,95900,96000,769,73840000,167,602
214430,2026-04-16,12:00:00,95900,96000,95700,95800,1154,110590000,165,989
214430,2026-04-16,12:05:00,95700,96100,95700,95900,781,74840000,473,308
214430,2026-04-16,12:10:00,95900,96000,95800,96000,846,81100000,154,692
214430,2026-04-16,12:15:00,95900,96200,95700,96100,1456,139480000,533,923
214430,2026-04-16,12:20:00,96000,96000,95700,95800,599,57380000,332,267
214430,2026-04-16,12:25:00,95700,96000,95700,95900,896,85820000,608,288
214430,2026-04-16,12:30:00,95900,96200,95700,95800,688,65960000,483,205
214430,2026-04-16,12:35:00,95800,96400,95700,96000,879,84350000,634,245
214430,2026-04-16,12:40:00,96100,96500,95900,96200,1123,108080000,673,450
214430,2026-04-16,12:45:00,96200,96500,96100,96200,890,85660000,699,191
214430,2026-04-16,12:50:00,96200,97000,96100,97000,1332,128620000,1110,222
214430,2026-04-16,12:55:00,97000,97100,96500,96500,852,82470000,615,237
214430,2026-04-16,13:00:00,96800,96800,96200,96600,683,65830000,396,287
214430,2026-04-16,13:05:00,96400,96500,96100,96100,1242,119530000,357,885
214430,2026-04-16,13:10:00,96100,96200,96000,96100,954,91660000,447,507
214430,2026-04-16,13:15:00,96100,96300,95900,96300,889,85400000,496,393
214430,2026-04-16,13:20:00,96300,96400,95900,96200,867,83350000,518,349
214430,2026-04-16,13:25:00,96400,96500,96000,96100,1022,98360000,686,336
214430,2026-04-16,13:30:00,96200,96300,95900,96000,902,86610000,428,474
214430,2026-04-16,13:35:00,96000,96300,95900,96100,933,89600000,509,424
214430,2026-04-16,13:40:00,96100,96600,96100,96500,921,88720000,576,345
214430,2026-04-16,13:45:00,96500,97000,96200,96200,1632,157630000,1436,196
214430,2026-04-16,13:50:00,96200,96700,96200,96500,818,78860000,526,292
214430,2026-04-16,13:55:00,96600,96600,96000,96100,811,78040000,366,445
214430,2026-04-16,14:00:00,96200,96200,95900,95900,868,83350000,268,600
214430,2026-04-16,14:05:00,96000,96000,95800,95800,1448,138810000,138,1310
214430,2026-04-16,14:10:00,95800,95900,95700,95900,1337,128040000,288,1049
214430,2026-04-16,14:15:00,95700,95800,95600,95600,1396,133530000,539,857
214430,2026-04-16,14:20:00,95600,95700,95500,95700,795,75950000,151,644
214430,2026-04-16,14:25:00,95600,95800,95500,95600,912,87140000,279,633
214430,2026-04-16,14:30:00,95500,95800,95400,95500,1108,105790000,352,756
214430,2026-04-16,14:35:00,95600,95700,95400,95400,1029,98260000,473,556
214430,2026-04-16,14:40:00,95400,95600,95400,95500,1233,117760000,610,623
214430,2026-04-16,14:45:00,95500,95600,95300,95500,964,91980000,283,681
214430,2026-04-16,14:50:00,95400,95600,95300,95400,990,94370000,171,819
214430,2026-04-16,14:55:00,95300,95900,95200,95200,2637,251700000,1225,1412
214430,2026-04-16,15:00:00,95200,95300,95000,95100,3599,342180000,357,3242
214430,2026-04-16,15:05:00,95100,95300,94900,94900,3715,353220000,938,2777
214430,2026-04-16,15:10:00,95000,95100,94800,95000,3425,325060000,1290,2135
214430,2026-04-16,15:15:00,94900,95500,94700,95500,4524,429890000,1976,2548
214430,2026-04-16,15:20:00,95500,96400,95100,96300,8220,786650000,5283,2937
214430,2026-04-16,15:30:00,96400,96400,96400,96400,2113,203690000,2113,0
214430,2026-04-17,09:05:00,96500,96800,95900,96300,1557,150060000,501,1056
214430,2026-04-17,09:10:00,96200,96200,95500,95500,1413,135400000,232,1181
214430,2026-04-17,09:15:00,95700,96000,95500,96000,477,45670000,203,274
214430,2026-04-17,09:20:00,96000,96000,95900,96000,157,15060000,123,34
214430,2026-04-17,09:25:00,96000,96000,95900,96000,212,20350000,125,87
214430,2026-04-17,09:30:00,95900,96900,95900,96700,1961,189410000,1102,859
214430,2026-04-17,09:35:00,96700,97000,96600,96900,2097,202930000,1822,275
214430,2026-04-17,09:40:00,97000,97100,96900,96900,973,94400000,733,240
214430,2026-04-17,09:45:00,97000,97000,96700,96900,562,54430000,418,144
214430,2026-04-17,09:50:00,96900,97000,96700,96700,753,72950000,534,219
214430,2026-04-17,09:55:00,96800,97400,96700,97200,2207,214070000,1431,776
214430,2026-04-17,10:00:00,97400,98000,97200,97800,1820,177940000,1531,289
214430,2026-04-17,10:05:00,97800,97900,97200,97500,470,45890000,59,411
214430,2026-04-17,10:10:00,97500,97600,97300,97300,412,40170000,61,351
214430,2026-04-17,10:15:00,97300,97500,97000,97200,504,48970000,200,304
214430,2026-04-17,10:20:00,97300,97700,97300,97500,642,62600000,442,200
214430,2026-04-17,10:25:00,97500,97600,97000,97500,777,75520000,274,503
214430,2026-04-17,10:30:00,97100,97800,97100,97800,1217,118710000,1138,79
214430,2026-04-17,10:35:00,97800,97900,97600,97600,490,47930000,365,125
214430,2026-04-17,10:40:00,97600,97800,97500,97600,334,32570000,56,278
214430,2026-04-17,10:45:00,97600,98800,97600,98300,2783,273500000,2635,148
214430,2026-04-17,10:50:00,98200,98300,97800,98200,462,45300000,313,149
214430,2026-04-17,10:55:00,98100,98300,98000,98300,271,26600000,235,36
214430,2026-04-17,11:00:00,98400,98900,98300,98300,766,75560000,619,147
214430,2026-04-17,11:05:00,98500,99000,98500,98900,896,88500000,718,178
214430,2026-04-17,11:10:00,99000,99500,99000,99100,1479,146750000,1196,283
214430,2026-04-17,11:15:00,99100,99300,99100,99200,691,68520000,389,302
214430,2026-04-17,11:20:00,99200,99400,99000,99000,436,43220000,102,334
214430,2026-04-17,11:25:00,99100,99900,99000,99400,1988,197690000,1472,516
214430,2026-04-17,11:30:00,99400,99700,99200,99200,341,33890000,104,237
214430,2026-04-17,11:35:00,99200,99500,99200,99400,367,36460000,247,120
214430,2026-04-17,11:40:00,99500,99700,99400,99400,523,52070000,361,162
214430,2026-04-17,11:45:00,99300,99400,99200,99400,152,15100000,100,52
214430,2026-04-17,11:50:00,99300,99300,99200,99200,270,26790000,138,132
214430,2026-04-17,11:55:00,99200,99300,99100,99100,170,16860000,28,142
214430,2026-04-17,12:00:00,99000,99200,99000,99000,808,80060000,390,418
214430,2026-04-17,12:05:00,99200,99200,98800,98900,471,46560000,119,352
214430,2026-04-17,12:10:00,98900,99000,98000,98500,3370,331870000,2738,632
214430,2026-04-17,12:15:00,98500,98900,98500,98900,298,29410000,168,130
214430,2026-04-17,12:20:00,98900,98900,98500,98700,102,10060000,26,76
214430,2026-04-17,12:25:00,98500,98700,98200,98600,102,10050000,26,76
214430,2026-04-17,12:30:00,98600,98700,98400,98600,222,21880000,173,49
214430,2026-04-17,12:35:00,98600,98700,98300,98300,233,22930000,57,176
214430,2026-04-17,12:40:00,98300,98600,98200,98200,141,13860000,23,118
214430,2026-04-17,12:45:00,98200,98400,98100,98100,249,24460000,112,137
214430,2026-04-17,12:50:00,98100,98300,98100,98300,441,43280000,35,406
214430,2026-04-17,12:55:00,98300,98400,98100,98400,75,7370000,48,27
214430,2026-04-17,13:00:00,98200,98400,98200,98200,62,6090000,12,50
214430,2026-04-17,13:05:00,98200,98400,98100,98400,360,35350000,151,209
214430,2026-04-17,13:10:00,98400,98400,98000,98000,181,17760000,3,178
214430,2026-04-17,13:15:00,98200,98200,97800,97900,756,74080000,45,711
214430,2026-04-17,13:20:00,97900,98200,97900,98100,200,19600000,195,5
214430,2026-04-17,13:25:00,98200,98600,98100,98600,718,70570000,612,106
214430,2026-04-17,13:30:00,98500,98500,98000,98300,324,31830000,260,64
214430,2026-04-17,13:35:00,98300,98400,98100,98300,258,25340000,81,177
214430,2026-04-17,13:40:00,98300,98400,97900,97900,341,33470000,166,175
214430,2026-04-17,13:45:00,98000,98300,97800,98300,137,13410000,72,65
214430,2026-04-17,13:50:00,98300,98300,97900,97900,61,5990000,48,13
214430,2026-04-17,13:55:00,97900,98000,97900,98000,54,5280000,46,8
214430,2026-04-17,14:00:00,98000,98100,97800,97800,153,14980000,36,117
214430,2026-04-17,14:05:00,98100,98100,97700,97800,320,31320000,63,257
214430,2026-04-17,14:10:00,97800,97900,97800,97800,119,11640000,78,41
214430,2026-04-17,14:15:00,97800,97900,97700,97900,123,12040000,49,74
214430,2026-04-17,14:20:00,98000,98000,97900,97900,55,5380000,18,37
214430,2026-04-17,14:25:00,97900,98000,97800,97800,151,14780000,68,83
214430,2026-04-17,14:30:00,97700,98100,97700,98000,429,42020000,238,191
214430,2026-04-17,14:35:00,97800,98000,97700,98000,810,79240000,154,656
214430,2026-04-17,14:40:00,98000,98000,97800,97800,129,12620000,66,63
214430,2026-04-17,14:45:00,97800,97900,97700,97800,271,26490000,79,192
214430,2026-04-17,14:50:00,97900,98000,97700,97700,496,48560000,455,41
214430,2026-04-17,14:55:00,97800,97800,97600,97600,220,21490000,68,152
214430,2026-04-17,15:00:00,97650,98000,97600,97700,386,37710000,88,298
214430,2026-04-17,15:05:00,97700,97900,97600,97900,227,22190000,100,127
214430,2026-04-17,15:10:00,97900,98000,97700,97700,596,58250000,152,444
214430,2026-04-17,15:15:00,97800,97900,97600,97600,335,32730000,163,172
214430,2026-04-17,15:20:00,97600,98100,97600,98100,1643,160890000,1375,268
214430,2026-04-17,15:30:00,98100,98100,98100,98100,1352,132620000,1330,0
214430,2026-04-20,09:05:00,97900,97900,96700,96800,1333,129550000,545,788
214430,2026-04-20,09:10:00,96800,97700,96700,97700,744,72180000,289,455
214430,2026-04-20,09:15:00,97300,97900,96800,97900,1201,117000000,785,416
214430,2026-04-20,09:20:00,97900,98300,97600,98000,569,55780000,240,329
214430,2026-04-20,09:25:00,97800,98100,97600,98000,373,36500000,271,102
214430,2026-04-20,09:30:00,98000,98000,97500,97600,68,6640000,29,39
214430,2026-04-20,09:35:00,97600,97800,97600,97800,186,18170000,153,33
214430,2026-04-20,09:40:00,97800,98100,97600,98100,391,38280000,303,88
214430,2026-04-20,09:45:00,98100,98100,97600,97600,385,37640000,178,207
214430,2026-04-20,09:50:00,97700,98400,97600,98400,349,34200000,254,95
214430,2026-04-20,09:55:00,98400,98900,98100,98800,891,87930000,513,378
214430,2026-04-20,10:00:00,98700,98700,98100,98600,419,41230000,257,162
214430,2026-04-20,10:05:00,98500,100600,98500,100500,3100,309670000,2274,826
214430,2026-04-20,10:10:00,100400,100500,99700,100000,1310,131150000,682,628
214430,2026-04-20,10:15:00,100000,100300,99800,100100,799,79980000,660,139
214430,2026-04-20,10:20:00,100000,100000,99600,99600,459,45810000,61,398
214430,2026-04-20,10:25:00,99600,99700,99300,99400,627,62320000,343,284
214430,2026-04-20,10:30:00,99300,99900,99200,99800,480,47700000,372,108
214430,2026-04-20,10:35:00,99800,100400,99800,100300,1720,172160000,1462,258
214430,2026-04-20,10:40:00,100300,100900,100200,100900,1897,190790000,1543,354
214430,2026-04-20,10:45:00,100600,100800,100200,100300,209,20970000,65,144
214430,2026-04-20,10:50:00,100200,100600,100200,100300,318,31960000,178,140
214430,2026-04-20,10:55:00,100300,100300,100000,100100,230,23050000,37,193
214430,2026-04-20,11:00:00,99900,100200,99800,100200,280,27990000,78,202
214430,2026-04-20,11:05:00,100200,100200,99800,100000,292,29160000,48,244
214430,2026-04-20,11:10:00,99900,99900,99600,99700,300,29910000,33,267
214430,2026-04-20,11:15:00,99700,99700,99100,99100,100,9950000,31,69
214430,2026-04-20,11:20:00,99500,99600,99200,99300,463,45980000,208,255
214430,2026-04-20,11:25:00,99300,99800,99300,99800,241,23990000,178,63
214430,2026-04-20,11:30:00,99800,100700,99800,100400,1351,135640000,836,515
214430,2026-04-20,11:35:00,100400,100400,100100,100200,57,5710000,26,31
214430,2026-04-20,11:40:00,100200,100200,99700,99800,730,73010000,332,398
214430,2026-04-20,11:45:00,99900,99900,99700,99800,163,16270000,44,119
214430,2026-04-20,11:50:00,99700,100000,99600,99600,114,11360000,18,96
214430,2026-04-20,11:55:00,99700,99700,99400,99600,318,31660000,155,163
214430,2026-04-20,12:00:00,99600,99600,99400,99400,212,21080000,17,195
214430,2026-04-20,12:05:00,99400,99400,99100,99100,297,29470000,17,280
214430,2026-04-20,12:10:00,99200,99200,99100,99200,101,10020000,96,5
214430,2026-04-20,12:15:00,99100,99600,99100,99600,252,25050000,171,81
214430,2026-04-20,12:20:00,99700,100000,99700,100000,305,30450000,89,216
214430,2026-04-20,12:25:00,100000,100200,100000,100100,839,83930000,647,192
214430,2026-04-20,12:30:00,100200,100200,100000,100000,144,14410000,26,118
214430,2026-04-20,12:35:00,100000,100000,99800,99800,137,13680000,8,129
214430,2026-04-20,12:40:00,99900,99900,99700,99800,191,19060000,2,189
214430,2026-04-20,12:45:00,99700,99700,99600,99600,163,16250000,51,112
214430,2026-04-20,12:50:00,99600,99600,99200,99200,209,20770000,18,191
214430,2026-04-20,12:55:00,99200,99300,99000,99200,1279,126720000,448,831
214430,2026-04-20,13:00:00,99100,99500,98900,99400,239,23710000,19,220
214430,2026-04-20,13:05:00,99400,99600,99000,99200,512,50850000,326,186
214430,2026-04-20,13:10:00,99200,99300,98500,98500,487,48120000,39,448
214430,2026-04-20,13:15:00,98500,98700,98200,98400,585,57560000,194,391
214430,2026-04-20,13:20:00,98500,100000,98500,100000,1870,185780000,942,928
214430,2026-04-20,13:25:00,99800,100100,98800,99600,2130,212550000,901,1229
214430,2026-04-20,13:30:00,99700,100700,99700,100700,3885,389900000,3556,329
214430,2026-04-20,13:35:00,100400,100800,99900,100200,954,95880000,794,160
214430,2026-04-20,13:40:00,100400,102800,100200,102800,5895,597470000,5584,311
214430,2026-04-20,13:45:00,102600,103600,101400,103000,6321,650600000,3761,2560
214430,2026-04-20,13:50:00,103200,104500,102600,103800,3494,361920000,3142,352
214430,2026-04-20,13:55:00,103900,104200,103000,103100,1654,171100000,801,853
214430,2026-04-20,14:00:00,103000,103700,103000,103400,1314,135700000,1006,308
214430,2026-04-20,14:05:00,103400,103400,102800,103000,755,77840000,219,536
214430,2026-04-20,14:10:00,102800,102900,102500,102500,739,75840000,248,491
214430,2026-04-20,14:15:00,102500,103200,102400,102700,618,63470000,435,183
214430,2026-04-20,14:20:00,102900,103200,102500,103200,488,50210000,358,130
214430,2026-04-20,14:25:00,103100,103100,102500,102800,704,72320000,479,225
214430,2026-04-20,14:30:00,102800,103200,102300,102400,803,82500000,243,560
214430,2026-04-20,14:35:00,102300,103200,102100,102200,687,70510000,499,188
214430,2026-04-20,14:40:00,102800,102900,102200,102200,926,95060000,757,169
214430,2026-04-20,14:45:00,102800,103000,102100,102200,699,71670000,521,178
214430,2026-04-20,14:50:00,102600,102600,102000,102100,659,67300000,201,458
214430,2026-04-20,14:55:00,102200,102200,101500,101900,566,57600000,347,219
214430,2026-04-20,15:00:00,101800,102300,101700,102000,491,50110000,169,322
214430,2026-04-20,15:05:00,102000,102100,101300,101300,1227,124620000,224,1003
214430,2026-04-20,15:10:00,101900,103300,101300,103000,4295,439920000,2753,1542
214430,2026-04-20,15:15:00,102500,103000,101900,102700,1336,136810000,1137,199
214430,2026-04-20,15:20:00,102700,103000,102200,103000,923,94790000,612,311
214430,2026-04-20,15:30:00,102900,102900,102900,102900,1420,146110000,1418,0
214430,2026-04-21,09:05:00,103900,103900,101500,102400,1822,187150000,499,1323
214430,2026-04-21,09:10:00,102200,102400,101700,101900,436,44510000,139,297
214430,2026-04-21,09:15:00,102300,102300,100700,101000,1165,118070000,237,928
214430,2026-04-21,09:20:00,101000,101000,99300,100000,3292,329190000,768,2524
214430,2026-04-21,09:25:00,100000,101000,99700,100400,1447,144680000,300,1147
214430,2026-04-21,09:30:00,100600,102200,99900,101800,2099,212210000,1362,737
214430,2026-04-21,09:35:00,101800,102100,101300,101400,1304,132630000,971,333
214430,2026-04-21,09:40:00,101800,102200,101400,101800,850,86640000,591,259
214430,2026-04-21,09:45:00,101900,101900,101300,101400,692,70370000,202,490
214430,2026-04-21,09:50:00,101400,101600,101200,101500,745,75520000,173,572
214430,2026-04-21,09:55:00,101200,101600,100400,100800,840,84740000,417,423
214430,2026-04-21,10:00:00,101100,101600,100800,101100,511,51700000,288,223
214430,2026-04-21,10:05:00,101100,104300,101100,103300,2572,263770000,2009,563
214430,2026-04-21,10:10:00,103100,103100,101800,101900,333,34010000,248,85
214430,2026-04-21,10:15:00,102000,102500,101000,101000,418,42630000,114,304
214430,2026-04-21,10:20:00,101000,101400,100700,100800,758,76520000,397,361
214430,2026-04-21,10:25:00,100900,101300,100400,100800,362,36450000,193,169
214430,2026-04-21,10:30:00,100800,101000,100500,100700,752,75740000,204,548
214430,2026-04-21,10:35:00,100700,101500,100700,101100,467,47140000,256,211
214430,2026-04-21,10:40:00,100700,101300,100600,100700,511,51500000,282,229
214430,2026-04-21,10:45:00,100800,101300,100600,101200,591,59560000,361,230
214430,2026-04-21,10:50:00,101200,101200,100400,100700,615,61990000,198,417
214430,2026-04-21,10:55:00,100700,101100,100200,100900,812,81830000,396,416
214430,2026-04-21,11:00:00,100600,101200,100100,100100,644,64690000,225,419
214430,2026-04-21,11:05:00,100200,100900,100100,100400,385,38590000,244,141
214430,2026-04-21,11:10:00,100300,100700,99800,100600,1824,182500000,548,1276
214430,2026-04-21,11:15:00,100600,100600,100000,100100,502,50280000,292,210
214430,2026-04-21,11:20:00,100200,100600,100000,100300,673,67370000,347,326
214430,2026-04-21,11:25:00,100000,100500,99900,100500,559,56000000,295,264
214430,2026-04-21,11:30:00,100400,100500,99900,100200,658,65880000,377,281
214430,2026-04-21,11:35:00,100200,100800,99900,100400,516,51680000,358,158
214430,2026-04-21,11:40:00,99900,100700,99900,100000,631,63140000,369,262
214430,2026-04-21,11:45:00,100100,100800,99900,100300,581,58140000,200,381
214430,2026-04-21,11:50:00,100000,100300,99800,100200,486,48590000,106,380
214430,2026-04-21,11:55:00,99900,100500,99800,99900,550,54970000,201,349
214430,2026-04-21,12:00:00,99900,100500,99900,100000,473,47320000,250,223
214430,2026-04-21,12:05:00,100400,100500,99900,100400,407,40750000,250,157
214430,2026-04-21,12:10:00,100300,100500,99800,100400,638,63860000,387,251
214430,2026-04-21,12:15:00,100100,100600,99900,100000,1053,105540000,784,269
214430,2026-04-21,12:20:00,100400,100500,99900,100000,418,41840000,211,207
214430,2026-04-21,12:25:00,100300,100600,99900,100200,574,57470000,305,269
214430,2026-04-21,12:30:00,100200,100200,99900,99900,373,37290000,132,241
214430,2026-04-21,12:35:00,99900,100200,99900,100200,385,38490000,124,261
214430,2026-04-21,12:40:00,100100,100400,99900,100000,529,52940000,262,267
214430,2026-04-21,12:45:00,100300,100500,100000,100200,481,48170000,213,268
214430,2026-04-21,12:50:00,100200,100200,99900,100100,416,41590000,206,210
214430,2026-04-21,12:55:00,100000,100200,99800,100000,546,54590000,206,340
214430,2026-04-21,13:00:00,99900,100200,99900,100000,418,41810000,163,255
214430,2026-04-21,13:05:00,100200,100200,99900,100000,580,58010000,197,383
214430,2026-04-21,13:10:00,100000,100100,99700,99900,667,66600000,115,552
214430,2026-04-21,13:15:00,99900,100000,99600,99900,830,82750000,136,694
214430,2026-04-21,13:20:00,99900,100100,99600,99600,602,60040000,238,364
214430,2026-04-21,13:25:00,99600,100000,99600,99700,547,54560000,223,324
214430,2026-04-21,13:30:00,99800,99900,99600,99900,459,45750000,78,381
214430,2026-04-21,13:35:00,99900,100000,99600,99700,720,71850000,434,286
214430,2026-04-21,13:40:00,99700,100000,99600,99600,393,39180000,182,211
214430,2026-04-21,13:45:00,99600,99700,99600,99600,454,45230000,58,396
214430,2026-04-21,13:50:00,99700,99700,99600,99600,508,50600000,103,405
214430,2026-04-21,13:55:00,99600,99900,99600,99600,655,65340000,428,227
214430,2026-04-21,14:00:00,99600,100000,99500,99700,837,83360000,311,526
214430,2026-04-21,14:05:00,99500,100100,99500,99700,413,41120000,161,252
214430,2026-04-21,14:10:00,99600,99800,99500,99600,441,43910000,127,314
214430,2026-04-21,14:15:00,99500,100000,99500,99700,369,36770000,105,264
214430,2026-04-21,14:20:00,99700,100000,99400,99400,1280,127400000,174,1106
214430,2026-04-21,14:25:00,99500,99600,99400,99500,847,84210000,35,812
214430,2026-04-21,14:30:00,99500,99500,99100,99100,3638,361030000,2180,1458
214430,2026-04-21,14:35:00,99200,99300,99100,99200,699,69320000,114,585
214430,2026-04-21,14:40:00,99300,99400,99100,99100,922,91500000,460,462
214430,2026-04-21,14:45:00,99200,99500,99100,99400,409,40580000,135,274
214430,2026-04-21,14:50:00,99200,99300,99100,99200,844,83700000,206,638
214430,2026-04-21,14:55:00,99100,99500,99100,99200,496,49200000,170,326
214430,2026-04-21,15:00:00,99200,99300,99100,99200,453,44960000,214,239
214430,2026-04-21,15:05:00,99100,99500,99100,99300,455,45160000,191,264
214430,2026-04-21,15:10:00,99300,100500,99300,99600,853,85010000,356,497
214430,2026-04-21,15:15:00,99700,100000,99600,99600,1176,117320000,344,832
214430,2026-04-21,15:20:00,99600,99900,99300,99800,2501,248950000,946,1555
214430,2026-04-21,15:30:00,99500,99500,99500,99500,1235,122880000,1215,0
214430,2026-04-22,09:05:00,100500,102100,100400,102000,1575,159630000,1037,538
214430,2026-04-22,09:10:00,102000,102800,101900,102600,3378,345050000,1239,2139
214430,2026-04-22,09:15:00,102100,102100,101300,101600,763,77670000,263,500
214430,2026-04-22,09:20:00,101600,102000,100000,100400,1810,182530000,641,1169
214430,2026-04-22,09:25:00,100400,100600,99400,99500,1849,184830000,368,1481
214430,2026-04-22,09:30:00,99600,99700,99200,99500,1020,101400000,401,619
214430,2026-04-22,09:35:00,99500,99900,99300,99800,799,79600000,544,255
214430,2026-04-22,09:40:00,99700,99900,99600,99700,841,83830000,326,515
214430,2026-04-22,09:45:00,99700,103100,99500,103000,4132,419950000,2998,1134
214430,2026-04-22,09:50:00,103000,106800,101700,106300,7434,774150000,5655,1779
214430,2026-04-22,09:55:00,106600,110500,106100,110400,19747,2132640000,12293,7454
214430,2026-04-22,10:00:00,111000,115300,109100,114800,19852,2234460000,13322,6530
214430,2026-04-22,10:05:00,115000,117400,111600,113300,26043,2979970000,11634,14409
214430,2026-04-22,10:10:00,113000,113000,110000,111200,10390,1156540000,5871,4519
214430,2026-04-22,10:15:00,111000,111200,105900,107700,8376,914740000,4530,3846
214430,2026-04-22,10:20:00,107700,108800,107100,107900,5019,542040000,2527,2492
214430,2026-04-22,10:25:00,108000,108000,105000,105100,5538,588140000,3042,2496
214430,2026-04-22,10:30:00,105100,105700,103500,105000,4109,430310000,1983,2126
214430,2026-04-22,10:35:00,105000,105700,104600,105600,1457,153200000,555,902
214430,2026-04-22,10:40:00,105600,106900,104700,106600,3194,338260000,1852,1342
214430,2026-04-22,10:45:00,106500,106900,105800,106700,1981,210740000,651,1330
214430,2026-04-22,10:50:00,106600,108200,106300,108100,2067,221980000,958,1109
214430,2026-04-22,10:55:00,108100,108300,107800,108000,1871,202030000,402,1469
214430,2026-04-22,11:00:00,108100,109600,107800,109000,2404,261530000,1422,982
214430,2026-04-22,11:05:00,109000,109100,108100,109000,2300,250010000,1148,1152
214430,2026-04-22,11:10:00,109000,109900,109000,109400,1933,211890000,1082,851
214430,2026-04-22,11:15:00,109300,109400,108800,108900,1002,109360000,388,614
214430,2026-04-22,11:20:00,109100,109100,108600,109000,1059,115290000,542,517
214430,2026-04-22,11:25:00,109000,109000,108700,108800,836,90990000,408,428
214430,2026-04-22,11:30:00,108700,109000,108200,108500,1437,155990000,897,540
214430,2026-04-22,11:35:00,108500,109800,108500,108800,1425,155840000,1042,383
214430,2026-04-22,11:40:00,108700,109200,108300,108300,1399,152110000,751,648
214430,2026-04-22,11:45:00,108500,109000,108400,108700,1497,162600000,812,685
214430,2026-04-22,11:50:00,108600,108800,108200,108700,907,98370000,372,535
214430,2026-04-22,11:55:00,108600,109000,108100,108500,995,107960000,493,502
214430,2026-04-22,12:00:00,108500,108600,108000,108300,1124,121820000,305,819
214430,2026-04-22,12:05:00,108100,108700,107900,108100,1956,211490000,797,1159
214430,2026-04-22,12:10:00,108300,108800,108300,108600,803,87190000,539,264
214430,2026-04-22,12:15:00,108500,109600,108500,109600,2059,224730000,1648,411
214430,2026-04-22,12:20:00,109600,109900,108700,109200,1583,173400000,643,940
214430,2026-04-22,12:25:00,109200,109300,108700,109000,994,108320000,350,644
214430,2026-04-22,12:30:00,108800,109200,108600,109100,1153,125540000,387,766
214430,2026-04-22,12:35:00,109100,109800,108800,109700,1697,185950000,833,864
214430,2026-04-22,12:40:00,109800,110600,109500,110200,3339,366910000,2613,726
214430,2026-04-22,12:45:00,110600,111700,110200,110600,1986,220020000,1034,952
214430,2026-04-22,12:50:00,110600,110600,109200,109200,1450,159330000,399,1051
214430,2026-04-22,12:55:00,109600,109600,108300,109500,1337,145870000,462,875
214430,2026-04-22,13:00:00,109500,109700,109100,109400,866,94760000,319,547
214430,2026-04-22,13:05:00,109300,110800,109100,110300,2201,241860000,1505,696
214430,2026-04-22,13:10:00,110300,110800,109300,109600,2076,228070000,636,1440
214430,2026-04-22,13:15:00,109700,112000,109600,110100,1934,213770000,1480,454
214430,2026-04-22,13:20:00,110100,110500,109400,109600,886,97490000,424,462
214430,2026-04-22,13:25:00,109600,110500,109500,110300,986,108490000,478,508
214430,2026-04-22,13:30:00,110500,110500,109900,110500,953,105050000,522,431
214430,2026-04-22,13:35:00,110400,111800,110400,111700,2289,254070000,1822,467
214430,2026-04-22,13:40:00,111700,112000,110900,111100,2138,238280000,861,1277
214430,2026-04-22,13:45:00,111200,111900,111000,111400,1092,121650000,451,641
214430,2026-04-22,13:50:00,111200,111600,110900,111200,1674,186230000,944,730
214430,2026-04-22,13:55:00,111100,111700,110900,111200,1762,196170000,1072,690
214430,2026-04-22,14:00:00,111300,111400,110700,111000,1118,124180000,496,622
214430,2026-04-22,14:05:00,111300,112400,110500,112300,4492,502330000,2456,2036
214430,2026-04-22,14:10:00,112400,112400,111700,112100,2857,320460000,894,1963
214430,2026-04-22,14:15:00,112300,112900,112200,112700,2203,247890000,1545,658
214430,2026-04-22,14:20:00,112700,113000,112300,112300,1579,178000000,870,709
214430,2026-04-22,14:25:00,112500,113300,112400,112700,2533,285790000,1631,902
214430,2026-04-22,14:30:00,112600,112600,111700,112500,2563,287640000,532,2031
214430,2026-04-22,14:35:00,112400,112500,111800,112100,1019,114390000,430,589
214430,2026-04-22,14:40:00,112000,112100,111800,111900,1350,151150000,770,580
214430,2026-04-22,14:45:00,112100,112400,111800,112100,1567,175710000,776,791
214430,2026-04-22,14:50:00,112100,112600,111800,112200,1319,147850000,790,529
214430,2026-04-22,14:55:00,112300,112500,112000,112400,774,86910000,511,263
214430,2026-04-22,15:00:00,112400,113000,112100,112800,1704,192110000,1235,469
214430,2026-04-22,15:05:00,112800,113000,112400,112600,745,83920000,418,327
214430,2026-04-22,15:10:00,112600,113400,112500,113000,1965,221830000,1713,252
214430,2026-04-22,15:15:00,113100,113400,113000,113000,1210,136960000,825,385
214430,2026-04-22,15:20:00,113100,113300,112000,112400,2547,286750000,663,1884
214430,2026-04-22,15:30:00,112400,112400,112400,112400,1743,195920000,1738,0
214430,2026-04-23,09:05:00,113000,113000,105200,108600,8975,992180000,2347,6627
214430,2026-04-23,09:10:00,108600,109100,106800,107600,3430,370070000,1356,2074
214430,2026-04-23,09:15:00,107900,108000,106900,107500,2215,237780000,1315,900
214430,2026-04-23,09:20:00,107600,108400,107300,107500,1537,165550000,1124,413
214430,2026-04-23,09:25:00,107500,107800,107200,107300,758,81470000,159,599
214430,2026-04-23,09:30:00,107300,107800,107200,107500,799,85820000,562,237
214430,2026-04-23,09:35:00,107500,108300,107300,107600,1025,110460000,477,548
214430,2026-04-23,09:40:00,107600,108000,107500,107900,956,103100000,399,557
214430,2026-04-23,09:45:00,107700,107800,107200,107200,1273,136860000,346,927
214430,2026-04-23,09:50:00,107100,107300,107100,107200,1047,112190000,597,450
214430,2026-04-23,09:55:00,107100,107800,107100,107400,491,52680000,210,281
214430,2026-04-23,10:00:00,107400,107800,107400,107500,501,53860000,365,136
214430,2026-04-23,10:05:00,107400,107700,107200,107300,591,63530000,219,372
214430,2026-04-23,10:10:00,107300,107300,106700,106700,1618,173020000,231,1387
214430,2026-04-23,10:15:00,106700,106700,106300,106300,1572,167490000,154,1418
214430,2026-04-23,10:20:00,106300,106400,106000,106000,1351,143470000,575,776
214430,2026-04-23,10:25:00,106000,106000,105700,105800,1561,165350000,405,1156
214430,2026-04-23,10:30:00,105900,105900,105650,105700,336,35530000,168,168
214430,2026-04-23,10:35:00,105700,105700,105300,105400,1949,205720000,301,1648
214430,2026-04-23,10:40:00,105400,106000,105300,105800,918,96830000,475,443
214430,2026-04-23,10:45:00,105800,106600,105700,106200,673,71540000,252,421
214430,2026-04-23,10:50:00,106100,106800,105600,106200,1076,114300000,409,667
214430,2026-04-23,10:55:00,106300,106300,105800,106000,438,46430000,155,283
214430,2026-04-23,11:00:00,105900,106000,105800,105900,392,41540000,123,269
214430,2026-04-23,11:05:00,105800,106000,105700,105700,426,45090000,177,249
214430,2026-04-23,11:10:00,105700,105900,105300,105400,890,93990000,285,605
214430,2026-04-23,11:15:00,105400,105600,105000,105100,1204,126650000,315,889
214430,2026-04-23,11:20:00,105100,105200,104600,104600,1887,198100000,409,1478
214430,2026-04-23,11:25:00,104600,104600,104300,104400,365,38130000,129,236
214430,2026-04-23,11:30:00,104400,104500,104200,104400,303,31630000,79,224
214430,2026-04-23,11:35:00,104400,104400,104000,104000,1512,157420000,212,1300
214430,2026-04-23,11:40:00,104050,104200,103800,103800,709,73740000,244,465
214430,2026-04-23,11:45:00,103800,103800,103600,103800,495,51340000,142,353
214430,2026-04-23,11:50:00,103800,103800,103000,103200,1927,198910000,675,1252
214430,2026-04-23,11:55:00,103200,103500,103100,103500,837,86480000,454,383
214430,2026-04-23,12:00:00,103400,103600,103100,103100,573,59230000,193,380
214430,2026-04-23,12:05:00,103100,103300,103100,103200,431,44450000,87,344
214430,2026-04-23,12:10:00,103100,103400,102900,102950,742,76490000,149,593
214430,2026-04-23,12:15:00,102900,103000,102600,102600,838,86170000,184,654
214430,2026-04-23,12:20:00,102600,103100,102600,102700,930,95540000,503,427
214430,2026-04-23,12:25:00,102700,102800,102500,102700,709,72750000,312,397
214430,2026-04-23,12:30:00,102700,102700,102500,102600,519,53220000,178,341
214430,2026-04-23,12:35:00,102500,102600,102300,102400,881,90260000,300,581
214430,2026-04-23,12:40:00,102500,102500,102100,102200,1563,159830000,324,1239
214430,2026-04-23,12:45:00,102100,102200,101900,102100,1806,184140000,1084,722
214430,2026-04-23,12:50:00,102100,102500,101800,102400,1170,119540000,342,828
214430,2026-04-23,12:55:00,102500,103200,102400,103200,1764,181160000,1226,538
214430,2026-04-23,13:00:00,102900,103000,102400,102700,596,61110000,303,293
214430,2026-04-23,13:05:00,102700,102700,102000,102000,1234,126240000,305,929
214430,2026-04-23,13:10:00,102000,102100,101800,101800,1122,114320000,362,760
214430,2026-04-23,13:15:00,102000,102600,101900,102600,330,33720000,282,48
214430,2026-04-23,13:20:00,102600,103000,102400,103000,1144,117470000,473,671
214430,2026-04-23,13:25:00,103100,103100,102700,103000,717,73780000,409,308
214430,2026-04-23,13:30:00,103000,103300,102900,103000,364,37520000,150,214
214430,2026-04-23,13:35:00,102900,103300,102800,103300,1593,164030000,1386,207
214430,2026-04-23,13:40:00,103300,103800,103300,103800,1017,105250000,473,544
214430,2026-04-23,13:45:00,103900,103900,103300,103500,862,89290000,227,635
214430,2026-04-23,13:50:00,103600,103900,103500,103900,208,21560000,152,56
214430,2026-04-23,13:55:00,103600,104000,103500,103900,770,79900000,391,379
214430,2026-04-23,14:00:00,103800,104100,103600,104100,850,88310000,522,328
214430,2026-04-23,14:05:00,104100,104100,103900,104100,532,55330000,173,359
214430,2026-04-23,14:10:00,104000,104500,103900,104300,345,35920000,256,89
214430,2026-04-23,14:15:00,104500,104500,103900,104000,319,33190000,141,178
214430,2026-04-23,14:20:00,104000,105400,103900,104600,563,58730000,451,112
214430,2026-04-23,14:25:00,104500,104600,103900,103900,484,50480000,242,242
214430,2026-04-23,14:30:00,103900,104000,103500,103600,586,60810000,43,543
214430,2026-04-23,14:35:00,103600,103800,103600,103700,206,21350000,154,52
214430,2026-04-23,14:40:00,103700,103800,103700,103700,230,23870000,181,49
214430,2026-04-23,14:45:00,103800,103900,103600,103900,428,44390000,229,199
214430,2026-04-23,14:50:00,103900,104200,103800,104000,426,44300000,202,224
214430,2026-04-23,14:55:00,103950,104000,103900,104000,275,28580000,126,149
214430,2026-04-23,15:00:00,103900,104100,103900,104100,308,32030000,195,113
214430,2026-04-23,15:05:00,104100,104600,104100,104200,622,64920000,244,378
214430,2026-04-23,15:10:00,104200,105000,104200,104600,831,86850000,455,376
214430,2026-04-23,15:15:00,104800,105100,104600,104700,1678,175840000,626,1052
214430,2026-04-23,15:20:00,104700,105600,104300,105600,2442,256190000,904,1538
214430,2026-04-23,15:30:00,105600,105600,105600,105600,2051,216590000,2040,0
214430,2026-04-24,09:05:00,104800,105300,104400,104900,2151,225430000,496,1655
214430,2026-04-24,09:10:00,104800,106100,104500,105200,1636,172410000,629,1007
214430,2026-04-24,09:15:00,105200,107000,104900,106500,1308,138880000,954,354
214430,2026-04-24,09:20:00,106600,107500,106500,107400,1235,132090000,769,466
214430,2026-04-24,09:25:00,107200,108300,107000,107400,1104,119040000,714,390
214430,2026-04-24,09:30:00,107500,107800,106900,107000,744,79830000,270,474
214430,2026-04-24,09:35:00,106900,107800,106900,107000,907,97260000,533,374
214430,2026-04-24,09:40:00,107000,107000,105700,105700,579,61570000,78,501
214430,2026-04-24,09:45:00,105700,105800,105100,105100,347,36610000,59,288
214430,2026-04-24,09:50:00,105100,105600,105100,105100,474,49850000,64,410
214430,2026-04-24,09:55:00,105100,106000,105100,106000,680,71700000,474,206
214430,2026-04-24,10:00:00,105900,106300,105500,106000,584,61920000,204,380
214430,2026-04-24,10:05:00,106100,107000,105600,105700,424,45090000,229,195
214430,2026-04-24,10:10:00,105700,106100,105600,105800,603,63750000,257,346
214430,2026-04-24,10:15:00,105800,105800,105200,105200,859,90540000,66,793
214430,2026-04-24,10:20:00,105100,105900,104900,105300,1552,163370000,573,979
214430,2026-04-24,10:25:00,105300,105300,105000,105200,546,57380000,146,400
214430,2026-04-24,10:30:00,105200,106100,105200,106100,203,21450000,200,3
214430,2026-04-24,10:35:00,105800,106000,105200,105300,315,33230000,88,227
214430,2026-04-24,10:40:00,105300,106000,105300,106000,150,15830000,127,23
214430,2026-04-24,10:45:00,105900,105900,105500,105900,267,28240000,71,196
214430,2026-04-24,10:50:00,105600,106500,105600,106500,697,73940000,481,216
214430,2026-04-24,10:55:00,106500,106600,106100,106400,280,29810000,117,163
214430,2026-04-24,11:00:00,106400,107300,106400,107200,540,57650000,521,19
214430,2026-04-24,11:05:00,107200,109200,107200,109200,1720,186150000,1591,129
214430,2026-04-24,11:10:00,109200,111200,108800,109500,3057,336000000,1814,1243
214430,2026-04-24,11:15:00,109600,110100,108600,108700,941,102840000,570,371
214430,2026-04-24,11:20:00,108900,109200,108600,108600,1973,214640000,397,1576
214430,2026-04-24,11:25:00,108600,109100,108600,108800,676,73540000,284,392
214430,2026-04-24,11:30:00,108800,110000,108600,109500,1092,119840000,536,556
214430,2026-04-24,11:35:00,109500,110000,109100,109100,717,78550000,320,397
214430,2026-04-24,11:40:00,109100,109600,109000,109000,176,19230000,126,50
214430,2026-04-24,11:45:00,109600,110400,109000,110300,1701,186540000,1512,189
214430,2026-04-24,11:50:00,110000,110400,109100,109700,686,75420000,437,249
214430,2026-04-24,11:55:00,109300,109600,109200,109600,421,46010000,213,208
214430,2026-04-24,12:00:00,109400,109400,109100,109200,403,43990000,22,381
214430,2026-04-24,12:05:00,109600,109700,109200,109400,224,24530000,216,8
214430,2026-04-24,12:10:00,109600,111000,109400,109400,1255,138170000,694,561
214430,2026-04-24,12:15:00,110100,110100,109000,109500,1186,129450000,844,342
214430,2026-04-24,12:20:00,109700,110400,109500,110300,729,80200000,632,97
214430,2026-04-24,12:25:00,110300,111200,109800,110700,1334,147770000,868,466
214430,2026-04-24,12:30:00,110700,110800,109900,109900,468,51550000,208,260
214430,2026-04-24,12:35:00,109900,109900,109400,109500,420,46010000,227,193
214430,2026-04-24,12:40:00,109400,110100,109400,109900,751,82340000,665,86
214430,2026-04-24,12:45:00,109900,110100,109700,109800,357,39260000,333,24
214430,2026-04-24,12:50:00,109800,110500,109700,110100,442,48640000,226,216
214430,2026-04-24,12:55:00,109800,109900,109400,109400,495,54190000,72,423
214430,2026-04-24,13:00:00,109500,109500,109300,109500,351,38390000,138,213
214430,2026-04-24,13:05:00,109400,109400,108600,108700,4228,460570000,406,3822
214430,2026-04-24,13:10:00,108800,109400,108700,108700,535,58230000,194,341
214430,2026-04-24,13:15:00,108700,109100,108500,108700,493,53610000,81,412
214430,2026-04-24,13:20:00,108700,109200,108500,108900,331,36020000,98,233
214430,2026-04-24,13:25:00,108800,109400,108700,108800,303,33020000,137,166
214430,2026-04-24,13:30:00,108900,108900,107500,107700,1434,155200000,297,1137
214430,2026-04-24,13:35:00,107700,108100,106900,106900,3789,405660000,2999,790
214430,2026-04-24,13:40:00,107200,107400,107000,107400,404,43260000,122,282
214430,2026-04-24,13:45:00,107400,107400,106900,107200,252,26990000,80,172
214430,2026-04-24,13:50:00,107100,107800,107000,107700,391,41920000,126,265
214430,2026-04-24,13:55:00,107700,107700,107300,107600,524,56330000,241,283
214430,2026-04-24,14:00:00,107700,108000,107500,107600,355,38250000,160,195
214430,2026-04-24,14:05:00,107600,108200,107400,107800,574,61830000,362,212
214430,2026-04-24,14:10:00,107700,107800,107300,107300,683,73450000,127,556
214430,2026-04-24,14:15:00,107400,107400,107100,107300,340,36450000,154,186
214430,2026-04-24,14:20:00,107300,107500,107000,107000,521,55840000,107,414
214430,2026-04-24,14:25:00,107000,107100,106700,107000,690,73770000,251,439
214430,2026-04-24,14:30:00,106800,107200,106700,106700,336,35910000,173,163
214430,2026-04-24,14:35:00,106700,107300,106700,107100,191,20420000,68,123
214430,2026-04-24,14:40:00,107200,107400,107000,107200,345,36980000,146,199
214430,2026-04-24,14:45:00,107100,107300,107000,107200,262,28070000,104,158
214430,2026-04-24,14:50:00,107200,107200,107000,107100,262,28060000,90,172
214430,2026-04-24,14:55:00,107100,107200,107000,107000,198,21190000,39,159
214430,2026-04-24,15:00:00,107000,107100,106400,106500,981,104770000,120,861
214430,2026-04-24,15:05:00,106500,106600,106200,106600,1106,117690000,537,569
214430,2026-04-24,15:10:00,106400,106600,106400,106400,343,36530000,71,272
214430,2026-04-24,15:15:00,106600,107000,106300,106700,1028,109550000,385,643
214430,2026-04-24,15:20:00,106700,108500,106700,108500,1671,179680000,1278,393
214430,2026-04-24,15:30:00,108400,108400,108400,108400,2324,251920000,2315,0
214430,2026-04-27,09:05:00,108400,109800,107500,107500,1246,135410000,493,753
214430,2026-04-27,09:10:00,107500,107600,105500,105500,2531,269240000,193,2338
214430,2026-04-27,09:15:00,105500,106800,105400,106200,1452,153910000,670,782
214430,2026-04-27,09:20:00,106000,107400,106000,107200,896,95520000,712,184
214430,2026-04-27,09:25:00,107200,107800,107000,107800,532,57180000,231,301
214430,2026-04-27,09:30:00,107600,108200,107200,107300,671,72180000,174,497
214430,2026-04-27,09:35:00,108100,108200,107200,107300,654,70340000,294,360
214430,2026-04-27,09:40:00,107200,108100,107100,107700,902,97020000,352,550
214430,2026-04-27,09:45:00,107400,108700,107300,108400,1424,153660000,965,459
214430,2026-04-27,09:50:00,108400,108400,107800,107900,467,50480000,207,260
214430,2026-04-27,09:55:00,107900,108100,107300,107800,600,64600000,102,498
214430,2026-04-27,10:00:00,107400,108400,107400,108400,373,40280000,213,160
214430,2026-04-27,10:05:00,108500,108700,107700,107700,370,40000000,101,269
214430,2026-04-27,10:10:00,107800,107800,107100,107700,362,38890000,58,304
214430,2026-04-27,10:15:00,107400,108500,107300,108400,839,90620000,233,606
214430,2026-04-27,10:20:00,107900,108200,107400,107500,246,26470000,82,164
214430,2026-04-27,10:25:00,107400,108200,107100,107500,613,65980000,296,317
214430,2026-04-27,10:30:00,107600,108100,107100,107100,707,75840000,302,405
214430,2026-04-27,10:35:00,107100,107700,107000,107700,1488,159490000,909,579
214430,2026-04-27,10:40:00,107500,107600,107200,107600,143,15350000,102,41
214430,2026-04-27,10:45:00,107600,107700,107300,107700,259,27830000,88,171
214430,2026-04-27,10:50:00,107500,107800,107200,107400,225,24170000,7,218
214430,2026-04-27,10:55:00,107400,107800,107100,107300,290,31130000,118,172
214430,2026-04-27,11:00:00,107400,107700,107000,107700,1743,186780000,1111,632
214430,2026-04-27,11:05:00,107400,107800,107300,107700,339,36500000,206,133
214430,2026-04-27,11:10:00,107700,108100,106900,107600,4614,493920000,3937,677
214430,2026-04-27,11:15:00,107200,107300,106600,106700,1229,131360000,4,1225
214430,2026-04-27,11:20:00,107000,107000,106100,106500,877,93380000,124,753
214430,2026-04-27,11:25:00,106400,106900,106100,106800,785,83590000,457,328
214430,2026-04-27,11:30:00,106600,106900,106300,106900,141,15020000,1,140
214430,2026-04-27,11:35:00,106500,107000,106400,106600,5623,598960000,4987,636
214430,2026-04-27,11:40:00,106500,106600,106100,106500,191,20320000,7,184
214430,2026-04-27,11:45:00,106500,106500,106200,106500,166,17650000,7,159
214430,2026-04-27,11:50:00,106600,106700,106400,106500,204,21730000,5,199
214430,2026-04-27,11:55:00,106500,106800,106500,106700,185,19730000,6,179
214430,2026-04-27,12:00:00,106700,107200,106600,106900,530,56690000,418,112
214430,2026-04-27,12:05:00,106900,107400,106600,107400,155,16550000,55,100
214430,2026-04-27,12:10:00,107400,107500,107000,107300,232,24870000,14,218
214430,2026-04-27,12:15:00,107300,107500,107000,107500,143,15330000,81,62
214430,2026-04-27,12:20:00,107500,107800,107400,107800,210,22590000,130,80
214430,2026-04-27,12:25:00,107700,109000,107600,108400,1112,120490000,813,299
214430,2026-04-27,12:30:00,108900,108900,107900,108500,160,17330000,55,105
214430,2026-04-27,12:35:00,108400,108600,108000,108100,240,25990000,163,77
214430,2026-04-27,12:40:00,108200,108800,108000,108800,392,42500000,50,342
214430,2026-04-27,12:45:00,108400,108900,106500,108300,1326,142900000,252,1074
214430,2026-04-27,12:50:00,108500,109100,108300,109100,512,55710000,339,173
214430,2026-04-27,12:55:00,109100,109100,108600,108800,195,21220000,22,173
214430,2026-04-27,13:00:00,108800,108900,108700,108700,253,27520000,28,225
214430,2026-04-27,13:05:00,108500,108700,108000,108500,252,27290000,81,171
214430,2026-04-27,13:10:00,108300,108500,108000,108300,198,21450000,5,193
214430,2026-04-27,13:15:00,108400,108700,108300,108400,208,22550000,16,192
214430,2026-04-27,13:20:00,108500,108600,108200,108200,255,27630000,52,203
214430,2026-04-27,13:25:00,108600,108600,108300,108300,260,28170000,64,196
214430,2026-04-27,13:30:00,108300,108500,108200,108300,236,25580000,64,172
214430,2026-04-27,13:35:00,108400,108500,108000,108300,408,44190000,37,371
214430,2026-04-27,13:40:00,108200,108600,108100,108600,178,19260000,46,132
214430,2026-04-27,13:45:00,108300,108400,108200,108300,114,12340000,0,114
214430,2026-04-27,13:50:00,108300,108600,108300,108300,238,25790000,54,184
214430,2026-04-27,13:55:00,108400,108600,108300,108400,213,23090000,79,134
214430,2026-04-27,14:00:00,108400,108800,108200,108300,302,32740000,49,253
214430,2026-04-27,14:05:00,108300,108500,108300,108400,335,36300000,165,170
214430,2026-04-27,14:10:00,108300,108500,108000,108500,875,94760000,376,499
214430,2026-04-27,14:15:00,108500,108900,108300,108600,252,27380000,122,130
214430,2026-04-27,14:20:00,108700,108800,108300,108300,353,38300000,78,275
214430,2026-04-27,14:25:00,108400,108500,108200,108500,242,26220000,50,192
214430,2026-04-27,14:30:00,108300,108500,107700,107800,3770,407340000,2417,1353
214430,2026-04-27,14:35:00,107800,107900,107300,107700,519,55900000,92,427
214430,2026-04-27,14:40:00,107500,107900,107300,107300,403,43330000,44,359
214430,2026-04-27,14:45:00,107400,108000,107300,108000,519,55940000,134,385
214430,2026-04-27,14:50:00,107400,108100,107300,107500,293,31570000,88,205
214430,2026-04-27,14:55:00,107700,108300,107400,108300,502,54090000,181,321
214430,2026-04-27,15:00:00,108200,108300,107800,107800,240,25920000,152,88
214430,2026-04-27,15:05:00,107900,108000,107500,107500,847,91290000,253,594
214430,2026-04-27,15:10:00,107600,107900,107500,107700,240,25840000,35,205
214430,2026-04-27,15:15:00,107700,108300,107600,107700,702,75770000,198,504
214430,2026-04-27,15:20:00,107700,108600,107700,108600,1097,118630000,722,375
214430,2026-04-27,15:30:00,108300,108300,108300,108300,838,90750000,837,0
214430,2026-04-28,09:05:00,107500,107700,106800,106900,870,93330000,304,566
214430,2026-04-28,09:10:00,106800,107200,106700,107200,384,41070000,186,198
214430,2026-04-28,09:15:00,107400,107400,106500,106500,736,78580000,65,671
214430,2026-04-28,09:20:00,106500,107000,106300,106500,771,82100000,55,716
214430,2026-04-28,09:25:00,106600,107000,106400,106400,1211,129040000,670,541
214430,2026-04-28,09:30:00,106500,106600,105900,106000,1701,180750000,549,1152
214430,2026-04-28,09:35:00,105900,106000,105600,105600,1096,115870000,324,772
214430,2026-04-28,09:40:00,105800,106000,105200,105300,1039,109710000,425,614
214430,2026-04-28,09:45:00,105300,105400,105300,105300,423,44550000,287,136
214430,2026-04-28,09:50:00,105400,105400,104900,105000,1807,189910000,93,1714
214430,2026-04-28,09:55:00,104900,105300,104900,105300,349,36630000,111,238
214430,2026-04-28,10:00:00,105300,105500,105100,105400,114,12000000,70,44
214430,2026-04-28,10:05:00,105200,106000,105000,106000,452,47620000,271,181
214430,2026-04-28,10:10:00,106000,106100,105500,105500,336,35540000,175,161
214430,2026-04-28,10:15:00,105600,105900,105400,105400,269,28390000,88,181
214430,2026-04-28,10:20:00,105300,105700,105000,105600,482,50730000,109,373
214430,2026-04-28,10:25:00,105300,105600,105200,105300,446,46940000,182,264
214430,2026-04-28,10:30:00,105400,105600,105300,105600,248,26180000,225,23
214430,2026-04-28,10:35:00,105600,105700,105400,105400,1016,107270000,250,766
214430,2026-04-28,10:40:00,105400,105600,105000,105000,789,82960000,86,703
214430,2026-04-28,10:45:00,105100,105100,104600,104700,1331,139510000,86,1245
214430,2026-04-28,10:50:00,104600,104900,104400,104500,729,76220000,220,509
214430,2026-04-28,10:55:00,104500,104500,104100,104300,836,87250000,81,755
214430,2026-04-28,11:00:00,104300,104500,103700,103800,642,66750000,116,526
214430,2026-04-28,11:05:00,103800,104100,103700,103900,520,54020000,86,434
214430,2026-04-28,11:10:00,103800,104600,103800,104600,371,38670000,77,294
214430,2026-04-28,11:15:00,104500,104800,104500,104800,232,24280000,131,101
214430,2026-04-28,11:20:00,104800,105500,104700,105000,1004,105470000,244,760
214430,2026-04-28,11:25:00,105500,106500,105000,106500,1062,112500000,438,624
214430,2026-04-28,11:30:00,106200,106600,105800,106500,713,75820000,188,525
214430,2026-04-28,11:35:00,106500,106600,105700,106500,587,62460000,142,445
214430,2026-04-28,11:40:00,106500,106600,106400,106500,383,40790000,112,271
214430,2026-04-28,11:45:00,106400,106500,105800,106500,759,80680000,134,625
214430,2026-04-28,11:50:00,106600,106700,105800,106600,845,90130000,163,682
214430,2026-04-28,11:55:00,106600,106900,106100,106800,667,71120000,156,511
214430,2026-04-28,12:00:00,106200,107300,106200,107000,773,82740000,283,490
214430,2026-04-28,12:05:00,106900,107400,106800,106900,533,57020000,194,339
214430,2026-04-28,12:10:00,106800,107300,106800,106900,732,78480000,296,436
214430,2026-04-28,12:15:00,107200,107600,107200,107500,1544,165750000,1013,531
214430,2026-04-28,12:20:00,107500,107600,107500,107500,574,61700000,55,519
214430,2026-04-28,12:25:00,107400,108800,107100,108300,1500,161990000,853,647
214430,2026-04-28,12:30:00,108300,109100,108200,108700,811,88150000,334,477
214430,2026-04-28,12:35:00,108200,108600,108200,108400,706,76540000,110,596
214430,2026-04-28,12:40:00,108400,108400,107900,107900,216,23350000,18,198
214430,2026-04-28,12:45:00,107900,108000,107300,107300,524,56390000,328,196
214430,2026-04-28,12:50:00,107200,107600,107200,107200,365,39210000,75,290
214430,2026-04-28,12:55:00,107200,107200,106800,106800,410,43910000,20,390
214430,2026-04-28,13:00:00,106800,107600,106600,107300,2711,289860000,1716,995
214430,2026-04-28,13:05:00,107400,107500,106800,106800,680,72960000,44,636
214430,2026-04-28,13:10:00,107100,108000,106900,108000,875,93950000,420,455
214430,2026-04-28,13:15:00,107400,107600,107000,107000,334,35880000,159,175
214430,2026-04-28,13:20:00,107000,107000,106700,106800,220,23510000,67,153
214430,2026-04-28,13:25:00,106800,107300,106800,106900,186,19900000,45,141
214430,2026-04-28,13:30:00,106800,107500,106800,107000,802,86040000,670,132
214430,2026-04-28,13:35:00,107400,107800,107400,107700,79,8500000,53,26
214430,2026-04-28,13:40:00,107300,107700,107300,107400,360,38710000,211,149
214430,2026-04-28,13:45:00,107800,107900,107500,107500,129,13880000,40,89
214430,2026-04-28,13:50:00,107500,107700,107400,107500,261,28070000,206,55
214430,2026-04-28,13:55:00,107500,107500,107000,107000,553,59330000,97,456
214430,2026-04-28,14:00:00,107400,107400,107200,107300,85,9120000,84,1
214430,2026-04-28,14:05:00,107300,107300,107100,107200,309,33120000,77,232
214430,2026-04-28,14:10:00,107100,107100,106200,106200,616,65710000,114,502
214430,2026-04-28,14:15:00,106200,106400,105700,106100,320,33900000,103,217
214430,2026-04-28,14:20:00,105900,106200,105600,106000,495,52390000,98,397
214430,2026-04-28,14:25:00,106000,107900,106000,107900,1631,175050000,1354,277
214430,2026-04-28,14:30:00,107800,107900,107300,107600,3688,396570000,232,3456
214430,2026-04-28,14:35:00,107600,107650,107500,107500,1820,195740000,370,1450
214430,2026-04-28,14:40:00,107400,107600,107400,107500,1325,142370000,428,897
214430,2026-04-28,14:45:00,107500,107600,107300,107400,1045,112220000,172,873
214430,2026-04-28,14:50:00,107400,107700,107400,107500,1522,163550000,416,1106
214430,2026-04-28,14:55:00,107400,107500,107200,107500,743,79770000,259,484
214430,2026-04-28,15:00:00,107500,108400,107500,107500,752,81150000,327,425
214430,2026-04-28,15:05:00,107700,108000,107500,107500,732,78850000,153,579
214430,2026-04-28,15:10:00,107500,108000,107300,107800,961,103310000,286,675
214430,2026-04-28,15:15:00,107800,107800,107500,107600,406,43700000,131,275
214430,2026-04-28,15:20:00,107600,108100,107500,107600,1560,167960000,834,726
214430,2026-04-28,15:30:00,107700,107700,107700,107700,1517,163380000,1517,0
214430,2026-04-29,09:05:00,107200,107200,105900,106000,1305,138770000,438,867
214430,2026-04-29,09:10:00,106400,106800,106400,106700,358,38180000,264,94
214430,2026-04-29,09:15:00,107100,108300,107100,107700,863,92870000,401,462
214430,2026-04-29,09:20:00,107800,108100,107400,107900,483,52050000,236,247
214430,2026-04-29,09:25:00,108000,108000,107700,107900,549,59170000,291,258
214430,2026-04-29,09:30:00,107800,108800,107600,108700,1736,187930000,853,883
214430,2026-04-29,09:35:00,108500,109800,108500,109000,1805,196940000,716,1089
214430,2026-04-29,09:40:00,109700,109900,107700,108500,916,99940000,312,604
214430,2026-04-29,09:45:00,108300,108400,107600,107900,603,65100000,64,539
214430,2026-04-29,09:50:00,107700,107800,107000,107000,936,100450000,206,730
214430,2026-04-29,09:55:00,107100,107200,106500,106800,612,65310000,179,433
214430,2026-04-29,10:00:00,106900,107500,106900,107500,412,44230000,367,45
214430,2026-04-29,10:05:00,107300,107700,107300,107400,224,24090000,115,109
214430,2026-04-29,10:10:00,107400,107900,107300,107900,403,43320000,276,127
214430,2026-04-29,10:15:00,107300,107700,107200,107600,296,31760000,48,248
214430,2026-04-29,10:20:00,107600,108300,107600,108200,654,70640000,593,61
214430,2026-04-29,10:25:00,108300,108500,108000,108400,370,40130000,89,281
214430,2026-04-29,10:30:00,108400,108400,107300,107300,271,29240000,92,179
214430,2026-04-29,10:35:00,107300,107900,107300,107900,127,13660000,96,31
214430,2026-04-29,10:40:00,107700,108500,107700,107900,179,19310000,160,19
214430,2026-04-29,10:45:00,108100,108300,107900,107900,239,25880000,88,151
214430,2026-04-29,10:50:00,107900,108000,107600,107600,351,37880000,44,307
214430,2026-04-29,10:55:00,107600,107900,107600,107800,189,20350000,89,100
214430,2026-04-29,11:00:00,107800,107900,107300,107500,227,24420000,49,178
214430,2026-04-29,11:05:00,107600,107600,107500,107500,53,5700000,24,29
214430,2026-04-29,11:10:00,107400,108000,107400,108000,533,57470000,486,47
214430,2026-04-29,11:15:00,108000,108700,107800,108500,706,76530000,631,75
214430,2026-04-29,11:20:00,108500,108600,108200,108200,1049,113740000,568,481
214430,2026-04-29,11:25:00,108300,108600,108100,108600,91,9860000,60,31
214430,2026-04-29,11:30:00,108600,108700,108600,108700,297,32280000,297,0
214430,2026-04-29,11:35:00,108300,108400,108000,108400,131,14170000,67,64
214430,2026-04-29,11:40:00,108200,108200,107700,107700,291,31390000,26,265
214430,2026-04-29,11:45:00,107900,108000,107800,107900,175,18890000,33,142
214430,2026-04-29,11:50:00,107900,108000,107700,108000,343,36980000,107,236
214430,2026-04-29,11:55:00,107700,108100,107700,108100,338,36450000,130,208
214430,2026-04-29,12:00:00,108100,108500,108100,108500,75,8130000,39,36
214430,2026-04-29,12:05:00,108400,108500,108200,108500,44,4760000,10,34
214430,2026-04-29,12:10:00,108300,108400,108200,108200,83,8990000,18,65
214430,2026-04-29,12:15:00,108200,108800,108200,108500,587,63730000,502,85
214430,2026-04-29,12:20:00,108800,108900,108400,108900,322,35010000,307,15
214430,2026-04-29,12:25:00,108700,108900,108500,108500,164,17830000,27,137
214430,2026-04-29,12:30:00,108600,108600,108500,108600,54,5860000,37,17
214430,2026-04-29,12:35:00,108500,108800,108500,108800,694,75410000,671,23
214430,2026-04-29,12:40:00,108800,108900,108600,108900,119,12940000,61,58
214430,2026-04-29,12:45:00,109000,109100,108700,108700,837,91200000,681,156
214430,2026-04-29,12:50:00,108700,108700,108600,108700,164,17830000,110,54
214430,2026-04-29,12:55:00,108800,108900,108800,108800,209,22740000,137,72
214430,2026-04-29,13:00:00,108700,109000,108700,109000,334,36350000,140,194
214430,2026-04-29,13:05:00,109000,109100,108600,108600,414,45060000,171,243
214430,2026-04-29,13:10:00,108500,108500,108000,108400,287,31090000,29,258
214430,2026-04-29,13:15:00,108300,108400,108000,108400,167,18060000,30,137
214430,2026-04-29,13:20:00,108100,108400,108000,108100,480,51870000,57,423
214430,2026-04-29,13:25:00,108100,108400,108100,108400,639,69250000,147,492
214430,2026-04-29,13:30:00,108200,108500,108200,108500,52,5630000,38,14
214430,2026-04-29,13:35:00,108400,108400,108200,108200,474,51350000,39,435
214430,2026-04-29,13:40:00,108200,108700,108100,108100,383,41500000,209,174
214430,2026-04-29,13:45:00,108600,109500,108300,109300,856,93380000,808,48
214430,2026-04-29,13:50:00,109200,110100,108900,109900,1287,141200000,1254,33
214430,2026-04-29,13:55:00,109900,110000,109000,109300,408,44740000,246,162
214430,2026-04-29,14:00:00,109400,109800,109400,109700,117,12840000,110,7
214430,2026-04-29,14:05:00,109700,110500,109500,110400,2309,254290000,1933,376
214430,2026-04-29,14:10:00,110100,110600,110100,110300,342,37720000,205,137
214430,2026-04-29,14:15:00,110300,110500,110300,110500,460,50800000,360,100
214430,2026-04-29,14:20:00,110500,111100,110400,111000,1391,154060000,1242,149
214430,2026-04-29,14:25:00,110900,111000,110500,110800,893,98910000,395,498
214430,2026-04-29,14:30:00,110800,110900,110700,110900,1052,116530000,774,278
214430,2026-04-29,14:35:00,110900,110900,110500,110600,557,61610000,241,316
214430,2026-04-29,14:40:00,110600,110900,110500,110700,398,44030000,248,150
214430,2026-04-29,14:45:00,110800,110800,110400,110400,772,85390000,179,593
214430,2026-04-29,14:50:00,110300,110300,110100,110100,476,52430000,139,337
214430,2026-04-29,14:55:00,110200,110200,110100,110200,253,27870000,133,120
214430,2026-04-29,15:00:00,110200,110300,110100,110200,553,60910000,178,375
214430,2026-04-29,15:05:00,110200,110800,110200,110600,658,72740000,569,89
214430,2026-04-29,15:10:00,110700,110900,110700,110700,380,42090000,235,145
214430,2026-04-29,15:15:00,110600,110700,110300,110400,923,102030000,144,779
214430,2026-04-29,15:20:00,110400,110900,110100,110800,2159,238210000,1001,1158
214430,2026-04-29,15:30:00,110800,110800,110800,110800,630,69800000,630,0
214430,2026-04-30,09:05:00,109100,109200,107700,108400,1635,177450000,795,840
214430,2026-04-30,09:10:00,108400,109000,108200,108500,315,34170000,87,228
214430,2026-04-30,09:15:00,108700,108800,108200,108300,496,53790000,297,199
214430,2026-04-30,09:20:00,108300,108900,107800,107900,1191,128640000,217,974
214430,2026-04-30,09:25:00,107900,107900,107000,107000,1257,135160000,37,1220
214430,2026-04-30,09:30:00,107200,107200,106400,106700,723,77250000,90,633
214430,2026-04-30,09:35:00,106700,107600,106700,107300,267,28590000,191,76
214430,2026-04-30,09:40:00,107800,108000,107400,107500,320,34430000,128,192
214430,2026-04-30,09:45:00,107300,107500,106700,107400,770,82450000,140,630
214430,2026-04-30,09:50:00,107300,107300,107000,107200,540,57870000,58,482
214430,2026-04-30,09:55:00,107300,107500,107100,107100,681,73050000,73,608
214430,2026-04-30,10:00:00,107100,107100,106700,106700,1063,113530000,588,475
214430,2026-04-30,10:05:00,106800,107000,106600,106700,551,58800000,140,411
214430,2026-04-30,10:10:00,106750,106750,106500,106700,533,56810000,145,388
214430,2026-04-30,10:15:00,106700,106800,106600,106700,257,27420000,38,219
214430,2026-04-30,10:20:00,106600,106800,106600,106800,228,24310000,19,209
214430,2026-04-30,10:25:00,106700,106700,106500,106600,158,16850000,90,68
214430,2026-04-30,10:30:00,106600,106900,106600,106900,116,12380000,91,25
214430,2026-04-30,10:35:00,106800,106900,106500,106600,424,45230000,159,265
214430,2026-04-30,10:40:00,106600,106900,106500,106500,439,46790000,128,311
214430,2026-04-30,10:45:00,106700,106900,106700,106900,107,11420000,102,5
214430,2026-04-30,10:50:00,106800,106800,106700,106800,352,37590000,171,181
214430,2026-04-30,10:55:00,106800,107000,106700,107000,181,19330000,46,135
214430,2026-04-30,11:00:00,106900,107000,106900,106900,78,8350000,40,38
214430,2026-04-30,11:05:00,107000,107600,107000,107600,70,7500000,60,10
214430,2026-04-30,11:10:00,107200,107700,107100,107400,122,13080000,75,47
214430,2026-04-30,11:15:00,107200,107200,107000,107000,135,14460000,52,83
214430,2026-04-30,11:20:00,107000,107300,107000,107200,392,41980000,65,327
214430,2026-04-30,11:25:00,107200,107200,106900,106900,372,39800000,63,309
214430,2026-04-30,11:30:00,106900,106900,106500,106600,627,66870000,129,498
214430,2026-04-30,11:35:00,106500,106600,106000,106600,5111,542170000,3377,1734
214430,2026-04-30,11:40:00,106500,106600,106200,106200,273,29070000,67,206
214430,2026-04-30,11:45:00,106400,106400,105800,105900,1013,107430000,284,729
214430,2026-04-30,11:50:00,106000,106100,105700,105900,702,74330000,119,583
214430,2026-04-30,11:55:00,105800,105900,105700,105800,279,29500000,69,210
214430,2026-04-30,12:00:00,105800,106200,105800,106200,291,30850000,196,95
214430,2026-04-30,12:05:00,106500,106600,106100,106100,276,29320000,171,105
214430,2026-04-30,12:10:00,106100,106100,105700,105700,508,53810000,145,363
214430,2026-04-30,12:15:00,105900,106000,105800,105800,193,20430000,76,117
214430,2026-04-30,12:20:00,105800,105800,105700,105700,71,7510000,1,70
214430,2026-04-30,12:25:00,105800,106600,105700,106600,269,28470000,140,129
214430,2026-04-30,12:30:00,106400,106400,106000,106000,33,3500000,9,24
214430,2026-04-30,12:35:00,105900,105900,105800,105900,245,25930000,97,148
214430,2026-04-30,12:40:00,105900,106100,105900,106000,87,9220000,43,44
214430,2026-04-30,12:45:00,106000,106200,105900,106100,301,31900000,189,112
214430,2026-04-30,12:50:00,106100,106100,105900,105900,377,39960000,290,87
214430,2026-04-30,12:55:00,105900,106100,105600,105800,543,57440000,80,463
214430,2026-04-30,13:00:00,105600,105800,105500,105700,378,39930000,110,268
214430,2026-04-30,13:05:00,105700,106000,105700,105800,247,26140000,137,110
214430,2026-04-30,13:10:00,105800,105900,105600,105700,473,50030000,160,313
214430,2026-04-30,13:15:00,105700,105800,105700,105700,368,38910000,125,243
214430,2026-04-30,13:20:00,105800,105900,105600,105700,353,37320000,255,98
214430,2026-04-30,13:25:00,105700,105700,105400,105500,1170,123450000,69,1101
214430,2026-04-30,13:30:00,105500,106000,104700,105100,5003,524990000,1060,3943
214430,2026-04-30,13:35:00,105100,105100,104600,104800,966,101150000,404,562
214430,2026-04-30,13:40:00,104700,104800,104500,104700,1048,109650000,361,687
214430,2026-04-30,13:45:00,104700,104800,104500,104500,1099,114900000,171,928
214430,2026-04-30,13:50:00,104600,104800,104600,104700,119,12460000,46,73
214430,2026-04-30,13:55:00,104700,104700,104400,104400,470,49130000,70,400
214430,2026-04-30,14:00:00,104500,104500,103300,103500,1423,147840000,219,1204
214430,2026-04-30,14:05:00,103600,104100,103400,103900,723,75050000,404,319
214430,2026-04-30,14:10:00,103800,104100,103800,103800,312,32420000,237,75
214430,2026-04-30,14:15:00,103900,104400,103900,104300,825,85880000,730,95
214430,2026-04-30,14:20:00,104300,104400,103900,103900,383,39870000,42,341
214430,2026-04-30,14:25:00,103900,104200,103800,104200,748,77830000,83,665
214430,2026-04-30,14:30:00,104100,104100,103700,103800,504,52340000,141,363
214430,2026-04-30,14:35:00,103800,104100,103600,103800,199,20670000,37,162
214430,2026-04-30,14:40:00,104200,104200,103800,103900,226,23480000,48,178
214430,2026-04-30,14:45:00,104000,104100,103900,104000,292,30350000,67,225
214430,2026-04-30,14:50:00,104100,104100,103800,103900,456,47400000,154,302
214430,2026-04-30,14:55:00,103900,104000,103700,104000,616,64000000,374,242
214430,2026-04-30,15:00:00,104000,104300,103900,104100,280,29160000,107,173
214430,2026-04-30,15:05:00,104100,104100,103400,103400,1344,139220000,342,1002
214430,2026-04-30,15:10:00,103500,103900,103500,103900,384,39820000,275,109
214430,2026-04-30,15:15:00,103900,103900,103600,103800,549,56920000,372,177
214430,2026-04-30,15:20:00,103700,104700,103400,104700,1798,186570000,890,908
214430,2026-04-30,15:30:00,104000,104000,104000,104000,3200,332800000,3200,0
214430,2026-05-04,09:05:00,104900,105000,103400,104600,1303,135600000,556,747
214430,2026-05-04,09:10:00,104600,104600,103600,103600,664,68990000,81,583
214430,2026-05-04,09:15:00,103700,104000,102500,103400,1322,136220000,457,865
214430,2026-05-04,09:20:00,103100,103600,103000,103300,1119,115520000,362,757
214430,2026-05-04,09:25:00,103500,104900,103400,104400,1228,127780000,924,304
214430,2026-05-04,09:30:00,104400,105600,103900,105300,1664,175070000,1018,646
214430,2026-05-04,09:35:00,105300,106000,104700,105600,1816,191510000,1410,406
214430,2026-05-04,09:40:00,105700,106900,105500,106700,1036,110090000,756,280
214430,2026-05-04,09:45:00,106700,106800,106000,106500,2281,242950000,510,1771
214430,2026-05-04,09:50:00,106500,106500,105500,106100,1639,174040000,600,1039
214430,2026-05-04,09:55:00,105900,106000,104700,105600,531,55950000,190,341
214430,2026-05-04,10:00:00,105700,105900,105300,105600,789,83340000,571,218
214430,2026-05-04,10:05:00,105500,105700,105500,105500,254,26820000,62,192
214430,2026-05-04,10:10:00,105500,105800,105400,105700,241,25460000,168,73
214430,2026-05-04,10:15:00,105600,105700,105200,105700,363,38290000,83,280
214430,2026-05-04,10:20:00,105700,105700,104700,104700,420,44110000,41,379
214430,2026-05-04,10:25:00,104700,105500,104700,105400,446,46860000,264,182
214430,2026-05-04,10:30:00,105400,105500,104500,104500,371,38920000,50,321
214430,2026-05-04,10:35:00,104500,104900,104500,104700,232,24280000,102,130
214430,2026-05-04,10:40:00,104700,105000,104400,104500,290,30370000,63,227
214430,2026-05-04,10:45:00,104500,104600,104200,104500,257,26840000,24,233
214430,2026-05-04,10:50:00,104300,104500,103800,103900,651,67780000,76,575
214430,2026-05-04,10:55:00,103900,104300,103700,104200,260,27050000,138,122
214430,2026-05-04,11:00:00,104200,104400,104100,104200,335,34880000,213,122
214430,2026-05-04,11:05:00,104200,104400,104100,104100,233,24290000,139,94
214430,2026-05-04,11:10:00,104100,104300,104000,104100,209,21780000,74,135
214430,2026-05-04,11:15:00,104100,104300,104000,104100,90,9370000,20,70
214430,2026-05-04,11:20:00,104100,104200,103800,103800,442,45970000,159,283
214430,2026-05-04,11:25:00,103900,103900,103500,103900,654,67800000,88,566
214430,2026-05-04,11:30:00,103900,104700,103900,104200,707,73810000,311,396
214430,2026-05-04,11:35:00,104300,104400,104200,104300,120,12510000,25,95
214430,2026-05-04,11:40:00,104200,104500,104000,104000,85,8850000,5,80
214430,2026-05-04,11:45:00,104000,104200,104000,104000,95,9890000,49,46
214430,2026-05-04,11:50:00,104000,104200,103900,103900,310,32240000,151,159
214430,2026-05-04,11:55:00,103900,104200,103800,104200,215,22340000,75,140
214430,2026-05-04,12:00:00,104200,104300,104200,104300,92,9590000,28,64
214430,2026-05-04,12:05:00,104200,104600,104000,104100,284,29590000,85,199
214430,2026-05-04,12:10:00,104700,104700,104100,104100,76,7940000,60,16
214430,2026-05-04,12:15:00,104100,104700,104100,104400,25,2610000,9,16
214430,2026-05-04,12:20:00,104400,104500,104100,104100,334,34790000,160,174
214430,2026-05-04,12:25:00,104400,104500,104000,104000,142,14790000,64,78
214430,2026-05-04,12:30:00,104000,104400,103800,103800,394,40970000,119,275
214430,2026-05-04,12:35:00,103800,104400,103800,103900,50,5200000,22,28
214430,2026-05-04,12:40:00,103900,104200,103800,104200,160,16630000,14,146
214430,2026-05-04,12:45:00,104200,104200,103900,103900,55,5720000,13,42
214430,2026-05-04,12:50:00,103900,104200,103700,103700,357,37090000,21,336
214430,2026-05-04,12:55:00,103700,104000,103500,104000,620,64230000,313,307
214430,2026-05-04,13:00:00,103600,104300,103600,104300,203,21080000,137,66
214430,2026-05-04,13:05:00,104000,104000,103600,103600,642,66580000,110,532
214430,2026-05-04,13:10:00,103600,103700,103600,103700,433,44860000,37,396
214430,2026-05-04,13:15:00,103600,103800,103600,103600,480,49740000,138,342
214430,2026-05-04,13:20:00,103600,103600,103500,103500,288,29810000,70,218
214430,2026-05-04,13:25:00,103400,103700,103400,103600,106,10980000,15,91
214430,2026-05-04,13:30:00,103700,103700,103600,103700,102,10580000,18,84
214430,2026-05-04,13:35:00,103800,103900,103800,103900,49,5090000,29,20
214430,2026-05-04,13:40:00,103800,103900,103800,103900,196,20340000,17,179
214430,2026-05-04,13:45:00,103800,103900,103800,103900,217,22540000,30,187
214430,2026-05-04,13:50:00,103900,104100,103900,104000,345,35880000,185,160
214430,2026-05-04,13:55:00,103900,104000,103900,104000,77,8000000,52,25
214430,2026-05-04,14:00:00,103900,104000,103700,103900,723,75070000,90,633
214430,2026-05-04,14:05:00,103900,103900,103700,103700,263,27290000,81,182
214430,2026-05-04,14:10:00,103700,103700,103600,103700,49,5080000,17,32
214430,2026-05-04,14:15:00,103700,103900,103700,103700,33,3430000,10,23
214430,2026-05-04,14:20:00,103700,103800,103000,103300,2382,245910000,334,2048
214430,2026-05-04,14:25:00,103200,103200,102900,103000,770,79340000,346,424
214430,2026-05-04,14:30:00,102900,103000,102800,102800,507,52150000,121,386
214430,2026-05-04,14:35:00,102900,102900,102600,102600,1005,103240000,471,534
214430,2026-05-04,14:40:00,102600,102700,102400,102600,1768,181250000,540,1228
214430,2026-05-04,14:45:00,102600,102600,102300,102500,704,72110000,367,337
214430,2026-05-04,14:50:00,102400,102700,102400,102600,650,66680000,447,203
214430,2026-05-04,14:55:00,102600,102800,102400,102800,959,98310000,438,521
214430,2026-05-04,15:00:00,102500,102700,102400,102500,3805,389830000,2681,1124
214430,2026-05-04,15:05:00,102500,103500,102400,103500,1487,153150000,534,953
214430,2026-05-04,15:10:00,103300,104500,102900,104400,1673,173720000,1457,216
214430,2026-05-04,15:15:00,104500,105800,104300,105800,3221,338450000,2501,720
214430,2026-05-04,15:20:00,105700,106300,105300,106200,3959,418590000,1743,2216
214430,2026-05-04,15:30:00,105800,105800,105800,105800,1487,157320000,1482,0
214430,2026-05-06,09:05:00,106000,106000,103500,103600,1196,125490000,367,829
214430,2026-05-06,09:10:00,103600,103600,102300,102700,913,94020000,167,746
214430,2026-05-06,09:15:00,102900,104200,102700,103700,658,68140000,300,358
214430,2026-05-06,09:20:00,103800,104100,102800,103800,589,61040000,233,356
214430,2026-05-06,09:25:00,103800,103800,102700,103100,589,60850000,252,337
214430,2026-05-06,09:30:00,103100,103600,102600,102600,1233,126800000,328,905
214430,2026-05-06,09:35:00,102700,103100,102600,102900,321,33020000,256,65
214430,2026-05-06,09:40:00,102900,103500,102800,102800,258,26580000,118,140
214430,2026-05-06,09:45:00,102800,103300,102700,103100,1789,184060000,1211,578
214430,2026-05-06,09:50:00,103100,103100,102800,102800,400,41150000,172,228
214430,2026-05-06,09:55:00,102700,103200,102700,103200,501,51610000,274,227
214430,2026-05-06,10:00:00,103200,103700,103100,103400,1314,135710000,739,575
214430,2026-05-06,10:05:00,103400,104000,103200,104000,383,39620000,115,268
214430,2026-05-06,10:10:00,104000,104000,103400,103400,160,16550000,21,139
214430,2026-05-06,10:15:00,103500,103700,103300,103700,152,15740000,108,44
214430,2026-05-06,10:20:00,103700,104200,103300,104000,620,64370000,334,286
214430,2026-05-06,10:25:00,104000,104000,103800,103800,158,16420000,18,140
214430,2026-05-06,10:30:00,103400,103800,103400,103400,257,26640000,73,184
214430,2026-05-06,10:35:00,103400,103800,103100,103700,536,55440000,331,205
214430,2026-05-06,10:40:00,103700,103800,103200,103600,185,19180000,44,141
214430,2026-05-06,10:45:00,103800,103800,103300,103400,120,12410000,25,95
214430,2026-05-06,10:50:00,103600,103600,103200,103500,197,20370000,111,86
214430,2026-05-06,10:55:00,103500,103700,103300,103600,159,16460000,93,66
214430,2026-05-06,11:00:00,103600,103900,103300,103600,278,28800000,211,67
214430,2026-05-06,11:05:00,103600,103900,103400,103400,194,20080000,60,134
214430,2026-05-06,11:10:00,103400,103500,103100,103300,860,88800000,416,444
214430,2026-05-06,11:15:00,103300,103500,103100,103100,281,29010000,187,94
214430,2026-05-06,11:20:00,103100,103200,103100,103100,82,8450000,35,47
214430,2026-05-06,11:25:00,103200,103200,102800,102800,603,62100000,60,543
214430,2026-05-06,11:30:00,102700,102900,102700,102700,321,33000000,198,123
214430,2026-05-06,11:35:00,102700,102800,102700,102700,394,40500000,100,294
214430,2026-05-06,11:40:00,102700,102800,102700,102800,59,6070000,40,19
214430,2026-05-06,11:45:00,102800,102900,102700,102800,185,19020000,128,57
214430,2026-05-06,11:50:00,102800,103100,102800,103000,189,19470000,178,11
214430,2026-05-06,11:55:00,103100,104000,103100,103200,275,28470000,210,65
214430,2026-05-06,12:00:00,103300,104000,103200,103800,358,37070000,295,63
214430,2026-05-06,12:05:00,103900,104200,103700,103900,523,54390000,118,405
214430,2026-05-06,12:10:00,103900,103900,103700,103700,46,4780000,4,42
214430,2026-05-06,12:15:00,103700,103700,103200,103200,118,12220000,18,100
214430,2026-05-06,12:20:00,103300,103400,103000,103400,295,30450000,162,133
214430,2026-05-06,12:25:00,103400,103400,103000,103100,347,35780000,228,119
214430,2026-05-06,12:30:00,103000,103300,103000,103300,198,20400000,75,123
214430,2026-05-06,12:35:00,103300,103300,102900,103100,64,6600000,29,35
214430,2026-05-06,12:40:00,103000,103300,103000,103100,93,9590000,74,19
214430,2026-05-06,12:45:00,103100,103300,103100,103300,240,24790000,217,23
214430,2026-05-06,12:50:00,103200,103800,103200,103500,239,24720000,210,29
214430,2026-05-06,12:55:00,103500,104000,103500,103600,563,58490000,303,260
214430,2026-05-06,13:00:00,103600,104100,103600,104100,527,54730000,416,111
214430,2026-05-06,13:05:00,103800,104100,103600,103800,409,42450000,275,134
214430,2026-05-06,13:10:00,103800,104000,103800,103800,191,19840000,138,53
214430,2026-05-06,13:15:00,103800,103900,103600,103600,234,24270000,60,174
214430,2026-05-06,13:20:00,103600,104000,103600,103900,347,36000000,324,23
214430,2026-05-06,13:25:00,104000,104000,103900,104000,335,34810000,284,51
214430,2026-05-06,13:30:00,104000,104200,103900,103900,354,36840000,177,177
214430,2026-05-06,13:35:00,103900,104000,103700,103900,101,10490000,48,53
214430,2026-05-06,13:40:00,103700,104100,103700,104100,130,13500000,123,7
214430,2026-05-06,13:45:00,104000,104800,103900,104800,662,69200000,651,11
214430,2026-05-06,13:50:00,104700,104700,103800,103800,517,53820000,36,481
214430,2026-05-06,13:55:00,103700,104200,102700,102800,2585,266440000,1165,1420
214430,2026-05-06,14:00:00,102800,103000,102600,102600,757,77860000,290,467
214430,2026-05-06,14:05:00,102600,102700,102600,102600,579,59420000,144,435
214430,2026-05-06,14:10:00,102600,102900,102600,102700,494,50720000,218,276
214430,2026-05-06,14:15:00,102900,103400,102600,102700,784,80630000,56,728
214430,2026-05-06,14:20:00,102700,102700,102300,102400,1577,161610000,202,1375
214430,2026-05-06,14:25:00,102400,102400,101600,101700,3726,379930000,1324,2402
214430,2026-05-06,14:30:00,101800,101800,101200,101500,1146,116310000,359,787
214430,2026-05-06,14:35:00,101500,101700,101300,101500,1058,107330000,374,684
214430,2026-05-06,14:40:00,101500,101600,101400,101500,1031,104640000,99,932
214430,2026-05-06,14:45:00,101500,101600,101200,101500,1497,151820000,284,1213
214430,2026-05-06,14:50:00,101500,101700,101200,101400,1754,177800000,420,1334
214430,2026-05-06,14:55:00,101500,101900,101300,101400,727,73770000,367,360
214430,2026-05-06,15:00:00,101400,101400,101200,101200,943,95500000,188,755
214430,2026-05-06,15:05:00,101200,102000,101100,101800,545,55320000,408,137
214430,2026-05-06,15:10:00,101700,102100,101600,101800,475,48340000,131,344
214430,2026-05-06,15:15:00,101800,102300,101700,102000,424,43210000,198,226
214430,2026-05-06,15:20:00,102000,103700,101700,103700,2408,246360000,1516,892
214430,2026-05-06,15:30:00,102900,102900,102900,102900,1254,129040000,1254,0
214430,2026-05-07,09:05:00,100400,100400,97800,98000,3407,336210000,558,2849
214430,2026-05-07,09:10:00,97900,99400,97800,98900,1557,153460000,1053,504
214430,2026-05-07,09:15:00,99100,99900,99000,99900,849,84330000,340,509
214430,2026-05-07,09:20:00,99800,100400,99300,99400,1234,123040000,376,858
214430,2026-05-07,09:25:00,99400,100200,99200,99500,640,63690000,238,402
214430,2026-05-07,09:30:00,99400,99500,98800,99200,1192,118100000,407,785
214430,2026-05-07,09:35:00,99200,99200,98000,98600,1294,127600000,311,983
214430,2026-05-07,09:40:00,98800,99000,98000,98600,1216,119800000,549,667
214430,2026-05-07,09:45:00,98500,99000,98000,98800,1222,120280000,678,544
214430,2026-05-07,09:50:00,98700,98900,97800,98600,1696,166490000,270,1426
214430,2026-05-07,09:55:00,98900,99500,98600,99000,514,50910000,327,187
214430,2026-05-07,10:00:00,99000,99200,98600,99200,321,31780000,157,164
214430,2026-05-07,10:05:00,99200,99500,98800,98900,483,47810000,183,300
214430,2026-05-07,10:10:00,98900,98900,98300,98300,413,40740000,47,366
214430,2026-05-07,10:15:00,98300,98300,98100,98300,222,21810000,139,83
214430,2026-05-07,10:20:00,98200,98300,98100,98300,514,50500000,313,201
214430,2026-05-07,10:25:00,98500,99300,98300,98300,3559,351020000,3293,266
214430,2026-05-07,10:30:00,98200,98800,98000,98200,368,36140000,313,55
214430,2026-05-07,10:35:00,98200,98600,98200,98300,199,19600000,144,55
214430,2026-05-07,10:40:00,98300,98500,98100,98500,158,15530000,51,107
214430,2026-05-07,10:45:00,98500,98700,98400,98550,88,8670000,84,4
214430,2026-05-07,10:50:00,98500,98800,98400,98600,232,22880000,131,101
214430,2026-05-07,10:55:00,98700,98800,98600,98800,206,20330000,109,97
214430,2026-05-07,11:00:00,98700,98800,98400,98700,266,26220000,42,224
214430,2026-05-07,11:05:00,98700,98700,98400,98600,203,20020000,149,54
214430,2026-05-07,11:10:00,98600,98800,98600,98700,155,15300000,106,49
214430,2026-05-07,11:15:00,98600,98700,98600,98600,119,11740000,57,62
214430,2026-05-07,11:20:00,98700,98700,98200,98200,1300,127930000,39,1261
214430,2026-05-07,11:25:00,98300,98500,98100,98500,299,29360000,209,90
214430,2026-05-07,11:30:00,98400,98600,98300,98500,111,10920000,75,36
214430,2026-05-07,11:35:00,98400,98500,98300,98300,234,23010000,124,110
214430,2026-05-07,11:40:00,98300,98400,98200,98300,154,15130000,60,94
214430,2026-05-07,11:45:00,98400,98400,98100,98200,102,10020000,35,67
214430,2026-05-07,11:50:00,98100,98300,98100,98100,210,20600000,31,179
214430,2026-05-07,11:55:00,98000,98200,97800,98000,1125,110210000,71,1054
214430,2026-05-07,12:00:00,98000,98100,97700,97700,1141,111670000,62,1079
214430,2026-05-07,12:05:00,97800,97800,97700,97800,924,90350000,731,193
214430,2026-05-07,12:10:00,97700,97800,97400,97500,1072,104570000,484,588
214430,2026-05-07,12:15:00,97500,97700,97400,97400,711,69330000,618,93
214430,2026-05-07,12:20:00,97600,97800,97600,97700,176,17190000,153,23
214430,2026-05-07,12:25:00,97600,97700,97400,97400,760,74050000,10,750
214430,2026-05-07,12:30:00,97400,97400,97100,97200,1757,170920000,87,1670
214430,2026-05-07,12:35:00,97200,97400,97200,97400,299,29110000,269,30
214430,2026-05-07,12:40:00,97300,97500,97100,97500,423,41160000,211,212
214430,2026-05-07,12:45:00,97300,97600,97300,97500,175,17050000,155,20
214430,2026-05-07,12:50:00,97500,97600,97300,97600,241,23470000,117,124
214430,2026-05-07,12:55:00,97600,97600,97200,97600,163,15890000,102,61
214430,2026-05-07,13:00:00,97500,97600,97300,97300,155,15100000,35,120
214430,2026-05-07,13:05:00,97300,97400,97200,97300,385,37470000,140,245
214430,2026-05-07,13:10:00,97500,97500,97100,97200,616,59860000,112,504
214430,2026-05-07,13:15:00,97100,97200,97000,97000,856,83100000,212,644
214430,2026-05-07,13:20:00,97000,97100,96600,96700,2161,209440000,107,2054
214430,2026-05-07,13:25:00,96800,96800,96600,96600,410,39630000,161,249
214430,2026-05-07,13:30:00,96600,97000,96600,96700,1212,117360000,667,545
214430,2026-05-07,13:35:00,96700,97200,96600,96800,1106,107140000,668,438
214430,2026-05-07,13:40:00,96800,97000,96600,96900,678,65580000,161,517
214430,2026-05-07,13:45:00,97000,98300,96800,98300,1192,116150000,1068,124
214430,2026-05-07,13:50:00,98300,99000,97800,98700,3025,297200000,998,2027
214430,2026-05-07,13:55:00,98400,98400,98000,98200,1120,110010000,228,892
214430,2026-05-07,14:00:00,98000,98000,97300,97900,4640,451860000,3806,834
214430,2026-05-07,14:05:00,98100,98300,97900,98300,440,43170000,232,208
214430,2026-05-07,14:10:00,98400,98600,98200,98600,354,34830000,179,175
214430,2026-05-07,14:15:00,98600,98700,98100,98400,748,73610000,65,683
214430,2026-05-07,14:20:00,98400,98500,98100,98300,404,39730000,104,300
214430,2026-05-07,14:25:00,98200,98600,98200,98600,345,33940000,108,237
214430,2026-05-07,14:30:00,98400,98500,98200,98200,225,22120000,135,90
214430,2026-05-07,14:35:00,98300,98500,98200,98500,412,40510000,192,220
214430,2026-05-07,14:40:00,98600,98600,98500,98500,157,15460000,22,135
214430,2026-05-07,14:45:00,98500,98600,98200,98500,411,40410000,62,349
214430,2026-05-07,14:50:00,98400,98500,98200,98200,368,36170000,185,183
214430,2026-05-07,14:55:00,98200,98500,98200,98400,319,31370000,171,148
214430,2026-05-07,15:00:00,98400,98500,98300,98300,294,28920000,111,183
214430,2026-05-07,15:05:00,98300,98400,97700,97800,2652,260020000,161,2491
214430,2026-05-07,15:10:00,97800,97900,97700,97800,688,67260000,382,306
214430,2026-05-07,15:15:00,97900,98200,97700,97700,757,74050000,175,582
214430,2026-05-07,15:20:00,97700,98200,97600,97700,1279,125160000,236,1043
214430,2026-05-07,15:30:00,97700,97700,97700,97700,1522,148700000,1522,0
214430,2026-05-08,09:05:00,98500,98600,96700,97200,1513,148140000,427,1086
214430,2026-05-08,09:10:00,97300,98100,97200,97500,1100,107490000,315,785
214430,2026-05-08,09:15:00,97600,98100,97000,97200,1052,102320000,321,731
214430,2026-05-08,09:20:00,97200,97200,95700,96000,765,73710000,170,595
214430,2026-05-08,09:25:00,95700,96100,94300,95000,2223,211130000,1098,1125
214430,2026-05-08,09:30:00,95000,95000,94200,94200,759,71730000,91,668
214430,2026-05-08,09:35:00,94300,94700,93700,93900,1846,173540000,397,1449
214430,2026-05-08,09:40:00,94100,94400,92700,92800,2579,240690000,484,2095
214430,2026-05-08,09:45:00,92700,93000,92200,92700,2114,195600000,581,1533
214430,2026-05-08,09:50:00,92800,93000,92700,92800,1248,115870000,238,1010
214430,2026-05-08,09:55:00,92700,93300,92700,93300,1146,106690000,539,607
214430,2026-05-08,10:00:00,93000,93700,93000,93000,824,76830000,236,588
214430,2026-05-08,10:05:00,93000,93500,92700,92900,1504,139910000,605,899
214430,2026-05-08,10:10:00,92900,94000,92900,94000,535,50160000,421,114
214430,2026-05-08,10:15:00,94000,94400,93000,93900,1165,108980000,398,767
214430,2026-05-08,10:20:00,93800,94000,93700,93700,394,37010000,335,59
214430,2026-05-08,10:25:00,94000,94100,93700,93800,304,28520000,118,186
214430,2026-05-08,10:30:00,93900,94100,93800,94000,126,11840000,73,53
214430,2026-05-08,10:35:00,94000,94500,94000,94300,474,44690000,364,110
214430,2026-05-08,10:40:00,94300,94400,94100,94300,429,40430000,400,29
214430,2026-05-08,10:45:00,94300,94300,94000,94100,534,50270000,106,428
214430,2026-05-08,10:50:00,94100,94500,94000,94100,347,32660000,105,242
214430,2026-05-08,10:55:00,94000,94200,93500,94200,1578,147850000,378,1200
214430,2026-05-08,11:00:00,93500,93600,93400,93600,684,63920000,197,487
214430,2026-05-08,11:05:00,93600,93900,93400,93500,378,35330000,79,299
214430,2026-05-08,11:10:00,93500,94000,93500,94000,131,12280000,78,53
214430,2026-05-08,11:15:00,94000,94000,93400,93400,470,44060000,95,375
214430,2026-05-08,11:20:00,93400,93800,93300,93500,334,31260000,213,121
214430,2026-05-08,11:25:00,93600,93900,93100,93300,849,79190000,131,718
214430,2026-05-08,11:30:00,93400,93800,93400,93500,187,17470000,157,30
214430,2026-05-08,11:35:00,93500,93600,92900,93300,1802,167860000,46,1756
214430,2026-05-08,11:40:00,92900,93100,92300,92400,2646,245160000,193,2453
214430,2026-05-08,11:45:00,92500,92700,92300,92500,767,70920000,114,653
214430,2026-05-08,11:50:00,92500,92700,92400,92500,1143,105750000,51,1092
214430,2026-05-08,11:55:00,92500,92700,92200,92500,1379,127450000,458,921
214430,2026-05-08,12:00:00,92500,92500,92200,92300,634,58530000,172,462
214430,2026-05-08,12:05:00,92500,92700,92200,92350,1025,94570000,149,876
214430,2026-05-08,12:10:00,92200,92200,91500,91800,2468,226590000,284,2184
214430,2026-05-08,12:15:00,91800,92100,91600,91700,539,49480000,196,343
214430,2026-05-08,12:20:00,91700,92000,91500,91700,840,76970000,366,474
214430,2026-05-08,12:25:00,91800,92100,91500,91900,750,68790000,316,434
214430,2026-05-08,12:30:00,92200,92200,91600,92200,452,41530000,152,300
214430,2026-05-08,12:35:00,91900,92300,91800,92000,703,64710000,182,521
214430,2026-05-08,12:40:00,92000,92500,91800,92000,706,64950000,172,534
214430,2026-05-08,12:45:00,92000,92000,91700,91700,619,56850000,194,425
214430,2026-05-08,12:50:00,91800,92000,91700,91900,471,43220000,192,279
214430,2026-05-08,12:55:00,91800,91900,91600,91700,599,54940000,168,431
214430,2026-05-08,13:00:00,91900,92000,91600,91700,489,44830000,163,326
214430,2026-05-08,13:05:00,91700,91800,91300,91400,1862,170500000,219,1643
214430,2026-05-08,13:10:00,91500,91700,91200,91600,1736,158580000,749,987
214430,2026-05-08,13:15:00,91500,91500,91200,91300,1242,113380000,292,950
214430,2026-05-08,13:20:00,91300,91600,91200,91400,678,61930000,212,466
214430,2026-05-08,13:25:00,91300,91600,91300,91600,1027,93900000,294,733
214430,2026-05-08,13:30:00,91600,91900,91400,91500,569,52100000,220,349
214430,2026-05-08,13:35:00,91500,91900,91500,91700,567,51950000,217,350
214430,2026-05-08,13:40:00,91700,91800,91600,91800,579,53080000,347,232
214430,2026-05-08,13:45:00,91700,91900,91500,91700,695,63680000,360,335
214430,2026-05-08,13:50:00,91700,91900,91500,91800,606,55580000,221,385
214430,2026-05-08,13:55:00,91800,92100,91400,92000,2882,263920000,2024,858
214430,2026-05-08,14:00:00,91900,91900,91000,91100,5514,503430000,2948,2566
214430,2026-05-08,14:05:00,91000,91100,90600,90900,1735,157690000,266,1469
214430,2026-05-08,14:10:00,91000,91000,90700,90800,904,82150000,267,637
214430,2026-05-08,14:15:00,90800,91200,90700,91100,1237,112420000,485,752
214430,2026-05-08,14:20:00,91100,91600,90900,91100,791,72090000,292,499
214430,2026-05-08,14:25:00,91100,91100,90800,90800,1016,92370000,370,646
214430,2026-05-08,14:30:00,90800,91400,90700,90800,2113,192160000,487,1626
214430,2026-05-08,14:35:00,90800,91000,90700,91000,992,90040000,215,777
214430,2026-05-08,14:40:00,90900,92000,90700,91200,1368,124780000,524,844
214430,2026-05-08,14:45:00,91200,91700,91000,91600,2272,207850000,1032,1240
214430,2026-05-08,14:50:00,91600,91600,91100,91200,1090,99460000,704,386
214430,2026-05-08,14:55:00,91200,91800,91000,91400,1364,124430000,1054,310
214430,2026-05-08,15:00:00,91300,91800,91100,91300,1229,112350000,835,394
214430,2026-05-08,15:05:00,91700,91800,91300,91500,1050,96060000,372,678
214430,2026-05-08,15:10:00,91500,92300,91400,91800,1273,116780000,513,760
214430,2026-05-08,15:15:00,91800,92500,91800,92000,1563,143900000,600,963
214430,2026-05-08,15:20:00,92000,94300,92000,94300,2377,221130000,1995,382
214430,2026-05-08,15:30:00,93500,93500,93500,93500,2724,254700000,2724,0
214430,2026-05-11,09:05:00,93300,93300,88600,91700,1423,131070000,504,919
214430,2026-05-11,09:10:00,91600,92800,90900,92600,1058,97580000,797,261
214430,2026-05-11,09:15:00,92300,92800,92000,92500,648,59820000,330,318
214430,2026-05-11,09:20:00,92500,92800,92000,92200,1596,147530000,781,815
214430,2026-05-11,09:25:00,92200,92700,91800,91800,587,53950000,308,279
214430,2026-05-11,09:30:00,91800,92200,91300,91700,1122,102890000,144,978
214430,2026-05-11,09:35:00,91800,92600,91800,92200,394,36260000,304,90
214430,2026-05-11,09:40:00,92200,92400,91500,91700,845,77690000,275,570
214430,2026-05-11,09:45:00,91600,92300,91600,92300,872,80100000,557,315
214430,2026-05-11,09:50:00,92400,92400,91700,91900,723,66560000,398,325
214430,2026-05-11,09:55:00,92300,94300,91900,93900,1827,169390000,1321,506
214430,2026-05-11,10:00:00,94300,95000,93800,95000,1540,145300000,963,577
214430,2026-05-11,10:05:00,94900,96800,94900,96300,4863,465550000,2829,2034
214430,2026-05-11,10:10:00,96100,96900,95900,96300,769,74070000,540,229
214430,2026-05-11,10:15:00,96300,97400,96000,96500,1339,129550000,847,492
214430,2026-05-11,10:20:00,96500,96600,95800,95800,521,50060000,157,364
214430,2026-05-11,10:25:00,95900,97200,95900,97000,884,85290000,805,79
214430,2026-05-11,10:30:00,96900,97700,96800,97500,1668,162100000,1302,366
214430,2026-05-11,10:35:00,97500,98500,97300,98200,2251,220470000,1890,361
214430,2026-05-11,10:40:00,98200,98400,97700,97800,1445,141690000,376,1069
214430,2026-05-11,10:45:00,97800,98500,96900,98300,1840,180150000,1034,806
214430,2026-05-11,10:50:00,98300,98300,97700,97800,398,38980000,87,311
214430,2026-05-11,10:55:00,97700,97700,96700,97100,916,88980000,517,399
214430,2026-05-11,11:00:00,97100,97200,96800,96900,365,35440000,168,197
214430,2026-05-11,11:05:00,96900,97000,96700,96700,196,18980000,65,131
214430,2026-05-11,11:10:00,96600,96600,96200,96200,347,33480000,162,185
214430,2026-05-11,11:15:00,96300,96300,96100,96200,254,24430000,85,169
214430,2026-05-11,11:20:00,96200,96500,96000,96100,729,70130000,294,435
214430,2026-05-11,11:25:00,96500,96500,96300,96400,173,16680000,74,99
214430,2026-05-11,11:30:00,96400,97500,96200,97300,421,40760000,357,64
214430,2026-05-11,11:35:00,97300,97500,97200,97500,359,34960000,268,91
214430,2026-05-11,11:40:00,97500,97600,96800,96800,443,43040000,127,316
214430,2026-05-11,11:45:00,96800,97000,96500,96900,513,49690000,378,135
214430,2026-05-11,11:50:00,96900,97000,96600,96900,363,35150000,167,196
214430,2026-05-11,11:55:00,97000,97000,96800,97000,420,40690000,298,122
214430,2026-05-11,12:00:00,96700,97300,96500,96900,516,49980000,313,203
214430,2026-05-11,12:05:00,96900,97000,96700,96900,540,52320000,303,237
214430,2026-05-11,12:10:00,97000,97300,96900,97000,122,11840000,104,18
214430,2026-05-11,12:15:00,97200,97200,96800,96800,353,34240000,152,201
214430,2026-05-11,12:20:00,96800,97000,96300,96600,949,91620000,143,806
214430,2026-05-11,12:25:00,96600,97000,96500,97000,502,48610000,460,42
214430,2026-05-11,12:30:00,97000,97300,96800,97300,175,16980000,151,24
214430,2026-05-11,12:35:00,97300,97600,97000,97300,354,34430000,217,137
214430,2026-05-11,12:40:00,97300,97300,97100,97300,123,11960000,95,28
214430,2026-05-11,12:45:00,97200,97200,97000,97000,238,23120000,115,123
214430,2026-05-11,12:50:00,97100,97800,97000,97000,232,22570000,149,83
214430,2026-05-11,12:55:00,97000,97200,96700,96700,211,20450000,72,139
214430,2026-05-11,13:00:00,96800,96800,96200,96200,254,24500000,96,158
214430,2026-05-11,13:05:00,96200,96200,95800,95900,472,45290000,149,323
214430,2026-05-11,13:10:00,95800,95900,95300,95400,369,35330000,108,261
214430,2026-05-11,13:15:00,95400,95500,95100,95200,415,39570000,290,125
214430,2026-05-11,13:20:00,95200,95600,95100,95600,275,26200000,206,69
214430,2026-05-11,13:25:00,95600,95600,94500,94500,323,30670000,3,320
214430,2026-05-11,13:30:00,94600,95300,94600,95200,2469,233770000,2378,91
214430,2026-05-11,13:35:00,95200,95300,95000,95000,145,13790000,75,70
214430,2026-05-11,13:40:00,95100,95500,95000,95500,378,35990000,340,38
214430,2026-05-11,13:45:00,95700,95700,95000,95100,283,26940000,194,89
214430,2026-05-11,13:50:00,95100,95300,95000,95000,312,29660000,183,129
214430,2026-05-11,13:55:00,94900,96700,94800,94800,459,43650000,176,283
214430,2026-05-11,14:00:00,94800,95500,93700,95200,1098,103360000,238,860
214430,2026-05-11,14:05:00,94500,94500,94500,94500,155,14650000,0,155
214430,2026-05-11,14:10:00,94500,94600,94300,94300,145,13700000,44,101
214430,2026-05-11,14:15:00,94400,94600,94200,94600,399,37660000,260,139
214430,2026-05-11,14:20:00,94600,94900,94500,94500,450,42530000,85,365
214430,2026-05-11,14:25:00,94600,94700,94500,94600,193,18260000,167,26
214430,2026-05-11,14:30:00,94600,95000,94600,94700,234,22170000,108,126
214430,2026-05-11,14:35:00,94900,94900,94600,94900,318,30140000,152,166
214430,2026-05-11,14:40:00,94900,94900,94400,94600,355,33620000,119,236
214430,2026-05-11,14:45:00,94700,95000,94500,94500,386,36530000,142,244
214430,2026-05-11,14:50:00,94900,95400,94500,94800,410,38830000,278,132
214430,2026-05-11,14:55:00,94800,95300,94700,95200,226,21430000,136,90
214430,2026-05-11,15:00:00,94700,95300,94700,95000,367,34880000,253,114
214430,2026-05-11,15:05:00,95100,95200,94600,94800,625,59330000,241,384
214430,2026-05-11,15:10:00,94700,95200,94600,94700,529,50110000,313,216
214430,2026-05-11,15:15:00,94700,95100,94600,94700,627,59390000,550,77
214430,2026-05-11,15:20:00,94700,96700,94600,96700,2311,219900000,1917,394
214430,2026-05-11,15:30:00,95800,95800,95800,95800,1403,134400000,1403,0
214430,2026-05-12,09:05:00,96500,96500,93200,93900,1194,112430000,575,619
214430,2026-05-12,09:10:00,93700,95100,93700,94800,255,24030000,75,180
214430,2026-05-12,09:15:00,94800,95200,94200,94200,193,18270000,26,167
214430,2026-05-12,09:20:00,94600,95000,93500,94400,1321,124200000,567,754
214430,2026-05-12,09:25:00,94500,94900,94000,94100,314,29600000,80,234
214430,2026-05-12,09:30:00,94100,94600,93600,94000,755,70930000,204,551
214430,2026-05-12,09:35:00,94000,94300,93700,94300,811,76170000,187,624
214430,2026-05-12,09:40:00,94300,94800,94100,94200,241,22730000,79,162
214430,2026-05-12,09:45:00,94200,94600,93700,93900,597,56060000,106,491
214430,2026-05-12,09:50:00,93900,93900,93600,93600,596,55860000,163,433
214430,2026-05-12,09:55:00,93800,93800,93600,93600,1228,114950000,518,710
214430,2026-05-12,10:00:00,93700,93900,93700,93800,197,18460000,73,124
214430,2026-05-12,10:05:00,93800,94800,93800,93900,326,30640000,184,142
214430,2026-05-12,10:10:00,93900,94000,93400,93600,1368,128090000,334,1034
214430,2026-05-12,10:15:00,93500,93600,92900,92900,1476,137700000,153,1323
214430,2026-05-12,10:20:00,92900,93000,92000,92000,1805,166990000,335,1470
214430,2026-05-12,10:25:00,92100,93600,91900,92100,728,67140000,410,318
214430,2026-05-12,10:30:00,92000,93400,91800,92100,986,90860000,591,395
214430,2026-05-12,10:35:00,92100,92100,90600,90700,1711,155860000,214,1497
214430,2026-05-12,10:40:00,90700,90800,88700,88800,4350,389910000,1872,2478
214430,2026-05-12,10:45:00,88800,90400,88800,90000,2364,212250000,702,1662
214430,2026-05-12,10:50:00,90000,91000,90000,90400,1642,148370000,1068,574
214430,2026-05-12,10:55:00,90500,91000,90100,90300,1226,110940000,561,665
214430,2026-05-12,11:00:00,90800,90800,89700,90100,980,88220000,435,545
214430,2026-05-12,11:05:00,90200,91600,90200,91100,612,55720000,437,175
214430,2026-05-12,11:10:00,91400,93000,91100,92000,784,71750000,325,459
214430,2026-05-12,11:15:00,91700,92000,90000,91800,1083,99060000,514,569
214430,2026-05-12,11:20:00,91300,91800,91100,91400,447,40810000,313,134
214430,2026-05-12,11:25:00,91100,93900,91000,92600,456,42000000,412,44
214430,2026-05-12,11:30:00,92600,92600,91600,91900,147,13520000,99,48
214430,2026-05-12,11:35:00,91900,91900,91300,91300,990,90700000,298,692
214430,2026-05-12,11:40:00,91500,93100,91300,91300,272,24930000,167,105
214430,2026-05-12,11:45:00,91300,91400,91100,91100,437,39830000,158,279
214430,2026-05-12,11:50:00,91100,91600,91100,91500,299,27290000,202,97
214430,2026-05-12,11:55:00,91500,93400,91400,91900,303,27930000,247,56
214430,2026-05-12,12:00:00,91600,91800,91200,91400,289,26420000,199,90
214430,2026-05-12,12:05:00,91500,91700,91100,91600,389,35580000,247,142
214430,2026-05-12,12:10:00,91600,91600,91000,91000,331,30150000,23,308
214430,2026-05-12,12:15:00,91000,91000,90700,91000,362,32890000,294,68
214430,2026-05-12,12:20:00,91000,91000,90500,90800,332,30080000,145,187
214430,2026-05-12,12:25:00,90700,92900,90600,90700,823,74740000,581,242
214430,2026-05-12,12:30:00,91600,91600,90700,90700,88,8000000,17,71
214430,2026-05-12,12:35:00,91100,92000,90800,91000,250,22790000,207,43
214430,2026-05-12,12:40:00,91100,91500,90900,91200,378,34440000,256,122
214430,2026-05-12,12:45:00,91200,91400,90900,91300,173,15760000,96,77
214430,2026-05-12,12:50:00,91300,91600,90900,91200,328,29890000,158,170
214430,2026-05-12,12:55:00,91100,91100,90800,90900,560,50910000,156,404
214430,2026-05-12,13:00:00,90800,90900,90700,90800,159,14440000,61,98
214430,2026-05-12,13:05:00,90800,91000,90400,90600,1316,119260000,172,1144
214430,2026-05-12,13:10:00,90500,90900,90500,90800,310,28080000,230,80
214430,2026-05-12,13:15:00,90900,90900,90500,90500,457,41440000,152,305
214430,2026-05-12,13:20:00,90800,90800,90400,90500,232,20980000,70,162
214430,2026-05-12,13:25:00,90500,90500,90300,90500,218,19710000,104,114
214430,2026-05-12,13:30:00,90400,90400,90000,90200,622,56090000,407,215
214430,2026-05-12,13:35:00,90200,90700,90200,90600,336,30380000,238,98
214430,2026-05-12,13:40:00,90500,90800,90300,90300,409,37020000,113,296
214430,2026-05-12,13:45:00,90200,90800,90000,90000,1125,101320000,607,518
214430,2026-05-12,13:50:00,90000,90200,90000,90000,419,37740000,150,269
214430,2026-05-12,13:55:00,90000,90300,89600,90200,2840,255380000,410,2430
214430,2026-05-12,14:00:00,90200,90200,89800,89800,388,34940000,318,70
214430,2026-05-12,14:05:00,89800,90100,89800,90100,597,53700000,409,188
214430,2026-05-12,14:10:00,90100,90400,90000,90000,270,24340000,235,35
214430,2026-05-12,14:15:00,89900,90900,89900,89900,338,30500000,193,145
214430,2026-05-12,14:20:00,90000,90100,89800,89900,306,27510000,74,232
214430,2026-05-12,14:25:00,89900,90100,89700,90000,634,56970000,313,321
214430,2026-05-12,14:30:00,90100,90500,90000,90200,462,41650000,230,232
214430,2026-05-12,14:35:00,90200,90300,89600,90000,752,67580000,292,460
214430,2026-05-12,14:40:00,89700,91400,89700,89700,930,83570000,590,340
214430,2026-05-12,14:45:00,89700,89700,88900,89000,3470,309230000,1255,2215
214430,2026-05-12,14:50:00,89000,91400,88900,89800,711,63720000,460,251
214430,2026-05-12,14:55:00,89800,91400,89600,90000,621,55860000,324,297
214430,2026-05-12,15:00:00,89900,91400,89500,89700,3406,305870000,1681,1725
214430,2026-05-12,15:05:00,89600,89900,89400,89500,1299,116520000,823,476
214430,2026-05-12,15:10:00,89700,90000,89400,89400,703,63010000,428,275
214430,2026-05-12,15:15:00,89400,90500,89200,89800,1117,100030000,584,533
214430,2026-05-12,15:20:00,89800,91900,89600,91900,1609,146360000,1297,312
214430,2026-05-12,15:30:00,91400,91400,91400,91400,2842,259760000,2842,0
214430,2026-05-13,09:05:00,90600,90600,88700,89000,1721,153900000,569,1152
214430,2026-05-13,09:10:00,89500,89700,88800,89700,249,22260000,163,86
214430,2026-05-13,09:15:00,89500,89700,89100,89100,1201,107200000,349,852
214430,2026-05-13,09:20:00,89200,89800,89000,89500,868,77490000,414,454
214430,2026-05-13,09:25:00,89000,91400,88900,89300,776,69390000,491,285
214430,2026-05-13,09:30:00,89300,89700,89000,89100,420,37500000,229,191
214430,2026-05-13,09:35:00,89100,89200,88600,89200,1460,129670000,384,1076
214430,2026-05-13,09:40:00,89200,89200,88600,88700,266,23600000,14,252
214430,2026-05-13,09:45:00,88700,90000,88300,89400,903,80030000,362,541
214430,2026-05-13,09:50:00,88900,88900,88000,88000,1371,120890000,495,876
214430,2026-05-13,09:55:00,88300,88300,87700,87700,1109,97410000,521,588
214430,2026-05-13,10:00:00,87700,89900,87200,87900,1685,148030000,941,744
214430,2026-05-13,10:05:00,87900,88800,87400,87500,616,54170000,226,390
214430,2026-05-13,10:10:00,87600,87800,86900,87400,7022,611370000,4399,2623
214430,2026-05-13,10:15:00,87400,87600,86100,86200,8355,723660000,3727,4628
214430,2026-05-13,10:20:00,86200,87700,86200,86900,6088,526870000,4831,1257
214430,2026-05-13,10:25:00,87100,87200,86800,87100,1147,99730000,567,580
214430,2026-05-13,10:30:00,87200,89000,86800,87900,1296,113420000,677,619
214430,2026-05-13,10:35:00,88000,88900,87500,88000,888,77870000,582,306
214430,2026-05-13,10:40:00,87900,88100,87500,88100,621,54480000,285,336
214430,2026-05-13,10:45:00,88000,88200,87600,87700,488,42950000,221,267
214430,2026-05-13,10:50:00,87700,87700,87100,87500,776,67810000,216,560
214430,2026-05-13,10:55:00,87400,87600,86500,86800,2149,186680000,874,1275
214430,2026-05-13,11:00:00,86500,86700,86300,86500,799,69060000,261,538
214430,2026-05-13,11:05:00,86500,87500,86300,86700,1242,107660000,664,578
214430,2026-05-13,11:10:00,86600,86600,86000,86100,1867,160860000,485,1382
214430,2026-05-13,11:15:00,86000,86600,86000,86500,564,48670000,225,339
214430,2026-05-13,11:20:00,86500,86900,86300,86600,769,66550000,247,522
214430,2026-05-13,11:25:00,86600,87000,86400,86900,550,47660000,365,185
214430,2026-05-13,11:30:00,86800,87500,86700,87300,455,39570000,265,190
214430,2026-05-13,11:35:00,87400,88000,87000,87400,1275,111460000,518,757
214430,2026-05-13,11:40:00,87600,88500,87100,87500,719,63030000,586,133
214430,2026-05-13,11:45:00,87500,87800,87000,87800,616,53800000,370,246
214430,2026-05-13,11:50:00,87800,88700,87500,87700,996,87500000,600,396
214430,2026-05-13,11:55:00,87600,87900,87500,87600,394,34530000,215,179
214430,2026-05-13,12:00:00,87600,87800,87500,87500,464,40660000,197,267
214430,2026-05-13,12:05:00,87600,87800,87500,87600,507,44420000,228,279
214430,2026-05-13,12:10:00,87600,88700,87600,88100,666,58590000,503,163
214430,2026-05-13,12:15:00,88200,88400,88000,88200,429,37870000,247,182
214430,2026-05-13,12:20:00,88100,88200,88000,88200,413,36380000,273,140
214430,2026-05-13,12:25:00,88100,88400,88000,88200,387,34080000,169,218
214430,2026-05-13,12:30:00,88100,88200,87900,88100,503,44300000,366,137
214430,2026-05-13,12:35:00,88200,88300,87800,87900,360,31660000,167,193
214430,2026-05-13,12:40:00,87900,88200,87800,88200,411,36180000,241,170
214430,2026-05-13,12:45:00,88200,88500,87900,88000,373,32870000,209,164
214430,2026-05-13,12:50:00,88000,88000,87600,87600,1103,96840000,83,1020
214430,2026-05-13,12:55:00,87600,87600,87400,87600,565,49430000,111,454
214430,2026-05-13,13:00:00,87400,87600,87300,87400,432,37760000,188,244
214430,2026-05-13,13:05:00,87500,87600,87200,87300,467,40790000,143,324
214430,2026-05-13,13:10:00,87300,87300,87100,87300,457,39870000,255,202
214430,2026-05-13,13:15:00,87300,88100,87100,87300,933,81470000,479,454
214430,2026-05-13,13:20:00,87300,87500,87100,87300,580,50640000,396,184
214430,2026-05-13,13:25:00,87200,87300,87100,87200,829,72280000,358,471
214430,2026-05-13,13:30:00,87100,87400,87100,87200,563,49080000,147,416
214430,2026-05-13,13:35:00,87200,87300,87100,87200,529,46090000,121,408
214430,2026-05-13,13:40:00,87100,87400,87100,87200,642,55990000,179,463
214430,2026-05-13,13:45:00,87200,87400,86200,86200,2860,248320000,415,2445
214430,2026-05-13,13:50:00,86200,88000,86100,86600,3782,327170000,1911,1871
214430,2026-05-13,13:55:00,86700,87000,86400,86700,875,75830000,445,430
214430,2026-05-13,14:00:00,86600,87000,86400,86700,787,68240000,380,407
214430,2026-05-13,14:05:00,86600,87400,86400,87400,1146,99550000,745,401
214430,2026-05-13,14:10:00,87400,87500,86800,87500,652,56770000,318,334
214430,2026-05-13,14:15:00,87000,87400,86600,86600,1826,158510000,922,904
214430,2026-05-13,14:20:00,86800,87200,86500,86800,1441,124930000,977,464
214430,2026-05-13,14:25:00,86800,87500,86500,86700,1978,171470000,1046,932
214430,2026-05-13,14:30:00,86700,86800,86300,86500,1224,105940000,441,783
214430,2026-05-13,14:35:00,86500,87200,86500,87100,1874,162560000,1107,767
214430,2026-05-13,14:40:00,87100,87200,86400,87100,1737,150520000,1009,728
214430,2026-05-13,14:45:00,86900,87200,86600,86600,1883,163490000,1246,637
214430,2026-05-13,14:50:00,86800,87300,86700,86900,449,39050000,222,227
214430,2026-05-13,14:55:00,86800,87800,86800,87700,457,39940000,384,73
214430,2026-05-13,15:00:00,87300,87600,87300,87500,318,27800000,265,53
214430,2026-05-13,15:05:00,87600,87900,87400,87600,816,71510000,581,235
214430,2026-05-13,15:10:00,87600,87900,87400,87500,1059,92780000,342,717
214430,2026-05-13,15:15:00,87600,88300,87500,88000,1794,157500000,1241,553
214430,2026-05-13,15:20:00,87800,89000,87800,89000,2142,189290000,1628,514
214430,2026-05-13,15:30:00,88100,88100,88100,88100,430,37890000,430,0
214430,2026-05-14,09:05:00,87500,89000,87400,88100,3736,329000000,2380,1356
214430,2026-05-14,09:10:00,88500,90800,88300,89000,3856,344580000,2007,1849
214430,2026-05-14,09:15:00,89100,89700,88400,89100,615,54760000,402,213
214430,2026-05-14,09:20:00,89100,89400,87600,87800,1248,110030000,19,1229
214430,2026-05-14,09:25:00,87900,88100,87400,88100,528,46270000,218,310
214430,2026-05-14,09:30:00,88100,88150,87600,87600,320,28110000,85,235
214430,2026-05-14,09:35:00,87700,88200,87700,87800,244,21430000,73,171
214430,2026-05-14,09:40:00,87800,88000,87600,87900,351,30780000,15,336
214430,2026-05-14,09:45:00,87900,88200,87500,87500,676,59270000,152,524
214430,2026-05-14,09:50:00,87400,87400,86600,86800,1364,118620000,394,970
214430,2026-05-14,09:55:00,86900,88200,86500,86700,699,60630000,121,578
214430,2026-05-14,10:00:00,86800,88000,86800,87300,218,19030000,34,184
214430,2026-05-14,10:05:00,87300,87800,87000,87100,204,17800000,54,150
214430,2026-05-14,10:10:00,87100,87200,86800,87000,389,33800000,185,204
214430,2026-05-14,10:15:00,87000,87100,86800,87100,258,22420000,68,190
214430,2026-05-14,10:20:00,87100,87100,86600,86600,480,41670000,130,350
214430,2026-05-14,10:25:00,86600,86900,85900,85900,1629,140480000,133,1496
214430,2026-05-14,10:30:00,85900,86000,85800,86000,200,17190000,119,81
214430,2026-05-14,10:35:00,86000,86000,85700,85800,587,50340000,189,398
214430,2026-05-14,10:40:00,85800,86000,85700,85700,379,32510000,138,241
214430,2026-05-14,10:45:00,85700,85900,85700,85800,582,49890000,290,292
214430,2026-05-14,10:50:00,85800,86200,85400,85500,978,83770000,274,704
214430,2026-05-14,10:55:00,85500,86000,84900,85800,5470,465860000,1564,3906
214430,2026-05-14,11:00:00,86000,86600,85700,86100,923,79340000,700,223
214430,2026-05-14,11:05:00,86000,86200,86000,86200,171,14720000,161,10
214430,2026-05-14,11:10:00,86100,86200,85800,86200,672,57730000,176,496
214430,2026-05-14,11:15:00,86300,86800,86100,86200,929,80250000,856,73
214430,2026-05-14,11:20:00,86200,86700,85900,86100,804,69230000,252,552
214430,2026-05-14,11:25:00,86000,86700,86000,86700,372,32130000,261,111
214430,2026-05-14,11:30:00,86600,86600,86500,86600,111,9610000,111,0
214430,2026-05-14,11:35:00,86500,88800,86500,87700,1700,149050000,1407,293
214430,2026-05-14,11:40:00,87700,89700,87700,89200,1131,100570000,1066,65
214430,2026-05-14,11:45:00,89400,89600,88100,88200,898,79860000,589,309
214430,2026-05-14,11:50:00,88100,88100,87400,87800,251,22060000,155,96
214430,2026-05-14,11:55:00,87700,87700,87100,87200,404,35270000,71,333
214430,2026-05-14,12:00:00,87100,87100,87000,87100,324,28190000,209,115
214430,2026-05-14,12:05:00,87100,87200,87100,87200,58,5060000,37,21
214430,2026-05-14,12:10:00,87100,88400,87100,88300,376,32870000,319,57
214430,2026-05-14,12:15:00,88200,88300,87400,88000,397,34890000,284,113
214430,2026-05-14,12:20:00,87500,87500,87000,87000,192,16770000,76,116
214430,2026-05-14,12:25:00,86900,87000,86800,87000,337,29290000,120,217
214430,2026-05-14,12:30:00,87000,87300,86900,87100,346,30110000,338,8
214430,2026-05-14,12:35:00,87000,87100,86900,86900,83,7220000,32,51
214430,2026-05-14,12:40:00,86900,87000,86800,87000,274,23780000,217,57
214430,2026-05-14,12:45:00,86800,87400,86800,87400,107,9300000,66,41
214430,2026-05-14,12:50:00,87400,87400,86700,87000,598,51890000,278,320
214430,2026-05-14,12:55:00,86800,86800,86500,86700,622,53920000,224,398
214430,2026-05-14,13:00:00,86700,86900,86300,86900,454,39290000,106,348
214430,2026-05-14,13:05:00,86600,87200,86100,86300,458,39530000,95,363
214430,2026-05-14,13:10:00,86400,86900,86100,86200,313,26970000,146,167
214430,2026-05-14,13:15:00,86100,86500,86100,86200,184,15880000,107,77
214430,2026-05-14,13:20:00,86200,86600,86200,86600,155,13360000,49,106
214430,2026-05-14,13:25:00,86200,86600,86200,86500,208,17960000,104,104
214430,2026-05-14,13:30:00,86500,86600,86500,86500,125,10810000,56,69
214430,2026-05-14,13:35:00,86500,86700,86400,86700,135,11690000,126,9
214430,2026-05-14,13:40:00,86600,88300,86100,86400,1244,107870000,438,806
214430,2026-05-14,13:45:00,86800,86800,86600,86600,8,690000,8,0
214430,2026-05-14,13:50:00,86500,86700,86100,86500,385,33250000,59,326
214430,2026-05-14,13:55:00,86100,87100,86100,86200,537,46370000,130,407
214430,2026-05-14,14:00:00,86300,86800,86100,86500,319,27500000,160,159
214430,2026-05-14,14:05:00,86500,86500,86100,86300,325,28020000,91,234
214430,2026-05-14,14:10:00,86100,86300,85900,86100,356,30620000,89,267
214430,2026-05-14,14:15:00,86000,86400,86000,86400,136,11730000,111,25
214430,2026-05-14,14:20:00,86200,86500,86100,86100,200,17240000,79,121
214430,2026-05-14,14:25:00,86100,86400,85900,86200,352,30320000,243,109
214430,2026-05-14,14:30:00,86100,86500,86000,86200,264,22780000,189,75
214430,2026-05-14,14:35:00,86200,86400,85900,86300,344,29630000,169,175
214430,2026-05-14,14:40:00,86300,86500,86100,86500,82,7070000,40,42
214430,2026-05-14,14:45:00,86500,86700,86100,86300,356,30770000,296,60
214430,2026-05-14,14:50:00,86300,86300,86000,86200,653,56300000,367,286
214430,2026-05-14,14:55:00,86200,86400,85900,86300,323,27800000,83,240
214430,2026-05-14,15:00:00,86300,86700,86300,86600,197,17040000,174,23
214430,2026-05-14,15:05:00,86700,87900,86700,87000,656,57140000,546,110
214430,2026-05-14,15:10:00,87000,87100,86700,87100,641,55720000,236,405
214430,2026-05-14,15:15:00,87100,87100,86700,86900,566,49230000,386,180
214430,2026-05-14,15:20:00,86900,88200,86300,87700,3348,290920000,2128,1220
214430,2026-05-14,15:30:00,87900,87900,87900,87900,2041,179400000,2041,0
214430,2026-05-15,09:05:00,88900,88900,86300,86600,2664,234370000,336,2328
214430,2026-05-15,09:10:00,86600,87200,85500,85600,1027,88500000,282,745
214430,2026-05-15,09:15:00,85600,85900,85400,85700,801,68510000,302,499
214430,2026-05-15,09:20:00,85500,86000,85400,85500,911,77930000,64,847
214430,2026-05-15,09:25:00,85500,85800,85100,85200,1361,116230000,568,793
214430,2026-05-15,09:30:00,85300,85500,85100,85300,907,77340000,442,465
214430,2026-05-15,09:35:00,85400,85400,85100,85200,811,69150000,91,720
214430,2026-05-15,09:40:00,85200,85700,85000,85100,1129,96270000,311,818
214430,2026-05-15,09:45:00,85100,85400,84600,84900,1368,116120000,199,1169
214430,2026-05-15,09:50:00,84700,84900,84400,84500,485,41020000,89,396
214430,2026-05-15,09:55:00,84400,84400,84000,84100,688,57960000,136,552
214430,2026-05-15,10:00:00,84100,84400,83800,83800,721,60570000,88,633
214430,2026-05-15,10:05:00,83700,84000,83400,83700,1675,139960000,373,1302
214430,2026-05-15,10:10:00,84000,84300,83800,84300,598,50200000,344,254
214430,2026-05-15,10:15:00,84500,85200,84400,84500,950,80600000,704,246
214430,2026-05-15,10:20:00,84500,85900,84200,85100,1515,128570000,1001,514
214430,2026-05-15,10:25:00,85100,85400,84900,85100,539,45910000,290,249
214430,2026-05-15,10:30:00,85200,85700,85100,85100,271,23100000,161,110
214430,2026-05-15,10:35:00,85200,85300,84600,85300,1201,101960000,358,843
214430,2026-05-15,10:40:00,85300,85300,84300,84400,365,30920000,143,222
214430,2026-05-15,10:45:00,85000,85300,84500,84700,816,69180000,565,251
214430,2026-05-15,10:50:00,84800,85100,84500,84800,1085,91880000,533,552
214430,2026-05-15,10:55:00,84500,85000,84300,84600,817,69130000,497,320
214430,2026-05-15,11:00:00,84600,85000,84200,85000,1215,103040000,342,873
214430,2026-05-15,11:05:00,85000,85000,84200,84800,1080,91290000,415,665
214430,2026-05-15,11:10:00,84200,84400,83900,84200,821,69030000,253,568
214430,2026-05-15,11:15:00,83800,84200,83700,83700,1187,99510000,799,388
214430,2026-05-15,11:20:00,83700,84200,83700,83800,985,82660000,193,792
214430,2026-05-15,11:25:00,83900,84500,83800,84000,1068,89780000,318,750
214430,2026-05-15,11:30:00,84100,84400,83600,83700,752,63050000,160,592
214430,2026-05-15,11:35:00,84200,84200,83200,83800,1809,150990000,145,1664
214430,2026-05-15,11:40:00,83300,84000,83300,83600,349,29180000,152,197
214430,2026-05-15,11:45:00,83600,84100,83300,83700,710,59400000,585,125
214430,2026-05-15,11:50:00,83700,84100,83400,83500,539,45090000,354,185
214430,2026-05-15,11:55:00,83400,84400,83400,84400,274,23010000,218,56
214430,2026-05-15,12:00:00,84000,84500,83700,83700,502,42210000,253,249
214430,2026-05-15,12:05:00,83900,84500,83800,84100,406,34140000,297,109
214430,2026-05-15,12:10:00,84300,84500,83800,83800,519,43660000,343,176
214430,2026-05-15,12:15:00,83900,86000,83800,84900,1226,103800000,977,249
214430,2026-05-15,12:20:00,84400,85700,84100,84700,439,37110000,263,176
214430,2026-05-15,12:25:00,84700,86400,84300,84300,1732,146830000,1147,585
214430,2026-05-15,12:30:00,84300,84900,84000,84000,480,40440000,105,375
214430,2026-05-15,12:35:00,84000,84100,83700,83800,404,33870000,222,182
214430,2026-05-15,12:40:00,83900,84000,83600,83800,459,38480000,212,247
214430,2026-05-15,12:45:00,83800,85000,83600,84000,944,79560000,732,212
214430,2026-05-15,12:50:00,84000,84500,83800,84000,445,37380000,255,190
214430,2026-05-15,12:55:00,84000,84600,83800,84200,486,40860000,297,189
214430,2026-05-15,13:00:00,84200,84500,83800,84200,281,23610000,151,130
214430,2026-05-15,13:05:00,84000,84200,83500,83500,838,70120000,315,523
214430,2026-05-15,13:10:00,83500,84100,83400,83500,1298,108300000,663,635
214430,2026-05-15,13:15:00,84400,84400,83400,83400,241,20120000,57,184
214430,2026-05-15,13:20:00,83400,83500,83100,83200,595,49540000,180,415
214430,2026-05-15,13:25:00,83000,83200,82700,82800,728,60390000,124,604
214430,2026-05-15,13:30:00,82800,83000,82700,83000,412,34120000,221,191
214430,2026-05-15,13:35:00,82800,83400,82700,83200,357,29600000,140,217
214430,2026-05-15,13:40:00,83200,83200,82600,82900,1150,95220000,809,341
214430,2026-05-15,13:45:00,82800,82900,82500,82600,825,68150000,338,487
214430,2026-05-15,13:50:00,82600,86400,81900,84100,6268,517580000,4187,2081
214430,2026-05-15,13:55:00,83300,83400,82400,82600,490,40520000,313,177
214430,2026-05-15,14:00:00,82700,83200,82400,82400,525,43340000,200,325
214430,2026-05-15,14:05:00,82400,82600,82200,82300,508,41820000,267,241
214430,2026-05-15,14:10:00,82300,86500,82100,83100,1373,115590000,1045,328
214430,2026-05-15,14:15:00,82800,84500,82800,83500,610,50860000,370,240
214430,2026-05-15,14:20:00,83500,84500,83000,83000,874,73160000,234,640
214430,2026-05-15,14:25:00,82800,86400,82800,83800,1120,94510000,788,332
214430,2026-05-15,14:30:00,83300,83600,83200,83200,525,43800000,82,443
214430,2026-05-15,14:35:00,83300,83500,82900,83000,1213,100810000,580,633
214430,2026-05-15,14:40:00,83100,83500,82900,83500,516,42910000,290,226
214430,2026-05-15,14:45:00,83200,84400,82600,82800,2148,178850000,936,1212
214430,2026-05-15,14:50:00,82900,83500,82300,82700,1703,140920000,567,1136
214430,2026-05-15,14:55:00,82400,82600,81900,82000,2060,169140000,1011,1049
214430,2026-05-15,15:00:00,81900,84000,81500,81700,2852,234650000,1799,1053
214430,2026-05-15,15:05:00,81700,83000,81600,82100,1414,115940000,869,545
214430,2026-05-15,15:10:00,82500,83700,82000,82300,734,60580000,430,304
214430,2026-05-15,15:15:00,82300,83700,82200,82200,2011,165680000,775,1236
214430,2026-05-15,15:20:00,82300,87000,82100,87000,6544,554350000,5392,1152
214430,2026-05-15,15:30:00,86200,86200,86200,86200,2882,248430000,2882,0
214430,2026-05-18,09:05:00,83900,83900,81500,81700,4457,369490000,1631,2826
214430,2026-05-18,09:10:00,81700,81800,80000,80100,4121,332800000,1249,2872
214430,2026-05-18,09:15:00,80100,80200,78800,79200,4103,325140000,816,3287
214430,2026-05-18,09:20:00,79000,79000,76200,76800,5418,419710000,2165,3253
214430,2026-05-18,09:25:00,76500,77500,75600,76400,5144,392840000,3196,1948
214430,2026-05-18,09:30:00,76200,77500,75800,77100,2376,181660000,798,1578
214430,2026-05-18,09:35:00,77000,77000,74900,75000,3570,269250000,824,2746
214430,2026-05-18,09:40:00,75100,75800,75000,75500,1096,82530000,713,383
214430,2026-05-18,09:45:00,75500,75500,74400,74800,3070,230000000,610,2460
214430,2026-05-18,09:50:00,74800,76700,74700,76000,2232,169350000,1279,953
214430,2026-05-18,09:55:00,76000,77100,76000,76600,1116,85500000,752,364
214430,2026-05-18,10:00:00,76900,77800,76300,77800,898,68970000,742,156
214430,2026-05-18,10:05:00,77300,77800,76400,77000,2229,171890000,1537,692
214430,2026-05-18,10:10:00,77000,78700,77000,78500,2898,226020000,1904,994
214430,2026-05-18,10:15:00,78300,78500,77700,77800,1776,138180000,256,1520
214430,2026-05-18,10:20:00,77800,77900,77400,77400,687,53400000,245,442
214430,2026-05-18,10:25:00,77400,78200,77000,77500,990,76550000,248,742
214430,2026-05-18,10:30:00,77800,79500,77700,78700,2094,163700000,1754,340
214430,2026-05-18,10:35:00,78700,79400,78300,79000,434,34250000,272,162
214430,2026-05-18,10:40:00,79000,79200,78400,78400,534,42090000,148,386
214430,2026-05-18,10:45:00,78400,79900,78300,79500,946,74790000,722,224
214430,2026-05-18,10:50:00,79400,80400,79300,79600,1053,83670000,215,838
214430,2026-05-18,10:55:00,79900,80300,79400,80300,373,29760000,130,243
214430,2026-05-18,11:00:00,79900,83000,79900,80500,1935,156140000,1456,479
214430,2026-05-18,11:05:00,80500,80800,80000,80800,816,65470000,159,657
214430,2026-05-18,11:10:00,80300,81300,79700,80200,674,54040000,263,411
214430,2026-05-18,11:15:00,80000,80100,79500,80100,552,44090000,309,243
214430,2026-05-18,11:20:00,79800,81300,79800,80200,475,38170000,289,186
214430,2026-05-18,11:25:00,81100,81200,80200,81100,198,15960000,137,61
214430,2026-05-18,11:30:00,80900,82600,80700,82000,902,73520000,645,257
214430,2026-05-18,11:35:00,81500,82000,81200,81200,338,27500000,91,247
214430,2026-05-18,11:40:00,81300,81400,80400,80400,863,69790000,492,371
214430,2026-05-18,11:45:00,80200,81300,80100,80500,289,23320000,239,50
214430,2026-05-18,11:50:00,80650,81100,80100,80500,288,23160000,156,132
214430,2026-05-18,11:55:00,80500,80500,80000,80000,277,22200000,21,256
214430,2026-05-18,12:00:00,80000,81500,80000,80900,691,55750000,419,272
214430,2026-05-18,12:05:00,80400,80700,79800,79900,797,63840000,357,440
214430,2026-05-18,12:10:00,80300,81700,79800,80300,223,18000000,150,73
214430,2026-05-18,12:15:00,80200,81400,80200,81400,319,25710000,251,68
214430,2026-05-18,12:20:00,80800,81400,80600,80700,232,18740000,107,125
214430,2026-05-18,12:25:00,80700,81100,80500,80500,335,27010000,181,154
214430,2026-05-18,12:30:00,80500,82400,80300,81500,596,48340000,378,218
214430,2026-05-18,12:35:00,81500,82400,80300,80500,256,20780000,151,105
214430,2026-05-18,12:40:00,80600,80700,80500,80500,124,9980000,12,112
214430,2026-05-18,12:45:00,80600,81200,80400,80600,378,30470000,214,164
214430,2026-05-18,12:50:00,80800,81400,80700,81300,150,12170000,128,22
214430,2026-05-18,12:55:00,81300,82000,81200,81700,787,64160000,326,461
214430,2026-05-18,13:00:00,81600,82700,81200,81600,438,35970000,304,134
214430,2026-05-18,13:05:00,81700,82500,81600,81900,212,17340000,115,97
214430,2026-05-18,13:10:00,81900,82300,81700,82000,489,40030000,157,332
214430,2026-05-18,13:15:00,81900,82300,81900,82300,266,21830000,141,125
214430,2026-05-18,13:20:00,82200,82400,81800,81800,279,22920000,141,138
214430,2026-05-18,13:25:00,81900,81900,81100,81100,675,55020000,46,629
214430,2026-05-18,13:30:00,81000,82700,80900,81000,701,57090000,442,259
214430,2026-05-18,13:35:00,81100,81100,80300,80300,625,50430000,64,561
214430,2026-05-18,13:40:00,80400,80800,80200,80300,345,27730000,213,132
214430,2026-05-18,13:45:00,80400,82200,80400,81000,261,21150000,158,103
214430,2026-05-18,13:50:00,81000,81500,80800,80900,510,41300000,334,176
214430,2026-05-18,13:55:00,81000,81500,80900,81200,194,15720000,116,78
214430,2026-05-18,14:00:00,81100,82600,80800,81200,382,31170000,304,78
214430,2026-05-18,14:05:00,81200,81800,80800,81100,223,18080000,99,124
214430,2026-05-18,14:10:00,81200,82400,81100,81600,367,29950000,290,77
214430,2026-05-18,14:15:00,81600,81600,80900,80900,489,39730000,248,241
214430,2026-05-18,14:20:00,80800,81000,80400,80500,361,29130000,132,229
214430,2026-05-18,14:25:00,80500,81200,80400,80500,199,16020000,134,65
214430,2026-05-18,14:30:00,80500,81700,80400,80800,530,42880000,397,133
214430,2026-05-18,14:35:00,80800,80900,80400,80400,1271,102530000,559,712
214430,2026-05-18,14:40:00,80400,81600,80400,81100,306,24870000,212,94
214430,2026-05-18,14:45:00,81500,81900,81000,81600,427,34790000,346,81
214430,2026-05-18,14:50:00,81500,81900,81300,81700,193,15770000,149,44
214430,2026-05-18,14:55:00,81800,82600,81500,81900,1032,84810000,678,354
214430,2026-05-18,15:00:00,82000,82600,82000,82100,504,41480000,271,233
214430,2026-05-18,15:05:00,82100,82300,82000,82200,627,51470000,286,341
214430,2026-05-18,15:10:00,82100,82300,82000,82200,647,53170000,474,173
214430,2026-05-18,15:15:00,82200,82700,82000,82500,1520,125200000,908,612
214430,2026-05-18,15:20:00,82500,83700,82500,83600,2943,244170000,2031,912
214430,2026-05-18,15:30:00,83400,83400,83400,83400,2098,174970000,2096,0
214430,2026-05-19,09:05:00,84900,86800,82000,85600,3254,273750000,2344,910
214430,2026-05-19,09:10:00,85600,87700,83800,87700,3325,285940000,1579,1746
214430,2026-05-19,09:15:00,87400,88200,86300,86500,3649,318880000,1613,2036
214430,2026-05-19,09:20:00,87000,88200,86900,87900,2249,197280000,1800,449
214430,2026-05-19,09:25:00,87900,88200,87000,87100,1557,136550000,967,590
214430,2026-05-19,09:30:00,86900,87400,85700,87400,1740,150760000,640,1100
214430,2026-05-19,09:35:00,87100,88900,87100,88600,1708,150910000,1367,341
214430,2026-05-19,09:40:00,88400,88400,86900,87400,1317,115310000,334,983
214430,2026-05-19,09:45:00,87400,87900,87000,87600,1505,131660000,751,754
214430,2026-05-19,09:50:00,87600,88800,87300,88000,1698,149860000,1256,442
214430,2026-05-19,09:55:00,88500,88500,86600,86600,5072,443990000,160,4912
214430,2026-05-19,10:00:00,86800,86900,85200,85200,1774,152830000,324,1450
214430,2026-05-19,10:05:00,85500,86000,85500,85900,402,34440000,242,160
214430,2026-05-19,10:10:00,85500,85800,85000,85300,1320,112760000,245,1075
214430,2026-05-19,10:15:00,85600,85600,84300,84500,7002,592550000,5385,1617
214430,2026-05-19,10:20:00,84400,84900,84400,84500,603,51000000,244,359
214430,2026-05-19,10:25:00,84800,86500,84400,86500,6293,537270000,825,5468
214430,2026-05-19,10:30:00,86700,87000,85500,85900,928,79740000,581,347
214430,2026-05-19,10:35:00,85900,85900,84900,85600,336,28690000,201,135
214430,2026-05-19,10:40:00,85600,86400,85100,85900,535,45900000,375,160
214430,2026-05-19,10:45:00,86100,86100,84300,84900,900,76720000,356,544
214430,2026-05-19,10:50:00,84900,85700,84200,85000,878,74390000,326,552
214430,2026-05-19,10:55:00,85000,85000,83800,83900,406,34150000,162,244
214430,2026-05-19,11:00:00,84100,85400,83700,84000,1582,132850000,1344,238
214430,2026-05-19,11:05:00,84000,84900,83700,84200,154,12940000,62,92
214430,2026-05-19,11:10:00,83700,85400,83500,84300,614,51510000,352,262
214430,2026-05-19,11:15:00,84200,84200,83300,83300,441,36850000,190,251
214430,2026-05-19,11:20:00,83300,84400,83200,84300,278,23250000,180,98
214430,2026-05-19,11:25:00,84300,84300,83300,83900,382,31920000,142,240
214430,2026-05-19,11:30:00,83900,84800,83300,83500,420,35200000,175,245
214430,2026-05-19,11:35:00,83500,84000,82900,83500,482,40150000,171,311
214430,2026-05-19,11:40:00,83100,84800,83000,83200,216,18000000,130,86
214430,2026-05-19,11:45:00,83100,83700,82900,83600,355,29530000,175,180
214430,2026-05-19,11:50:00,83200,85000,83200,83500,398,33260000,233,165
214430,2026-05-19,11:55:00,84700,84700,83300,83600,329,27510000,195,134
214430,2026-05-19,12:00:00,83700,85600,83500,84500,390,32710000,250,140
214430,2026-05-19,12:05:00,84500,85400,83400,83700,459,38590000,308,151
214430,2026-05-19,12:10:00,83700,84300,83400,84000,370,30950000,248,122
214430,2026-05-19,12:15:00,84000,84000,83400,83800,197,16470000,83,114
214430,2026-05-19,12:20:00,83500,84800,83250,83500,381,31850000,242,139
214430,2026-05-19,12:25:00,83500,84000,83500,84000,235,19660000,105,130
214430,2026-05-19,12:30:00,83900,84400,83500,84300,275,23060000,132,143
214430,2026-05-19,12:35:00,84300,84800,83800,83900,354,29840000,226,128
214430,2026-05-19,12:40:00,84400,84500,83800,84500,335,28190000,201,134
214430,2026-05-19,12:45:00,84500,84500,83500,83500,373,31280000,250,123
214430,2026-05-19,12:50:00,84000,84400,83400,83400,286,23920000,122,164
214430,2026-05-19,12:55:00,83400,84000,83300,83600,453,37770000,205,248
214430,2026-05-19,13:00:00,83600,84800,83300,84000,368,30810000,221,147
214430,2026-05-19,13:05:00,83500,84300,83400,83400,479,40110000,207,272
214430,2026-05-19,13:10:00,83800,84000,83200,83800,439,36660000,164,275
214430,2026-05-19,13:15:00,83800,83800,83300,83600,253,21100000,142,111
214430,2026-05-19,13:20:00,83600,84000,83200,83700,535,44600000,313,222
214430,2026-05-19,13:25:00,83600,83600,83200,83300,351,29250000,169,182
214430,2026-05-19,13:30:00,83300,84000,83200,83400,234,19510000,126,108
214430,2026-05-19,13:35:00,83400,84500,83400,83400,356,29820000,207,149
214430,2026-05-19,13:40:00,83900,83900,83300,83700,318,26540000,187,131
214430,2026-05-19,13:45:00,83800,83800,83200,83200,424,35350000,116,308
214430,2026-05-19,13:50:00,83300,83700,83100,83100,475,39600000,270,205
214430,2026-05-19,13:55:00,83100,83600,83100,83200,275,22920000,187,88
214430,2026-05-19,14:00:00,83200,83900,83200,83400,465,38800000,220,245
214430,2026-05-19,14:05:00,83300,84400,83300,83600,243,20340000,113,130
214430,2026-05-19,14:10:00,83600,84200,83400,84200,382,31960000,216,166
214430,2026-05-19,14:15:00,84100,84500,83800,83900,495,41670000,368,127
214430,2026-05-19,14:20:00,83900,84400,83600,84400,248,20810000,121,127
214430,2026-05-19,14:25:00,84400,84600,83900,84200,286,24060000,146,140
214430,2026-05-19,14:30:00,84200,85300,83900,85200,574,48510000,351,223
214430,2026-05-19,14:35:00,84600,85400,84500,84600,433,36820000,203,230
214430,2026-05-19,14:40:00,84500,85700,84500,85500,420,35710000,296,124
214430,2026-05-19,14:45:00,85100,85600,84900,85100,312,26540000,157,155
214430,2026-05-19,14:50:00,85100,85500,84800,85100,298,25360000,202,96
214430,2026-05-19,14:55:00,85100,85500,84900,85500,254,21630000,142,112
214430,2026-05-19,15:00:00,85000,85500,85000,85500,370,31560000,277,93
214430,2026-05-19,15:05:00,85400,85500,85100,85300,398,33940000,231,167
214430,2026-05-19,15:10:00,85100,85300,84900,84900,591,50290000,184,407
214430,2026-05-19,15:15:00,85000,85100,84800,85000,601,51040000,151,450
214430,2026-05-19,15:20:00,85100,85400,84800,85100,503,42800000,346,157
214430,2026-05-19,15:30:00,85500,85500,85500,85500,854,73010000,846,0
214430,2026-05-20,09:05:00,83400,84300,81000,82900,1700,139740000,1169,531
214430,2026-05-20,09:10:00,82900,82900,79400,79900,1393,111980000,491,902
214430,2026-05-20,09:15:00,79700,81700,78200,80100,1951,155150000,628,1323
214430,2026-05-20,09:20:00,79600,80100,76900,79300,3364,266410000,876,2488
214430,2026-05-20,09:25:00,79000,79400,78400,79300,1509,118930000,635,874
214430,2026-05-20,09:30:00,78700,79600,78700,79000,1000,79380000,230,770
214430,2026-05-20,09:35:00,79500,80300,79000,79600,1172,93210000,591,581
214430,2026-05-20,09:40:00,80300,80300,77000,79600,3062,242040000,1211,1851
214430,2026-05-20,09:45:00,79600,79700,78800,79000,1372,108620000,788,584
214430,2026-05-20,09:50:00,78900,79600,78400,79400,1546,121920000,837,709
214430,2026-05-20,09:55:00,79400,79500,78000,79400,10078,789110000,6939,3139
214430,2026-05-20,10:00:00,79200,80000,78100,79000,17771,1394450000,11636,6135
214430,2026-05-20,10:05:00,79200,79900,79000,79900,784,62290000,528,256
214430,2026-05-20,10:10:00,79900,80200,79700,80200,1051,84060000,910,141
214430,2026-05-20,10:15:00,80200,80600,79900,79900,694,55720000,493,201
214430,2026-05-20,10:20:00,79900,80500,79600,80000,912,73280000,536,376
214430,2026-05-20,10:25:00,80100,80400,80000,80000,463,37140000,177,286
214430,2026-05-20,10:30:00,80000,80000,79100,79200,526,41840000,174,352
214430,2026-05-20,10:35:00,79600,79900,79200,79700,609,48510000,393,216
214430,2026-05-20,10:40:00,79700,80800,79700,80200,846,67880000,769,77
214430,2026-05-20,10:45:00,80600,80600,79800,80200,549,44090000,308,241
214430,2026-05-20,10:50:00,80200,80500,79800,80300,633,50840000,587,46
214430,2026-05-20,10:55:00,80300,81400,80300,81300,464,37530000,426,38
214430,2026-05-20,11:00:00,81300,82100,81100,81200,673,54960000,477,196
214430,2026-05-20,11:05:00,81400,82100,81100,81900,477,38880000,256,221
214430,2026-05-20,11:10:00,82100,82200,81400,82000,531,43440000,306,225
214430,2026-05-20,11:15:00,82000,82400,81400,82400,689,56430000,514,175
214430,2026-05-20,11:20:00,82200,82300,81700,82200,434,35580000,224,210
214430,2026-05-20,11:25:00,81800,82300,81700,81900,425,34810000,269,156
214430,2026-05-20,11:30:00,81900,82100,80600,80800,450,36690000,81,369
214430,2026-05-20,11:35:00,80500,82400,79900,80500,989,79950000,524,465
214430,2026-05-20,11:40:00,80100,80800,80000,80200,281,22540000,91,190
214430,2026-05-20,11:45:00,80300,80300,80000,80100,200,16040000,128,72
214430,2026-05-20,11:50:00,80100,82600,79900,80400,600,48660000,421,179
214430,2026-05-20,11:55:00,80200,80200,79800,79800,380,30380000,180,200
214430,2026-05-20,12:00:00,79800,80500,79700,79800,284,22710000,211,73
214430,2026-05-20,12:05:00,79800,81500,79100,79700,956,76140000,282,674
214430,2026-05-20,12:10:00,79700,82200,79700,80500,435,35170000,289,146
214430,2026-05-20,12:15:00,79800,81300,79100,79100,955,76410000,437,518
214430,2026-05-20,12:20:00,79400,79800,79100,79400,349,27720000,200,149
214430,2026-05-20,12:25:00,79500,79600,79200,79300,219,17390000,123,96
214430,2026-05-20,12:30:00,79300,80400,78400,79300,1234,97600000,309,925
214430,2026-05-20,12:35:00,79300,79400,78800,79100,162,12830000,46,116
214430,2026-05-20,12:40:00,79000,79500,78900,79400,261,20670000,115,146
214430,2026-05-20,12:45:00,79400,80300,78800,79100,460,36510000,333,127
214430,2026-05-20,12:50:00,79200,79300,79000,79100,339,26830000,57,282
214430,2026-05-20,12:55:00,79200,79600,79000,79600,278,22030000,185,93
214430,2026-05-20,13:00:00,79400,79800,79100,79200,158,12550000,109,49
214430,2026-05-20,13:05:00,79200,80700,79000,79000,543,43240000,323,220
214430,2026-05-20,13:10:00,79100,80200,79100,80200,263,20920000,210,53
214430,2026-05-20,13:15:00,79700,80200,79600,79900,322,25690000,111,211
214430,2026-05-20,13:20:00,79900,80900,79600,79900,510,40830000,395,115
214430,2026-05-20,13:25:00,79900,80300,79700,80000,263,21010000,219,44
214430,2026-05-20,13:30:00,80000,80200,79800,80000,482,38540000,307,175
214430,2026-05-20,13:35:00,80100,80100,79800,79800,202,16160000,72,130
214430,2026-05-20,13:40:00,79800,80100,79400,79500,483,38500000,195,288
214430,2026-05-20,13:45:00,79400,79400,79300,79300,234,18570000,168,66
214430,2026-05-20,13:50:00,79300,79300,79000,79000,449,35540000,189,260
214430,2026-05-20,13:55:00,79100,79300,79100,79200,148,11720000,128,20
214430,2026-05-20,14:00:00,79200,79600,79200,79600,347,27540000,227,120
214430,2026-05-20,14:05:00,79800,79800,79500,79500,127,10110000,47,80
214430,2026-05-20,14:10:00,79400,79700,79300,79300,234,18600000,100,134
214430,2026-05-20,14:15:00,79300,79400,78800,79400,695,54990000,267,428
214430,2026-05-20,14:20:00,79300,79800,79000,79200,395,31390000,364,31
214430,2026-05-20,14:25:00,79300,79600,79200,79400,283,22460000,171,112
214430,2026-05-20,14:30:00,79200,79500,79100,79400,316,25070000,151,165
214430,2026-05-20,14:35:00,79400,80000,79200,80000,667,53150000,530,137
214430,2026-05-20,14:40:00,79900,80200,79800,80000,640,51200000,578,62
214430,2026-05-20,14:45:00,79800,80400,79800,80400,403,32330000,226,177
214430,2026-05-20,14:50:00,80200,80900,80100,80800,759,61040000,473,286
214430,2026-05-20,14:55:00,80450,80900,80400,80600,601,48490000,283,318
214430,2026-05-20,15:00:00,80500,81300,80500,81000,569,46060000,285,284
214430,2026-05-20,15:05:00,81000,81800,80500,80500,1672,135260000,753,919
214430,2026-05-20,15:10:00,80500,80800,79800,79900,791,63490000,522,269
214430,2026-05-20,15:15:00,80200,80600,79800,80100,854,68500000,526,328
214430,2026-05-20,15:20:00,80100,81400,79900,80500,1934,155480000,993,941
214430,2026-05-20,15:30:00,80700,80700,80700,80700,1804,145580000,1804,0
214430,2026-05-21,09:05:00,83000,83000,80700,81100,1177,96340000,685,492
214430,2026-05-21,09:10:00,81500,81600,80000,80600,1270,102610000,615,655
214430,2026-05-21,09:15:00,80600,81700,80200,80400,2147,172880000,1614,533
214430,2026-05-21,09:20:00,80500,80800,80200,80300,1109,89270000,370,739
214430,2026-05-21,09:25:00,80500,80900,80200,80600,670,53900000,258,412
214430,2026-05-21,09:30:00,80700,81100,80400,80800,488,39400000,290,198
214430,2026-05-21,09:35:00,80800,81500,80700,81500,701,56850000,480,221
214430,2026-05-21,09:40:00,81500,81500,81100,81300,194,15770000,111,83
214430,2026-05-21,09:45:00,81300,81400,80900,81300,411,33370000,221,190
214430,2026-05-21,09:50:00,81300,81600,80900,81600,570,46370000,319,251
214430,2026-05-21,09:55:00,81600,82200,81200,82000,596,48720000,267,329
214430,2026-05-21,10:00:00,82000,82000,81400,81900,1016,83190000,71,945
214430,2026-05-21,10:05:00,81900,82500,81500,82200,499,40930000,212,287
214430,2026-05-21,10:10:00,82200,82500,81900,82300,816,67270000,121,695
214430,2026-05-21,10:15:00,82100,82300,82000,82100,845,69450000,85,760
214430,2026-05-21,10:20:00,82200,82600,82200,82600,420,34630000,145,275
214430,2026-05-21,10:25:00,82500,83400,82500,83000,4334,359800000,2755,1579
214430,2026-05-21,10:30:00,83100,83100,82500,82900,1720,142440000,166,1554
214430,2026-05-21,10:35:00,82900,82900,81600,82300,1861,153380000,306,1555
214430,2026-05-21,10:40:00,82500,82500,81700,81700,1066,87360000,359,707
214430,2026-05-21,10:45:00,81800,82300,81700,82200,928,76290000,258,670
214430,2026-05-21,10:50:00,82200,82600,82200,82500,1467,120750000,878,589
214430,2026-05-21,10:55:00,82500,83900,82500,83200,1617,134320000,1407,210
214430,2026-05-21,11:00:00,83600,83600,82600,83100,1419,117690000,308,1111
214430,2026-05-21,11:05:00,83100,83600,83100,83400,588,48990000,398,190
214430,2026-05-21,11:10:00,83300,83900,83300,83400,833,69650000,134,699
214430,2026-05-21,11:15:00,83400,83900,83200,83700,489,40870000,243,246
214430,2026-05-21,11:20:00,83900,84000,83000,83200,3612,302820000,302,3310
214430,2026-05-21,11:25:00,83200,83200,82500,82500,353,29200000,60,293
214430,2026-05-21,11:30:00,82500,82800,82200,82300,168,13840000,45,123
214430,2026-05-21,11:35:00,82300,82800,82000,82800,393,32350000,275,118
214430,2026-05-21,11:40:00,82800,82800,82400,82600,103,8500000,25,78
214430,2026-05-21,11:45:00,82600,82600,82100,82200,235,19320000,36,199
214430,2026-05-21,11:50:00,82200,82200,81400,82000,8396,684530000,5546,2850
214430,2026-05-21,11:55:00,82000,82000,81400,82000,1333,108620000,1216,117
214430,2026-05-21,12:00:00,82000,82000,81700,81800,116,9500000,10,106
214430,2026-05-21,12:05:00,81700,82100,81500,81500,463,37840000,108,355
214430,2026-05-21,12:10:00,81500,82000,81500,81900,209,17080000,127,82
214430,2026-05-21,12:15:00,81900,82000,81600,81700,121,9890000,28,93
214430,2026-05-21,12:20:00,81800,81800,81500,81800,255,20790000,63,192
214430,2026-05-21,12:25:00,81600,81700,81400,81700,244,19900000,65,179
214430,2026-05-21,12:30:00,81700,81700,81500,81600,208,16960000,73,135
214430,2026-05-21,12:35:00,81600,81700,81400,81400,166,13520000,6,160
214430,2026-05-21,12:40:00,81400,81400,80900,80900,1093,88660000,135,958
214430,2026-05-21,12:45:00,81100,81100,81000,81000,117,9480000,70,47
214430,2026-05-21,12:50:00,81000,81000,80900,80900,42,3400000,5,37
214430,2026-05-21,12:55:00,80900,83000,80700,81300,1711,139700000,1280,431
214430,2026-05-21,13:00:00,81400,81800,81000,81400,154,12540000,142,12
214430,2026-05-21,13:05:00,81500,81600,81300,81600,190,15480000,176,14
214430,2026-05-21,13:10:00,81600,83000,81200,81200,2179,178390000,1073,1106
214430,2026-05-21,13:15:00,81300,81700,81300,81600,332,27050000,249,83
214430,2026-05-21,13:20:00,81500,82500,81100,81600,1477,120740000,774,703
214430,2026-05-21,13:25:00,81600,81600,81400,81400,225,18320000,21,204
214430,2026-05-21,13:30:00,81400,81400,80900,81300,777,63110000,346,431
214430,2026-05-21,13:35:00,81500,82500,81100,81500,962,78650000,716,246
214430,2026-05-21,13:40:00,81300,81700,81300,81600,174,14180000,119,55
214430,2026-05-21,13:45:00,81600,81900,81400,81900,1100,89910000,855,245
214430,2026-05-21,13:50:00,81800,82200,81200,81200,1095,89420000,610,485
214430,2026-05-21,13:55:00,81200,81300,81000,81100,212,17200000,43,169
214430,2026-05-21,14:00:00,81000,81300,80900,80900,404,32750000,128,276
214430,2026-05-21,14:05:00,81000,81700,80700,80800,1071,86900000,685,386
214430,2026-05-21,14:10:00,80900,80900,80600,80700,471,38000000,72,399
214430,2026-05-21,14:15:00,80700,81000,80700,81000,320,25870000,266,54
214430,2026-05-21,14:20:00,80700,82000,80700,81200,2564,207980000,1313,1251
214430,2026-05-21,14:25:00,81000,81900,81000,81800,1064,86890000,782,282
214430,2026-05-21,14:30:00,81900,82600,81800,82100,1337,109730000,911,426
214430,2026-05-21,14:35:00,82000,82300,81800,82300,1263,103430000,406,857
214430,2026-05-21,14:40:00,81900,82300,81800,82200,684,56120000,364,320
214430,2026-05-21,14:45:00,82200,83200,82200,82400,1125,92960000,719,406
214430,2026-05-21,14:50:00,82300,82600,82100,82100,786,64750000,219,567
214430,2026-05-21,14:55:00,82200,82400,82100,82200,363,29860000,177,186
214430,2026-05-21,15:00:00,82200,82400,82100,82200,981,80770000,763,218
214430,2026-05-21,15:05:00,82200,82200,81800,82200,1391,114070000,977,414
214430,2026-05-21,15:10:00,82200,83000,81900,82500,1696,139600000,1454,242
214430,2026-05-21,15:15:00,82400,82600,82200,82600,1662,136970000,1212,450
214430,2026-05-21,15:20:00,82600,83500,82300,83400,3742,309260000,2346,1396
214430,2026-05-21,15:30:00,82900,82900,82900,82900,1549,128420000,1549,0
214430,2026-05-22,09:05:00,82600,84300,81100,83600,1050,87290000,535,515
214430,2026-05-22,09:10:00,83600,84800,83000,84700,1426,120100000,924,502
214430,2026-05-22,09:15:00,84300,85800,84300,85700,1355,115550000,1026,329
214430,2026-05-22,09:20:00,85600,85700,85000,85500,1031,87980000,612,419
214430,2026-05-22,09:25:00,85600,85600,84600,84600,856,72930000,327,529
214430,2026-05-22,09:30:00,84600,85300,84500,85300,498,42320000,442,56
214430,2026-05-22,09:35:00,85400,86600,85400,86500,1365,117510000,1124,241
214430,2026-05-22,09:40:00,86500,87100,86400,86700,1198,103710000,874,324
214430,2026-05-22,09:45:00,87300,88200,86800,87900,1408,123620000,1028,380
214430,2026-05-22,09:50:00,87900,89000,87900,89000,4132,366320000,1941,2191
214430,2026-05-22,09:55:00,88800,89100,88000,88600,560,49660000,220,340
214430,2026-05-22,10:00:00,88100,88500,87900,88000,511,45100000,150,361
214430,2026-05-22,10:05:00,88100,88500,87800,88300,830,73280000,512,318
214430,2026-05-22,10:10:00,88300,89000,88000,88900,1366,121060000,1090,276
214430,2026-05-22,10:15:00,88800,88800,87800,87800,892,78640000,88,804
214430,2026-05-22,10:20:00,87800,88550,87600,88500,248,21850000,147,101
214430,2026-05-22,10:25:00,88100,88800,88100,88600,569,50380000,191,378
214430,2026-05-22,10:30:00,88600,89200,88600,89200,997,88650000,878,119
214430,2026-05-22,10:35:00,89200,89700,89000,89000,1510,135050000,1181,329
214430,2026-05-22,10:40:00,89400,89600,89300,89500,459,41060000,417,42
214430,2026-05-22,10:45:00,89400,89600,89300,89600,944,84400000,564,380
214430,2026-05-22,10:50:00,89600,89800,89400,89600,1551,139000000,1140,411
214430,2026-05-22,10:55:00,89600,89800,89300,89300,471,42210000,167,304
214430,2026-05-22,11:00:00,89300,89700,89200,89500,202,18100000,60,142
214430,2026-05-22,11:05:00,89400,89700,89200,89700,322,28820000,204,118
214430,2026-05-22,11:10:00,89500,90000,89400,89500,878,78780000,610,268
214430,2026-05-22,11:15:00,89500,89900,89500,89800,251,22510000,150,101
214430,2026-05-22,11:20:00,89800,89800,89400,89500,560,50140000,152,408
214430,2026-05-22,11:25:00,89600,89700,89100,89400,248,22150000,44,204
214430,2026-05-22,11:30:00,89400,89500,89200,89400,199,17790000,88,111
214430,2026-05-22,11:35:00,89400,89700,89200,89700,242,21650000,90,152
214430,2026-05-22,11:40:00,89700,89800,89300,89800,150,13440000,82,68
214430,2026-05-22,11:45:00,89400,89700,89300,89700,308,27550000,93,215
214430,2026-05-22,11:50:00,89700,89700,89300,89300,246,22010000,130,116
214430,2026-05-22,11:55:00,89300,89300,89000,89300,397,35370000,41,356
214430,2026-05-22,12:00:00,89100,89400,89000,89300,131,11700000,93,38
214430,2026-05-22,12:05:00,89100,89400,88600,89000,313,27880000,153,160
214430,2026-05-22,12:10:00,88700,89000,88600,89000,218,19360000,70,148
214430,2026-05-22,12:15:00,88900,89000,88300,88600,641,56690000,422,219
214430,2026-05-22,12:20:00,88600,88600,88200,88400,974,85970000,181,793
214430,2026-05-22,12:25:00,88700,88800,88400,88800,212,18800000,106,106
214430,2026-05-22,12:30:00,88800,89100,88300,88400,618,54690000,370,248
214430,2026-05-22,12:35:00,88800,89000,88400,88850,169,15010000,81,88
214430,2026-05-22,12:40:00,88850,89100,88600,88600,206,18300000,48,158
214430,2026-05-22,12:45:00,88700,88900,88300,88300,679,60170000,249,430
214430,2026-05-22,12:50:00,88500,88800,88400,88800,166,14690000,53,113
214430,2026-05-22,12:55:00,88800,89000,88700,88800,222,19710000,76,146
214430,2026-05-22,13:00:00,88700,88800,88400,88800,309,27400000,160,149
214430,2026-05-22,13:05:00,88400,88800,88200,88200,231,20440000,49,182
214430,2026-05-22,13:10:00,88100,88700,88000,88400,272,24020000,22,250
214430,2026-05-22,13:15:00,88300,89000,88200,89000,224,19860000,93,131
214430,2026-05-22,13:20:00,89000,89000,88100,88500,201,17820000,53,148
214430,2026-05-22,13:25:00,88500,89000,88400,89000,268,23790000,92,176
214430,2026-05-22,13:30:00,88600,89000,88300,88800,425,37640000,308,117
214430,2026-05-22,13:35:00,88700,88900,88200,88900,407,36040000,56,351
214430,2026-05-22,13:40:00,88900,88900,88400,88500,254,22550000,103,151
214430,2026-05-22,13:45:00,89000,89000,88500,89000,203,18020000,131,72
214430,2026-05-22,13:50:00,89000,89000,88500,89000,318,28230000,112,206
214430,2026-05-22,13:55:00,89000,89100,88800,89000,198,17610000,94,104
214430,2026-05-22,14:00:00,89000,89000,88800,88900,212,18850000,105,107
214430,2026-05-22,14:05:00,88800,89000,88400,88400,281,24930000,51,230
214430,2026-05-22,14:10:00,88500,88900,88400,88900,151,13410000,40,111
214430,2026-05-22,14:15:00,88900,89000,88600,88700,199,17680000,94,105
214430,2026-05-22,14:20:00,88700,89000,88500,88900,257,22800000,62,195
214430,2026-05-22,14:25:00,88600,88900,88500,88700,293,25980000,87,206
214430,2026-05-22,14:30:00,88700,88900,88300,88300,263,23300000,36,227
214430,2026-05-22,14:35:00,88500,88900,88300,88600,200,17730000,53,147
214430,2026-05-22,14:40:00,88300,88800,88300,88800,242,21420000,100,142
214430,2026-05-22,14:45:00,88800,88800,87900,88100,235,20760000,30,205
214430,2026-05-22,14:50:00,88300,88600,88000,88600,230,20300000,104,126
214430,2026-05-22,14:55:00,88300,88600,88000,88200,312,27530000,107,205
214430,2026-05-22,15:00:00,88100,88300,87700,87700,486,42690000,194,292
214430,2026-05-22,15:05:00,87800,89000,87800,88900,694,61260000,417,277
214430,2026-05-22,15:10:00,88400,88700,88200,88300,575,50850000,177,398
214430,2026-05-22,15:15:00,88200,88300,88100,88200,510,44970000,170,340
214430,2026-05-22,15:20:00,88200,89000,88200,88400,1236,109400000,773,463
214430,2026-05-22,15:30:00,88400,88400,88400,88400,1419,125430000,1412,0
214430,2026-05-26,09:05:00,88500,88500,86700,87100,1051,92330000,456,595
214430,2026-05-26,09:10:00,87200,89200,87200,88800,1570,138530000,1022,548
214430,2026-05-26,09:15:00,88400,89700,88200,89700,1246,110720000,672,574
214430,2026-05-26,09:20:00,89200,89800,89100,89600,541,48400000,297,244
214430,2026-05-26,09:25:00,89300,89600,88500,88500,429,38200000,93,336
214430,2026-05-26,09:30:00,88700,88800,88000,88000,782,69140000,250,532
214430,2026-05-26,09:35:00,88200,88600,87600,87700,305,26850000,159,146
214430,2026-05-26,09:40:00,87700,88400,87700,88100,213,18750000,103,110
214430,2026-05-26,09:45:00,88100,88200,87700,87900,163,14320000,13,150
214430,2026-05-26,09:50:00,87900,88200,87600,87800,368,32300000,184,184
214430,2026-05-26,09:55:00,87800,87800,87000,87100,1050,91480000,951,99
214430,2026-05-26,10:00:00,87100,87400,86700,86800,2085,181380000,1432,653
214430,2026-05-26,10:05:00,86700,86800,86400,86400,411,35620000,176,235
214430,2026-05-26,10:10:00,86500,87400,86400,86700,496,42990000,204,292
214430,2026-05-26,10:15:00,87300,87400,87000,87400,171,14920000,66,105
214430,2026-05-26,10:20:00,87400,87400,86400,86400,1021,88350000,781,240
214430,2026-05-26,10:25:00,86900,87000,86700,86800,112,9720000,28,84
214430,2026-05-26,10:30:00,86800,86800,85800,85800,783,67480000,37,746
214430,2026-05-26,10:35:00,85900,86300,85800,85800,289,24860000,89,200
214430,2026-05-26,10:40:00,85900,86100,85500,86000,333,28580000,132,201
214430,2026-05-26,10:45:00,86000,86200,85300,85900,538,46130000,301,237
214430,2026-05-26,10:50:00,85900,86000,84600,85200,1790,152040000,1161,629
214430,2026-05-26,10:55:00,84800,86100,84700,85400,530,45190000,364,166
214430,2026-05-26,11:00:00,85400,86100,85400,86100,269,23120000,205,64
214430,2026-05-26,11:05:00,86100,86100,85700,86000,406,34950000,150,256
214430,2026-05-26,11:10:00,86100,86100,85900,86100,184,15820000,115,69
214430,2026-05-26,11:15:00,86100,86100,85800,85800,101,8680000,45,56
214430,2026-05-26,11:20:00,85800,86100,85600,85700,318,27280000,181,137
214430,2026-05-26,11:25:00,85700,85900,85400,85400,329,28180000,81,248
214430,2026-05-26,11:30:00,85500,85500,84800,84800,542,46200000,97,445
214430,2026-05-26,11:35:00,84900,85200,84800,85100,266,22610000,116,150
214430,2026-05-26,11:40:00,85000,85100,85000,85000,228,19390000,78,150
214430,2026-05-26,11:45:00,85100,85400,84700,85000,640,54360000,215,425
214430,2026-05-26,11:50:00,85000,85000,84800,84900,240,20390000,53,187
214430,2026-05-26,11:55:00,85000,85100,84900,85000,350,29740000,226,124
214430,2026-05-26,12:00:00,84900,85000,84700,84700,310,26290000,61,249
214430,2026-05-26,12:05:00,84900,85000,84700,84800,207,17550000,26,181
214430,2026-05-26,12:10:00,84800,84800,84500,84500,380,32180000,144,236
214430,2026-05-26,12:15:00,84500,84700,79700,79700,4976,405880000,37,4939
214430,2026-05-26,12:20:00,84100,84200,83200,83900,616,51620000,443,173
214430,2026-05-26,12:25:00,83700,84200,83700,84100,693,58150000,389,304
214430,2026-05-26,12:30:00,84000,84000,83800,83800,152,12750000,17,135
214430,2026-05-26,12:35:00,83900,84400,83900,84400,457,38460000,413,44
214430,2026-05-26,12:40:00,84100,84300,84000,84300,290,24410000,160,130
214430,2026-05-26,12:45:00,84200,84200,84000,84000,624,52460000,392,232
214430,2026-05-26,12:50:00,84000,84000,83800,83900,283,23730000,80,203
214430,2026-05-26,12:55:00,83800,84200,83800,83900,239,20070000,135,104
214430,2026-05-26,13:00:00,83800,84300,83800,84100,180,15130000,113,67
214430,2026-05-26,13:05:00,84100,84600,83900,84600,342,28810000,265,77
214430,2026-05-26,13:10:00,84600,84700,84400,84500,246,20800000,102,144
214430,2026-05-26,13:15:00,84500,84600,84400,84400,270,22800000,56,214
214430,2026-05-26,13:20:00,84500,84500,84400,84500,181,15290000,110,71
214430,2026-05-26,13:25:00,84600,84800,84600,84700,136,11510000,58,78
214430,2026-05-26,13:30:00,84700,84800,84500,84500,226,19120000,72,154
214430,2026-05-26,13:35:00,84400,84600,84400,84600,403,34040000,136,267
214430,2026-05-26,13:40:00,84700,84800,84500,84600,325,27480000,84,241
214430,2026-05-26,13:45:00,84500,85300,84500,85200,247,20970000,187,60
214430,2026-05-26,13:50:00,85200,85200,84900,85000,2115,179800000,1734,381
214430,2026-05-26,13:55:00,85000,85100,84850,85100,204,17340000,96,108
214430,2026-05-26,14:00:00,85000,85100,84900,85000,410,34850000,272,138
214430,2026-05-26,14:05:00,85100,85200,84400,84400,381,32300000,89,292
214430,2026-05-26,14:10:00,84500,84500,84300,84500,289,24380000,82,207
214430,2026-05-26,14:15:00,84500,84500,84300,84400,167,14110000,96,71
214430,2026-05-26,14:20:00,84400,84500,84200,84200,312,26300000,95,217
214430,2026-05-26,14:25:00,84300,84300,84100,84200,256,21560000,135,121
214430,2026-05-26,14:30:00,84200,84200,84100,84100,156,13130000,39,117
214430,2026-05-26,14:35:00,84100,84400,84100,84200,161,13540000,30,131
214430,2026-05-26,14:40:00,84100,84200,83500,83600,925,77550000,117,808
214430,2026-05-26,14:45:00,83600,83700,83200,83300,586,48860000,166,420
214430,2026-05-26,14:50:00,83500,83600,83200,83500,237,19750000,63,174
214430,2026-05-26,14:55:00,83500,83600,83200,83300,240,20020000,100,140
214430,2026-05-26,15:00:00,83300,85000,83300,84000,764,64270000,449,315
214430,2026-05-26,15:05:00,84100,84200,83500,83500,635,53270000,223,412
214430,2026-05-26,15:10:00,83600,83900,83500,83600,432,36110000,353,79
214430,2026-05-26,15:15:00,83600,84900,83500,84200,787,66120000,654,133
214430,2026-05-26,15:20:00,84200,85500,83800,84200,3766,317700000,2267,1499
214430,2026-05-26,15:30:00,84600,84600,84600,84600,2020,170880000,2019,0
214430,2026-05-27,09:05:00,84500,84500,81200,81700,1520,124780000,537,983
214430,2026-05-27,09:10:00,81500,81700,81100,81300,952,77470000,268,684
214430,2026-05-27,09:15:00,81400,81900,81200,81800,658,53680000,133,525
214430,2026-05-27,09:20:00,81800,82500,81400,82500,474,38860000,332,142
214430,2026-05-27,09:25:00,82500,82700,81800,82700,648,53290000,228,420
214430,2026-05-27,09:30:00,82700,83400,82400,83300,673,55730000,403,270
214430,2026-05-27,09:35:00,83400,83900,83000,83000,342,28540000,148,194
214430,2026-05-27,09:40:00,83000,83300,81700,81700,547,45050000,83,464
214430,2026-05-27,09:45:00,81900,82600,81600,82400,1109,90700000,823,286
214430,2026-05-27,09:50:00,82400,82500,81800,82000,1414,115960000,987,427
214430,2026-05-27,09:55:00,82300,82500,81500,81500,631,51600000,157,474
214430,2026-05-27,10:00:00,81500,82500,81500,82200,166,13610000,91,75
214430,2026-05-27,10:05:00,82300,82400,81700,82200,152,12460000,98,54
214430,2026-05-27,10:10:00,82300,82300,81900,82200,107,8780000,40,67
214430,2026-05-27,10:15:00,82200,82800,82000,82800,362,29860000,263,99
214430,2026-05-27,10:20:00,82300,82800,82200,82700,221,18240000,40,181
214430,2026-05-27,10:25:00,82800,83100,82100,82500,316,26160000,74,242
214430,2026-05-27,10:30:00,82600,82700,82000,82000,226,18610000,32,194
214430,2026-05-27,10:35:00,82000,82000,81600,81600,102,8340000,31,71
214430,2026-05-27,10:40:00,81600,81600,81300,81500,398,32390000,99,299
214430,2026-05-27,10:45:00,81500,81600,81300,81300,173,14080000,58,115
214430,2026-05-27,10:50:00,81400,81400,81000,81200,374,30340000,37,337
214430,2026-05-27,10:55:00,81100,81200,81000,81100,363,29410000,72,291
214430,2026-05-27,11:00:00,81100,81600,81000,81300,768,62480000,663,105
214430,2026-05-27,11:05:00,81200,81500,81100,81400,259,21040000,39,220
214430,2026-05-27,11:10:00,81500,81500,81100,81500,176,14320000,94,82
214430,2026-05-27,11:15:00,81600,81600,81100,81200,703,57160000,66,637
214430,2026-05-27,11:20:00,81500,81800,81100,81100,269,21890000,122,147
214430,2026-05-27,11:25:00,81300,81500,80800,80800,2878,233080000,2325,553
214430,2026-05-27,11:30:00,80800,81000,80500,80700,1463,117890000,213,1250
214430,2026-05-27,11:35:00,80800,81200,80500,81200,357,28910000,196,161
214430,2026-05-27,11:40:00,81000,81000,80500,80700,521,42000000,21,500
214430,2026-05-27,11:45:00,80600,80900,80300,80800,486,39100000,114,372
214430,2026-05-27,11:50:00,80800,80800,80100,80300,545,43780000,242,303
214430,2026-05-27,11:55:00,80400,80600,79500,79600,1329,106220000,85,1244
214430,2026-05-27,12:00:00,79500,79800,79300,79400,691,54970000,98,593
214430,2026-05-27,12:05:00,79400,80000,79400,79600,173,13770000,111,62
214430,2026-05-27,12:10:00,79800,80300,79600,79700,417,33230000,58,359
214430,2026-05-27,12:15:00,79700,80000,79500,80000,315,25080000,126,189
214430,2026-05-27,12:20:00,79700,80300,79700,80000,325,25960000,158,167
214430,2026-05-27,12:25:00,79900,80000,79300,79500,1358,107980000,546,812
214430,2026-05-27,12:30:00,79700,79700,79600,79600,158,12590000,71,87
214430,2026-05-27,12:35:00,80000,80000,79600,79700,1197,95380000,45,1152
214430,2026-05-27,12:40:00,80000,80000,79600,79700,647,51560000,313,334
214430,2026-05-27,12:45:00,79600,79900,79600,79600,89,7080000,13,76
214430,2026-05-27,12:50:00,79600,79700,78300,79100,3001,236810000,572,2429
214430,2026-05-27,12:55:00,79100,79200,77800,78300,4715,370050000,1753,2962
214430,2026-05-27,13:00:00,78500,79300,78500,79300,821,64830000,533,288
214430,2026-05-27,13:05:00,79000,79200,78900,79200,512,40450000,269,243
214430,2026-05-27,13:10:00,79200,79600,79000,79600,494,39160000,384,110
214430,2026-05-27,13:15:00,79600,79600,79200,79500,193,15320000,129,64
214430,2026-05-27,13:20:00,79500,79600,79000,79200,487,38580000,117,370
214430,2026-05-27,13:25:00,79100,79300,78900,79000,324,25590000,118,206
214430,2026-05-27,13:30:00,79100,79200,78600,78900,652,51440000,206,446
214430,2026-05-27,13:35:00,78900,78900,78500,78700,593,46650000,234,359
214430,2026-05-27,13:40:00,78700,78900,77700,78600,1739,136240000,703,1036
214430,2026-05-27,13:45:00,78700,78900,78400,78900,386,30310000,97,289
214430,2026-05-27,13:50:00,78500,78900,78100,78700,694,54500000,379,315
214430,2026-05-27,13:55:00,78800,78900,78500,78600,448,35250000,141,307
214430,2026-05-27,14:00:00,78700,78800,78400,78500,453,35570000,208,245
214430,2026-05-27,14:05:00,78500,78900,78300,78600,398,31290000,275,123
214430,2026-05-27,14:10:00,78600,78700,78300,78300,572,44860000,217,355
214430,2026-05-27,14:15:00,78300,78300,78100,78200,711,55600000,439,272
214430,2026-05-27,14:20:00,78200,78300,78100,78300,351,27460000,207,144
214430,2026-05-27,14:25:00,78300,78900,78200,78400,997,78120000,779,218
214430,2026-05-27,14:30:00,78400,78700,78300,78700,144,11310000,69,75
214430,2026-05-27,14:35:00,78600,79000,78600,78900,560,44090000,309,251
214430,2026-05-27,14:40:00,78800,79300,78700,79200,395,31150000,275,120
214430,2026-05-27,14:45:00,78800,79300,78700,78700,492,38790000,269,223
214430,2026-05-27,14:50:00,78700,79000,78500,78600,475,37380000,306,169
214430,2026-05-27,14:55:00,78700,78800,77400,78100,30132,2346810000,25015,5117
214430,2026-05-27,15:00:00,78100,78200,77600,78200,795,62020000,447,348
214430,2026-05-27,15:05:00,78200,78200,77500,77900,2048,159260000,994,1054
214430,2026-05-27,15:10:00,78100,78200,77600,78000,1260,98080000,858,402
214430,2026-05-27,15:15:00,77900,78000,77500,77900,834,64840000,612,222
214430,2026-05-27,15:20:00,77800,77900,77400,77500,1999,155150000,627,1372
214430,2026-05-27,15:30:00,77500,77500,77500,77500,3467,268690000,3467,0
214430,2026-05-28,09:05:00,78000,79500,74700,78500,2524,196300000,874,1650
214430,2026-05-28,09:10:00,78500,79000,77800,78500,1269,99610000,876,393
214430,2026-05-28,09:15:00,78500,78800,77700,78100,852,66560000,409,443
214430,2026-05-28,09:20:00,78100,79200,78100,78700,972,76410000,591,381
214430,2026-05-28,09:25:00,78200,78800,78200,78400,533,41830000,347,186
214430,2026-05-28,09:30:00,78700,80600,78300,80200,2799,222770000,2245,554
214430,2026-05-28,09:35:00,80200,82100,80200,81400,3754,304680000,1481,2273
214430,2026-05-28,09:40:00,81700,82100,81400,81900,1567,128180000,1154,413
214430,2026-05-28,09:45:00,81900,82000,81100,81400,684,55800000,407,277
214430,2026-05-28,09:50:00,81400,81700,81100,81600,474,38610000,322,152
214430,2026-05-28,09:55:00,81500,81700,81200,81300,755,61540000,473,282
214430,2026-05-28,10:00:00,81200,81500,81000,81500,805,65450000,404,401
214430,2026-05-28,10:05:00,81500,81600,80000,81000,876,70880000,391,485
214430,2026-05-28,10:10:00,81100,81500,80800,81000,1011,81920000,375,636
214430,2026-05-28,10:15:00,81400,81900,80900,81700,665,54220000,555,110
214430,2026-05-28,10:20:00,81400,81700,81000,81000,1148,93370000,692,456
214430,2026-05-28,10:25:00,80900,81100,80500,80500,764,61720000,318,446
214430,2026-05-28,10:30:00,80700,80800,80400,80600,551,44400000,370,181
214430,2026-05-28,10:35:00,80700,81100,80600,81100,478,38620000,393,85
214430,2026-05-28,10:40:00,81100,81300,80900,80900,833,67580000,729,104
214430,2026-05-28,10:45:00,80900,82600,80900,82300,3298,270190000,3024,274
214430,2026-05-28,10:50:00,82200,82200,81400,81500,483,39480000,180,303
214430,2026-05-28,10:55:00,81500,81700,81000,81700,2449,198900000,1659,790
214430,2026-05-28,11:00:00,81700,81800,81300,81500,634,51770000,360,274
214430,2026-05-28,11:05:00,81600,81600,80800,80800,1259,102300000,243,1016
214430,2026-05-28,11:10:00,81000,81500,80600,81000,1436,116340000,789,647
214430,2026-05-28,11:15:00,80800,81100,79700,81100,825,66560000,584,241
214430,2026-05-28,11:20:00,81400,81400,80200,80400,886,71350000,384,502
214430,2026-05-28,11:25:00,80300,80800,79800,80400,1011,81180000,567,444
214430,2026-05-28,11:30:00,80300,80900,80200,80500,684,55040000,357,327
214430,2026-05-28,11:35:00,80500,80700,80200,80300,807,64840000,351,456
214430,2026-05-28,11:40:00,80300,80700,79700,80000,663,53030000,239,424
214430,2026-05-28,11:45:00,80000,80000,79300,79900,2850,226830000,396,2454
214430,2026-05-28,11:50:00,79700,79900,79300,79700,633,50350000,95,538
214430,2026-05-28,11:55:00,79700,80000,79400,80000,625,49760000,440,185
214430,2026-05-28,12:00:00,80000,80000,79200,79600,838,66720000,149,689
214430,2026-05-28,12:05:00,79600,79800,79400,79600,524,41690000,274,250
214430,2026-05-28,12:10:00,79600,79700,79200,79400,807,64120000,190,617
214430,2026-05-28,12:15:00,79300,79900,79200,79500,1554,123270000,341,1213
214430,2026-05-28,12:20:00,79500,80300,79300,79400,1137,90600000,617,520
214430,2026-05-28,12:25:00,79700,79700,79400,79700,781,62130000,450,331
214430,2026-05-28,12:30:00,79400,79700,79100,79500,868,68830000,123,745
214430,2026-05-28,12:35:00,79300,79500,79200,79300,321,25460000,228,93
214430,2026-05-28,12:40:00,79400,79400,78600,79000,2548,201520000,219,2329
214430,2026-05-28,12:45:00,79000,79400,78900,79400,856,67730000,540,316
214430,2026-05-28,12:50:00,79000,79400,78500,78900,1443,113850000,676,767
214430,2026-05-28,12:55:00,78900,79400,78800,79400,2124,168100000,1773,351
214430,2026-05-28,13:00:00,79400,79800,79100,79400,876,69520000,389,487
214430,2026-05-28,13:05:00,79900,80700,79600,80200,1296,103700000,935,361
214430,2026-05-28,13:10:00,80200,80600,79800,80400,1428,114530000,733,695
214430,2026-05-28,13:15:00,80500,80700,80300,80300,382,30750000,91,291
214430,2026-05-28,13:20:00,80300,80400,79900,80200,1059,84820000,286,773
214430,2026-05-28,13:25:00,80300,80800,80300,80800,1087,87510000,733,354
214430,2026-05-28,13:30:00,80800,80900,79700,80500,2805,224450000,383,2422
214430,2026-05-28,13:35:00,80200,80800,80100,80500,950,76370000,523,427
214430,2026-05-28,13:40:00,80100,80500,79900,80500,919,73600000,270,649
214430,2026-05-28,13:45:00,80200,81000,80000,80600,1120,90130000,665,455
214430,2026-05-28,13:50:00,80800,80800,80000,80100,975,78340000,234,741
214430,2026-05-28,13:55:00,80000,80200,79900,80100,948,75840000,255,693
214430,2026-05-28,14:00:00,80000,80000,78800,79200,12159,963770000,7085,5074
214430,2026-05-28,14:05:00,79300,79400,79200,79400,989,78420000,429,560
214430,2026-05-28,14:10:00,79400,80100,79300,80100,942,74970000,249,693
214430,2026-05-28,14:15:00,80100,80100,79600,80100,616,49130000,322,294
214430,2026-05-28,14:20:00,80000,81100,79500,81100,2407,193260000,1839,568
214430,2026-05-28,14:25:00,81100,81400,80600,81100,1996,162020000,1550,446
214430,2026-05-28,14:30:00,81100,81300,80300,81100,1011,81710000,405,606
214430,2026-05-28,14:35:00,81100,81800,80700,81800,1017,82590000,711,306
214430,2026-05-28,14:40:00,81800,85700,80900,85700,16802,1396240000,6814,9988
214430,2026-05-28,14:45:00,85700,85700,84500,84900,3269,277460000,1202,2067
214430,2026-05-28,14:50:00,84800,84900,82100,84300,2809,235620000,1481,1328
214430,2026-05-28,14:55:00,84300,84700,83600,83600,2201,185340000,1248,953
214430,2026-05-28,15:00:00,84000,84300,83700,84100,1079,90660000,876,203
214430,2026-05-28,15:05:00,84200,84700,84000,84200,1109,93500000,724,385
214430,2026-05-28,15:10:00,84300,84800,84100,84400,829,69900000,413,416
214430,2026-05-28,15:15:00,84100,84600,84000,84500,632,53300000,425,207
214430,2026-05-28,15:20:00,84600,85200,83900,85000,1409,119010000,974,435
214430,2026-05-28,15:30:00,84500,84500,84500,84500,1645,139000000,1640,0
