ticker,trade_date,trade_time,open_price,high_price,low_price,close_price,volume,turnover,bid_size_total,ask_size_total
145020,2026-01-02,10:05:00,233500,240000,233500,236000,4455,1056290000,2928,1527
145020,2026-01-02,10:10:00,235500,238000,235000,237000,2162,512230000,1131,1031
145020,2026-01-02,10:15:00,236750,239500,236000,236000,1334,316760000,866,468
145020,2026-01-02,10:20:00,236500,238500,235000,238500,1897,448830000,809,1088
145020,2026-01-02,10:25:00,237500,239500,237000,238500,1503,358590000,953,550
145020,2026-01-02,10:30:00,237500,239500,237500,239000,1557,371250000,1213,344
145020,2026-01-02,10:35:00,239000,239500,238500,239000,1320,315730000,659,661
145020,2026-01-02,10:40:00,239000,239500,238500,238500,719,171890000,392,327
145020,2026-01-02,10:45:00,238500,239000,238000,238500,586,139750000,335,251
145020,2026-01-02,10:50:00,238500,238500,237000,237500,432,102810000,246,186
145020,2026-01-02,10:55:00,238000,238500,237000,237000,343,81520000,232,111
145020,2026-01-02,11:00:00,237000,237500,236000,236000,419,99290000,198,221
145020,2026-01-02,11:05:00,235500,237000,235500,236500,493,116580000,386,107
145020,2026-01-02,11:10:00,236500,237500,236000,236500,317,75110000,228,89
145020,2026-01-02,11:15:00,237000,238000,236500,237000,365,86610000,233,132
145020,2026-01-02,11:20:00,237000,238500,237000,238000,392,93270000,274,118
145020,2026-01-02,11:25:00,238000,238500,237500,238250,410,97640000,239,171
145020,2026-01-02,11:30:00,238250,238500,236500,237500,793,188630000,370,423
145020,2026-01-02,11:35:00,237000,238000,236500,238000,513,121730000,300,213
145020,2026-01-02,11:40:00,238000,238500,237000,238000,432,102760000,226,206
145020,2026-01-02,11:45:00,238500,238750,238000,238000,328,78180000,225,103
145020,2026-01-02,11:50:00,238000,238500,238000,238500,436,103910000,305,131
145020,2026-01-02,11:55:00,238000,239500,238000,239500,660,157920000,542,118
145020,2026-01-02,12:00:00,239500,240000,239000,239500,499,119530000,334,165
145020,2026-01-02,12:05:00,239500,240000,239000,239500,595,142520000,413,182
145020,2026-01-02,12:10:00,239500,240000,239000,240000,506,121250000,225,281
145020,2026-01-02,12:15:00,240000,240000,239000,239500,546,130800000,310,236
145020,2026-01-02,12:20:00,239500,240000,238500,239000,556,133000000,293,263
145020,2026-01-02,12:25:00,239000,240000,238500,239500,553,132330000,279,274
145020,2026-01-02,12:30:00,239000,240000,238500,239000,814,194430000,494,320
145020,2026-01-02,12:35:00,239000,239500,238000,239000,616,147080000,245,371
145020,2026-01-02,12:40:00,239000,239000,238000,239000,386,92220000,229,157
145020,2026-01-02,12:45:00,239000,239500,238000,238500,567,135340000,257,310
145020,2026-01-02,12:50:00,238500,239000,238000,238500,595,142000000,293,302
145020,2026-01-02,12:55:00,238500,238500,237500,238000,746,177330000,418,328
145020,2026-01-02,13:00:00,237000,238000,237000,237500,421,100090000,235,186
145020,2026-01-02,13:05:00,237500,238000,237000,238000,408,96980000,183,225
145020,2026-01-02,13:10:00,238000,238500,237500,238000,456,108490000,275,181
145020,2026-01-02,13:15:00,238000,238500,237500,238000,425,101080000,244,181
145020,2026-01-02,13:20:00,237500,238500,237500,238000,336,79960000,177,159
145020,2026-01-02,13:25:00,237500,238000,237000,237500,382,90740000,188,194
145020,2026-01-02,13:30:00,237500,238500,237000,238000,466,110800000,237,229
145020,2026-01-02,13:35:00,238000,238500,237000,237500,348,82790000,207,141
145020,2026-01-02,13:40:00,237000,238000,237000,237000,370,87910000,190,180
145020,2026-01-02,13:45:00,237000,238000,236000,237000,499,118300000,267,232
145020,2026-01-02,13:50:00,236500,238000,236000,236500,768,181710000,415,353
145020,2026-01-02,13:55:00,236500,237000,236000,237000,545,129050000,288,257
145020,2026-01-02,14:00:00,237000,237500,236500,237500,366,86740000,223,143
145020,2026-01-02,14:05:00,236500,237500,236000,236500,439,103820000,242,197
145020,2026-01-02,14:10:00,236500,237000,236000,236500,385,91000000,199,186
145020,2026-01-02,14:15:00,236500,237000,235500,236500,345,81550000,190,155
145020,2026-01-02,14:20:00,236500,236500,235500,236000,455,107400000,243,212
145020,2026-01-02,14:25:00,236000,237000,235500,237000,524,123870000,269,255
145020,2026-01-02,14:30:00,236500,237500,236000,236500,410,97080000,275,135
145020,2026-01-02,14:35:00,236500,236500,235500,236500,284,67100000,168,116
145020,2026-01-02,14:40:00,236500,236500,235500,236000,373,87970000,237,136
145020,2026-01-02,14:45:00,236000,236500,235000,235500,335,78950000,207,128
145020,2026-01-02,14:50:00,235000,235500,234500,235000,639,150190000,278,361
145020,2026-01-02,14:55:00,235000,235500,234000,235500,595,139570000,309,286
145020,2026-01-02,15:00:00,235000,235500,234500,235000,236,55470000,181,55
145020,2026-01-02,15:05:00,234500,235000,234500,234500,382,89670000,177,205
145020,2026-01-02,15:10:00,234500,235500,234500,234500,468,110020000,288,180
145020,2026-01-02,15:15:00,235000,236000,234500,235500,650,152600000,279,371
145020,2026-01-02,15:20:00,235000,235500,234500,235500,227,53400000,110,117
145020,2026-01-02,15:30:00,235000,235000,235000,235000,832,195520000,832,0
145020,2026-01-05,09:05:00,238500,240000,230500,231000,2551,599170000,491,2060
145020,2026-01-05,09:10:00,231000,231500,229500,231500,1651,380410000,419,1232
145020,2026-01-05,09:15:00,231500,232000,230000,230500,1227,283090000,411,816
145020,2026-01-05,09:20:00,230500,231000,229500,230500,2608,599930000,313,2295
145020,2026-01-05,09:25:00,230500,231000,228000,228500,1290,295950000,156,1134
145020,2026-01-05,09:30:00,228500,229000,227500,228000,1802,411330000,412,1390
145020,2026-01-05,09:35:00,228000,228500,226500,227000,1443,327770000,245,1198
145020,2026-01-05,09:40:00,227000,228000,226000,227500,2866,650450000,809,2057
145020,2026-01-05,09:45:00,227000,227500,225500,227000,1857,420770000,238,1619
145020,2026-01-05,09:50:00,227000,227000,225500,226000,1937,437920000,866,1071
145020,2026-01-05,09:55:00,226500,228000,225500,227500,1303,294840000,573,730
145020,2026-01-05,10:00:00,227000,227500,226000,227000,912,206610000,459,453
145020,2026-01-05,10:05:00,226500,226500,226000,226000,593,134170000,295,298
145020,2026-01-05,10:10:00,226500,227000,226000,226500,355,80390000,115,240
145020,2026-01-05,10:15:00,226000,227000,226000,226000,1483,335760000,391,1092
145020,2026-01-05,10:20:00,226500,227000,226000,226500,929,210470000,413,516
145020,2026-01-05,10:25:00,226500,227500,226000,227000,357,80910000,275,82
145020,2026-01-05,10:30:00,227000,228000,226500,227000,1117,253670000,222,895
145020,2026-01-05,10:35:00,227000,227500,226000,226500,1772,401430000,146,1626
145020,2026-01-05,10:40:00,226500,226500,225500,226000,1794,405470000,119,1675
145020,2026-01-05,10:45:00,226500,226500,226000,226500,656,148400000,296,360
145020,2026-01-05,10:50:00,226500,226500,225500,226000,847,191450000,154,693
145020,2026-01-05,10:55:00,225500,226500,225500,226000,573,129600000,409,164
145020,2026-01-05,11:00:00,226000,226500,226000,226500,340,76980000,264,76
145020,2026-01-05,11:05:00,226500,227000,226000,227000,478,108240000,242,236
145020,2026-01-05,11:10:00,226500,227000,226000,226500,335,75870000,178,157
145020,2026-01-05,11:15:00,226500,227000,226000,226500,411,93070000,108,303
145020,2026-01-05,11:20:00,227000,227000,226500,227000,333,75510000,167,166
145020,2026-01-05,11:25:00,227000,227000,226500,226500,483,109450000,97,386
145020,2026-01-05,11:30:00,227000,227500,226500,227000,275,62410000,222,53
145020,2026-01-05,11:35:00,227000,227000,226500,226500,274,62150000,162,112
145020,2026-01-05,11:40:00,227500,227500,226500,227000,677,153510000,243,434
145020,2026-01-05,11:45:00,227000,227000,226500,226500,181,41060000,99,82
145020,2026-01-05,11:50:00,227000,227000,226000,226500,1843,417410000,432,1411
145020,2026-01-05,11:55:00,226500,226750,226000,226500,392,88750000,185,207
145020,2026-01-05,12:00:00,226500,227000,226000,226500,303,68630000,108,195
145020,2026-01-05,12:05:00,226500,227000,226000,226500,1617,365800000,223,1394
145020,2026-01-05,12:10:00,226500,226500,226000,226000,246,55680000,167,79
145020,2026-01-05,12:15:00,226500,226500,226000,226000,228,51590000,120,108
145020,2026-01-05,12:20:00,226500,226500,226000,226000,570,128840000,40,530
145020,2026-01-05,12:25:00,226500,226500,226000,226500,441,99750000,178,263
145020,2026-01-05,12:30:00,226000,226500,226000,226500,416,94190000,347,69
145020,2026-01-05,12:35:00,226500,227000,226000,226000,363,82180000,249,114
145020,2026-01-05,12:40:00,226500,226500,225500,226000,2540,574330000,536,2004
145020,2026-01-05,12:45:00,225500,226500,225500,226500,911,205880000,226,685
145020,2026-01-05,12:50:00,226500,226500,226000,226000,402,90870000,39,363
145020,2026-01-05,12:55:00,226500,226500,226000,226000,281,63570000,116,165
145020,2026-01-05,13:00:00,226000,226500,226000,226500,218,49300000,67,151
145020,2026-01-05,13:05:00,226500,226500,225500,226500,2450,553870000,394,2056
145020,2026-01-05,13:10:00,226000,227000,225500,226500,1221,276470000,550,671
145020,2026-01-05,13:15:00,226500,227000,226000,226500,475,107560000,359,116
145020,2026-01-05,13:20:00,226250,226500,226000,226500,612,138440000,260,352
145020,2026-01-05,13:25:00,226500,227500,226000,226500,694,157340000,441,253
145020,2026-01-05,13:30:00,227000,227000,226500,226500,330,74800000,105,225
145020,2026-01-05,13:35:00,226500,227000,226500,226500,231,52340000,24,207
145020,2026-01-05,13:40:00,226500,227000,226000,226500,450,101950000,193,257
145020,2026-01-05,13:45:00,226500,227000,226000,227000,414,93810000,285,129
145020,2026-01-05,13:50:00,227000,228000,226500,227000,565,128380000,253,312
145020,2026-01-05,13:55:00,227000,227500,226500,226500,235,53350000,98,137
145020,2026-01-05,14:00:00,226500,227000,226500,227000,216,49000000,146,70
145020,2026-01-05,14:05:00,227000,227000,226500,227000,333,75500000,157,176
145020,2026-01-05,14:10:00,227000,227500,226500,227000,822,186550000,282,540
145020,2026-01-05,14:15:00,227000,227000,226500,227000,417,94610000,325,92
145020,2026-01-05,14:20:00,227000,227500,226500,226500,909,206470000,694,215
145020,2026-01-05,14:25:00,227000,228000,227000,227500,951,216350000,830,121
145020,2026-01-05,14:30:00,227500,227500,227000,227500,430,97790000,294,136
145020,2026-01-05,14:35:00,227500,227500,227000,227500,332,75490000,253,79
145020,2026-01-05,14:40:00,227500,227500,227000,227500,712,161730000,218,494
145020,2026-01-05,14:45:00,227000,227500,227000,227000,332,75450000,169,163
145020,2026-01-05,14:50:00,227000,228000,227000,227500,945,214910000,732,213
145020,2026-01-05,14:55:00,227000,228000,227000,227500,655,148960000,505,150
145020,2026-01-05,15:00:00,227000,228000,227000,227500,583,132700000,190,393
145020,2026-01-05,15:05:00,228000,228000,227500,227500,319,72580000,26,293
145020,2026-01-05,15:10:00,227500,229000,227500,228000,1807,411950000,1296,511
145020,2026-01-05,15:15:00,228500,229500,228000,229000,2383,544820000,1662,721
145020,2026-01-05,15:20:00,228500,230000,228500,229500,1537,352570000,1200,337
145020,2026-01-05,15:30:00,229500,229500,229500,229500,2063,473450000,2060,0
145020,2026-01-06,09:05:00,230000,234500,230000,231000,1553,360010000,1151,402
145020,2026-01-06,09:10:00,231000,232500,231000,231500,422,97780000,264,158
145020,2026-01-06,09:15:00,231500,232500,231000,231500,727,168390000,193,534
145020,2026-01-06,09:20:00,231500,231500,229500,229500,723,166570000,168,555
145020,2026-01-06,09:25:00,230000,231500,229500,231500,344,79280000,244,100
145020,2026-01-06,09:30:00,231500,233500,231000,232500,788,183030000,650,138
145020,2026-01-06,09:35:00,232500,232500,230000,230000,531,122630000,193,338
145020,2026-01-06,09:40:00,230500,233000,230500,232500,461,106760000,401,60
145020,2026-01-06,09:45:00,232500,233000,232500,233000,221,51400000,173,48
145020,2026-01-06,09:50:00,232500,233000,232000,232500,229,53250000,59,170
145020,2026-01-06,09:55:00,233000,233000,232000,232000,153,35530000,33,120
145020,2026-01-06,10:00:00,232000,232500,231500,231500,320,74250000,83,237
145020,2026-01-06,10:05:00,231500,232000,230000,230500,1122,259090000,160,962
145020,2026-01-06,10:10:00,230500,230500,229500,230000,447,102900000,29,418
145020,2026-01-06,10:15:00,230000,230500,230000,230000,481,110850000,273,208
145020,2026-01-06,10:20:00,230500,231000,230000,231000,411,94690000,163,248
145020,2026-01-06,10:25:00,230500,231000,230000,230000,188,43330000,22,166
145020,2026-01-06,10:30:00,230000,230000,229500,229500,493,113380000,11,482
145020,2026-01-06,10:35:00,229500,230500,229500,230500,455,104570000,208,247
145020,2026-01-06,10:40:00,230000,230500,228500,229000,695,159410000,92,603
145020,2026-01-06,10:45:00,229000,229000,228500,229000,602,137730000,351,251
145020,2026-01-06,10:50:00,228500,229000,228500,229000,352,80550000,238,114
145020,2026-01-06,10:55:00,229000,229500,228500,229000,175,40070000,136,39
145020,2026-01-06,11:00:00,228500,229500,228500,229500,339,77690000,296,43
145020,2026-01-06,11:05:00,229000,229500,229000,229500,167,38280000,81,86
145020,2026-01-06,11:10:00,229500,229500,228500,229000,175,40080000,48,127
145020,2026-01-06,11:15:00,229000,229000,228500,229000,230,52620000,107,123
145020,2026-01-06,11:20:00,229500,230500,229000,230000,910,209090000,878,32
145020,2026-01-06,11:25:00,230000,230500,230000,230500,343,79020000,217,126
145020,2026-01-06,11:30:00,230000,230500,230000,230500,118,27160000,22,96
145020,2026-01-06,11:35:00,230000,230500,229500,229500,184,42280000,19,165
145020,2026-01-06,11:40:00,229500,230500,229500,230000,511,117490000,339,172
145020,2026-01-06,11:45:00,230000,230000,230000,230000,46,10580000,0,46
145020,2026-01-06,11:50:00,230500,230500,230000,230000,38,8740000,9,29
145020,2026-01-06,11:55:00,230000,230500,230000,230000,173,39800000,16,157
145020,2026-01-06,12:00:00,230000,230000,229500,229500,146,33570000,131,15
145020,2026-01-06,12:05:00,230000,230000,229500,229500,109,25020000,5,104
145020,2026-01-06,12:10:00,229500,230000,229500,229500,21,4820000,1,20
145020,2026-01-06,12:15:00,229500,230000,229000,229000,549,125820000,227,322
145020,2026-01-06,12:20:00,229000,229000,228500,228500,151,34520000,18,133
145020,2026-01-06,12:25:00,228500,229000,228500,229000,80,18310000,57,23
145020,2026-01-06,12:30:00,229000,229000,228500,228500,410,93880000,380,30
145020,2026-01-06,12:35:00,228500,229000,228500,229000,177,40500000,120,57
145020,2026-01-06,12:40:00,229000,229000,228500,229000,82,18770000,75,7
145020,2026-01-06,12:45:00,229000,229000,228500,229000,115,26300000,39,76
145020,2026-01-06,12:50:00,229000,229500,228000,229500,1178,269380000,604,574
145020,2026-01-06,12:55:00,229500,230500,229000,229500,641,147270000,607,34
145020,2026-01-06,13:00:00,229500,229500,229000,229500,148,33970000,147,1
145020,2026-01-06,13:05:00,229000,230000,229000,229500,365,83710000,153,212
145020,2026-01-06,13:10:00,229500,229500,228000,228500,768,175570000,42,726
145020,2026-01-06,13:15:00,228500,228500,228000,228500,234,53400000,88,146
145020,2026-01-06,13:20:00,228500,228500,228000,228000,250,57050000,108,142
145020,2026-01-06,13:25:00,228000,228500,228000,228500,301,68670000,83,218
145020,2026-01-06,13:30:00,228500,228500,228000,228000,396,90430000,287,109
145020,2026-01-06,13:35:00,228000,228500,227500,228000,595,135640000,200,395
145020,2026-01-06,13:40:00,227500,228000,227500,227500,337,76710000,71,266
145020,2026-01-06,13:45:00,227500,228000,227000,227500,620,140940000,216,404
145020,2026-01-06,13:50:00,227000,228000,227000,228000,790,179600000,484,306
145020,2026-01-06,13:55:00,228000,228000,227500,228000,271,61710000,113,158
145020,2026-01-06,14:00:00,227500,228000,227500,228000,177,40280000,27,150
145020,2026-01-06,14:05:00,228000,228000,227000,228000,1156,262950000,405,751
145020,2026-01-06,14:10:00,227000,228000,227000,228000,310,70520000,78,232
145020,2026-01-06,14:15:00,227500,228000,227000,228000,528,120130000,363,165
145020,2026-01-06,14:20:00,228000,228000,226500,227000,920,208930000,108,812
145020,2026-01-06,14:25:00,227500,227500,226500,227500,358,81240000,129,229
145020,2026-01-06,14:30:00,227500,227500,227000,227500,454,103100000,90,364
145020,2026-01-06,14:35:00,227500,228000,227000,227500,477,108500000,332,145
145020,2026-01-06,14:40:00,227500,228000,227000,228000,301,68490000,88,213
145020,2026-01-06,14:45:00,228000,228000,227500,228000,196,44600000,30,166
145020,2026-01-06,14:50:00,227500,228000,227000,227000,379,86160000,58,321
145020,2026-01-06,14:55:00,227000,227500,227000,227000,289,65640000,81,208
145020,2026-01-06,15:00:00,227000,227500,227000,227500,649,147340000,31,618
145020,2026-01-06,15:05:00,227000,227500,227000,227000,453,102870000,75,378
145020,2026-01-06,15:10:00,227000,227500,226500,227500,1019,231310000,616,403
145020,2026-01-06,15:15:00,227000,227500,227000,227000,557,126470000,56,501
145020,2026-01-06,15:20:00,227000,227500,227000,227000,1063,241570000,531,532
145020,2026-01-06,15:30:00,227000,227000,227000,227000,2652,602000000,2652,0
145020,2026-01-07,09:05:00,227500,229000,226000,227000,1831,416450000,489,1342
145020,2026-01-07,09:10:00,226500,227000,225500,226000,1258,284510000,375,883
145020,2026-01-07,09:15:00,226000,228000,226000,227000,531,120410000,284,247
145020,2026-01-07,09:20:00,227000,228000,227000,228000,286,65010000,135,151
145020,2026-01-07,09:25:00,227500,228000,226500,227000,1323,300140000,232,1091
145020,2026-01-07,09:30:00,226500,226500,225000,225000,4105,927700000,442,3663
145020,2026-01-07,09:35:00,225000,226000,225000,225500,740,166810000,484,256
145020,2026-01-07,09:40:00,225000,225500,225000,225000,547,123130000,153,394
145020,2026-01-07,09:45:00,225000,225500,223500,224000,1351,303000000,50,1301
145020,2026-01-07,09:50:00,224000,224000,222000,222500,2222,495350000,307,1915
145020,2026-01-07,09:55:00,222500,223500,222500,223000,570,126970000,136,434
145020,2026-01-07,10:00:00,223000,226000,222500,226000,725,162590000,519,206
145020,2026-01-07,10:05:00,224000,226500,223500,224500,794,178310000,268,526
145020,2026-01-07,10:10:00,224000,224500,223500,224000,88,19720000,16,72
145020,2026-01-07,10:15:00,224000,224000,222500,223000,582,129880000,32,550
145020,2026-01-07,10:20:00,223500,223500,222500,223500,810,180680000,128,682
145020,2026-01-07,10:25:00,223000,223500,222500,223000,296,66000000,144,152
145020,2026-01-07,10:30:00,223000,223500,222500,223500,83,18510000,37,46
145020,2026-01-07,10:35:00,223000,223000,222500,223000,156,34760000,0,156
145020,2026-01-07,10:40:00,223000,223500,223000,223500,152,33900000,9,143
145020,2026-01-07,10:45:00,223500,223500,223000,223500,784,175180000,681,103
145020,2026-01-07,10:50:00,223500,223500,223000,223500,824,183800000,43,781
145020,2026-01-07,10:55:00,223500,223500,222500,223000,229,51110000,96,133
145020,2026-01-07,11:00:00,223000,223500,223000,223000,119,26560000,28,91
145020,2026-01-07,11:05:00,224000,224000,223000,224000,138,30880000,82,56
145020,2026-01-07,11:10:00,224000,224500,223500,224500,84,18820000,3,81
145020,2026-01-07,11:15:00,224000,224500,223500,224500,127,28450000,72,55
145020,2026-01-07,11:20:00,224500,224500,224000,224000,119,26660000,29,90
145020,2026-01-07,11:25:00,223500,224500,223500,223500,160,35810000,47,113
145020,2026-01-07,11:30:00,223500,224000,223500,223500,87,19450000,15,72
145020,2026-01-07,11:35:00,223500,224000,223500,223500,32,7150000,1,31
145020,2026-01-07,11:40:00,223500,224000,223500,224000,186,41660000,165,21
145020,2026-01-07,11:45:00,224000,224500,224000,224000,84,18820000,31,53
145020,2026-01-07,11:50:00,224500,224500,224000,224000,156,34940000,75,81
145020,2026-01-07,11:55:00,224000,224500,223500,224500,110,24650000,59,51
145020,2026-01-07,12:00:00,224000,224500,224000,224500,39,8740000,24,15
145020,2026-01-07,12:05:00,224500,225000,224000,224500,56,12560000,26,30
145020,2026-01-07,12:10:00,224500,224500,224000,224500,87,19530000,72,15
145020,2026-01-07,12:15:00,225000,225000,224000,224500,91,20390000,12,79
145020,2026-01-07,12:20:00,224500,225000,224000,224500,170,38140000,33,137
145020,2026-01-07,12:25:00,224750,225000,224000,224000,135,30280000,3,132
145020,2026-01-07,12:30:00,224000,224000,223500,224000,449,100570000,60,389
145020,2026-01-07,12:35:00,224000,224000,223500,223500,42,9390000,3,39
145020,2026-01-07,12:40:00,223750,224000,223500,223500,47,10520000,20,27
145020,2026-01-07,12:45:00,224000,224000,223500,224000,47,10520000,29,18
145020,2026-01-07,12:50:00,223500,224000,223500,224000,214,47830000,1,213
145020,2026-01-07,12:55:00,223500,225000,223500,224500,1142,255690000,730,412
145020,2026-01-07,13:00:00,225000,225000,223500,224000,332,74430000,266,66
145020,2026-01-07,13:05:00,224000,224000,223000,223500,417,93180000,36,381
145020,2026-01-07,13:10:00,223500,223500,222500,223000,1067,237940000,221,846
145020,2026-01-07,13:15:00,223000,223000,222000,222500,1780,396080000,227,1553
145020,2026-01-07,13:20:00,222500,223000,222500,223000,116,25820000,19,97
145020,2026-01-07,13:25:00,222500,223000,222500,222500,227,50520000,25,202
145020,2026-01-07,13:30:00,222500,223000,222000,222000,518,115090000,114,404
145020,2026-01-07,13:35:00,222000,222500,222000,222000,547,121490000,110,437
145020,2026-01-07,13:40:00,222250,222500,222000,222500,330,73270000,26,304
145020,2026-01-07,13:45:00,222000,222500,222000,222000,335,74430000,122,213
145020,2026-01-07,13:50:00,222000,222500,222000,222000,404,89730000,79,325
145020,2026-01-07,13:55:00,222000,222500,222000,222000,538,119460000,38,500
145020,2026-01-07,14:00:00,222000,222500,222000,222000,401,89030000,24,377
145020,2026-01-07,14:05:00,222000,222500,221500,222000,951,211120000,278,673
145020,2026-01-07,14:10:00,222000,222000,221500,221500,502,111410000,374,128
145020,2026-01-07,14:15:00,221500,222000,221500,222000,221,49030000,158,63
145020,2026-01-07,14:20:00,222000,222000,221500,221500,534,118480000,410,124
145020,2026-01-07,14:25:00,221500,222000,221500,221500,310,68770000,197,113
145020,2026-01-07,14:30:00,221500,222500,221500,222000,295,65470000,149,146
145020,2026-01-07,14:35:00,222000,225000,222000,222500,8880,1977800000,7612,1268
145020,2026-01-07,14:40:00,222500,223000,222500,223000,650,144880000,523,127
145020,2026-01-07,14:45:00,222500,223000,222500,223000,212,47230000,118,94
145020,2026-01-07,14:50:00,222500,223000,222500,222500,341,75950000,153,188
145020,2026-01-07,14:55:00,222500,223000,222500,222500,211,46950000,5,206
145020,2026-01-07,15:00:00,222500,223000,222500,223000,217,48290000,20,197
145020,2026-01-07,15:05:00,222500,223000,222000,222000,604,134330000,276,328
145020,2026-01-07,15:10:00,222000,223000,222000,223000,654,145550000,500,154
145020,2026-01-07,15:15:00,223500,223500,222500,223000,430,95910000,82,348
145020,2026-01-07,15:20:00,223000,223500,222500,223000,687,153100000,151,536
145020,2026-01-07,15:30:00,223500,223500,223500,223500,1381,308650000,1375,0
145020,2026-01-08,09:05:00,222000,224500,222000,222500,605,134810000,392,213
145020,2026-01-08,09:10:00,222500,222500,219000,219500,2937,648500000,445,2492
145020,2026-01-08,09:15:00,219500,220500,219500,220500,1781,391370000,345,1436
145020,2026-01-08,09:20:00,220500,224000,220000,224000,620,137840000,402,218
145020,2026-01-08,09:25:00,224000,227000,223250,225000,1802,405970000,1296,506
145020,2026-01-08,09:30:00,224500,225000,222000,222000,615,137740000,270,345
145020,2026-01-08,09:35:00,223000,224500,223000,224250,1783,397830000,1711,72
145020,2026-01-08,09:40:00,224250,224500,223500,224500,431,96610000,101,330
145020,2026-01-08,09:45:00,224000,225000,224000,224500,220,49360000,84,136
145020,2026-01-08,09:50:00,225000,225500,224000,225000,897,201680000,757,140
145020,2026-01-08,09:55:00,224500,225000,224000,224000,483,108380000,54,429
145020,2026-01-08,10:00:00,224000,224500,223500,223500,480,107500000,89,391
145020,2026-01-08,10:05:00,223000,223500,222500,223500,363,81000000,83,280
145020,2026-01-08,10:10:00,223000,223500,222500,223500,397,88550000,170,227
145020,2026-01-08,10:15:00,223500,224000,222500,223500,516,115130000,133,383
145020,2026-01-08,10:20:00,224000,224000,223000,223250,173,38680000,86,87
145020,2026-01-08,10:25:00,223500,223500,223000,223000,94,20990000,39,55
145020,2026-01-08,10:30:00,223000,223500,223000,223500,433,96630000,91,342
145020,2026-01-08,10:35:00,223000,223500,223000,223000,74,16520000,28,46
145020,2026-01-08,10:40:00,223250,223500,223000,223000,82,18310000,42,40
145020,2026-01-08,10:45:00,223500,224000,222500,223750,567,126660000,391,176
145020,2026-01-08,10:50:00,223750,224000,223000,223000,233,52080000,77,156
145020,2026-01-08,10:55:00,223000,223500,223000,223500,166,37040000,34,132
145020,2026-01-08,11:00:00,223000,223500,222500,223500,443,98800000,274,169
145020,2026-01-08,11:05:00,223500,223500,222500,223000,287,64040000,192,95
145020,2026-01-08,11:10:00,222750,223000,222500,223000,117,26080000,80,37
145020,2026-01-08,11:15:00,222500,223500,222500,223500,266,59350000,155,111
145020,2026-01-08,11:20:00,223500,223500,223000,223000,112,25000000,32,80
145020,2026-01-08,11:25:00,223000,224000,223000,223000,225,50310000,166,59
145020,2026-01-08,11:30:00,223000,224000,223000,224000,264,59010000,175,89
145020,2026-01-08,11:35:00,223500,224500,223000,224000,82,18350000,43,39
145020,2026-01-08,11:40:00,223750,224500,223500,224000,107,23980000,78,29
145020,2026-01-08,11:45:00,224500,224750,223500,224000,206,46190000,61,145
145020,2026-01-08,11:50:00,223500,224500,223500,223500,162,36230000,38,124
145020,2026-01-08,11:55:00,223500,224500,223000,224500,108,24200000,89,19
145020,2026-01-08,12:00:00,224000,224500,223500,224500,122,27350000,50,72
145020,2026-01-08,12:05:00,224500,224500,223500,224250,112,25110000,67,45
145020,2026-01-08,12:10:00,224000,224500,223500,224000,146,32720000,93,53
145020,2026-01-08,12:15:00,224000,224500,223500,224000,171,38320000,62,109
145020,2026-01-08,12:20:00,224500,225000,224000,224000,383,85930000,283,100
145020,2026-01-08,12:25:00,224000,225000,224000,224500,197,44240000,95,102
145020,2026-01-08,12:30:00,224500,225000,224000,225000,127,28540000,103,24
145020,2026-01-08,12:35:00,224500,225500,224500,225000,572,128700000,354,218
145020,2026-01-08,12:40:00,225500,226500,225000,226500,620,139940000,572,48
145020,2026-01-08,12:45:00,226000,226500,226000,226000,282,63780000,113,169
145020,2026-01-08,12:50:00,226500,226500,226000,226000,155,35060000,62,93
145020,2026-01-08,12:55:00,226000,226500,225500,226000,795,179720000,200,595
145020,2026-01-08,13:00:00,226000,226500,226000,226000,300,67840000,69,231
145020,2026-01-08,13:05:00,226500,226500,226000,226500,243,54970000,118,125
145020,2026-01-08,13:10:00,226000,227000,226000,227000,437,99000000,377,60
145020,2026-01-08,13:15:00,226500,227500,226500,227500,576,130670000,377,199
145020,2026-01-08,13:20:00,227000,229500,226500,229000,1484,338910000,998,486
145020,2026-01-08,13:25:00,229000,229500,228000,228500,774,177410000,472,302
145020,2026-01-08,13:30:00,228000,228500,228000,228000,196,44730000,92,104
145020,2026-01-08,13:35:00,228000,229000,228000,228500,163,37250000,94,69
145020,2026-01-08,13:40:00,228500,229000,228000,228500,466,106340000,47,419
145020,2026-01-08,13:45:00,228500,229000,228000,228500,266,60760000,133,133
145020,2026-01-08,13:50:00,228500,229000,228500,228500,215,49150000,57,158
145020,2026-01-08,13:55:00,229000,229000,227000,228500,409,93220000,186,223
145020,2026-01-08,14:00:00,228000,230000,228000,229500,1353,310210000,1189,164
145020,2026-01-08,14:05:00,229500,230000,229000,229500,890,204500000,547,343
145020,2026-01-08,14:10:00,229500,230000,229500,229500,234,53740000,85,149
145020,2026-01-08,14:15:00,229500,230500,229500,229500,762,175230000,582,180
145020,2026-01-08,14:20:00,229500,231000,229500,231000,617,142110000,445,172
145020,2026-01-08,14:25:00,230250,232500,230000,231500,1623,375740000,1030,593
145020,2026-01-08,14:30:00,231000,232000,231000,231250,1117,258630000,940,177
145020,2026-01-08,14:35:00,231500,231500,231000,231000,240,55480000,70,170
145020,2026-01-08,14:40:00,231000,231500,230500,231000,528,121990000,87,441
145020,2026-01-08,14:45:00,230500,231000,230000,230000,451,104020000,159,292
145020,2026-01-08,14:50:00,231000,231000,230000,230250,332,76460000,187,145
145020,2026-01-08,14:55:00,230500,230500,230000,230000,297,68360000,91,206
145020,2026-01-08,15:00:00,230500,230500,230000,230500,168,38680000,87,81
145020,2026-01-08,15:05:00,230000,230500,229500,230000,289,66460000,205,84
145020,2026-01-08,15:10:00,230000,230000,229500,229500,616,141510000,234,382
145020,2026-01-08,15:15:00,230000,230500,229500,230500,1012,232750000,829,183
145020,2026-01-08,15:20:00,230000,230500,228500,229500,1801,413420000,348,1453
145020,2026-01-08,15:30:00,230000,230000,230000,230000,5008,1151840000,5007,0
145020,2026-01-09,09:05:00,232500,240000,231500,238000,16652,3938320000,14876,1776
145020,2026-01-09,09:10:00,237500,238000,233000,234000,2665,629530000,815,1850
145020,2026-01-09,09:15:00,234000,238000,233500,236000,2442,577370000,1214,1228
145020,2026-01-09,09:20:00,236500,236500,235000,236500,1166,274960000,580,586
145020,2026-01-09,09:25:00,236000,236500,232000,233000,3345,780890000,822,2523
145020,2026-01-09,09:30:00,232500,234500,231500,233500,1684,393220000,751,933
145020,2026-01-09,09:35:00,234500,234500,233000,234000,995,232770000,428,567
145020,2026-01-09,09:40:00,234000,236000,234000,234000,4633,1087230000,3998,635
145020,2026-01-09,09:45:00,234000,235000,234000,235000,855,200730000,383,472
145020,2026-01-09,09:50:00,234500,235000,232500,233000,2473,577290000,816,1657
145020,2026-01-09,09:55:00,233000,234500,232500,233500,2209,516780000,1768,441
145020,2026-01-09,10:00:00,234000,234500,233000,234500,1443,337240000,1258,185
145020,2026-01-09,10:05:00,234500,236500,234000,235500,1815,426800000,1577,238
145020,2026-01-09,10:10:00,235000,236000,234000,234000,653,153480000,130,523
145020,2026-01-09,10:15:00,234500,235000,234000,235000,646,151500000,477,169
145020,2026-01-09,10:20:00,235000,236000,234500,235500,924,217440000,726,198
145020,2026-01-09,10:25:00,236000,236000,235000,236000,504,118840000,258,246
145020,2026-01-09,10:30:00,236000,236000,235000,235500,239,56310000,76,163
145020,2026-01-09,10:35:00,235500,236000,235000,235500,229,53940000,83,146
145020,2026-01-09,10:40:00,235500,236000,235000,236000,264,62160000,85,179
145020,2026-01-09,10:45:00,236000,239000,235500,239000,4432,1053820000,4004,428
145020,2026-01-09,10:50:00,239000,239500,237500,239500,2364,565160000,1579,785
145020,2026-01-09,10:55:00,239000,241500,239000,241000,4079,980820000,3350,729
145020,2026-01-09,11:00:00,241000,241000,238000,239000,1926,461370000,320,1606
145020,2026-01-09,11:05:00,239000,239000,238500,239000,532,127000000,236,296
145020,2026-01-09,11:10:00,239500,241000,238500,239500,1111,266630000,548,563
145020,2026-01-09,11:15:00,239500,240000,239000,240000,501,120050000,443,58
145020,2026-01-09,11:20:00,239500,241000,239500,241000,1184,284720000,929,255
145020,2026-01-09,11:25:00,240500,243000,240500,243000,3237,782520000,2624,613
145020,2026-01-09,11:30:00,243000,243250,240500,241000,1950,471410000,690,1260
145020,2026-01-09,11:35:00,241000,242000,240000,240500,1356,326710000,758,598
145020,2026-01-09,11:40:00,240500,240500,240000,240500,452,108590000,224,228
145020,2026-01-09,11:45:00,240500,241500,240000,240750,769,185110000,686,83
145020,2026-01-09,11:50:00,240750,241000,239500,239500,1130,271390000,302,828
145020,2026-01-09,11:55:00,239500,240000,238500,238500,745,178220000,164,581
145020,2026-01-09,12:00:00,238500,239500,238500,239500,661,158150000,643,18
145020,2026-01-09,12:05:00,239000,241000,239000,241000,786,188480000,561,225
145020,2026-01-09,12:10:00,241000,241500,240500,241500,673,162300000,622,51
145020,2026-01-09,12:15:00,241500,241500,240500,240500,482,116190000,191,291
145020,2026-01-09,12:20:00,240500,241500,240500,241000,1021,246070000,749,272
145020,2026-01-09,12:25:00,241500,241500,241000,241500,531,128130000,321,210
145020,2026-01-09,12:30:00,241500,241500,241000,241500,230,55510000,160,70
145020,2026-01-09,12:35:00,241000,241500,241000,241000,342,82530000,215,127
145020,2026-01-09,12:40:00,241000,241500,240500,240500,490,118160000,177,313
145020,2026-01-09,12:45:00,241000,241000,240500,240500,557,134130000,331,226
145020,2026-01-09,12:50:00,241000,241000,240500,240500,752,180980000,289,463
145020,2026-01-09,12:55:00,240500,241000,240500,241000,220,52980000,137,83
145020,2026-01-09,13:00:00,240500,241000,240000,240000,491,118000000,263,228
145020,2026-01-09,13:05:00,240000,242000,239500,240750,2388,575520000,1496,892
145020,2026-01-09,13:10:00,240750,241500,240500,241000,633,152640000,505,128
145020,2026-01-09,13:15:00,241500,241500,240500,240500,266,64030000,104,162
145020,2026-01-09,13:20:00,240500,241000,240000,240500,454,109050000,160,294
145020,2026-01-09,13:25:00,240500,240500,240000,240500,627,150730000,507,120
145020,2026-01-09,13:30:00,241000,242000,240500,242000,1280,308910000,1007,273
145020,2026-01-09,13:35:00,241750,242000,241500,242000,1475,356800000,1165,310
145020,2026-01-09,13:40:00,242000,243000,242000,243000,1740,422120000,1488,252
145020,2026-01-09,13:45:00,242500,243500,242000,242500,1148,278770000,749,399
145020,2026-01-09,13:50:00,242500,243000,242000,242500,999,242310000,578,421
145020,2026-01-09,13:55:00,242500,243000,242000,243000,769,186460000,565,204
145020,2026-01-09,14:00:00,242500,243000,242000,243000,945,229380000,723,222
145020,2026-01-09,14:05:00,242000,243000,241000,241000,974,235930000,510,464
145020,2026-01-09,14:10:00,241000,242500,240000,241500,1489,358330000,761,728
145020,2026-01-09,14:15:00,241500,241500,240000,240500,1062,255890000,684,378
145020,2026-01-09,14:20:00,240500,241500,240000,240500,783,188440000,438,345
145020,2026-01-09,14:25:00,241000,241000,239500,240500,806,193760000,459,347
145020,2026-01-09,14:30:00,240500,241000,240000,241000,1007,242080000,640,367
145020,2026-01-09,14:35:00,241000,241000,240000,241000,797,191980000,640,157
145020,2026-01-09,14:40:00,241000,241000,239500,240000,1044,250660000,431,613
145020,2026-01-09,14:45:00,240000,241000,239500,240500,1082,259730000,822,260
145020,2026-01-09,14:50:00,240500,241000,240000,240500,828,199170000,642,186
145020,2026-01-09,14:55:00,241000,241000,240000,240500,896,215450000,772,124
145020,2026-01-09,15:00:00,240500,241000,240000,240500,844,202960000,708,136
145020,2026-01-09,15:05:00,240500,241000,240000,240000,753,181160000,403,350
145020,2026-01-09,15:10:00,241000,241000,240000,241000,808,194560000,550,258
145020,2026-01-09,15:15:00,241000,241500,240500,241500,1434,345490000,653,781
145020,2026-01-09,15:20:00,241000,243000,241000,243000,4110,994950000,2503,1607
145020,2026-01-09,15:30:00,242500,242500,242500,242500,1613,391150000,1592,0
145020,2026-01-12,09:05:00,243000,243500,235000,235000,3490,835430000,603,2886
145020,2026-01-12,09:10:00,235500,237500,234000,235500,3336,784930000,1422,1914
145020,2026-01-12,09:15:00,236000,238500,235500,238000,1510,357820000,713,797
145020,2026-01-12,09:20:00,237500,239000,236000,238000,2260,535870000,1498,762
145020,2026-01-12,09:25:00,238000,240000,237500,240000,4224,1012160000,621,3603
145020,2026-01-12,09:30:00,240000,241500,239500,240500,1011,243460000,502,509
145020,2026-01-12,09:35:00,240500,242000,240500,241500,1370,330910000,512,858
145020,2026-01-12,09:40:00,241500,242500,241000,241500,763,184490000,221,542
145020,2026-01-12,09:45:00,241500,242000,241000,241500,519,125210000,217,302
145020,2026-01-12,09:50:00,241500,241500,240500,241000,288,69410000,81,207
145020,2026-01-12,09:55:00,241000,241500,240000,241000,328,78950000,36,292
145020,2026-01-12,10:00:00,240500,240500,239000,239500,2418,580320000,33,2385
145020,2026-01-12,10:05:00,240000,240000,238500,239500,691,165360000,429,262
145020,2026-01-12,10:10:00,239500,240500,239000,239500,674,161710000,383,291
145020,2026-01-12,10:15:00,239500,241000,239500,240500,817,196530000,398,419
145020,2026-01-12,10:20:00,240000,241500,239500,241500,1140,274450000,453,687
145020,2026-01-12,10:25:00,241000,241500,238500,240000,1431,343000000,329,1102
145020,2026-01-12,10:30:00,240000,241000,239000,240500,525,126090000,185,340
145020,2026-01-12,10:35:00,240500,242000,240500,241000,2045,492740000,567,1478
145020,2026-01-12,10:40:00,240500,241000,239000,240000,353,84770000,48,305
145020,2026-01-12,10:45:00,240000,240500,239000,239500,420,100710000,160,260
145020,2026-01-12,10:50:00,239500,241500,239000,239500,2755,661430000,1876,879
145020,2026-01-12,10:55:00,239500,240000,239000,239500,170,40710000,22,148
145020,2026-01-12,11:00:00,240000,240000,239000,239500,673,161250000,357,316
145020,2026-01-12,11:05:00,239500,240000,238000,239500,1500,358590000,798,702
145020,2026-01-12,11:10:00,240000,240000,239000,240000,197,47190000,108,89
145020,2026-01-12,11:15:00,240000,240000,239000,239000,399,95450000,77,322
145020,2026-01-12,11:20:00,239000,239500,238500,239000,362,86500000,143,219
145020,2026-01-12,11:25:00,239000,239000,238500,239000,234,55890000,162,72
145020,2026-01-12,11:30:00,239000,239500,238500,239500,327,78140000,95,232
145020,2026-01-12,11:35:00,239500,239500,239000,239500,305,72980000,215,90
145020,2026-01-12,11:40:00,239500,240000,239000,239000,223,53350000,91,132
145020,2026-01-12,11:45:00,239500,239500,238500,239000,304,72620000,71,233
145020,2026-01-12,11:50:00,239000,239500,238500,239000,232,55440000,79,153
145020,2026-01-12,11:55:00,239000,239500,238000,239000,908,216600000,337,571
145020,2026-01-12,12:00:00,239000,239500,238500,239500,202,48260000,65,137
145020,2026-01-12,12:05:00,239500,239500,238000,239000,1234,294350000,159,1075
145020,2026-01-12,12:10:00,239000,239000,238000,239000,342,81580000,263,79
145020,2026-01-12,12:15:00,239000,239000,238000,239000,311,74190000,124,187
145020,2026-01-12,12:20:00,239000,240000,238500,239000,578,138520000,450,128
145020,2026-01-12,12:25:00,239500,240000,238500,240000,193,46190000,136,57
145020,2026-01-12,12:30:00,240000,240000,239000,240000,147,35220000,52,95
145020,2026-01-12,12:35:00,239500,240000,239000,240000,134,32110000,40,94
145020,2026-01-12,12:40:00,239500,241500,239500,241000,478,114890000,432,46
145020,2026-01-12,12:45:00,241000,241500,239500,240500,156,37530000,38,118
145020,2026-01-12,12:50:00,240500,241000,240000,240000,295,70890000,72,223
145020,2026-01-12,12:55:00,240000,241000,240000,240500,807,194010000,524,283
145020,2026-01-12,13:00:00,240000,240500,240000,240000,188,45160000,83,105
145020,2026-01-12,13:05:00,240500,240500,240000,240500,356,85550000,226,130
145020,2026-01-12,13:10:00,240500,240500,239500,240500,519,124570000,175,344
145020,2026-01-12,13:15:00,240000,241000,240000,241000,873,209750000,394,479
145020,2026-01-12,13:20:00,240000,241000,240000,240500,231,55490000,95,136
145020,2026-01-12,13:25:00,240000,241000,240000,241000,466,112110000,369,97
145020,2026-01-12,13:30:00,241000,241000,240000,240000,303,72810000,123,180
145020,2026-01-12,13:35:00,240500,240500,240000,240500,253,60830000,196,57
145020,2026-01-12,13:40:00,240500,243000,240000,241500,2488,602590000,1799,689
145020,2026-01-12,13:45:00,241500,241500,241000,241500,458,110590000,378,80
145020,2026-01-12,13:50:00,241500,241500,241000,241500,256,61790000,183,73
145020,2026-01-12,13:55:00,241500,243500,240500,241750,2239,543410000,1135,1104
145020,2026-01-12,14:00:00,241750,242000,241000,241500,567,136940000,403,164
145020,2026-01-12,14:05:00,242000,242500,240500,241000,731,176400000,386,345
145020,2026-01-12,14:10:00,241500,244000,241000,242500,2413,587400000,1266,1147
145020,2026-01-12,14:15:00,242500,243500,241500,242500,563,136790000,451,112
145020,2026-01-12,14:20:00,243000,243500,242500,243000,646,157040000,530,116
145020,2026-01-12,14:25:00,243000,245000,243000,244000,1024,249790000,824,200
145020,2026-01-12,14:30:00,244000,244500,243500,244000,752,183460000,496,256
145020,2026-01-12,14:35:00,243500,245000,243500,244000,1484,362970000,1274,210
145020,2026-01-12,14:40:00,244000,244000,242000,242500,1644,399650000,673,971
145020,2026-01-12,14:45:00,242500,243500,242000,242500,1354,329100000,723,631
145020,2026-01-12,14:50:00,242500,243000,241000,242000,1240,299590000,747,493
145020,2026-01-12,14:55:00,242000,243000,241000,242500,769,186170000,590,179
145020,2026-01-12,15:00:00,242500,243500,242000,242500,641,155590000,304,337
145020,2026-01-12,15:05:00,242500,243000,241500,242000,737,178460000,489,248
145020,2026-01-12,15:10:00,242500,243000,241500,242000,538,130330000,284,254
145020,2026-01-12,15:15:00,242000,243000,241500,243000,594,143860000,395,199
145020,2026-01-12,15:20:00,242500,243500,242000,243500,602,146080000,354,248
145020,2026-01-12,15:30:00,243500,243500,243500,243500,1573,383030000,1572,0
145020,2026-01-13,09:05:00,241500,243000,237500,238500,1568,376500000,638,930
145020,2026-01-13,09:10:00,239000,239000,236500,237000,1613,383470000,252,1361
145020,2026-01-13,09:15:00,237000,237500,235000,237000,2069,488590000,637,1432
145020,2026-01-13,09:20:00,237000,237500,235500,236250,1921,454120000,325,1596
145020,2026-01-13,09:25:00,236000,236500,234500,235000,2934,690690000,359,2575
145020,2026-01-13,09:30:00,235000,235000,232000,233000,3107,724330000,1003,2104
145020,2026-01-13,09:35:00,233000,234000,232500,234000,2568,598890000,1012,1556
145020,2026-01-13,09:40:00,233500,235000,233500,234500,1423,333730000,573,850
145020,2026-01-13,09:45:00,234500,235000,234500,235000,840,197110000,449,391
145020,2026-01-13,09:50:00,235500,236000,235000,235500,549,129340000,337,212
145020,2026-01-13,09:55:00,236000,237500,236000,237000,1389,328470000,620,769
145020,2026-01-13,10:00:00,236000,238000,236000,237500,869,206070000,537,332
145020,2026-01-13,10:05:00,238000,238000,237000,237500,1175,279120000,472,703
145020,2026-01-13,10:10:00,237500,237500,236000,236500,432,102390000,123,309
145020,2026-01-13,10:15:00,237000,237000,235500,235500,1712,404070000,260,1452
145020,2026-01-13,10:20:00,235500,236000,234500,235000,761,179090000,101,660
145020,2026-01-13,10:25:00,235500,235500,234500,235000,625,146940000,217,408
145020,2026-01-13,10:30:00,235000,235500,234000,235000,964,226150000,262,702
145020,2026-01-13,10:35:00,234500,235000,234000,235000,532,124700000,88,444
145020,2026-01-13,10:40:00,234500,234500,234000,234500,306,71700000,90,216
145020,2026-01-13,10:45:00,234500,234500,233000,233500,1008,235530000,218,790
145020,2026-01-13,10:50:00,233000,233500,232500,232500,1314,306170000,250,1064
145020,2026-01-13,10:55:00,232500,233000,231500,232500,2409,559530000,348,2061
145020,2026-01-13,11:00:00,232500,234000,232500,233750,554,129200000,313,241
145020,2026-01-13,11:05:00,234000,234500,233750,234500,810,189620000,367,443
145020,2026-01-13,11:10:00,234500,234500,233000,234500,855,200030000,344,511
145020,2026-01-13,11:15:00,234000,234500,232500,234000,2360,551810000,450,1910
145020,2026-01-13,11:20:00,234500,234500,234000,234500,289,67760000,88,201
145020,2026-01-13,11:25:00,234000,234500,234000,234000,260,60940000,184,76
145020,2026-01-13,11:30:00,234000,235000,234000,234500,299,70140000,89,210
145020,2026-01-13,11:35:00,235000,236000,234500,236000,1314,308590000,621,693
145020,2026-01-13,11:40:00,236000,236500,235500,236500,361,85200000,173,188
145020,2026-01-13,11:45:00,236500,237000,236000,236500,724,171310000,673,51
145020,2026-01-13,11:50:00,237000,237000,235500,236000,393,92890000,142,251
145020,2026-01-13,11:55:00,236500,236500,234500,236000,1228,289220000,353,875
145020,2026-01-13,12:00:00,235500,237000,235500,236000,343,81070000,267,76
145020,2026-01-13,12:05:00,236000,237000,235500,236000,353,83440000,186,167
145020,2026-01-13,12:10:00,236000,236500,236000,236000,245,57880000,115,130
145020,2026-01-13,12:15:00,236000,236500,235500,236000,381,89940000,69,312
145020,2026-01-13,12:20:00,236000,236500,235500,236500,420,99210000,231,189
145020,2026-01-13,12:25:00,236000,236500,235500,236500,198,46740000,168,30
145020,2026-01-13,12:30:00,236500,236500,235500,236000,160,37770000,71,89
145020,2026-01-13,12:35:00,236000,237500,236000,236500,876,207450000,451,425
145020,2026-01-13,12:40:00,236500,237500,236500,237000,427,101190000,274,153
145020,2026-01-13,12:45:00,236500,237500,236500,236500,282,66850000,241,41
145020,2026-01-13,12:50:00,236500,237000,236500,236500,288,68240000,156,132
145020,2026-01-13,12:55:00,236500,237000,236500,237000,273,64610000,80,193
145020,2026-01-13,13:00:00,236500,237000,236000,236000,554,130930000,121,433
145020,2026-01-13,13:05:00,236500,236500,234500,235000,1738,409560000,248,1490
145020,2026-01-13,13:10:00,235500,235500,234500,235000,598,140540000,378,220
145020,2026-01-13,13:15:00,235000,235000,233500,233500,728,170550000,94,634
145020,2026-01-13,13:20:00,234000,234500,234000,234500,415,97140000,163,252
145020,2026-01-13,13:25:00,234500,234500,233500,234000,549,128450000,176,373
145020,2026-01-13,13:30:00,234000,234500,233000,233500,1058,247180000,606,452
145020,2026-01-13,13:35:00,234000,235000,233500,234500,644,150830000,519,125
145020,2026-01-13,13:40:00,234500,235000,233500,234000,551,129130000,198,353
145020,2026-01-13,13:45:00,234000,234500,233000,233500,495,115630000,154,341
145020,2026-01-13,13:50:00,233500,234000,233000,233500,546,127420000,304,242
145020,2026-01-13,13:55:00,233500,234000,233500,233500,489,114250000,130,359
145020,2026-01-13,14:00:00,233500,234000,233000,233000,1215,283650000,236,979
145020,2026-01-13,14:05:00,233000,233500,232500,233000,1503,349800000,144,1359
145020,2026-01-13,14:10:00,232500,233000,232500,232500,631,146780000,131,500
145020,2026-01-13,14:15:00,232500,233000,232500,233000,528,122830000,130,398
145020,2026-01-13,14:20:00,232500,233500,232500,233000,1016,236550000,602,414
145020,2026-01-13,14:25:00,232500,233000,232500,232500,474,110250000,99,375
145020,2026-01-13,14:30:00,233000,233000,232000,232500,1379,320570000,833,546
145020,2026-01-13,14:35:00,232500,232500,232000,232000,480,111490000,264,216
145020,2026-01-13,14:40:00,232500,233500,232000,233000,989,229930000,745,244
145020,2026-01-13,14:45:00,233500,234000,232500,233500,742,173130000,560,182
145020,2026-01-13,14:50:00,233000,234000,233000,233000,684,159620000,311,373
145020,2026-01-13,14:55:00,233000,234500,233000,234000,794,185520000,443,351
145020,2026-01-13,15:00:00,233500,234000,233000,233500,1035,241670000,398,637
145020,2026-01-13,15:05:00,233500,233500,233000,233000,601,140230000,390,211
145020,2026-01-13,15:10:00,233500,233500,233000,233000,560,130550000,142,418
145020,2026-01-13,15:15:00,233000,233500,233000,233500,834,194560000,398,436
145020,2026-01-13,15:20:00,233500,234500,233000,233500,1157,270210000,473,684
145020,2026-01-13,15:30:00,233500,233500,233500,233500,2011,469560000,2009,0
145020,2026-01-14,09:05:00,233500,234500,232500,234000,1452,338860000,705,747
145020,2026-01-14,09:10:00,234000,235000,233000,233000,651,152410000,218,433
145020,2026-01-14,09:15:00,233000,235500,233000,234000,363,85030000,227,136
145020,2026-01-14,09:20:00,234000,234000,233000,233500,1008,235440000,183,825
145020,2026-01-14,09:25:00,234000,234500,232500,232500,1061,247480000,137,924
145020,2026-01-14,09:30:00,232500,235500,232000,235000,3865,907050000,2987,878
145020,2026-01-14,09:35:00,235000,238000,234500,234500,2204,519350000,1521,683
145020,2026-01-14,09:40:00,234500,235000,234000,234500,536,125750000,198,338
145020,2026-01-14,09:45:00,234500,235000,233500,234000,576,134990000,116,460
145020,2026-01-14,09:50:00,234500,235500,234000,234500,350,82200000,113,237
145020,2026-01-14,09:55:00,235000,235000,233500,234500,484,113370000,166,318
145020,2026-01-14,10:00:00,234500,236000,234500,235000,2568,603590000,1732,836
145020,2026-01-14,10:05:00,234500,236000,234500,235500,1744,410730000,1515,229
145020,2026-01-14,10:10:00,236000,238500,236000,237500,1137,270040000,952,185
145020,2026-01-14,10:15:00,237500,238000,237500,237500,300,71300000,95,205
145020,2026-01-14,10:20:00,238000,239000,237500,239000,894,213240000,768,126
145020,2026-01-14,10:25:00,239000,239500,238500,239000,649,155170000,319,330
145020,2026-01-14,10:30:00,239500,240000,238000,238500,628,150050000,279,349
145020,2026-01-14,10:35:00,238500,239000,237000,237000,857,203610000,354,503
145020,2026-01-14,10:40:00,237500,238000,237500,237500,346,82220000,305,41
145020,2026-01-14,10:45:00,238000,239000,237500,238500,419,99840000,235,184
145020,2026-01-14,10:50:00,238500,239000,236500,238000,664,157880000,190,474
145020,2026-01-14,10:55:00,237000,238000,236500,236500,465,110400000,200,265
145020,2026-01-14,11:00:00,236500,238000,236500,237500,297,70530000,74,223
145020,2026-01-14,11:05:00,238000,238000,237500,238000,215,51090000,79,136
145020,2026-01-14,11:10:00,237500,238000,236500,236500,553,131270000,77,476
145020,2026-01-14,11:15:00,236500,237000,236500,236500,122,28890000,70,52
145020,2026-01-14,11:20:00,237000,237000,236000,236500,297,70300000,154,143
145020,2026-01-14,11:25:00,236500,237000,235000,235500,430,101450000,91,339
145020,2026-01-14,11:30:00,236000,236500,235500,235500,399,94150000,208,191
145020,2026-01-14,11:35:00,236500,236500,235000,236000,322,75870000,82,240
145020,2026-01-14,11:40:00,236000,236000,235500,236000,213,50250000,187,26
145020,2026-01-14,11:45:00,236000,236500,235500,236000,286,67530000,201,85
145020,2026-01-14,11:50:00,236500,237500,236000,236500,1007,238570000,864,143
145020,2026-01-14,11:55:00,237500,238500,236500,237500,548,130260000,479,69
145020,2026-01-14,12:00:00,237500,237500,236500,236500,167,39620000,83,84
145020,2026-01-14,12:05:00,236500,237500,236000,237000,138,32660000,28,110
145020,2026-01-14,12:10:00,237000,237000,236000,237000,108,25580000,75,33
145020,2026-01-14,12:15:00,237000,237500,236500,237500,203,48140000,168,35
145020,2026-01-14,12:20:00,237500,238000,237000,238000,209,49670000,188,21
145020,2026-01-14,12:25:00,238000,238000,237000,237000,133,31590000,73,60
145020,2026-01-14,12:30:00,237500,237500,237000,237500,99,23500000,84,15
145020,2026-01-14,12:35:00,237500,238000,237000,237500,346,82200000,135,211
145020,2026-01-14,12:40:00,238000,238500,237000,238000,1070,254730000,864,206
145020,2026-01-14,12:45:00,237500,238000,236500,236500,517,122700000,58,459
145020,2026-01-14,12:50:00,236500,237000,236000,236500,426,100770000,273,153
145020,2026-01-14,12:55:00,237000,237000,236500,237000,178,42160000,134,44
145020,2026-01-14,13:00:00,236500,237000,236000,236000,544,128620000,47,497
145020,2026-01-14,13:05:00,236500,236500,235500,235500,487,114990000,166,321
145020,2026-01-14,13:10:00,235500,236000,235000,235000,550,129560000,128,422
145020,2026-01-14,13:15:00,235000,235500,235000,235000,481,113060000,53,428
145020,2026-01-14,13:20:00,235000,235500,235000,235000,242,56890000,34,208
145020,2026-01-14,13:25:00,235000,235500,234500,234500,547,128530000,105,442
145020,2026-01-14,13:30:00,234500,235000,234000,234500,694,162800000,388,306
145020,2026-01-14,13:35:00,234500,234500,233000,234000,2193,512870000,837,1356
145020,2026-01-14,13:40:00,234500,234500,233500,234000,468,109530000,202,266
145020,2026-01-14,13:45:00,234000,234500,233500,233500,862,201660000,575,287
145020,2026-01-14,13:50:00,234000,234500,233500,234000,364,85170000,266,98
145020,2026-01-14,13:55:00,234000,234500,234000,234000,166,38870000,48,118
145020,2026-01-14,14:00:00,234000,235000,234000,234500,1174,275190000,828,346
145020,2026-01-14,14:05:00,234500,235000,234000,235000,764,179230000,523,241
145020,2026-01-14,14:10:00,234500,235000,234000,234000,466,109290000,93,373
145020,2026-01-14,14:15:00,234500,234500,234000,234000,267,62500000,39,228
145020,2026-01-14,14:20:00,234500,234500,234000,234000,582,136230000,141,441
145020,2026-01-14,14:25:00,234000,234500,234000,234000,370,86650000,127,243
145020,2026-01-14,14:30:00,234000,234500,233500,233500,2034,475610000,187,1847
145020,2026-01-14,14:35:00,234000,234000,233500,233500,632,147700000,268,364
145020,2026-01-14,14:40:00,233500,235500,233500,234000,2994,700880000,2294,700
145020,2026-01-14,14:45:00,234000,234500,234000,234000,353,82710000,211,142
145020,2026-01-14,14:50:00,234500,234500,234000,234000,322,75410000,130,192
145020,2026-01-14,14:55:00,234000,234500,234000,234000,443,103710000,77,366
145020,2026-01-14,15:00:00,234500,234500,234000,234000,1476,345720000,681,795
145020,2026-01-14,15:05:00,234000,234500,234000,234500,627,146840000,251,376
145020,2026-01-14,15:10:00,234000,234500,234000,234000,858,200830000,110,748
145020,2026-01-14,15:15:00,234000,234500,234000,234000,1086,254240000,234,852
145020,2026-01-14,15:20:00,234000,235000,233500,233500,4101,961250000,2668,1433
145020,2026-01-14,15:30:00,233500,233500,233500,233500,5947,1388620000,5947,0
145020,2026-01-15,09:05:00,234500,236000,232000,234500,1704,396700000,285,1419
145020,2026-01-15,09:10:00,234500,235500,233500,234000,738,173210000,487,251
145020,2026-01-15,09:15:00,234000,234500,233500,233500,343,80210000,132,211
145020,2026-01-15,09:20:00,233500,233500,232000,232500,1229,286140000,205,1024
145020,2026-01-15,09:25:00,232000,233500,232000,233000,569,132230000,213,356
145020,2026-01-15,09:30:00,232500,233000,232000,232500,459,106690000,172,287
145020,2026-01-15,09:35:00,232500,233000,232000,232500,1592,369880000,587,1005
145020,2026-01-15,09:40:00,232500,232500,231500,232000,1160,269250000,163,997
145020,2026-01-15,09:45:00,232500,232500,229000,231000,9474,2182540000,5256,4218
145020,2026-01-15,09:50:00,231000,231500,230000,230500,874,201550000,234,640
145020,2026-01-15,09:55:00,230500,231000,229000,229000,658,151100000,134,524
145020,2026-01-15,10:00:00,229000,230500,229000,230500,628,144340000,339,289
145020,2026-01-15,10:05:00,230500,230500,229500,229500,588,135260000,154,434
145020,2026-01-15,10:10:00,230000,230000,229500,229500,518,118950000,123,395
145020,2026-01-15,10:15:00,229500,230500,229500,230000,416,95690000,273,143
145020,2026-01-15,10:20:00,230000,231000,230000,231000,341,78550000,213,128
145020,2026-01-15,10:25:00,231000,231000,230000,230500,507,116780000,180,327
145020,2026-01-15,10:30:00,230500,231000,229500,230000,1114,256380000,301,813
145020,2026-01-15,10:35:00,229500,230000,228000,228500,2019,461780000,203,1816
145020,2026-01-15,10:40:00,228500,228500,226500,227000,2712,617090000,784,1928
145020,2026-01-15,10:45:00,227000,228000,227000,228000,1078,245380000,230,848
145020,2026-01-15,10:50:00,228000,228500,227500,228000,851,193980000,492,359
145020,2026-01-15,10:55:00,228000,228500,227500,228000,459,104510000,161,298
145020,2026-01-15,11:00:00,228000,228500,227500,227500,529,120550000,239,290
145020,2026-01-15,11:05:00,227500,228500,227500,228000,484,110270000,215,269
145020,2026-01-15,11:10:00,228000,228500,226000,226500,2691,610760000,615,2076
145020,2026-01-15,11:15:00,227000,227000,226000,226000,1366,309130000,497,869
145020,2026-01-15,11:20:00,226500,226500,226000,226500,773,174930000,459,314
145020,2026-01-15,11:25:00,226000,227000,226000,226500,966,218570000,405,561
145020,2026-01-15,11:30:00,226500,227000,226000,226500,450,101910000,294,156
145020,2026-01-15,11:35:00,227000,227000,226000,226500,964,218350000,430,534
145020,2026-01-15,11:40:00,226500,226500,225500,226000,1429,323050000,568,861
145020,2026-01-15,11:45:00,226000,227000,226000,226500,702,158990000,498,204
145020,2026-01-15,11:50:00,226500,227000,226000,226500,651,147410000,284,367
145020,2026-01-15,11:55:00,226500,227500,226000,227000,787,178520000,419,368
145020,2026-01-15,12:00:00,227500,227500,226500,227000,135,30640000,95,40
145020,2026-01-15,12:05:00,227000,227000,226500,226500,605,137300000,169,436
145020,2026-01-15,12:10:00,227000,227000,225000,225500,2723,614780000,122,2601
145020,2026-01-15,12:15:00,225500,225500,225000,225500,309,69640000,240,69
145020,2026-01-15,12:20:00,225500,225500,225000,225000,814,183550000,774,40
145020,2026-01-15,12:25:00,225500,225500,225000,225500,1007,227060000,976,31
145020,2026-01-15,12:30:00,225500,226000,225000,225500,333,75130000,147,186
145020,2026-01-15,12:35:00,225500,226000,225000,226000,1230,277390000,408,822
145020,2026-01-15,12:40:00,226000,226000,225500,226000,152,34330000,121,31
145020,2026-01-15,12:45:00,226000,226500,225500,226500,607,137290000,575,32
145020,2026-01-15,12:50:00,227000,227000,226000,226000,595,134660000,306,289
145020,2026-01-15,12:55:00,226500,226500,226000,226500,200,45290000,180,20
145020,2026-01-15,13:00:00,226500,227000,226000,226500,346,78380000,235,111
145020,2026-01-15,13:05:00,226500,227000,226000,226500,466,105590000,337,129
145020,2026-01-15,13:10:00,226500,227000,226500,227000,199,45100000,62,137
145020,2026-01-15,13:15:00,227000,227000,226500,226500,422,95630000,80,342
145020,2026-01-15,13:20:00,226500,227000,226000,226500,538,121850000,419,119
145020,2026-01-15,13:25:00,226000,227000,226000,226750,663,150210000,599,64
145020,2026-01-15,13:30:00,226750,227000,226500,227000,657,148960000,304,353
145020,2026-01-15,13:35:00,226500,227000,226500,227000,413,93560000,63,350
145020,2026-01-15,13:40:00,227000,227500,226500,227500,1092,247820000,929,163
145020,2026-01-15,13:45:00,227500,227500,227000,227500,272,61790000,100,172
145020,2026-01-15,13:50:00,227500,227500,226500,227000,506,114850000,240,266
145020,2026-01-15,13:55:00,227000,228000,227000,228000,963,218920000,874,89
145020,2026-01-15,14:00:00,227500,228000,227500,228000,575,131090000,548,27
145020,2026-01-15,14:05:00,228000,228000,227500,228000,198,45100000,120,78
145020,2026-01-15,14:10:00,228000,228000,227000,227000,538,122340000,146,392
145020,2026-01-15,14:15:00,227500,227500,227000,227000,152,34540000,74,78
145020,2026-01-15,14:20:00,227000,227500,227000,227500,601,136580000,304,297
145020,2026-01-15,14:25:00,227500,227500,226500,226500,810,183820000,107,703
145020,2026-01-15,14:30:00,227000,227500,227000,227500,1775,403110000,1418,357
145020,2026-01-15,14:35:00,227500,227500,227000,227000,432,98100000,58,374
145020,2026-01-15,14:40:00,227000,227500,226500,226500,699,158550000,123,576
145020,2026-01-15,14:45:00,226500,227000,226500,226500,457,103540000,64,393
145020,2026-01-15,14:50:00,227000,227000,226000,226000,2840,643200000,1476,1364
145020,2026-01-15,14:55:00,226000,227000,226000,226500,3914,885980000,2465,1449
145020,2026-01-15,15:00:00,227000,227000,226000,226500,1146,259760000,419,727
145020,2026-01-15,15:05:00,227000,227000,226000,227000,1938,439080000,1362,576
145020,2026-01-15,15:10:00,227000,227000,226500,227000,1171,265560000,672,499
145020,2026-01-15,15:15:00,227000,227500,226500,227000,1772,402340000,1296,476
145020,2026-01-15,15:20:00,227000,227500,226500,227000,1622,368320000,954,668
145020,2026-01-15,15:30:00,227500,227500,227500,227500,1791,407460000,1791,0
145020,2026-01-16,09:05:00,229000,229000,226000,227000,1569,356550000,518,1051
145020,2026-01-16,09:10:00,227000,227500,223500,224500,11179,2504090000,8528,2651
145020,2026-01-16,09:15:00,224500,227500,223500,226500,3883,877920000,2730,1153
145020,2026-01-16,09:20:00,226500,226500,224500,225000,1014,228560000,398,616
145020,2026-01-16,09:25:00,225000,225500,224000,225500,935,210060000,676,259
145020,2026-01-16,09:30:00,225500,227000,225500,226500,1099,248430000,747,352
145020,2026-01-16,09:35:00,226000,227000,226000,226000,419,94820000,210,209
145020,2026-01-16,09:40:00,225500,226000,225500,225500,203,45810000,71,132
145020,2026-01-16,09:45:00,226000,228000,225500,228000,1335,302630000,1095,240
145020,2026-01-16,09:50:00,227500,228000,226500,227500,1678,381770000,744,934
145020,2026-01-16,09:55:00,228000,229000,227500,229000,1280,292260000,875,405
145020,2026-01-16,10:00:00,229000,229000,227500,228000,1021,233050000,579,442
145020,2026-01-16,10:05:00,228000,228500,227500,227500,940,214050000,278,662
145020,2026-01-16,10:10:00,227500,227500,226500,226500,542,122890000,248,294
145020,2026-01-16,10:15:00,227000,229500,226500,229500,1670,380620000,1410,260
145020,2026-01-16,10:20:00,229500,232000,229000,231000,4675,1078020000,3927,748
145020,2026-01-16,10:25:00,231000,234000,231000,233000,3620,842750000,2617,1003
145020,2026-01-16,10:30:00,232500,236000,232500,234750,4547,1067900000,3674,873
145020,2026-01-16,10:35:00,234500,236500,234500,235500,3137,738800000,2047,1090
145020,2026-01-16,10:40:00,235500,239500,235250,239000,5635,1337050000,4633,1002
145020,2026-01-16,10:45:00,239000,240500,238000,240000,6448,1543860000,4470,1978
145020,2026-01-16,10:50:00,239500,240750,238500,239500,2507,600660000,1439,1068
145020,2026-01-16,10:55:00,239500,243000,239500,243000,6952,1677460000,5398,1554
145020,2026-01-16,11:00:00,242500,244500,242000,242500,5125,1245980000,3605,1520
145020,2026-01-16,11:05:00,242500,245000,242000,243500,4976,1212400000,3304,1672
145020,2026-01-16,11:10:00,244000,244000,239500,239500,2127,513750000,515,1612
145020,2026-01-16,11:15:00,240000,240500,239500,240000,1634,391660000,675,959
145020,2026-01-16,11:20:00,239500,241500,239000,241000,2379,571940000,1755,624
145020,2026-01-16,11:25:00,241500,241500,240500,241000,1567,377940000,907,660
145020,2026-01-16,11:30:00,241500,242500,240500,242000,1436,346950000,897,539
145020,2026-01-16,11:35:00,242000,243500,241500,243000,2601,631450000,2252,349
145020,2026-01-16,11:40:00,243500,243500,242500,243000,1086,263960000,598,488
145020,2026-01-16,11:45:00,243000,243000,242000,243000,1200,291150000,895,305
145020,2026-01-16,11:50:00,242750,243250,242500,243000,901,218780000,459,442
145020,2026-01-16,11:55:00,243000,244000,242500,243000,1928,468930000,1126,802
145020,2026-01-16,12:00:00,242500,243000,242500,243000,626,152040000,433,193
145020,2026-01-16,12:05:00,243000,244000,242000,243000,3078,748370000,1757,1321
145020,2026-01-16,12:10:00,243000,243000,242000,242750,735,178410000,336,399
145020,2026-01-16,12:15:00,243000,243000,242500,243000,521,126540000,347,174
145020,2026-01-16,12:20:00,243000,243500,242000,242500,1367,332010000,507,860
145020,2026-01-16,12:25:00,242500,243000,242000,242750,687,166580000,425,262
145020,2026-01-16,12:30:00,242750,242750,241500,242000,1644,397360000,839,805
145020,2026-01-16,12:35:00,242000,242000,241500,242000,589,142470000,410,179
145020,2026-01-16,12:40:00,241750,244500,241500,244500,2189,531990000,1884,305
145020,2026-01-16,12:45:00,244500,244500,243500,243500,1052,256870000,627,425
145020,2026-01-16,12:50:00,244000,244000,242500,243000,2004,487520000,1074,930
145020,2026-01-16,12:55:00,243500,246000,243000,244500,4901,1199170000,4055,846
145020,2026-01-16,13:00:00,245500,245500,244500,245000,980,240140000,571,409
145020,2026-01-16,13:05:00,245000,247000,244500,247000,3605,888200000,2613,992
145020,2026-01-16,13:10:00,247000,247500,245500,247500,3476,857730000,2523,953
145020,2026-01-16,13:15:00,247500,248000,246000,247500,3882,959930000,2516,1366
145020,2026-01-16,13:20:00,247500,248000,247000,247500,1836,454540000,972,864
145020,2026-01-16,13:25:00,247000,249000,247000,248250,3471,861190000,2523,948
145020,2026-01-16,13:30:00,248250,248750,247000,247500,1861,461470000,1037,824
145020,2026-01-16,13:35:00,247500,247500,245500,246500,1759,433480000,801,958
145020,2026-01-16,13:40:00,246500,247000,244000,244000,2951,724420000,500,2451
145020,2026-01-16,13:45:00,244000,245000,243500,245000,6120,1492660000,4543,1577
145020,2026-01-16,13:50:00,245500,246500,245000,245750,1844,452810000,1363,481
145020,2026-01-16,13:55:00,245500,246500,245000,246000,1930,474420000,1433,497
145020,2026-01-16,14:00:00,246000,248000,245750,247250,2391,591160000,1621,770
145020,2026-01-16,14:05:00,247250,248500,246500,247500,3060,757890000,1604,1456
145020,2026-01-16,14:10:00,247500,247750,246500,247000,1902,469770000,1113,789
145020,2026-01-16,14:15:00,246750,247000,244000,244500,2068,507960000,644,1424
145020,2026-01-16,14:20:00,244500,245500,244000,245500,1201,293890000,921,280
145020,2026-01-16,14:25:00,245500,245500,242000,243500,2830,689400000,1469,1361
145020,2026-01-16,14:30:00,243750,244500,243500,244500,1224,298750000,950,274
145020,2026-01-16,14:35:00,244000,244500,243000,244000,1478,360320000,715,763
145020,2026-01-16,14:40:00,243500,244000,243500,243500,718,175110000,561,157
145020,2026-01-16,14:45:00,243500,244000,242000,242500,1619,393650000,535,1084
145020,2026-01-16,14:50:00,243000,244000,242500,243500,1676,407600000,1090,586
145020,2026-01-16,14:55:00,243500,244000,243000,243000,1257,305870000,729,528
145020,2026-01-16,15:00:00,243500,244000,243000,243500,967,235630000,709,258
145020,2026-01-16,15:05:00,244000,244000,243000,243000,938,228250000,374,564
145020,2026-01-16,15:10:00,243500,244000,242500,244000,1563,380050000,805,758
145020,2026-01-16,15:15:00,244000,244000,243500,244000,976,237860000,408,568
145020,2026-01-16,15:20:00,243500,244000,241500,241500,2390,579580000,1110,1280
145020,2026-01-16,15:30:00,242000,242000,242000,242000,6172,1493620000,6169,0
145020,2026-01-19,09:05:00,244500,245000,240000,240000,4441,1080080000,1411,3030
145020,2026-01-19,09:10:00,240500,242500,238500,240000,1664,400910000,339,1325
145020,2026-01-19,09:15:00,240000,241000,236500,238500,2417,576630000,832,1585
145020,2026-01-19,09:20:00,238500,238500,235000,235500,2804,662830000,396,2408
145020,2026-01-19,09:25:00,235500,237500,234000,236000,2156,507310000,1036,1120
145020,2026-01-19,09:30:00,236000,238000,236000,237500,1556,369160000,558,998
145020,2026-01-19,09:35:00,237000,238500,236500,238500,682,161660000,291,391
145020,2026-01-19,09:40:00,238000,239500,238000,239000,913,217770000,559,354
145020,2026-01-19,09:45:00,239500,239500,238000,238000,420,100250000,143,277
145020,2026-01-19,09:50:00,238500,240000,237500,239000,404,96370000,242,162
145020,2026-01-19,09:55:00,238500,240000,238500,239500,487,116680000,212,275
145020,2026-01-19,10:00:00,239500,239500,238500,239500,570,136270000,207,363
145020,2026-01-19,10:05:00,238500,239500,237000,237500,930,221190000,217,713
145020,2026-01-19,10:10:00,237500,238500,236500,237500,902,214140000,230,672
145020,2026-01-19,10:15:00,237500,237500,235500,236000,1469,346990000,265,1204
145020,2026-01-19,10:20:00,236000,237500,235500,236000,894,211330000,524,370
145020,2026-01-19,10:25:00,236000,237000,235500,236500,695,164170000,392,303
145020,2026-01-19,10:30:00,236500,237500,235000,235500,1228,289720000,145,1083
145020,2026-01-19,10:35:00,235500,236500,235000,236500,544,128270000,286,258
145020,2026-01-19,10:40:00,236500,237000,235500,236500,533,125840000,180,353
145020,2026-01-19,10:45:00,236500,236500,235500,235500,567,133800000,380,187
145020,2026-01-19,10:50:00,235500,237000,235500,237000,1070,252440000,278,792
145020,2026-01-19,10:55:00,236500,237000,234500,235000,2115,497370000,126,1989
145020,2026-01-19,11:00:00,234500,236500,234500,236500,1341,315390000,941,400
145020,2026-01-19,11:05:00,236000,237000,235000,235500,966,227930000,307,659
145020,2026-01-19,11:10:00,235500,236500,235000,236500,772,182040000,480,292
145020,2026-01-19,11:15:00,236500,237000,234000,235000,2969,697310000,1193,1776
145020,2026-01-19,11:20:00,235000,235500,234500,235000,752,176690000,631,121
145020,2026-01-19,11:25:00,235500,236000,235000,236000,577,135930000,394,183
145020,2026-01-19,11:30:00,236000,236500,235000,236000,472,111300000,173,299
145020,2026-01-19,11:35:00,236000,237000,235500,237000,384,90650000,234,150
145020,2026-01-19,11:40:00,237000,237000,236000,236500,419,98960000,132,287
145020,2026-01-19,11:45:00,236500,236500,235500,236000,420,99150000,140,280
145020,2026-01-19,11:50:00,236000,237000,235500,237000,345,81540000,145,200
145020,2026-01-19,11:55:00,236000,237000,236000,236500,280,66210000,133,147
145020,2026-01-19,12:00:00,236500,237000,236000,236500,267,63110000,162,105
145020,2026-01-19,12:05:00,236500,237000,236000,236500,345,81550000,162,183
145020,2026-01-19,12:10:00,236500,237000,236000,236500,423,100020000,221,202
145020,2026-01-19,12:15:00,237000,237000,236500,237000,310,73400000,170,140
145020,2026-01-19,12:20:00,237000,237500,236000,236500,512,121160000,212,300
145020,2026-01-19,12:25:00,236000,237000,236000,236500,302,71390000,137,165
145020,2026-01-19,12:30:00,236500,237000,236000,236500,364,86110000,125,239
145020,2026-01-19,12:35:00,236500,237500,236500,237000,286,67750000,143,143
145020,2026-01-19,12:40:00,236500,238000,236500,238000,306,72520000,179,127
145020,2026-01-19,12:45:00,237000,237500,236500,237000,382,90550000,111,271
145020,2026-01-19,12:50:00,236500,237000,236500,237000,299,70810000,160,139
145020,2026-01-19,12:55:00,236500,237500,236500,237000,430,101920000,224,206
145020,2026-01-19,13:00:00,237000,237500,237000,237000,240,56950000,113,127
145020,2026-01-19,13:05:00,237500,238000,237000,237500,512,121480000,190,322
145020,2026-01-19,13:10:00,237000,237500,236500,237000,671,158990000,310,361
145020,2026-01-19,13:15:00,237500,237500,236000,236000,1099,260230000,375,724
145020,2026-01-19,13:20:00,236000,236500,235500,235500,1323,312100000,204,1119
145020,2026-01-19,13:25:00,235500,235500,235000,235500,462,108660000,175,287
145020,2026-01-19,13:30:00,235500,235500,231500,232000,9627,2246250000,1426,8201
145020,2026-01-19,13:35:00,231500,233500,231500,232500,3028,702970000,1478,1550
145020,2026-01-19,13:40:00,232000,232500,232000,232500,1659,385000000,233,1426
145020,2026-01-19,13:45:00,232500,233000,232000,232500,1509,350480000,731,778
145020,2026-01-19,13:50:00,232000,233000,231500,232000,2409,559290000,675,1734
145020,2026-01-19,13:55:00,232000,233000,232000,232000,1604,372640000,346,1258
145020,2026-01-19,14:00:00,232000,233000,232000,233000,1493,346920000,588,905
145020,2026-01-19,14:05:00,233000,233000,232000,232500,1310,304340000,572,738
145020,2026-01-19,14:10:00,232000,233000,232000,232500,1399,324980000,466,933
145020,2026-01-19,14:15:00,233000,233000,232000,232000,955,221740000,297,658
145020,2026-01-19,14:20:00,232500,233500,232000,233000,1606,373680000,812,794
145020,2026-01-19,14:25:00,233000,233500,232500,233500,929,216760000,218,711
145020,2026-01-19,14:30:00,233000,233000,232500,233000,567,132060000,261,306
145020,2026-01-19,14:35:00,233000,233500,232500,233000,444,103430000,311,133
145020,2026-01-19,14:40:00,232500,233500,232000,233000,2362,549380000,543,1819
145020,2026-01-19,14:45:00,233000,233500,232500,232500,322,75010000,124,198
145020,2026-01-19,14:50:00,232500,233500,232500,233500,371,86450000,163,208
145020,2026-01-19,14:55:00,233000,234000,233000,233500,893,208370000,452,441
145020,2026-01-19,15:00:00,233000,234000,233000,234000,421,98300000,155,266
145020,2026-01-19,15:05:00,233500,234500,233500,234000,594,138910000,392,202
145020,2026-01-19,15:10:00,233500,234500,233500,234000,1620,379130000,895,725
145020,2026-01-19,15:15:00,234000,234500,233500,234000,1159,271180000,618,541
145020,2026-01-19,15:20:00,234000,235000,234000,235000,1179,276470000,862,317
145020,2026-01-19,15:30:00,235000,235000,235000,235000,2354,553190000,2354,0
145020,2026-01-20,09:05:00,237000,240000,234500,239000,2203,522360000,1544,659
145020,2026-01-20,09:10:00,239500,245000,239000,241000,6337,1538410000,3834,2503
145020,2026-01-20,09:15:00,241500,242500,239500,241500,2384,574090000,1240,1144
145020,2026-01-20,09:20:00,241500,241500,237500,238500,1718,410400000,768,950
145020,2026-01-20,09:25:00,238500,240000,238500,238500,1532,366310000,727,805
145020,2026-01-20,09:30:00,239000,241500,238500,240000,2065,496230000,1318,747
145020,2026-01-20,09:35:00,240500,242000,240000,240000,1990,478970000,1170,820
145020,2026-01-20,09:40:00,240000,244000,240000,243000,2062,500600000,1641,421
145020,2026-01-20,09:45:00,243000,243500,242000,242500,845,205170000,243,602
145020,2026-01-20,09:50:00,242500,245000,242000,242000,3238,788410000,2118,1120
145020,2026-01-20,09:55:00,242000,244500,240500,243500,2771,674100000,1456,1315
145020,2026-01-20,10:00:00,243500,244500,242500,242500,1240,302060000,814,426
145020,2026-01-20,10:05:00,242500,244000,242000,243500,802,195250000,443,359
145020,2026-01-20,10:10:00,244000,244000,240500,241000,1155,280010000,391,764
145020,2026-01-20,10:15:00,241500,241500,240000,241500,268,64620000,128,140
145020,2026-01-20,10:20:00,242000,242000,241000,242000,257,62130000,200,57
145020,2026-01-20,10:25:00,241500,242000,241000,241000,295,71210000,45,250
145020,2026-01-20,10:30:00,241000,242500,241000,242500,750,181390000,413,337
145020,2026-01-20,10:35:00,242500,243500,242000,243000,673,163490000,439,234
145020,2026-01-20,10:40:00,243000,243000,242500,243000,424,102940000,171,253
145020,2026-01-20,10:45:00,242500,243500,241000,242500,462,112040000,182,280
145020,2026-01-20,10:50:00,242500,242500,240000,240500,1386,333350000,622,764
145020,2026-01-20,10:55:00,240500,242000,240000,240500,469,112980000,213,256
145020,2026-01-20,11:00:00,241000,241500,239500,240000,852,204640000,542,310
145020,2026-01-20,11:05:00,240500,241000,240000,240500,533,128170000,323,210
145020,2026-01-20,11:10:00,240500,241000,238500,239000,1165,279300000,214,951
145020,2026-01-20,11:15:00,239000,240000,239000,239000,539,129030000,311,228
145020,2026-01-20,11:20:00,239000,240500,238500,240500,527,126100000,416,111
145020,2026-01-20,11:25:00,240500,240500,239500,239500,360,86530000,160,200
145020,2026-01-20,11:30:00,240000,241000,239500,239500,325,78110000,173,152
145020,2026-01-20,11:35:00,239500,241000,239500,239500,442,106160000,208,234
145020,2026-01-20,11:40:00,239500,241500,239500,240500,354,85140000,221,133
145020,2026-01-20,11:45:00,240500,241000,239500,239500,340,81710000,210,130
145020,2026-01-20,11:50:00,239500,241500,239500,240000,420,100840000,380,40
145020,2026-01-20,11:55:00,240000,241500,240000,241500,458,110160000,286,172
145020,2026-01-20,12:00:00,240500,241500,240000,241000,372,89660000,176,196
145020,2026-01-20,12:05:00,240500,241000,238000,239000,879,210420000,120,759
145020,2026-01-20,12:10:00,239000,241500,239000,239000,288,68980000,137,151
145020,2026-01-20,12:15:00,239000,240000,239000,239500,235,56350000,143,92
145020,2026-01-20,12:20:00,239000,239500,238500,238500,121,28890000,21,100
145020,2026-01-20,12:25:00,239000,240500,238000,238500,391,93320000,163,228
145020,2026-01-20,12:30:00,238500,238500,237000,237000,500,118650000,37,463
145020,2026-01-20,12:35:00,237500,238500,237000,237500,389,92470000,308,81
145020,2026-01-20,12:40:00,237500,238000,236500,237000,1018,241400000,432,586
145020,2026-01-20,12:45:00,237000,237500,236500,237000,226,53590000,106,120
145020,2026-01-20,12:50:00,237500,238000,237500,238000,185,43940000,26,159
145020,2026-01-20,12:55:00,237500,237500,237000,237000,303,71900000,94,209
145020,2026-01-20,13:00:00,237000,238000,237000,237500,206,48920000,124,82
145020,2026-01-20,13:05:00,237000,238000,236500,236500,897,212650000,345,552
145020,2026-01-20,13:10:00,237000,237000,236500,237000,275,65130000,183,92
145020,2026-01-20,13:15:00,237000,237500,236500,237000,890,210860000,245,645
145020,2026-01-20,13:20:00,236500,237500,236500,237000,135,32010000,104,31
145020,2026-01-20,13:25:00,237500,238000,237000,237500,390,92670000,214,176
145020,2026-01-20,13:30:00,237500,239000,237500,239000,448,106800000,332,116
145020,2026-01-20,13:35:00,239000,239500,238500,239000,672,160640000,352,320
145020,2026-01-20,13:40:00,239000,239500,238500,239000,178,42580000,128,50
145020,2026-01-20,13:45:00,239250,240000,238000,238000,459,109620000,132,327
145020,2026-01-20,13:50:00,238000,238500,235000,237500,3679,870880000,1464,2215
145020,2026-01-20,13:55:00,237500,238000,237500,237500,69,16390000,9,60
145020,2026-01-20,14:00:00,237500,238000,237000,237000,432,102610000,39,393
145020,2026-01-20,14:05:00,237500,237500,237000,237500,135,32010000,33,102
145020,2026-01-20,14:10:00,237000,237500,237000,237500,127,30140000,81,46
145020,2026-01-20,14:15:00,237500,238000,237000,238000,694,164790000,578,116
145020,2026-01-20,14:20:00,238000,239000,237500,239000,1266,301450000,957,309
145020,2026-01-20,14:25:00,239000,239500,238500,239500,1284,307200000,1040,244
145020,2026-01-20,14:30:00,239500,241000,239000,241000,1094,262700000,804,290
145020,2026-01-20,14:35:00,241000,241000,240000,240000,785,188800000,247,538
145020,2026-01-20,14:40:00,240500,240500,239500,240000,610,146410000,276,334
145020,2026-01-20,14:45:00,240000,241000,239000,239000,1575,378020000,353,1222
145020,2026-01-20,14:50:00,239500,239500,239000,239000,605,144770000,288,317
145020,2026-01-20,14:55:00,239000,239500,239000,239000,190,45420000,34,156
145020,2026-01-20,15:00:00,239000,239500,239000,239000,377,90130000,55,322
145020,2026-01-20,15:05:00,239000,239500,239000,239500,154,36830000,41,113
145020,2026-01-20,15:10:00,239000,239500,238500,239000,580,138640000,101,479
145020,2026-01-20,15:15:00,238500,239000,237500,237750,672,160020000,35,637
145020,2026-01-20,15:20:00,237500,238000,237500,238000,344,81770000,144,200
145020,2026-01-20,15:30:00,237500,237500,237500,237500,3015,716050000,3013,0
145020,2026-01-21,09:05:00,232000,232000,228500,232000,3324,766400000,1223,2101
145020,2026-01-21,09:10:00,232000,237000,232000,236000,1901,445630000,1168,733
145020,2026-01-21,09:15:00,236000,236000,231500,232000,1449,337710000,311,1138
145020,2026-01-21,09:20:00,232000,233000,231500,232500,911,211530000,438,473
145020,2026-01-21,09:25:00,232000,232000,231000,231500,831,192320000,210,621
145020,2026-01-21,09:30:00,231500,232000,230000,231000,1257,290360000,342,915
145020,2026-01-21,09:35:00,231500,231500,230500,231000,1014,234170000,249,765
145020,2026-01-21,09:40:00,231000,231500,230500,231000,1228,283750000,483,745
145020,2026-01-21,09:45:00,231000,231500,230000,231000,1724,397890000,627,1097
145020,2026-01-21,09:50:00,231000,232000,230500,231000,1477,341420000,412,1065
145020,2026-01-21,09:55:00,231500,232000,230000,231000,2077,479650000,667,1410
145020,2026-01-21,10:00:00,231500,232000,230500,231000,1409,325810000,666,743
145020,2026-01-21,10:05:00,231000,231500,229500,230500,1731,398200000,484,1247
145020,2026-01-21,10:10:00,230000,231000,229500,230000,801,184380000,210,591
145020,2026-01-21,10:15:00,230000,230000,228500,230000,1336,306530000,388,948
145020,2026-01-21,10:20:00,229500,229500,228500,229000,797,182250000,85,712
145020,2026-01-21,10:25:00,229000,230000,228500,229500,724,165840000,315,409
145020,2026-01-21,10:30:00,229500,229500,229000,229000,840,192410000,139,701
145020,2026-01-21,10:35:00,229500,230000,228500,229000,869,199120000,123,746
145020,2026-01-21,10:40:00,229000,229000,228000,229000,1166,266460000,273,893
145020,2026-01-21,10:45:00,228500,229500,228500,229000,439,100530000,91,348
145020,2026-01-21,10:50:00,229500,229500,228500,228500,948,216860000,143,805
145020,2026-01-21,10:55:00,229000,230000,228500,229000,1004,230120000,413,591
145020,2026-01-21,11:00:00,229000,230000,229000,230000,574,131860000,286,288
145020,2026-01-21,11:05:00,230000,230500,229500,229500,834,191750000,171,663
145020,2026-01-21,11:10:00,230000,230000,229000,229500,529,121350000,101,428
145020,2026-01-21,11:15:00,229500,229500,229000,229000,624,143060000,121,503
145020,2026-01-21,11:20:00,229000,229500,228000,228500,2613,597360000,387,2226
145020,2026-01-21,11:25:00,228500,229500,228500,228500,1106,253020000,170,936
145020,2026-01-21,11:30:00,229000,229500,228500,229000,1052,240850000,188,864
145020,2026-01-21,11:35:00,229000,229500,227500,228500,2327,530890000,364,1963
145020,2026-01-21,11:40:00,228500,229000,227500,228000,1209,275750000,417,792
145020,2026-01-21,11:45:00,228000,228500,227000,228000,1325,301610000,322,1003
145020,2026-01-21,11:50:00,228000,228000,227000,227500,814,185150000,269,545
145020,2026-01-21,11:55:00,227500,228500,227500,228000,691,157510000,307,384
145020,2026-01-21,12:00:00,228000,228500,227500,227500,1808,411700000,921,887
145020,2026-01-21,12:05:00,227500,228000,227500,228000,390,88860000,185,205
145020,2026-01-21,12:10:00,228000,229000,228000,228500,511,116620000,213,298
145020,2026-01-21,12:15:00,228500,229000,228000,228500,403,92090000,165,238
145020,2026-01-21,12:20:00,229000,229000,228000,228000,328,74960000,63,265
145020,2026-01-21,12:25:00,228000,229500,228000,229000,878,200880000,709,169
145020,2026-01-21,12:30:00,229500,230000,229000,229500,483,110940000,232,251
145020,2026-01-21,12:35:00,229500,230000,229500,229500,766,175970000,449,317
145020,2026-01-21,12:40:00,230000,230500,229500,230000,862,198220000,650,212
145020,2026-01-21,12:45:00,230000,231000,230000,230500,532,122600000,437,95
145020,2026-01-21,12:50:00,230000,230500,229500,230500,481,110650000,233,248
145020,2026-01-21,12:55:00,230500,231000,229500,229500,553,127260000,235,318
145020,2026-01-21,13:00:00,230000,231000,229000,230000,1052,241580000,283,769
145020,2026-01-21,13:05:00,230000,230000,228500,228500,676,154850000,123,553
145020,2026-01-21,13:10:00,228500,229000,228000,228500,925,211310000,279,646
145020,2026-01-21,13:15:00,228500,229000,228000,228500,890,203170000,144,746
145020,2026-01-21,13:20:00,228500,229500,228000,228500,864,197490000,204,660
145020,2026-01-21,13:25:00,228500,229000,228000,228000,638,145690000,82,556
145020,2026-01-21,13:30:00,228500,229000,228000,228500,927,211920000,299,628
145020,2026-01-21,13:35:00,228500,229000,228000,228500,1328,303460000,125,1203
145020,2026-01-21,13:40:00,228000,229000,228000,229000,1161,265170000,494,667
145020,2026-01-21,13:45:00,229000,229500,228500,228500,936,214050000,324,612
145020,2026-01-21,13:50:00,229000,229000,228000,229000,699,159610000,130,569
145020,2026-01-21,13:55:00,229000,229000,228000,228500,1146,261560000,367,779
145020,2026-01-21,14:00:00,228000,229000,228000,228500,770,175680000,92,678
145020,2026-01-21,14:05:00,228000,229000,228000,229000,1021,232990000,316,705
145020,2026-01-21,14:10:00,229000,229000,228000,229000,911,208020000,211,700
145020,2026-01-21,14:15:00,229000,229500,228500,228500,927,212280000,176,751
145020,2026-01-21,14:20:00,229000,229500,228000,229000,941,215130000,266,675
145020,2026-01-21,14:25:00,228500,229000,228000,229000,846,193220000,196,650
145020,2026-01-21,14:30:00,228500,229000,228000,228500,740,168870000,114,626
145020,2026-01-21,14:35:00,229000,229000,228000,229000,939,214610000,242,697
145020,2026-01-21,14:40:00,228500,229500,228000,229000,1220,278800000,463,757
145020,2026-01-21,14:45:00,229000,229500,228000,229000,1245,284850000,588,657
145020,2026-01-21,14:50:00,229500,230000,228500,229500,1052,241010000,285,767
145020,2026-01-21,14:55:00,229000,230000,229000,229500,975,223830000,437,538
145020,2026-01-21,15:00:00,229000,230500,229000,229000,818,187740000,469,349
145020,2026-01-21,15:05:00,229500,230000,229000,230000,779,178980000,436,343
145020,2026-01-21,15:10:00,229500,230000,229500,230000,844,193890000,410,434
145020,2026-01-21,15:15:00,230000,230500,229500,230500,799,183870000,593,206
145020,2026-01-21,15:20:00,230000,230500,229500,229500,1002,230570000,723,279
145020,2026-01-21,15:30:00,229000,229000,229000,229000,2121,485700000,2120,0
145020,2026-01-22,09:05:00,228000,230500,226500,230500,4514,1034670000,2243,2271
145020,2026-01-22,09:10:00,230500,233000,230000,230500,3000,692960000,1923,1077
145020,2026-01-22,09:15:00,230500,233000,230000,231500,2427,562860000,1704,723
145020,2026-01-22,09:20:00,231500,232500,230500,231000,1681,389090000,308,1373
145020,2026-01-22,09:25:00,231000,231500,230000,230000,803,185340000,339,464
145020,2026-01-22,09:30:00,230500,231000,229500,231000,740,170340000,417,323
145020,2026-01-22,09:35:00,231000,231500,229500,231000,856,197480000,415,441
145020,2026-01-22,09:40:00,231000,231500,230000,231500,1166,269450000,791,375
145020,2026-01-22,09:45:00,231500,235000,231000,235000,2845,662650000,2386,459
145020,2026-01-22,09:50:00,235000,235000,232500,233500,1229,287810000,433,796
145020,2026-01-22,09:55:00,233750,235500,233750,235000,2180,511550000,1373,807
145020,2026-01-22,10:00:00,235000,237000,234500,236500,1907,450710000,1055,852
145020,2026-01-22,10:05:00,236000,237500,236000,236500,1363,322880000,774,589
145020,2026-01-22,10:10:00,236500,238000,236500,237500,1902,451140000,917,985
145020,2026-01-22,10:15:00,237000,237500,235000,236000,1672,395200000,701,971
145020,2026-01-22,10:20:00,236500,236500,235000,236500,1159,273400000,629,530
145020,2026-01-22,10:25:00,236000,237500,235500,237000,1739,412050000,1225,514
145020,2026-01-22,10:30:00,237000,237000,236000,237000,957,226550000,549,408
145020,2026-01-22,10:35:00,236500,237500,236000,237000,1569,372040000,1037,532
145020,2026-01-22,10:40:00,237500,239500,237000,238500,4867,1160660000,4241,626
145020,2026-01-22,10:45:00,238500,238500,236500,237500,924,219560000,422,502
145020,2026-01-22,10:50:00,237000,238000,236500,237000,614,145740000,274,340
145020,2026-01-22,10:55:00,237000,237500,236000,236500,665,157560000,336,329
145020,2026-01-22,11:00:00,236500,237500,235500,236500,1379,326000000,741,638
145020,2026-01-22,11:05:00,236500,237000,235500,236500,1778,419970000,520,1258
145020,2026-01-22,11:10:00,236500,249000,236500,246000,14054,3417440000,10551,3503
145020,2026-01-22,11:15:00,246500,250500,245000,250500,9400,2331410000,6804,2596
145020,2026-01-22,11:20:00,250000,250000,246000,248500,5873,1456460000,3748,2125
145020,2026-01-22,11:25:00,249000,249500,247000,247500,3895,966830000,1977,1918
145020,2026-01-22,11:30:00,247000,247500,243500,243500,3495,860200000,1028,2467
145020,2026-01-22,11:35:00,244500,246500,244500,245500,1671,410790000,880,791
145020,2026-01-22,11:40:00,245500,246000,243500,244500,2064,505110000,663,1401
145020,2026-01-22,11:45:00,244500,246500,244000,245500,1712,420390000,1257,455
145020,2026-01-22,11:50:00,245000,247500,245000,246500,2813,692100000,1703,1110
145020,2026-01-22,11:55:00,247000,248000,246000,247000,2299,568790000,1407,892
145020,2026-01-22,12:00:00,246500,248000,246000,246500,1342,331510000,520,822
145020,2026-01-22,12:05:00,246500,248000,245500,247500,2362,583400000,1251,1111
145020,2026-01-22,12:10:00,248000,248500,247500,247500,1979,490760000,1264,715
145020,2026-01-22,12:15:00,248000,248000,246500,247500,1567,387590000,1381,186
145020,2026-01-22,12:20:00,247500,249500,247500,249500,3199,794370000,2313,886
145020,2026-01-22,12:25:00,249500,249500,248500,249000,1890,470600000,1173,717
145020,2026-01-22,12:30:00,249000,249000,247500,248500,1742,432800000,1078,664
145020,2026-01-22,12:35:00,248500,250500,247500,249500,4922,1228400000,2942,1980
145020,2026-01-22,12:40:00,249500,250000,248500,250000,2606,650110000,1692,914
145020,2026-01-22,12:45:00,249500,250500,249000,249000,2145,535520000,1284,861
145020,2026-01-22,12:50:00,249000,249500,247500,249000,3101,770530000,1625,1476
145020,2026-01-22,12:55:00,249000,250000,248500,249500,2279,568710000,1691,588
145020,2026-01-22,13:00:00,249500,250000,248500,249500,1679,419080000,1266,413
145020,2026-01-22,13:05:00,249500,250000,249000,249000,1856,463040000,1226,630
145020,2026-01-22,13:10:00,249000,251000,249000,250000,6937,1735610000,6225,712
145020,2026-01-22,13:15:00,250500,250500,249000,249000,2893,722720000,1751,1142
145020,2026-01-22,13:20:00,249500,250500,248500,248500,2565,640650000,1134,1431
145020,2026-01-22,13:25:00,248500,249500,248500,249000,2294,571290000,1359,935
145020,2026-01-22,13:30:00,249500,250500,248000,250000,2533,631060000,2110,423
145020,2026-01-22,13:35:00,250000,251000,249500,251000,3672,918960000,2170,1502
145020,2026-01-22,13:40:00,251000,252000,250000,251000,4354,1093720000,3423,931
145020,2026-01-22,13:45:00,251500,252000,251000,252000,3730,939290000,3151,579
145020,2026-01-22,13:50:00,252500,258000,252000,256000,15905,4064740000,10922,4983
145020,2026-01-22,13:55:00,256500,257500,253000,255000,4855,1241370000,1906,2949
145020,2026-01-22,14:00:00,255000,260000,254500,258000,11652,3011690000,8065,3587
145020,2026-01-22,14:05:00,258000,262000,257500,260000,7393,1923450000,4950,2443
145020,2026-01-22,14:10:00,260500,261500,259000,261000,3669,955600000,2488,1181
145020,2026-01-22,14:15:00,261000,261500,259500,260500,3566,930350000,2125,1441
145020,2026-01-22,14:20:00,260500,262000,259500,261500,4237,1105020000,2775,1462
145020,2026-01-22,14:25:00,262000,263000,261000,262000,4340,1137730000,2904,1436
145020,2026-01-22,14:30:00,262000,263500,262000,262000,4273,1121980000,2248,2025
145020,2026-01-22,14:35:00,262000,262500,259000,259000,4694,1223060000,1211,3483
145020,2026-01-22,14:40:00,259500,260000,258000,259000,4043,1047010000,1158,2885
145020,2026-01-22,14:45:00,259000,260500,256500,256500,4697,1216330000,1947,2750
145020,2026-01-22,14:50:00,257000,259000,256000,258500,3619,933910000,2247,1372
145020,2026-01-22,14:55:00,258500,260000,257000,258500,4119,1065990000,2553,1566
145020,2026-01-22,15:00:00,259000,260500,258500,259000,3371,874650000,1832,1539
145020,2026-01-22,15:05:00,259000,260000,257500,258000,3581,926100000,1550,2031
145020,2026-01-22,15:10:00,258000,258750,255000,255500,7119,1828120000,3993,3126
145020,2026-01-22,15:15:00,255500,256500,254000,255000,3910,998190000,2070,1840
145020,2026-01-22,15:20:00,255000,255500,253000,255500,2027,515770000,899,1128
145020,2026-01-22,15:30:00,255000,255000,255000,255000,2796,712980000,2702,0
145020,2026-01-23,09:05:00,260000,263500,257500,263000,4914,1278060000,2245,2669
145020,2026-01-23,09:10:00,262500,265000,261000,263500,4466,1176880000,2245,2221
145020,2026-01-23,09:15:00,263500,264500,259500,260500,2634,688430000,770,1864
145020,2026-01-23,09:20:00,260000,260000,258500,259000,1498,388270000,498,1000
145020,2026-01-23,09:25:00,259000,261000,258000,260500,1776,461280000,562,1214
145020,2026-01-23,09:30:00,260500,261500,260000,260000,1293,336980000,599,694
145020,2026-01-23,09:35:00,260000,260000,256000,257000,1718,441950000,727,991
145020,2026-01-23,09:40:00,257000,257500,254500,255000,1789,458130000,690,1099
145020,2026-01-23,09:45:00,255500,256000,252500,253500,3049,773670000,1501,1548
145020,2026-01-23,09:50:00,253500,255000,253000,255000,2139,542410000,996,1143
145020,2026-01-23,09:55:00,255000,255500,254000,254000,982,250100000,369,613
145020,2026-01-23,10:00:00,254500,255000,253500,254000,788,200290000,376,412
145020,2026-01-23,10:05:00,253750,256000,253500,256000,902,229880000,514,388
145020,2026-01-23,10:10:00,255500,257500,255000,256500,1033,264830000,606,427
145020,2026-01-23,10:15:00,256500,258000,256000,256500,1166,299740000,781,385
145020,2026-01-23,10:20:00,257000,258000,256500,257500,845,217560000,484,361
145020,2026-01-23,10:25:00,257500,258000,256000,256000,662,170020000,252,410
145020,2026-01-23,10:30:00,256500,258500,256500,258500,972,250170000,762,210
145020,2026-01-23,10:35:00,258000,259000,257000,259000,2032,524810000,986,1046
145020,2026-01-23,10:40:00,259000,259500,257500,258500,1219,314860000,614,605
145020,2026-01-23,10:45:00,258500,261000,258000,261000,2996,777910000,1628,1368
145020,2026-01-23,10:50:00,260500,262500,259000,262000,3751,978530000,1472,2279
145020,2026-01-23,10:55:00,262000,262500,261000,261500,2399,628100000,1149,1250
145020,2026-01-23,11:00:00,261000,262500,260500,261500,1221,319550000,893,328
145020,2026-01-23,11:05:00,262000,264500,261500,264000,2811,740410000,2352,459
145020,2026-01-23,11:10:00,263500,264000,263000,264000,1261,332620000,828,433
145020,2026-01-23,11:15:00,264000,264000,261500,263000,1538,404610000,698,840
145020,2026-01-23,11:20:00,263000,263000,260000,261500,1094,286290000,538,556
145020,2026-01-23,11:25:00,261500,263000,261000,263000,1182,309770000,770,412
145020,2026-01-23,11:30:00,262500,264500,262000,264500,1490,392500000,1003,487
145020,2026-01-23,11:35:00,264500,265000,262500,264500,2051,541540000,1284,767
145020,2026-01-23,11:40:00,264500,265000,264000,264500,1151,304370000,791,360
145020,2026-01-23,11:45:00,264500,265000,263500,264500,1066,281940000,657,409
145020,2026-01-23,11:50:00,264000,265000,263500,264000,1202,317660000,638,564
145020,2026-01-23,11:55:00,264500,265000,263500,264000,1213,320730000,690,523
145020,2026-01-23,12:00:00,264500,265000,263000,263000,877,231800000,599,278
145020,2026-01-23,12:05:00,264000,267500,262500,266500,5795,1538040000,4319,1476
145020,2026-01-23,12:10:00,266250,267500,265500,266000,1585,422390000,802,783
145020,2026-01-23,12:15:00,267000,267000,263500,266000,1288,342650000,705,583
145020,2026-01-23,12:20:00,266000,266000,264000,264500,798,211690000,420,378
145020,2026-01-23,12:25:00,264500,266000,264000,265500,956,253320000,706,250
145020,2026-01-23,12:30:00,265000,265500,264000,265000,931,246480000,543,388
145020,2026-01-23,12:35:00,264500,265500,263000,263500,1058,279830000,728,330
145020,2026-01-23,12:40:00,263500,265000,263000,263500,1177,310830000,820,357
145020,2026-01-23,12:45:00,264000,265000,261000,264000,1054,278010000,448,606
145020,2026-01-23,12:50:00,264000,265500,263500,264500,1014,268490000,582,432
145020,2026-01-23,12:55:00,265000,266000,264000,265000,1121,297170000,650,471
145020,2026-01-23,13:00:00,265000,266000,264000,265000,937,248600000,641,296
145020,2026-01-23,13:05:00,265000,266000,264000,264500,1484,394010000,972,512
145020,2026-01-23,13:10:00,264750,265000,263000,263500,1930,509930000,789,1141
145020,2026-01-23,13:15:00,263500,265500,262500,264500,2494,658620000,1108,1386
145020,2026-01-23,13:20:00,264500,265500,263000,264000,1127,297870000,562,565
145020,2026-01-23,13:25:00,264000,265000,263000,264000,1160,306340000,477,683
145020,2026-01-23,13:30:00,264000,265000,263500,263500,803,212150000,362,441
145020,2026-01-23,13:35:00,264000,264500,263000,263500,1050,277170000,393,657
145020,2026-01-23,13:40:00,263500,264500,262500,264000,1548,408100000,799,749
145020,2026-01-23,13:45:00,264000,264500,263500,264500,1087,286970000,441,646
145020,2026-01-23,13:50:00,264000,265000,263500,264000,1131,299050000,610,521
145020,2026-01-23,13:55:00,264000,264500,262500,263000,1148,302470000,434,714
145020,2026-01-23,14:00:00,262000,263500,262000,262500,1110,291570000,591,519
145020,2026-01-23,14:05:00,262000,262500,260500,261000,1569,410570000,573,996
145020,2026-01-23,14:10:00,261500,263000,260000,261500,1659,433150000,683,976
145020,2026-01-23,14:15:00,262000,264000,261500,263500,1666,438180000,779,887
145020,2026-01-23,14:20:00,264000,264500,263500,264500,743,196130000,433,310
145020,2026-01-23,14:25:00,264500,264500,263000,264000,1174,310020000,569,605
145020,2026-01-23,14:30:00,264500,264500,263500,264500,730,192750000,344,386
145020,2026-01-23,14:35:00,264000,264500,263000,263000,1087,286820000,665,422
145020,2026-01-23,14:40:00,263000,264000,263000,264000,560,147650000,303,257
145020,2026-01-23,14:45:00,264000,264000,262500,263000,816,214880000,370,446
145020,2026-01-23,14:50:00,263000,264000,262500,264000,805,212060000,635,170
145020,2026-01-23,14:55:00,264000,264500,263500,264500,1007,265950000,542,465
145020,2026-01-23,15:00:00,264500,264500,263500,264000,1054,278360000,504,550
145020,2026-01-23,15:05:00,264000,264000,262000,263000,1241,326480000,544,697
145020,2026-01-23,15:10:00,262500,263000,262000,262000,1215,319010000,398,817
145020,2026-01-23,15:15:00,262000,263000,262000,262000,1017,266900000,628,389
145020,2026-01-23,15:20:00,262500,263500,261000,263000,3016,791140000,1938,1078
145020,2026-01-23,15:30:00,263500,263500,263500,263500,2135,562570000,2131,0
145020,2026-01-26,09:05:00,274000,286500,271500,275000,24603,6888010000,14485,10118
145020,2026-01-26,09:10:00,275000,277500,271000,272500,9195,2515350000,5731,3464
145020,2026-01-26,09:15:00,273000,275500,270000,270500,6145,1674060000,2624,3521
145020,2026-01-26,09:20:00,270500,274000,270000,273500,3093,840160000,1207,1886
145020,2026-01-26,09:25:00,273500,274000,271000,272750,3498,953420000,1669,1829
145020,2026-01-26,09:30:00,272750,273500,269000,272500,2943,797490000,1011,1932
145020,2026-01-26,09:35:00,272500,273000,269500,273000,1949,529320000,651,1298
145020,2026-01-26,09:40:00,273000,274500,272000,274500,1920,524950000,1218,702
145020,2026-01-26,09:45:00,274000,274500,272000,273500,3174,868170000,932,2242
145020,2026-01-26,09:50:00,273500,274500,272500,273500,1866,510730000,962,904
145020,2026-01-26,09:55:00,273500,275000,273000,274000,1483,406540000,836,647
145020,2026-01-26,10:00:00,274000,274500,271500,273500,2285,623800000,968,1317
145020,2026-01-26,10:05:00,273500,274500,272000,273500,2203,602650000,986,1217
145020,2026-01-26,10:10:00,273500,276000,272000,276000,2641,724270000,1955,686
145020,2026-01-26,10:15:00,276500,278000,276000,277000,3186,881540000,1533,1653
145020,2026-01-26,10:20:00,277000,278000,275500,277500,2599,719170000,995,1604
145020,2026-01-26,10:25:00,277500,278000,275500,277500,2361,654670000,793,1568
145020,2026-01-26,10:30:00,277500,279000,277500,279000,2270,632090000,1032,1238
145020,2026-01-26,10:35:00,278750,279000,275500,277500,3501,972690000,1366,2135
145020,2026-01-26,10:40:00,277500,279000,277000,278500,2143,596140000,1208,935
145020,2026-01-26,10:45:00,278500,279000,276500,278000,3738,1039890000,1195,2543
145020,2026-01-26,10:50:00,278500,279500,277500,278500,3403,947440000,1552,1851
145020,2026-01-26,10:55:00,278000,278500,275000,276000,3066,850100000,1685,1381
145020,2026-01-26,11:00:00,276500,279000,274500,275500,2998,829070000,1302,1696
145020,2026-01-26,11:05:00,275500,275500,273500,274500,2244,616290000,707,1537
145020,2026-01-26,11:10:00,274000,277000,274000,277000,2130,586440000,1510,620
145020,2026-01-26,11:15:00,276500,277000,275500,277000,1892,523250000,979,913
145020,2026-01-26,11:20:00,277000,278500,276000,277500,2393,663420000,1403,990
145020,2026-01-26,11:25:00,278000,282000,277000,281000,5460,1528250000,3781,1679
145020,2026-01-26,11:30:00,281000,281500,279000,279000,1897,531100000,637,1260
145020,2026-01-26,11:35:00,279500,280000,277500,280000,1595,444920000,754,841
145020,2026-01-26,11:40:00,280000,281000,277500,280000,2010,562380000,1120,890
145020,2026-01-26,11:45:00,280000,281000,278500,279000,1592,445060000,800,792
145020,2026-01-26,11:50:00,279500,280000,277000,277500,1349,375080000,639,710
145020,2026-01-26,11:55:00,277500,278500,277000,277000,805,223560000,343,462
145020,2026-01-26,12:00:00,277000,278500,277000,278000,1192,331430000,658,534
145020,2026-01-26,12:05:00,278500,280000,278000,280000,1417,395370000,840,577
145020,2026-01-26,12:10:00,280000,280500,279000,280500,2055,575370000,1392,663
145020,2026-01-26,12:15:00,281000,281000,279500,280500,1557,436690000,837,720
145020,2026-01-26,12:20:00,280500,281000,279500,280500,1776,497870000,926,850
145020,2026-01-26,12:25:00,280500,281500,280000,281000,1730,485930000,1250,480
145020,2026-01-26,12:30:00,281500,284500,280000,282500,6905,1952620000,4713,2192
145020,2026-01-26,12:35:00,283000,285000,282000,284000,4254,1207360000,2431,1823
145020,2026-01-26,12:40:00,283500,284000,281000,282000,3330,940990000,1544,1786
145020,2026-01-26,12:45:00,282000,284000,282000,282500,2071,586130000,1267,804
145020,2026-01-26,12:50:00,282500,284000,280500,281500,2622,739940000,1180,1442
145020,2026-01-26,12:55:00,281000,283000,280500,282500,2693,759790000,1484,1209
145020,2026-01-26,13:00:00,283000,284000,281500,283500,2414,683050000,1567,847
145020,2026-01-26,13:05:00,284000,285000,282500,285000,4139,1175220000,3150,989
145020,2026-01-26,13:10:00,285000,285500,281000,281500,4885,1386810000,2771,2114
145020,2026-01-26,13:15:00,282000,284000,281500,283000,2375,671710000,1506,869
145020,2026-01-26,13:20:00,283000,285000,282000,284000,2728,773920000,1564,1164
145020,2026-01-26,13:25:00,285000,285000,283000,283500,1487,422070000,993,494
145020,2026-01-26,13:30:00,283500,284500,282500,283000,2392,678580000,984,1408
145020,2026-01-26,13:35:00,283000,283500,282500,283000,1837,520000000,1101,736
145020,2026-01-26,13:40:00,283000,283500,282500,283000,1683,476600000,998,685
145020,2026-01-26,13:45:00,283000,284000,283000,284000,2882,817080000,2107,775
145020,2026-01-26,13:50:00,283500,284000,281500,281500,2342,662210000,886,1456
145020,2026-01-26,13:55:00,281500,283500,281500,282000,2365,667340000,1266,1099
145020,2026-01-26,14:00:00,282000,284500,281500,282000,2223,629630000,1234,989
145020,2026-01-26,14:05:00,282000,283000,281500,282500,2746,775210000,1393,1353
145020,2026-01-26,14:10:00,281500,282500,281500,282500,1568,442140000,991,577
145020,2026-01-26,14:15:00,282500,283500,282000,282500,2178,615430000,1362,816
145020,2026-01-26,14:20:00,283000,283000,281500,282000,3471,980420000,1411,2060
145020,2026-01-26,14:25:00,281500,282000,281500,282000,1619,456080000,630,989
145020,2026-01-26,14:30:00,281500,282500,281500,282000,3233,911570000,1919,1314
145020,2026-01-26,14:35:00,282500,283500,282000,282500,2229,630020000,1675,554
145020,2026-01-26,14:40:00,282000,282500,282000,282500,1442,407270000,1176,266
145020,2026-01-26,14:45:00,282500,283000,282000,283000,1376,388920000,1186,190
145020,2026-01-26,14:50:00,283000,284500,282500,284000,3193,905590000,2531,662
145020,2026-01-26,14:55:00,284000,285000,283500,284500,3136,891390000,1891,1245
145020,2026-01-26,15:00:00,284500,285000,283500,284500,2582,734010000,1579,1003
145020,2026-01-26,15:05:00,284500,284500,283000,284000,2569,728960000,1669,900
145020,2026-01-26,15:10:00,284000,284500,283500,284000,2382,676720000,1672,710
145020,2026-01-26,15:15:00,284500,284500,283500,284500,2854,810800000,1982,872
145020,2026-01-26,15:20:00,284500,285000,284000,284500,3606,1025880000,1717,1889
145020,2026-01-26,15:30:00,285500,285500,285500,285500,3927,1121150000,3911,0
145020,2026-01-27,09:05:00,280500,288000,275000,286500,9067,2565570000,4482,4585
145020,2026-01-27,09:10:00,286500,291000,286000,289000,8706,2511550000,4639,4067
145020,2026-01-27,09:15:00,289000,291500,287500,288000,8892,2574270000,3849,5043
145020,2026-01-27,09:20:00,288000,288500,281000,283000,5961,1705080000,2186,3775
145020,2026-01-27,09:25:00,282000,286000,279000,283000,6583,1854290000,2768,3815
145020,2026-01-27,09:30:00,283000,286000,281500,285500,3172,900520000,1414,1758
145020,2026-01-27,09:35:00,286000,286000,281500,283500,3193,904210000,1405,1788
145020,2026-01-27,09:40:00,283500,284000,281500,282500,2075,586290000,714,1361
145020,2026-01-27,09:45:00,282000,283000,279500,280500,3285,922820000,1352,1933
145020,2026-01-27,09:50:00,280500,280500,275000,278000,5207,1443390000,2236,2971
145020,2026-01-27,09:55:00,278000,278000,273500,276000,5129,1410100000,2222,2907
145020,2026-01-27,10:00:00,276500,280000,276000,278000,3644,1013010000,2253,1391
145020,2026-01-27,10:05:00,278000,278500,275000,276500,2380,657090000,974,1406
145020,2026-01-27,10:10:00,277500,277500,275000,276500,1266,349410000,417,849
145020,2026-01-27,10:15:00,277000,277000,274000,276500,5303,1460460000,1392,3911
145020,2026-01-27,10:20:00,277000,277000,274500,275500,2237,616490000,835,1402
145020,2026-01-27,10:25:00,276000,276000,274000,275500,2004,551970000,800,1204
145020,2026-01-27,10:30:00,275500,277500,275000,276500,2183,602640000,1252,931
145020,2026-01-27,10:35:00,276000,276500,274500,275000,2123,584210000,700,1423
145020,2026-01-27,10:40:00,275000,275000,273000,273500,6017,1647370000,1852,4165
145020,2026-01-27,10:45:00,273750,273750,272000,272500,3602,981900000,1592,2010
145020,2026-01-27,10:50:00,272500,273500,271500,271500,5636,1535530000,2322,3314
145020,2026-01-27,10:55:00,271750,272000,270000,270000,5048,1367290000,829,4219
145020,2026-01-27,11:00:00,270000,270250,267000,268000,5983,1607610000,2416,3567
145020,2026-01-27,11:05:00,268000,271500,268000,270500,3136,845210000,1423,1713
145020,2026-01-27,11:10:00,270750,271000,270000,270500,2062,557680000,1113,949
145020,2026-01-27,11:15:00,270500,272000,270000,270500,3937,1065480000,1488,2449
145020,2026-01-27,11:20:00,270250,270500,269000,269250,2614,705170000,282,2332
145020,2026-01-27,11:25:00,269000,270500,269000,270500,3446,929100000,2067,1379
145020,2026-01-27,11:30:00,270000,271000,269500,270000,1394,376350000,690,704
145020,2026-01-27,11:35:00,270250,270500,269500,270000,2329,628430000,1296,1033
145020,2026-01-27,11:40:00,270250,272000,269500,270000,1775,479370000,1041,734
145020,2026-01-27,11:45:00,270000,271000,269500,271000,2720,735280000,1538,1182
145020,2026-01-27,11:50:00,270750,271000,270000,270750,2765,747630000,1696,1069
145020,2026-01-27,11:55:00,270500,271000,269500,270000,1034,279310000,241,793
145020,2026-01-27,12:00:00,269500,270000,269500,269750,1434,386770000,625,809
145020,2026-01-27,12:05:00,269750,271500,269500,271000,2455,662910000,1647,808
145020,2026-01-27,12:10:00,271000,271000,270000,271000,1556,420840000,564,992
145020,2026-01-27,12:15:00,270750,272000,270500,271250,1528,414210000,763,765
145020,2026-01-27,12:20:00,271000,271500,270500,271000,690,186750000,174,516
145020,2026-01-27,12:25:00,270500,272500,270000,272500,1940,525420000,1283,657
145020,2026-01-27,12:30:00,272000,272500,271000,271500,1217,330720000,327,890
145020,2026-01-27,12:35:00,272000,273000,271500,272500,1724,469080000,853,871
145020,2026-01-27,12:40:00,272500,273500,272500,273000,1710,466940000,1044,666
145020,2026-01-27,12:45:00,273250,273500,272500,273500,2100,573440000,1097,1003
145020,2026-01-27,12:50:00,273000,275000,273000,274000,2362,646890000,1600,762
145020,2026-01-27,12:55:00,274500,275000,274000,274000,1414,387890000,826,588
145020,2026-01-27,13:00:00,274000,276000,274000,274500,2738,752940000,1275,1463
145020,2026-01-27,13:05:00,274750,275000,274000,274500,1665,456720000,771,894
145020,2026-01-27,13:10:00,274250,274250,272500,273500,2689,734590000,1388,1301
145020,2026-01-27,13:15:00,273000,273500,272500,272500,1680,458500000,456,1224
145020,2026-01-27,13:20:00,272750,274000,272500,273500,2914,795270000,1688,1226
145020,2026-01-27,13:25:00,273500,273500,271500,272000,1736,472300000,337,1399
145020,2026-01-27,13:30:00,271500,272500,271000,271500,3719,1010030000,1888,1831
145020,2026-01-27,13:35:00,271500,274000,271000,271250,4266,1159710000,2294,1972
145020,2026-01-27,13:40:00,271250,272000,271000,271000,1936,525540000,1126,810
145020,2026-01-27,13:45:00,271250,271500,270500,270500,1933,523600000,931,1002
145020,2026-01-27,13:50:00,270500,271000,270000,270750,2445,661670000,1162,1283
145020,2026-01-27,13:55:00,270500,271500,270000,270750,3057,826580000,1068,1989
145020,2026-01-27,14:00:00,270500,271000,270000,270750,1649,446270000,907,742
145020,2026-01-27,14:05:00,270750,271500,270000,271000,2048,554250000,1169,879
145020,2026-01-27,14:10:00,271000,271000,270500,271000,1204,325810000,259,945
145020,2026-01-27,14:15:00,270500,271000,270000,270000,1669,451090000,671,998
145020,2026-01-27,14:20:00,270000,272000,270000,271500,2965,803370000,2159,806
145020,2026-01-27,14:25:00,271250,271500,270000,270750,1911,517350000,949,962
145020,2026-01-27,14:30:00,270500,271500,270000,271500,1870,506090000,1064,806
145020,2026-01-27,14:35:00,271500,271500,269500,270000,2551,689480000,966,1585
145020,2026-01-27,14:40:00,270000,271000,269500,270000,2195,593230000,1107,1088
145020,2026-01-27,14:45:00,270000,271000,270000,270500,1491,403420000,835,656
145020,2026-01-27,14:50:00,270500,271500,270500,270500,2374,642940000,1094,1280
145020,2026-01-27,14:55:00,271500,271500,270000,271000,2364,639480000,1223,1141
145020,2026-01-27,15:00:00,270500,271000,270000,270500,2060,557190000,815,1245
145020,2026-01-27,15:05:00,270750,271000,270000,270500,1994,539270000,802,1192
145020,2026-01-27,15:10:00,270500,271500,270000,271000,2722,737480000,1351,1371
145020,2026-01-27,15:15:00,271000,271500,270500,270750,1937,524750000,1279,658
145020,2026-01-27,15:20:00,270500,271500,270000,270500,6937,1876620000,2302,4635
145020,2026-01-27,15:30:00,270500,270500,270500,270500,3109,840980000,3109,0
145020,2026-01-28,09:05:00,277500,282000,275000,280500,7446,2080600000,3827,3619
145020,2026-01-28,09:10:00,280500,282000,279500,280000,7082,1986990000,4784,2298
145020,2026-01-28,09:15:00,280500,285000,279500,284500,9598,2707870000,6167,3431
145020,2026-01-28,09:20:00,284500,287500,284000,286500,6716,1919950000,4261,2455
145020,2026-01-28,09:25:00,286500,288500,285000,287500,5411,1552310000,3110,2301
145020,2026-01-28,09:30:00,287500,288000,284500,285500,3606,1033420000,1861,1745
145020,2026-01-28,09:35:00,286000,287000,284500,286000,2677,765370000,1118,1559
145020,2026-01-28,09:40:00,286000,290000,286000,289500,5666,1633350000,4159,1507
145020,2026-01-28,09:45:00,289500,290000,287500,288500,2941,850390000,1012,1929
145020,2026-01-28,09:50:00,288500,289500,285500,287000,2765,796290000,1111,1654
145020,2026-01-28,09:55:00,286500,287500,284500,284500,1723,492830000,700,1023
145020,2026-01-28,10:00:00,284500,287000,284500,285500,2271,648810000,940,1331
145020,2026-01-28,10:05:00,285500,287000,285500,286500,896,256640000,447,449
145020,2026-01-28,10:10:00,286500,286500,285000,285500,1098,313920000,388,710
145020,2026-01-28,10:15:00,285500,288500,285000,288500,2103,603440000,1500,603
145020,2026-01-28,10:20:00,288000,289500,288000,289000,1348,389410000,919,429
145020,2026-01-28,10:25:00,289000,289500,288000,289000,1535,443310000,782,753
145020,2026-01-28,10:30:00,289000,292000,289000,291500,7899,2294100000,6360,1539
145020,2026-01-28,10:35:00,292000,292500,290000,291000,3180,927370000,2277,903
145020,2026-01-28,10:40:00,291500,294000,288500,293500,5407,1578490000,3909,1498
145020,2026-01-28,10:45:00,293500,294000,293000,293500,2072,608040000,980,1092
145020,2026-01-28,10:50:00,293500,295000,293500,295000,2555,751310000,2026,529
145020,2026-01-28,10:55:00,294500,295500,294000,294500,2370,698520000,991,1379
145020,2026-01-28,11:00:00,294500,294500,292500,294500,2710,796320000,1919,791
145020,2026-01-28,11:05:00,294500,295000,294000,294500,2035,599390000,1138,897
145020,2026-01-28,11:10:00,295000,295000,294000,295000,1856,546530000,1175,681
145020,2026-01-28,11:15:00,295000,295000,294000,294000,2737,806940000,1818,919
145020,2026-01-28,11:20:00,294000,295000,294000,295000,3491,1029140000,2210,1281
145020,2026-01-28,11:25:00,294500,296000,293500,294000,2566,757140000,993,1573
145020,2026-01-28,11:30:00,293500,295500,293000,294000,2069,609160000,920,1149
145020,2026-01-28,11:35:00,293500,294500,293000,294000,1602,470870000,642,960
145020,2026-01-28,11:40:00,294500,295500,294000,294500,1205,355270000,808,397
145020,2026-01-28,11:45:00,294500,295500,294500,295500,1033,304970000,636,397
145020,2026-01-28,11:50:00,295500,295500,293500,294500,1569,462250000,502,1067
145020,2026-01-28,11:55:00,294000,295500,293500,295000,1369,403220000,906,463
145020,2026-01-28,12:00:00,295500,295500,294000,295500,1625,479650000,911,714
145020,2026-01-28,12:05:00,295500,296000,294500,295500,1334,394120000,510,824
145020,2026-01-28,12:10:00,295000,296000,295000,296000,963,284640000,370,593
145020,2026-01-28,12:15:00,295000,296000,294500,295500,992,293090000,449,543
145020,2026-01-28,12:20:00,295500,295500,294500,295000,1176,347120000,549,627
145020,2026-01-28,12:25:00,295000,295500,295000,295500,719,212320000,433,286
145020,2026-01-28,12:30:00,295000,296000,295000,295500,1167,344800000,860,307
145020,2026-01-28,12:35:00,296000,296000,294000,295000,2338,689640000,705,1633
145020,2026-01-28,12:40:00,295000,295000,292000,293500,2524,740810000,948,1576
145020,2026-01-28,12:45:00,293500,294500,293000,294000,2558,751630000,1857,701
145020,2026-01-28,12:50:00,294500,294500,293000,294000,2316,680450000,920,1396
145020,2026-01-28,12:55:00,293500,294000,293000,293500,931,273300000,525,406
145020,2026-01-28,13:00:00,293000,293500,292000,292500,2063,603800000,741,1322
145020,2026-01-28,13:05:00,293000,293000,290500,291000,2271,662150000,537,1734
145020,2026-01-28,13:10:00,291000,292000,291000,291500,709,206720000,354,355
145020,2026-01-28,13:15:00,291500,292000,290000,291000,1670,486310000,496,1174
145020,2026-01-28,13:20:00,291500,292500,290500,290500,1190,346990000,558,632
145020,2026-01-28,13:25:00,290750,292000,290000,291000,1006,292630000,421,585
145020,2026-01-28,13:30:00,292000,292000,289000,290500,2140,622230000,727,1413
145020,2026-01-28,13:35:00,291000,292000,289500,291500,1811,526810000,834,977
145020,2026-01-28,13:40:00,291500,293000,291000,292500,2007,586070000,1391,616
145020,2026-01-28,13:45:00,292000,293500,292000,293000,1688,494090000,1122,566
145020,2026-01-28,13:50:00,293000,294000,292000,293500,1873,549190000,1236,637
145020,2026-01-28,13:55:00,293500,294500,293000,293500,1588,466510000,841,747
145020,2026-01-28,14:00:00,293000,294000,293000,293000,1575,462230000,615,960
145020,2026-01-28,14:05:00,293000,294500,293000,293000,2444,717840000,1183,1261
145020,2026-01-28,14:10:00,293000,295000,293000,294500,2434,715570000,1444,990
145020,2026-01-28,14:15:00,294500,295500,294000,295000,3059,901750000,1801,1258
145020,2026-01-28,14:20:00,295000,296000,294500,296000,2027,598600000,952,1075
145020,2026-01-28,14:25:00,296000,296000,295000,296000,1959,579160000,1074,885
145020,2026-01-28,14:30:00,295500,296000,295000,295500,1614,476960000,918,696
145020,2026-01-28,14:35:00,295000,296500,295000,296500,1620,479590000,947,673
145020,2026-01-28,14:40:00,296500,296500,295000,295500,2006,592940000,829,1177
145020,2026-01-28,14:45:00,295500,296500,294500,296000,2722,804430000,1369,1353
145020,2026-01-28,14:50:00,296000,296500,295000,296000,2438,721580000,1216,1222
145020,2026-01-28,14:55:00,296000,296500,294500,296000,1939,573450000,1242,697
145020,2026-01-28,15:00:00,296000,296500,295500,296500,2509,742550000,1865,644
145020,2026-01-28,15:05:00,296500,297000,295500,296000,2754,816100000,1373,1381
145020,2026-01-28,15:10:00,296000,297000,295500,297000,2565,759950000,1830,735
145020,2026-01-28,15:15:00,296500,297500,296000,297000,3158,937700000,1734,1424
145020,2026-01-28,15:20:00,296750,298000,296500,297500,4197,1247080000,2742,1455
145020,2026-01-28,15:30:00,296500,296500,296500,296500,2354,697950000,2351,0
145020,2026-01-29,09:05:00,304500,308500,302500,304500,14267,4356900000,8076,6191
145020,2026-01-29,09:10:00,304500,308000,304000,308000,6124,1872610000,3281,2843
145020,2026-01-29,09:15:00,308000,308500,301500,301500,5508,1685190000,1711,3797
145020,2026-01-29,09:20:00,301500,305500,301000,301500,3502,1059740000,1372,2130
145020,2026-01-29,09:25:00,301000,301000,292500,296000,7079,2112150000,2701,4378
145020,2026-01-29,09:30:00,295500,299500,293500,297500,5423,1610100000,3210,2213
145020,2026-01-29,09:35:00,297500,297500,288500,291000,7186,2097660000,4090,3096
145020,2026-01-29,09:40:00,292000,302500,291000,299000,7827,2334080000,3365,4462
145020,2026-01-29,09:45:00,298500,299000,295500,298500,2851,848670000,1447,1404
145020,2026-01-29,09:50:00,298500,300500,297000,297500,2345,700610000,1131,1214
145020,2026-01-29,09:55:00,297500,298000,294500,297000,1674,496040000,834,840
145020,2026-01-29,10:00:00,297000,302000,297000,302000,3131,936820000,1780,1351
145020,2026-01-29,10:05:00,301000,302500,299000,300500,2566,771050000,1449,1117
145020,2026-01-29,10:10:00,300500,303000,300000,301500,3447,1039290000,1669,1778
145020,2026-01-29,10:15:00,302000,302500,295500,295500,2726,814870000,1182,1544
145020,2026-01-29,10:20:00,295500,296500,292000,293500,1951,574070000,858,1093
145020,2026-01-29,10:25:00,294000,296500,292500,294500,2177,641130000,911,1266
145020,2026-01-29,10:30:00,295000,296000,293000,295500,1403,413200000,843,560
145020,2026-01-29,10:35:00,295500,297500,294000,296500,1075,318130000,512,563
145020,2026-01-29,10:40:00,296000,299000,295500,299000,1885,561150000,757,1128
145020,2026-01-29,10:45:00,298500,299000,296000,296000,1495,445450000,288,1207
145020,2026-01-29,10:50:00,296000,298000,291000,296000,7826,2302980000,1990,5836
145020,2026-01-29,10:55:00,295000,295000,289500,290000,27929,8135270000,13941,13988
145020,2026-01-29,11:00:00,290000,292500,289000,292000,7201,2092940000,4333,2868
145020,2026-01-29,11:05:00,292000,292000,288500,288500,2935,850060000,565,2370
145020,2026-01-29,11:10:00,289000,291000,288500,289000,5034,1457950000,3344,1690
145020,2026-01-29,11:15:00,288500,289500,288000,288000,1971,569230000,636,1335
145020,2026-01-29,11:20:00,288000,290000,288000,289000,1550,448430000,1087,463
145020,2026-01-29,11:25:00,289500,289500,288000,288500,2792,805610000,865,1927
145020,2026-01-29,11:30:00,289000,289500,287500,288500,2020,583050000,880,1140
145020,2026-01-29,11:35:00,288000,288500,287000,287500,1282,368860000,222,1060
145020,2026-01-29,11:40:00,287000,287500,287000,287500,1035,297410000,730,305
145020,2026-01-29,11:45:00,287000,288000,287000,287500,476,136960000,294,182
145020,2026-01-29,11:50:00,288000,289000,287500,288500,1779,512380000,1179,600
145020,2026-01-29,11:55:00,288500,289500,288500,289500,1614,466730000,641,973
145020,2026-01-29,12:00:00,289500,290000,288500,289000,954,275980000,423,531
145020,2026-01-29,12:05:00,289000,290000,289000,290000,2246,651120000,1907,339
145020,2026-01-29,12:10:00,290000,290000,289500,289500,862,249680000,266,596
145020,2026-01-29,12:15:00,289500,292500,289500,292000,4737,1376420000,3584,1153
145020,2026-01-29,12:20:00,292000,294000,292000,293000,1925,564110000,983,942
145020,2026-01-29,12:25:00,293000,293500,290500,291000,1583,462590000,243,1340
145020,2026-01-29,12:30:00,291000,293000,290500,291500,1178,343260000,784,394
145020,2026-01-29,12:35:00,291500,293000,291500,292500,1575,460090000,607,968
145020,2026-01-29,12:40:00,292000,293000,291500,292000,803,234600000,563,240
145020,2026-01-29,12:45:00,292500,293000,291500,292500,910,265810000,729,181
145020,2026-01-29,12:50:00,292500,292500,291500,292000,585,170860000,173,412
145020,2026-01-29,12:55:00,292000,294000,292000,293000,1727,505710000,958,769
145020,2026-01-29,13:00:00,292500,293000,292000,292500,730,213480000,222,508
145020,2026-01-29,13:05:00,292000,292500,288500,288500,4099,1188930000,1060,3039
145020,2026-01-29,13:10:00,288500,289500,288500,289000,1036,299400000,533,503
145020,2026-01-29,13:15:00,289000,289000,288000,288000,1428,411880000,545,883
145020,2026-01-29,13:20:00,288500,289500,288000,289000,2209,637820000,1626,583
145020,2026-01-29,13:25:00,289500,289500,288000,288500,1128,325730000,328,800
145020,2026-01-29,13:30:00,288500,289500,288000,289000,1890,545260000,1535,355
145020,2026-01-29,13:35:00,289500,289500,288500,288500,1159,334920000,223,936
145020,2026-01-29,13:40:00,289000,289500,288000,289500,2124,612940000,1290,834
145020,2026-01-29,13:45:00,290000,290000,289500,289500,434,125710000,144,290
145020,2026-01-29,13:50:00,289500,290000,289500,290000,853,247020000,145,708
145020,2026-01-29,13:55:00,289500,290000,289000,289000,1344,389180000,325,1019
145020,2026-01-29,14:00:00,289000,289500,288500,288500,2613,754440000,710,1903
145020,2026-01-29,14:05:00,289000,289000,287500,287500,1668,480870000,330,1338
145020,2026-01-29,14:10:00,288000,289000,287500,288500,1542,444390000,1390,152
145020,2026-01-29,14:15:00,288000,290000,288000,288500,1363,393520000,730,633
145020,2026-01-29,14:20:00,288500,290000,287500,289500,4904,1418570000,3692,1212
145020,2026-01-29,14:25:00,289500,289500,288000,288500,1898,547630000,1169,729
145020,2026-01-29,14:30:00,288500,289000,288500,288500,722,208510000,434,288
145020,2026-01-29,14:35:00,289000,290000,288500,289000,1873,541840000,1286,587
145020,2026-01-29,14:40:00,289500,290000,289000,289000,864,250080000,529,335
145020,2026-01-29,14:45:00,289500,289500,283000,285500,15937,4562940000,5076,10861
145020,2026-01-29,14:50:00,286000,287500,280000,286000,10331,2929620000,4197,6134
145020,2026-01-29,14:55:00,286000,288000,286000,288000,1965,563460000,1541,424
145020,2026-01-29,15:00:00,287500,288500,287000,288000,2838,816640000,1263,1575
145020,2026-01-29,15:05:00,288000,289000,287000,287500,2853,823110000,1868,985
145020,2026-01-29,15:10:00,287500,290500,287500,289000,4373,1263820000,2973,1400
145020,2026-01-29,15:15:00,289000,290000,288500,288500,2134,616930000,1533,601
145020,2026-01-29,15:20:00,289000,289500,287500,288500,3619,1044420000,1293,2326
145020,2026-01-29,15:30:00,288500,288500,288500,288500,2532,730480000,2532,0
145020,2026-01-30,09:05:00,296500,299000,292500,295500,5598,1657070000,3342,2256
145020,2026-01-30,09:10:00,295500,296500,293500,294500,2165,638210000,639,1526
145020,2026-01-30,09:15:00,294500,296500,292000,295000,3002,884010000,1260,1742
145020,2026-01-30,09:20:00,295000,296500,294000,294000,1629,481160000,464,1165
145020,2026-01-30,09:25:00,294500,294500,288500,289500,2279,663380000,440,1839
145020,2026-01-30,09:30:00,290000,290000,285500,286500,2523,726510000,551,1972
145020,2026-01-30,09:35:00,287000,289500,286500,286500,1980,570860000,845,1135
145020,2026-01-30,09:40:00,287500,289500,286500,289500,1555,448150000,518,1037
145020,2026-01-30,09:45:00,289000,291000,288500,289500,1743,504570000,804,939
145020,2026-01-30,09:50:00,289500,290500,287000,290000,1843,532770000,607,1236
145020,2026-01-30,09:55:00,289500,293500,289500,293500,1978,577390000,875,1103
145020,2026-01-30,10:00:00,293500,295500,291500,294500,3442,1014430000,1715,1727
145020,2026-01-30,10:05:00,294000,296500,294000,295500,2760,816050000,1079,1681
145020,2026-01-30,10:10:00,295000,296000,292500,293500,2407,709780000,872,1535
145020,2026-01-30,10:15:00,293500,294000,291500,293500,1809,529580000,877,932
145020,2026-01-30,10:20:00,294000,294000,292500,293500,1015,297750000,352,663
145020,2026-01-30,10:25:00,293500,296500,293000,296500,2107,620300000,1145,962
145020,2026-01-30,10:30:00,296000,298000,295000,298000,2163,642300000,1150,1013
145020,2026-01-30,10:35:00,297500,298000,297000,297500,1107,329430000,389,718
145020,2026-01-30,10:40:00,297500,298000,290000,291000,6556,1911790000,3126,3430
145020,2026-01-30,10:45:00,291000,292000,289500,289500,7996,2319650000,6539,1457
145020,2026-01-30,10:50:00,290000,290000,288000,289000,2408,695860000,919,1489
145020,2026-01-30,10:55:00,289000,291000,288500,289500,2399,695420000,1729,670
145020,2026-01-30,11:00:00,289000,290000,289000,289500,1036,299940000,500,536
145020,2026-01-30,11:05:00,289500,290000,288000,290000,762,220260000,394,368
145020,2026-01-30,11:10:00,290000,292000,289000,290000,2332,676600000,1796,536
145020,2026-01-30,11:15:00,289500,290000,287000,288000,1860,536290000,309,1551
145020,2026-01-30,11:20:00,288000,289000,287000,287000,1188,342210000,461,727
145020,2026-01-30,11:25:00,287000,287500,286000,286500,1824,523250000,328,1496
145020,2026-01-30,11:30:00,287000,287500,285500,286000,1547,443280000,544,1003
145020,2026-01-30,11:35:00,286000,287500,284000,287000,3775,1078320000,2124,1651
145020,2026-01-30,11:40:00,287000,289500,287000,288500,1916,552250000,956,960
145020,2026-01-30,11:45:00,288500,290000,287500,289000,960,277310000,517,443
145020,2026-01-30,11:50:00,289500,289500,288500,289000,348,100560000,203,145
145020,2026-01-30,11:55:00,289000,290000,288500,289500,1011,292600000,581,430
145020,2026-01-30,12:00:00,289000,290000,288500,290000,671,194340000,531,140
145020,2026-01-30,12:05:00,290000,291500,289000,290000,6643,1926840000,5523,1120
145020,2026-01-30,12:10:00,290000,290000,288500,288500,826,238990000,285,541
145020,2026-01-30,12:15:00,288500,290000,288500,289000,687,198480000,380,307
145020,2026-01-30,12:20:00,288500,288500,286000,286000,1275,366430000,408,867
145020,2026-01-30,12:25:00,286000,288000,286000,287000,724,207950000,370,354
145020,2026-01-30,12:30:00,286500,287500,286500,287500,390,111960000,91,299
145020,2026-01-30,12:35:00,287500,288000,286500,286500,713,204970000,307,406
145020,2026-01-30,12:40:00,286500,287500,285000,286500,2147,614300000,1137,1010
145020,2026-01-30,12:45:00,286000,287500,286000,287500,969,278000000,459,510
145020,2026-01-30,12:50:00,287000,288000,286500,287000,816,234380000,188,628
145020,2026-01-30,12:55:00,287000,288000,286500,287500,699,200690000,313,386
145020,2026-01-30,13:00:00,286500,288500,286500,288500,728,209500000,183,545
145020,2026-01-30,13:05:00,288500,288500,287000,287000,1158,333540000,606,552
145020,2026-01-30,13:10:00,287000,288000,287000,287500,729,209530000,141,588
145020,2026-01-30,13:15:00,287500,288500,287000,287500,520,149640000,265,255
145020,2026-01-30,13:20:00,288000,288500,287000,288000,1009,290550000,313,696
145020,2026-01-30,13:25:00,288000,288500,283000,286000,4963,1417430000,1324,3639
145020,2026-01-30,13:30:00,286000,287500,282000,287000,5437,1545150000,1873,3564
145020,2026-01-30,13:35:00,287500,288500,287500,288000,417,120070000,290,127
145020,2026-01-30,13:40:00,288000,289000,284000,288000,5712,1634670000,2352,3360
145020,2026-01-30,13:45:00,288500,288500,284500,287000,7235,2067950000,3074,4161
145020,2026-01-30,13:50:00,287500,288000,284000,284500,7418,2115280000,2321,5097
145020,2026-01-30,13:55:00,284500,287500,284000,287500,1574,449790000,1059,515
145020,2026-01-30,14:00:00,287500,287500,280500,284500,6223,1761270000,1813,4410
145020,2026-01-30,14:05:00,284500,285500,283500,285000,1332,379070000,708,624
145020,2026-01-30,14:10:00,284500,285000,280500,283000,6441,1818560000,2062,4379
145020,2026-01-30,14:15:00,283500,283500,280500,282000,2121,598520000,1037,1084
145020,2026-01-30,14:20:00,281500,282000,277000,281000,9283,2594490000,3228,6055
145020,2026-01-30,14:25:00,280500,282000,278000,278000,4532,1267280000,938,3594
145020,2026-01-30,14:30:00,278000,282000,276000,278500,13331,3715400000,6383,6948
145020,2026-01-30,14:35:00,278500,282000,278500,281500,2134,598790000,1553,581
145020,2026-01-30,14:40:00,282000,282000,279500,281500,1664,467650000,1035,629
145020,2026-01-30,14:45:00,281500,281500,279500,280500,992,278260000,250,742
145020,2026-01-30,14:50:00,280500,281500,280000,280500,2956,830020000,896,2060
145020,2026-01-30,14:55:00,280500,282500,280000,281500,2079,584440000,1546,533
145020,2026-01-30,15:00:00,281000,281500,280000,281000,885,248680000,327,558
145020,2026-01-30,15:05:00,281000,281000,279000,279000,1071,299970000,163,908
145020,2026-01-30,15:10:00,279500,280000,278500,280000,1914,534140000,796,1118
145020,2026-01-30,15:15:00,279500,280500,278500,278500,1764,492840000,694,1070
145020,2026-01-30,15:20:00,279000,279500,278000,278500,1255,349810000,390,865
145020,2026-01-30,15:30:00,276500,276500,276500,276500,5826,1610880000,5823,0
145020,2026-02-02,09:05:00,270500,272500,266500,272000,4504,1212470000,2685,1819
145020,2026-02-02,09:10:00,272000,274000,269000,274000,2613,709000000,1267,1346
145020,2026-02-02,09:15:00,274000,278000,273000,276500,3355,925450000,2271,1084
145020,2026-02-02,09:20:00,277000,279500,275500,278500,3122,865510000,2071,1051
145020,2026-02-02,09:25:00,278500,279000,274500,276000,1592,440720000,610,982
145020,2026-02-02,09:30:00,276500,277500,274000,276000,1276,352190000,565,711
145020,2026-02-02,09:35:00,276000,276500,274000,275500,1614,444410000,1260,354
145020,2026-02-02,09:40:00,275500,276000,274000,274000,1655,455200000,777,878
145020,2026-02-02,09:45:00,274500,276500,274000,275500,447,123130000,305,142
145020,2026-02-02,09:50:00,275500,276500,275000,276000,1814,499820000,1155,659
145020,2026-02-02,09:55:00,276000,277500,275500,276500,493,136410000,288,205
145020,2026-02-02,10:00:00,276000,277000,274500,276500,1531,422350000,927,604
145020,2026-02-02,10:05:00,276000,277000,275500,276000,361,99700000,115,246
145020,2026-02-02,10:10:00,276000,276000,275000,275500,318,87630000,74,244
145020,2026-02-02,10:15:00,275500,275500,273500,274000,1247,342510000,699,548
145020,2026-02-02,10:20:00,274000,275000,273500,274000,1214,332560000,610,604
145020,2026-02-02,10:25:00,273500,274500,273000,274000,735,201150000,393,342
145020,2026-02-02,10:30:00,274000,274000,271500,272500,1547,422000000,718,829
145020,2026-02-02,10:35:00,272500,273500,271000,273000,1132,307710000,378,754
145020,2026-02-02,10:40:00,272000,274500,272000,272500,999,272480000,525,474
145020,2026-02-02,10:45:00,272500,272500,270000,270000,2075,562950000,873,1202
145020,2026-02-02,10:50:00,270000,272000,270000,271500,1113,301330000,588,525
145020,2026-02-02,10:55:00,271500,274500,271000,274000,1388,378400000,861,527
145020,2026-02-02,11:00:00,274000,274500,272000,272000,782,213510000,272,510
145020,2026-02-02,11:05:00,272000,273000,271000,271000,882,239680000,362,520
145020,2026-02-02,11:10:00,271000,271500,270000,270000,1476,399310000,371,1105
145020,2026-02-02,11:15:00,270500,270500,269000,270000,501,135070000,175,326
145020,2026-02-02,11:20:00,270000,270500,268500,269000,1172,315620000,358,814
145020,2026-02-02,11:25:00,269000,270500,268500,270000,633,170280000,235,398
145020,2026-02-02,11:30:00,270500,271000,270000,270500,504,136340000,249,255
145020,2026-02-02,11:35:00,270000,272000,270000,270000,909,246030000,448,461
145020,2026-02-02,11:40:00,270500,271000,270000,271000,608,164330000,301,307
145020,2026-02-02,11:45:00,271000,271500,270000,270500,284,76860000,83,201
145020,2026-02-02,11:50:00,270500,271000,269500,270000,439,118580000,144,295
145020,2026-02-02,11:55:00,270000,270000,267500,269000,968,260020000,168,800
145020,2026-02-02,12:00:00,268500,270000,268500,269000,475,127860000,157,318
145020,2026-02-02,12:05:00,269000,270000,268500,269500,594,159840000,231,363
145020,2026-02-02,12:10:00,269500,270000,269000,269500,261,70290000,109,152
145020,2026-02-02,12:15:00,269500,269500,269000,269500,472,127090000,121,351
145020,2026-02-02,12:20:00,269000,269500,268000,268500,409,109830000,114,295
145020,2026-02-02,12:25:00,268000,268500,268000,268500,341,91470000,150,191
145020,2026-02-02,12:30:00,268000,269000,267500,267500,747,200300000,290,457
145020,2026-02-02,12:35:00,267500,269000,267500,268500,449,120470000,250,199
145020,2026-02-02,12:40:00,268500,268500,266500,268000,2341,625930000,1393,948
145020,2026-02-02,12:45:00,267500,268000,266500,267000,1584,423250000,882,702
145020,2026-02-02,12:50:00,266500,267000,264500,266000,2448,650370000,639,1809
145020,2026-02-02,12:55:00,265500,266000,264000,264500,1228,324880000,429,799
145020,2026-02-02,13:00:00,265000,266000,264500,265000,873,231700000,381,492
145020,2026-02-02,13:05:00,265500,267000,264500,264500,1053,279610000,378,675
145020,2026-02-02,13:10:00,265500,265500,263500,263500,1067,282070000,241,826
145020,2026-02-02,13:15:00,264500,266500,263000,266500,1340,354010000,640,700
145020,2026-02-02,13:20:00,265500,271000,263000,269000,2111,565730000,1052,1059
145020,2026-02-02,13:25:00,269000,270500,268000,269000,765,206180000,436,329
145020,2026-02-02,13:30:00,270000,272000,269000,270000,797,215480000,436,361
145020,2026-02-02,13:35:00,270500,271500,268500,270000,671,180930000,369,302
145020,2026-02-02,13:40:00,270500,273500,269500,273000,973,264600000,730,243
145020,2026-02-02,13:45:00,273000,274000,272500,273500,643,175690000,365,278
145020,2026-02-02,13:50:00,273500,274500,272000,272000,790,215730000,345,445
145020,2026-02-02,13:55:00,272000,273000,270000,272500,926,251600000,284,642
145020,2026-02-02,14:00:00,272500,272500,270500,271000,926,251250000,558,368
145020,2026-02-02,14:05:00,271000,271000,269500,270000,801,216480000,332,469
145020,2026-02-02,14:10:00,270000,271000,268500,270000,787,212390000,358,429
145020,2026-02-02,14:15:00,270000,271000,269000,270000,667,180020000,272,395
145020,2026-02-02,14:20:00,270500,271500,268500,270000,657,177470000,314,343
145020,2026-02-02,14:25:00,269500,270000,268000,269000,831,223540000,309,522
145020,2026-02-02,14:30:00,269000,269500,267500,268500,1087,291850000,338,749
145020,2026-02-02,14:35:00,268500,269000,267000,267000,1444,386620000,530,914
145020,2026-02-02,14:40:00,267000,270000,267000,270000,588,158110000,324,264
145020,2026-02-02,14:45:00,269000,269500,266500,267000,890,238650000,438,452
145020,2026-02-02,14:50:00,267000,268500,266000,266500,1851,494080000,1046,805
145020,2026-02-02,14:55:00,266500,267500,265500,266500,1613,429840000,990,623
145020,2026-02-02,15:00:00,266000,268000,265000,267000,1503,400490000,895,608
145020,2026-02-02,15:05:00,266500,268500,266000,267500,1346,359310000,798,548
145020,2026-02-02,15:10:00,267500,267500,265500,267500,1445,385060000,796,649
145020,2026-02-02,15:15:00,266500,268000,265000,267000,1374,365580000,782,592
145020,2026-02-02,15:20:00,266500,267000,265000,265500,854,227260000,272,582
145020,2026-02-02,15:30:00,267500,267500,267500,267500,2590,692820000,2583,0
145020,2026-02-03,09:05:00,277500,277500,269000,270000,2606,711020000,1338,1268
145020,2026-02-03,09:10:00,271500,272000,265500,266000,1289,345080000,487,802
145020,2026-02-03,09:15:00,265500,266500,262000,264500,3078,813360000,1041,2037
145020,2026-02-03,09:20:00,264500,266500,262500,264500,1920,507690000,1037,883
145020,2026-02-03,09:25:00,265000,267000,262500,265500,1721,456350000,855,866
145020,2026-02-03,09:30:00,265500,266500,263500,264000,1201,318170000,378,823
145020,2026-02-03,09:35:00,264000,264000,261500,261500,1455,382130000,345,1110
145020,2026-02-03,09:40:00,262000,264000,261000,263000,2198,575140000,1256,942
145020,2026-02-03,09:45:00,263500,264000,261000,262000,1419,371950000,495,924
145020,2026-02-03,09:50:00,262000,266000,261500,265000,1279,337390000,973,306
145020,2026-02-03,09:55:00,265000,265500,263500,264000,1065,281820000,336,729
145020,2026-02-03,10:00:00,264000,265500,264000,264000,760,201030000,425,335
145020,2026-02-03,10:05:00,264000,264500,260500,261000,1994,523000000,320,1674
145020,2026-02-03,10:10:00,261000,262500,260000,261500,2922,762540000,1682,1240
145020,2026-02-03,10:15:00,261250,263000,259500,260000,2717,707080000,1080,1637
145020,2026-02-03,10:20:00,260000,260500,260000,260000,1394,362700000,588,806
145020,2026-02-03,10:25:00,260500,261500,259000,261000,1903,494440000,900,1003
145020,2026-02-03,10:30:00,261000,263000,261000,262500,1766,462820000,714,1052
145020,2026-02-03,10:35:00,263000,263500,261500,262500,1243,326180000,451,792
145020,2026-02-03,10:40:00,262000,262500,261000,261500,966,252580000,453,513
145020,2026-02-03,10:45:00,261500,262000,260500,261500,1157,302260000,374,783
145020,2026-02-03,10:50:00,261000,262000,260500,260500,1047,273380000,407,640
145020,2026-02-03,10:55:00,260500,261000,259500,260000,1548,402890000,170,1378
145020,2026-02-03,11:00:00,260000,260000,259000,260000,1342,348180000,624,718
145020,2026-02-03,11:05:00,260000,260500,258000,258500,3128,809710000,453,2675
145020,2026-02-03,11:10:00,259000,259000,257500,258500,1957,505240000,852,1105
145020,2026-02-03,11:15:00,258500,260000,258500,259000,861,222930000,383,478
145020,2026-02-03,11:20:00,259000,261000,259000,260000,1063,276680000,343,720
145020,2026-02-03,11:25:00,260000,261000,259500,260000,797,207300000,341,456
145020,2026-02-03,11:30:00,260000,260500,259000,259500,473,122740000,127,346
145020,2026-02-03,11:35:00,260000,261000,259000,259500,474,123150000,104,370
145020,2026-02-03,11:40:00,259000,259500,258500,259000,879,227600000,409,470
145020,2026-02-03,11:45:00,259000,259500,258500,259000,538,139280000,196,342
145020,2026-02-03,11:50:00,259500,260000,258500,259000,517,133950000,150,367
145020,2026-02-03,11:55:00,259000,260000,258500,260000,566,146820000,179,387
145020,2026-02-03,12:00:00,259500,260000,259000,260000,474,122990000,171,303
145020,2026-02-03,12:05:00,259500,261000,259000,260000,806,209350000,523,283
145020,2026-02-03,12:10:00,260000,260500,260000,260000,406,105610000,154,252
145020,2026-02-03,12:15:00,260000,260500,259500,260000,497,129240000,183,314
145020,2026-02-03,12:20:00,259500,260000,259000,259500,306,79410000,46,260
145020,2026-02-03,12:25:00,259000,260000,259000,259500,670,173840000,257,413
145020,2026-02-03,12:30:00,259500,260500,259500,260000,690,179320000,278,412
145020,2026-02-03,12:35:00,260000,260000,259500,260000,377,97920000,105,272
145020,2026-02-03,12:40:00,259500,260000,259000,259500,565,146630000,208,357
145020,2026-02-03,12:45:00,259500,260500,259000,260500,436,113200000,207,229
145020,2026-02-03,12:50:00,260500,261500,260000,260500,635,165620000,363,272
145020,2026-02-03,12:55:00,260500,261000,260000,260000,335,87240000,117,218
145020,2026-02-03,13:00:00,260000,260500,259500,259500,614,159650000,119,495
145020,2026-02-03,13:05:00,260000,260000,259000,259000,1454,376980000,272,1182
145020,2026-02-03,13:10:00,259500,260000,258500,259000,1944,503890000,665,1279
145020,2026-02-03,13:15:00,259000,259000,258500,258500,634,163960000,116,518
145020,2026-02-03,13:20:00,258500,259000,258500,259000,1623,420050000,1012,611
145020,2026-02-03,13:25:00,258750,259000,258500,259000,1020,263960000,467,553
145020,2026-02-03,13:30:00,258500,259500,258500,259000,1374,355650000,918,456
145020,2026-02-03,13:35:00,259000,259500,258500,259000,833,215650000,72,761
145020,2026-02-03,13:40:00,259000,259500,258500,258500,743,192240000,351,392
145020,2026-02-03,13:45:00,258500,259500,258500,259000,1093,283050000,670,423
145020,2026-02-03,13:50:00,259000,260000,259000,259000,969,251300000,430,539
145020,2026-02-03,13:55:00,259000,260500,259000,259500,895,232420000,392,503
145020,2026-02-03,14:00:00,259500,260000,259500,260000,571,148210000,78,493
145020,2026-02-03,14:05:00,259500,260500,259500,260000,1103,286540000,528,575
145020,2026-02-03,14:10:00,260000,260500,259500,260000,1017,264650000,716,301
145020,2026-02-03,14:15:00,260000,260500,260000,260500,832,216540000,435,397
145020,2026-02-03,14:20:00,260500,261000,260000,261000,586,152700000,208,378
145020,2026-02-03,14:25:00,260500,261500,260500,261000,1109,289640000,626,483
145020,2026-02-03,14:30:00,260500,261500,260000,260500,773,201520000,475,298
145020,2026-02-03,14:35:00,260500,262000,260500,261500,709,185190000,456,253
145020,2026-02-03,14:40:00,262000,262000,261000,261500,431,112640000,88,343
145020,2026-02-03,14:45:00,261000,261500,260500,260500,1387,361840000,154,1233
145020,2026-02-03,14:50:00,260500,261500,260000,260500,1335,348040000,748,587
145020,2026-02-03,14:55:00,261000,262000,260500,262000,2213,578800000,1453,760
145020,2026-02-03,15:00:00,262000,262500,260000,261000,1470,384130000,347,1123
145020,2026-02-03,15:05:00,261000,261500,261000,261500,462,120620000,74,388
145020,2026-02-03,15:10:00,261500,262000,261000,262000,1652,431900000,754,898
145020,2026-02-03,15:15:00,261500,262500,261500,262500,1569,410940000,1029,540
145020,2026-02-03,15:20:00,262500,262500,262000,262500,1386,363510000,756,630
145020,2026-02-03,15:30:00,260000,260000,260000,260000,16381,4259060000,14805,0
145020,2026-02-04,09:05:00,264500,264500,263000,264000,2333,615700000,1203,1130
145020,2026-02-04,09:10:00,264000,267000,264000,265000,2433,645720000,1809,624
145020,2026-02-04,09:15:00,265500,267500,265000,267000,1510,402840000,1234,276
145020,2026-02-04,09:20:00,267000,267500,266000,266500,1132,302100000,657,475
145020,2026-02-04,09:25:00,266500,267000,264500,265500,950,252770000,357,593
145020,2026-02-04,09:30:00,265000,265500,263500,265000,1001,264750000,235,766
145020,2026-02-04,09:35:00,265000,267500,265000,266500,1135,302160000,802,333
145020,2026-02-04,09:40:00,266000,267000,265500,267000,906,241120000,451,455
145020,2026-02-04,09:45:00,267000,267500,264500,265000,669,178170000,391,278
145020,2026-02-04,09:50:00,265000,267000,264000,266500,1400,371470000,910,490
145020,2026-02-04,09:55:00,266500,267000,265000,265000,531,141140000,162,369
145020,2026-02-04,10:00:00,265000,267000,265000,266000,565,150370000,233,332
145020,2026-02-04,10:05:00,266000,266500,264500,265500,725,192570000,339,386
145020,2026-02-04,10:10:00,265500,266500,262500,263000,3956,1045650000,869,3087
145020,2026-02-04,10:15:00,263500,264500,263000,264000,384,101110000,107,277
145020,2026-02-04,10:20:00,264000,264000,263000,263000,564,148560000,85,479
145020,2026-02-04,10:25:00,263500,264000,261500,261500,388,101870000,85,303
145020,2026-02-04,10:30:00,261500,262500,261500,262000,550,143980000,181,369
145020,2026-02-04,10:35:00,262000,263500,262000,262500,604,158460000,348,256
145020,2026-02-04,10:40:00,262000,262250,261000,261500,1009,263770000,334,675
145020,2026-02-04,10:45:00,262000,262000,260500,261000,1074,280320000,422,652
145020,2026-02-04,10:50:00,261000,262000,260500,261500,370,96570000,179,191
145020,2026-02-04,10:55:00,261500,262000,260500,260500,601,156970000,140,461
145020,2026-02-04,11:00:00,260500,261500,260000,261500,1058,275500000,276,782
145020,2026-02-04,11:05:00,261500,262000,261000,261500,739,193100000,374,365
145020,2026-02-04,11:10:00,261500,262000,261000,261000,1009,263800000,472,537
145020,2026-02-04,11:15:00,261500,262000,260500,260500,576,150380000,117,459
145020,2026-02-04,11:20:00,260500,261000,259500,260500,1222,317950000,215,1007
145020,2026-02-04,11:25:00,260500,261000,259500,260000,965,251120000,287,678
145020,2026-02-04,11:30:00,260000,260500,259500,260000,495,128670000,52,443
145020,2026-02-04,11:35:00,259500,260000,259000,260000,670,173860000,237,433
145020,2026-02-04,11:40:00,259500,260500,259500,260000,502,130620000,104,398
145020,2026-02-04,11:45:00,260000,260500,259500,260000,378,98180000,87,291
145020,2026-02-04,11:50:00,259500,260000,259000,259000,769,199600000,338,431
145020,2026-02-04,11:55:00,259500,260500,259500,260000,1167,303020000,488,679
145020,2026-02-04,12:00:00,260000,260500,258000,258500,1172,303460000,183,989
145020,2026-02-04,12:05:00,258500,258500,257500,257500,891,229770000,177,714
145020,2026-02-04,12:10:00,258000,258000,257000,257000,1000,257400000,263,737
145020,2026-02-04,12:15:00,257500,258500,257500,258000,526,135670000,264,262
145020,2026-02-04,12:20:00,258500,258500,257000,257500,1105,284690000,367,738
145020,2026-02-04,12:25:00,257500,258500,257500,258500,731,188380000,340,391
145020,2026-02-04,12:30:00,258000,258500,257500,258500,475,122620000,176,299
145020,2026-02-04,12:35:00,258500,259000,258000,259000,581,150010000,271,310
145020,2026-02-04,12:40:00,259000,260000,258500,260000,1044,270530000,507,537
145020,2026-02-04,12:45:00,260000,260000,258000,258500,784,202980000,380,404
145020,2026-02-04,12:50:00,259000,259000,257500,257500,673,173620000,158,515
145020,2026-02-04,12:55:00,257500,258000,257000,257500,703,181040000,351,352
145020,2026-02-04,13:00:00,257500,258500,257000,258000,490,126250000,232,258
145020,2026-02-04,13:05:00,258500,258500,257000,257500,1116,287410000,400,716
145020,2026-02-04,13:10:00,257000,257500,257000,257000,1089,280050000,283,806
145020,2026-02-04,13:15:00,257000,257500,257000,257000,764,196440000,177,587
145020,2026-02-04,13:20:00,257000,257500,256000,256500,1451,372320000,595,856
145020,2026-02-04,13:25:00,256500,257500,256000,256500,1180,303110000,445,735
145020,2026-02-04,13:30:00,256500,257500,256000,256500,907,232750000,429,478
145020,2026-02-04,13:35:00,256500,258000,256500,258000,983,253050000,484,499
145020,2026-02-04,13:40:00,257500,258500,257500,258000,511,131800000,169,342
145020,2026-02-04,13:45:00,258000,258500,257000,258500,913,235440000,525,388
145020,2026-02-04,13:50:00,258000,258500,257000,257500,817,210640000,622,195
145020,2026-02-04,13:55:00,257500,258500,257000,257500,1244,320620000,685,559
145020,2026-02-04,14:00:00,257500,258000,257000,257000,1266,325780000,47,1219
145020,2026-02-04,14:05:00,257000,257500,256500,256500,548,140790000,293,255
145020,2026-02-04,14:10:00,257000,257500,256500,256500,2385,612830000,1836,549
145020,2026-02-04,14:15:00,256500,257500,256500,257000,568,146040000,368,200
145020,2026-02-04,14:20:00,257000,258500,257000,257500,779,200530000,424,355
145020,2026-02-04,14:25:00,258000,258000,257500,258000,593,152940000,455,138
145020,2026-02-04,14:30:00,258000,258000,257000,257500,2180,561660000,700,1480
145020,2026-02-04,14:35:00,257500,258000,257000,257500,795,204620000,444,351
145020,2026-02-04,14:40:00,258000,258000,257000,257000,675,173590000,69,606
145020,2026-02-04,14:45:00,257000,258000,256500,257500,1291,332010000,736,555
145020,2026-02-04,14:50:00,257500,258000,257000,257500,1136,292520000,277,859
145020,2026-02-04,14:55:00,257500,258000,257000,257500,871,224270000,169,702
145020,2026-02-04,15:00:00,257000,258000,257000,258000,720,185550000,337,383
145020,2026-02-04,15:05:00,257000,258000,257000,258000,688,177210000,359,329
145020,2026-02-04,15:10:00,257500,258000,257000,257500,927,238700000,395,532
145020,2026-02-04,15:15:00,257500,258500,257500,257500,980,252610000,419,561
145020,2026-02-04,15:20:00,257500,259000,257500,258000,1706,440300000,995,711
145020,2026-02-04,15:30:00,257000,257000,257000,257000,5151,1323810000,5101,0
145020,2026-02-05,09:05:00,254000,258000,253500,254500,3266,832390000,2221,1045
145020,2026-02-05,09:10:00,254000,255000,253500,253500,1579,400930000,548,1031
145020,2026-02-05,09:15:00,253500,256000,253500,256000,787,200340000,510,277
145020,2026-02-05,09:20:00,255500,256000,254000,254000,723,184480000,228,495
145020,2026-02-05,09:25:00,254500,254500,252000,253000,1813,458770000,560,1253
145020,2026-02-05,09:30:00,253500,257000,253500,257000,1019,260010000,693,326
145020,2026-02-05,09:35:00,257000,258500,256500,258000,2147,553360000,1389,758
145020,2026-02-05,09:40:00,258000,258000,257000,258000,918,236650000,549,369
145020,2026-02-05,09:45:00,258000,258500,257000,257500,774,199630000,407,367
145020,2026-02-05,09:50:00,257500,257500,257000,257500,921,236940000,490,431
145020,2026-02-05,09:55:00,257500,258000,256500,257000,882,226970000,504,378
145020,2026-02-05,10:00:00,256500,257000,255000,255000,506,129480000,122,384
145020,2026-02-05,10:05:00,255500,256500,255000,256000,533,136540000,296,237
145020,2026-02-05,10:10:00,255500,256500,254500,255500,544,138930000,316,228
145020,2026-02-05,10:15:00,256000,256500,255000,256000,536,136990000,275,261
145020,2026-02-05,10:20:00,256000,257000,255500,256500,843,215960000,480,363
145020,2026-02-05,10:25:00,256500,257500,255500,257000,882,226180000,689,193
145020,2026-02-05,10:30:00,257000,258500,256500,258000,1013,261120000,834,179
145020,2026-02-05,10:35:00,258000,258000,256500,257500,414,106660000,229,185
145020,2026-02-05,10:40:00,258000,259000,258000,259000,396,102320000,250,146
145020,2026-02-05,10:45:00,259000,259500,258500,259000,1020,264290000,741,279
145020,2026-02-05,10:50:00,258500,259500,258500,259000,892,230960000,559,333
145020,2026-02-05,10:55:00,259000,259000,257500,258500,615,158910000,340,275
145020,2026-02-05,11:00:00,258000,259000,257500,258000,598,154410000,288,310
145020,2026-02-05,11:05:00,258000,258500,256000,256500,794,204170000,373,421
145020,2026-02-05,11:10:00,256500,257000,255000,256000,1330,340290000,857,473
145020,2026-02-05,11:15:00,256000,256500,255500,255500,315,80570000,192,123
145020,2026-02-05,11:20:00,255000,256000,254500,255000,1128,287900000,471,657
145020,2026-02-05,11:25:00,255500,257000,254500,256000,599,153110000,406,193
145020,2026-02-05,11:30:00,256500,257500,256000,257000,611,156830000,419,192
145020,2026-02-05,11:35:00,257000,258000,256500,256500,691,177810000,435,256
145020,2026-02-05,11:40:00,256500,257500,255500,256500,1591,407790000,1003,588
145020,2026-02-05,11:45:00,256500,257500,256000,256500,455,116860000,167,288
145020,2026-02-05,11:50:00,256500,257000,255500,256000,676,173340000,283,393
145020,2026-02-05,11:55:00,256000,256500,254500,254500,864,220490000,341,523
145020,2026-02-05,12:00:00,254500,255500,254000,254000,665,169500000,179,486
145020,2026-02-05,12:05:00,254500,255000,254000,254500,749,190610000,265,484
145020,2026-02-05,12:10:00,254000,254500,253000,254000,1003,254650000,618,385
145020,2026-02-05,12:15:00,254000,255000,253500,254250,486,123520000,323,163
145020,2026-02-05,12:20:00,254000,255000,253500,253500,703,178650000,373,330
145020,2026-02-05,12:25:00,253500,255500,253500,255000,490,124680000,263,227
145020,2026-02-05,12:30:00,254500,255000,253000,253500,797,202670000,304,493
145020,2026-02-05,12:35:00,254000,254000,252500,253000,721,182450000,300,421
145020,2026-02-05,12:40:00,253000,253500,252000,253000,981,247880000,455,526
145020,2026-02-05,12:45:00,253000,254000,252500,254000,345,87390000,255,90
145020,2026-02-05,12:50:00,253500,254000,252000,252000,954,241280000,270,684
145020,2026-02-05,12:55:00,252500,254000,251500,252000,1834,463460000,873,961
145020,2026-02-05,13:00:00,252000,253500,252000,253000,565,142900000,330,235
145020,2026-02-05,13:05:00,253500,254500,252500,253500,673,170900000,423,250
145020,2026-02-05,13:10:00,253500,255000,253500,255000,422,107200000,304,118
145020,2026-02-05,13:15:00,254500,255000,253500,253500,472,120080000,246,226
145020,2026-02-05,13:20:00,254000,254500,252500,253000,692,175620000,246,446
145020,2026-02-05,13:25:00,252500,253500,251500,251500,871,220170000,387,484
145020,2026-02-05,13:30:00,251500,252000,251000,251000,1508,379010000,384,1124
145020,2026-02-05,13:35:00,251000,253000,250500,253000,1325,334060000,724,601
145020,2026-02-05,13:40:00,253000,253500,252000,253000,520,131520000,424,96
145020,2026-02-05,13:45:00,253000,254000,253000,253000,891,225840000,695,196
145020,2026-02-05,13:50:00,253000,254000,252500,253000,445,112700000,252,193
145020,2026-02-05,13:55:00,253500,254500,252500,253500,654,165860000,400,254
145020,2026-02-05,14:00:00,253000,254000,252500,253500,677,171560000,348,329
145020,2026-02-05,14:05:00,253500,254000,252000,253000,649,164220000,301,348
145020,2026-02-05,14:10:00,253000,254000,252000,252500,555,140360000,204,351
145020,2026-02-05,14:15:00,253000,253000,252000,252000,804,203090000,494,310
145020,2026-02-05,14:20:00,252000,253000,251500,251500,552,139300000,281,271
145020,2026-02-05,14:25:00,252000,253000,251000,252000,1191,299930000,790,401
145020,2026-02-05,14:30:00,252500,253500,252000,253500,348,88010000,272,76
145020,2026-02-05,14:35:00,254000,254000,253000,253500,543,137820000,256,287
145020,2026-02-05,14:40:00,253500,255000,253500,254500,1043,265160000,440,603
145020,2026-02-05,14:45:00,254500,255000,252500,253500,762,193630000,326,436
145020,2026-02-05,14:50:00,253000,253000,252000,252500,924,233450000,405,519
145020,2026-02-05,14:55:00,252500,252500,251000,251500,1551,390570000,674,877
145020,2026-02-05,15:00:00,251500,252000,251000,251000,1452,365190000,627,825
145020,2026-02-05,15:05:00,251000,252500,250500,251500,2297,577010000,1544,753
145020,2026-02-05,15:10:00,251500,251500,250500,251000,1637,410770000,910,727
145020,2026-02-05,15:15:00,251000,251500,250500,251000,1132,283970000,405,727
145020,2026-02-05,15:20:00,251000,251000,249500,250000,4046,1012880000,900,3146
145020,2026-02-05,15:30:00,250000,250000,250000,250000,3851,962750000,3851,0
145020,2026-02-06,09:05:00,242500,243500,237500,239500,4476,1074400000,1472,3004
145020,2026-02-06,09:10:00,239500,240500,237000,237500,2528,602260000,1010,1518
145020,2026-02-06,09:15:00,238000,242000,237500,239000,1149,275040000,386,763
145020,2026-02-06,09:20:00,238000,240500,237500,239000,1166,278020000,506,660
145020,2026-02-06,09:25:00,238500,239500,237500,239500,1190,283870000,374,816
145020,2026-02-06,09:30:00,239000,240500,238500,239500,605,144770000,250,355
145020,2026-02-06,09:35:00,239500,242000,239000,241000,625,150360000,411,214
145020,2026-02-06,09:40:00,241500,243000,240500,241000,1053,254400000,620,433
145020,2026-02-06,09:45:00,241500,242500,240000,240000,1214,292410000,187,1027
145020,2026-02-06,09:50:00,240000,242000,239000,239000,605,145600000,114,491
145020,2026-02-06,09:55:00,239500,241500,239500,241000,516,124100000,316,200
145020,2026-02-06,10:00:00,241000,241500,238000,241500,1585,379300000,821,764
145020,2026-02-06,10:05:00,241500,242000,240500,241500,646,155870000,396,250
145020,2026-02-06,10:10:00,240500,241500,240500,241000,510,122910000,217,293
145020,2026-02-06,10:15:00,240500,241000,237000,238000,1536,366280000,161,1375
145020,2026-02-06,10:20:00,238500,239000,237000,237000,1234,293670000,196,1038
145020,2026-02-06,10:25:00,237500,238500,237000,237500,765,181520000,340,425
145020,2026-02-06,10:30:00,238500,238500,237000,237500,889,211050000,532,357
145020,2026-02-06,10:35:00,237500,238500,237500,238500,725,172410000,495,230
145020,2026-02-06,10:40:00,238500,240500,237500,240000,884,211330000,634,250
145020,2026-02-06,10:45:00,240000,242500,239500,242000,930,224490000,723,207
145020,2026-02-06,10:50:00,241500,242000,240500,242000,444,107050000,211,233
145020,2026-02-06,10:55:00,241500,242500,241500,242000,599,144870000,402,197
145020,2026-02-06,11:00:00,242000,242500,241000,241500,412,99570000,249,163
145020,2026-02-06,11:05:00,241500,242500,241500,242000,635,153660000,447,188
145020,2026-02-06,11:10:00,242000,242000,240500,242000,690,166480000,440,250
145020,2026-02-06,11:15:00,241500,243000,241500,242500,376,91140000,285,91
145020,2026-02-06,11:20:00,243000,244000,242000,243500,754,183150000,560,194
145020,2026-02-06,11:25:00,243500,243500,242000,242500,523,126920000,166,357
145020,2026-02-06,11:30:00,242500,243500,242000,243500,292,70890000,281,11
145020,2026-02-06,11:35:00,243000,243500,242000,242500,399,96870000,211,188
145020,2026-02-06,11:40:00,243000,244000,242500,243500,606,147460000,476,130
145020,2026-02-06,11:45:00,244000,245000,243500,244000,714,174420000,439,275
145020,2026-02-06,11:50:00,244000,244000,243000,243500,359,87330000,131,228
145020,2026-02-06,11:55:00,243500,244000,242500,243000,405,98460000,279,126
145020,2026-02-06,12:00:00,243000,243000,242000,242000,546,132410000,187,359
145020,2026-02-06,12:05:00,242000,243500,241000,243000,1768,427180000,721,1047
145020,2026-02-06,12:10:00,243500,243500,242000,243000,215,52160000,102,113
145020,2026-02-06,12:15:00,242000,242500,241500,242000,246,59560000,97,149
145020,2026-02-06,12:20:00,242000,242500,241500,242000,195,47170000,121,74
145020,2026-02-06,12:25:00,242000,242000,241000,241500,224,54100000,127,97
145020,2026-02-06,12:30:00,241500,243000,241500,242500,303,73380000,259,44
145020,2026-02-06,12:35:00,242500,243000,241500,242000,194,47000000,101,93
145020,2026-02-06,12:40:00,242000,243000,241500,242500,236,57150000,150,86
145020,2026-02-06,12:45:00,242000,242500,240500,240500,1018,245460000,116,902
145020,2026-02-06,12:50:00,240500,241500,240000,241500,393,94530000,177,216
145020,2026-02-06,12:55:00,241500,242500,240500,242000,327,79090000,188,139
145020,2026-02-06,13:00:00,241500,242000,241500,242000,240,58000000,77,163
145020,2026-02-06,13:05:00,241000,242000,240500,242000,419,101010000,298,121
145020,2026-02-06,13:10:00,241000,242000,241000,241000,189,45650000,132,57
145020,2026-02-06,13:15:00,241500,242000,240500,240500,362,87300000,114,248
145020,2026-02-06,13:20:00,241500,241500,240500,241500,146,35220000,116,30
145020,2026-02-06,13:25:00,241500,241500,240500,241500,318,76630000,121,197
145020,2026-02-06,13:30:00,241000,241500,240000,240000,514,123580000,265,249
145020,2026-02-06,13:35:00,240000,241000,239000,240500,761,182600000,227,534
145020,2026-02-06,13:40:00,240000,240500,239000,239000,293,70220000,114,179
145020,2026-02-06,13:45:00,239500,240000,239000,239000,340,81460000,120,220
145020,2026-02-06,13:50:00,239500,240000,239000,239500,214,51280000,172,42
145020,2026-02-06,13:55:00,240000,240000,238500,239000,404,96590000,83,321
145020,2026-02-06,14:00:00,239000,239000,238000,238500,683,162900000,226,457
145020,2026-02-06,14:05:00,238500,239000,237500,238000,942,224270000,280,662
145020,2026-02-06,14:10:00,238000,238500,237500,237500,548,130350000,128,420
145020,2026-02-06,14:15:00,237500,238000,237000,237500,638,151340000,170,468
145020,2026-02-06,14:20:00,238000,238500,237000,237500,2844,676620000,288,2556
145020,2026-02-06,14:25:00,237000,238000,236500,238000,703,166800000,393,310
145020,2026-02-06,14:30:00,238000,239500,237500,239500,461,109840000,353,108
145020,2026-02-06,14:35:00,239000,240500,238500,239500,850,203780000,635,215
145020,2026-02-06,14:40:00,240000,241000,239500,240500,462,111070000,282,180
145020,2026-02-06,14:45:00,240000,241500,240000,240500,387,93190000,303,84
145020,2026-02-06,14:50:00,241000,241000,239500,239500,542,130320000,273,269
145020,2026-02-06,14:55:00,239500,241000,239500,240000,363,87320000,168,195
145020,2026-02-06,15:00:00,240000,241500,239500,240500,464,111610000,253,211
145020,2026-02-06,15:05:00,240000,241500,240000,241000,359,86530000,258,101
145020,2026-02-06,15:10:00,241000,242000,240000,241000,859,206970000,480,379
145020,2026-02-06,15:15:00,241500,241500,241000,241500,204,49250000,161,43
145020,2026-02-06,15:20:00,241000,242000,241000,242000,708,171080000,636,72
145020,2026-02-06,15:30:00,243500,243500,243500,243500,3170,771890000,3164,0
145020,2026-02-09,09:05:00,245500,247500,245500,247000,1752,431850000,878,874
145020,2026-02-09,09:10:00,247500,247500,245500,246500,831,204700000,407,424
145020,2026-02-09,09:15:00,246500,247500,245000,247000,1469,361520000,907,562
145020,2026-02-09,09:20:00,247000,247000,245500,246500,304,74750000,126,178
145020,2026-02-09,09:25:00,246500,247500,245500,246000,543,133710000,287,256
145020,2026-02-09,09:30:00,247000,247500,246500,247500,329,81310000,157,172
145020,2026-02-09,09:35:00,247000,249000,247000,249000,484,119990000,463,21
145020,2026-02-09,09:40:00,248500,252000,248500,251500,1264,316370000,1083,181
145020,2026-02-09,09:45:00,251500,251500,250500,250500,808,202960000,266,542
145020,2026-02-09,09:50:00,250500,250500,249500,249500,460,115010000,225,235
145020,2026-02-09,09:55:00,249500,250000,248500,249000,340,84750000,155,185
145020,2026-02-09,10:00:00,248500,249000,247000,248000,240,59500000,62,178
145020,2026-02-09,10:05:00,247500,248500,247500,248000,318,78830000,205,113
145020,2026-02-09,10:10:00,248000,249000,247500,248000,666,165200000,385,281
145020,2026-02-09,10:15:00,248000,248500,247500,248000,246,61000000,67,179
145020,2026-02-09,10:20:00,248000,248500,248000,248000,251,62280000,79,172
145020,2026-02-09,10:25:00,248000,248500,247500,248500,279,69190000,93,186
145020,2026-02-09,10:30:00,248500,248500,247000,247000,405,100280000,130,275
145020,2026-02-09,10:35:00,247500,247500,246000,246500,354,87350000,64,290
145020,2026-02-09,10:40:00,246500,246500,244500,245000,1094,268410000,220,874
145020,2026-02-09,10:45:00,244500,246000,244500,245000,833,204240000,553,280
145020,2026-02-09,10:50:00,245000,246000,245000,245000,259,63480000,35,224
145020,2026-02-09,10:55:00,245500,246000,244500,245500,672,164680000,226,446
145020,2026-02-09,11:00:00,245000,245500,244500,245000,449,110000000,147,302
145020,2026-02-09,11:05:00,245000,245500,244500,245000,633,155060000,179,454
145020,2026-02-09,11:10:00,245000,246000,244500,246000,578,141630000,243,335
145020,2026-02-09,11:15:00,246000,246000,245000,246000,1850,453670000,1439,411
145020,2026-02-09,11:20:00,245000,246000,245000,246000,929,228080000,642,287
145020,2026-02-09,11:25:00,245500,246000,245000,245000,415,101770000,65,350
145020,2026-02-09,11:30:00,245000,245500,245000,245250,491,120380000,217,274
145020,2026-02-09,11:35:00,245250,247500,245000,247500,408,100580000,319,89
145020,2026-02-09,11:40:00,247500,247500,246500,247000,249,61610000,167,82
145020,2026-02-09,11:45:00,247500,248000,247000,248000,197,48770000,167,30
145020,2026-02-09,11:50:00,247500,248000,246500,247500,213,52680000,60,153
145020,2026-02-09,11:55:00,247500,248000,247500,248000,76,18840000,57,19
145020,2026-02-09,12:00:00,248000,248000,246500,247000,475,117380000,122,353
145020,2026-02-09,12:05:00,247000,247500,245500,245500,429,105720000,70,359
145020,2026-02-09,12:10:00,245500,246500,245500,246500,402,98780000,105,297
145020,2026-02-09,12:15:00,246000,246500,245500,246000,128,31520000,75,53
145020,2026-02-09,12:20:00,246000,246500,245500,245500,161,39600000,43,118
145020,2026-02-09,12:25:00,245500,247000,245500,247000,311,76660000,202,109
145020,2026-02-09,12:30:00,246500,247000,246000,246500,194,47830000,51,143
145020,2026-02-09,12:35:00,246000,246500,245500,245500,262,64460000,133,129
145020,2026-02-09,12:40:00,246500,246500,245000,245000,331,81300000,76,255
145020,2026-02-09,12:45:00,245000,245500,245000,245500,97,23800000,85,12
145020,2026-02-09,12:50:00,245500,246000,245000,245500,260,63790000,127,133
145020,2026-02-09,12:55:00,245500,246000,245500,246000,194,47650000,49,145
145020,2026-02-09,13:00:00,245500,246000,245000,245000,280,68750000,92,188
145020,2026-02-09,13:05:00,245000,245500,245000,245500,167,40990000,151,16
145020,2026-02-09,13:10:00,245500,246000,245000,245500,161,39540000,39,122
145020,2026-02-09,13:15:00,245000,246000,245000,245500,197,48370000,134,63
145020,2026-02-09,13:20:00,245500,246000,245500,246000,152,37330000,43,109
145020,2026-02-09,13:25:00,245500,246000,245000,245500,216,53030000,35,181
145020,2026-02-09,13:30:00,245000,245500,245000,245000,342,83900000,234,108
145020,2026-02-09,13:35:00,245500,246000,244500,244500,1490,365040000,259,1231
145020,2026-02-09,13:40:00,244500,245000,244000,244500,637,155840000,288,349
145020,2026-02-09,13:45:00,244500,246000,244000,245000,927,226800000,259,668
145020,2026-02-09,13:50:00,245000,245500,244500,245000,193,47280000,124,69
145020,2026-02-09,13:55:00,245000,245500,244500,245500,224,54870000,120,104
145020,2026-02-09,14:00:00,245000,246000,244500,245500,231,56650000,81,150
145020,2026-02-09,14:05:00,245500,245500,244500,245500,320,78420000,177,143
145020,2026-02-09,14:10:00,245500,245500,244500,245500,261,63960000,146,115
145020,2026-02-09,14:15:00,245000,245500,245000,245000,124,30410000,61,63
145020,2026-02-09,14:20:00,245500,246000,244500,245500,454,111340000,216,238
145020,2026-02-09,14:25:00,245500,246000,245000,245500,300,73640000,196,104
145020,2026-02-09,14:30:00,245750,246000,245000,245500,258,63390000,154,104
145020,2026-02-09,14:35:00,245500,246000,245000,246000,203,49830000,107,96
145020,2026-02-09,14:40:00,245500,246500,245500,246500,380,93490000,320,60
145020,2026-02-09,14:45:00,246500,248000,246000,248000,803,198560000,643,160
145020,2026-02-09,14:50:00,247500,249000,247500,249000,1824,452580000,1193,631
145020,2026-02-09,14:55:00,248500,250500,248500,250000,1888,471170000,1126,762
145020,2026-02-09,15:00:00,249500,251500,249500,251000,1998,500360000,985,1013
145020,2026-02-09,15:05:00,251000,252500,249500,250000,3105,779760000,1666,1439
145020,2026-02-09,15:10:00,249500,250500,249500,250000,791,197530000,262,529
145020,2026-02-09,15:15:00,250000,250500,249000,250000,1602,400180000,1007,595
145020,2026-02-09,15:20:00,250000,250500,249500,250000,1715,429100000,814,901
145020,2026-02-09,15:30:00,248500,248500,248500,248500,1170,290740000,1170,0
145020,2026-02-10,09:05:00,254000,262000,254000,261000,5895,1528690000,3840,2055
145020,2026-02-10,09:10:00,261000,263500,260500,263000,3583,938520000,2294,1289
145020,2026-02-10,09:15:00,262500,263000,260000,261000,3437,899710000,1028,2409
145020,2026-02-10,09:20:00,261000,265500,261000,263000,5163,1362630000,4170,993
145020,2026-02-10,09:25:00,263000,264000,260500,261500,1848,482820000,1140,708
145020,2026-02-10,09:30:00,261500,264000,261000,263500,2331,612900000,1820,511
145020,2026-02-10,09:35:00,263500,264000,262000,263500,1740,457260000,1225,515
145020,2026-02-10,09:40:00,263500,265000,262500,263500,3098,817970000,2457,641
145020,2026-02-10,09:45:00,263500,264000,262000,262500,599,157420000,328,271
145020,2026-02-10,09:50:00,262500,263000,261500,262000,624,163560000,173,451
145020,2026-02-10,09:55:00,262000,263000,261500,263000,1198,314480000,653,545
145020,2026-02-10,10:00:00,263000,263500,261000,261000,1508,395730000,1201,307
145020,2026-02-10,10:05:00,261500,262000,260000,260000,326,85140000,106,220
145020,2026-02-10,10:10:00,260500,261000,259500,261000,835,217220000,262,573
145020,2026-02-10,10:15:00,261000,262000,260500,261500,388,101390000,237,151
145020,2026-02-10,10:20:00,261000,262000,260500,261500,423,110400000,189,234
145020,2026-02-10,10:25:00,261500,262000,260500,260500,385,100530000,185,200
145020,2026-02-10,10:30:00,261000,261000,259500,259500,581,151220000,182,399
145020,2026-02-10,10:35:00,260000,260000,257500,257500,884,228800000,206,678
145020,2026-02-10,10:40:00,257500,259500,257250,258500,808,208630000,607,201
145020,2026-02-10,10:45:00,258500,260000,257500,258500,223,57650000,84,139
145020,2026-02-10,10:50:00,258500,259500,258000,258500,324,83840000,151,173
145020,2026-02-10,10:55:00,258500,260000,257500,259500,453,117410000,321,132
145020,2026-02-10,11:00:00,259500,260000,258000,259500,444,114960000,234,210
145020,2026-02-10,11:05:00,259500,259500,258500,258500,188,48670000,48,140
145020,2026-02-10,11:10:00,259000,259500,259000,259000,135,35020000,76,59
145020,2026-02-10,11:15:00,259000,260000,258500,259500,125,32400000,34,91
145020,2026-02-10,11:20:00,260000,260500,259000,259000,388,100880000,249,139
145020,2026-02-10,11:25:00,259500,260000,259000,259500,159,41260000,62,97
145020,2026-02-10,11:30:00,260000,260500,259500,260500,276,71780000,229,47
145020,2026-02-10,11:35:00,260000,260500,259500,259500,163,42350000,63,100
145020,2026-02-10,11:40:00,260000,260000,258500,259000,138,35740000,65,73
145020,2026-02-10,11:45:00,258500,259000,258500,258500,176,45500000,50,126
145020,2026-02-10,11:50:00,258500,259000,258500,259000,70,18110000,39,31
145020,2026-02-10,11:55:00,258500,259000,258000,258000,202,52190000,14,188
145020,2026-02-10,12:00:00,258500,258500,258000,258000,135,34830000,3,132
145020,2026-02-10,12:05:00,258000,258000,257000,257500,175,45070000,35,140
145020,2026-02-10,12:10:00,257500,259500,256500,258500,386,99370000,301,85
145020,2026-02-10,12:15:00,258500,258500,258000,258000,226,58380000,122,104
145020,2026-02-10,12:20:00,258000,258000,257000,257500,370,95280000,230,140
145020,2026-02-10,12:25:00,257000,258500,257000,257500,113,29140000,87,26
145020,2026-02-10,12:30:00,257500,258000,257000,258000,238,61300000,45,193
145020,2026-02-10,12:35:00,258500,258500,258000,258000,104,26860000,68,36
145020,2026-02-10,12:40:00,258000,259000,257500,258000,201,51900000,111,90
145020,2026-02-10,12:45:00,258000,259000,258000,259000,180,46590000,171,9
145020,2026-02-10,12:50:00,258000,259500,258000,259500,307,79490000,289,18
145020,2026-02-10,12:55:00,259500,259500,258500,259000,124,32120000,58,66
145020,2026-02-10,13:00:00,259000,259000,258500,258500,137,35430000,35,102
145020,2026-02-10,13:05:00,258500,258500,258000,258000,102,26370000,97,5
145020,2026-02-10,13:10:00,258000,258500,257500,257500,154,39730000,49,105
145020,2026-02-10,13:15:00,257500,258500,257500,258000,250,64510000,224,26
145020,2026-02-10,13:20:00,258000,258500,257500,258500,278,71750000,182,96
145020,2026-02-10,13:25:00,258500,258500,257500,257500,191,49270000,9,182
145020,2026-02-10,13:30:00,257500,258000,257500,258000,403,103950000,353,50
145020,2026-02-10,13:35:00,258000,259000,257500,258500,167,43110000,136,31
145020,2026-02-10,13:40:00,258500,259000,258000,258500,142,36720000,22,120
145020,2026-02-10,13:45:00,258500,259000,258500,259000,118,30550000,99,19
145020,2026-02-10,13:50:00,258500,259500,258000,259500,352,91090000,202,150
145020,2026-02-10,13:55:00,259500,260000,258500,259500,205,53180000,188,17
145020,2026-02-10,14:00:00,259500,262000,259500,262000,1571,409970000,1188,383
145020,2026-02-10,14:05:00,262000,262000,261000,262000,810,212110000,661,149
145020,2026-02-10,14:10:00,262000,262500,261000,262500,807,211440000,535,272
145020,2026-02-10,14:15:00,262500,262500,261500,262000,649,170130000,344,305
145020,2026-02-10,14:20:00,262000,262000,260500,261500,461,120520000,289,172
145020,2026-02-10,14:25:00,261500,262000,260500,261000,551,144010000,340,211
145020,2026-02-10,14:30:00,261000,261500,260500,261000,380,99240000,162,218
145020,2026-02-10,14:35:00,261500,261500,260500,261000,597,155900000,356,241
145020,2026-02-10,14:40:00,261000,261500,260500,261000,513,134050000,381,132
145020,2026-02-10,14:45:00,261000,262000,261000,261000,787,205800000,521,266
145020,2026-02-10,14:50:00,261000,261500,260500,261000,522,136310000,301,221
145020,2026-02-10,14:55:00,261000,262000,260500,261500,815,213260000,663,152
145020,2026-02-10,15:00:00,262000,262500,261000,262500,1574,412360000,1440,134
145020,2026-02-10,15:05:00,262000,262500,261000,262000,562,146940000,275,287
145020,2026-02-10,15:10:00,261500,262000,260500,260500,172,44930000,70,102
145020,2026-02-10,15:15:00,260500,262000,260500,261500,957,249940000,736,221
145020,2026-02-10,15:20:00,261750,262500,261000,262000,843,220650000,517,326
145020,2026-02-10,15:30:00,260000,260000,260000,260000,2788,724880000,2786,0
145020,2026-02-11,09:05:00,265000,265500,260000,261500,2651,698740000,893,1758
145020,2026-02-11,09:10:00,261000,262500,260500,262000,920,240610000,597,323
145020,2026-02-11,09:15:00,262000,262500,260000,260500,1070,279470000,313,757
145020,2026-02-11,09:20:00,260500,261000,259000,260000,750,194840000,164,586
145020,2026-02-11,09:25:00,259500,262000,259500,261500,429,111900000,226,203
145020,2026-02-11,09:30:00,261500,262000,260500,262000,683,178640000,255,428
145020,2026-02-11,09:35:00,262000,263000,261500,262500,573,150160000,353,220
145020,2026-02-11,09:40:00,262500,262500,260500,261000,357,93250000,171,186
145020,2026-02-11,09:45:00,261000,263000,260500,262000,312,81770000,245,67
145020,2026-02-11,09:50:00,262000,264000,261500,263000,672,176670000,491,181
145020,2026-02-11,09:55:00,263500,263500,262000,262500,232,61000000,95,137
145020,2026-02-11,10:00:00,262500,263000,261500,263000,486,127450000,234,252
145020,2026-02-11,10:05:00,263000,264000,262500,263000,196,51640000,133,63
145020,2026-02-11,10:10:00,263000,263500,262500,263500,125,32880000,61,64
145020,2026-02-11,10:15:00,263500,264000,263000,264000,574,151280000,285,289
145020,2026-02-11,10:20:00,263500,264000,263000,263500,383,100890000,64,319
145020,2026-02-11,10:25:00,263000,264000,263000,264000,287,75700000,201,86
145020,2026-02-11,10:30:00,264000,265000,263500,265000,1151,304190000,804,347
145020,2026-02-11,10:35:00,264500,265500,264500,265000,672,178110000,419,253
145020,2026-02-11,10:40:00,265500,265500,264000,264500,528,139730000,253,275
145020,2026-02-11,10:45:00,264500,265000,263500,264500,490,129560000,168,322
145020,2026-02-11,10:50:00,264500,265000,263500,265000,329,87030000,208,121
145020,2026-02-11,10:55:00,264500,265000,263500,264500,354,93600000,188,166
145020,2026-02-11,11:00:00,265000,265000,263500,264500,795,209990000,263,532
145020,2026-02-11,11:05:00,264000,264500,263000,263500,412,108700000,175,237
145020,2026-02-11,11:10:00,263500,265500,263000,265000,1478,390750000,1227,251
145020,2026-02-11,11:15:00,265000,272000,264500,271000,7798,2100350000,4946,2852
145020,2026-02-11,11:20:00,271000,271000,267500,268000,733,197420000,126,607
145020,2026-02-11,11:25:00,268000,268000,266000,267500,669,178560000,260,409
145020,2026-02-11,11:30:00,267000,268000,267000,268000,437,116900000,200,237
145020,2026-02-11,11:35:00,268000,268000,267000,267500,544,145510000,315,229
145020,2026-02-11,11:40:00,267500,270000,267500,270000,1282,344360000,669,613
145020,2026-02-11,11:45:00,270000,270500,269000,270000,672,181340000,450,222
145020,2026-02-11,11:50:00,270000,270500,269500,270000,690,186390000,409,281
145020,2026-02-11,11:55:00,270000,270500,269000,269500,224,60370000,65,159
145020,2026-02-11,12:00:00,269000,269000,268000,268000,377,101360000,161,216
145020,2026-02-11,12:05:00,268500,269000,267500,267500,415,111290000,192,223
145020,2026-02-11,12:10:00,267500,269000,267500,268500,224,60040000,99,125
145020,2026-02-11,12:15:00,268500,269000,268000,268500,137,36780000,62,75
145020,2026-02-11,12:20:00,268500,269500,268000,269000,404,108450000,287,117
145020,2026-02-11,12:25:00,268500,269500,268500,269000,245,65920000,101,144
145020,2026-02-11,12:30:00,269500,269500,268500,268500,130,34960000,48,82
145020,2026-02-11,12:35:00,269000,269500,268500,269000,178,47880000,70,108
145020,2026-02-11,12:40:00,269000,269000,268500,269000,85,22840000,23,62
145020,2026-02-11,12:45:00,269000,269000,268500,269000,94,25260000,32,62
145020,2026-02-11,12:50:00,269000,269000,268000,268500,326,87590000,140,186
145020,2026-02-11,12:55:00,268000,268500,268000,268500,80,21460000,44,36
145020,2026-02-11,13:00:00,268500,268500,267500,268000,849,227560000,571,278
145020,2026-02-11,13:05:00,268500,268500,266500,266500,551,147280000,87,464
145020,2026-02-11,13:10:00,267000,268000,265500,267500,625,166780000,410,215
145020,2026-02-11,13:15:00,267500,267500,266500,266500,271,72370000,146,125
145020,2026-02-11,13:20:00,267000,267000,266000,266500,410,109280000,126,284
145020,2026-02-11,13:25:00,266500,267000,266000,266500,167,44480000,88,79
145020,2026-02-11,13:30:00,266500,267000,266000,267000,244,65080000,135,109
145020,2026-02-11,13:35:00,266500,267000,265500,266500,602,160330000,221,381
145020,2026-02-11,13:40:00,266500,267000,266500,266500,396,105560000,121,275
145020,2026-02-11,13:45:00,266500,267000,266000,266500,323,86040000,128,195
145020,2026-02-11,13:50:00,266500,267000,266000,266500,362,96410000,184,178
145020,2026-02-11,13:55:00,266500,266500,264500,265500,829,220110000,134,695
145020,2026-02-11,14:00:00,265500,267000,265500,265500,813,216140000,375,438
145020,2026-02-11,14:05:00,265500,266000,265000,265000,543,144110000,122,421
145020,2026-02-11,14:10:00,265500,265500,265000,265000,294,77950000,80,214
145020,2026-02-11,14:15:00,265500,265500,263000,263500,2147,566530000,852,1295
145020,2026-02-11,14:20:00,263000,265500,263000,264500,669,176980000,221,448
145020,2026-02-11,14:25:00,264500,266000,264500,265000,906,240110000,168,738
145020,2026-02-11,14:30:00,265000,266000,264500,264500,161,42710000,70,91
145020,2026-02-11,14:35:00,265000,265000,264000,264000,184,48670000,65,119
145020,2026-02-11,14:40:00,264500,265000,264000,264500,208,55040000,95,113
145020,2026-02-11,14:45:00,264500,265000,263000,263000,536,141500000,117,419
145020,2026-02-11,14:50:00,263000,264000,262000,262500,1558,409400000,517,1041
145020,2026-02-11,14:55:00,262500,288000,262500,287500,43235,12097230000,27873,15362
145020,2026-02-11,15:00:00,287500,291000,280000,281000,20990,6009510000,12923,8067
145020,2026-02-11,15:05:00,281500,288000,281000,285000,14752,4206130000,8123,6629
145020,2026-02-11,15:10:00,285000,287000,282500,286000,12909,3674470000,8312,4597
145020,2026-02-11,15:15:00,286000,288000,283500,285000,11247,3212590000,6730,4517
145020,2026-02-11,15:20:00,285500,287500,283500,287000,9541,2722960000,5429,4112
145020,2026-02-11,15:30:00,286000,286000,286000,286000,7289,2084640000,7258,0
145020,2026-02-12,09:05:00,274500,275500,264500,269500,20877,5642210000,9590,11287
145020,2026-02-12,09:10:00,269000,273000,265500,268000,8908,2386260000,3208,5700
145020,2026-02-12,09:15:00,268500,269000,265000,267000,7241,1930670000,1950,5291
145020,2026-02-12,09:20:00,267500,267500,262000,263000,16757,4434690000,5027,11730
145020,2026-02-12,09:25:00,263500,264500,262500,264000,6279,1654220000,2137,4142
145020,2026-02-12,09:30:00,264000,264000,261500,262500,9442,2479010000,2590,6852
145020,2026-02-12,09:35:00,262500,265500,262000,264500,3614,954650000,1435,2179
145020,2026-02-12,09:40:00,265000,266000,264500,266000,4532,1202380000,1672,2860
145020,2026-02-12,09:45:00,266000,266000,263500,263500,2976,787120000,677,2299
145020,2026-02-12,09:50:00,264000,264500,263000,264500,3285,865620000,818,2467
145020,2026-02-12,09:55:00,264500,266500,263500,265500,2751,729120000,1069,1682
145020,2026-02-12,10:00:00,266000,267500,265000,266500,6264,1665700000,1408,4856
145020,2026-02-12,10:05:00,266000,266500,265000,265250,1471,390440000,342,1129
145020,2026-02-12,10:10:00,265500,265500,264000,264500,2637,698040000,966,1671
145020,2026-02-12,10:15:00,264500,265000,264000,264000,1790,473270000,918,872
145020,2026-02-12,10:20:00,264500,265000,262000,262000,9818,2581160000,1452,8366
145020,2026-02-12,10:25:00,262500,263000,261000,262500,4229,1107190000,1164,3065
145020,2026-02-12,10:30:00,262500,263000,260500,261000,8221,2146180000,1122,7099
145020,2026-02-12,10:35:00,261000,262000,260500,261500,3395,886000000,1407,1988
145020,2026-02-12,10:40:00,261500,262000,261000,261000,2640,689640000,798,1842
145020,2026-02-12,10:45:00,261500,261500,259500,259500,9750,2537060000,2774,6976
145020,2026-02-12,10:50:00,260000,260500,259000,259500,4769,1237560000,1205,3564
145020,2026-02-12,10:55:00,260000,262500,259500,260750,3206,835460000,1213,1993
145020,2026-02-12,11:00:00,260750,261000,260500,260500,1704,444160000,501,1203
145020,2026-02-12,11:05:00,260500,262000,260000,261500,2926,763030000,1507,1419
145020,2026-02-12,11:10:00,261500,262500,261000,261500,1894,495810000,814,1080
145020,2026-02-12,11:15:00,261750,262000,261000,261500,1296,338960000,359,937
145020,2026-02-12,11:20:00,261750,261750,261000,261500,2123,554870000,541,1582
145020,2026-02-12,11:25:00,261500,262000,261000,261000,1121,293100000,590,531
145020,2026-02-12,11:30:00,261500,262500,261000,261500,1284,335970000,522,762
145020,2026-02-12,11:35:00,262000,262500,261000,261500,1219,318910000,410,809
145020,2026-02-12,11:40:00,261750,262500,261000,261500,2817,736490000,704,2113
145020,2026-02-12,11:45:00,261750,262500,261500,261750,1866,488750000,850,1016
145020,2026-02-12,11:50:00,261750,262000,261000,261500,3423,894700000,852,2571
145020,2026-02-12,11:55:00,261750,262000,261000,261500,1405,367560000,593,812
145020,2026-02-12,12:00:00,261750,261750,261000,261250,1579,412620000,477,1102
145020,2026-02-12,12:05:00,261250,262000,261000,261750,1479,386740000,630,849
145020,2026-02-12,12:10:00,261750,263000,261500,262500,1779,466570000,729,1050
145020,2026-02-12,12:15:00,262500,263250,262000,262500,3392,890880000,1394,1998
145020,2026-02-12,12:20:00,262500,262750,262000,262500,1099,288380000,286,813
145020,2026-02-12,12:25:00,262000,263000,262000,262500,1426,373880000,538,888
145020,2026-02-12,12:30:00,262500,262500,261000,261250,2881,753680000,825,2056
145020,2026-02-12,12:35:00,261250,261500,260500,261000,1533,400180000,327,1206
145020,2026-02-12,12:40:00,261000,261500,260500,260500,1418,369850000,546,872
145020,2026-02-12,12:45:00,260750,260750,260000,260500,1993,518940000,864,1129
145020,2026-02-12,12:50:00,260500,262000,260000,261500,1394,364060000,769,625
145020,2026-02-12,12:55:00,261500,262000,261250,261500,1573,411500000,454,1119
145020,2026-02-12,13:00:00,261500,262000,261500,261500,1229,321440000,146,1083
145020,2026-02-12,13:05:00,261500,262000,261500,261500,947,247680000,123,824
145020,2026-02-12,13:10:00,261750,263000,261500,262500,2085,546130000,1376,709
145020,2026-02-12,13:15:00,262500,262500,261500,261750,1005,263020000,281,724
145020,2026-02-12,13:20:00,261500,262500,261500,262000,1350,353420000,580,770
145020,2026-02-12,13:25:00,262250,262250,261500,261500,1500,392620000,402,1098
145020,2026-02-12,13:30:00,262000,262500,261500,262250,1551,406400000,510,1041
145020,2026-02-12,13:35:00,262500,263500,262000,262750,1823,479270000,1100,723
145020,2026-02-12,13:40:00,262500,263500,262000,262000,1206,316620000,409,797
145020,2026-02-12,13:45:00,262000,262500,261000,261500,2063,539740000,212,1851
145020,2026-02-12,13:50:00,261500,262000,261500,262000,1471,384720000,98,1373
145020,2026-02-12,13:55:00,261500,262000,260500,262000,4174,1090870000,560,3614
145020,2026-02-12,14:00:00,262000,262000,261500,261500,1979,517650000,282,1697
145020,2026-02-12,14:05:00,262000,262000,260500,261000,3708,969220000,680,3028
145020,2026-02-12,14:10:00,261000,262000,261000,261500,2994,782870000,601,2393
145020,2026-02-12,14:15:00,261500,262000,261000,261500,2524,660020000,493,2031
145020,2026-02-12,14:20:00,261500,262000,261000,261000,2474,647160000,953,1521
145020,2026-02-12,14:25:00,261000,261500,260500,260500,3156,823250000,1230,1926
145020,2026-02-12,14:30:00,261000,261500,260000,260500,3323,865800000,993,2330
145020,2026-02-12,14:35:00,260500,261000,260000,260000,4270,1110600000,748,3522
145020,2026-02-12,14:40:00,260000,261000,260000,260500,2423,630690000,1127,1296
145020,2026-02-12,14:45:00,260500,260500,260000,260000,2028,527690000,801,1227
145020,2026-02-12,14:50:00,260500,260500,260000,260500,1557,405030000,395,1162
145020,2026-02-12,14:55:00,260000,260500,259500,260000,2533,658580000,1046,1487
145020,2026-02-12,15:00:00,260000,260500,259500,259500,1932,502190000,767,1165
145020,2026-02-12,15:05:00,259500,260500,259500,260500,1975,513660000,1030,945
145020,2026-02-12,15:10:00,260000,260500,260000,260500,1441,375070000,817,624
145020,2026-02-12,15:15:00,260500,261500,260000,261000,3357,874940000,2291,1066
145020,2026-02-12,15:20:00,261000,261500,260500,261500,2952,770490000,1473,1479
145020,2026-02-12,15:30:00,263500,263500,263500,263500,12792,3370690000,12764,0
145020,2026-02-13,09:05:00,258500,260000,257000,257500,2689,694310000,1183,1506
145020,2026-02-13,09:10:00,258000,259500,257500,258500,1180,304740000,483,697
145020,2026-02-13,09:15:00,258500,261500,257500,261500,1558,403690000,940,618
145020,2026-02-13,09:20:00,260500,261500,258000,260000,1339,347550000,600,739
145020,2026-02-13,09:25:00,260000,261000,257500,259000,1878,485540000,827,1051
145020,2026-02-13,09:30:00,258000,258000,257000,257500,1682,432960000,339,1343
145020,2026-02-13,09:35:00,257500,257500,255000,256500,3516,901140000,475,3041
145020,2026-02-13,09:40:00,256500,257000,255500,257000,1215,311320000,379,836
145020,2026-02-13,09:45:00,256500,256500,253500,254000,6018,1533230000,2180,3838
145020,2026-02-13,09:50:00,254000,255000,252500,253000,2484,629760000,1176,1308
145020,2026-02-13,09:55:00,253000,254000,252500,253500,2420,612150000,793,1627
145020,2026-02-13,10:00:00,253000,253500,252500,253000,1749,442300000,269,1480
145020,2026-02-13,10:05:00,252500,254500,252500,253500,1228,311170000,730,498
145020,2026-02-13,10:10:00,253500,255000,253000,254000,865,219660000,372,493
145020,2026-02-13,10:15:00,254500,255000,254000,254500,605,153840000,214,391
145020,2026-02-13,10:20:00,254500,256000,254000,255500,817,208300000,412,405
145020,2026-02-13,10:25:00,255500,255500,254000,254500,523,133050000,157,366
145020,2026-02-13,10:30:00,254500,255500,254000,254500,664,168900000,167,497
145020,2026-02-13,10:35:00,254500,255500,254500,254500,899,229030000,426,473
145020,2026-02-13,10:40:00,255000,255500,254000,254500,734,186680000,266,468
145020,2026-02-13,10:45:00,254500,255500,254000,255500,736,187300000,366,370
145020,2026-02-13,10:50:00,255500,256000,254500,255500,849,216730000,314,535
145020,2026-02-13,10:55:00,255000,256000,255000,255500,739,188590000,250,489
145020,2026-02-13,11:00:00,255000,256000,254000,254000,874,222600000,357,517
145020,2026-02-13,11:05:00,254500,255000,254000,255000,1521,386610000,403,1118
145020,2026-02-13,11:10:00,255000,255000,253500,254250,971,246770000,290,681
145020,2026-02-13,11:15:00,254000,255000,253500,254000,1213,307710000,296,917
145020,2026-02-13,11:20:00,254000,254000,253000,253500,2203,558120000,337,1866
145020,2026-02-13,11:25:00,253500,254000,253000,253500,1191,301810000,385,806
145020,2026-02-13,11:30:00,253500,254500,253000,253500,1879,475980000,404,1475
145020,2026-02-13,11:35:00,254000,254500,253500,254000,943,239270000,189,754
145020,2026-02-13,11:40:00,253500,254000,253000,254000,679,172160000,162,517
145020,2026-02-13,11:45:00,253500,255000,253500,255000,994,252920000,330,664
145020,2026-02-13,11:50:00,254500,255500,254000,254500,923,235120000,213,710
145020,2026-02-13,11:55:00,255000,255500,254000,255000,878,223600000,249,629
145020,2026-02-13,12:00:00,254500,255000,254500,254500,555,141250000,21,534
145020,2026-02-13,12:05:00,254500,255500,254500,254500,626,159460000,205,421
145020,2026-02-13,12:10:00,255000,255000,254500,254500,595,151490000,94,501
145020,2026-02-13,12:15:00,255000,255000,254000,254500,591,150380000,166,425
145020,2026-02-13,12:20:00,254500,254500,253500,253500,638,162100000,143,495
145020,2026-02-13,12:25:00,254000,255000,254000,254000,571,145160000,228,343
145020,2026-02-13,12:30:00,254000,254500,253500,254500,635,161320000,239,396
145020,2026-02-13,12:35:00,254000,255000,253500,254500,766,194720000,146,620
145020,2026-02-13,12:40:00,254500,255000,254000,254500,787,200300000,276,511
145020,2026-02-13,12:45:00,255000,255000,253500,254000,1912,485850000,856,1056
145020,2026-02-13,12:50:00,254000,254500,253500,254000,812,206210000,334,478
145020,2026-02-13,12:55:00,254000,254500,253500,254000,672,170440000,132,540
145020,2026-02-13,13:00:00,253500,254000,253500,254000,554,140460000,34,520
145020,2026-02-13,13:05:00,254000,254000,253000,253500,709,179680000,122,587
145020,2026-02-13,13:10:00,253750,254000,253000,253500,761,192940000,249,512
145020,2026-02-13,13:15:00,254000,254500,253500,254500,1009,256190000,674,335
145020,2026-02-13,13:20:00,254500,255000,253000,253500,1933,490150000,210,1723
145020,2026-02-13,13:25:00,254000,254000,253000,253500,578,146450000,176,402
145020,2026-02-13,13:30:00,253500,254500,253000,254000,440,111580000,170,270
145020,2026-02-13,13:35:00,254500,254500,253500,254000,281,71330000,135,146
145020,2026-02-13,13:40:00,254000,254500,253500,254000,269,68310000,125,144
145020,2026-02-13,13:45:00,254000,255500,253500,255500,733,186850000,487,246
145020,2026-02-13,13:50:00,254500,255500,254500,255000,560,142830000,282,278
145020,2026-02-13,13:55:00,255000,255500,255000,255500,569,145190000,264,305
145020,2026-02-13,14:00:00,255000,255500,255000,255500,200,51020000,34,166
145020,2026-02-13,14:05:00,255500,256000,255000,255500,1020,260450000,472,548
145020,2026-02-13,14:10:00,255500,256000,254500,255000,1091,278330000,264,827
145020,2026-02-13,14:15:00,254500,255000,254000,254500,545,138740000,149,396
145020,2026-02-13,14:20:00,254500,255000,254000,254000,304,77290000,94,210
145020,2026-02-13,14:25:00,254000,254500,253500,253500,988,250950000,50,938
145020,2026-02-13,14:30:00,253500,254000,253500,253500,579,146840000,131,448
145020,2026-02-13,14:35:00,253500,254000,253000,253000,1527,386870000,165,1362
145020,2026-02-13,14:40:00,253000,254000,253000,253500,763,193300000,296,467
145020,2026-02-13,14:45:00,254000,254000,253000,253500,404,102400000,117,287
145020,2026-02-13,14:50:00,253500,254000,253000,253000,1349,341640000,578,771
145020,2026-02-13,14:55:00,253000,254000,253000,253500,855,216470000,225,630
145020,2026-02-13,15:00:00,253000,253500,253000,253000,1054,266760000,191,863
145020,2026-02-13,15:05:00,253000,253500,252500,253500,1162,293850000,521,641
145020,2026-02-13,15:10:00,253500,253500,252500,253000,785,198620000,334,451
145020,2026-02-13,15:15:00,253000,253500,252500,253000,796,201420000,468,328
145020,2026-02-13,15:20:00,253500,254000,253000,253500,995,251980000,463,532
145020,2026-02-13,15:30:00,253500,253500,253500,253500,3621,917930000,3621,0
145020,2026-02-19,09:05:00,256000,258500,254500,256000,3650,935760000,2472,1178
145020,2026-02-19,09:10:00,255000,256500,254000,256000,1482,377590000,539,943
145020,2026-02-19,09:15:00,256000,257000,255000,256000,1417,363050000,883,534
145020,2026-02-19,09:20:00,256000,256000,255000,256000,592,151230000,333,259
145020,2026-02-19,09:25:00,255500,256000,255250,256000,600,153330000,234,366
145020,2026-02-19,09:30:00,255500,256000,255500,255500,504,128850000,198,306
145020,2026-02-19,09:35:00,256000,257500,256000,257000,1997,512460000,1405,592
145020,2026-02-19,09:40:00,257000,258500,256000,256500,1279,329490000,905,374
145020,2026-02-19,09:45:00,257000,258000,256000,257000,2795,716900000,2278,517
145020,2026-02-19,09:50:00,257000,257000,256500,256500,342,87800000,198,144
145020,2026-02-19,09:55:00,256500,257000,255500,256000,360,92210000,163,197
145020,2026-02-19,10:00:00,256000,256500,255500,256500,550,140780000,351,199
145020,2026-02-19,10:05:00,256500,258000,256000,258000,1471,378050000,1151,320
145020,2026-02-19,10:10:00,257500,260000,257000,259000,2346,607040000,1651,695
145020,2026-02-19,10:15:00,259000,260000,259000,260000,1320,342330000,714,606
145020,2026-02-19,10:20:00,260000,260000,259000,259500,1251,324620000,514,737
145020,2026-02-19,10:25:00,259500,261500,259000,261000,2767,719470000,2192,575
145020,2026-02-19,10:30:00,260500,261000,260000,261000,1025,267160000,576,449
145020,2026-02-19,10:35:00,260500,262500,260500,262500,3228,843900000,2106,1122
145020,2026-02-19,10:40:00,262250,264000,262250,263500,4550,1198380000,3340,1210
145020,2026-02-19,10:45:00,263000,264000,261000,262500,2159,567390000,1167,992
145020,2026-02-19,10:50:00,262000,263500,261000,263000,2019,530780000,1006,1013
145020,2026-02-19,10:55:00,263500,263500,262500,263500,1179,310130000,505,674
145020,2026-02-19,11:00:00,263500,264000,263000,264000,1773,467620000,1486,287
145020,2026-02-19,11:05:00,264000,264000,263500,264000,1286,338970000,231,1055
145020,2026-02-19,11:10:00,264000,265000,263500,264500,2590,683970000,1556,1034
145020,2026-02-19,11:15:00,264500,264500,263000,263500,1845,486110000,162,1683
145020,2026-02-19,11:20:00,263000,265000,262500,262500,3177,837900000,1141,2036
145020,2026-02-19,11:25:00,262000,264000,262000,263500,806,212090000,313,493
145020,2026-02-19,11:30:00,263500,264000,263000,264000,466,122810000,136,330
145020,2026-02-19,11:35:00,263500,264000,263500,264000,697,183720000,120,577
145020,2026-02-19,11:40:00,263500,264500,263500,264000,1916,505420000,790,1126
145020,2026-02-19,11:45:00,264000,264000,263500,263500,946,249380000,240,706
145020,2026-02-19,11:50:00,263500,265000,263500,265000,3083,815260000,2555,528
145020,2026-02-19,11:55:00,265000,265000,264000,265000,995,263260000,286,709
145020,2026-02-19,12:00:00,265000,266000,264500,265500,2325,616750000,1000,1325
145020,2026-02-19,12:05:00,266000,266000,265500,265500,616,163690000,283,333
145020,2026-02-19,12:10:00,266000,267000,265500,267000,2038,542860000,1586,452
145020,2026-02-19,12:15:00,267000,267000,265500,266000,2099,559170000,301,1798
145020,2026-02-19,12:20:00,266000,266000,265500,265750,630,167550000,390,240
145020,2026-02-19,12:25:00,266000,266500,265500,265500,914,242840000,274,640
145020,2026-02-19,12:30:00,266000,266000,265500,266000,275,73050000,90,185
145020,2026-02-19,12:35:00,266000,266500,266000,266000,1133,301450000,335,798
145020,2026-02-19,12:40:00,266500,266500,265500,266000,1839,489240000,860,979
145020,2026-02-19,12:45:00,266000,267500,265500,267500,4073,1086690000,3459,614
145020,2026-02-19,12:50:00,267500,268000,267000,267500,1173,313810000,303,870
145020,2026-02-19,12:55:00,267750,268000,266500,267000,1452,388150000,407,1045
145020,2026-02-19,13:00:00,266500,268000,266500,267500,491,131320000,365,126
145020,2026-02-19,13:05:00,267500,268000,267000,267500,850,227240000,232,618
145020,2026-02-19,13:10:00,267500,267500,265000,266500,1722,458920000,428,1294
145020,2026-02-19,13:15:00,266000,267000,265500,266000,563,149960000,234,329
145020,2026-02-19,13:20:00,266000,266500,266000,266000,641,170540000,91,550
145020,2026-02-19,13:25:00,265750,267500,265500,267500,1861,496340000,1626,235
145020,2026-02-19,13:30:00,267500,267500,267000,267500,443,118460000,363,80
145020,2026-02-19,13:35:00,267000,268000,267000,267500,1495,399790000,1025,470
145020,2026-02-19,13:40:00,267500,267500,266500,267000,1055,281700000,300,755
145020,2026-02-19,13:45:00,267000,267500,266000,267000,958,255420000,441,517
145020,2026-02-19,13:50:00,266500,267000,266500,267000,632,168540000,241,391
145020,2026-02-19,13:55:00,267000,267500,266500,267500,1018,271850000,850,168
145020,2026-02-19,14:00:00,267500,267500,267000,267500,837,223870000,729,108
145020,2026-02-19,14:05:00,267500,268000,267000,267500,1626,435070000,1020,606
145020,2026-02-19,14:10:00,267500,268000,267000,267500,1087,290840000,654,433
145020,2026-02-19,14:15:00,267000,268000,267000,268000,886,237080000,407,479
145020,2026-02-19,14:20:00,268000,268000,267000,268000,1385,370610000,396,989
145020,2026-02-19,14:25:00,268000,268000,267500,268000,690,184860000,583,107
145020,2026-02-19,14:30:00,268000,268500,267500,268500,1329,356460000,1089,240
145020,2026-02-19,14:35:00,268500,269000,268000,269000,1439,386600000,1345,94
145020,2026-02-19,14:40:00,269000,269500,268500,269500,1752,471450000,1366,386
145020,2026-02-19,14:45:00,269500,270000,269000,270000,2086,562270000,1485,601
145020,2026-02-19,14:50:00,270000,270000,268500,269000,3160,851500000,611,2549
145020,2026-02-19,14:55:00,269000,269500,268500,269500,899,241790000,665,234
145020,2026-02-19,15:00:00,269500,270000,269000,269500,1191,321060000,948,243
145020,2026-02-19,15:05:00,269500,270000,268500,270000,3118,839870000,1303,1815
145020,2026-02-19,15:10:00,270000,270000,269000,269500,2125,572980000,747,1378
145020,2026-02-19,15:15:00,269500,269500,268500,269500,650,174950000,459,191
145020,2026-02-19,15:20:00,269000,270000,269000,269000,2426,653410000,1451,975
145020,2026-02-19,15:30:00,269500,269500,269500,269500,6053,1631280000,6053,0
145020,2026-02-20,09:05:00,267000,269000,265000,265500,1610,429390000,544,1066
145020,2026-02-20,09:10:00,265500,266500,264000,265500,1119,296500000,230,889
145020,2026-02-20,09:15:00,265500,265500,264000,265000,978,258730000,347,631
145020,2026-02-20,09:20:00,265000,265500,262500,263000,1318,347310000,127,1191
145020,2026-02-20,09:25:00,262500,263500,262000,263500,1020,267450000,185,835
145020,2026-02-20,09:30:00,263500,263500,262500,263500,313,82360000,147,166
145020,2026-02-20,09:35:00,263500,264500,263000,263000,945,248930000,296,649
145020,2026-02-20,09:40:00,263500,263500,263000,263500,595,156530000,269,326
145020,2026-02-20,09:45:00,263000,263500,262000,262500,701,184050000,132,569
145020,2026-02-20,09:50:00,262500,263000,262000,262500,287,75350000,162,125
145020,2026-02-20,09:55:00,262500,263000,262000,262500,522,137000000,260,262
145020,2026-02-20,10:00:00,262500,263000,262500,263000,444,116640000,242,202
145020,2026-02-20,10:05:00,263000,264000,262500,263000,453,119210000,205,248
145020,2026-02-20,10:10:00,263000,263500,262000,262500,718,188710000,79,639
145020,2026-02-20,10:15:00,262500,263000,262500,263000,246,64620000,176,70
145020,2026-02-20,10:20:00,263000,263500,262500,263000,298,78380000,158,140
145020,2026-02-20,10:25:00,262500,263500,262500,262500,801,210370000,90,711
145020,2026-02-20,10:30:00,262500,263000,261500,263000,1049,274990000,426,623
145020,2026-02-20,10:35:00,262500,263000,262000,262000,297,77940000,148,149
145020,2026-02-20,10:40:00,262500,262500,260500,261000,2157,563310000,184,1973
145020,2026-02-20,10:45:00,261500,261500,261000,261500,256,66830000,32,224
145020,2026-02-20,10:50:00,261500,261500,260500,260500,711,185460000,236,475
145020,2026-02-20,10:55:00,260500,261500,260500,261500,523,136500000,336,187
145020,2026-02-20,11:00:00,261000,261500,260500,260500,2492,649940000,287,2205
145020,2026-02-20,11:05:00,261000,261000,260500,260500,363,94710000,292,71
145020,2026-02-20,11:10:00,261000,261500,260500,261500,629,164170000,370,259
145020,2026-02-20,11:15:00,261000,261500,261000,261500,161,42050000,67,94
145020,2026-02-20,11:20:00,261500,261500,261000,261500,230,60110000,152,78
145020,2026-02-20,11:25:00,261000,261500,261000,261500,164,42850000,93,71
145020,2026-02-20,11:30:00,261500,261500,261000,261500,378,98810000,302,76
145020,2026-02-20,11:35:00,261000,261500,260500,261000,538,140420000,104,434
145020,2026-02-20,11:40:00,261000,261000,260500,261000,218,56870000,161,57
145020,2026-02-20,11:45:00,261000,261500,260500,261000,215,56110000,109,106
145020,2026-02-20,11:50:00,261000,261000,260500,260500,287,74800000,54,233
145020,2026-02-20,11:55:00,261000,261000,260500,260500,178,46420000,62,116
145020,2026-02-20,12:00:00,260500,261000,260500,261000,146,38080000,93,53
145020,2026-02-20,12:05:00,260500,261500,260500,261000,248,64730000,165,83
145020,2026-02-20,12:10:00,261500,261500,261000,261000,234,61090000,55,179
145020,2026-02-20,12:15:00,261000,261500,261000,261000,107,27940000,38,69
145020,2026-02-20,12:20:00,261000,261500,261000,261000,106,27690000,40,66
145020,2026-02-20,12:25:00,261000,261000,260500,261000,505,131750000,199,306
145020,2026-02-20,12:30:00,260500,261000,260500,260500,319,83130000,57,262
145020,2026-02-20,12:35:00,260500,261000,260500,260500,176,45890000,91,85
145020,2026-02-20,12:40:00,261000,261500,260500,261000,225,58730000,169,56
145020,2026-02-20,12:45:00,261500,261500,261000,261500,124,32390000,63,61
145020,2026-02-20,12:50:00,261000,261500,261000,261500,212,55360000,57,155
145020,2026-02-20,12:55:00,261500,261500,261000,261500,114,29790000,61,53
145020,2026-02-20,13:00:00,261000,261500,261000,261000,242,63230000,141,101
145020,2026-02-20,13:05:00,261000,261500,261000,261500,173,45190000,73,100
145020,2026-02-20,13:10:00,261500,261500,261000,261500,102,26640000,39,63
145020,2026-02-20,13:15:00,261500,261500,261000,261000,261,68190000,142,119
145020,2026-02-20,13:20:00,261500,261500,260000,260500,2833,738230000,898,1935
145020,2026-02-20,13:25:00,261000,261000,260500,261000,278,72480000,126,152
145020,2026-02-20,13:30:00,261000,261000,260000,260500,729,189940000,154,575
145020,2026-02-20,13:35:00,261000,261000,260500,260500,246,64120000,79,167
145020,2026-02-20,13:40:00,260500,261000,260500,260500,527,137300000,34,493
145020,2026-02-20,13:45:00,260500,261000,259000,259750,3329,865100000,285,3044
145020,2026-02-20,13:50:00,259750,260000,259750,259750,478,124210000,209,269
145020,2026-02-20,13:55:00,260000,260500,259500,260000,675,175520000,374,301
145020,2026-02-20,14:00:00,260000,260500,259500,260000,484,125850000,25,459
145020,2026-02-20,14:05:00,260000,260500,259500,260000,1000,259850000,258,742
145020,2026-02-20,14:10:00,260500,260500,259500,260000,566,147140000,57,509
145020,2026-02-20,14:15:00,259500,260000,259500,260000,394,102260000,33,361
145020,2026-02-20,14:20:00,260000,260000,259000,259000,1547,401440000,488,1059
145020,2026-02-20,14:25:00,259000,259500,258500,258500,1769,458070000,46,1723
145020,2026-02-20,14:30:00,258500,259000,258500,258500,594,153590000,89,505
145020,2026-02-20,14:35:00,258500,259500,258500,259000,924,239260000,543,381
145020,2026-02-20,14:40:00,259000,259500,259000,259000,318,82380000,41,277
145020,2026-02-20,14:45:00,259500,259500,258500,258500,714,184920000,41,673
145020,2026-02-20,14:50:00,259000,259000,258500,258500,792,205030000,559,233
145020,2026-02-20,14:55:00,258500,259000,258500,259000,1194,309090000,678,516
145020,2026-02-20,15:00:00,259000,259000,258500,259000,643,166350000,230,413
145020,2026-02-20,15:05:00,259000,259000,257500,258000,2809,724960000,612,2197
145020,2026-02-20,15:10:00,258000,258500,258000,258000,558,144020000,98,460
145020,2026-02-20,15:15:00,258000,258500,258000,258000,675,174220000,146,529
145020,2026-02-20,15:20:00,258000,259000,258000,258500,1452,375040000,790,662
145020,2026-02-20,15:30:00,259000,259000,259000,259000,1700,440290000,1684,0
145020,2026-02-23,09:05:00,265500,265500,262000,263500,4002,1056650000,1310,2692
145020,2026-02-23,09:10:00,263000,263500,261000,261000,1064,278920000,316,748
145020,2026-02-23,09:15:00,261000,261500,260500,261000,931,242940000,287,644
145020,2026-02-23,09:20:00,261500,262500,261000,261500,481,125880000,105,376
145020,2026-02-23,09:25:00,262000,262000,260500,261000,592,154530000,136,456
145020,2026-02-23,09:30:00,261500,261500,260000,260000,2301,598990000,310,1991
145020,2026-02-23,09:35:00,260000,260500,259500,260500,950,247110000,378,572
145020,2026-02-23,09:40:00,260000,260500,260000,260000,420,109270000,147,273
145020,2026-02-23,09:45:00,260500,261500,260000,260500,1011,263360000,658,353
145020,2026-02-23,09:50:00,260750,261000,260000,260500,598,155750000,126,472
145020,2026-02-23,09:55:00,260500,261000,260000,261000,394,102660000,204,190
145020,2026-02-23,10:00:00,260500,261000,260000,261000,781,203390000,228,553
145020,2026-02-23,10:05:00,261000,261000,260000,260500,555,144560000,142,413
145020,2026-02-23,10:10:00,260500,261500,260000,261000,504,131330000,204,300
145020,2026-02-23,10:15:00,260500,262500,260000,262500,1175,307050000,751,424
145020,2026-02-23,10:20:00,262500,264500,261500,264000,2118,557720000,1339,779
145020,2026-02-23,10:25:00,264500,264500,263500,263500,911,240370000,279,632
145020,2026-02-23,10:30:00,263500,264500,263500,264000,1276,336810000,526,750
145020,2026-02-23,10:35:00,264000,264500,263500,264000,960,253340000,448,512
145020,2026-02-23,10:40:00,264000,265500,263500,265000,1826,483290000,1308,518
145020,2026-02-23,10:45:00,265000,265500,264000,264500,861,228100000,390,471
145020,2026-02-23,10:50:00,264500,265000,263500,264000,856,225990000,311,545
145020,2026-02-23,10:55:00,264000,264500,263000,263500,640,168720000,286,354
145020,2026-02-23,11:00:00,263000,264500,263000,263500,690,181910000,345,345
145020,2026-02-23,11:05:00,263000,263500,261500,261500,1018,267060000,209,809
145020,2026-02-23,11:10:00,261500,263500,261500,263000,634,166090000,201,433
145020,2026-02-23,11:15:00,262500,263000,261000,261000,506,132360000,158,348
145020,2026-02-23,11:20:00,261500,262000,260500,261000,822,214690000,400,422
145020,2026-02-23,11:25:00,261000,262000,260500,260500,676,176600000,317,359
145020,2026-02-23,11:30:00,261500,262500,261000,262500,1590,416530000,1360,230
145020,2026-02-23,11:35:00,262500,263000,262000,262500,372,97510000,117,255
145020,2026-02-23,11:40:00,262500,262500,261500,261500,388,101580000,177,211
145020,2026-02-23,11:45:00,261500,263000,261000,263000,454,118860000,257,197
145020,2026-02-23,11:50:00,262500,263500,261500,262000,675,177290000,193,482
145020,2026-02-23,11:55:00,262500,263000,261500,262000,314,82360000,167,147
145020,2026-02-23,12:00:00,262000,263000,261500,261500,417,109230000,146,271
145020,2026-02-23,12:05:00,262000,263000,261500,263000,465,121910000,274,191
145020,2026-02-23,12:10:00,263000,263500,262500,262500,691,181660000,256,435
145020,2026-02-23,12:15:00,263000,264000,262500,263500,614,161610000,287,327
145020,2026-02-23,12:20:00,263500,264000,262500,263000,663,174530000,118,545
145020,2026-02-23,12:25:00,263000,263500,262500,262500,578,151990000,157,421
145020,2026-02-23,12:30:00,263000,263000,262000,262000,660,173180000,95,565
145020,2026-02-23,12:35:00,262000,262500,262000,262000,766,200720000,77,689
145020,2026-02-23,12:40:00,262000,262500,262000,262000,451,118230000,149,302
145020,2026-02-23,12:45:00,262000,263000,261500,262500,830,217760000,588,242
145020,2026-02-23,12:50:00,262500,263500,262500,262500,302,79350000,74,228
145020,2026-02-23,12:55:00,263000,263000,262000,262500,567,148760000,221,346
145020,2026-02-23,13:00:00,262000,263000,261500,261500,347,90960000,167,180
145020,2026-02-23,13:05:00,261500,263000,261500,262500,415,108820000,184,231
145020,2026-02-23,13:10:00,262000,263500,262000,262500,417,109540000,207,210
145020,2026-02-23,13:15:00,263000,263500,262500,263000,405,106390000,198,207
145020,2026-02-23,13:20:00,263000,264000,262500,263500,516,135610000,308,208
145020,2026-02-23,13:25:00,263500,263500,262500,263000,446,117180000,181,265
145020,2026-02-23,13:30:00,263000,263500,262000,262000,528,138660000,158,370
145020,2026-02-23,13:35:00,262500,263500,261500,262000,1050,275280000,252,798
145020,2026-02-23,13:40:00,262500,263500,262000,262500,647,169920000,283,364
145020,2026-02-23,13:45:00,262500,263500,262000,263000,321,84250000,98,223
145020,2026-02-23,13:50:00,263000,263500,262000,262500,632,165940000,342,290
145020,2026-02-23,13:55:00,262000,263000,262000,263000,391,102630000,210,181
145020,2026-02-23,14:00:00,262500,263500,262000,263500,766,201170000,330,436
145020,2026-02-23,14:05:00,263500,263500,262000,262500,536,140800000,148,388
145020,2026-02-23,14:10:00,262500,263000,261500,262500,497,130280000,185,312
145020,2026-02-23,14:15:00,262000,262500,261500,262000,833,218050000,410,423
145020,2026-02-23,14:20:00,262000,262500,261000,261500,1028,268700000,259,769
145020,2026-02-23,14:25:00,261500,261500,260000,260500,1194,311240000,252,942
145020,2026-02-23,14:30:00,260500,261000,260000,260500,650,169270000,316,334
145020,2026-02-23,14:35:00,261000,261000,260500,260500,454,118330000,135,319
145020,2026-02-23,14:40:00,261000,262000,260500,260500,606,158090000,267,339
145020,2026-02-23,14:45:00,261000,262000,260500,261500,583,152160000,265,318
145020,2026-02-23,14:50:00,261000,261500,260000,261000,749,195230000,210,539
145020,2026-02-23,14:55:00,261000,261500,260500,261500,525,137040000,203,322
145020,2026-02-23,15:00:00,261000,262000,260500,261500,443,115620000,186,257
145020,2026-02-23,15:05:00,261000,262000,260500,262000,568,148260000,294,274
145020,2026-02-23,15:10:00,260500,262000,260500,261000,512,133570000,242,270
145020,2026-02-23,15:15:00,261000,262000,260500,261000,653,170370000,240,413
145020,2026-02-23,15:20:00,261500,262000,261000,262000,624,163080000,341,283
145020,2026-02-23,15:30:00,262000,262000,262000,262000,1366,357890000,1364,0
145020,2026-02-24,09:05:00,264000,266500,263500,263500,2136,566420000,1490,646
145020,2026-02-24,09:10:00,263500,264000,263500,264000,365,96290000,115,250
145020,2026-02-24,09:15:00,263500,264000,262500,262500,655,172400000,280,375
145020,2026-02-24,09:20:00,263000,265500,262500,265000,900,238030000,724,176
145020,2026-02-24,09:25:00,265500,266000,264000,265000,930,246340000,356,574
145020,2026-02-24,09:30:00,265000,265000,262000,263500,5362,1409620000,448,4914
145020,2026-02-24,09:35:00,263000,265000,262500,265000,2038,536940000,535,1503
145020,2026-02-24,09:40:00,265000,265000,264000,264500,721,190660000,323,398
145020,2026-02-24,09:45:00,264000,264500,264000,264000,232,61300000,110,122
145020,2026-02-24,09:50:00,264500,265500,264500,265000,2086,552790000,1872,214
145020,2026-02-24,09:55:00,265000,265500,265000,265500,228,60450000,54,174
145020,2026-02-24,10:00:00,265000,265500,264500,265000,290,76860000,175,115
145020,2026-02-24,10:05:00,265500,265500,264500,264500,391,103550000,75,316
145020,2026-02-24,10:10:00,265000,265500,265000,265500,377,99920000,335,42
145020,2026-02-24,10:15:00,265500,265500,264500,264500,386,102270000,127,259
145020,2026-02-24,10:20:00,265000,266000,264500,265500,791,209830000,707,84
145020,2026-02-24,10:25:00,265500,266000,265500,266000,427,113440000,225,202
145020,2026-02-24,10:30:00,266000,266000,265500,266000,1642,436100000,1259,383
145020,2026-02-24,10:35:00,266000,266500,265500,266000,748,199030000,607,141
145020,2026-02-24,10:40:00,266000,266500,266000,266500,567,150850000,432,135
145020,2026-02-24,10:45:00,266000,266500,266000,266000,443,117890000,303,140
145020,2026-02-24,10:50:00,265500,266000,265500,266000,290,77050000,125,165
145020,2026-02-24,10:55:00,266000,266500,266000,266500,344,91540000,270,74
145020,2026-02-24,11:00:00,266000,266500,266000,266500,107,28490000,67,40
145020,2026-02-24,11:05:00,266500,266500,266000,266500,660,175660000,191,469
145020,2026-02-24,11:10:00,266500,266500,266000,266000,494,131440000,240,254
145020,2026-02-24,11:15:00,266500,266500,265000,265000,760,201980000,180,580
145020,2026-02-24,11:20:00,265500,266000,265000,265000,371,98420000,185,186
145020,2026-02-24,11:25:00,265500,265500,264500,265000,649,172010000,126,523
145020,2026-02-24,11:30:00,264500,265500,264000,264500,447,118350000,211,236
145020,2026-02-24,11:35:00,264500,265500,264000,264000,254,67160000,137,117
145020,2026-02-24,11:40:00,264000,264500,264000,264500,236,62330000,86,150
145020,2026-02-24,11:45:00,264500,265000,263500,263500,1068,281800000,341,727
145020,2026-02-24,11:50:00,263500,265500,263500,264000,527,139320000,268,259
145020,2026-02-24,11:55:00,264000,265000,263500,264500,232,61310000,122,110
145020,2026-02-24,12:00:00,264500,265500,264000,264500,126,33360000,93,33
145020,2026-02-24,12:05:00,264500,265000,264000,264500,315,83320000,186,129
145020,2026-02-24,12:10:00,264500,265500,264000,264500,570,150820000,511,59
145020,2026-02-24,12:15:00,264500,265000,264000,264000,374,98930000,129,245
145020,2026-02-24,12:20:00,264000,264500,264000,264000,427,112790000,122,305
145020,2026-02-24,12:25:00,264500,264500,263000,263500,1240,327070000,156,1084
145020,2026-02-24,12:30:00,263500,264000,263000,264000,648,170660000,350,298
145020,2026-02-24,12:35:00,263000,264000,263000,264000,271,71400000,177,94
145020,2026-02-24,12:40:00,264000,264000,263500,264000,510,134580000,399,111
145020,2026-02-24,12:45:00,264000,265000,263500,264500,813,214960000,310,503
145020,2026-02-24,12:50:00,264500,265500,264000,265000,1229,325330000,738,491
145020,2026-02-24,12:55:00,265500,265500,264000,265000,898,237760000,376,522
145020,2026-02-24,13:00:00,265000,265500,264500,265000,300,79540000,206,94
145020,2026-02-24,13:05:00,265000,265500,264500,265000,533,141210000,311,222
145020,2026-02-24,13:10:00,265000,265500,264500,265000,302,80050000,151,151
145020,2026-02-24,13:15:00,265500,265500,264500,265000,394,104380000,112,282
145020,2026-02-24,13:20:00,264500,265000,264000,264500,289,76470000,112,177
145020,2026-02-24,13:25:00,264500,265000,264000,264500,490,129550000,253,237
145020,2026-02-24,13:30:00,264500,264500,264000,264000,233,61600000,145,88
145020,2026-02-24,13:35:00,264000,265000,264000,264500,340,89930000,277,63
145020,2026-02-24,13:40:00,264500,265000,263500,265000,378,99850000,101,277
145020,2026-02-24,13:45:00,265000,265000,263500,264500,524,138320000,126,398
145020,2026-02-24,13:50:00,264500,265000,264000,264500,287,75920000,137,150
145020,2026-02-24,13:55:00,265000,265000,264000,264000,677,179080000,143,534
145020,2026-02-24,14:00:00,264000,265000,264000,265000,794,210020000,416,378
145020,2026-02-24,14:05:00,265000,265500,264500,265000,286,75750000,197,89
145020,2026-02-24,14:10:00,265000,265000,264500,265000,271,71770000,185,86
145020,2026-02-24,14:15:00,265000,265500,264500,265500,478,126750000,263,215
145020,2026-02-24,14:20:00,265500,265500,265000,265500,249,66050000,136,113
145020,2026-02-24,14:25:00,265500,265500,264500,265000,545,144410000,138,407
145020,2026-02-24,14:30:00,264500,265500,264500,265500,515,136520000,388,127
145020,2026-02-24,14:35:00,265500,265500,265000,265500,353,93610000,135,218
145020,2026-02-24,14:40:00,265500,265500,265000,265500,249,66050000,136,113
145020,2026-02-24,14:45:00,265000,265500,264500,265000,565,149810000,163,402
145020,2026-02-24,14:50:00,265000,265500,265000,265000,593,157190000,110,483
145020,2026-02-24,14:55:00,265000,265500,264500,265000,730,193500000,243,487
145020,2026-02-24,15:00:00,265000,265500,264500,264500,487,129090000,195,292
145020,2026-02-24,15:05:00,264500,269500,264500,269000,7299,1951810000,5849,1450
145020,2026-02-24,15:10:00,269000,269000,267500,268000,1765,473590000,851,914
145020,2026-02-24,15:15:00,268000,269000,267500,268500,1480,397200000,1032,448
145020,2026-02-24,15:20:00,268000,268500,267500,268000,1538,412190000,814,724
145020,2026-02-24,15:30:00,268000,268000,268000,268000,3735,1000970000,3729,0
145020,2026-02-25,09:05:00,269000,269000,263500,264000,1942,517290000,392,1550
145020,2026-02-25,09:10:00,264500,266000,263000,263500,1854,490320000,709,1145
145020,2026-02-25,09:15:00,263500,264000,262000,263500,740,194520000,219,521
145020,2026-02-25,09:20:00,263500,264000,263000,263000,458,120590000,180,278
145020,2026-02-25,09:25:00,263250,263750,262500,263500,634,166780000,198,436
145020,2026-02-25,09:30:00,263000,264500,262500,264500,752,197890000,312,440
145020,2026-02-25,09:35:00,264500,265000,263500,264000,526,139090000,170,356
145020,2026-02-25,09:40:00,264000,265000,263500,264000,348,91940000,213,135
145020,2026-02-25,09:45:00,263500,264000,263000,263500,372,98110000,187,185
145020,2026-02-25,09:50:00,264000,264000,262500,263500,1739,457480000,847,892
145020,2026-02-25,09:55:00,263500,263500,262500,263000,975,256460000,326,649
145020,2026-02-25,10:00:00,263250,263500,262000,263000,1963,515340000,514,1449
145020,2026-02-25,10:05:00,262500,263500,262500,262500,670,176000000,112,558
145020,2026-02-25,10:10:00,262500,263000,262000,262500,1480,388520000,405,1075
145020,2026-02-25,10:15:00,263000,263500,262500,262500,1537,403810000,346,1191
145020,2026-02-25,10:20:00,262500,263000,262000,263000,922,242080000,586,336
145020,2026-02-25,10:25:00,263000,263500,262500,263000,188,49440000,37,151
145020,2026-02-25,10:30:00,263000,263500,263000,263500,355,93390000,59,296
145020,2026-02-25,10:35:00,263500,263500,262000,263000,1775,466280000,268,1507
145020,2026-02-25,10:40:00,263000,263000,262500,263000,320,84080000,161,159
145020,2026-02-25,10:45:00,262500,263500,262500,263500,379,99730000,220,159
145020,2026-02-25,10:50:00,263000,263000,262500,263000,632,166100000,78,554
145020,2026-02-25,10:55:00,263000,263500,263000,263000,823,216490000,424,399
145020,2026-02-25,11:00:00,263000,263500,262000,263000,1543,405140000,622,921
145020,2026-02-25,11:05:00,262500,263500,262500,263500,450,118240000,151,299
145020,2026-02-25,11:10:00,263000,263500,263000,263000,599,157540000,40,559
145020,2026-02-25,11:15:00,263000,263500,263000,263500,946,248830000,73,873
145020,2026-02-25,11:20:00,263500,263500,263000,263500,201,52890000,60,141
145020,2026-02-25,11:25:00,263500,263500,263000,263000,243,63920000,34,209
145020,2026-02-25,11:30:00,263500,263500,263000,263500,104,27400000,85,19
145020,2026-02-25,11:35:00,263500,263500,263000,263500,280,73660000,58,222
145020,2026-02-25,11:40:00,263500,263500,263000,263500,35,9210000,19,16
145020,2026-02-25,11:45:00,263500,263500,263000,263500,83,21860000,64,19
145020,2026-02-25,11:50:00,263500,263500,263000,263500,872,229600000,524,348
145020,2026-02-25,11:55:00,263500,263500,263000,263500,277,72970000,237,40
145020,2026-02-25,12:00:00,263000,264000,263000,263500,500,131730000,111,389
145020,2026-02-25,12:05:00,263250,263500,263000,263500,94,24750000,50,44
145020,2026-02-25,12:10:00,263500,263500,263000,263000,132,34750000,80,52
145020,2026-02-25,12:15:00,263500,263500,263000,263500,116,30540000,78,38
145020,2026-02-25,12:20:00,263500,263500,263000,263500,138,36340000,96,42
145020,2026-02-25,12:25:00,263500,263500,263000,263000,220,57910000,101,119
145020,2026-02-25,12:30:00,263000,263500,263000,263500,281,73960000,103,178
145020,2026-02-25,12:35:00,263500,263500,263000,263000,528,139020000,319,209
145020,2026-02-25,12:40:00,263500,263500,263000,263500,90,23690000,43,47
145020,2026-02-25,12:45:00,263500,263500,263000,263500,291,76660000,242,49
145020,2026-02-25,12:50:00,263500,263500,263000,263000,845,222600000,420,425
145020,2026-02-25,12:55:00,263500,264000,263000,263000,343,90310000,88,255
145020,2026-02-25,13:00:00,263000,263000,262500,262500,1825,479690000,405,1420
145020,2026-02-25,13:05:00,262500,263250,262500,263250,198,52020000,79,119
145020,2026-02-25,13:10:00,263500,263500,263000,263500,65,17120000,41,24
145020,2026-02-25,13:15:00,263500,263500,263000,263000,52,13680000,12,40
145020,2026-02-25,13:20:00,263500,263500,262500,263000,528,138890000,143,385
145020,2026-02-25,13:25:00,263500,263500,263000,263000,46,12110000,19,27
145020,2026-02-25,13:30:00,263000,263500,262500,262500,1181,310300000,158,1023
145020,2026-02-25,13:35:00,262500,263000,262500,263000,222,58340000,133,89
145020,2026-02-25,13:40:00,262500,263000,262500,262500,275,72210000,56,219
145020,2026-02-25,13:45:00,262500,263000,262500,263000,245,64340000,46,199
145020,2026-02-25,13:50:00,263000,263000,262500,262500,155,40720000,113,42
145020,2026-02-25,13:55:00,263000,263000,262500,262500,174,45720000,94,80
145020,2026-02-25,14:00:00,262500,263000,262500,262500,333,87450000,79,254
145020,2026-02-25,14:05:00,263000,263000,262500,262500,167,43880000,89,78
145020,2026-02-25,14:10:00,262500,263000,262500,263000,233,61220000,106,127
145020,2026-02-25,14:15:00,263000,263000,262500,263000,98,25760000,62,36
145020,2026-02-25,14:20:00,263000,263000,262500,263000,810,213000000,754,56
145020,2026-02-25,14:25:00,263000,263500,262500,263000,838,220430000,299,539
145020,2026-02-25,14:30:00,263500,263500,262500,263000,317,83370000,134,183
145020,2026-02-25,14:35:00,263000,263500,262500,263500,569,149610000,286,283
145020,2026-02-25,14:40:00,263000,263500,262500,263000,382,100440000,166,216
145020,2026-02-25,14:45:00,262500,263000,262500,262500,136,35720000,47,89
145020,2026-02-25,14:50:00,262500,263000,262500,263000,132,34680000,61,71
145020,2026-02-25,14:55:00,262500,263000,262500,263000,403,105920000,258,145
145020,2026-02-25,15:00:00,262500,263000,262500,262500,407,106960000,242,165
145020,2026-02-25,15:05:00,262500,263000,262500,262500,582,152990000,435,147
145020,2026-02-25,15:10:00,263000,263500,262500,263500,463,121770000,342,121
145020,2026-02-25,15:15:00,263250,263500,263000,263000,713,187720000,393,320
145020,2026-02-25,15:20:00,263500,263500,263000,263500,912,240090000,471,441
145020,2026-02-25,15:30:00,263500,263500,263500,263500,1859,489840000,1858,0
145020,2026-02-26,09:05:00,266000,266000,262000,262000,1492,393560000,529,963
145020,2026-02-26,09:10:00,262000,263000,261500,262500,1471,385660000,779,692
145020,2026-02-26,09:15:00,262500,263000,262000,262500,900,236270000,233,667
145020,2026-02-26,09:20:00,262500,263000,262000,262500,429,112480000,149,280
145020,2026-02-26,09:25:00,262000,264500,261500,263500,1363,357950000,619,744
145020,2026-02-26,09:30:00,263500,264000,262000,263000,1322,347300000,183,1139
145020,2026-02-26,09:35:00,263000,264000,262000,262000,579,152180000,239,340
145020,2026-02-26,09:40:00,262500,262500,261500,262000,973,254680000,206,767
145020,2026-02-26,09:45:00,262000,263000,262000,263000,182,47800000,135,47
145020,2026-02-26,09:50:00,263000,263500,262500,263500,841,221060000,639,202
145020,2026-02-26,09:55:00,263500,263500,262000,262500,636,167130000,300,336
145020,2026-02-26,10:00:00,262500,264500,262500,263500,949,250220000,851,98
145020,2026-02-26,10:05:00,264000,266000,263000,266000,2375,628690000,2038,337
145020,2026-02-26,10:10:00,265500,267000,264500,265500,2226,592190000,1339,887
145020,2026-02-26,10:15:00,265500,265500,265000,265000,394,104440000,279,115
145020,2026-02-26,10:20:00,265000,265500,264000,264000,654,173110000,286,368
145020,2026-02-26,10:25:00,265000,265000,264000,264000,481,127210000,108,373
145020,2026-02-26,10:30:00,264000,264500,263000,264000,811,213790000,204,607
145020,2026-02-26,10:35:00,264000,264500,263500,264500,142,37470000,71,71
145020,2026-02-26,10:40:00,264500,264500,264000,264500,285,75300000,222,63
145020,2026-02-26,10:45:00,264500,265500,264000,264500,648,171440000,407,241
145020,2026-02-26,10:50:00,264500,266000,264500,265000,475,125970000,365,110
145020,2026-02-26,10:55:00,265000,265500,264500,265500,252,66790000,236,16
145020,2026-02-26,11:00:00,265500,265500,264000,265500,782,206890000,334,448
145020,2026-02-26,11:05:00,265500,266500,265500,266000,1284,341300000,997,287
145020,2026-02-26,11:10:00,266000,266000,265500,265500,320,85010000,140,180
145020,2026-02-26,11:15:00,265500,266500,265500,266500,1007,267880000,822,185
145020,2026-02-26,11:20:00,266500,266500,265500,266000,707,188050000,154,553
145020,2026-02-26,11:25:00,265500,267500,265500,267500,2316,617050000,2124,192
145020,2026-02-26,11:30:00,267500,269000,267000,268500,1721,461300000,1465,256
145020,2026-02-26,11:35:00,268500,269000,268000,268500,1005,270000000,476,529
145020,2026-02-26,11:40:00,269000,269000,268000,268500,452,121380000,228,224
145020,2026-02-26,11:45:00,268500,270500,268500,270500,2530,681860000,2336,194
145020,2026-02-26,11:50:00,270000,270500,269000,270000,1060,286050000,517,543
145020,2026-02-26,11:55:00,270000,270500,269000,270500,653,176240000,488,165
145020,2026-02-26,12:00:00,270000,270500,269500,270000,545,147170000,216,329
145020,2026-02-26,12:05:00,270000,270500,269500,270000,764,206290000,393,371
145020,2026-02-26,12:10:00,270000,270500,269500,269500,578,156020000,281,297
145020,2026-02-26,12:15:00,269500,271000,269000,270500,1234,333180000,1137,97
145020,2026-02-26,12:20:00,270500,270500,269500,270500,519,140250000,210,309
145020,2026-02-26,12:25:00,270500,270500,269500,270000,774,209050000,496,278
145020,2026-02-26,12:30:00,270500,270500,269500,270000,457,123350000,204,253
145020,2026-02-26,12:35:00,270000,270000,269500,270000,420,113400000,419,1
145020,2026-02-26,12:40:00,270000,270500,269500,270000,765,206580000,594,171
145020,2026-02-26,12:45:00,270000,270500,269500,270000,421,113760000,207,214
145020,2026-02-26,12:50:00,270000,270000,269500,270000,510,137590000,289,221
145020,2026-02-26,12:55:00,270000,270000,269000,269500,431,116060000,130,301
145020,2026-02-26,13:00:00,269500,269500,268000,269000,601,161530000,152,449
145020,2026-02-26,13:05:00,268000,269000,268000,269000,545,146310000,163,382
145020,2026-02-26,13:10:00,268500,269000,268500,269000,332,89230000,178,154
145020,2026-02-26,13:15:00,268500,269000,267500,267500,520,139560000,173,347
145020,2026-02-26,13:20:00,268000,268000,266500,267000,1093,292190000,608,485
145020,2026-02-26,13:25:00,267500,268000,266500,268000,939,251070000,424,515
145020,2026-02-26,13:30:00,268000,268000,267500,267500,184,49240000,43,141
145020,2026-02-26,13:35:00,268000,268000,267500,267500,367,98270000,202,165
145020,2026-02-26,13:40:00,268000,268000,267000,267500,542,145050000,244,298
145020,2026-02-26,13:45:00,267500,268500,264500,268000,2189,583430000,763,1426
145020,2026-02-26,13:50:00,267000,268000,267000,267500,218,58280000,135,83
145020,2026-02-26,13:55:00,267500,268000,267000,267500,680,181840000,255,425
145020,2026-02-26,14:00:00,267500,267500,267000,267500,270,72120000,46,224
145020,2026-02-26,14:05:00,267000,268000,267000,267500,482,128800000,218,264
145020,2026-02-26,14:10:00,268000,268000,266500,267000,784,209550000,95,689
145020,2026-02-26,14:15:00,267000,267000,266000,266500,380,101220000,90,290
145020,2026-02-26,14:20:00,266000,267000,266000,266500,498,132700000,118,380
145020,2026-02-26,14:25:00,267000,267000,266000,266500,777,206990000,335,442
145020,2026-02-26,14:30:00,266500,267000,265500,266000,953,253520000,234,719
145020,2026-02-26,14:35:00,265500,266000,264500,265500,1199,318180000,329,870
145020,2026-02-26,14:40:00,265000,266500,265000,266000,1119,297370000,845,274
145020,2026-02-26,14:45:00,266500,267000,266500,266500,858,228750000,536,322
145020,2026-02-26,14:50:00,266500,266500,266000,266500,1072,285320000,163,909
145020,2026-02-26,14:55:00,266500,266500,265500,265500,639,169930000,203,436
145020,2026-02-26,15:00:00,265500,266000,265000,265000,611,162100000,184,427
145020,2026-02-26,15:05:00,265000,266500,265000,265500,958,254190000,452,506
145020,2026-02-26,15:10:00,265500,267000,265000,266500,853,226850000,505,348
145020,2026-02-26,15:15:00,266500,266500,266000,266500,715,190430000,469,246
145020,2026-02-26,15:20:00,266500,266500,264500,265000,1716,455610000,1024,692
145020,2026-02-26,15:30:00,265500,265500,265500,265500,1762,467800000,1755,0
145020,2026-02-27,09:05:00,262000,266000,261500,262500,2270,598120000,832,1438
145020,2026-02-27,09:10:00,262000,265500,261000,265000,2613,685810000,1650,963
145020,2026-02-27,09:15:00,265000,265000,263000,263000,737,194720000,189,548
145020,2026-02-27,09:20:00,263000,265500,262000,264000,974,256530000,378,596
145020,2026-02-27,09:25:00,264000,264000,263000,263000,268,70560000,117,151
145020,2026-02-27,09:30:00,263000,264500,262500,263500,661,174080000,513,148
145020,2026-02-27,09:35:00,263500,265500,263500,264500,462,122200000,340,122
145020,2026-02-27,09:40:00,264000,265000,263000,263000,248,65380000,69,179
145020,2026-02-27,09:45:00,263500,264000,262500,263000,234,61560000,101,133
145020,2026-02-27,09:50:00,263000,263500,262500,263500,175,46040000,85,90
145020,2026-02-27,09:55:00,263500,264000,262500,263000,249,65510000,133,116
145020,2026-02-27,10:00:00,262500,264000,262000,263500,464,121990000,197,267
145020,2026-02-27,10:05:00,263500,264000,262000,262000,303,79710000,72,231
145020,2026-02-27,10:10:00,262500,262500,261500,262000,662,173520000,246,416
145020,2026-02-27,10:15:00,262500,262500,261500,262500,424,111140000,176,248
145020,2026-02-27,10:20:00,262500,262500,261500,262000,306,80190000,217,89
145020,2026-02-27,10:25:00,261500,262500,261500,262000,184,48200000,131,53
145020,2026-02-27,10:30:00,262000,262500,261500,262500,273,71560000,193,80
145020,2026-02-27,10:35:00,262000,262500,261500,261500,384,100590000,132,252
145020,2026-02-27,10:40:00,262500,262500,261500,261500,185,48450000,87,98
145020,2026-02-27,10:45:00,262000,262000,261500,262000,103,26980000,91,12
145020,2026-02-27,10:50:00,261500,264500,261500,264000,2852,750020000,2772,80
145020,2026-02-27,10:55:00,264500,265500,264000,265250,547,144810000,428,119
145020,2026-02-27,11:00:00,265250,265500,265000,265000,223,59180000,161,62
145020,2026-02-27,11:05:00,265500,266000,265000,266000,437,116040000,323,114
145020,2026-02-27,11:10:00,266000,267000,265500,267000,882,234840000,720,162
145020,2026-02-27,11:15:00,267000,267000,266000,266500,1160,309170000,665,495
145020,2026-02-27,11:20:00,267000,267500,266500,267000,628,167690000,446,182
145020,2026-02-27,11:25:00,266500,267500,265000,265500,1164,309730000,203,961
145020,2026-02-27,11:30:00,265500,266000,265000,265500,561,148800000,188,373
145020,2026-02-27,11:35:00,265500,266500,264500,266000,459,121790000,313,146
145020,2026-02-27,11:40:00,266500,266500,265000,266000,430,114260000,205,225
145020,2026-02-27,11:45:00,265500,266500,265500,266500,358,95270000,224,134
145020,2026-02-27,11:50:00,266500,267000,266000,267000,218,58120000,174,44
145020,2026-02-27,11:55:00,266500,267500,266500,267000,634,169220000,406,228
145020,2026-02-27,12:00:00,266500,267500,266500,267500,681,181990000,579,102
145020,2026-02-27,12:05:00,267000,267500,267000,267000,763,203870000,337,426
145020,2026-02-27,12:10:00,267000,268000,266500,268000,1247,333280000,986,261
145020,2026-02-27,12:15:00,268000,268000,267000,267000,325,86920000,249,76
145020,2026-02-27,12:20:00,267500,267500,267000,267500,198,52950000,158,40
145020,2026-02-27,12:25:00,267500,267500,267000,267500,330,88200000,183,147
145020,2026-02-27,12:30:00,267500,267500,267000,267500,208,55580000,98,110
145020,2026-02-27,12:35:00,267500,267500,267000,267000,458,122450000,322,136
145020,2026-02-27,12:40:00,267000,268000,267000,268000,444,118850000,394,50
145020,2026-02-27,12:45:00,268000,268000,267500,268000,261,69910000,189,72
145020,2026-02-27,12:50:00,267500,268500,267500,268000,1048,280740000,451,597
145020,2026-02-27,12:55:00,268000,268000,267500,267500,171,45820000,149,22
145020,2026-02-27,13:00:00,267500,268500,267500,268000,433,116040000,345,88
145020,2026-02-27,13:05:00,268000,268000,267500,268000,254,68070000,237,17
145020,2026-02-27,13:10:00,267500,268000,267000,267500,1235,330550000,546,689
145020,2026-02-27,13:15:00,267500,268000,267000,267000,471,126010000,239,232
145020,2026-02-27,13:20:00,267500,268000,267500,268000,515,137920000,317,198
145020,2026-02-27,13:25:00,267500,268000,266500,266750,443,118310000,169,274
145020,2026-02-27,13:30:00,266750,267000,265000,266500,778,207180000,310,468
145020,2026-02-27,13:35:00,266500,266500,265500,265500,407,108330000,126,281
145020,2026-02-27,13:40:00,265500,267000,265500,267000,503,133890000,426,77
145020,2026-02-27,13:45:00,267000,267500,266500,267500,549,146640000,303,246
145020,2026-02-27,13:50:00,267500,267500,266000,266500,281,74960000,147,134
145020,2026-02-27,13:55:00,266500,267000,266500,266500,254,67800000,206,48
145020,2026-02-27,14:00:00,266500,267000,266500,267000,351,93690000,297,54
145020,2026-02-27,14:05:00,267000,267500,266500,267500,582,155350000,366,216
145020,2026-02-27,14:10:00,267500,268000,267000,268000,987,264350000,896,91
145020,2026-02-27,14:15:00,268000,268500,267500,268000,1474,395300000,1006,468
145020,2026-02-27,14:20:00,267500,268500,267500,268500,922,247130000,716,206
145020,2026-02-27,14:25:00,268500,269000,268000,269000,743,199560000,541,202
145020,2026-02-27,14:30:00,269000,269000,268000,268500,751,201800000,603,148
145020,2026-02-27,14:35:00,268500,268500,268000,268500,474,127200000,337,137
145020,2026-02-27,14:40:00,268500,268500,267500,268000,1180,316320000,447,733
145020,2026-02-27,14:45:00,268000,269000,267500,269000,1395,374380000,1280,115
145020,2026-02-27,14:50:00,269000,269000,267500,267500,923,247680000,482,441
145020,2026-02-27,14:55:00,268000,269000,268000,269000,576,154790000,386,190
145020,2026-02-27,15:00:00,268500,269000,267500,268500,1490,400150000,827,663
145020,2026-02-27,15:05:00,268000,268500,267000,267500,803,214860000,423,380
145020,2026-02-27,15:10:00,267500,268000,266000,267500,1086,290110000,565,521
145020,2026-02-27,15:15:00,267500,267500,266500,267000,648,173090000,286,362
145020,2026-02-27,15:20:00,266500,267500,265500,267500,953,254070000,611,342
145020,2026-02-27,15:30:00,270000,270000,270000,270000,9307,2512890000,9107,0
145020,2026-03-03,09:05:00,263000,263000,259000,260500,3047,796030000,1582,1465
145020,2026-03-03,09:10:00,261000,262500,260000,260500,1800,469520000,540,1260
145020,2026-03-03,09:15:00,260500,262000,259000,259000,2736,712910000,321,2415
145020,2026-03-03,09:20:00,259000,262500,259000,260000,1522,395950000,702,820
145020,2026-03-03,09:25:00,260000,262000,259500,260000,1558,404770000,1267,291
145020,2026-03-03,09:30:00,260000,260500,259000,259500,782,202880000,337,445
145020,2026-03-03,09:35:00,259500,261000,259000,261000,375,97470000,220,155
145020,2026-03-03,09:40:00,261000,262500,260500,261000,677,176660000,487,190
145020,2026-03-03,09:45:00,260500,261000,260000,261000,231,60160000,131,100
145020,2026-03-03,09:50:00,260500,261500,260500,261000,227,59240000,119,108
145020,2026-03-03,09:55:00,261000,262500,261000,261500,309,80830000,181,128
145020,2026-03-03,10:00:00,261500,262500,261000,261000,332,86850000,141,191
145020,2026-03-03,10:05:00,261000,262500,261000,261000,322,84160000,115,207
145020,2026-03-03,10:10:00,261000,262500,261000,262000,798,208700000,630,168
145020,2026-03-03,10:15:00,262000,262500,261000,261500,1584,413880000,1039,545
145020,2026-03-03,10:20:00,261500,264000,261000,263500,1066,279690000,813,253
145020,2026-03-03,10:25:00,263000,264500,263000,264000,1385,365360000,923,462
145020,2026-03-03,10:30:00,263500,265000,263000,263500,2359,622710000,1249,1110
145020,2026-03-03,10:35:00,264000,265500,263500,264500,1282,339110000,1139,143
145020,2026-03-03,10:40:00,265000,265500,264000,265000,1629,431550000,1254,375
145020,2026-03-03,10:45:00,265000,268000,264500,267500,2204,586920000,1827,377
145020,2026-03-03,10:50:00,267500,267500,265500,265500,763,203380000,326,437
145020,2026-03-03,10:55:00,266000,266000,264500,264500,702,186230000,368,334
145020,2026-03-03,11:00:00,264500,267000,263500,265500,1333,353960000,988,345
145020,2026-03-03,11:05:00,265000,266000,263000,263500,1062,280280000,169,893
145020,2026-03-03,11:10:00,263500,265500,263000,264000,735,194370000,546,189
145020,2026-03-03,11:15:00,264000,265000,263500,263500,305,80480000,120,185
145020,2026-03-03,11:20:00,263500,264500,261500,261500,2039,536140000,732,1307
145020,2026-03-03,11:25:00,262000,263000,261000,262000,889,232700000,319,570
145020,2026-03-03,11:30:00,262000,263500,261500,262500,651,170840000,424,227
145020,2026-03-03,11:35:00,263000,264000,262500,263500,473,124450000,194,279
145020,2026-03-03,11:40:00,263500,263500,262500,263500,178,46820000,68,110
145020,2026-03-03,11:45:00,263500,263500,262500,262500,555,145790000,289,266
145020,2026-03-03,11:50:00,262000,263000,261500,261500,373,97800000,96,277
145020,2026-03-03,11:55:00,261500,262000,261000,261000,323,84400000,81,242
145020,2026-03-03,12:00:00,261500,261500,260000,260500,964,251160000,266,698
145020,2026-03-03,12:05:00,260500,261000,259500,259500,846,220060000,188,658
145020,2026-03-03,12:10:00,259500,260000,259500,260000,319,82860000,103,216
145020,2026-03-03,12:15:00,260000,260500,259000,259500,1472,382040000,461,1011
145020,2026-03-03,12:20:00,260500,262000,260000,260000,872,227180000,568,304
145020,2026-03-03,12:25:00,260000,260500,259500,259500,578,150110000,165,413
145020,2026-03-03,12:30:00,259500,260000,259000,259000,429,111250000,12,417
145020,2026-03-03,12:35:00,259500,260000,258500,258500,980,253940000,336,644
145020,2026-03-03,12:40:00,259000,260500,259000,259500,1211,314320000,827,384
145020,2026-03-03,12:45:00,259500,260500,259000,260500,681,176850000,346,335
145020,2026-03-03,12:50:00,260000,261000,259500,259500,323,84040000,218,105
145020,2026-03-03,12:55:00,260000,260500,259500,260500,417,108390000,200,217
145020,2026-03-03,13:00:00,260000,260500,260000,260500,105,27320000,38,67
145020,2026-03-03,13:05:00,260500,261000,260000,260000,388,101090000,138,250
145020,2026-03-03,13:10:00,260000,260500,259000,260000,264,68540000,71,193
145020,2026-03-03,13:15:00,260000,261000,259000,260000,295,76730000,128,167
145020,2026-03-03,13:20:00,260000,262500,260000,262000,1030,269220000,905,125
145020,2026-03-03,13:25:00,263000,263500,262500,263000,1112,292450000,367,745
145020,2026-03-03,13:30:00,263000,265000,262500,263500,3192,842020000,1430,1762
145020,2026-03-03,13:35:00,263500,263500,261500,262500,763,200810000,350,413
145020,2026-03-03,13:40:00,262500,264000,262500,262500,851,224070000,272,579
145020,2026-03-03,13:45:00,263000,263500,262000,262000,927,243490000,123,804
145020,2026-03-03,13:50:00,261500,263000,261500,263000,846,221900000,214,632
145020,2026-03-03,13:55:00,262000,262500,261000,261000,773,202350000,139,634
145020,2026-03-03,14:00:00,261500,262000,260000,260500,1038,270630000,266,772
145020,2026-03-03,14:05:00,260000,261500,260000,261000,1084,282690000,490,594
145020,2026-03-03,14:10:00,261000,262500,260500,262500,730,191210000,463,267
145020,2026-03-03,14:15:00,262000,263000,261500,263000,736,193160000,322,414
145020,2026-03-03,14:20:00,262500,263000,261500,262500,925,242670000,442,483
145020,2026-03-03,14:25:00,262500,263500,262000,263000,820,215520000,495,325
145020,2026-03-03,14:30:00,263000,263500,262000,262500,605,159020000,349,256
145020,2026-03-03,14:35:00,263000,263500,261500,261500,1075,282330000,630,445
145020,2026-03-03,14:40:00,262000,263000,261000,262000,1026,268700000,356,670
145020,2026-03-03,14:45:00,262000,262500,261500,262000,769,201410000,307,462
145020,2026-03-03,14:50:00,261500,262500,261000,262000,846,221380000,405,441
145020,2026-03-03,14:55:00,261500,262000,261000,261000,1000,261360000,261,739
145020,2026-03-03,15:00:00,261500,261500,259500,260500,2434,633540000,931,1503
145020,2026-03-03,15:05:00,260500,261500,260000,260500,397,103320000,104,293
145020,2026-03-03,15:10:00,260000,260000,258500,259000,1493,386720000,744,749
145020,2026-03-03,15:15:00,258500,259000,257500,258000,2218,572680000,862,1356
145020,2026-03-03,15:20:00,257500,258000,256000,256000,1600,410850000,492,1108
145020,2026-03-03,15:30:00,256000,256000,256000,256000,1240,317430000,1216,0
145020,2026-03-04,09:05:00,252000,256500,247000,252000,6470,1631140000,3681,2789
145020,2026-03-04,09:10:00,252000,255500,248000,255000,3673,925920000,1220,2453
145020,2026-03-04,09:15:00,254500,256500,252500,254500,3042,773870000,1449,1593
145020,2026-03-04,09:20:00,254500,256000,253500,255000,1148,292590000,812,336
145020,2026-03-04,09:25:00,254500,258500,254500,256000,970,248710000,620,350
145020,2026-03-04,09:30:00,256000,258500,256000,258000,1215,312550000,821,394
145020,2026-03-04,09:35:00,258500,263500,257500,259500,4000,1039850000,2006,1994
145020,2026-03-04,09:40:00,260500,261000,256500,258500,1405,362800000,638,767
145020,2026-03-04,09:45:00,258500,259000,256000,257500,1583,407260000,936,647
145020,2026-03-04,09:50:00,257500,261000,256500,259000,4504,1162380000,3128,1376
145020,2026-03-04,09:55:00,258000,259000,257000,258000,877,226290000,472,405
145020,2026-03-04,10:00:00,258000,259500,257500,259000,565,146120000,369,196
145020,2026-03-04,10:05:00,259000,260000,257500,259000,1142,295350000,609,533
145020,2026-03-04,10:10:00,258500,258500,257000,257500,415,106950000,143,272
145020,2026-03-04,10:15:00,257500,258500,257000,257000,1395,359230000,1040,355
145020,2026-03-04,10:20:00,257000,258000,255000,256000,1053,270400000,323,730
145020,2026-03-04,10:25:00,255000,256500,254500,254500,698,178100000,300,398
145020,2026-03-04,10:30:00,255500,257000,254500,256000,557,142390000,226,331
145020,2026-03-04,10:35:00,255000,256000,253000,255000,776,197430000,448,328
145020,2026-03-04,10:40:00,255000,257000,252000,254500,986,251230000,575,411
145020,2026-03-04,10:45:00,255000,255000,251000,251000,570,144020000,152,418
145020,2026-03-04,10:50:00,251000,252500,250000,250000,912,228720000,224,688
145020,2026-03-04,10:55:00,250000,250500,248000,249000,588,146630000,207,381
145020,2026-03-04,11:00:00,249000,251000,247000,249000,735,182330000,213,522
145020,2026-03-04,11:05:00,249000,250000,245000,246500,1169,288670000,349,820
145020,2026-03-04,11:10:00,247000,248500,245000,245000,647,159530000,295,352
145020,2026-03-04,11:15:00,245500,248500,244500,245500,851,209610000,480,371
145020,2026-03-04,11:20:00,245500,246500,244500,244500,339,83100000,176,163
145020,2026-03-04,11:50:00,243000,247500,243000,246000,1617,395560000,1043,574
145020,2026-03-04,11:55:00,246000,248500,242500,245000,1389,340800000,542,847
145020,2026-03-04,12:00:00,243500,246000,240000,243500,2298,557490000,1023,1275
145020,2026-03-04,12:05:00,243500,244000,240000,242500,2623,635020000,1479,1144
145020,2026-03-04,12:10:00,242500,245500,240500,245500,2315,562770000,1374,941
145020,2026-03-04,12:15:00,245500,245500,241000,243000,2165,526690000,942,1223
145020,2026-03-04,12:20:00,243000,244500,238000,243000,5298,1280230000,2409,2889
145020,2026-03-04,12:25:00,244000,245000,235500,244000,2090,507160000,728,1362
145020,2026-03-04,12:30:00,244000,245000,240000,244000,1601,390540000,772,829
145020,2026-03-04,12:35:00,244500,245000,241000,243000,2039,496630000,1031,1008
145020,2026-03-04,12:40:00,243000,244000,240000,241000,2336,565800000,1433,903
145020,2026-03-04,12:45:00,241500,244500,240500,244000,891,215790000,493,398
145020,2026-03-04,12:50:00,243500,245000,242500,243000,1423,346780000,682,741
145020,2026-03-04,12:55:00,243000,244500,240500,240500,1238,299720000,202,1036
145020,2026-03-04,13:00:00,241000,246000,240500,246000,1244,302370000,955,289
145020,2026-03-04,13:05:00,245500,246000,242000,245000,947,231590000,523,424
145020,2026-03-04,13:10:00,245500,245500,242500,245500,1191,290440000,793,398
145020,2026-03-04,13:15:00,245000,247500,243500,245000,1141,279980000,463,678
145020,2026-03-04,13:20:00,245500,245500,242500,243000,792,193110000,98,694
145020,2026-03-04,13:25:00,243500,245500,242500,243000,1000,243900000,260,740
145020,2026-03-04,13:30:00,243000,244500,242000,243000,1047,254330000,317,730
145020,2026-03-04,13:35:00,243000,244000,240500,243500,1384,335770000,551,833
145020,2026-03-04,13:40:00,243000,244500,240500,243000,1869,453430000,968,901
145020,2026-03-04,13:45:00,243000,243000,240500,241500,1337,323100000,415,922
145020,2026-03-04,13:50:00,242000,243000,239500,241000,1338,322380000,441,897
145020,2026-03-04,13:55:00,241000,242500,239000,242000,1130,272090000,478,652
145020,2026-03-04,14:00:00,241000,242000,240500,241000,1169,281870000,281,888
145020,2026-03-04,14:05:00,241000,242500,240500,241000,1222,294630000,390,832
145020,2026-03-04,14:10:00,241000,241500,239500,240000,1903,458180000,646,1257
145020,2026-03-04,14:15:00,241000,242000,240000,240500,1607,387100000,660,947
145020,2026-03-04,14:20:00,240500,242500,239500,242500,1963,472910000,711,1252
145020,2026-03-04,14:25:00,241000,242000,239000,241000,3453,830420000,1473,1980
145020,2026-03-04,14:30:00,240000,242000,238000,240000,2667,640180000,1404,1263
145020,2026-03-04,14:35:00,239500,241000,236500,237500,2578,614420000,1039,1539
145020,2026-03-04,14:40:00,237000,238500,236000,236000,1662,393290000,691,971
145020,2026-03-04,14:45:00,236500,239500,236000,239000,1704,404520000,1051,653
145020,2026-03-04,14:50:00,238500,241000,237500,237500,1504,359910000,808,696
145020,2026-03-04,14:55:00,237500,241500,237500,239500,1612,387050000,1002,610
145020,2026-03-04,15:00:00,240000,240500,237000,237000,1236,294020000,394,842
145020,2026-03-04,15:05:00,237000,237500,235500,237000,2868,679480000,1338,1530
145020,2026-03-04,15:10:00,237000,237500,233500,234500,2108,497570000,571,1537
145020,2026-03-04,15:15:00,234000,239500,233500,234000,3753,882540000,1862,1891
145020,2026-03-04,15:20:00,234000,234500,233500,234000,1133,264910000,532,601
145020,2026-03-04,15:30:00,234000,234000,234000,234000,1433,335320000,1421,0
145020,2026-03-05,09:05:00,245000,251500,244500,250000,2764,686180000,2181,583
145020,2026-03-05,09:10:00,249500,251000,242500,244000,2668,658780000,1380,1288
145020,2026-03-05,09:15:00,244000,250000,240500,248000,2678,658270000,1494,1184
145020,2026-03-05,09:20:00,248000,248500,246500,248000,1061,262680000,648,413
145020,2026-03-05,09:25:00,247500,250000,246500,249500,695,172620000,576,119
145020,2026-03-05,09:30:00,250000,250500,248000,249000,898,223690000,565,333
145020,2026-03-05,09:35:00,249000,250000,248000,248500,540,134510000,415,125
145020,2026-03-05,09:40:00,249000,251000,247500,247500,1250,310760000,648,602
145020,2026-03-05,09:45:00,247500,248500,246000,247000,1086,268220000,510,576
145020,2026-03-05,09:50:00,246500,249000,246000,247000,654,161720000,431,223
145020,2026-03-05,09:55:00,248000,249000,247000,248500,649,161080000,430,219
145020,2026-03-05,10:00:00,248500,249500,247500,248500,436,108460000,285,151
145020,2026-03-05,10:05:00,248500,254000,248500,253000,2551,639890000,2161,390
145020,2026-03-05,10:10:00,253000,254000,251500,252000,727,183780000,422,305
145020,2026-03-05,10:15:00,252500,254000,251000,252500,1082,273230000,844,238
145020,2026-03-05,10:20:00,252500,252500,250000,252000,612,153630000,246,366
145020,2026-03-05,10:25:00,252000,252000,250000,251500,455,114270000,268,187
145020,2026-03-05,10:30:00,252000,252000,250000,250500,245,61540000,134,111
145020,2026-03-05,10:35:00,250500,250500,249000,249000,621,155150000,201,420
145020,2026-03-05,10:40:00,249500,250000,248500,250000,572,142570000,405,167
145020,2026-03-05,10:45:00,250000,251500,248500,248500,440,110070000,246,194
145020,2026-03-05,10:50:00,249500,251000,248000,249500,420,104950000,208,212
145020,2026-03-05,10:55:00,249500,250000,248500,249500,362,90150000,99,263
145020,2026-03-05,11:00:00,249000,249000,247000,247000,1069,264750000,169,900
145020,2026-03-05,11:05:00,248500,250500,247000,250000,857,213380000,707,150
145020,2026-03-05,11:10:00,249000,251000,249000,250500,478,119530000,254,224
145020,2026-03-05,11:15:00,250500,252000,250500,251000,318,79850000,186,132
145020,2026-03-05,11:20:00,251500,253000,251000,252000,583,146970000,471,112
145020,2026-03-05,11:25:00,253000,255000,252500,253500,1302,330450000,1021,281
145020,2026-03-05,11:30:00,253500,254500,252500,254000,381,96500000,157,224
145020,2026-03-05,11:35:00,254000,255000,253000,255000,690,175330000,431,259
145020,2026-03-05,11:40:00,255000,255500,254500,255500,387,98710000,334,53
145020,2026-03-05,11:45:00,255000,256000,254500,256000,803,205250000,679,124
145020,2026-03-05,11:50:00,255500,257500,255500,256500,1123,288040000,886,237
145020,2026-03-05,11:55:00,257000,258000,256000,257500,493,126850000,246,247
145020,2026-03-05,12:00:00,256000,258000,255500,257500,762,195690000,362,400
145020,2026-03-05,12:05:00,257500,258500,256500,258000,1398,359940000,730,668
145020,2026-03-05,12:10:00,257500,258500,257500,258500,488,125950000,255,233
145020,2026-03-05,12:15:00,258000,258500,257500,257500,270,69650000,149,121
145020,2026-03-05,12:20:00,257500,258500,257500,257500,661,170410000,222,439
145020,2026-03-05,12:25:00,257500,258500,256500,256500,773,198850000,203,570
145020,2026-03-05,12:30:00,257500,257500,254500,255500,724,185520000,258,466
145020,2026-03-05,12:35:00,256000,257000,255000,255500,316,80810000,138,178
145020,2026-03-05,12:40:00,256000,257000,255000,257000,705,180420000,377,328
145020,2026-03-05,12:45:00,257000,258000,256500,258000,585,150590000,531,54
145020,2026-03-05,12:50:00,258000,258500,257000,257500,408,105100000,242,166
145020,2026-03-05,12:55:00,257000,257500,256000,257500,810,207870000,226,584
145020,2026-03-05,13:00:00,257500,258000,255500,256500,667,171170000,176,491
145020,2026-03-05,13:05:00,256500,257500,255000,255500,592,151570000,304,288
145020,2026-03-05,13:10:00,255500,257500,255000,257000,505,129260000,377,128
145020,2026-03-05,13:15:00,257500,258000,256000,258000,566,145650000,292,274
145020,2026-03-05,13:20:00,258000,258500,257000,258000,807,208210000,500,307
145020,2026-03-05,13:25:00,258500,259000,258000,258000,517,133670000,353,164
145020,2026-03-05,13:30:00,258500,259000,257500,258500,580,149840000,285,295
145020,2026-03-05,13:35:00,257500,258500,256500,258000,748,192740000,484,264
145020,2026-03-05,13:40:00,257500,259000,257500,259000,976,252220000,835,141
145020,2026-03-05,13:45:00,259000,260000,258500,260000,1708,442960000,1385,323
145020,2026-03-05,13:50:00,260000,261500,260000,261000,2280,594470000,1249,1031
145020,2026-03-05,13:55:00,261500,262000,260500,261500,2545,665650000,1154,1391
145020,2026-03-05,14:00:00,262000,262000,261000,261500,1474,385460000,893,581
145020,2026-03-05,14:05:00,261500,262500,261000,262500,1587,415790000,768,819
145020,2026-03-05,14:10:00,261500,263000,261500,262000,926,242800000,438,488
145020,2026-03-05,14:15:00,262000,263000,261500,262000,487,127730000,243,244
145020,2026-03-05,14:20:00,262500,263000,261000,262000,637,166950000,266,371
145020,2026-03-05,14:25:00,262000,262500,261500,262500,836,219110000,357,479
145020,2026-03-05,14:30:00,262000,263000,262000,263000,789,207230000,458,331
145020,2026-03-05,14:35:00,262500,263000,262000,262500,600,157550000,318,282
145020,2026-03-05,14:40:00,263000,264000,262500,263000,1172,308560000,754,418
145020,2026-03-05,14:45:00,263500,265000,262500,265000,3301,870450000,2913,388
145020,2026-03-05,14:50:00,264500,268000,264000,267500,5943,1583770000,4713,1230
145020,2026-03-05,14:55:00,267000,268500,266500,267500,3485,931830000,2436,1049
145020,2026-03-05,15:00:00,267000,268000,264000,265000,3602,960210000,2155,1447
145020,2026-03-05,15:05:00,265000,265500,263500,264500,2849,754230000,1428,1421
145020,2026-03-05,15:10:00,264500,266500,262500,263500,3551,941770000,1816,1735
145020,2026-03-05,15:15:00,263500,264000,260000,262500,2768,724510000,1297,1471
145020,2026-03-05,15:20:00,262500,264000,259000,261500,1895,496200000,701,1194
145020,2026-03-05,15:30:00,258000,258000,258000,258000,3517,907380000,3510,0
145020,2026-03-06,09:05:00,253000,263000,253000,262500,3274,847850000,2369,905
145020,2026-03-06,09:10:00,263000,265000,262000,262500,4283,1128830000,2283,2000
145020,2026-03-06,09:15:00,262500,263500,260000,260000,2041,535470000,1156,885
145020,2026-03-06,09:20:00,259500,262500,257500,260000,1482,385310000,774,708
145020,2026-03-06,09:25:00,260000,262000,258500,260500,1542,402150000,646,896
145020,2026-03-06,09:30:00,261000,262500,259000,260500,1189,309700000,490,699
145020,2026-03-06,09:35:00,260500,260500,257500,258000,709,183350000,251,458
145020,2026-03-06,09:40:00,258000,259500,257000,258000,539,139120000,247,292
145020,2026-03-06,09:45:00,258000,260000,258000,260000,651,168540000,306,345
145020,2026-03-06,09:50:00,260000,260500,258500,259500,666,173090000,384,282
145020,2026-03-06,09:55:00,259500,260000,259000,260000,366,94890000,196,170
145020,2026-03-06,10:00:00,259000,261500,258000,261000,1125,291700000,627,498
145020,2026-03-06,10:05:00,261000,261000,259000,260500,571,148420000,196,375
145020,2026-03-06,10:10:00,259500,262000,258500,259500,882,229440000,432,450
145020,2026-03-06,10:15:00,259500,261500,257500,258500,1315,340800000,577,738
145020,2026-03-06,10:20:00,257500,259500,257000,258000,1487,384030000,498,989
145020,2026-03-06,10:25:00,258500,258500,256500,257000,917,235910000,224,693
145020,2026-03-06,10:30:00,256500,257500,253500,256000,3156,808200000,1699,1457
145020,2026-03-06,10:35:00,256000,259500,253500,258500,1284,330180000,709,575
145020,2026-03-06,10:40:00,259000,261500,258500,260000,1543,401110000,809,734
145020,2026-03-06,10:45:00,260000,262000,259500,261500,1338,349570000,901,437
145020,2026-03-06,10:50:00,261000,261500,259000,260000,599,155920000,293,306
145020,2026-03-06,10:55:00,260500,262000,259500,260500,848,221230000,512,336
145020,2026-03-06,11:00:00,260500,261500,259500,261000,464,121050000,400,64
145020,2026-03-06,11:05:00,261000,261000,260000,261000,356,92720000,152,204
145020,2026-03-06,11:10:00,260000,262000,260000,261000,610,159200000,300,310
145020,2026-03-06,11:15:00,261000,262500,260500,262500,1010,264560000,960,50
145020,2026-03-06,11:20:00,262500,263500,261500,263000,1974,518220000,1623,351
145020,2026-03-06,11:25:00,263500,263500,261000,261500,1798,471500000,1027,771
145020,2026-03-06,11:30:00,261500,263000,261000,263000,549,143970000,482,67
145020,2026-03-06,11:35:00,262500,263000,261500,262000,455,119340000,218,237
145020,2026-03-06,11:40:00,262000,262000,260000,260500,246,64160000,41,205
145020,2026-03-06,11:45:00,261000,262000,260000,262000,319,83290000,224,95
145020,2026-03-06,11:50:00,261500,262000,261500,261500,87,22770000,34,53
145020,2026-03-06,11:55:00,261500,262000,261000,261500,198,51780000,54,144
145020,2026-03-06,12:00:00,261000,261500,259500,261000,293,76410000,179,114
145020,2026-03-06,12:05:00,261500,262500,261500,262500,460,120540000,368,92
145020,2026-03-06,12:10:00,262500,262500,260500,262000,260,68130000,140,120
145020,2026-03-06,12:15:00,261500,262000,261000,261500,117,30610000,68,49
145020,2026-03-06,12:20:00,261500,261500,260000,260500,516,134470000,227,289
145020,2026-03-06,12:25:00,260500,261000,260000,261000,251,65360000,131,120
145020,2026-03-06,12:30:00,260000,261000,260000,261000,84,21880000,62,22
145020,2026-03-06,12:35:00,261000,261000,259000,259000,415,107810000,59,356
145020,2026-03-06,12:40:00,259000,261000,259000,261000,251,65140000,137,114
145020,2026-03-06,12:45:00,260500,261500,260500,261500,163,42530000,106,57
145020,2026-03-06,12:50:00,261500,261500,260500,260500,319,83280000,136,183
145020,2026-03-06,12:55:00,261000,261500,260000,260000,151,39380000,102,49
145020,2026-03-06,13:00:00,260500,261500,260000,261500,142,37070000,138,4
145020,2026-03-06,13:05:00,261000,261500,260000,260000,308,80330000,85,223
145020,2026-03-06,13:10:00,260000,261500,260000,261000,287,74910000,225,62
145020,2026-03-06,13:15:00,261000,261500,259500,259500,232,60440000,67,165
145020,2026-03-06,13:20:00,259500,260000,259000,260000,277,71850000,78,199
145020,2026-03-06,13:25:00,260000,260000,259000,259500,405,105100000,129,276
145020,2026-03-06,13:30:00,260000,261000,260000,260500,294,76520000,205,89
145020,2026-03-06,13:35:00,260500,261500,260000,261000,220,57390000,188,32
145020,2026-03-06,13:40:00,261000,261500,261000,261000,171,44670000,70,101
145020,2026-03-06,13:45:00,261500,262000,260500,260500,935,244560000,653,282
145020,2026-03-06,13:50:00,260500,262500,260500,261500,565,147880000,424,141
145020,2026-03-06,13:55:00,261500,263000,261000,262000,1219,319290000,596,623
145020,2026-03-06,14:00:00,261000,263000,260500,261500,329,86020000,209,120
145020,2026-03-06,14:05:00,261500,262000,261000,262000,249,65140000,191,58
145020,2026-03-06,14:10:00,262000,262500,260500,262500,646,169100000,428,218
145020,2026-03-06,14:15:00,262500,262500,261500,262000,472,123730000,185,287
145020,2026-03-06,14:20:00,262000,262500,261000,262500,780,204060000,434,346
145020,2026-03-06,14:25:00,262500,263000,261500,262000,331,86720000,174,157
145020,2026-03-06,14:30:00,261500,262500,261000,262000,744,194750000,383,361
145020,2026-03-06,14:35:00,262000,262000,260000,260000,255,66650000,111,144
145020,2026-03-06,14:40:00,261000,262500,260000,262000,374,97810000,214,160
145020,2026-03-06,14:45:00,261500,262000,261000,261500,296,77380000,89,207
145020,2026-03-06,14:50:00,261500,262000,260500,261500,332,86730000,159,173
145020,2026-03-06,14:55:00,260500,262000,260500,261500,261,68230000,199,62
145020,2026-03-06,15:00:00,261500,262000,261000,261000,228,59580000,140,88
145020,2026-03-06,15:05:00,261000,262000,261000,261000,278,72750000,206,72
145020,2026-03-06,15:10:00,261500,262000,261000,261500,224,58530000,105,119
145020,2026-03-06,15:15:00,261500,261500,260000,261000,790,206100000,439,351
145020,2026-03-06,15:20:00,261500,261500,260500,260500,901,235200000,694,207
145020,2026-03-06,15:30:00,261500,261500,261500,261500,1749,457360000,1747,0
145020,2026-03-09,09:05:00,249500,253000,245000,252000,2095,521060000,1028,1067
145020,2026-03-09,09:10:00,252000,252500,244500,250000,1830,458540000,451,1379
145020,2026-03-09,09:15:00,251000,252000,247000,248000,989,247180000,218,771
145020,2026-03-09,09:20:00,248000,250000,246000,247000,905,223740000,141,764
145020,2026-03-09,09:25:00,246750,248000,245000,246500,784,193020000,152,632
145020,2026-03-09,09:30:00,246000,247500,245000,246500,662,162900000,115,547
145020,2026-03-09,09:35:00,246500,248500,245500,247000,496,122480000,281,215
145020,2026-03-09,09:40:00,248000,248500,246500,247000,377,93230000,105,272
145020,2026-03-09,09:45:00,246500,247000,245500,246000,542,133260000,117,425
145020,2026-03-09,09:50:00,246000,247500,245500,245500,743,183060000,280,463
145020,2026-03-09,09:55:00,246000,246000,245000,245000,600,147250000,165,435
145020,2026-03-09,10:00:00,245000,246500,244000,245000,1035,253700000,452,583
145020,2026-03-09,10:05:00,245500,247000,244500,245500,773,189760000,469,304
145020,2026-03-09,10:10:00,245000,246500,244500,246000,836,205530000,273,563
145020,2026-03-09,10:15:00,246000,247500,245500,247000,410,101090000,231,179
145020,2026-03-09,10:20:00,247500,248000,247000,247500,707,174900000,453,254
145020,2026-03-09,10:25:00,247000,247500,246000,247000,291,71750000,60,231
145020,2026-03-09,10:30:00,247000,247000,246000,246000,179,44140000,63,116
145020,2026-03-09,10:35:00,246500,246500,244500,245500,329,80800000,122,207
145020,2026-03-09,10:40:00,244500,245500,243000,244500,880,214820000,417,463
145020,2026-03-09,10:45:00,245000,245000,242500,242500,556,135410000,157,399
145020,2026-03-09,10:50:00,243000,243500,242000,242000,607,147210000,275,332
145020,2026-03-09,10:55:00,242500,243000,241500,242000,638,154380000,301,337
145020,2026-03-09,11:00:00,242000,243000,241500,242500,384,93010000,214,170
145020,2026-03-09,11:05:00,242500,245500,242000,243500,461,112540000,279,182
145020,2026-03-09,11:10:00,243500,246500,243500,245500,622,152530000,332,290
145020,2026-03-09,11:15:00,245500,246500,244500,245000,613,150690000,471,142
145020,2026-03-09,11:20:00,245000,246000,243000,244000,402,98180000,95,307
145020,2026-03-09,11:25:00,244000,245500,244000,244500,147,35970000,81,66
145020,2026-03-09,11:30:00,244500,246500,244500,246000,326,79970000,156,170
145020,2026-03-09,11:35:00,246000,246000,245000,246000,212,52040000,95,117
145020,2026-03-09,11:40:00,245000,246500,245000,246000,191,46960000,124,67
145020,2026-03-09,11:45:00,246000,247500,246000,247500,527,130020000,408,119
145020,2026-03-09,11:50:00,247000,248000,247000,247000,353,87370000,121,232
145020,2026-03-09,11:55:00,247000,247500,246500,247500,149,36820000,45,104
145020,2026-03-09,12:00:00,247000,248000,245500,245500,511,126270000,148,363
145020,2026-03-09,12:05:00,246000,247000,245000,246500,260,63960000,130,130
145020,2026-03-09,12:10:00,246000,247000,246000,247000,170,41880000,84,86
145020,2026-03-09,12:15:00,247000,247500,246000,247500,184,45420000,105,79
145020,2026-03-09,12:20:00,247500,248000,246500,247500,391,96760000,185,206
145020,2026-03-09,12:25:00,246500,247500,246500,247000,179,44220000,103,76
145020,2026-03-09,12:30:00,247000,247500,246500,246500,134,33100000,61,73
145020,2026-03-09,12:35:00,246500,248000,246000,248000,1023,253230000,795,228
145020,2026-03-09,12:40:00,248000,248000,247000,248000,231,57190000,138,93
145020,2026-03-09,12:45:00,247000,247500,246000,246000,272,67130000,95,177
145020,2026-03-09,12:50:00,246500,247500,246000,246500,154,37980000,89,65
145020,2026-03-09,12:55:00,247000,247500,246500,247500,144,35550000,82,62
145020,2026-03-09,13:00:00,246500,247500,246000,246000,157,38760000,86,71
145020,2026-03-09,13:05:00,247000,248000,246500,247500,100,24720000,78,22
145020,2026-03-09,13:10:00,247500,248500,246500,248500,602,149330000,379,223
145020,2026-03-09,13:15:00,248500,248500,247000,248500,331,82060000,94,237
145020,2026-03-09,13:20:00,248000,248500,247000,247500,427,105700000,98,329
145020,2026-03-09,13:25:00,247000,248500,247000,248500,374,92520000,202,172
145020,2026-03-09,13:30:00,248000,248500,247000,248000,354,87710000,225,129
145020,2026-03-09,13:35:00,248000,248500,247500,248000,445,110410000,185,260
145020,2026-03-09,13:40:00,248500,248500,247000,247500,432,106960000,67,365
145020,2026-03-09,13:45:00,247000,248000,247000,248000,257,63590000,211,46
145020,2026-03-09,13:50:00,247000,248500,246000,247500,609,150610000,155,454
145020,2026-03-09,13:55:00,247000,247500,246500,247500,92,22720000,45,47
145020,2026-03-09,14:00:00,247000,248000,246500,247000,392,96860000,109,283
145020,2026-03-09,14:05:00,247500,248000,246000,246500,460,113550000,169,291
145020,2026-03-09,14:10:00,247500,248000,246500,247500,415,102670000,208,207
145020,2026-03-09,14:15:00,247500,248000,246500,247000,305,75420000,111,194
145020,2026-03-09,14:20:00,246500,247500,246000,246500,341,84100000,116,225
145020,2026-03-09,14:25:00,246500,248000,246500,248000,468,115820000,281,187
145020,2026-03-09,14:30:00,247500,249500,247500,249000,1823,453300000,1222,601
145020,2026-03-09,14:35:00,249000,250500,248000,249500,2006,500750000,1689,317
145020,2026-03-09,14:40:00,249500,250500,249000,249000,548,136900000,295,253
145020,2026-03-09,14:45:00,250000,250000,249000,249000,363,90570000,257,106
145020,2026-03-09,14:50:00,249500,250500,248000,250000,532,132500000,247,285
145020,2026-03-09,14:55:00,250000,250500,248500,248500,413,102960000,101,312
145020,2026-03-09,15:00:00,249000,249000,248000,248500,502,124630000,253,249
145020,2026-03-09,15:05:00,248500,249000,247500,248000,876,217290000,354,522
145020,2026-03-09,15:10:00,248000,248000,246500,248000,739,182740000,337,402
145020,2026-03-09,15:15:00,248000,248000,246500,247000,935,231140000,524,411
145020,2026-03-09,15:20:00,247500,247500,246500,247500,1117,275860000,837,280
145020,2026-03-09,15:30:00,249500,249500,249500,249500,1683,419900000,1620,0
145020,2026-03-10,09:05:00,261000,261000,254500,255000,4008,1030390000,1654,2354
145020,2026-03-10,09:10:00,255500,256500,251000,252000,4206,1067500000,1726,2480
145020,2026-03-10,09:15:00,253000,253500,251000,251500,1615,406920000,806,809
145020,2026-03-10,09:20:00,252000,252500,250000,252000,1675,420480000,1139,536
145020,2026-03-10,09:25:00,252000,252500,249000,250500,1589,398690000,360,1229
145020,2026-03-10,09:30:00,250500,252500,250000,251000,480,120720000,348,132
145020,2026-03-10,09:35:00,251000,253000,251000,252000,323,81420000,216,107
145020,2026-03-10,09:40:00,252000,255000,252000,255000,760,192850000,654,106
145020,2026-03-10,09:45:00,255000,255500,252500,255000,470,119730000,338,132
145020,2026-03-10,09:50:00,255500,256500,255000,255500,1448,370350000,1192,256
145020,2026-03-10,09:55:00,256000,257500,255000,255500,1390,356220000,1158,232
145020,2026-03-10,10:00:00,256000,256500,255500,256500,322,82380000,213,109
145020,2026-03-10,10:05:00,256500,258000,256000,257000,773,198830000,607,166
145020,2026-03-10,10:10:00,257500,258500,257000,258000,560,144280000,395,165
145020,2026-03-10,10:15:00,258000,258500,257000,258000,291,75020000,201,90
145020,2026-03-10,10:20:00,258000,259500,257500,258500,1011,261220000,818,193
145020,2026-03-10,10:25:00,258500,260000,258500,259500,619,160540000,410,209
145020,2026-03-10,10:30:00,259500,260000,259000,259500,541,140360000,300,241
145020,2026-03-10,10:35:00,259500,261000,259500,261000,1257,327060000,1101,156
145020,2026-03-10,10:40:00,261000,261000,258000,259500,729,189120000,276,453
145020,2026-03-10,10:45:00,259500,260000,258000,258500,425,110190000,211,214
145020,2026-03-10,10:50:00,259500,259500,258000,259000,594,153810000,329,265
145020,2026-03-10,10:55:00,259500,260500,258500,260000,1215,315200000,967,248
145020,2026-03-10,11:00:00,260500,260500,257500,260500,974,252920000,563,411
145020,2026-03-10,11:05:00,260500,261000,260000,260000,505,131630000,284,221
145020,2026-03-10,11:10:00,260000,260000,259500,260000,316,82070000,113,203
145020,2026-03-10,11:15:00,260000,260500,259500,260500,339,88160000,285,54
145020,2026-03-10,11:20:00,260500,260500,258000,260000,744,193160000,386,358
145020,2026-03-10,11:25:00,260000,260000,259500,260000,323,83940000,243,80
145020,2026-03-10,11:30:00,260000,260000,258000,259500,357,92620000,231,126
145020,2026-03-10,11:35:00,259000,259500,257000,258000,338,87370000,179,159
145020,2026-03-10,11:40:00,258000,259500,257000,258500,464,119880000,238,226
145020,2026-03-10,11:45:00,258500,259000,257000,258000,493,127150000,231,262
145020,2026-03-10,11:50:00,257500,258500,256500,256500,268,68940000,177,91
145020,2026-03-10,11:55:00,257000,258500,256000,258500,334,85820000,202,132
145020,2026-03-10,12:00:00,258500,258500,256500,257000,422,108400000,265,157
145020,2026-03-10,12:05:00,257000,258000,256000,258000,372,95680000,229,143
145020,2026-03-10,12:10:00,258000,258500,257000,258000,240,61870000,134,106
145020,2026-03-10,12:15:00,257500,258500,256500,257000,598,154060000,294,304
145020,2026-03-10,12:20:00,258000,258500,256500,258500,235,60490000,169,66
145020,2026-03-10,12:25:00,258500,259000,257000,257000,353,91090000,196,157
145020,2026-03-10,12:30:00,257000,258000,256000,258000,492,126370000,316,176
145020,2026-03-10,12:35:00,258000,258000,255000,256000,474,121370000,222,252
145020,2026-03-10,12:40:00,255500,256500,253500,255500,898,228900000,578,320
145020,2026-03-10,12:45:00,255500,256000,253000,253500,994,253240000,611,383
145020,2026-03-10,12:50:00,254500,256000,253000,254500,493,125400000,201,292
145020,2026-03-10,12:55:00,254000,256000,253500,256000,355,90490000,243,112
145020,2026-03-10,13:00:00,256000,256500,255000,255000,321,82090000,152,169
145020,2026-03-10,13:05:00,255000,255500,254000,254500,541,137700000,286,255
145020,2026-03-10,13:10:00,254500,256000,253500,254500,414,105460000,238,176
145020,2026-03-10,13:15:00,255500,255500,254500,255500,119,30370000,84,35
145020,2026-03-10,13:20:00,255500,255500,253500,254500,246,62620000,109,137
145020,2026-03-10,13:25:00,254500,256000,254000,255000,308,78530000,148,160
145020,2026-03-10,13:30:00,255000,256000,253500,255000,553,140640000,363,190
145020,2026-03-10,13:35:00,254500,255500,254000,254500,352,89680000,187,165
145020,2026-03-10,13:40:00,254500,255500,254000,255000,233,59290000,96,137
145020,2026-03-10,13:45:00,255000,256000,254000,254000,326,83100000,146,180
145020,2026-03-10,13:50:00,254500,255500,253500,254500,528,134200000,231,297
145020,2026-03-10,13:55:00,254000,255500,252500,254000,565,143290000,232,333
145020,2026-03-10,14:00:00,252500,255000,252500,254500,238,60550000,119,119
145020,2026-03-10,14:05:00,255000,256000,254500,254500,321,81920000,177,144
145020,2026-03-10,14:10:00,256000,256500,255000,256500,500,127760000,267,233
145020,2026-03-10,14:15:00,256500,256500,254000,255500,378,96400000,161,217
145020,2026-03-10,14:20:00,255500,255500,253500,255000,223,56710000,118,105
145020,2026-03-10,14:25:00,255000,255500,253500,254000,388,98770000,123,265
145020,2026-03-10,14:30:00,253500,255500,253000,253500,329,83440000,116,213
145020,2026-03-10,14:35:00,253500,255500,252000,255500,647,164030000,250,397
145020,2026-03-10,14:40:00,254000,255500,252000,253500,616,156060000,295,321
145020,2026-03-10,14:45:00,253500,254000,252000,252000,697,176290000,275,422
145020,2026-03-10,14:50:00,253000,254000,251500,253000,476,120130000,191,285
145020,2026-03-10,14:55:00,253000,254000,251000,251500,1100,277670000,272,828
145020,2026-03-10,15:00:00,251500,254000,251000,253500,637,160630000,350,287
145020,2026-03-10,15:05:00,252000,254500,252000,253000,825,209030000,359,466
145020,2026-03-10,15:10:00,253500,254000,252000,252500,1112,281270000,488,624
145020,2026-03-10,15:15:00,252500,254500,252000,254000,1596,403500000,1095,501
145020,2026-03-10,15:20:00,253500,254500,252500,253000,1036,262620000,551,485
145020,2026-03-10,15:30:00,255000,255000,255000,255000,2294,584970000,2292,0
145020,2026-03-11,09:05:00,255500,257500,252500,253000,2730,694650000,1391,1339
145020,2026-03-11,09:10:00,253500,255000,253000,255000,1906,484100000,1156,750
145020,2026-03-11,09:15:00,255000,255000,253000,253000,1356,344080000,678,678
145020,2026-03-11,09:20:00,253000,254000,252500,254000,1613,408180000,735,878
145020,2026-03-11,09:25:00,253500,255500,252500,253500,1926,487940000,1079,847
145020,2026-03-11,09:30:00,253250,255500,253000,255000,809,205770000,542,267
145020,2026-03-11,09:35:00,254500,256000,254000,255000,820,208990000,486,334
145020,2026-03-11,09:40:00,255000,255500,254000,254500,801,203790000,358,443
145020,2026-03-11,09:45:00,254500,255000,253500,254000,422,107260000,308,114
145020,2026-03-11,09:50:00,255000,255000,253500,253500,895,227110000,159,736
145020,2026-03-11,09:55:00,253500,253500,252500,252500,1757,444310000,144,1613
145020,2026-03-11,10:00:00,252500,253000,251500,252000,1756,442890000,522,1234
145020,2026-03-11,10:05:00,252000,253000,251500,252500,592,149300000,430,162
145020,2026-03-11,10:10:00,252000,253000,251500,252000,1007,253950000,231,776
145020,2026-03-11,10:15:00,252000,252500,251500,251500,1102,277690000,732,370
145020,2026-03-11,10:20:00,251500,252000,250500,251000,920,231070000,304,616
145020,2026-03-11,10:25:00,251000,252000,250500,251500,536,134690000,411,125
145020,2026-03-11,10:30:00,251500,252000,251500,251500,335,84330000,165,170
145020,2026-03-11,10:35:00,252000,253000,251500,252500,497,125260000,400,97
145020,2026-03-11,10:40:00,252500,253000,252000,252500,202,51000000,101,101
145020,2026-03-11,10:45:00,252500,253500,252000,252500,599,151340000,264,335
145020,2026-03-11,10:50:00,252000,253500,252000,253000,733,185150000,468,265
145020,2026-03-11,10:55:00,253000,253000,252000,252500,504,127280000,340,164
145020,2026-03-11,11:00:00,252500,252500,251500,252000,403,101560000,101,302
145020,2026-03-11,11:05:00,252000,252000,251000,251500,914,229870000,513,401
145020,2026-03-11,11:10:00,251000,252000,251000,251500,331,83280000,156,175
145020,2026-03-11,11:15:00,252000,252000,251500,251500,265,66710000,98,167
145020,2026-03-11,11:20:00,252000,252000,251500,252000,292,73520000,151,141
145020,2026-03-11,11:25:00,251500,252000,251500,251500,311,78280000,127,184
145020,2026-03-11,11:30:00,252000,252000,251000,251500,486,122210000,221,265
145020,2026-03-11,11:35:00,251000,252000,251000,252000,640,160930000,494,146
145020,2026-03-11,11:40:00,252000,252000,251500,252000,460,115860000,173,287
145020,2026-03-11,11:45:00,251500,252000,251500,252000,499,125680000,351,148
145020,2026-03-11,11:50:00,251500,252000,251500,252000,264,66440000,101,163
145020,2026-03-11,11:55:00,251500,253000,251500,252500,811,204420000,606,205
145020,2026-03-11,12:00:00,252000,253000,252000,252500,292,73700000,117,175
145020,2026-03-11,12:05:00,252000,253000,252000,253000,504,127190000,351,153
145020,2026-03-11,12:10:00,253000,253500,252500,252500,352,89010000,196,156
145020,2026-03-11,12:15:00,253000,253000,252500,253000,329,83170000,195,134
145020,2026-03-11,12:20:00,252500,253000,252000,252500,367,92710000,193,174
145020,2026-03-11,12:25:00,252500,253000,252000,253000,509,128550000,283,226
145020,2026-03-11,12:30:00,252000,253000,252000,253000,305,77110000,220,85
145020,2026-03-11,12:35:00,253500,253500,252500,252500,232,58680000,127,105
145020,2026-03-11,12:40:00,252500,253500,252500,253000,486,122960000,164,322
145020,2026-03-11,12:45:00,252500,253500,252500,253500,708,178960000,403,305
145020,2026-03-11,12:50:00,252500,254000,252500,253500,677,171320000,432,245
145020,2026-03-11,12:55:00,252500,254000,252500,254000,797,201840000,508,289
145020,2026-03-11,13:00:00,253500,255000,253000,254500,808,205130000,538,270
145020,2026-03-11,13:05:00,255000,255000,253500,254000,615,156320000,188,427
145020,2026-03-11,13:10:00,254000,255000,254000,254000,700,178080000,385,315
145020,2026-03-11,13:15:00,254500,255000,254000,254500,379,96440000,187,192
145020,2026-03-11,13:20:00,254500,255500,254000,255500,725,184600000,581,144
145020,2026-03-11,13:25:00,255500,255500,254000,255000,518,132070000,283,235
145020,2026-03-11,13:30:00,255000,256000,254500,255500,931,237570000,527,404
145020,2026-03-11,13:35:00,255500,255500,254000,254000,657,167380000,348,309
145020,2026-03-11,13:40:00,254000,255000,254000,255000,409,104110000,287,122
145020,2026-03-11,13:45:00,254500,255000,254000,255000,373,94980000,197,176
145020,2026-03-11,13:50:00,255000,255000,254000,254500,1076,273860000,545,531
145020,2026-03-11,13:55:00,255000,255500,255000,255000,439,112020000,200,239
145020,2026-03-11,14:00:00,255000,255500,254500,255000,340,86640000,144,196
145020,2026-03-11,14:05:00,255000,255500,254500,254500,437,111350000,228,209
145020,2026-03-11,14:10:00,254500,255000,253500,254000,1271,323340000,503,768
145020,2026-03-11,14:15:00,254000,254500,253000,253000,754,191100000,192,562
145020,2026-03-11,14:20:00,253000,253500,252000,253000,962,242900000,425,537
145020,2026-03-11,14:25:00,253000,253000,252000,252500,585,147720000,279,306
145020,2026-03-11,14:30:00,252000,252500,252000,252000,295,74390000,77,218
145020,2026-03-11,14:35:00,252000,252500,251500,252500,1357,341980000,701,656
145020,2026-03-11,14:40:00,252000,253000,251000,251000,1470,369790000,580,890
145020,2026-03-11,14:45:00,251000,251500,250000,250000,1436,359890000,162,1274
145020,2026-03-11,14:50:00,250000,251000,249500,249500,2229,557730000,853,1376
145020,2026-03-11,14:55:00,250000,250500,249000,249000,1326,331060000,609,717
145020,2026-03-11,15:00:00,249000,249500,248000,248000,987,245620000,318,669
145020,2026-03-11,15:05:00,248000,249500,248000,248500,1730,430030000,1141,589
145020,2026-03-11,15:10:00,249000,249500,248000,248500,1652,410690000,1144,508
145020,2026-03-11,15:15:00,248000,251500,248000,249500,2026,504750000,1762,264
145020,2026-03-11,15:20:00,249500,251000,249000,250500,1475,368470000,849,626
145020,2026-03-11,15:30:00,248000,248000,248000,248000,2163,536420000,2113,0
145020,2026-03-12,09:05:00,244500,247500,244000,245500,1387,339660000,794,593
145020,2026-03-12,09:10:00,245500,245500,242500,244000,1151,280610000,533,618
145020,2026-03-12,09:15:00,244000,245500,243000,245000,1366,333200000,604,762
145020,2026-03-12,09:20:00,245000,245000,243500,244000,564,137610000,233,331
145020,2026-03-12,09:25:00,244000,244500,243500,244500,614,149830000,277,337
145020,2026-03-12,09:30:00,244500,244500,243500,244000,593,144670000,321,272
145020,2026-03-12,09:35:00,243500,244500,243500,244000,412,100480000,247,165
145020,2026-03-12,09:40:00,244000,244500,243000,244500,1255,305740000,448,807
145020,2026-03-12,09:45:00,244500,244500,243000,243500,553,134780000,231,322
145020,2026-03-12,09:50:00,243000,244500,242000,242500,1527,371100000,313,1214
145020,2026-03-12,09:55:00,242500,243000,241000,242000,1635,395680000,601,1034
145020,2026-03-12,10:00:00,242000,242000,241000,241500,1519,367070000,935,584
145020,2026-03-12,10:05:00,241500,242000,240000,241500,1658,399550000,756,902
145020,2026-03-12,10:10:00,241500,242500,240500,242000,1879,453750000,702,1177
145020,2026-03-12,10:15:00,242000,242000,240500,241000,562,135670000,175,387
145020,2026-03-12,10:20:00,241000,242000,241000,241500,575,138800000,448,127
145020,2026-03-12,10:25:00,242000,242000,241000,242000,549,132520000,371,178
145020,2026-03-12,10:30:00,241500,243500,241500,243500,491,118890000,398,93
145020,2026-03-12,10:35:00,242500,243500,242000,243000,262,63530000,98,164
145020,2026-03-12,10:40:00,242500,243000,242000,243000,372,90210000,255,117
145020,2026-03-12,10:45:00,242500,243000,242000,242500,543,131720000,424,119
145020,2026-03-12,10:50:00,242500,243000,242000,242000,389,94280000,170,219
145020,2026-03-12,10:55:00,242000,243000,241500,243000,983,238420000,350,633
145020,2026-03-12,11:00:00,242500,243000,242000,242500,212,51390000,33,179
145020,2026-03-12,11:05:00,242500,242500,242000,242500,1092,264310000,89,1003
145020,2026-03-12,11:10:00,242000,242500,241500,241500,917,221980000,313,604
145020,2026-03-12,11:15:00,241500,242000,240500,241000,1151,277700000,106,1045
145020,2026-03-12,11:20:00,240500,241000,240500,240500,721,173570000,335,386
145020,2026-03-12,11:25:00,240500,241000,240500,241000,1007,242440000,511,496
145020,2026-03-12,11:30:00,241000,241000,239500,239500,1594,382970000,152,1442
145020,2026-03-12,11:35:00,239500,240000,239000,239000,1129,270310000,436,693
145020,2026-03-12,11:40:00,239000,239500,236500,238000,2478,590160000,593,1885
145020,2026-03-12,11:45:00,237500,238000,236500,237500,2260,536060000,1530,730
145020,2026-03-12,11:50:00,237000,237500,235500,236500,2987,706370000,1273,1714
145020,2026-03-12,11:55:00,237000,237000,235000,235000,2913,686500000,590,2323
145020,2026-03-12,12:00:00,235000,236000,235000,235500,1665,391960000,1021,644
145020,2026-03-12,12:05:00,235500,236000,235000,235500,1303,306620000,626,677
145020,2026-03-12,12:10:00,235500,236000,235000,235500,1381,325010000,312,1069
145020,2026-03-12,12:15:00,235500,236000,235000,235000,683,160790000,339,344
145020,2026-03-12,12:20:00,235000,235500,234500,235500,1237,290480000,549,688
145020,2026-03-12,12:25:00,235500,235500,234500,235500,1056,248170000,342,714
145020,2026-03-12,12:30:00,235000,235500,234000,234500,1857,435580000,686,1171
145020,2026-03-12,12:35:00,234500,234500,233500,234000,1137,266120000,221,916
145020,2026-03-12,12:40:00,233500,234500,233500,233500,1691,395510000,842,849
145020,2026-03-12,12:45:00,234000,234500,233500,234000,1113,260280000,661,452
145020,2026-03-12,12:50:00,234000,234000,233500,233500,1064,248660000,422,642
145020,2026-03-12,12:55:00,233500,234000,233000,233500,1084,252980000,505,579
145020,2026-03-12,13:00:00,233500,234500,233000,234000,945,220930000,439,506
145020,2026-03-12,13:05:00,234000,234500,233000,233500,2587,604290000,1278,1309
145020,2026-03-12,13:10:00,233500,234000,233000,233500,3155,736880000,1780,1375
145020,2026-03-12,13:15:00,233500,234500,233000,233500,1881,439330000,1018,863
145020,2026-03-12,13:20:00,233500,234000,232500,233500,851,198500000,331,520
145020,2026-03-12,13:25:00,233500,235000,233000,234500,1438,336140000,682,756
145020,2026-03-12,13:30:00,234500,236000,234000,235500,1870,439580000,697,1173
145020,2026-03-12,13:35:00,235500,236000,235000,235000,1091,256670000,198,893
145020,2026-03-12,13:40:00,235000,235500,234500,234500,1307,306930000,427,880
145020,2026-03-12,13:45:00,234500,235000,234000,234500,530,124250000,28,502
145020,2026-03-12,13:50:00,234500,236000,234000,235000,807,189320000,453,354
145020,2026-03-12,13:55:00,235000,236000,234500,235500,1323,310720000,555,768
145020,2026-03-12,14:00:00,235000,235500,234500,235000,661,155260000,109,552
145020,2026-03-12,14:05:00,235000,236500,234500,236500,1738,408960000,1127,611
145020,2026-03-12,14:10:00,236000,239000,236000,238000,1856,441350000,979,877
145020,2026-03-12,14:15:00,238000,238500,237000,237000,891,211970000,198,693
145020,2026-03-12,14:20:00,237500,238500,237000,238000,925,220090000,251,674
145020,2026-03-12,14:25:00,238000,240500,237000,240500,2533,605550000,2001,532
145020,2026-03-12,14:30:00,240500,240500,239000,240000,2786,668550000,1611,1175
145020,2026-03-12,14:35:00,240000,241500,240000,241000,1163,279860000,572,591
145020,2026-03-12,14:40:00,241500,242000,240000,242000,3355,809020000,2028,1327
145020,2026-03-12,14:45:00,242000,242500,240500,240500,1403,338990000,642,761
145020,2026-03-12,14:50:00,241500,242000,240500,241000,1126,271830000,413,713
145020,2026-03-12,14:55:00,241000,243000,240000,242500,1612,389750000,965,647
145020,2026-03-12,15:00:00,242500,244000,242000,243000,1811,440150000,902,909
145020,2026-03-12,15:05:00,243000,243000,241000,242000,1517,367910000,706,811
145020,2026-03-12,15:10:00,243000,244500,241500,242500,5264,1279310000,4417,847
145020,2026-03-12,15:15:00,242500,243000,241500,242500,1831,443450000,921,910
145020,2026-03-12,15:20:00,242500,243500,241500,242500,1555,376970000,1058,497
145020,2026-03-12,15:30:00,244500,244500,244500,244500,18304,4475330000,18279,0
145020,2026-03-13,09:05:00,237000,239500,235000,236500,2041,484370000,1141,900
145020,2026-03-13,09:10:00,236500,238000,235000,237000,435,102820000,121,314
145020,2026-03-13,09:15:00,237000,239000,236500,239000,230,54650000,163,67
145020,2026-03-13,09:20:00,239500,240000,236000,239000,1287,306550000,435,852
145020,2026-03-13,09:25:00,239500,240500,237000,238000,613,146200000,283,330
145020,2026-03-13,09:30:00,237500,238500,236000,238500,1155,274490000,491,664
145020,2026-03-13,09:35:00,238500,240000,238000,239000,580,138600000,440,140
145020,2026-03-13,09:40:00,239500,239500,236500,237500,1033,245970000,452,581
145020,2026-03-13,09:45:00,238000,238000,236500,236500,485,114980000,146,339
145020,2026-03-13,09:50:00,237000,237000,235000,235500,1497,352960000,264,1233
145020,2026-03-13,09:55:00,235000,235500,235000,235000,612,143930000,254,358
145020,2026-03-13,10:00:00,235000,236000,234500,235500,1007,236710000,736,271
145020,2026-03-13,10:05:00,235500,237500,235500,236500,589,139140000,211,378
145020,2026-03-13,10:10:00,236500,238000,236000,237750,386,91460000,154,232
145020,2026-03-13,10:15:00,237750,238500,237000,237000,938,222680000,142,796
145020,2026-03-13,10:20:00,237250,238500,237000,238250,505,119890000,236,269
145020,2026-03-13,10:25:00,238500,239500,237500,238000,454,108280000,246,208
145020,2026-03-13,10:30:00,238250,238500,238000,238000,353,84030000,57,296
145020,2026-03-13,10:35:00,238000,240000,238000,239500,458,109560000,320,138
145020,2026-03-13,10:40:00,239750,240000,238000,238500,1781,425780000,621,1160
145020,2026-03-13,10:45:00,238500,240000,238000,239500,954,227710000,529,425
145020,2026-03-13,10:50:00,239500,240500,239500,240000,377,90610000,292,85
145020,2026-03-13,10:55:00,240500,241000,238500,240500,544,130620000,261,283
145020,2026-03-13,11:00:00,240500,241500,240500,240500,193,46480000,113,80
145020,2026-03-13,11:05:00,241000,241500,240000,240500,444,106890000,148,296
145020,2026-03-13,11:10:00,240500,241000,240000,240000,320,76960000,105,215
145020,2026-03-13,11:15:00,240000,241000,239500,240000,377,90530000,65,312
145020,2026-03-13,11:20:00,239500,240000,239000,240000,442,105880000,71,371
145020,2026-03-13,11:25:00,239500,240000,238500,238500,311,74400000,86,225
145020,2026-03-13,11:30:00,239000,240500,239000,240000,342,82010000,93,249
145020,2026-03-13,11:35:00,240000,241500,239500,241500,687,165210000,246,441
145020,2026-03-13,11:40:00,241000,241500,239500,240000,357,85800000,148,209
145020,2026-03-13,11:45:00,240000,240500,239000,240000,305,73100000,68,237
145020,2026-03-13,11:50:00,240000,240500,239500,240500,179,42950000,111,68
145020,2026-03-13,11:55:00,240000,240500,240000,240000,260,62430000,50,210
145020,2026-03-13,12:00:00,240000,240500,239500,239500,302,72470000,49,253
145020,2026-03-13,12:05:00,239500,240000,239000,239500,318,76170000,70,248
145020,2026-03-13,12:10:00,239500,240000,238500,239500,563,134700000,270,293
145020,2026-03-13,12:15:00,239500,240000,239000,239500,316,75730000,148,168
145020,2026-03-13,12:20:00,239500,239750,239000,239000,473,113140000,73,400
145020,2026-03-13,12:25:00,239250,240000,238000,240000,523,124860000,135,388
145020,2026-03-13,12:30:00,239500,239750,238000,238500,638,152260000,139,499
145020,2026-03-13,12:35:00,239000,239500,238000,239000,307,73280000,114,193
145020,2026-03-13,12:40:00,239000,239250,238500,238500,225,53710000,16,209
145020,2026-03-13,12:45:00,238500,239000,238500,238500,232,55350000,83,149
145020,2026-03-13,12:50:00,238750,240000,238500,239500,590,141300000,322,268
145020,2026-03-13,12:55:00,239500,240500,239000,239500,585,140340000,377,208
145020,2026-03-13,13:00:00,239500,241000,239500,240500,304,72940000,204,100
145020,2026-03-13,13:05:00,241000,241000,239750,239750,400,96090000,51,349
145020,2026-03-13,13:10:00,239500,240000,238250,239000,701,167540000,302,399
145020,2026-03-13,13:15:00,239250,239250,238000,238000,217,51760000,65,152
145020,2026-03-13,13:20:00,238000,239000,238000,239000,195,46510000,52,143
145020,2026-03-13,13:25:00,238500,239500,238500,238500,166,39660000,134,32
145020,2026-03-13,13:30:00,239500,239500,238500,239000,291,69480000,146,145
145020,2026-03-13,13:35:00,238500,239500,238000,239000,628,149780000,301,327
145020,2026-03-13,13:40:00,238500,239000,238500,239000,200,47740000,75,125
145020,2026-03-13,13:45:00,239000,239000,238500,239000,280,66800000,57,223
145020,2026-03-13,13:50:00,238500,239500,238500,239000,408,97570000,296,112
145020,2026-03-13,13:55:00,239000,239500,239000,239000,351,83970000,155,196
145020,2026-03-13,14:00:00,239500,240000,239000,239000,295,70600000,56,239
145020,2026-03-13,14:05:00,239500,239500,239000,239000,188,44960000,54,134
145020,2026-03-13,14:10:00,239500,239500,239000,239000,452,108040000,94,358
145020,2026-03-13,14:15:00,239000,239500,238500,238500,552,131730000,146,406
145020,2026-03-13,14:20:00,239000,239500,238500,239500,352,84060000,94,258
145020,2026-03-13,14:25:00,239500,241000,239000,239500,855,204960000,536,319
145020,2026-03-13,14:30:00,239500,240500,239500,239500,666,159620000,58,608
145020,2026-03-13,14:35:00,239500,241000,239500,240000,518,124470000,263,255
145020,2026-03-13,14:40:00,240500,240500,240000,240500,249,59820000,126,123
145020,2026-03-13,14:45:00,240500,241000,240000,240500,468,112420000,99,369
145020,2026-03-13,14:50:00,240500,240500,238500,239500,782,187200000,156,626
145020,2026-03-13,14:55:00,239000,240000,238500,239500,737,176220000,103,634
145020,2026-03-13,15:00:00,239500,240000,238500,239000,654,156390000,238,416
145020,2026-03-13,15:05:00,239000,240000,238500,240000,1818,433950000,442,1376
145020,2026-03-13,15:10:00,240000,240500,239000,239000,402,96320000,163,239
145020,2026-03-13,15:15:00,239500,240000,239000,240000,253,60670000,202,51
145020,2026-03-13,15:20:00,240000,240000,238500,239500,519,124390000,363,156
145020,2026-03-13,15:30:00,239500,239500,239500,239500,2025,484990000,2025,0
145020,2026-03-16,09:05:00,238000,238500,234500,235500,1939,458350000,876,1063
145020,2026-03-16,09:10:00,235500,238500,233500,236000,1650,389190000,702,948
145020,2026-03-16,09:15:00,236000,236500,235000,236000,314,74040000,115,199
145020,2026-03-16,09:20:00,235500,237000,235500,236500,384,90750000,176,208
145020,2026-03-16,09:25:00,236500,237500,234000,237000,1214,286330000,291,923
145020,2026-03-16,09:30:00,236500,236500,236000,236500,256,60510000,103,153
145020,2026-03-16,09:35:00,236500,237500,234500,236500,866,204400000,300,566
145020,2026-03-16,09:40:00,236500,237500,236500,237500,243,57600000,151,92
145020,2026-03-16,09:45:00,237500,238500,235000,238500,1291,305720000,584,707
145020,2026-03-16,09:50:00,238500,238500,237000,238000,260,61820000,211,49
145020,2026-03-16,09:55:00,238000,238500,236500,237000,349,82870000,145,204
145020,2026-03-16,10:00:00,236500,238000,235000,238000,688,162800000,376,312
145020,2026-03-16,10:05:00,238000,238000,237000,237500,344,81650000,71,273
145020,2026-03-16,10:10:00,237500,238000,236000,238000,650,154140000,342,308
145020,2026-03-16,10:15:00,238000,238000,237000,237500,432,102540000,217,215
145020,2026-03-16,10:20:00,237500,238500,237500,238500,466,110870000,346,120
145020,2026-03-16,10:25:00,238500,240000,238000,240000,906,216460000,534,372
145020,2026-03-16,10:30:00,240000,240500,239500,240500,944,226440000,548,396
145020,2026-03-16,10:35:00,240500,241000,240000,240500,725,174310000,386,339
145020,2026-03-16,10:40:00,240500,241000,240000,240000,536,128920000,214,322
145020,2026-03-16,10:45:00,240000,240000,238500,240000,655,156820000,343,312
145020,2026-03-16,10:50:00,240000,240500,239000,239500,307,73480000,115,192
145020,2026-03-16,10:55:00,239500,241500,239500,241500,502,120660000,478,24
145020,2026-03-16,11:00:00,241500,243500,241000,243000,1544,374030000,1101,443
145020,2026-03-16,11:05:00,243000,243000,241000,242000,420,101670000,135,285
145020,2026-03-16,11:10:00,242000,242500,241000,242500,730,176200000,299,431
145020,2026-03-16,11:15:00,242500,242500,241500,242000,243,58740000,101,142
145020,2026-03-16,11:20:00,242000,242000,241000,241500,234,56510000,198,36
145020,2026-03-16,11:25:00,241500,242000,241000,241500,854,205910000,215,639
145020,2026-03-16,11:30:00,241000,241500,240500,241500,276,66550000,144,132
145020,2026-03-16,11:35:00,241000,242000,241000,241500,505,121910000,400,105
145020,2026-03-16,11:40:00,241500,242000,241500,241500,167,40340000,163,4
145020,2026-03-16,11:45:00,241500,242000,241000,242000,619,149490000,334,285
145020,2026-03-16,11:50:00,242000,242000,241500,242000,189,45690000,93,96
145020,2026-03-16,11:55:00,242000,242500,241500,242500,301,72890000,228,73
145020,2026-03-16,12:00:00,242500,244000,241500,242500,910,220940000,684,226
145020,2026-03-16,12:05:00,243000,243500,242500,243500,161,39160000,110,51
145020,2026-03-16,12:10:00,243500,244000,243000,243500,390,94950000,225,165
145020,2026-03-16,12:15:00,244000,244000,243000,243500,443,107900000,139,304
145020,2026-03-16,12:20:00,243000,245000,243000,244000,2023,493670000,1659,364
145020,2026-03-16,12:25:00,244000,244000,243000,243000,465,113200000,102,363
145020,2026-03-16,12:30:00,243500,243500,243000,243500,189,46010000,160,29
145020,2026-03-16,12:35:00,243500,243500,243000,243000,344,83650000,111,233
145020,2026-03-16,12:40:00,243000,243500,242500,243000,301,73120000,148,153
145020,2026-03-16,12:45:00,243000,243500,242500,243000,280,68060000,144,136
145020,2026-03-16,12:50:00,243000,243500,242500,243000,338,82150000,69,269
145020,2026-03-16,12:55:00,242500,243000,242500,242500,147,35680000,70,77
145020,2026-03-16,13:00:00,242500,243000,242000,243000,336,81490000,60,276
145020,2026-03-16,13:05:00,243000,243000,242500,242500,186,45170000,146,40
145020,2026-03-16,13:10:00,243000,243000,242000,242000,394,95580000,85,309
145020,2026-03-16,13:15:00,242500,242500,241500,242500,311,75290000,68,243
145020,2026-03-16,13:20:00,242500,242500,242000,242500,115,27860000,50,65
145020,2026-03-16,13:25:00,242500,243000,242000,242500,435,105400000,254,181
145020,2026-03-16,13:30:00,242000,243000,242000,242500,235,57000000,123,112
145020,2026-03-16,13:35:00,242500,243000,242000,242500,321,77760000,154,167
145020,2026-03-16,13:40:00,242500,242500,241500,242000,550,133100000,171,379
145020,2026-03-16,13:45:00,242000,242500,241000,242500,1033,249710000,422,611
145020,2026-03-16,13:50:00,242000,242500,242000,242500,139,33660000,47,92
145020,2026-03-16,13:55:00,242500,242500,242000,242500,184,44580000,101,83
145020,2026-03-16,14:00:00,242500,242500,242000,242500,740,179140000,127,613
145020,2026-03-16,14:05:00,242500,243000,242000,242500,444,107610000,316,128
145020,2026-03-16,14:10:00,242500,243000,242000,242500,335,81280000,259,76
145020,2026-03-16,14:15:00,243000,243000,242500,242500,104,25250000,73,31
145020,2026-03-16,14:20:00,243000,243000,242500,243000,177,42990000,128,49
145020,2026-03-16,14:25:00,242500,243000,242500,242500,277,67220000,105,172
145020,2026-03-16,14:30:00,242500,243000,242500,243000,221,53640000,83,138
145020,2026-03-16,14:35:00,242500,243000,242500,243000,642,155720000,84,558
145020,2026-03-16,14:40:00,243000,243000,242000,243000,400,97110000,274,126
145020,2026-03-16,14:45:00,243000,243000,242500,243000,267,64810000,137,130
145020,2026-03-16,14:50:00,243000,243000,242500,243000,270,65530000,112,158
145020,2026-03-16,14:55:00,242500,243000,242500,243000,202,49050000,112,90
145020,2026-03-16,15:00:00,243000,243500,242500,243500,768,186660000,318,450
145020,2026-03-16,15:05:00,243500,243500,242500,243000,361,87720000,95,266
145020,2026-03-16,15:10:00,242500,243000,242500,243000,226,54870000,143,83
145020,2026-03-16,15:15:00,243000,243000,242500,243000,571,138690000,434,137
145020,2026-03-16,15:20:00,243000,243000,242000,242500,1271,308200000,633,638
145020,2026-03-16,15:30:00,242000,242000,242000,242000,1888,456890000,1888,0
145020,2026-03-17,09:05:00,241500,243500,239500,240000,3308,798310000,2348,960
145020,2026-03-17,09:10:00,239500,242000,239500,241500,650,156470000,340,310
145020,2026-03-17,09:15:00,241500,243500,241500,243000,419,101600000,275,144
145020,2026-03-17,09:20:00,243000,243000,242000,243000,519,125930000,183,336
145020,2026-03-17,09:25:00,243500,247500,243000,245500,2285,561720000,1901,384
145020,2026-03-17,09:30:00,246500,247000,245500,246000,367,90350000,185,182
145020,2026-03-17,09:35:00,246000,248500,246000,248000,1521,376010000,1276,245
145020,2026-03-17,09:40:00,247500,249000,247000,248500,1549,383520000,902,647
145020,2026-03-17,09:45:00,248500,250000,248000,250000,1109,275850000,936,173
145020,2026-03-17,09:50:00,250000,250500,245500,247500,1730,428230000,931,799
145020,2026-03-17,09:55:00,247500,247500,246000,246500,738,182240000,371,367
145020,2026-03-17,10:00:00,247500,248500,247500,247500,391,96910000,135,256
145020,2026-03-17,10:05:00,247500,248500,247000,248000,462,114340000,262,200
145020,2026-03-17,10:10:00,248000,249500,247000,249500,453,112450000,326,127
145020,2026-03-17,10:15:00,249500,250000,249000,250000,403,100570000,168,235
145020,2026-03-17,10:20:00,249500,250000,249000,249500,571,142420000,158,413
145020,2026-03-17,10:25:00,249500,249500,248500,249000,390,97050000,111,279
145020,2026-03-17,10:30:00,249000,250000,248500,250000,973,242560000,720,253
145020,2026-03-17,10:35:00,250000,250500,249000,249500,1004,250630000,547,457
145020,2026-03-17,10:40:00,249000,250000,249000,249500,357,89080000,246,111
145020,2026-03-17,10:45:00,249500,249500,248500,249000,373,92930000,172,201
145020,2026-03-17,10:50:00,249000,249000,248000,248000,294,73020000,87,207
145020,2026-03-17,10:55:00,248500,248500,247500,248000,245,60790000,131,114
145020,2026-03-17,11:00:00,248000,249000,247000,249000,367,91030000,203,164
145020,2026-03-17,11:05:00,249000,249500,248000,249500,195,48560000,111,84
145020,2026-03-17,11:10:00,249500,250000,249500,249500,309,77160000,229,80
145020,2026-03-17,11:15:00,249500,251000,249500,251000,728,182100000,667,61
145020,2026-03-17,11:20:00,250500,251000,250000,250500,475,118920000,215,260
145020,2026-03-17,11:25:00,250500,250500,250000,250500,454,113670000,333,121
145020,2026-03-17,11:30:00,250500,251000,250500,250500,580,145480000,365,215
145020,2026-03-17,11:35:00,250500,251000,250000,250500,194,48600000,68,126
145020,2026-03-17,11:40:00,250500,250500,250000,250500,139,34820000,133,6
145020,2026-03-17,11:45:00,250500,250500,250000,250500,743,185860000,538,205
145020,2026-03-17,11:50:00,250500,251000,250000,250500,155,38830000,76,79
145020,2026-03-17,11:55:00,250500,251000,250500,250500,188,47140000,76,112
145020,2026-03-17,12:00:00,251000,251000,250500,250500,401,100500000,196,205
145020,2026-03-17,12:05:00,250500,251000,250000,251000,225,56380000,153,72
145020,2026-03-17,12:10:00,250500,252000,250500,251500,1011,254010000,986,25
145020,2026-03-17,12:15:00,252000,252500,251500,252500,506,127460000,402,104
145020,2026-03-17,12:20:00,252000,253000,252000,252500,1098,277120000,675,423
145020,2026-03-17,12:25:00,252500,253000,252000,252500,396,99990000,353,43
145020,2026-03-17,12:30:00,252500,253000,252000,252500,420,106070000,138,282
145020,2026-03-17,12:35:00,252500,252500,252000,252000,271,68400000,89,182
145020,2026-03-17,12:40:00,252500,252500,252000,252000,286,72110000,82,204
145020,2026-03-17,12:45:00,252000,252500,251000,251500,493,124150000,103,390
145020,2026-03-17,12:50:00,251000,252500,251000,252000,482,121330000,368,114
145020,2026-03-17,12:55:00,252000,252500,252000,252500,382,96360000,181,201
145020,2026-03-17,13:00:00,252000,252500,251500,251500,706,177800000,153,553
145020,2026-03-17,13:05:00,252000,252000,251500,252000,99,24940000,75,24
145020,2026-03-17,13:10:00,252000,252000,251000,251500,389,97870000,168,221
145020,2026-03-17,13:15:00,251000,251500,250500,250500,386,96840000,82,304
145020,2026-03-17,13:20:00,250750,251000,250500,251000,223,55950000,161,62
145020,2026-03-17,13:25:00,251000,251000,250500,251000,248,62230000,224,24
145020,2026-03-17,13:30:00,251000,251000,250500,250500,712,178490000,324,388
145020,2026-03-17,13:35:00,250000,251500,250000,251500,249,62480000,165,84
145020,2026-03-17,13:40:00,251500,252000,251000,252000,332,83520000,301,31
145020,2026-03-17,13:45:00,252000,252500,251500,252500,414,104410000,409,5
145020,2026-03-17,13:50:00,252500,254000,252500,253000,3974,1005690000,3316,658
145020,2026-03-17,13:55:00,253000,253000,252500,253000,213,53890000,211,2
145020,2026-03-17,14:00:00,253000,253000,252000,252500,941,237530000,344,597
145020,2026-03-17,14:05:00,252500,252500,252000,252500,571,144130000,469,102
145020,2026-03-17,14:10:00,252000,253000,252000,253000,345,87190000,284,61
145020,2026-03-17,14:15:00,252500,253000,252500,253000,508,128490000,412,96
145020,2026-03-17,14:20:00,252500,253000,252500,253000,417,105480000,389,28
145020,2026-03-17,14:25:00,253000,253500,252500,253500,826,209040000,619,207
145020,2026-03-17,14:30:00,253500,253500,253000,253500,338,85660000,311,27
145020,2026-03-17,14:35:00,253500,254500,253000,253500,1448,367440000,1142,306
145020,2026-03-17,14:40:00,253500,253500,252000,252000,1104,278870000,443,661
145020,2026-03-17,14:45:00,252500,253000,252000,253000,353,89130000,308,45
145020,2026-03-17,14:50:00,252500,253000,251500,252500,1988,501200000,536,1452
145020,2026-03-17,14:55:00,252500,252500,252000,252500,1033,260520000,410,623
145020,2026-03-17,15:00:00,252500,252500,252000,252500,578,145890000,467,111
145020,2026-03-17,15:05:00,252500,252500,252000,252500,897,226360000,645,252
145020,2026-03-17,15:10:00,252500,252500,250000,251000,4412,1110520000,1977,2435
145020,2026-03-17,15:15:00,251000,251500,249500,250000,1536,385500000,510,1026
145020,2026-03-17,15:20:00,250500,251500,249500,249500,1454,364000000,836,618
145020,2026-03-17,15:30:00,250000,250000,250000,250000,1911,477750000,1911,0
145020,2026-03-18,09:05:00,253000,263500,253000,259500,6041,1568440000,4201,1840
145020,2026-03-18,09:10:00,259500,262000,258000,261000,2849,743790000,1825,1024
145020,2026-03-18,09:15:00,261000,264000,259500,264000,2878,752430000,1978,900
145020,2026-03-18,09:20:00,264000,266000,261000,263000,3170,837180000,1971,1199
145020,2026-03-18,09:25:00,263500,266000,263500,264000,3197,846120000,2421,776
145020,2026-03-18,09:30:00,264000,269000,263500,266000,4510,1202780000,3440,1070
145020,2026-03-18,09:35:00,266000,267500,265500,266500,1667,444320000,985,682
145020,2026-03-18,09:40:00,266000,268500,266000,267500,1619,432820000,980,639
145020,2026-03-18,09:45:00,267000,268500,265500,265500,2098,561130000,1259,839
145020,2026-03-18,09:50:00,265500,267000,265000,266500,1232,327560000,524,708
145020,2026-03-18,09:55:00,266500,267500,265500,267500,1121,298760000,557,564
145020,2026-03-18,10:00:00,267500,268000,267000,267000,904,241770000,627,277
145020,2026-03-18,10:05:00,267000,268000,266000,266500,1694,452610000,1268,426
145020,2026-03-18,10:10:00,266500,268500,264500,268000,3463,925720000,2866,597
145020,2026-03-18,10:15:00,268000,268500,265500,267500,748,200130000,215,533
145020,2026-03-18,10:20:00,267500,272500,267500,269500,8189,2212880000,6746,1443
145020,2026-03-18,10:25:00,270000,271000,269000,270500,2783,750970000,1862,921
145020,2026-03-18,10:30:00,270500,271500,269500,270500,2454,663520000,1613,841
145020,2026-03-18,10:35:00,270500,271000,270000,270500,799,216070000,430,369
145020,2026-03-18,10:40:00,270500,271000,269500,270500,1515,409360000,839,676
145020,2026-03-18,10:45:00,270500,271000,270000,270000,1189,321510000,442,747
145020,2026-03-18,10:50:00,270000,271000,270000,270500,863,233400000,429,434
145020,2026-03-18,10:55:00,270500,271000,270000,270500,1153,311900000,790,363
145020,2026-03-18,11:00:00,270500,272000,270000,270500,2898,786120000,2220,678
145020,2026-03-18,11:05:00,270500,271000,270000,270000,855,231190000,361,494
145020,2026-03-18,11:10:00,270000,270000,268500,269000,1047,281880000,228,819
145020,2026-03-18,11:15:00,269000,270000,269000,270000,597,160970000,356,241
145020,2026-03-18,11:20:00,270000,270500,268500,270000,1096,295460000,668,428
145020,2026-03-18,11:25:00,270500,270500,268500,268500,774,208730000,268,506
145020,2026-03-18,11:30:00,268500,269500,268000,269000,1429,383750000,804,625
145020,2026-03-18,11:35:00,269500,270000,269000,270000,519,139940000,422,97
145020,2026-03-18,11:40:00,270000,270000,269500,270000,933,251780000,567,366
145020,2026-03-18,11:45:00,270000,270500,268500,269000,957,258150000,374,583
145020,2026-03-18,11:50:00,269000,270000,269000,269500,637,171710000,418,219
145020,2026-03-18,11:55:00,269500,270000,269500,269500,562,151590000,310,252
145020,2026-03-18,12:00:00,270000,270000,269000,269500,811,218620000,430,381
145020,2026-03-18,12:05:00,269500,269500,268000,269000,834,224260000,453,381
145020,2026-03-18,12:10:00,268500,269000,267500,268000,902,242120000,225,677
145020,2026-03-18,12:15:00,268000,268500,267500,268500,432,115810000,246,186
145020,2026-03-18,12:20:00,268250,269000,268000,268500,656,176140000,448,208
145020,2026-03-18,12:25:00,268500,269000,268000,268500,1040,279280000,528,512
145020,2026-03-18,12:30:00,268500,269000,268000,269000,697,187350000,347,350
145020,2026-03-18,12:35:00,269000,269000,268500,268500,850,228540000,389,461
145020,2026-03-18,12:40:00,269000,269500,268000,269000,747,200950000,319,428
145020,2026-03-18,12:45:00,269000,270000,269000,270000,665,179140000,336,329
145020,2026-03-18,12:50:00,270000,270000,269000,269500,543,146250000,344,199
145020,2026-03-18,12:55:00,269500,269500,268500,269000,542,145710000,172,370
145020,2026-03-18,13:00:00,269000,269500,269000,269500,443,119310000,395,48
145020,2026-03-18,13:05:00,269000,270000,269000,269500,975,262700000,459,516
145020,2026-03-18,13:10:00,269500,270000,269000,269500,1007,271430000,610,397
145020,2026-03-18,13:15:00,269500,271500,269500,270500,3832,1036000000,2543,1289
145020,2026-03-18,13:20:00,271000,271500,270000,271500,650,176080000,449,201
145020,2026-03-18,13:25:00,271500,272000,271000,272000,2530,687330000,2505,25
145020,2026-03-18,13:30:00,272000,272500,271500,272000,1408,383020000,881,527
145020,2026-03-18,13:35:00,272000,272500,271500,272000,2006,545480000,998,1008
145020,2026-03-18,13:40:00,272000,272500,271500,272500,854,232560000,739,115
145020,2026-03-18,13:45:00,272500,273000,272000,272000,1158,315660000,911,247
145020,2026-03-18,13:50:00,273000,273000,272000,272000,884,240970000,587,297
145020,2026-03-18,13:55:00,272500,272500,271500,271500,1392,378360000,619,773
145020,2026-03-18,14:00:00,272000,272000,271500,272000,789,214450000,526,263
145020,2026-03-18,14:05:00,271500,272000,271500,271500,704,191420000,569,135
145020,2026-03-18,14:10:00,271500,272000,271000,271500,1159,314740000,483,676
145020,2026-03-18,14:15:00,271500,272000,271000,272000,1051,285450000,812,239
145020,2026-03-18,14:20:00,271500,272000,271000,271500,1301,353380000,771,530
145020,2026-03-18,14:25:00,271500,272000,271000,271500,1135,308270000,583,552
145020,2026-03-18,14:30:00,272000,272000,271000,271500,1240,336870000,791,449
145020,2026-03-18,14:35:00,271500,271500,270000,270500,1662,450000000,577,1085
145020,2026-03-18,14:40:00,270500,271500,270000,271500,841,227840000,557,284
145020,2026-03-18,14:45:00,271500,272500,270500,272500,1447,393160000,1078,369
145020,2026-03-18,14:50:00,271000,272000,270000,270500,1332,361140000,349,983
145020,2026-03-18,14:55:00,270500,271500,270000,271000,955,258810000,418,537
145020,2026-03-18,15:00:00,271000,271500,270000,270500,1037,280790000,424,613
145020,2026-03-18,15:05:00,271000,271000,270000,270000,738,199620000,356,382
145020,2026-03-18,15:10:00,270500,270500,269000,269500,1794,483660000,600,1194
145020,2026-03-18,15:15:00,270000,271000,269000,269000,1521,410320000,507,1014
145020,2026-03-18,15:20:00,269500,270000,267500,269500,1661,446340000,558,1103
145020,2026-03-18,15:30:00,269500,269500,269500,269500,2162,582660000,2162,0
145020,2026-03-19,09:05:00,262500,268000,260000,265000,2529,669800000,1661,868
145020,2026-03-19,09:10:00,265000,267000,264500,264500,1337,354890000,775,562
145020,2026-03-19,09:15:00,264500,265000,262000,262500,704,185240000,260,444
145020,2026-03-19,09:20:00,262500,263500,261000,262000,1221,320280000,582,639
145020,2026-03-19,09:25:00,262500,263000,261000,261500,594,155440000,290,304
145020,2026-03-19,09:30:00,261500,263000,261000,263000,486,127180000,329,157
145020,2026-03-19,09:35:00,263000,265000,261500,264000,2037,535180000,1143,894
145020,2026-03-19,09:40:00,264000,264500,262500,262500,509,133940000,257,252
145020,2026-03-19,09:45:00,262500,262500,261000,261500,513,134350000,104,409
145020,2026-03-19,09:50:00,261500,261500,260000,260500,897,233930000,221,676
145020,2026-03-19,09:55:00,260500,261000,260000,260500,643,167520000,253,390
145020,2026-03-19,10:00:00,260000,260500,258500,260500,1445,375050000,509,936
145020,2026-03-19,10:05:00,260500,260500,259500,260000,692,179810000,400,292
145020,2026-03-19,10:10:00,260000,260500,259000,260500,1290,335160000,520,770
145020,2026-03-19,10:15:00,260000,261000,259500,260000,740,192390000,287,453
145020,2026-03-19,10:20:00,260000,261000,260000,260000,282,73400000,203,79
145020,2026-03-19,10:25:00,260500,261000,260000,261000,568,148040000,306,262
145020,2026-03-19,10:30:00,261000,261500,259500,261000,1016,264570000,269,747
145020,2026-03-19,10:35:00,261000,262000,261000,262000,372,97250000,252,120
145020,2026-03-19,10:40:00,262000,262000,261000,261500,499,130380000,246,253
145020,2026-03-19,10:45:00,261000,261500,260500,261000,425,110960000,155,270
145020,2026-03-19,10:50:00,260500,261500,260000,261000,801,208770000,583,218
145020,2026-03-19,10:55:00,260500,261500,260000,261000,399,104010000,152,247
145020,2026-03-19,11:00:00,261000,261000,260000,260000,502,130720000,276,226
145020,2026-03-19,11:05:00,260000,260500,260000,260500,300,78090000,197,103
145020,2026-03-19,11:10:00,260500,261500,260000,261500,589,153650000,424,165
145020,2026-03-19,11:15:00,261500,262000,260500,260500,237,61890000,147,90
145020,2026-03-19,11:20:00,261000,262000,260500,261500,516,134740000,385,131
145020,2026-03-19,11:25:00,261500,262000,261000,261000,424,110870000,303,121
145020,2026-03-19,11:30:00,261500,262500,261000,262000,652,170590000,361,291
145020,2026-03-19,11:35:00,261000,262500,261000,261000,362,94670000,178,184
145020,2026-03-19,11:40:00,261500,262000,261000,261500,420,109810000,273,147
145020,2026-03-19,11:45:00,261500,262500,261000,261000,590,154390000,425,165
145020,2026-03-19,11:50:00,261000,262000,261000,261000,373,97530000,210,163
145020,2026-03-19,11:55:00,261500,262000,261000,262000,437,114260000,334,103
145020,2026-03-19,12:00:00,262000,262500,261500,262500,303,79350000,213,90
145020,2026-03-19,12:05:00,262500,262500,261000,261000,618,161680000,268,350
145020,2026-03-19,12:10:00,261500,261500,261000,261500,192,50180000,131,61
145020,2026-03-19,12:15:00,261500,262000,261000,261000,381,99640000,271,110
145020,2026-03-19,12:20:00,261000,262500,261000,261500,1076,281760000,672,404
145020,2026-03-19,12:25:00,261500,263000,261000,262000,519,135850000,314,205
145020,2026-03-19,12:30:00,261500,262500,261500,262000,376,98530000,176,200
145020,2026-03-19,12:35:00,261500,262500,261500,261500,371,97140000,238,133
145020,2026-03-19,12:40:00,261500,262000,261500,262000,322,84260000,105,217
145020,2026-03-19,12:45:00,262000,262000,261500,262000,179,46850000,75,104
145020,2026-03-19,12:50:00,262000,264000,261500,263500,748,196420000,567,181
145020,2026-03-19,12:55:00,262500,263500,262000,262500,616,161920000,387,229
145020,2026-03-19,13:00:00,263000,263500,262500,263000,397,104420000,266,131
145020,2026-03-19,13:05:00,263000,263500,262500,263000,454,119440000,280,174
145020,2026-03-19,13:10:00,263000,263500,262500,263000,606,159380000,412,194
145020,2026-03-19,13:15:00,262500,263500,262500,262500,570,149810000,354,216
145020,2026-03-19,13:20:00,262500,263000,261500,262500,944,247580000,377,567
145020,2026-03-19,13:25:00,262500,262500,261500,261500,393,102930000,257,136
145020,2026-03-19,13:30:00,261500,262000,261000,261500,685,179250000,295,390
145020,2026-03-19,13:35:00,261500,262000,261000,261500,797,208490000,597,200
145020,2026-03-19,13:40:00,261500,262000,261000,261500,720,188420000,378,342
145020,2026-03-19,13:45:00,261500,262000,261000,261500,695,181790000,373,322
145020,2026-03-19,13:50:00,261000,261500,260500,261000,1065,278080000,432,633
145020,2026-03-19,13:55:00,260500,261000,260500,261000,510,133010000,303,207
145020,2026-03-19,14:00:00,260500,261000,260500,260500,477,124420000,328,149
145020,2026-03-19,14:05:00,261000,261000,260500,260500,478,124650000,252,226
145020,2026-03-19,14:10:00,261000,261000,260500,260500,685,178660000,436,249
145020,2026-03-19,14:15:00,260500,261000,260500,261000,607,158270000,308,299
145020,2026-03-19,14:20:00,260500,262000,260500,261500,1022,266740000,839,183
145020,2026-03-19,14:25:00,262000,263500,261000,263000,1105,289670000,792,313
145020,2026-03-19,14:30:00,263000,263500,262000,263000,733,192600000,368,365
145020,2026-03-19,14:35:00,262500,263000,261000,262500,747,195670000,365,382
145020,2026-03-19,14:40:00,262000,262500,261500,261500,905,237090000,567,338
145020,2026-03-19,14:45:00,261500,262500,261500,262000,782,204880000,496,286
145020,2026-03-19,14:50:00,262500,263000,262000,262000,693,181840000,524,169
145020,2026-03-19,14:55:00,262500,263000,261500,262000,1197,313960000,682,515
145020,2026-03-19,15:00:00,262000,263000,261500,261500,1429,374610000,791,638
145020,2026-03-19,15:05:00,262000,262500,261500,261500,1139,298410000,746,393
145020,2026-03-19,15:10:00,261500,262500,261500,262500,1021,267660000,658,363
145020,2026-03-19,15:15:00,261500,262500,261500,262000,1017,266360000,630,387
145020,2026-03-19,15:20:00,261500,264000,261500,264000,1769,463640000,1193,576
145020,2026-03-19,15:30:00,262000,262000,262000,262000,3346,876650000,3344,0
145020,2026-03-20,09:05:00,262000,269000,250000,250000,2356,618240000,1176,1180
145020,2026-03-20,09:10:00,262000,264000,259500,261500,3861,1011530000,2952,909
145020,2026-03-20,09:15:00,261500,264500,260500,262500,717,188360000,447,270
145020,2026-03-20,09:20:00,262500,263000,261500,262500,359,94120000,194,165
145020,2026-03-20,09:25:00,263000,263000,261500,262500,548,143590000,313,235
145020,2026-03-20,09:30:00,263000,264000,261000,261500,1020,267290000,380,640
145020,2026-03-20,09:35:00,261000,261500,260500,261000,1666,434780000,1031,635
145020,2026-03-20,09:40:00,261000,263500,260500,262000,4249,1110380000,3490,759
145020,2026-03-20,09:45:00,262000,263500,262000,263500,174,45730000,167,7
145020,2026-03-20,09:50:00,263500,266000,263000,265500,890,235660000,830,60
145020,2026-03-20,09:55:00,266000,266500,264500,265000,1408,374520000,813,595
145020,2026-03-20,10:00:00,265000,267500,265000,267000,847,225490000,701,146
145020,2026-03-20,10:05:00,267000,268000,266500,268000,1048,280330000,768,280
145020,2026-03-20,10:10:00,268000,268500,267500,268000,217,58100000,66,151
145020,2026-03-20,10:15:00,268000,268500,267000,267000,885,236740000,449,436
145020,2026-03-20,10:20:00,267000,267500,267000,267000,306,81790000,166,140
145020,2026-03-20,10:25:00,267500,268000,267000,267500,525,140320000,160,365
145020,2026-03-20,10:30:00,267000,268000,267000,268000,526,140730000,492,34
145020,2026-03-20,10:35:00,268000,268000,267500,268000,228,61090000,204,24
145020,2026-03-20,10:40:00,267500,268000,267000,267500,720,192700000,239,481
145020,2026-03-20,10:45:00,267500,267500,266500,267000,463,123620000,273,190
145020,2026-03-20,10:50:00,267000,267000,266000,266500,554,147690000,160,394
145020,2026-03-20,10:55:00,266500,266500,266000,266000,387,102990000,107,280
145020,2026-03-20,11:00:00,266000,266500,266000,266500,231,61510000,120,111
145020,2026-03-20,11:05:00,266500,266500,265000,265000,498,132360000,143,355
145020,2026-03-20,11:10:00,265000,266500,265000,266500,326,86660000,302,24
145020,2026-03-20,11:15:00,266000,267000,266000,266500,177,47180000,135,42
145020,2026-03-20,11:20:00,266500,266500,266000,266000,143,38090000,42,101
145020,2026-03-20,11:25:00,266000,266500,266000,266500,171,45550000,133,38
145020,2026-03-20,11:30:00,266500,266500,266000,266500,287,76400000,119,168
145020,2026-03-20,11:35:00,266000,266500,266000,266000,139,37010000,62,77
145020,2026-03-20,11:40:00,266000,266500,265500,266000,336,89380000,134,202
145020,2026-03-20,11:45:00,266000,266000,265500,266000,120,31880000,50,70
145020,2026-03-20,11:50:00,266000,266000,265500,265500,105,27920000,79,26
145020,2026-03-20,11:55:00,266000,266000,265500,265500,110,29250000,91,19
145020,2026-03-20,12:00:00,266000,266000,265500,265500,97,25790000,78,19
145020,2026-03-20,12:05:00,265500,266000,265500,266000,100,26580000,55,45
145020,2026-03-20,12:10:00,265500,265500,264500,265000,605,160420000,113,492
145020,2026-03-20,12:15:00,265000,265000,264500,264500,200,52980000,153,47
145020,2026-03-20,12:20:00,264500,265000,264500,265000,166,43940000,84,82
145020,2026-03-20,12:25:00,265000,267500,264500,267000,1931,514220000,1432,499
145020,2026-03-20,12:30:00,267500,267500,266500,266500,281,75020000,101,180
145020,2026-03-20,12:35:00,266500,267000,266500,266500,135,36040000,119,16
145020,2026-03-20,12:40:00,267000,267000,266500,267000,115,30690000,104,11
145020,2026-03-20,12:45:00,267000,267000,266000,266000,616,164140000,180,436
145020,2026-03-20,12:50:00,266000,266500,265500,266000,249,66220000,34,215
145020,2026-03-20,12:55:00,265500,266000,265500,265500,75,19930000,45,30
145020,2026-03-20,13:00:00,265500,266000,264500,265000,501,132840000,59,442
145020,2026-03-20,13:05:00,264500,266000,264500,265500,1097,291270000,921,176
145020,2026-03-20,13:10:00,266000,266000,264500,265500,814,215910000,442,372
145020,2026-03-20,13:15:00,265500,265500,264500,264750,432,114560000,192,240
145020,2026-03-20,13:20:00,265000,266000,264750,265500,420,111370000,271,149
145020,2026-03-20,13:25:00,266000,266500,265000,265000,508,135060000,235,273
145020,2026-03-20,13:30:00,265000,266000,264500,264500,762,202210000,421,341
145020,2026-03-20,13:35:00,264750,265000,264000,264500,416,110060000,228,188
145020,2026-03-20,13:40:00,264250,265000,264250,265000,365,96550000,292,73
145020,2026-03-20,13:45:00,264750,265500,264000,265500,854,226130000,628,226
145020,2026-03-20,13:50:00,265500,265500,264500,265250,403,106950000,293,110
145020,2026-03-20,13:55:00,265500,266000,265250,265750,500,132790000,439,61
145020,2026-03-20,14:00:00,266000,266500,265500,266250,678,180530000,428,250
145020,2026-03-20,14:05:00,266250,267000,266000,266500,495,131920000,357,138
145020,2026-03-20,14:10:00,266500,267000,266000,266000,765,203890000,410,355
145020,2026-03-20,14:15:00,266500,266500,265500,265500,852,226750000,334,518
145020,2026-03-20,14:20:00,265500,266500,265000,266500,1434,381450000,1175,259
145020,2026-03-20,14:25:00,266500,266500,266250,266500,375,99930000,357,18
145020,2026-03-20,14:30:00,266500,267500,266000,267500,872,232820000,460,412
145020,2026-03-20,14:35:00,267000,267500,266000,266250,792,211190000,345,447
145020,2026-03-20,14:40:00,266500,266500,266000,266250,381,101500000,271,110
145020,2026-03-20,14:45:00,266250,267500,266000,267000,846,225660000,513,333
145020,2026-03-20,14:50:00,266500,267500,266500,267000,776,207200000,668,108
145020,2026-03-20,14:55:00,267000,267500,266000,266000,1038,276900000,508,530
145020,2026-03-20,15:00:00,266000,266500,266000,266500,452,120430000,360,92
145020,2026-03-20,15:05:00,266500,266500,266000,266500,607,161640000,379,228
145020,2026-03-20,15:10:00,266500,266500,265500,265500,1053,280130000,247,806
145020,2026-03-20,15:15:00,265500,266000,265000,265500,804,213250000,256,548
145020,2026-03-20,15:20:00,265500,267000,264500,267000,1693,449070000,1202,491
145020,2026-03-20,15:30:00,267000,267000,267000,267000,1883,502760000,1743,0
145020,2026-03-23,09:05:00,256000,259500,255000,257000,3415,876890000,2588,827
145020,2026-03-23,09:10:00,257500,258500,255500,258500,889,228310000,500,389
145020,2026-03-23,09:15:00,258000,258500,257000,257500,600,154730000,318,282
145020,2026-03-23,09:20:00,257500,257500,257000,257500,318,81770000,80,238
145020,2026-03-23,09:25:00,257500,260000,257500,257500,1074,277470000,644,430
145020,2026-03-23,09:30:00,258000,258500,257500,257500,218,56160000,38,180
145020,2026-03-23,09:35:00,257500,258000,256500,256500,328,84350000,31,297
145020,2026-03-23,09:40:00,256500,256500,256000,256500,276,70710000,90,186
145020,2026-03-23,09:45:00,256000,256500,255500,255500,281,71970000,151,130
145020,2026-03-23,09:50:00,255500,256000,255000,255000,351,89670000,120,231
145020,2026-03-23,09:55:00,255250,255500,254500,254500,495,126140000,77,418
145020,2026-03-23,10:00:00,254500,254750,254000,254000,536,136340000,107,429
145020,2026-03-23,10:05:00,254000,254000,253000,253000,756,191700000,186,570
145020,2026-03-23,10:10:00,253500,254500,253000,254000,692,175410000,543,149
145020,2026-03-23,10:15:00,254500,255500,254000,254500,273,69590000,194,79
145020,2026-03-23,10:20:00,255500,256000,255000,255500,401,102370000,131,270
145020,2026-03-23,10:25:00,255000,256500,255000,255500,362,92510000,185,177
145020,2026-03-23,10:30:00,256000,256000,255000,255500,251,64100000,173,78
145020,2026-03-23,10:35:00,255500,256000,255000,255500,293,74870000,150,143
145020,2026-03-23,10:40:00,256000,256500,255500,256500,415,106250000,380,35
145020,2026-03-23,10:45:00,256500,256500,255500,255500,300,76750000,57,243
145020,2026-03-23,10:50:00,255500,256000,254500,255500,404,103140000,156,248
145020,2026-03-23,10:55:00,255500,256500,255000,256000,530,135530000,394,136
145020,2026-03-23,11:00:00,255500,256000,254500,255000,415,105900000,21,394
145020,2026-03-23,11:05:00,254500,255500,254500,254500,448,114220000,376,72
145020,2026-03-23,11:10:00,255000,255500,254500,255000,422,107560000,284,138
145020,2026-03-23,11:15:00,255000,255500,253500,253500,600,152640000,104,496
145020,2026-03-23,11:20:00,253500,254000,253000,253500,682,172930000,354,328
145020,2026-03-23,11:25:00,253500,255000,253500,254000,286,72710000,253,33
145020,2026-03-23,11:30:00,255000,255500,254000,254000,276,70330000,96,180
145020,2026-03-23,11:35:00,254000,254500,254000,254000,143,36370000,90,53
145020,2026-03-23,11:40:00,254500,254500,253500,254000,333,84610000,107,226
145020,2026-03-23,11:45:00,254000,254000,253500,253500,135,34250000,62,73
145020,2026-03-23,11:50:00,254000,254000,253000,253000,232,58830000,38,194
145020,2026-03-23,11:55:00,253000,253500,253000,253000,110,27850000,53,57
145020,2026-03-23,12:00:00,253000,253500,253000,253250,214,54210000,128,86
145020,2026-03-23,12:05:00,253000,254000,253000,254000,289,73240000,245,44
145020,2026-03-23,12:10:00,254000,254000,252000,252000,798,201670000,30,768
145020,2026-03-23,12:15:00,252000,252500,251500,251500,135,34000000,7,128
145020,2026-03-23,12:20:00,251500,252000,251000,251000,256,64390000,48,208
145020,2026-03-23,12:25:00,251000,251500,250500,250500,622,156100000,375,247
145020,2026-03-23,12:30:00,250500,251000,250500,251000,70,17550000,28,42
145020,2026-03-23,12:35:00,250500,252000,250500,251000,152,38200000,96,56
145020,2026-03-23,12:40:00,252000,253000,251000,253000,146,36810000,109,37
145020,2026-03-23,12:45:00,251500,253000,251500,252000,71,17910000,46,25
145020,2026-03-23,12:50:00,252000,253000,252000,252500,284,71690000,62,222
145020,2026-03-23,12:55:00,252000,252000,251000,251000,101,25410000,13,88
145020,2026-03-23,13:00:00,251000,252000,251000,251500,215,54060000,94,121
145020,2026-03-23,13:05:00,251500,252000,251000,251000,249,62620000,103,146
145020,2026-03-23,13:10:00,251000,252000,251000,251000,396,99570000,230,166
145020,2026-03-23,13:15:00,251500,252500,251000,251500,331,83260000,179,152
145020,2026-03-23,13:20:00,251500,252000,250500,252000,327,82180000,161,166
145020,2026-03-23,13:25:00,251500,252500,251500,252000,165,41600000,86,79
145020,2026-03-23,13:30:00,252000,252500,249000,250000,1915,479120000,527,1388
145020,2026-03-23,13:35:00,250500,253000,250000,252000,574,144610000,387,187
145020,2026-03-23,13:40:00,252000,252500,251000,251000,338,85040000,109,229
145020,2026-03-23,13:45:00,251000,252000,251000,252000,374,94170000,295,79
145020,2026-03-23,13:50:00,251500,252000,250000,251500,1985,499060000,309,1676
145020,2026-03-23,13:55:00,251500,251500,250500,251500,399,100150000,343,56
145020,2026-03-23,14:00:00,251000,251500,251000,251000,265,66610000,200,65
145020,2026-03-23,14:05:00,251250,251500,251000,251000,252,63340000,175,77
145020,2026-03-23,14:10:00,251500,251500,251000,251000,421,105800000,256,165
145020,2026-03-23,14:15:00,251000,251500,251000,251000,184,46240000,98,86
145020,2026-03-23,14:20:00,251000,251500,251000,251000,189,47480000,89,100
145020,2026-03-23,14:25:00,251000,251500,250000,250000,860,215430000,463,397
145020,2026-03-23,14:30:00,250500,250500,250000,250000,229,57310000,107,122
145020,2026-03-23,14:35:00,250000,250500,250000,250000,220,55030000,68,152
145020,2026-03-23,14:40:00,250000,251000,249500,250000,1178,294580000,846,332
145020,2026-03-23,14:45:00,250500,250500,249000,250500,1278,319250000,783,495
145020,2026-03-23,14:50:00,250000,250500,250000,250000,472,118030000,59,413
145020,2026-03-23,14:55:00,250500,250500,249000,249000,473,118270000,99,374
145020,2026-03-23,15:00:00,249000,249500,249000,249000,790,197040000,672,118
145020,2026-03-23,15:05:00,249000,250500,249000,250000,898,224210000,710,188
145020,2026-03-23,15:10:00,250000,251000,249500,249500,379,94840000,284,95
145020,2026-03-23,15:15:00,249500,250500,249500,250000,403,100670000,243,160
145020,2026-03-23,15:20:00,249500,251500,249500,249500,617,154380000,287,330
145020,2026-03-23,15:30:00,250000,250000,250000,250000,1277,319250000,1269,0
145020,2026-03-24,09:05:00,253500,256000,253000,254000,1689,429460000,1019,670
145020,2026-03-24,09:10:00,254500,256000,254000,256000,684,174320000,366,318
145020,2026-03-24,09:15:00,256000,259000,255500,256500,1261,324400000,760,501
145020,2026-03-24,09:20:00,256500,256500,255000,256000,282,72090000,200,82
145020,2026-03-24,09:25:00,256000,256500,255000,256500,246,63030000,233,13
145020,2026-03-24,09:30:00,256500,258000,256000,256000,222,57020000,81,141
145020,2026-03-24,09:35:00,256500,256500,254500,255000,223,56930000,87,136
145020,2026-03-24,09:40:00,255000,255500,254000,255000,231,58840000,62,169
145020,2026-03-24,09:45:00,254500,255500,254000,254500,383,97480000,209,174
145020,2026-03-24,09:50:00,254000,256500,254000,256000,258,66010000,144,114
145020,2026-03-24,09:55:00,255500,256000,255500,255500,96,24530000,17,79
145020,2026-03-24,10:00:00,256000,258500,255500,257500,1473,377810000,1189,284
145020,2026-03-24,10:05:00,257000,257000,254500,254500,874,223920000,205,669
145020,2026-03-24,10:10:00,254500,256000,254000,254500,724,184550000,331,393
145020,2026-03-24,10:15:00,254500,255000,254500,254500,131,33370000,56,75
145020,2026-03-24,10:20:00,254750,255000,254000,254000,522,132730000,57,465
145020,2026-03-24,10:25:00,254000,255500,254000,255500,263,67010000,197,66
145020,2026-03-24,10:30:00,255000,256500,255000,255500,81,20700000,47,34
145020,2026-03-24,10:35:00,255500,255500,255000,255000,143,36520000,25,118
145020,2026-03-24,10:40:00,255000,255500,254000,254000,215,54740000,15,200
145020,2026-03-24,10:45:00,254500,254500,253000,253000,384,97350000,122,262
145020,2026-03-24,10:50:00,253000,254000,252500,254000,468,118430000,204,264
145020,2026-03-24,10:55:00,253500,254500,252500,253500,819,207490000,421,398
145020,2026-03-24,11:00:00,253000,256000,252000,252500,3288,831190000,2034,1254
145020,2026-03-24,11:05:00,253500,255500,253000,255000,906,230650000,333,573
145020,2026-03-24,11:10:00,255500,256000,254500,254500,504,128640000,199,305
145020,2026-03-24,11:15:00,254500,255000,253500,254000,844,214620000,367,477
145020,2026-03-24,11:20:00,254000,256000,253500,255000,666,169790000,281,385
145020,2026-03-24,11:25:00,255000,256000,255000,256000,249,63660000,216,33
145020,2026-03-24,11:30:00,255500,257000,255500,256500,275,70450000,180,95
145020,2026-03-24,11:35:00,256500,257000,256500,256500,247,63440000,113,134
145020,2026-03-24,11:40:00,256500,257000,256000,256000,346,88770000,297,49
145020,2026-03-24,11:45:00,256000,257000,255500,257000,371,95010000,208,163
145020,2026-03-24,11:50:00,256000,257000,256000,256500,221,56780000,168,53
145020,2026-03-24,11:55:00,256500,257000,256000,257000,261,67000000,133,128
145020,2026-03-24,12:00:00,257000,257000,256500,257000,237,60900000,214,23
145020,2026-03-24,12:05:00,257000,257000,256000,256500,158,40560000,105,53
145020,2026-03-24,12:10:00,256500,257000,255500,256000,376,96460000,216,160
145020,2026-03-24,12:15:00,256500,257000,256000,257000,227,58300000,188,39
145020,2026-03-24,12:20:00,256500,257000,256500,257000,179,45990000,155,24
145020,2026-03-24,12:25:00,257000,257000,256500,257000,199,51130000,162,37
145020,2026-03-24,12:30:00,257500,257500,257000,257500,141,36260000,71,70
145020,2026-03-24,12:35:00,257000,257500,256000,256000,289,74200000,97,192
145020,2026-03-24,12:40:00,256000,257000,256000,256500,147,37700000,98,49
145020,2026-03-24,12:45:00,256500,257500,256000,256500,190,48830000,127,63
145020,2026-03-24,12:50:00,256500,257000,256500,256500,170,43670000,139,31
145020,2026-03-24,12:55:00,256500,257000,256000,256500,277,71080000,196,81
145020,2026-03-24,13:00:00,256000,257000,256000,256500,157,40260000,66,91
145020,2026-03-24,13:05:00,256500,257000,255500,257000,219,56190000,99,120
145020,2026-03-24,13:10:00,256000,257000,256000,256500,301,77270000,143,158
145020,2026-03-24,13:15:00,256500,257000,256000,256500,241,61840000,94,147
145020,2026-03-24,13:20:00,256500,257000,255500,256500,380,97380000,145,235
145020,2026-03-24,13:25:00,256500,257000,256000,256500,188,48230000,46,142
145020,2026-03-24,13:30:00,256000,256500,255500,256000,322,82410000,118,204
145020,2026-03-24,13:35:00,256500,257000,255500,256000,332,85120000,114,218
145020,2026-03-24,13:40:00,255500,257000,255500,256500,305,78270000,240,65
145020,2026-03-24,13:45:00,256500,257000,256500,256500,183,46980000,86,97
145020,2026-03-24,13:50:00,256500,257000,256500,256500,337,86480000,153,184
145020,2026-03-24,13:55:00,257000,258000,256500,257500,595,153020000,517,78
145020,2026-03-24,14:00:00,257500,258000,257000,257000,423,108900000,158,265
145020,2026-03-24,14:05:00,257000,257000,256000,256500,481,123530000,386,95
145020,2026-03-24,14:10:00,256000,256500,255500,255500,218,55800000,106,112
145020,2026-03-24,14:15:00,256000,256000,255500,256000,279,71400000,242,37
145020,2026-03-24,14:20:00,256000,257500,255500,256500,574,147130000,498,76
145020,2026-03-24,14:25:00,256500,257500,255500,256000,311,79750000,141,170
145020,2026-03-24,14:30:00,255500,256000,255500,255500,217,55490000,99,118
145020,2026-03-24,14:35:00,256000,256500,255500,256000,329,84250000,295,34
145020,2026-03-24,14:40:00,256500,257000,256000,257000,324,83100000,240,84
145020,2026-03-24,14:45:00,257000,257000,256500,257000,310,79660000,248,62
145020,2026-03-24,14:50:00,256500,257000,256500,256500,307,78880000,264,43
145020,2026-03-24,14:55:00,256500,257000,256000,257000,521,133750000,341,180
145020,2026-03-24,15:00:00,256500,257000,256500,256500,382,98060000,312,70
145020,2026-03-24,15:05:00,257000,257000,256000,256000,959,246020000,855,104
145020,2026-03-24,15:10:00,256500,256500,256000,256500,344,88190000,246,98
145020,2026-03-24,15:15:00,256250,256500,256000,256000,379,97090000,131,248
145020,2026-03-24,15:20:00,256000,258000,256000,256500,1874,481430000,1536,338
145020,2026-03-24,15:30:00,256500,256500,256500,256500,1853,475290000,1852,0
145020,2026-03-25,09:05:00,257000,260000,257000,258000,2067,533400000,1352,715
145020,2026-03-25,09:10:00,258500,259000,257000,258000,562,145080000,185,377
145020,2026-03-25,09:15:00,258500,260500,258000,259000,267,69160000,216,51
145020,2026-03-25,09:20:00,259000,260000,258000,259000,343,88820000,208,135
145020,2026-03-25,09:25:00,259000,260000,259000,259500,216,55990000,179,37
145020,2026-03-25,09:30:00,259000,260000,258500,260000,255,66100000,147,108
145020,2026-03-25,09:35:00,260500,261000,259000,260500,251,65210000,191,60
145020,2026-03-25,09:40:00,260500,260500,260000,260500,332,86420000,38,294
145020,2026-03-25,09:45:00,261000,261000,260000,261000,84,21880000,71,13
145020,2026-03-25,09:50:00,261000,262000,261000,261000,284,74220000,202,82
145020,2026-03-25,09:55:00,261000,261500,260000,261000,280,73000000,59,221
145020,2026-03-25,10:00:00,261000,261500,260000,261500,566,147450000,358,208
145020,2026-03-25,10:05:00,261500,261500,260500,261000,62,16190000,56,6
145020,2026-03-25,10:10:00,261000,261500,260500,260500,183,47790000,65,118
145020,2026-03-25,10:15:00,261500,261500,259500,260000,187,48650000,26,161
145020,2026-03-25,10:20:00,260000,260500,260000,260000,102,26550000,44,58
145020,2026-03-25,10:25:00,260000,260500,259500,260000,76,19750000,35,41
145020,2026-03-25,10:30:00,260500,260500,259500,260000,72,18720000,59,13
145020,2026-03-25,10:35:00,259500,260000,258500,259000,451,116840000,78,373
145020,2026-03-25,10:40:00,258500,259000,258000,258500,124,32060000,28,96
145020,2026-03-25,10:45:00,259000,259000,258500,258500,315,81470000,76,239
145020,2026-03-25,10:50:00,258500,259000,258500,259000,65,16820000,19,46
145020,2026-03-25,10:55:00,258500,258500,258000,258000,526,135750000,48,478
145020,2026-03-25,11:00:00,257500,259000,256500,257500,1262,324880000,581,681
145020,2026-03-25,11:05:00,257500,257500,252500,254000,5821,1482880000,3989,1832
145020,2026-03-25,11:10:00,253500,255000,252500,255000,663,168010000,241,422
145020,2026-03-25,11:15:00,255000,255000,253000,254000,1440,366100000,321,1119
145020,2026-03-25,11:20:00,254000,255000,254000,255000,448,114020000,310,138
145020,2026-03-25,11:25:00,254500,255000,254000,254500,978,249000000,570,408
145020,2026-03-25,11:30:00,254500,255500,254000,255000,851,216780000,270,581
145020,2026-03-25,11:35:00,255000,255000,254000,254500,324,82430000,62,262
145020,2026-03-25,11:40:00,254500,255500,254000,255000,506,128820000,291,215
145020,2026-03-25,11:45:00,254500,255000,254000,254000,246,62610000,213,33
145020,2026-03-25,11:50:00,254500,254500,254000,254000,111,28230000,76,35
145020,2026-03-25,11:55:00,254500,254500,254000,254000,138,35070000,21,117
145020,2026-03-25,12:00:00,254000,254000,253500,254000,373,94690000,49,324
145020,2026-03-25,12:05:00,254000,254000,253500,254000,87,22060000,13,74
145020,2026-03-25,12:10:00,254000,255500,253500,254500,527,134040000,450,77
145020,2026-03-25,12:15:00,255500,255500,254000,254000,384,97700000,106,278
145020,2026-03-25,12:20:00,254000,254000,253500,253500,167,42400000,124,43
145020,2026-03-25,12:25:00,254000,255500,254000,254500,514,130910000,320,194
145020,2026-03-25,12:30:00,254500,255500,254000,255000,215,54800000,190,25
145020,2026-03-25,12:35:00,255500,255500,254500,254500,134,34180000,102,32
145020,2026-03-25,12:40:00,255000,255500,254500,255000,219,55860000,92,127
145020,2026-03-25,12:45:00,255500,255500,255000,255500,199,50760000,45,154
145020,2026-03-25,12:50:00,255000,255500,254500,254500,307,78310000,42,265
145020,2026-03-25,12:55:00,255000,256000,255000,256000,431,110060000,378,53
145020,2026-03-25,13:00:00,255500,256000,254500,255500,421,107500000,173,248
145020,2026-03-25,13:05:00,256000,256000,255000,256000,631,161220000,239,392
145020,2026-03-25,13:10:00,256000,256500,255500,256000,404,103420000,368,36
145020,2026-03-25,13:15:00,256500,257500,256000,257000,644,165390000,307,337
145020,2026-03-25,13:20:00,256000,257000,256000,257000,231,59340000,189,42
145020,2026-03-25,13:25:00,257000,257000,256500,257000,271,69610000,208,63
145020,2026-03-25,13:30:00,256500,257000,256500,256500,168,43150000,107,61
145020,2026-03-25,13:35:00,256500,257000,256500,257000,245,62920000,150,95
145020,2026-03-25,13:40:00,257000,257000,256500,257000,221,56760000,158,63
145020,2026-03-25,13:45:00,256500,257500,256000,257500,1239,318000000,978,261
145020,2026-03-25,13:50:00,257500,258000,257000,257500,337,86750000,271,66
145020,2026-03-25,13:55:00,257500,258000,257000,257500,312,80310000,221,91
145020,2026-03-25,14:00:00,257500,258000,257000,258000,422,108710000,345,77
145020,2026-03-25,14:05:00,258000,258000,257500,258000,312,80460000,243,69
145020,2026-03-25,14:10:00,257500,259500,257500,259500,1285,332340000,1238,47
145020,2026-03-25,14:15:00,259500,260500,259500,260000,724,188390000,526,198
145020,2026-03-25,14:20:00,260000,260500,259500,260000,407,105780000,272,135
145020,2026-03-25,14:25:00,260000,260000,259000,260000,418,108600000,313,105
145020,2026-03-25,14:30:00,260000,260000,259000,259500,343,89000000,200,143
145020,2026-03-25,14:35:00,259500,259500,258500,258500,521,134910000,356,165
145020,2026-03-25,14:40:00,258500,259000,258000,259000,344,88970000,255,89
145020,2026-03-25,14:45:00,259000,259500,258500,259500,387,100200000,242,145
145020,2026-03-25,14:50:00,259500,259500,258500,259000,347,89870000,258,89
145020,2026-03-25,14:55:00,259000,259000,258500,259000,401,103810000,288,113
145020,2026-03-25,15:00:00,258500,259000,258000,258000,428,110660000,268,160
145020,2026-03-25,15:05:00,258000,258500,257500,258500,850,219310000,276,574
145020,2026-03-25,15:10:00,258500,260000,258000,258000,851,220100000,670,181
145020,2026-03-25,15:15:00,258500,258500,258000,258500,383,98950000,276,107
145020,2026-03-25,15:20:00,258000,258500,256500,258000,1190,306610000,576,614
145020,2026-03-25,15:30:00,258000,258000,258000,258000,1000,258000000,1000,0
145020,2026-03-26,09:05:00,255000,261500,255000,260500,1477,381400000,1015,462
145020,2026-03-26,09:10:00,260500,261000,258000,259000,1418,368150000,840,578
145020,2026-03-26,09:15:00,259500,262000,259500,262000,1597,416410000,1235,362
145020,2026-03-26,09:20:00,261500,263500,261000,263000,3323,870600000,2371,952
145020,2026-03-26,09:25:00,263000,265000,262500,263000,2133,562610000,1194,939
145020,2026-03-26,09:30:00,262500,263500,262500,262500,452,118900000,423,29
145020,2026-03-26,09:35:00,263000,264500,260000,264500,1103,289950000,711,392
145020,2026-03-26,09:40:00,264500,264500,263500,264500,558,147260000,299,259
145020,2026-03-26,09:45:00,264500,265000,263000,263500,1601,422720000,321,1280
145020,2026-03-26,09:50:00,263500,263500,261000,262500,638,167400000,161,477
145020,2026-03-26,09:55:00,262500,264000,262000,263500,787,206690000,472,315
145020,2026-03-26,10:00:00,263000,264000,263000,263500,250,65890000,190,60
145020,2026-03-26,10:05:00,263500,264000,263000,263500,353,93020000,349,4
145020,2026-03-26,10:10:00,263500,263500,263000,263500,176,46350000,136,40
145020,2026-03-26,10:15:00,263500,264000,263000,263000,765,201510000,600,165
145020,2026-03-26,10:20:00,263500,263500,260500,261000,1089,284950000,488,601
145020,2026-03-26,10:25:00,261000,262000,260000,262000,818,213510000,361,457
145020,2026-03-26,10:30:00,261500,263000,261000,262500,369,96620000,311,58
145020,2026-03-26,10:35:00,262500,262500,261500,262500,256,67110000,203,53
145020,2026-03-26,10:40:00,262000,262500,261000,261500,625,163520000,146,479
145020,2026-03-26,10:45:00,261000,261500,260000,260500,306,79790000,87,219
145020,2026-03-26,10:50:00,260500,261000,260500,261000,152,39600000,151,1
145020,2026-03-26,10:55:00,260500,260500,259000,259500,828,214960000,121,707
145020,2026-03-26,11:00:00,259500,260500,259000,260000,665,172810000,354,311
145020,2026-03-26,11:05:00,260000,261000,259500,260000,392,102080000,199,193
145020,2026-03-26,11:10:00,260500,260500,260000,260500,263,68490000,228,35
145020,2026-03-26,11:15:00,260500,260500,259000,259000,654,169650000,327,327
145020,2026-03-26,11:20:00,259500,259500,258500,259000,315,81620000,118,197
145020,2026-03-26,11:25:00,258500,259500,258500,258500,426,110310000,179,247
145020,2026-03-26,11:30:00,258500,259000,258500,259000,298,77070000,84,214
145020,2026-03-26,11:35:00,259000,259000,257500,257500,661,170530000,164,497
145020,2026-03-26,11:40:00,257500,259000,257500,259000,535,138050000,348,187
145020,2026-03-26,11:45:00,259000,260000,259000,259500,329,85310000,212,117
145020,2026-03-26,11:50:00,259500,260000,259000,259500,313,81210000,179,134
145020,2026-03-26,11:55:00,259000,259500,258500,258500,286,74120000,94,192
145020,2026-03-26,12:00:00,258500,259000,258500,259000,161,41670000,139,22
145020,2026-03-26,12:05:00,259000,259500,258500,259000,502,129910000,266,236
145020,2026-03-26,12:10:00,259000,259000,258500,259000,239,61860000,167,72
145020,2026-03-26,12:15:00,259000,259500,258500,259500,279,72270000,206,73
145020,2026-03-26,12:20:00,259000,260000,259000,260000,296,76800000,266,30
145020,2026-03-26,12:25:00,259500,260000,259500,260000,405,105200000,354,51
145020,2026-03-26,12:30:00,260000,261000,259500,261000,387,100770000,282,105
145020,2026-03-26,12:35:00,261000,261500,261000,261500,205,53580000,169,36
145020,2026-03-26,12:40:00,261500,262000,261000,261500,390,101930000,173,217
145020,2026-03-26,12:45:00,261500,261500,260000,261000,299,77950000,98,201
145020,2026-03-26,12:50:00,260500,261000,260500,261000,168,43840000,149,19
145020,2026-03-26,12:55:00,261000,261000,260500,261000,229,59760000,203,26
145020,2026-03-26,13:00:00,261000,261000,260500,261000,227,59240000,188,39
145020,2026-03-26,13:05:00,261000,261000,260000,261000,332,86520000,127,205
145020,2026-03-26,13:10:00,261000,261000,261000,261000,246,64210000,217,29
145020,2026-03-26,13:15:00,261000,261000,260500,261000,228,59480000,163,65
145020,2026-03-26,13:20:00,261000,261000,259500,260000,293,76360000,130,163
145020,2026-03-26,13:25:00,260000,260500,259500,260000,211,54860000,126,85
145020,2026-03-26,13:30:00,259500,260000,259500,260000,163,42380000,105,58
145020,2026-03-26,13:35:00,260000,260500,259000,259000,350,90880000,114,236
145020,2026-03-26,13:40:00,259000,259500,258500,258500,379,98110000,146,233
145020,2026-03-26,13:45:00,258500,259000,257500,258000,451,116340000,202,249
145020,2026-03-26,13:50:00,258000,258500,257500,258500,134,34580000,133,1
145020,2026-03-26,13:55:00,258500,258500,257000,257500,415,106990000,134,281
145020,2026-03-26,14:00:00,257500,258000,257500,258000,381,98140000,320,61
145020,2026-03-26,14:05:00,258000,258000,257500,258000,308,79440000,254,54
145020,2026-03-26,14:10:00,258000,258000,256500,257000,1020,262530000,540,480
145020,2026-03-26,14:15:00,257000,257000,256500,257000,383,98330000,169,214
145020,2026-03-26,14:20:00,257000,257500,256500,257000,515,132360000,249,266
145020,2026-03-26,14:25:00,257000,257000,255500,256000,555,142190000,144,411
145020,2026-03-26,14:30:00,256000,256000,255000,255500,520,132820000,266,254
145020,2026-03-26,14:35:00,255500,255500,254000,254000,709,180700000,177,532
145020,2026-03-26,14:40:00,254500,255000,254000,254500,691,175880000,438,253
145020,2026-03-26,14:45:00,254500,256000,254500,255500,677,172840000,612,65
145020,2026-03-26,14:50:00,255500,256000,255000,255500,822,210050000,644,178
145020,2026-03-26,14:55:00,255500,256500,255000,255500,1115,285040000,788,327
145020,2026-03-26,15:00:00,255000,256500,255000,255500,1011,258650000,629,382
145020,2026-03-26,15:05:00,255000,255500,255000,255500,846,215960000,467,379
145020,2026-03-26,15:10:00,255500,255500,254500,254500,870,222000000,376,494
145020,2026-03-26,15:15:00,254500,255500,254500,255000,994,253660000,900,94
145020,2026-03-26,15:20:00,255000,255500,254000,254500,1516,386370000,797,719
145020,2026-03-26,15:30:00,254500,254500,254500,254500,1085,276130000,1085,0
145020,2026-03-27,09:05:00,248500,254000,248000,252500,2355,591460000,1135,1220
145020,2026-03-27,09:10:00,251000,256000,251000,255000,1653,419600000,970,683
145020,2026-03-27,09:15:00,254000,254500,253000,254000,542,137400000,176,366
145020,2026-03-27,09:20:00,254500,255000,254000,254500,110,27970000,56,54
145020,2026-03-27,09:25:00,254000,257000,254000,256000,1648,420440000,1033,615
145020,2026-03-27,09:30:00,256000,256000,255000,255500,498,127100000,167,331
145020,2026-03-27,09:35:00,256000,258000,255500,258000,780,200350000,642,138
145020,2026-03-27,09:40:00,258000,258000,257000,257500,626,161230000,289,337
145020,2026-03-27,09:45:00,257500,257500,256500,256500,255,65510000,103,152
145020,2026-03-27,09:50:00,256500,257000,255000,255250,370,94660000,50,320
145020,2026-03-27,09:55:00,255250,257000,255000,255500,616,157380000,301,315
145020,2026-03-27,10:00:00,255000,256000,255000,255000,250,63870000,65,185
145020,2026-03-27,10:05:00,255500,256000,254500,256000,847,216220000,558,289
145020,2026-03-27,10:10:00,256000,257500,255500,257500,494,126660000,446,48
145020,2026-03-27,10:15:00,257500,259500,257000,259500,720,186190000,674,46
145020,2026-03-27,10:20:00,259500,259500,258500,259000,258,66870000,135,123
145020,2026-03-27,10:25:00,259000,259500,258500,259000,159,41160000,60,99
145020,2026-03-27,10:30:00,259000,259500,258000,259500,422,109040000,198,224
145020,2026-03-27,10:35:00,259500,259500,258000,258500,226,58490000,96,130
145020,2026-03-27,10:40:00,258500,259500,258000,259500,151,39060000,85,66
145020,2026-03-27,10:45:00,259000,259500,258500,259000,162,41970000,80,82
145020,2026-03-27,10:50:00,259000,259500,258000,259000,419,108450000,291,128
145020,2026-03-27,10:55:00,259000,262000,258500,261000,1716,446380000,1352,364
145020,2026-03-27,11:00:00,261000,262000,260500,261000,1941,506890000,1713,228
145020,2026-03-27,11:05:00,262000,262000,261000,261000,264,69010000,123,141
145020,2026-03-27,11:10:00,261000,261000,258500,259500,445,115740000,149,296
145020,2026-03-27,11:15:00,259000,260000,259000,259500,200,51880000,113,87
145020,2026-03-27,11:20:00,259000,259500,258000,259000,245,63400000,55,190
145020,2026-03-27,11:25:00,258500,258500,257000,257500,434,111900000,83,351
145020,2026-03-27,11:30:00,257500,259000,257000,259000,331,85500000,194,137
145020,2026-03-27,11:35:00,259000,259000,257500,258500,307,79240000,190,117
145020,2026-03-27,11:40:00,258500,259000,257500,258500,244,63070000,156,88
145020,2026-03-27,11:45:00,258500,259000,257500,258500,199,51390000,99,100
145020,2026-03-27,11:50:00,258500,260000,257000,257500,519,134070000,229,290
145020,2026-03-27,11:55:00,257000,259000,257000,257000,253,65230000,170,83
145020,2026-03-27,12:00:00,257500,259000,257500,258500,431,111290000,108,323
145020,2026-03-27,12:05:00,258500,258500,257500,258000,228,58850000,122,106
145020,2026-03-27,12:10:00,258500,258500,257500,258000,249,64250000,133,116
145020,2026-03-27,12:15:00,258000,259000,257500,258500,284,73370000,191,93
145020,2026-03-27,12:20:00,257500,259000,257500,258000,203,52380000,120,83
145020,2026-03-27,12:25:00,257500,258500,257000,258000,242,62360000,166,76
145020,2026-03-27,12:30:00,257500,257500,254500,257000,982,251420000,475,507
145020,2026-03-27,12:35:00,257000,257500,256000,257500,324,83230000,218,106
145020,2026-03-27,12:40:00,257500,258500,256500,257500,439,112970000,296,143
145020,2026-03-27,12:45:00,257500,258000,256000,256500,397,102040000,170,227
145020,2026-03-27,12:50:00,256500,257000,256000,256500,227,58230000,102,125
145020,2026-03-27,12:55:00,256500,257000,256000,256500,178,45650000,121,57
145020,2026-03-27,13:00:00,256500,258000,256000,257500,276,71000000,153,123
145020,2026-03-27,13:05:00,257000,257500,256000,256500,330,84700000,165,165
145020,2026-03-27,13:10:00,256000,257000,255000,255500,370,94890000,99,271
145020,2026-03-27,13:15:00,256000,257000,255500,256000,441,112920000,187,254
145020,2026-03-27,13:20:00,255500,257000,255500,256500,243,62230000,117,126
145020,2026-03-27,13:25:00,256000,257000,256000,256500,199,51050000,137,62
145020,2026-03-27,13:30:00,256000,257000,256000,256500,260,66660000,128,132
145020,2026-03-27,13:35:00,256000,257000,256000,257000,263,67510000,174,89
145020,2026-03-27,13:40:00,256500,257500,256000,256500,278,71350000,160,118
145020,2026-03-27,13:45:00,256500,257000,255500,256000,327,83860000,154,173
145020,2026-03-27,13:50:00,256500,256500,256000,256000,306,78410000,142,164
145020,2026-03-27,13:55:00,256500,257500,256000,257000,389,99810000,224,165
145020,2026-03-27,14:00:00,256500,258000,256000,258000,301,77380000,220,81
145020,2026-03-27,14:05:00,257500,258000,257500,257500,272,70130000,168,104
145020,2026-03-27,14:10:00,257500,258000,257000,257500,500,128700000,293,207
145020,2026-03-27,14:15:00,258000,258500,257000,258500,492,126860000,200,292
145020,2026-03-27,14:20:00,258500,258500,257000,257500,387,99740000,202,185
145020,2026-03-27,14:25:00,257500,258000,256500,257500,601,154610000,174,427
145020,2026-03-27,14:30:00,257000,258000,256500,257500,417,107320000,243,174
145020,2026-03-27,14:35:00,258000,258500,257000,257500,711,183400000,464,247
145020,2026-03-27,14:40:00,258000,258000,257000,257500,348,89590000,163,185
145020,2026-03-27,14:45:00,257000,258000,257000,257500,263,67780000,149,114
145020,2026-03-27,14:50:00,257500,258500,257500,257500,396,102120000,273,123
145020,2026-03-27,14:55:00,257500,258000,257500,258000,263,67810000,161,102
145020,2026-03-27,15:00:00,257500,258000,257500,258000,377,97150000,131,246
145020,2026-03-27,15:05:00,258000,258500,257500,257500,262,67540000,155,107
145020,2026-03-27,15:10:00,258000,258000,257500,257500,352,90730000,234,118
145020,2026-03-27,15:15:00,258000,258500,257000,258000,799,205830000,410,389
145020,2026-03-27,15:20:00,257500,259000,257500,258000,722,186680000,507,215
145020,2026-03-27,15:30:00,259500,259500,259500,259500,882,228880000,882,0
145020,2026-03-30,09:05:00,256000,258500,251000,255500,1848,469850000,1120,728
145020,2026-03-30,09:10:00,257000,257000,253500,254500,435,110830000,94,341
145020,2026-03-30,09:15:00,254500,257000,254000,257000,755,192630000,474,281
145020,2026-03-30,09:20:00,257000,261000,255500,259000,1768,455920000,1055,713
145020,2026-03-30,09:25:00,259000,260000,258000,258000,503,130290000,112,391
145020,2026-03-30,09:30:00,258000,258500,257000,257500,264,68070000,116,148
145020,2026-03-30,09:35:00,257500,258500,256000,256500,271,69620000,76,195
145020,2026-03-30,09:40:00,256500,257000,256000,256000,225,57640000,64,161
145020,2026-03-30,09:45:00,256000,256500,255500,256000,197,50430000,39,158
145020,2026-03-30,09:50:00,256000,256500,254500,255000,408,104230000,134,274
145020,2026-03-30,09:55:00,255000,256000,255000,255000,171,43690000,92,79
145020,2026-03-30,10:00:00,255000,255500,254000,254500,430,109550000,100,330
145020,2026-03-30,10:05:00,254500,255500,254000,254000,402,102230000,94,308
145020,2026-03-30,10:10:00,254000,254500,253500,254000,283,71850000,50,233
145020,2026-03-30,10:15:00,254500,254500,254000,254000,123,31280000,62,61
145020,2026-03-30,10:20:00,254500,254500,253000,253000,247,62630000,50,197
145020,2026-03-30,10:25:00,253500,253500,252500,253000,553,139770000,116,437
145020,2026-03-30,10:30:00,253000,253000,251500,252500,644,162310000,80,564
145020,2026-03-30,10:35:00,252500,254000,252000,254000,226,57110000,204,22
145020,2026-03-30,10:40:00,254000,254500,252000,253000,520,131440000,268,252
145020,2026-03-30,10:45:00,253500,253500,252500,252500,213,53890000,157,56
145020,2026-03-30,10:50:00,254000,254000,252500,254000,284,71910000,228,56
145020,2026-03-30,10:55:00,253500,254000,253000,253000,250,63380000,158,92
145020,2026-03-30,11:00:00,253000,254000,253000,254000,82,20820000,75,7
145020,2026-03-30,11:05:00,254000,254000,252500,253000,219,55460000,89,130
145020,2026-03-30,11:10:00,253000,253500,252500,252500,220,55670000,167,53
145020,2026-03-30,11:15:00,253000,253500,252500,253000,123,31130000,97,26
145020,2026-03-30,11:20:00,253000,253500,252000,252000,560,141390000,195,365
145020,2026-03-30,11:25:00,252500,252500,251500,251500,956,240850000,281,675
145020,2026-03-30,11:30:00,251500,252000,251500,252000,281,70800000,254,27
145020,2026-03-30,11:35:00,252000,252500,250500,250750,804,202250000,413,391
145020,2026-03-30,11:40:00,251000,252000,250500,251500,148,37180000,107,41
145020,2026-03-30,11:45:00,252000,252000,251000,251000,108,27160000,69,39
145020,2026-03-30,11:50:00,251000,252000,251000,252000,81,20390000,65,16
145020,2026-03-30,11:55:00,251500,252000,251500,251500,311,78310000,192,119
145020,2026-03-30,12:00:00,252000,252000,251500,251500,136,34260000,115,21
145020,2026-03-30,12:05:00,252500,252500,251500,252000,131,33030000,46,85
145020,2026-03-30,12:10:00,252000,252000,251500,251500,134,33760000,114,20
145020,2026-03-30,12:15:00,252000,253000,251500,252000,465,117350000,212,253
145020,2026-03-30,12:20:00,252000,252500,252000,252500,89,22460000,63,26
145020,2026-03-30,12:25:00,252500,253000,252000,252500,330,83390000,303,27
145020,2026-03-30,12:30:00,253000,253000,252000,252000,202,51010000,78,124
145020,2026-03-30,12:35:00,252000,252500,252000,252000,193,48670000,69,124
145020,2026-03-30,12:40:00,252500,252500,252000,252500,141,35550000,44,97
145020,2026-03-30,12:45:00,252000,252500,252000,252000,280,70580000,26,254
145020,2026-03-30,12:50:00,252000,252500,251500,251500,190,47870000,26,164
145020,2026-03-30,12:55:00,252000,252000,251500,252000,298,75080000,262,36
145020,2026-03-30,13:00:00,251500,252000,251500,252000,156,39260000,60,96
145020,2026-03-30,13:05:00,252000,252000,251000,251500,532,133730000,83,449
145020,2026-03-30,13:10:00,251000,251500,250500,251500,943,236800000,503,440
145020,2026-03-30,13:15:00,251500,252000,251000,251000,345,86740000,46,299
145020,2026-03-30,13:20:00,251000,251500,250500,250500,285,71530000,82,203
145020,2026-03-30,13:25:00,251000,251000,250500,250750,257,64480000,182,75
145020,2026-03-30,13:30:00,251000,251000,250500,250500,408,102380000,338,70
145020,2026-03-30,13:35:00,251000,251500,250500,251500,498,125020000,390,108
145020,2026-03-30,13:40:00,251000,251000,250500,251000,312,78300000,261,51
145020,2026-03-30,13:45:00,251000,251000,250500,250500,234,58710000,174,60
145020,2026-03-30,13:50:00,250500,251000,249000,249500,2172,542460000,670,1502
145020,2026-03-30,13:55:00,249000,249500,248500,249000,553,137640000,105,448
145020,2026-03-30,14:00:00,248500,249000,248000,248000,766,190370000,203,563
145020,2026-03-30,14:05:00,248500,248500,248000,248000,647,160600000,285,362
145020,2026-03-30,14:10:00,248500,248500,248000,248500,341,84660000,170,171
145020,2026-03-30,14:15:00,248000,249000,248000,248000,530,131610000,189,341
145020,2026-03-30,14:20:00,248000,248000,247000,247000,1090,269770000,116,974
145020,2026-03-30,14:25:00,247500,247500,247000,247500,331,81800000,88,243
145020,2026-03-30,14:30:00,247000,247500,247000,247000,365,90190000,65,300
145020,2026-03-30,14:35:00,247000,247500,246500,246500,563,138960000,154,409
145020,2026-03-30,14:40:00,246500,247000,246500,246500,438,108030000,126,312
145020,2026-03-30,14:45:00,247000,247000,246500,247000,413,101850000,95,318
145020,2026-03-30,14:50:00,246500,247000,246500,247000,555,136970000,326,229
145020,2026-03-30,14:55:00,247000,247000,246000,246000,945,232800000,252,693
145020,2026-03-30,15:00:00,246000,246500,246000,246000,585,143950000,64,521
145020,2026-03-30,15:05:00,246000,246500,245500,246000,585,144010000,213,372
145020,2026-03-30,15:10:00,246000,247000,245500,246000,1691,416300000,1056,635
145020,2026-03-30,15:15:00,246000,246500,246000,246500,789,194280000,349,440
145020,2026-03-30,15:20:00,246500,248500,245500,248000,1453,357630000,672,781
145020,2026-03-30,15:30:00,246000,246000,246000,246000,1422,349810000,1420,0
145020,2026-03-31,09:05:00,245000,245000,241000,241500,893,217050000,354,539
145020,2026-03-31,09:10:00,241500,243500,239500,241500,1983,477590000,737,1246
145020,2026-03-31,09:15:00,241500,242500,240000,241000,1543,371510000,647,896
145020,2026-03-31,09:20:00,241000,243000,240500,243000,894,216070000,427,467
145020,2026-03-31,09:25:00,243000,243500,241000,241500,487,117830000,141,346
145020,2026-03-31,09:30:00,242500,242500,241000,242500,331,80010000,123,208
145020,2026-03-31,09:35:00,242500,242500,240500,241500,389,93900000,118,271
145020,2026-03-31,09:40:00,241500,242000,240000,240000,370,89220000,123,247
145020,2026-03-31,09:45:00,240500,243500,240000,243000,948,228570000,456,492
145020,2026-03-31,09:50:00,242500,245000,242500,244500,895,218380000,296,599
145020,2026-03-31,09:55:00,244500,244500,240000,242000,412,100080000,81,331
145020,2026-03-31,10:00:00,242000,243000,241500,242500,139,33630000,57,82
145020,2026-03-31,10:05:00,242500,243000,241000,241500,363,87930000,137,226
145020,2026-03-31,10:10:00,241000,241000,240000,240500,629,151220000,239,390
145020,2026-03-31,10:15:00,241000,243000,240500,241000,358,86540000,186,172
145020,2026-03-31,10:20:00,242000,242500,241000,241000,468,113170000,209,259
145020,2026-03-31,10:25:00,241000,242500,241000,242000,319,77070000,83,236
145020,2026-03-31,10:30:00,242000,243000,241500,242250,116,28100000,12,104
145020,2026-03-31,10:35:00,242500,244500,242000,244500,593,144300000,322,271
145020,2026-03-31,10:40:00,244500,245500,243500,244500,341,83320000,173,168
145020,2026-03-31,10:45:00,244500,245000,244000,244000,268,65510000,82,186
145020,2026-03-31,10:50:00,244000,244500,243500,244000,164,40020000,29,135
145020,2026-03-31,10:55:00,244500,244500,244000,244000,57,13920000,32,25
145020,2026-03-31,11:00:00,243750,244000,243500,244000,302,73570000,71,231
145020,2026-03-31,11:05:00,243500,244000,243000,243000,171,41620000,83,88
145020,2026-03-31,11:10:00,243500,244500,243000,243500,362,88240000,152,210
145020,2026-03-31,11:15:00,243500,244000,243000,243500,232,56500000,143,89
145020,2026-03-31,11:20:00,244000,244000,243000,243000,67,16310000,9,58
145020,2026-03-31,11:25:00,243500,244000,243000,243000,309,75170000,106,203
145020,2026-03-31,11:30:00,242500,243000,242500,242500,110,26700000,57,53
145020,2026-03-31,11:35:00,242500,243000,242000,242000,207,50240000,78,129
145020,2026-03-31,11:40:00,242500,242500,242000,242000,291,70500000,51,240
145020,2026-03-31,11:45:00,242000,242500,241500,241750,96,23230000,28,68
145020,2026-03-31,11:50:00,242000,242500,242000,242000,59,14280000,15,44
145020,2026-03-31,11:55:00,242000,242500,242000,242000,41,9920000,8,33
145020,2026-03-31,12:00:00,242000,242500,242000,242000,43,10410000,4,39
145020,2026-03-31,12:05:00,242000,242500,242000,242000,98,23720000,1,97
145020,2026-03-31,12:10:00,242000,242500,241500,241500,81,19590000,47,34
145020,2026-03-31,12:15:00,241500,242500,241500,242000,168,40690000,122,46
145020,2026-03-31,12:20:00,242000,242000,241500,242000,59,14270000,45,14
145020,2026-03-31,12:25:00,241500,242500,241500,242000,1050,254440000,509,541
145020,2026-03-31,12:30:00,242000,243000,242000,243000,128,31030000,87,41
145020,2026-03-31,12:35:00,242500,242500,241500,241500,144,34860000,54,90
145020,2026-03-31,12:40:00,242000,242000,241500,242000,110,26600000,74,36
145020,2026-03-31,12:45:00,241500,242000,241000,241000,519,125250000,51,468
145020,2026-03-31,12:50:00,241000,241500,240500,240500,235,56650000,65,170
145020,2026-03-31,12:55:00,240500,241000,240500,241000,304,73150000,74,230
145020,2026-03-31,13:00:00,240500,241000,240500,240500,176,42350000,31,145
145020,2026-03-31,13:05:00,241000,242000,240500,241500,275,66290000,135,140
145020,2026-03-31,13:10:00,241000,241500,240750,241000,362,87240000,140,222
145020,2026-03-31,13:15:00,241000,241500,240500,240500,287,69180000,44,243
145020,2026-03-31,13:20:00,241000,242500,240500,241500,916,221100000,570,346
145020,2026-03-31,13:25:00,242500,243000,241500,242500,601,145670000,352,249
145020,2026-03-31,13:30:00,243000,243000,240500,241000,1361,329240000,520,841
145020,2026-03-31,13:35:00,241000,243500,241000,243000,623,150980000,362,261
145020,2026-03-31,13:40:00,242500,244000,242500,242500,750,182400000,502,248
145020,2026-03-31,13:45:00,242500,243000,241500,242000,759,183920000,252,507
145020,2026-03-31,13:50:00,242000,243000,242000,242000,167,40490000,47,120
145020,2026-03-31,13:55:00,242000,242500,242000,242500,373,90380000,187,186
145020,2026-03-31,14:00:00,242000,243000,242000,242500,313,75870000,227,86
145020,2026-03-31,14:05:00,242000,243500,242000,243000,482,117030000,354,128
145020,2026-03-31,14:10:00,243500,243500,242500,242500,171,41540000,84,87
145020,2026-03-31,14:15:00,242500,244000,242500,243000,369,89670000,265,104
145020,2026-03-31,14:20:00,242500,242500,242000,242500,1301,315320000,285,1016
145020,2026-03-31,14:25:00,242000,242500,242000,242500,825,199690000,93,732
145020,2026-03-31,14:30:00,242500,242500,241000,241500,655,158530000,80,575
145020,2026-03-31,14:35:00,241000,242000,241000,241500,605,145890000,124,481
145020,2026-03-31,14:40:00,242000,242000,241500,242000,205,49600000,85,120
145020,2026-03-31,14:45:00,242500,242500,242000,242500,375,90860000,219,156
145020,2026-03-31,14:50:00,242500,243500,242000,242500,570,138420000,493,77
145020,2026-03-31,14:55:00,243000,244000,242000,243000,740,179690000,488,252
145020,2026-03-31,15:00:00,242000,243000,242000,242000,995,241250000,608,387
145020,2026-03-31,15:05:00,242500,243500,240500,241000,2960,715600000,788,2172
145020,2026-03-31,15:10:00,241000,241500,240000,240000,2034,489540000,414,1620
145020,2026-03-31,15:15:00,240000,241000,239500,240000,441,105900000,141,300
145020,2026-03-31,15:20:00,240000,242000,239500,240500,1113,267740000,436,677
145020,2026-03-31,15:30:00,240500,240500,240500,240500,814,195770000,814,0
145020,2026-04-01,09:05:00,247500,251000,246500,247500,1027,254530000,771,256
145020,2026-04-01,09:10:00,248000,249500,246500,248500,850,210710000,486,364
145020,2026-04-01,09:15:00,248500,249500,247000,248000,344,85240000,85,259
145020,2026-04-01,09:20:00,247500,248500,247500,248500,194,48080000,73,121
145020,2026-04-01,09:25:00,248500,248500,246500,246500,439,108620000,64,375
145020,2026-04-01,09:30:00,247500,248500,246500,248500,293,72630000,234,59
145020,2026-04-01,09:35:00,248500,249000,247500,248500,396,98490000,188,208
145020,2026-04-01,09:40:00,249000,250000,248500,249500,164,40860000,82,82
145020,2026-04-01,09:45:00,249500,250000,248500,250000,251,62630000,141,110
145020,2026-04-01,09:50:00,249000,250000,249000,249000,317,79090000,143,174
145020,2026-04-01,09:55:00,249500,250000,249000,249500,350,87350000,256,94
145020,2026-04-01,10:00:00,249500,250000,249000,250000,161,40210000,83,78
145020,2026-04-01,10:05:00,249500,250500,248500,248500,259,64660000,120,139
145020,2026-04-01,10:10:00,248500,249500,247500,248500,314,77940000,74,240
145020,2026-04-01,10:15:00,249500,249500,248000,249500,282,70240000,148,134
145020,2026-04-01,10:20:00,249500,250000,249000,250000,327,81640000,248,79
145020,2026-04-01,10:25:00,250000,250000,249500,249500,220,54980000,155,65
145020,2026-04-01,10:30:00,249500,250000,249000,249000,284,70790000,124,160
145020,2026-04-01,10:35:00,249000,249500,248500,249500,192,47800000,152,40
145020,2026-04-01,10:40:00,249500,250000,248500,249500,253,63070000,128,125
145020,2026-04-01,10:45:00,249000,249500,248500,249000,179,44550000,96,83
145020,2026-04-01,10:50:00,248000,249500,248000,248500,197,49000000,87,110
145020,2026-04-01,10:55:00,248000,248500,247500,247500,230,57040000,73,157
145020,2026-04-01,11:00:00,247500,248000,247000,248000,230,56930000,94,136
145020,2026-04-01,11:05:00,248500,249500,247500,249500,401,99600000,291,110
145020,2026-04-01,11:10:00,249500,250000,248500,249500,456,113810000,183,273
145020,2026-04-01,11:15:00,250000,252500,249500,252500,1815,455250000,1326,489
145020,2026-04-01,11:20:00,252500,254000,252000,254000,810,205070000,560,250
145020,2026-04-01,11:25:00,254000,256000,253500,256000,1224,311900000,983,241
145020,2026-04-01,11:30:00,256000,256500,255500,256500,555,142160000,306,249
145020,2026-04-01,11:35:00,256000,257000,255500,256500,657,168420000,491,166
145020,2026-04-01,11:40:00,256500,257500,256250,257000,472,121290000,340,132
145020,2026-04-01,11:45:00,257000,258500,256750,258000,731,188380000,536,195
145020,2026-04-01,11:50:00,258000,259000,258000,258000,827,213870000,563,264
145020,2026-04-01,11:55:00,258000,259000,256000,258000,453,116930000,273,180
145020,2026-04-01,12:00:00,258000,258000,256000,257000,672,172900000,297,375
145020,2026-04-01,12:05:00,257000,257500,256000,257000,555,142490000,354,201
145020,2026-04-01,12:10:00,257000,257500,256500,257500,316,81280000,179,137
145020,2026-04-01,12:15:00,257500,258000,256000,258000,357,91780000,271,86
145020,2026-04-01,12:20:00,257500,257500,256000,257500,416,106970000,199,217
145020,2026-04-01,12:25:00,257500,258000,257000,257500,380,97900000,273,107
145020,2026-04-01,12:30:00,257500,258500,257500,258500,433,111760000,365,68
145020,2026-04-01,12:35:00,258500,259000,257500,258000,631,163100000,351,280
145020,2026-04-01,12:40:00,258000,259000,257000,258000,389,100430000,227,162
145020,2026-04-01,12:45:00,258000,259000,258000,259000,435,112510000,310,125
145020,2026-04-01,12:50:00,259000,259000,258000,259000,377,97550000,266,111
145020,2026-04-01,12:55:00,258500,259000,258500,259000,412,106610000,293,119
145020,2026-04-01,13:00:00,259000,259500,258000,258000,342,88560000,237,105
145020,2026-04-01,13:05:00,259000,259500,258000,259000,521,134990000,446,75
145020,2026-04-01,13:10:00,259500,259500,258500,259500,507,131500000,346,161
145020,2026-04-01,13:15:00,259500,260000,258500,259000,410,106380000,192,218
145020,2026-04-01,13:20:00,259000,260000,258500,259000,429,111260000,290,139
145020,2026-04-01,13:25:00,259000,259500,258000,258500,570,147500000,280,290
145020,2026-04-01,13:30:00,258500,259000,258000,258500,700,180830000,335,365
145020,2026-04-01,13:35:00,259000,259500,257500,259000,557,143870000,407,150
145020,2026-04-01,13:40:00,258500,259000,257500,258000,621,160550000,263,358
145020,2026-04-01,13:45:00,258000,259500,258000,258500,489,126430000,231,258
145020,2026-04-01,13:50:00,258000,259500,257500,257500,489,126550000,298,191
145020,2026-04-01,13:55:00,257500,259500,257000,258000,645,166790000,439,206
145020,2026-04-01,14:00:00,258000,259500,258000,258500,530,137310000,310,220
145020,2026-04-01,14:05:00,259000,259500,258500,258500,453,117340000,292,161
145020,2026-04-01,14:10:00,259500,260000,258500,259500,580,150530000,413,167
145020,2026-04-01,14:15:00,260000,261000,258500,260000,1606,417250000,1086,520
145020,2026-04-01,14:20:00,260500,260500,258750,260000,558,144880000,252,306
145020,2026-04-01,14:25:00,259500,260000,259000,259500,415,107800000,213,202
145020,2026-04-01,14:30:00,259500,260000,258500,259000,431,111740000,229,202
145020,2026-04-01,14:35:00,259000,260000,258500,259500,575,149110000,398,177
145020,2026-04-01,14:40:00,259000,260000,258000,259000,596,154440000,322,274
145020,2026-04-01,14:45:00,259000,259500,258500,259000,450,116610000,316,134
145020,2026-04-01,14:50:00,259000,260500,258500,260500,1694,439680000,1296,398
145020,2026-04-01,14:55:00,260500,261000,259000,260000,1224,318780000,726,498
145020,2026-04-01,15:00:00,260000,261000,258000,259000,1270,329050000,498,772
145020,2026-04-01,15:05:00,259000,260000,257500,259500,880,228000000,378,502
145020,2026-04-01,15:10:00,258500,259500,258000,259000,539,139470000,297,242
145020,2026-04-01,15:15:00,259000,260000,258500,258500,663,171730000,459,204
145020,2026-04-01,15:20:00,258500,259500,258000,258000,465,120250000,227,238
145020,2026-04-01,15:30:00,257000,257000,257000,257000,1295,332810000,1294,0
145020,2026-04-02,09:05:00,256500,259500,256500,257000,1041,268080000,714,327
145020,2026-04-02,09:10:00,257000,258000,254500,255000,1001,256390000,396,605
145020,2026-04-02,09:15:00,256500,256500,254500,255000,435,111060000,154,281
145020,2026-04-02,09:20:00,254500,256000,254000,254500,362,92170000,111,251
145020,2026-04-02,09:25:00,254500,255500,252500,252500,921,233550000,287,634
145020,2026-04-02,09:30:00,252500,254000,252500,253500,551,139430000,474,77
145020,2026-04-02,09:35:00,254000,255500,253500,254500,320,81340000,165,155
145020,2026-04-02,09:40:00,255000,255500,253500,253500,411,104570000,106,305
145020,2026-04-02,09:45:00,254000,254000,253000,253000,207,52500000,56,151
145020,2026-04-02,09:50:00,253500,254000,253000,254000,117,29660000,82,35
145020,2026-04-02,09:55:00,254000,254000,252000,253000,629,159020000,92,537
145020,2026-04-02,10:00:00,253000,253500,252500,253000,236,59730000,94,142
145020,2026-04-02,10:05:00,253000,253500,251000,252500,961,241920000,303,658
145020,2026-04-02,10:10:00,251000,252000,250000,252000,1077,270170000,579,498
145020,2026-04-02,10:15:00,251500,253500,251500,252500,354,89390000,186,168
145020,2026-04-02,10:20:00,252000,252500,249500,249500,685,171990000,146,539
145020,2026-04-02,10:25:00,250000,250500,249000,249000,1083,270180000,539,544
145020,2026-04-02,10:30:00,249000,250000,248000,248500,1877,466510000,656,1221
145020,2026-04-02,10:35:00,249000,249500,247000,247500,658,163150000,205,453
145020,2026-04-02,10:40:00,247500,250000,247000,248500,408,101280000,171,237
145020,2026-04-02,10:45:00,248000,248500,246500,246500,860,212800000,133,727
145020,2026-04-02,10:50:00,246500,247500,246000,247000,709,174590000,314,395
145020,2026-04-02,10:55:00,247000,248000,246000,246000,798,196880000,293,505
145020,2026-04-02,11:00:00,246000,248500,246000,246500,610,150600000,229,381
145020,2026-04-02,11:05:00,247000,247000,245500,246000,574,141290000,225,349
145020,2026-04-02,11:10:00,246000,247500,245000,245500,394,96970000,143,251
145020,2026-04-02,11:15:00,245000,247000,245000,245500,356,87480000,164,192
145020,2026-04-02,11:20:00,245500,246500,245500,245500,228,56060000,117,111
145020,2026-04-02,11:25:00,246000,246000,245000,245500,195,47880000,72,123
145020,2026-04-02,11:30:00,245500,246000,244500,244500,506,123880000,121,385
145020,2026-04-02,11:35:00,244500,245500,244500,245000,452,110740000,347,105
145020,2026-04-02,11:40:00,245000,245500,244000,245000,303,74130000,118,185
145020,2026-04-02,11:45:00,245000,246500,244500,245500,274,67300000,157,117
145020,2026-04-02,11:50:00,245500,246000,245000,246000,197,48400000,72,125
145020,2026-04-02,11:55:00,246000,248000,245500,247000,536,132160000,435,101
145020,2026-04-02,12:00:00,247000,248500,247000,247000,450,111360000,199,251
145020,2026-04-02,12:05:00,247500,247500,246000,246500,288,71060000,96,192
145020,2026-04-02,12:10:00,246000,247000,246000,246500,197,48560000,150,47
145020,2026-04-02,12:15:00,246000,246500,246000,246500,265,65230000,87,178
145020,2026-04-02,12:20:00,246500,246500,246000,246000,130,32020000,74,56
145020,2026-04-02,12:25:00,246500,246500,246000,246500,208,51230000,119,89
145020,2026-04-02,12:30:00,246500,247000,246500,246500,157,38760000,119,38
145020,2026-04-02,12:35:00,247000,247000,246500,247000,118,29140000,109,9
145020,2026-04-02,12:40:00,247000,247000,245000,245500,619,152140000,143,476
145020,2026-04-02,12:45:00,245500,246000,245000,246000,339,83160000,291,48
145020,2026-04-02,12:50:00,246000,246000,245000,245500,206,50610000,137,69
145020,2026-04-02,12:55:00,245500,246500,244500,245500,410,100580000,268,142
145020,2026-04-02,13:00:00,245000,245500,245000,245500,114,27970000,68,46
145020,2026-04-02,13:05:00,245000,245500,244500,245000,173,42390000,62,111
145020,2026-04-02,13:10:00,245000,245500,244500,245500,258,63200000,208,50
145020,2026-04-02,13:15:00,245500,245500,244500,245000,423,103760000,323,100
145020,2026-04-02,13:20:00,245500,245500,244500,244500,265,64950000,164,101
145020,2026-04-02,13:25:00,245000,245000,244000,244500,276,67470000,74,202
145020,2026-04-02,13:30:00,244000,244500,244000,244500,264,64510000,188,76
145020,2026-04-02,13:35:00,244000,245000,244000,244000,363,88730000,210,153
145020,2026-04-02,13:40:00,244500,245000,244000,244000,320,78160000,131,189
145020,2026-04-02,13:45:00,244000,244500,244000,244000,144,35160000,50,94
145020,2026-04-02,13:50:00,244500,244500,243000,244000,661,161110000,281,380
145020,2026-04-02,13:55:00,244000,244000,243000,243500,150,36550000,59,91
145020,2026-04-02,14:00:00,243500,244500,243500,243500,300,73170000,124,176
145020,2026-04-02,14:05:00,244000,244000,243000,243000,342,83290000,56,286
145020,2026-04-02,14:10:00,243000,243500,243000,243000,422,102690000,317,105
145020,2026-04-02,14:15:00,243000,243500,243000,243500,209,50870000,170,39
145020,2026-04-02,14:20:00,243500,243500,243000,243000,260,63290000,219,41
145020,2026-04-02,14:25:00,243000,244000,243000,244000,413,100560000,260,153
145020,2026-04-02,14:30:00,244000,245000,243500,244000,407,99410000,217,190
145020,2026-04-02,14:35:00,244000,245500,244000,245000,679,166150000,376,303
145020,2026-04-02,14:40:00,244500,247500,244500,244500,781,191940000,272,509
145020,2026-04-02,14:45:00,244500,245000,243500,244000,492,120170000,139,353
145020,2026-04-02,14:50:00,244000,244000,242000,242000,1141,277300000,203,938
145020,2026-04-02,14:55:00,242250,243000,242000,242500,713,172870000,465,248
145020,2026-04-02,15:00:00,242000,242500,241000,241000,815,196970000,350,465
145020,2026-04-02,15:05:00,241000,241500,241000,241500,954,230170000,516,438
145020,2026-04-02,15:10:00,242000,242500,241000,241000,792,191340000,488,304
145020,2026-04-02,15:15:00,241000,241500,241000,241000,797,192230000,326,471
145020,2026-04-02,15:20:00,241500,242500,241000,241500,1202,290150000,534,668
145020,2026-04-02,15:30:00,243000,243000,243000,243000,1724,418930000,1724,0
145020,2026-04-03,09:05:00,245500,249000,245500,248000,962,237680000,463,499
145020,2026-04-03,09:10:00,248000,249000,247000,248000,400,99200000,218,182
145020,2026-04-03,09:15:00,248000,249500,246500,247500,326,80760000,143,183
145020,2026-04-03,09:20:00,247500,248000,247000,248000,189,46770000,138,51
145020,2026-04-03,09:25:00,247500,247500,245500,246000,445,109590000,81,364
145020,2026-04-03,09:30:00,246000,248500,245000,247500,544,134200000,485,59
145020,2026-04-03,09:35:00,247500,249000,247000,248500,466,115460000,136,330
145020,2026-04-03,09:40:00,248000,248500,245500,246500,565,139650000,188,377
145020,2026-04-03,09:45:00,246500,248000,245500,246500,749,184970000,446,303
145020,2026-04-03,09:50:00,246500,247000,245500,246500,460,113180000,192,268
145020,2026-04-03,09:55:00,246000,246500,244500,245000,473,115970000,202,271
145020,2026-04-03,10:00:00,245000,248500,244500,248500,796,196370000,566,230
145020,2026-04-03,10:05:00,248000,249000,247000,248000,464,115010000,355,109
145020,2026-04-03,10:10:00,248000,248000,247000,247000,465,114980000,206,259
145020,2026-04-03,10:15:00,247500,248000,246500,247500,792,195630000,367,425
145020,2026-04-03,10:20:00,247500,248000,246000,246000,603,148950000,194,409
145020,2026-04-03,10:25:00,246000,248000,246000,246500,358,88340000,228,130
145020,2026-04-03,10:30:00,246500,248500,246000,248000,737,182150000,519,218
145020,2026-04-03,10:35:00,247500,248500,247000,247500,424,104890000,120,304
145020,2026-04-03,10:40:00,247000,247000,246000,246000,437,107680000,51,386
145020,2026-04-03,10:45:00,246500,247500,245500,246000,596,146580000,278,318
145020,2026-04-03,10:50:00,246000,246500,245000,246000,556,136680000,140,416
145020,2026-04-03,10:55:00,246500,246500,245000,245000,600,147280000,148,452
145020,2026-04-03,11:00:00,245000,245500,244500,245000,390,95490000,77,313
145020,2026-04-03,11:05:00,244500,245000,244000,244000,327,79900000,111,216
145020,2026-04-03,11:10:00,244500,245000,243000,244000,777,189360000,458,319
145020,2026-04-03,11:15:00,244000,245000,243000,244000,902,219820000,255,647
145020,2026-04-03,11:20:00,243500,244500,243000,244500,763,185900000,462,301
145020,2026-04-03,11:25:00,244000,245000,244000,244000,508,124000000,314,194
145020,2026-04-03,11:30:00,244500,244500,243500,244000,473,115320000,186,287
145020,2026-04-03,11:35:00,243500,244500,243000,243000,394,95910000,240,154
145020,2026-04-03,11:40:00,243000,244500,243000,243500,649,158040000,288,361
145020,2026-04-03,11:45:00,244500,244500,243500,244000,375,91370000,171,204
145020,2026-04-03,11:50:00,244000,244000,243000,243000,423,102870000,107,316
145020,2026-04-03,11:55:00,243500,244500,243000,244500,403,98170000,259,144
145020,2026-04-03,12:00:00,243500,244500,243500,243500,237,57720000,38,199
145020,2026-04-03,12:05:00,243500,244000,243000,243500,554,134890000,250,304
145020,2026-04-03,12:10:00,243500,244000,243000,243500,300,72960000,74,226
145020,2026-04-03,12:15:00,243000,244500,243000,243500,405,98560000,76,329
145020,2026-04-03,12:20:00,243500,244500,243000,243500,340,82780000,144,196
145020,2026-04-03,12:25:00,243500,245000,243500,244500,470,114560000,251,219
145020,2026-04-03,12:30:00,243500,244500,243500,244000,420,102300000,298,122
145020,2026-04-03,12:35:00,243500,244000,243500,244000,343,83550000,193,150
145020,2026-04-03,12:40:00,244000,244500,243500,244000,386,94020000,170,216
145020,2026-04-03,12:45:00,244500,244500,243000,243500,283,68940000,132,151
145020,2026-04-03,12:50:00,243000,243500,243000,243500,487,118390000,255,232
145020,2026-04-03,12:55:00,243500,244500,243000,243500,469,114220000,189,280
145020,2026-04-03,13:00:00,243500,244500,243500,244000,341,83100000,94,247
145020,2026-04-03,13:05:00,244000,244500,243000,243500,456,111060000,245,211
145020,2026-04-03,13:10:00,244000,244000,243000,243500,344,83700000,159,185
145020,2026-04-03,13:15:00,243500,244000,243000,243500,538,130820000,306,232
145020,2026-04-03,13:20:00,244000,244000,243000,243500,384,93520000,239,145
145020,2026-04-03,13:25:00,243500,244500,243000,244000,337,82090000,98,239
145020,2026-04-03,13:30:00,243500,243500,242500,243000,503,122300000,144,359
145020,2026-04-03,13:35:00,243000,244000,243000,244000,381,92690000,147,234
145020,2026-04-03,13:40:00,244000,244000,243500,243500,383,93280000,139,244
145020,2026-04-03,13:45:00,243500,244500,243000,243000,563,137070000,101,462
145020,2026-04-03,13:50:00,243000,244000,242500,243000,580,140990000,311,269
145020,2026-04-03,13:55:00,243500,244000,242500,243500,454,110430000,268,186
145020,2026-04-03,14:00:00,243000,243500,242500,243000,417,101360000,231,186
145020,2026-04-03,14:05:00,243500,243500,242500,243000,497,120730000,254,243
145020,2026-04-03,14:10:00,242500,243000,242500,243000,179,43480000,140,39
145020,2026-04-03,14:15:00,242500,243500,242500,243000,903,219420000,709,194
145020,2026-04-03,14:20:00,243000,243000,242500,243000,167,40570000,140,27
145020,2026-04-03,14:25:00,242750,243000,242500,243000,238,57810000,211,27
145020,2026-04-03,14:30:00,242500,243000,242500,242500,139,33730000,45,94
145020,2026-04-03,14:35:00,243000,243000,242500,242500,107,25970000,41,66
145020,2026-04-03,14:40:00,242500,244500,242500,242500,1800,437590000,1650,150
145020,2026-04-03,14:45:00,242500,243500,242500,242500,432,104960000,281,151
145020,2026-04-03,14:50:00,242500,243500,242500,243000,361,87720000,327,34
145020,2026-04-03,14:55:00,242500,243500,242500,243000,290,70480000,259,31
145020,2026-04-03,15:00:00,243500,244000,243000,244000,426,103730000,393,33
145020,2026-04-03,15:05:00,243000,244500,243000,244000,599,146010000,208,391
145020,2026-04-03,15:10:00,243500,244000,243500,243500,320,77990000,140,180
145020,2026-04-03,15:15:00,243000,243500,243000,243000,220,53490000,58,162
145020,2026-04-03,15:20:00,243500,243500,242500,243000,734,178360000,555,179
145020,2026-04-03,15:30:00,243000,243000,243000,243000,718,174470000,718,0
145020,2026-04-06,09:05:00,241000,243000,241000,242500,438,105880000,309,129
145020,2026-04-06,09:10:00,242500,243500,242000,243000,401,97320000,227,174
145020,2026-04-06,09:15:00,243500,245500,243000,245000,296,72290000,200,96
145020,2026-04-06,09:20:00,244000,245500,243000,244500,412,100510000,120,292
145020,2026-04-06,09:25:00,244500,244500,243000,243500,374,91110000,233,141
145020,2026-04-06,09:30:00,243500,244000,242500,242500,338,82160000,191,147
145020,2026-04-06,09:35:00,242500,243000,242000,242500,254,61570000,149,105
145020,2026-04-06,09:40:00,242000,243000,241500,241500,413,99970000,73,340
145020,2026-04-06,09:45:00,242000,242500,241500,242000,410,99250000,246,164
145020,2026-04-06,09:50:00,242000,243000,241500,242000,128,30990000,74,54
145020,2026-04-06,09:55:00,242000,243500,242000,243000,86,20870000,76,10
145020,2026-04-06,10:00:00,243000,243000,242500,242500,116,28150000,45,71
145020,2026-04-06,10:05:00,243000,244000,242500,243000,98,23820000,48,50
145020,2026-04-06,10:10:00,243000,243000,241500,241500,396,96000000,85,311
145020,2026-04-06,10:15:00,241500,242000,241500,242000,113,27320000,69,44
145020,2026-04-06,10:20:00,242000,242500,241500,241500,95,22990000,80,15
145020,2026-04-06,10:25:00,241500,242500,241500,241500,73,17660000,53,20
145020,2026-04-06,10:30:00,242000,243000,241500,242500,57,13800000,39,18
145020,2026-04-06,10:35:00,243000,243000,241500,242500,101,24450000,44,57
145020,2026-04-06,10:40:00,242000,242000,241000,241500,337,81380000,88,249
145020,2026-04-06,10:45:00,241000,241500,241000,241500,105,25320000,30,75
145020,2026-04-06,10:50:00,241000,241000,240000,240000,613,147550000,90,523
145020,2026-04-06,10:55:00,240500,240500,239000,239500,554,132820000,216,338
145020,2026-04-06,11:00:00,239500,240000,239500,240000,124,29740000,86,38
145020,2026-04-06,11:05:00,240000,240500,239500,239500,367,88070000,296,71
145020,2026-04-06,11:10:00,239500,242000,239500,242000,272,65370000,220,52
145020,2026-04-06,11:15:00,240500,242500,240500,241000,279,67390000,99,180
145020,2026-04-06,11:20:00,241000,242000,241000,242000,83,20030000,34,49
145020,2026-04-06,11:25:00,241500,242000,241500,242000,100,24180000,56,44
145020,2026-04-06,11:30:00,241500,241500,240500,240500,62,14940000,11,51
145020,2026-04-06,11:35:00,240500,241500,240000,241500,149,35860000,46,103
145020,2026-04-06,11:40:00,241000,241000,240000,240500,62,14910000,25,37
145020,2026-04-06,11:45:00,240500,241500,240000,241500,209,50320000,112,97
145020,2026-04-06,11:50:00,241000,241500,240000,240000,86,20690000,52,34
145020,2026-04-06,11:55:00,240000,240500,240000,240000,149,35770000,11,138
145020,2026-04-06,12:00:00,240500,240500,239500,239500,106,25410000,49,57
145020,2026-04-06,12:05:00,239500,240000,239500,240000,80,19190000,44,36
145020,2026-04-06,12:10:00,240000,240000,239500,240000,84,20130000,40,44
145020,2026-04-06,12:15:00,239500,240000,239500,239500,131,31430000,97,34
145020,2026-04-06,12:20:00,240000,240000,239500,239500,106,25420000,62,44
145020,2026-04-06,12:25:00,239500,240500,239500,240000,134,32140000,91,43
145020,2026-04-06,12:30:00,240000,240000,240000,240000,40,9600000,0,40
145020,2026-04-06,12:35:00,240000,240500,239000,239500,425,101830000,327,98
145020,2026-04-06,12:40:00,239500,240000,239000,239000,94,22500000,27,67
145020,2026-04-06,12:45:00,239500,241000,239000,239000,1034,247450000,224,810
145020,2026-04-06,12:50:00,239500,240000,239000,240000,141,33770000,61,80
145020,2026-04-06,12:55:00,240000,240000,239000,239500,275,65860000,46,229
145020,2026-04-06,13:00:00,239000,239500,239000,239500,190,45480000,137,53
145020,2026-04-06,13:05:00,239500,240000,239000,239500,109,26130000,66,43
145020,2026-04-06,13:10:00,239500,240000,239500,239500,92,22040000,15,77
145020,2026-04-06,13:15:00,240000,240000,239500,240000,104,24930000,39,65
145020,2026-04-06,13:20:00,240000,240000,239000,239000,248,59390000,42,206
145020,2026-04-06,13:25:00,239000,239500,238500,238500,390,93150000,91,299
145020,2026-04-06,13:30:00,238500,239000,238500,238500,297,70930000,184,113
145020,2026-04-06,13:35:00,238500,239000,238500,239000,214,51100000,119,95
145020,2026-04-06,13:40:00,238500,239500,238500,239000,214,51130000,126,88
145020,2026-04-06,13:45:00,239500,239500,239000,239000,141,33720000,51,90
145020,2026-04-06,13:50:00,239000,239500,238500,238500,126,30110000,20,106
145020,2026-04-06,13:55:00,238500,239000,238500,238500,118,28160000,34,84
145020,2026-04-06,14:00:00,238500,239500,238500,239000,203,48510000,129,74
145020,2026-04-06,14:05:00,239000,239500,239000,239000,135,32300000,65,70
145020,2026-04-06,14:10:00,239000,239500,239000,239000,268,64080000,63,205
145020,2026-04-06,14:15:00,239000,239500,238500,238500,173,41350000,7,166
145020,2026-04-06,14:20:00,238500,239000,238500,238500,192,45820000,53,139
145020,2026-04-06,14:25:00,238500,239000,238500,239000,181,43200000,59,122
145020,2026-04-06,14:30:00,238500,239000,238500,238500,182,43450000,98,84
145020,2026-04-06,14:35:00,238500,239000,238500,238500,167,39860000,55,112
145020,2026-04-06,14:40:00,238500,238500,238000,238500,428,102040000,65,363
145020,2026-04-06,14:45:00,238000,238500,238000,238000,663,157810000,140,523
145020,2026-04-06,14:50:00,238000,238500,237500,237500,344,81870000,10,334
145020,2026-04-06,14:55:00,237500,238000,237000,237500,399,94760000,119,280
145020,2026-04-06,15:00:00,237500,238000,237000,237500,287,68160000,177,110
145020,2026-04-06,15:05:00,237500,238000,237000,237000,238,56490000,59,179
145020,2026-04-06,15:10:00,237000,239000,237000,238000,1046,248630000,846,200
145020,2026-04-06,15:15:00,238000,239000,238000,238500,310,73950000,280,30
145020,2026-04-06,15:20:00,239000,239000,238500,238500,607,144910000,297,310
145020,2026-04-06,15:30:00,237500,237500,237500,237500,771,183110000,771,0
145020,2026-04-07,09:05:00,241000,243000,241000,241500,421,101660000,225,196
145020,2026-04-07,09:10:00,242500,243000,241000,242000,231,55920000,48,183
145020,2026-04-07,09:15:00,242000,243500,242000,243000,288,69870000,211,77
145020,2026-04-07,09:20:00,243500,245500,243000,243000,826,201930000,559,267
145020,2026-04-07,09:25:00,243000,245000,243000,244500,385,93930000,124,261
145020,2026-04-07,09:30:00,244000,245500,244000,245000,576,140840000,365,211
145020,2026-04-07,09:35:00,245500,245500,244500,244500,200,49010000,115,85
145020,2026-04-07,09:40:00,244500,245000,244000,244500,238,58150000,53,185
145020,2026-04-07,09:45:00,244500,244500,243500,244000,186,45370000,141,45
145020,2026-04-07,09:50:00,243500,244000,243000,244000,177,43080000,47,130
145020,2026-04-07,09:55:00,244000,244500,244000,244000,320,78140000,191,129
145020,2026-04-07,10:00:00,244000,244000,243000,243500,272,66250000,118,154
145020,2026-04-07,10:05:00,243500,244000,242500,243000,289,70180000,75,214
145020,2026-04-07,10:10:00,243000,243000,241500,242000,263,63690000,111,152
145020,2026-04-07,10:15:00,242000,243500,241000,241500,389,94050000,138,251
145020,2026-04-07,10:20:00,241500,243000,241000,242000,192,46420000,117,75
145020,2026-04-07,10:25:00,242000,242000,241500,242000,90,21760000,52,38
145020,2026-04-07,10:30:00,241500,243000,240500,242500,641,154730000,419,222
145020,2026-04-07,10:35:00,242500,244000,242000,243000,217,52620000,161,56
145020,2026-04-07,10:40:00,242500,243500,241500,242000,228,55220000,73,155
145020,2026-04-07,10:45:00,242000,243000,241500,242500,452,109530000,150,302
145020,2026-04-07,10:50:00,242500,242500,242000,242500,255,61750000,107,148
145020,2026-04-07,10:55:00,242000,242500,241500,241500,234,56600000,54,180
145020,2026-04-07,11:00:00,241500,241500,240500,240500,305,73470000,59,246
145020,2026-04-07,11:05:00,241000,241000,240500,240500,123,29600000,37,86
145020,2026-04-07,11:10:00,241000,241000,240500,240500,276,66380000,165,111
145020,2026-04-07,11:15:00,241000,241000,240000,240500,319,76680000,138,181
145020,2026-04-07,11:20:00,240000,241500,240000,241000,292,70180000,143,149
145020,2026-04-07,11:25:00,241500,241500,241000,241500,186,44850000,91,95
145020,2026-04-07,11:30:00,241500,241500,241000,241500,134,32340000,96,38
145020,2026-04-07,11:35:00,241500,242000,240500,241500,99,23860000,21,78
145020,2026-04-07,11:40:00,241500,243500,241000,242500,358,86550000,284,74
145020,2026-04-07,11:45:00,243000,243500,241500,242500,164,39690000,36,128
145020,2026-04-07,11:50:00,242000,242500,242000,242000,59,14280000,15,44
145020,2026-04-07,11:55:00,242000,242000,241000,241000,108,26080000,42,66
145020,2026-04-07,12:00:00,240500,241500,240500,241000,74,17830000,48,26
145020,2026-04-07,12:05:00,241000,242000,241000,241500,100,24140000,55,45
145020,2026-04-07,12:10:00,241000,241500,240000,241000,193,46460000,87,106
145020,2026-04-07,12:15:00,241000,241500,240500,241500,115,27720000,78,37
145020,2026-04-07,12:20:00,241000,241500,240500,241000,144,34690000,81,63
145020,2026-04-07,12:25:00,241000,241500,241000,241500,101,24360000,71,30
145020,2026-04-07,12:30:00,241000,241500,240500,241000,135,32550000,43,92
145020,2026-04-07,12:35:00,241000,241500,240500,241000,139,33500000,89,50
145020,2026-04-07,12:40:00,241500,242000,240500,240500,124,29890000,78,46
145020,2026-04-07,12:45:00,240500,241000,240500,241000,99,23820000,23,76
145020,2026-04-07,12:50:00,240500,241000,240500,240500,116,27910000,16,100
145020,2026-04-07,12:55:00,240500,241000,240000,240000,153,36770000,47,106
145020,2026-04-07,13:00:00,240000,241000,239500,240000,319,76620000,154,165
145020,2026-04-07,13:05:00,240000,240500,239500,240000,96,23030000,69,27
145020,2026-04-07,13:10:00,240000,240000,239000,239000,315,75440000,130,185
145020,2026-04-07,13:15:00,239000,240000,239000,239500,164,39270000,97,67
145020,2026-04-07,13:20:00,239000,239500,238500,239000,232,55470000,83,149
145020,2026-04-07,13:25:00,239500,240500,239000,240000,208,49860000,110,98
145020,2026-04-07,13:30:00,240500,240500,239000,239000,243,58230000,88,155
145020,2026-04-07,13:35:00,239000,240000,239000,240000,134,32060000,54,80
145020,2026-04-07,13:40:00,240000,240000,239000,239000,223,53360000,80,143
145020,2026-04-07,13:45:00,239000,239500,238500,239500,140,33470000,67,73
145020,2026-04-07,13:50:00,239000,239500,238500,238500,199,47560000,103,96
145020,2026-04-07,13:55:00,238500,239000,238000,238500,309,73670000,71,238
145020,2026-04-07,14:00:00,238000,238500,237000,237000,427,101470000,77,350
145020,2026-04-07,14:05:00,237000,237500,236500,237000,521,123520000,215,306
145020,2026-04-07,14:10:00,237000,238000,236500,238000,240,56920000,122,118
145020,2026-04-07,14:15:00,237000,238500,237000,237500,179,42560000,129,50
145020,2026-04-07,14:20:00,238500,238500,237000,237500,131,31140000,44,87
145020,2026-04-07,14:25:00,238500,239000,237500,238000,194,46170000,74,120
145020,2026-04-07,14:30:00,238500,238500,237000,237000,409,97260000,73,336
145020,2026-04-07,14:35:00,237500,238000,237000,238000,83,19700000,22,61
145020,2026-04-07,14:40:00,238000,239500,237000,238000,400,95070000,141,259
145020,2026-04-07,14:45:00,238500,239000,237500,237500,209,49780000,91,118
145020,2026-04-07,14:50:00,238000,238500,237500,237500,121,28770000,45,76
145020,2026-04-07,14:55:00,238000,239500,237500,239000,813,193880000,465,348
145020,2026-04-07,15:00:00,238000,239000,238000,239000,135,32200000,50,85
145020,2026-04-07,15:05:00,239000,239500,238000,238500,367,87480000,158,209
145020,2026-04-07,15:10:00,238500,238500,238000,238500,185,44080000,58,127
145020,2026-04-07,15:15:00,238000,239500,238000,239000,411,98060000,159,252
145020,2026-04-07,15:20:00,238500,240000,238500,238500,381,91100000,207,174
145020,2026-04-07,15:30:00,240500,240500,240500,240500,697,167630000,697,0
145020,2026-04-08,09:05:00,253500,255000,250000,252000,3745,946150000,2008,1737
145020,2026-04-08,09:10:00,252000,253000,242500,250500,2526,634180000,1195,1331
145020,2026-04-08,09:15:00,252000,256500,252000,256000,3559,906510000,2371,1188
145020,2026-04-08,09:20:00,256000,257500,255000,256500,3078,789750000,1740,1338
145020,2026-04-08,09:25:00,256500,257000,255500,256000,863,221110000,357,506
145020,2026-04-08,09:30:00,256000,258000,255500,258000,2980,765080000,2460,520
145020,2026-04-08,09:35:00,258000,258000,254000,257000,1321,338720000,755,566
145020,2026-04-08,09:40:00,255500,257000,254500,255500,1590,406140000,928,662
145020,2026-04-08,09:45:00,255500,256000,254500,254500,819,209280000,255,564
145020,2026-04-08,09:50:00,255500,257000,254500,257000,1082,276400000,844,238
145020,2026-04-08,09:55:00,256500,257000,255000,257000,968,247960000,646,322
145020,2026-04-08,10:00:00,256000,256000,254500,254500,763,195010000,301,462
145020,2026-04-08,10:05:00,256000,256000,253500,254000,771,196560000,433,338
145020,2026-04-08,10:10:00,254500,256000,253500,255500,754,192080000,351,403
145020,2026-04-08,10:15:00,255500,256000,253500,254500,1179,300220000,495,684
145020,2026-04-08,10:20:00,253500,254500,252500,253000,852,215890000,314,538
145020,2026-04-08,10:25:00,253000,254500,252500,253500,655,166120000,265,390
145020,2026-04-08,10:30:00,254000,255500,253500,255500,871,221690000,402,469
145020,2026-04-08,10:35:00,255000,255500,254500,255500,807,205800000,546,261
145020,2026-04-08,10:40:00,256000,256500,254500,256000,2229,568830000,1538,691
145020,2026-04-08,10:45:00,256000,256000,254500,255000,913,233010000,364,549
145020,2026-04-08,10:50:00,255000,256000,253500,255000,860,219130000,379,481
145020,2026-04-08,10:55:00,254500,255000,253000,253000,1141,290070000,566,575
145020,2026-04-08,11:00:00,253000,255500,253000,254000,616,156330000,304,312
145020,2026-04-08,11:05:00,254500,254500,252000,254000,851,215760000,398,453
145020,2026-04-08,11:10:00,254000,254000,252500,253500,870,220390000,289,581
145020,2026-04-08,11:15:00,254000,254500,253500,254000,741,188200000,351,390
145020,2026-04-08,11:20:00,254000,254000,253000,253000,554,140450000,365,189
145020,2026-04-08,11:25:00,253500,254000,252500,253000,1225,309910000,827,398
145020,2026-04-08,11:30:00,253500,254000,252500,253000,1244,314600000,804,440
145020,2026-04-08,11:35:00,253000,254500,252500,254500,720,182550000,317,403
145020,2026-04-08,11:40:00,254000,254500,252500,254500,925,234660000,275,650
145020,2026-04-08,11:45:00,254500,254500,253000,253500,1205,305760000,861,344
145020,2026-04-08,11:50:00,253000,254000,252500,254000,997,252260000,398,599
145020,2026-04-08,11:55:00,254000,254000,253000,254000,623,158030000,229,394
145020,2026-04-08,12:00:00,253000,254500,252500,252500,670,169850000,321,349
145020,2026-04-08,12:05:00,253000,254000,252500,253000,717,181660000,432,285
145020,2026-04-08,12:10:00,252500,254000,252500,254000,656,166110000,370,286
145020,2026-04-08,12:15:00,253500,254500,252500,253500,717,181740000,328,389
145020,2026-04-08,12:20:00,254000,254500,253000,253500,586,148620000,377,209
145020,2026-04-08,12:25:00,253000,254000,253000,253500,613,155400000,274,339
145020,2026-04-08,12:30:00,253500,253500,252000,253000,571,144250000,256,315
145020,2026-04-08,12:35:00,252000,253000,252000,252000,643,162330000,247,396
145020,2026-04-08,12:40:00,253000,253000,251000,251500,862,217120000,232,630
145020,2026-04-08,12:45:00,252000,252500,251500,252000,514,129500000,120,394
145020,2026-04-08,12:50:00,252000,252500,250500,251500,816,205190000,393,423
145020,2026-04-08,12:55:00,252000,252000,250500,251500,607,152340000,189,418
145020,2026-04-08,13:00:00,251500,252000,250500,251000,565,141860000,284,281
145020,2026-04-08,13:05:00,252000,252500,251000,252000,618,155670000,293,325
145020,2026-04-08,13:10:00,251500,252500,251000,252500,1029,258900000,571,458
145020,2026-04-08,13:15:00,252500,252500,251000,251500,669,168320000,293,376
145020,2026-04-08,13:20:00,251500,252000,251000,252000,633,159280000,442,191
145020,2026-04-08,13:25:00,251500,252000,250500,250500,687,172590000,284,403
145020,2026-04-08,13:30:00,251500,251500,250000,250500,1061,266040000,525,536
145020,2026-04-08,13:35:00,251000,251500,250500,250500,1103,276760000,400,703
145020,2026-04-08,13:40:00,251000,251500,250000,251000,748,187580000,273,475
145020,2026-04-08,13:45:00,251500,251500,250500,251000,630,158120000,337,293
145020,2026-04-08,13:50:00,250500,251500,250000,250500,629,157830000,275,354
145020,2026-04-08,13:55:00,250500,251500,250500,251500,558,139980000,249,309
145020,2026-04-08,14:00:00,251500,251500,250500,251000,582,146130000,244,338
145020,2026-04-08,14:05:00,250500,251500,250000,251000,604,151550000,301,303
145020,2026-04-08,14:10:00,250500,251000,250000,250000,668,167350000,205,463
145020,2026-04-08,14:15:00,250500,250500,249500,250000,596,148870000,295,301
145020,2026-04-08,14:20:00,250000,251000,249000,250000,1064,265470000,264,800
145020,2026-04-08,14:25:00,249500,249500,248000,248500,825,205410000,219,606
145020,2026-04-08,14:30:00,249000,249500,249000,249000,513,127860000,214,299
145020,2026-04-08,14:35:00,249000,250000,249000,249500,514,128240000,214,300
145020,2026-04-08,14:40:00,249000,250000,248500,248500,718,178780000,303,415
145020,2026-04-08,14:45:00,248500,249500,248000,248500,435,108180000,179,256
145020,2026-04-08,14:50:00,248500,249000,248000,248500,654,162620000,305,349
145020,2026-04-08,14:55:00,248500,250500,248500,250500,947,236570000,475,472
145020,2026-04-08,15:00:00,250000,251000,249000,249500,785,196290000,349,436
145020,2026-04-08,15:05:00,249500,251500,249000,251000,687,172170000,412,275
145020,2026-04-08,15:10:00,251500,252000,250000,251000,779,195700000,399,380
145020,2026-04-08,15:15:00,250000,251500,250000,250500,424,106170000,126,298
145020,2026-04-08,15:20:00,250000,251500,249500,250000,367,91970000,182,185
145020,2026-04-08,15:30:00,248500,248500,248500,248500,1023,254220000,1023,0
145020,2026-04-09,09:05:00,247500,251500,247500,251000,1770,439980000,1117,653
145020,2026-04-09,09:10:00,250000,251500,249500,251000,663,165890000,365,298
145020,2026-04-09,09:15:00,250000,251000,249500,250500,504,126070000,264,240
145020,2026-04-09,09:20:00,250000,250000,248500,248500,402,100220000,92,310
145020,2026-04-09,09:25:00,248500,250000,248000,248500,480,119460000,174,306
145020,2026-04-09,09:30:00,248500,254500,248500,251500,1185,298100000,779,406
145020,2026-04-09,09:35:00,252000,254000,252000,254000,811,205290000,428,383
145020,2026-04-09,09:40:00,253750,254000,251500,252500,380,96070000,143,237
145020,2026-04-09,09:45:00,252000,253500,252000,252500,442,111660000,258,184
145020,2026-04-09,09:50:00,252000,253000,251500,252500,644,162230000,230,414
145020,2026-04-09,09:55:00,252500,253500,252000,252500,413,104290000,298,115
145020,2026-04-09,10:00:00,252000,253500,252000,252500,363,91720000,182,181
145020,2026-04-09,10:05:00,252500,253500,251000,251500,773,194970000,163,610
145020,2026-04-09,10:10:00,251000,251500,247500,249000,1091,272300000,404,687
145020,2026-04-09,10:15:00,248500,249000,247500,247500,426,105740000,40,386
145020,2026-04-09,10:20:00,248000,248500,247500,248000,683,169190000,217,466
145020,2026-04-09,10:25:00,247500,248000,247000,247500,333,82390000,109,224
145020,2026-04-09,10:30:00,247500,249000,247000,247500,751,186190000,395,356
145020,2026-04-09,10:35:00,247500,248500,247500,248500,143,35420000,72,71
145020,2026-04-09,10:40:00,248000,248500,247500,248500,264,65470000,63,201
145020,2026-04-09,10:45:00,248000,248000,247500,247500,198,49030000,42,156
145020,2026-04-09,10:50:00,247500,249000,247000,248000,673,166730000,208,465
145020,2026-04-09,10:55:00,248000,248500,247500,248000,241,59750000,95,146
145020,2026-04-09,11:00:00,248000,248500,247500,247500,241,59740000,29,212
145020,2026-04-09,11:05:00,247500,249000,247500,248500,442,109600000,201,241
145020,2026-04-09,11:10:00,248500,248500,247500,247500,251,62260000,66,185
145020,2026-04-09,11:15:00,248000,248500,247500,248000,286,70910000,102,184
145020,2026-04-09,11:20:00,248000,249000,248000,249000,152,37710000,62,90
145020,2026-04-09,11:25:00,248500,249000,247000,247500,681,168590000,225,456
145020,2026-04-09,11:30:00,247000,248000,246500,247000,566,139860000,74,492
145020,2026-04-09,11:35:00,247000,247500,247000,247000,166,41030000,52,114
145020,2026-04-09,11:40:00,247500,247500,247000,247500,231,57080000,39,192
145020,2026-04-09,11:45:00,247500,247500,246500,247000,241,59560000,61,180
145020,2026-04-09,11:50:00,247000,248000,246500,247000,232,57300000,90,142
145020,2026-04-09,11:55:00,247000,248500,246500,246500,291,71900000,90,201
145020,2026-04-09,12:00:00,246500,247500,246500,246500,128,31600000,20,108
145020,2026-04-09,12:05:00,247000,247000,246500,247000,448,110470000,86,362
145020,2026-04-09,12:10:00,247000,247000,245500,246500,650,159910000,418,232
145020,2026-04-09,12:15:00,246500,247500,246500,246500,351,86550000,166,185
145020,2026-04-09,12:20:00,246500,247000,246000,247000,156,38450000,63,93
145020,2026-04-09,12:25:00,246500,247000,246000,247000,190,46810000,104,86
145020,2026-04-09,12:30:00,246500,247000,246000,246500,203,50040000,72,131
145020,2026-04-09,12:35:00,246500,247000,246500,247000,180,44390000,65,115
145020,2026-04-09,12:40:00,247000,248000,246500,247000,196,48380000,50,146
145020,2026-04-09,12:45:00,247000,247000,246500,246500,193,47620000,39,154
145020,2026-04-09,12:50:00,247000,247000,246500,246500,227,55960000,114,113
145020,2026-04-09,12:55:00,246500,247500,246500,247500,191,47130000,86,105
145020,2026-04-09,13:00:00,247500,247500,246500,246500,241,59500000,37,204
145020,2026-04-09,13:05:00,246500,247000,246000,246500,199,49060000,59,140
145020,2026-04-09,13:10:00,246500,247000,246000,246500,364,89700000,202,162
145020,2026-04-09,13:15:00,247000,247000,246500,247000,176,43400000,27,149
145020,2026-04-09,13:20:00,247000,247000,246000,247000,350,86270000,120,230
145020,2026-04-09,13:25:00,247000,247000,246500,246500,129,31800000,4,125
145020,2026-04-09,13:30:00,246500,246500,246000,246000,241,59350000,69,172
145020,2026-04-09,13:35:00,246000,247000,246000,247000,206,50780000,93,113
145020,2026-04-09,13:40:00,246500,247000,246000,246000,159,39190000,4,155
145020,2026-04-09,13:45:00,246500,246500,246000,246000,137,33700000,2,135
145020,2026-04-09,13:50:00,246000,247000,246000,246500,296,72950000,151,145
145020,2026-04-09,13:55:00,247000,247000,246500,246500,114,28110000,3,111
145020,2026-04-09,14:00:00,246500,247000,246500,246500,268,66060000,1,267
145020,2026-04-09,14:05:00,246500,246500,246000,246000,334,82260000,131,203
145020,2026-04-09,14:10:00,246500,246500,246000,246500,225,55360000,6,219
145020,2026-04-09,14:15:00,246000,246500,246000,246000,430,105780000,159,271
145020,2026-04-09,14:20:00,246500,246500,245500,245500,489,120300000,38,451
145020,2026-04-09,14:25:00,245500,246500,245500,246000,1050,258200000,338,712
145020,2026-04-09,14:30:00,246000,247000,245500,246000,555,136540000,223,332
145020,2026-04-09,14:35:00,246000,246500,245500,245500,492,120960000,62,430
145020,2026-04-09,14:40:00,245500,246500,245000,246500,646,158690000,307,339
145020,2026-04-09,14:45:00,246500,247500,246000,247000,876,216280000,359,517
145020,2026-04-09,14:50:00,247000,247000,246000,246500,512,126240000,242,270
145020,2026-04-09,14:55:00,246500,247500,246000,247500,474,116880000,160,314
145020,2026-04-09,15:00:00,246500,248000,246000,247000,639,157840000,339,300
145020,2026-04-09,15:05:00,247000,248500,247000,248500,430,106510000,234,196
145020,2026-04-09,15:10:00,248500,248500,247000,247500,548,135600000,264,284
145020,2026-04-09,15:15:00,247000,248500,247000,248500,1120,277320000,526,594
145020,2026-04-09,15:20:00,248000,248500,246500,248000,611,151200000,270,341
145020,2026-04-09,15:30:00,250000,250000,250000,250000,7987,1996750000,7894,0
145020,2026-04-10,09:05:00,250500,253000,249500,252500,867,217800000,573,294
145020,2026-04-10,09:10:00,252500,253500,250500,251000,650,163710000,354,296
145020,2026-04-10,09:15:00,250500,252000,250500,251000,244,61330000,117,127
145020,2026-04-10,09:20:00,251500,251500,250500,251000,436,109420000,114,322
145020,2026-04-10,09:25:00,251000,251000,250500,250500,205,51380000,80,125
145020,2026-04-10,09:30:00,250500,251000,250000,250500,165,41350000,74,91
145020,2026-04-10,09:35:00,251000,251000,250000,250500,240,60110000,184,56
145020,2026-04-10,09:40:00,250500,252000,250500,251500,721,180970000,539,182
145020,2026-04-10,09:45:00,251500,253000,251500,252000,551,138880000,189,362
145020,2026-04-10,09:50:00,252000,252000,251000,251500,143,35940000,76,67
145020,2026-04-10,09:55:00,251500,253000,251500,252000,382,96370000,267,115
145020,2026-04-10,10:00:00,252000,252500,251500,251500,153,38580000,84,69
145020,2026-04-10,10:05:00,252000,252500,251500,251500,92,23160000,18,74
145020,2026-04-10,10:10:00,251500,252000,251000,251500,74,18610000,44,30
145020,2026-04-10,10:15:00,251500,251500,250500,251000,292,73190000,35,257
145020,2026-04-10,10:20:00,251000,251000,250500,250500,166,41600000,27,139
145020,2026-04-10,10:25:00,250000,251500,250000,251000,629,157730000,412,217
145020,2026-04-10,10:30:00,251000,252000,250500,250500,879,220510000,510,369
145020,2026-04-10,10:35:00,250500,251000,250000,251000,56,14030000,48,8
145020,2026-04-10,10:40:00,250500,251000,250500,251000,298,74660000,82,216
145020,2026-04-10,10:45:00,251000,251000,250000,251000,105,26320000,71,34
145020,2026-04-10,10:50:00,251000,252000,251000,252000,212,53300000,183,29
145020,2026-04-10,10:55:00,252000,252000,251000,251500,67,16860000,65,2
145020,2026-04-10,11:00:00,251000,251500,251000,251500,74,18610000,73,1
145020,2026-04-10,11:05:00,251500,251500,250500,250500,407,102180000,50,357
145020,2026-04-10,11:10:00,251000,251000,250500,251000,8,2010000,7,1
145020,2026-04-10,11:15:00,251000,251500,250500,251500,243,60990000,239,4
145020,2026-04-10,11:20:00,251500,251500,251000,251000,142,35650000,93,49
145020,2026-04-10,11:25:00,251000,251500,250500,250500,42,10550000,4,38
145020,2026-04-10,11:30:00,251500,251500,251000,251000,33,8280000,12,21
145020,2026-04-10,11:35:00,251000,251500,250500,251000,397,99650000,331,66
145020,2026-04-10,11:40:00,251000,252000,251000,251500,32,8050000,30,2
145020,2026-04-10,11:45:00,251500,252000,251000,251000,103,25890000,7,96
145020,2026-04-10,11:50:00,250500,251500,250500,251500,96,24080000,32,64
145020,2026-04-10,11:55:00,251000,251500,251000,251500,93,23380000,78,15
145020,2026-04-10,12:00:00,251500,252000,251500,251500,28,7050000,28,0
145020,2026-04-10,12:05:00,251500,252000,251000,252000,47,11830000,32,15
145020,2026-04-10,12:10:00,251500,252000,251500,252000,20,5030000,14,6
145020,2026-04-10,12:15:00,252000,252000,251000,251500,258,64860000,45,213
145020,2026-04-10,12:20:00,251500,252000,251500,251500,127,31940000,1,126
145020,2026-04-10,12:25:00,251500,252000,251500,251500,22,5530000,1,21
145020,2026-04-10,12:30:00,251500,252000,251000,251500,45,11320000,7,38
145020,2026-04-10,12:35:00,251000,251500,251000,251000,137,34420000,58,79
145020,2026-04-10,12:40:00,251500,251500,251000,251500,37,9300000,36,1
145020,2026-04-10,12:45:00,251500,251500,251500,251500,37,9310000,37,0
145020,2026-04-10,12:50:00,251500,251500,251000,251000,22,5530000,19,3
145020,2026-04-10,12:55:00,251500,251500,251000,251000,37,9290000,13,24
145020,2026-04-10,13:00:00,251500,251500,251500,251500,17,4280000,17,0
145020,2026-04-10,13:05:00,251500,251500,250500,251500,484,121520000,194,290
145020,2026-04-10,13:10:00,251000,251500,251000,251000,59,14810000,1,58
145020,2026-04-10,13:15:00,251000,251500,251000,251000,98,24600000,8,90
145020,2026-04-10,13:20:00,251500,251500,251500,251500,147,36970000,147,0
145020,2026-04-10,13:25:00,251500,252500,251000,252500,618,155670000,605,13
145020,2026-04-10,13:30:00,252500,253000,252000,253000,561,141720000,498,63
145020,2026-04-10,13:35:00,253000,253000,252500,253000,180,45530000,159,21
145020,2026-04-10,13:40:00,253000,253000,252500,253000,178,45030000,176,2
145020,2026-04-10,13:45:00,253000,253500,252500,252500,538,136160000,368,170
145020,2026-04-10,13:50:00,253000,253500,253000,253500,461,116740000,443,18
145020,2026-04-10,13:55:00,253500,254000,253000,253500,499,126530000,468,31
145020,2026-04-10,14:00:00,253500,254000,253500,253500,314,79690000,189,125
145020,2026-04-10,14:05:00,253500,255000,253500,254500,1512,384660000,1350,162
145020,2026-04-10,14:10:00,254500,255000,254500,255000,264,67290000,197,67
145020,2026-04-10,14:15:00,255000,256000,254500,256000,952,243240000,830,122
145020,2026-04-10,14:20:00,256000,257000,255500,256500,842,215760000,641,201
145020,2026-04-10,14:25:00,256000,257500,256000,256500,759,194940000,596,163
145020,2026-04-10,14:30:00,256500,258000,256000,258000,633,162950000,364,269
145020,2026-04-10,14:35:00,257000,258000,256500,257500,267,68740000,151,116
145020,2026-04-10,14:40:00,257000,257500,256500,256500,510,131100000,278,232
145020,2026-04-10,14:45:00,256500,257000,254500,256500,338,86700000,132,206
145020,2026-04-10,14:50:00,256500,257500,256000,256000,420,107840000,262,158
145020,2026-04-10,14:55:00,256500,257500,256500,257000,291,74730000,188,103
145020,2026-04-10,15:00:00,257000,257500,256500,256500,498,127850000,162,336
145020,2026-04-10,15:05:00,257000,257000,255000,255500,1189,304210000,460,729
145020,2026-04-10,15:10:00,255500,256500,255000,255500,312,79720000,68,244
145020,2026-04-10,15:15:00,256000,256500,255000,255000,426,108770000,173,253
145020,2026-04-10,15:20:00,255000,255500,254000,254500,343,87350000,185,158
145020,2026-04-10,15:30:00,255000,255000,255000,255000,809,206290000,808,0
145020,2026-04-13,09:05:00,248000,252000,248000,248500,1344,334490000,887,457
145020,2026-04-13,09:10:00,248500,250000,246500,246500,965,239050000,402,563
145020,2026-04-13,09:15:00,247500,250000,247000,249500,809,200800000,485,324
145020,2026-04-13,09:20:00,248500,250500,248500,249500,689,171870000,309,380
145020,2026-04-13,09:25:00,250500,251500,249500,251000,401,100470000,216,185
145020,2026-04-13,09:30:00,251000,251000,250500,250500,520,130320000,121,399
145020,2026-04-13,09:35:00,251000,251000,250000,250000,304,76080000,118,186
145020,2026-04-13,09:40:00,250500,251500,250000,250000,220,55090000,83,137
145020,2026-04-13,09:45:00,250000,251000,250000,251000,75,18800000,58,17
145020,2026-04-13,09:50:00,251000,252000,250500,251500,357,89730000,151,206
145020,2026-04-13,09:55:00,251500,252000,250500,251500,132,33200000,56,76
145020,2026-04-13,10:00:00,251500,252000,251000,251000,182,45790000,50,132
145020,2026-04-13,10:05:00,252000,252000,251500,251500,37,9310000,10,27
145020,2026-04-13,10:10:00,252000,252000,250500,251000,221,55550000,118,103
145020,2026-04-13,10:15:00,251500,252000,250500,250500,151,37930000,86,65
145020,2026-04-13,10:20:00,251000,252500,250500,251500,251,63160000,171,80
145020,2026-04-13,10:25:00,252000,252500,251500,252000,103,25970000,51,52
145020,2026-04-13,10:30:00,252000,255000,251500,254000,1031,260860000,853,178
145020,2026-04-13,10:35:00,254500,254500,253500,254000,64,16260000,15,49
145020,2026-04-13,10:40:00,254000,256000,254000,256000,385,98170000,331,54
145020,2026-04-13,10:45:00,256000,257500,255000,257000,918,235730000,453,465
145020,2026-04-13,10:50:00,257000,257500,256000,256000,214,54820000,100,114
145020,2026-04-13,10:55:00,256000,256500,256000,256000,38,9720000,3,35
145020,2026-04-13,11:00:00,256000,256500,255500,256000,121,30980000,29,92
145020,2026-04-13,11:05:00,255500,256500,255500,256000,232,59370000,117,115
145020,2026-04-13,11:10:00,256000,256000,255500,256000,79,20200000,19,60
145020,2026-04-13,11:15:00,256000,257000,255500,257000,561,143910000,549,12
145020,2026-04-13,11:20:00,257000,258000,256500,256500,494,127040000,461,33
145020,2026-04-13,11:25:00,256500,257000,256500,257000,59,15160000,49,10
145020,2026-04-13,11:30:00,257000,257000,255500,256000,276,70760000,19,257
145020,2026-04-13,11:35:00,256000,256500,255000,256000,450,115130000,411,39
145020,2026-04-13,11:40:00,256000,256000,255500,255500,183,46770000,40,143
145020,2026-04-13,11:45:00,255000,256500,255000,256000,289,73960000,256,33
145020,2026-04-13,11:50:00,256000,256500,255500,256500,448,114580000,296,152
145020,2026-04-13,11:55:00,256000,256000,255000,255500,146,37310000,78,68
145020,2026-04-13,12:00:00,255500,256000,255500,255500,86,21990000,31,55
145020,2026-04-13,12:05:00,255500,256000,255000,255000,181,46180000,9,172
145020,2026-04-13,12:10:00,255500,256000,255000,255500,155,39590000,76,79
145020,2026-04-13,12:15:00,256000,256000,254500,255000,164,41830000,51,113
145020,2026-04-13,12:20:00,255500,255500,255000,255000,85,21690000,27,58
145020,2026-04-13,12:25:00,255000,256000,255000,255000,134,34210000,78,56
145020,2026-04-13,12:30:00,255000,255500,255000,255000,40,10210000,11,29
145020,2026-04-13,12:35:00,255500,255500,255000,255500,57,14550000,31,26
145020,2026-04-13,12:40:00,255000,255500,255000,255000,62,15830000,29,33
145020,2026-04-13,12:45:00,255500,256000,255000,256000,202,51620000,170,32
145020,2026-04-13,12:50:00,255500,256000,255000,256000,558,142570000,462,96
145020,2026-04-13,12:55:00,256000,256000,255000,255500,128,32730000,70,58
145020,2026-04-13,13:00:00,256000,256000,255000,255500,235,59990000,91,144
145020,2026-04-13,13:05:00,255500,255500,255000,255000,159,40570000,57,102
145020,2026-04-13,13:10:00,255500,256500,255000,255500,465,118810000,351,114
145020,2026-04-13,13:15:00,255000,255500,254500,254500,270,68880000,63,207
145020,2026-04-13,13:20:00,255000,255500,254500,255500,93,23710000,43,50
145020,2026-04-13,13:25:00,255000,256000,254500,255000,511,130410000,133,378
145020,2026-04-13,13:30:00,255000,256000,255000,255500,85,21710000,42,43
145020,2026-04-13,13:35:00,255000,255500,254500,254500,260,66310000,42,218
145020,2026-04-13,13:40:00,254500,255000,254500,255000,61,15530000,11,50
145020,2026-04-13,13:45:00,254500,255000,254500,255000,78,19870000,28,50
145020,2026-04-13,13:50:00,254500,255000,254500,255000,73,18590000,28,45
145020,2026-04-13,13:55:00,254500,255000,254500,254500,144,36660000,28,116
145020,2026-04-13,14:00:00,255000,255500,254500,254500,251,64020000,175,76
145020,2026-04-13,14:05:00,254500,255000,254500,254500,104,26490000,59,45
145020,2026-04-13,14:10:00,255000,255000,254500,254500,110,28000000,9,101
145020,2026-04-13,14:15:00,254500,255000,254500,255000,134,34140000,59,75
145020,2026-04-13,14:20:00,255000,255000,254500,255000,106,27000000,63,43
145020,2026-04-13,14:25:00,255000,256000,254500,255000,311,79390000,183,128
145020,2026-04-13,14:30:00,255000,255500,255000,255000,103,26280000,35,68
145020,2026-04-13,14:35:00,255000,255500,255000,255000,57,14540000,2,55
145020,2026-04-13,14:40:00,255000,255000,254500,254500,172,43820000,3,169
145020,2026-04-13,14:45:00,254500,255000,254000,254000,412,104840000,191,221
145020,2026-04-13,14:50:00,254000,254500,254000,254000,134,34050000,43,91
145020,2026-04-13,14:55:00,254000,254500,253500,254500,391,99350000,161,230
145020,2026-04-13,15:00:00,254000,254500,254000,254000,106,26940000,41,65
145020,2026-04-13,15:05:00,254000,254500,254000,254500,174,44220000,49,125
145020,2026-04-13,15:10:00,254500,254500,254000,254000,308,78300000,126,182
145020,2026-04-13,15:15:00,254000,255000,253500,254500,599,152210000,397,202
145020,2026-04-13,15:20:00,254500,255000,253500,253500,369,93830000,227,142
145020,2026-04-13,15:30:00,256000,256000,256000,256000,1283,328440000,1283,0
145020,2026-04-14,09:05:00,260500,262500,260000,261500,1285,335640000,778,507
145020,2026-04-14,09:10:00,262500,263000,261500,262000,294,77090000,222,72
145020,2026-04-14,09:15:00,262000,262500,260500,260500,434,113390000,54,380
145020,2026-04-14,09:20:00,260500,261500,260500,261000,433,113080000,288,145
145020,2026-04-14,09:25:00,260500,261500,260000,260000,408,106270000,214,194
145020,2026-04-14,09:30:00,260000,260500,259000,260000,898,233340000,511,387
145020,2026-04-14,09:35:00,260000,261500,260000,261500,765,199380000,664,101
145020,2026-04-14,09:40:00,261500,262000,261000,261000,291,76140000,222,69
145020,2026-04-14,09:45:00,261000,262000,260000,261500,594,154980000,219,375
145020,2026-04-14,09:50:00,261500,262000,260000,260000,439,114570000,28,411
145020,2026-04-14,09:55:00,260000,260500,259500,260000,635,165110000,371,264
145020,2026-04-14,10:00:00,260500,261000,259500,261000,213,55420000,118,95
145020,2026-04-14,10:05:00,260500,261000,260000,260000,350,91210000,81,269
145020,2026-04-14,10:10:00,260000,261500,260000,260500,593,154610000,357,236
145020,2026-04-14,10:15:00,261000,261500,260500,260500,397,103550000,205,192
145020,2026-04-14,10:20:00,260500,260500,259500,260000,680,176740000,221,459
145020,2026-04-14,10:25:00,260000,261000,259000,259000,770,200110000,265,505
145020,2026-04-14,10:30:00,259000,259500,257500,257500,456,117790000,100,356
145020,2026-04-14,10:35:00,257500,260000,256500,258000,1270,327390000,816,454
145020,2026-04-14,10:40:00,257500,258500,257500,257500,373,96220000,170,203
145020,2026-04-14,10:45:00,257500,258000,257000,257000,462,118940000,86,376
145020,2026-04-14,10:50:00,257500,257500,256500,257000,488,125440000,142,346
145020,2026-04-14,10:55:00,257500,257500,256500,257000,366,94050000,117,249
145020,2026-04-14,11:00:00,256500,257000,255500,256500,1144,293200000,321,823
145020,2026-04-14,11:05:00,256500,257500,256000,256500,464,119040000,292,172
145020,2026-04-14,11:10:00,256500,257000,256000,256000,288,73850000,156,132
145020,2026-04-14,11:15:00,256000,257000,256000,256000,358,91740000,105,253
145020,2026-04-14,11:20:00,256500,257000,256000,256500,476,122030000,281,195
145020,2026-04-14,11:25:00,256500,256500,256000,256000,408,104520000,132,276
145020,2026-04-14,11:30:00,256000,256500,256000,256500,395,101140000,45,350
145020,2026-04-14,11:35:00,256500,256500,256000,256000,412,105540000,135,277
145020,2026-04-14,11:40:00,256000,256500,256000,256000,387,99080000,9,378
145020,2026-04-14,11:45:00,256000,256500,255500,256000,338,86530000,38,300
145020,2026-04-14,11:50:00,256500,256500,255500,256000,523,133920000,279,244
145020,2026-04-14,11:55:00,256000,256500,255500,255500,467,119550000,150,317
145020,2026-04-14,12:00:00,256000,256500,255500,256000,449,114880000,214,235
145020,2026-04-14,12:05:00,256000,256500,256000,256000,339,86800000,40,299
145020,2026-04-14,12:10:00,256000,256500,256000,256000,506,129610000,146,360
145020,2026-04-14,12:15:00,256500,256500,255500,256000,456,116730000,208,248
145020,2026-04-14,12:20:00,256000,256500,256000,256000,344,88070000,8,336
145020,2026-04-14,12:25:00,256000,256500,255500,256000,550,140760000,208,342
145020,2026-04-14,12:30:00,256000,256500,255500,255500,383,97980000,125,258
145020,2026-04-14,12:35:00,255500,256500,255500,255500,453,115820000,140,313
145020,2026-04-14,12:40:00,255500,255500,254500,254500,525,134030000,44,481
145020,2026-04-14,12:45:00,254500,255000,254000,254500,556,141420000,117,439
145020,2026-04-14,12:50:00,254500,255000,254000,254500,427,108670000,102,325
145020,2026-04-14,12:55:00,254000,255000,254000,254500,435,110660000,167,268
145020,2026-04-14,13:00:00,254500,255000,254000,254500,485,123380000,155,330
145020,2026-04-14,13:05:00,254500,255000,254000,254000,444,112890000,33,411
145020,2026-04-14,13:10:00,254500,255000,253500,253500,874,222070000,365,509
145020,2026-04-14,13:15:00,253500,254000,253000,253500,619,156940000,265,354
145020,2026-04-14,13:20:00,253500,254000,253000,253000,400,101310000,132,268
145020,2026-04-14,13:25:00,253500,254000,253000,253500,712,180550000,426,286
145020,2026-04-14,13:30:00,253500,254000,253000,253000,455,115370000,123,332
145020,2026-04-14,13:35:00,253500,253500,252500,253000,668,169020000,217,451
145020,2026-04-14,13:40:00,253000,253500,252500,253000,803,203100000,351,452
145020,2026-04-14,13:45:00,253000,253500,253000,253000,396,100250000,128,268
145020,2026-04-14,13:50:00,253000,254000,253000,253500,735,186250000,389,346
145020,2026-04-14,13:55:00,253500,253500,252500,253000,483,122180000,230,253
145020,2026-04-14,14:00:00,253000,253500,252500,253000,469,118690000,182,287
145020,2026-04-14,14:05:00,253000,253500,252500,253000,693,175440000,385,308
145020,2026-04-14,14:10:00,253000,253500,253000,253500,557,141090000,197,360
145020,2026-04-14,14:15:00,253500,253500,253000,253000,342,86560000,55,287
145020,2026-04-14,14:20:00,253000,253500,252500,253000,547,138380000,262,285
145020,2026-04-14,14:25:00,253000,253500,253000,253500,436,110380000,142,294
145020,2026-04-14,14:30:00,253000,253500,252500,253500,612,154940000,362,250
145020,2026-04-14,14:35:00,253500,254000,253000,253000,575,145600000,248,327
145020,2026-04-14,14:40:00,253000,253500,252500,253000,586,148270000,194,392
145020,2026-04-14,14:45:00,253000,253500,252500,253000,502,127000000,256,246
145020,2026-04-14,14:50:00,253000,253500,252500,252500,538,136100000,281,257
145020,2026-04-14,14:55:00,252500,253000,252500,252500,730,184450000,170,560
145020,2026-04-14,15:00:00,252500,253500,252500,252500,558,141060000,205,353
145020,2026-04-14,15:05:00,252500,253000,252000,252500,850,214640000,303,547
145020,2026-04-14,15:10:00,252500,252750,252000,252000,810,204470000,227,583
145020,2026-04-14,15:15:00,252500,253000,252000,252500,768,193840000,381,387
145020,2026-04-14,15:20:00,253000,253000,252000,252500,1405,354690000,822,583
145020,2026-04-14,15:30:00,253000,253000,253000,253000,712,180140000,712,0
145020,2026-04-15,09:05:00,258000,259500,256000,256750,870,224160000,373,497
145020,2026-04-15,09:10:00,257000,258000,256000,256500,434,111460000,227,207
145020,2026-04-15,09:15:00,256500,257000,255500,256000,578,148050000,149,429
145020,2026-04-15,09:20:00,256000,256500,255500,255500,421,107800000,159,262
145020,2026-04-15,09:25:00,256000,257000,256000,256500,282,72290000,170,112
145020,2026-04-15,09:30:00,256500,257500,256000,257000,418,107340000,384,34
145020,2026-04-15,09:35:00,257000,257500,256500,256500,180,46250000,131,49
145020,2026-04-15,09:40:00,257000,257500,257000,257000,57,14650000,1,56
145020,2026-04-15,09:45:00,257000,257500,257000,257000,66,16970000,6,60
145020,2026-04-15,09:50:00,257000,257500,257000,257500,550,141600000,229,321
145020,2026-04-15,09:55:00,257500,258500,257500,258000,692,178540000,348,344
145020,2026-04-15,10:00:00,258000,260000,258000,259500,924,239260000,702,222
145020,2026-04-15,10:05:00,259500,262000,259500,262000,1508,393690000,912,596
145020,2026-04-15,10:10:00,261000,262000,259000,259000,644,168180000,137,507
145020,2026-04-15,10:15:00,259500,261500,259500,261000,520,135570000,414,106
145020,2026-04-15,10:20:00,260500,261000,259500,260000,187,48690000,35,152
145020,2026-04-15,10:25:00,260000,260500,259000,259500,298,77410000,38,260
145020,2026-04-15,10:30:00,260000,260000,257500,259000,322,83380000,122,200
145020,2026-04-15,10:35:00,258500,259000,258000,258500,213,55060000,54,159
145020,2026-04-15,10:40:00,258000,259500,257500,259000,386,99800000,141,245
145020,2026-04-15,10:45:00,259500,259500,258500,259000,89,23060000,35,54
145020,2026-04-15,10:50:00,259000,259500,259000,259000,95,24610000,27,68
145020,2026-04-15,10:55:00,259000,260500,259000,259500,291,75540000,182,109
145020,2026-04-15,11:00:00,259500,260500,259000,259500,359,93240000,128,231
145020,2026-04-15,11:05:00,259500,262000,259500,261500,1079,281680000,1018,61
145020,2026-04-15,11:10:00,261500,262500,261000,261500,763,199820000,456,307
145020,2026-04-15,11:15:00,262000,263000,261500,262500,576,151140000,241,335
145020,2026-04-15,11:20:00,262500,263000,262000,262500,660,173390000,362,298
145020,2026-04-15,11:25:00,262000,263000,261500,262000,353,92600000,149,204
145020,2026-04-15,11:30:00,262000,263000,261500,261500,141,36970000,64,77
145020,2026-04-15,11:35:00,261500,262000,261000,261500,154,40300000,32,122
145020,2026-04-15,11:40:00,261000,261500,261000,261000,113,29520000,59,54
145020,2026-04-15,11:45:00,261000,262000,261000,261500,165,43150000,57,108
145020,2026-04-15,11:50:00,261000,262000,261000,262000,108,28250000,89,19
145020,2026-04-15,11:55:00,262000,262000,261500,261500,164,42900000,49,115
145020,2026-04-15,12:00:00,261000,262000,261000,261000,252,65890000,119,133
145020,2026-04-15,12:05:00,261000,261500,261000,261500,103,26890000,9,94
145020,2026-04-15,12:10:00,261500,261500,261000,261000,236,61610000,33,203
145020,2026-04-15,12:15:00,261000,261500,261000,261000,38,9920000,6,32
145020,2026-04-15,12:20:00,261000,261500,261000,261000,79,20630000,24,55
145020,2026-04-15,12:25:00,261000,261500,260500,260500,183,47760000,6,177
145020,2026-04-15,12:30:00,260500,261500,260500,261000,71,18530000,52,19
145020,2026-04-15,12:35:00,261500,261500,261000,261000,95,24830000,75,20
145020,2026-04-15,12:40:00,261000,261500,261000,261000,59,15410000,25,34
145020,2026-04-15,12:45:00,261000,262000,261000,261500,166,43420000,130,36
145020,2026-04-15,12:50:00,262000,262000,261500,261500,58,15170000,21,37
145020,2026-04-15,12:55:00,261500,262000,261500,261500,124,32470000,85,39
145020,2026-04-15,13:00:00,262000,262000,261500,262000,77,20160000,46,31
145020,2026-04-15,13:05:00,262000,262000,261000,261000,793,207560000,405,388
145020,2026-04-15,13:10:00,261500,262000,261000,262000,165,43160000,99,66
145020,2026-04-15,13:15:00,261500,262000,261500,262000,119,31140000,39,80
145020,2026-04-15,13:20:00,261500,262000,261000,261500,419,109590000,132,287
145020,2026-04-15,13:25:00,261500,262000,261000,261000,308,80560000,74,234
145020,2026-04-15,13:30:00,261000,261500,260500,260500,116,30270000,9,107
145020,2026-04-15,13:35:00,260500,261500,260000,261500,181,47170000,65,116
145020,2026-04-15,13:40:00,261500,261500,261000,261000,68,17760000,17,51
145020,2026-04-15,13:45:00,261000,261500,260500,261000,236,61560000,52,184
145020,2026-04-15,13:50:00,261500,261500,260500,261000,136,35510000,42,94
145020,2026-04-15,13:55:00,261500,261500,261000,261000,65,16970000,20,45
145020,2026-04-15,14:00:00,261500,261500,260500,260500,181,47250000,24,157
145020,2026-04-15,14:05:00,261000,261500,260500,260500,293,76440000,165,128
145020,2026-04-15,14:10:00,260500,261000,260000,261000,90,23440000,51,39
145020,2026-04-15,14:15:00,261000,261500,260500,261000,129,33680000,64,65
145020,2026-04-15,14:20:00,261000,261500,260500,261000,167,43600000,68,99
145020,2026-04-15,14:25:00,261000,261000,259500,259500,177,46060000,35,142
145020,2026-04-15,14:30:00,259500,260000,259500,259500,138,35850000,79,59
145020,2026-04-15,14:35:00,260000,260000,259500,259500,99,25720000,50,49
145020,2026-04-15,14:40:00,260000,261500,259000,260000,715,186000000,462,253
145020,2026-04-15,14:45:00,260000,261500,259500,261000,913,237770000,588,325
145020,2026-04-15,14:50:00,261000,261500,260500,261000,724,189190000,498,226
145020,2026-04-15,14:55:00,261500,261500,259500,260500,1063,277530000,718,345
145020,2026-04-15,15:00:00,261000,262500,261000,262000,2837,742990000,2469,368
145020,2026-04-15,15:05:00,262000,263000,261500,262500,1005,263800000,807,198
145020,2026-04-15,15:10:00,262500,263000,262000,263000,1046,274530000,913,133
145020,2026-04-15,15:15:00,263000,264000,262000,263000,1160,305450000,985,175
145020,2026-04-15,15:20:00,263000,264000,262500,263500,1520,400540000,976,544
145020,2026-04-15,15:30:00,263500,263500,263500,263500,947,249530000,947,0
145020,2026-04-16,09:05:00,261500,267000,261500,266500,710,187420000,484,226
145020,2026-04-16,09:10:00,266500,266500,264000,264000,493,130840000,137,356
145020,2026-04-16,09:15:00,264000,265500,264000,265500,148,39210000,47,101
145020,2026-04-16,09:20:00,265500,268500,265000,268000,1843,492630000,1691,152
145020,2026-04-16,09:25:00,268000,268000,266000,266000,500,133530000,112,388
145020,2026-04-16,09:30:00,266000,267000,265500,266500,182,48440000,79,103
145020,2026-04-16,09:35:00,266000,266500,265500,266000,220,58510000,40,180
145020,2026-04-16,09:40:00,266000,267000,265500,266500,627,167070000,176,451
145020,2026-04-16,09:45:00,266000,267500,265500,267000,246,65550000,186,60
145020,2026-04-16,09:50:00,267000,267500,266500,267000,190,50710000,96,94
145020,2026-04-16,09:55:00,267000,267000,266000,267000,143,38140000,49,94
145020,2026-04-16,10:00:00,267000,267000,265500,265500,266,70740000,34,232
145020,2026-04-16,10:05:00,265500,266000,264500,265500,252,66840000,50,202
145020,2026-04-16,10:10:00,265500,265500,263500,264000,245,64740000,81,164
145020,2026-04-16,10:15:00,264000,264500,263500,264500,119,31400000,13,106
145020,2026-04-16,10:20:00,264500,265000,263500,264000,240,63370000,53,187
145020,2026-04-16,10:25:00,264500,264500,263000,263500,250,65810000,59,191
145020,2026-04-16,10:30:00,263000,263500,262000,262000,592,155470000,245,347
145020,2026-04-16,10:35:00,262000,262500,261000,261500,469,122700000,44,425
145020,2026-04-16,10:40:00,261500,262000,261000,261500,119,31120000,64,55
145020,2026-04-16,10:45:00,261500,263000,261500,262000,217,56890000,109,108
145020,2026-04-16,10:50:00,261500,262000,261000,261000,272,71130000,141,131
145020,2026-04-16,10:55:00,261000,262000,261000,261500,285,74530000,136,149
145020,2026-04-16,11:00:00,261500,264000,261500,263500,1382,363090000,774,608
145020,2026-04-16,11:05:00,262500,263000,261500,261500,308,80800000,96,212
145020,2026-04-16,11:10:00,261500,263000,261500,262500,176,46210000,98,78
145020,2026-04-16,11:15:00,263000,263000,261500,262000,133,34860000,32,101
145020,2026-04-16,11:20:00,261500,262000,261000,262000,323,84460000,94,229
145020,2026-04-16,11:25:00,261000,262000,261000,261500,112,29300000,60,52
145020,2026-04-16,11:30:00,261500,262000,261500,262000,73,19100000,11,62
145020,2026-04-16,11:35:00,262000,262000,261500,261500,44,11510000,16,28
145020,2026-04-16,11:40:00,261500,262000,261500,261500,76,19890000,35,41
145020,2026-04-16,11:45:00,262000,262000,260500,260500,783,204510000,137,646
145020,2026-04-16,11:50:00,261000,261500,260500,261500,237,61860000,190,47
145020,2026-04-16,11:55:00,261000,262000,261000,261500,96,25110000,89,7
145020,2026-04-16,12:00:00,261500,262000,261500,262000,29,7590000,19,10
145020,2026-04-16,12:05:00,261500,262000,261500,261500,79,20670000,32,47
145020,2026-04-16,12:10:00,262000,264000,261500,263000,950,249360000,756,194
145020,2026-04-16,12:15:00,262500,263500,262500,263500,60,15780000,57,3
145020,2026-04-16,12:20:00,263500,263500,263000,263000,76,19990000,16,60
145020,2026-04-16,12:25:00,263500,263500,263000,263500,78,20520000,15,63
145020,2026-04-16,12:30:00,263000,263500,263000,263000,50,13170000,34,16
145020,2026-04-16,12:35:00,263500,263500,263000,263500,107,28170000,54,53
145020,2026-04-16,12:40:00,263500,263500,263000,263500,205,54010000,201,4
145020,2026-04-16,12:45:00,263500,264000,262500,263000,643,169250000,238,405
145020,2026-04-16,12:50:00,262500,263000,262500,262500,59,15510000,36,23
145020,2026-04-16,12:55:00,263000,263000,262500,263000,50,13130000,11,39
145020,2026-04-16,13:00:00,263000,263500,262000,262500,760,199880000,379,381
145020,2026-04-16,13:05:00,262500,264000,262500,263000,242,63690000,216,26
145020,2026-04-16,13:10:00,263000,263500,263000,263000,65,17110000,35,30
145020,2026-04-16,13:15:00,263000,263500,263000,263500,218,57380000,85,133
145020,2026-04-16,13:20:00,263500,263500,263000,263000,754,198330000,184,570
145020,2026-04-16,13:25:00,263500,263500,263000,263500,65,17100000,11,54
145020,2026-04-16,13:30:00,263000,263000,261500,262500,1004,263290000,227,777
145020,2026-04-16,13:35:00,262000,263000,262000,262500,129,33860000,117,12
145020,2026-04-16,13:40:00,262500,263000,262500,263000,60,15760000,27,33
145020,2026-04-16,13:45:00,262500,263000,262500,262500,159,41800000,119,40
145020,2026-04-16,13:50:00,262500,263000,262500,263000,64,16830000,57,7
145020,2026-04-16,13:55:00,263000,263000,262500,263000,154,40470000,92,62
145020,2026-04-16,14:00:00,262500,263000,262500,262500,137,36000000,74,63
145020,2026-04-16,14:05:00,262500,263000,262500,262500,102,26790000,31,71
145020,2026-04-16,14:10:00,263000,263000,261500,262500,1034,271090000,490,544
145020,2026-04-16,14:15:00,262500,263000,262500,262500,338,88740000,224,114
145020,2026-04-16,14:20:00,262500,263000,262500,263000,85,22340000,73,12
145020,2026-04-16,14:25:00,262500,263000,262500,262500,63,16560000,40,23
145020,2026-04-16,14:30:00,262500,263000,262500,263000,81,21290000,52,29
145020,2026-04-16,14:35:00,263000,263000,262500,263000,110,28920000,98,12
145020,2026-04-16,14:40:00,263000,263000,262500,262500,127,33360000,59,68
145020,2026-04-16,14:45:00,262750,263000,262500,263000,200,52570000,140,60
145020,2026-04-16,14:50:00,263000,263000,262500,263000,220,57850000,191,29
145020,2026-04-16,14:55:00,263000,263500,262500,263000,917,241330000,895,22
145020,2026-04-16,15:00:00,264000,264000,262500,262500,446,117300000,81,365
145020,2026-04-16,15:05:00,262500,263000,261500,261500,1019,267120000,99,920
145020,2026-04-16,15:10:00,261500,262000,261500,261500,237,62030000,103,134
145020,2026-04-16,15:15:00,262000,262000,261500,262000,295,77250000,214,81
145020,2026-04-16,15:20:00,261500,262000,261000,261500,1758,460010000,991,767
145020,2026-04-16,15:30:00,262000,262000,262000,262000,948,248380000,948,0
145020,2026-04-17,09:05:00,263500,268500,263000,267500,2358,627080000,2014,344
145020,2026-04-17,09:10:00,267500,269500,265000,269000,2834,759530000,2284,550
145020,2026-04-17,09:15:00,269000,269500,267000,268000,1119,299880000,451,668
145020,2026-04-17,09:20:00,267500,271500,267500,270000,4594,1238800000,3840,754
145020,2026-04-17,09:25:00,270000,274000,269500,273000,3779,1029650000,2790,989
145020,2026-04-17,09:30:00,273000,275000,271500,273500,4935,1351690000,3475,1460
145020,2026-04-17,09:35:00,273500,275500,273000,274500,1547,424410000,1071,476
145020,2026-04-17,09:40:00,275000,275000,271000,272000,1189,323920000,341,848
145020,2026-04-17,09:45:00,271500,273000,271500,272500,439,119530000,269,170
145020,2026-04-17,09:50:00,272000,273500,272000,273000,843,230060000,468,375
145020,2026-04-17,09:55:00,273000,273000,272500,272500,233,63580000,174,59
145020,2026-04-17,10:00:00,273000,273500,272500,272500,870,237430000,286,584
145020,2026-04-17,10:05:00,273000,273500,272500,273000,334,91140000,226,108
145020,2026-04-17,10:10:00,272500,273000,271000,271500,815,221870000,252,563
145020,2026-04-17,10:15:00,271000,271500,271000,271500,534,144810000,240,294
145020,2026-04-17,10:20:00,271000,271500,270000,271500,1723,466340000,791,932
145020,2026-04-17,10:25:00,271000,271500,270500,271500,339,91890000,205,134
145020,2026-04-17,10:30:00,271500,271500,270500,271000,379,102750000,250,129
145020,2026-04-17,10:35:00,271500,272000,271000,271500,260,70610000,234,26
145020,2026-04-17,10:40:00,271500,272000,271000,271500,435,118110000,313,122
145020,2026-04-17,10:45:00,271500,272000,271000,272000,612,166220000,534,78
145020,2026-04-17,10:50:00,271500,272500,271000,272000,804,218550000,535,269
145020,2026-04-17,10:55:00,271500,272500,271500,272500,520,141540000,499,21
145020,2026-04-17,11:00:00,272500,273500,272500,273000,1215,331580000,437,778
145020,2026-04-17,11:05:00,273000,273500,271500,273500,799,217660000,312,487
145020,2026-04-17,11:10:00,273000,273500,272000,273000,332,90620000,139,193
145020,2026-04-17,11:15:00,273000,273000,272000,272500,383,104410000,143,240
145020,2026-04-17,11:20:00,272000,273000,272000,272500,356,97090000,250,106
145020,2026-04-17,11:25:00,273000,273000,272500,273000,235,64140000,204,31
145020,2026-04-17,11:30:00,273000,273000,271500,272000,518,141060000,186,332
145020,2026-04-17,11:35:00,271500,271500,270500,271000,496,134450000,227,269
145020,2026-04-17,11:40:00,271000,271000,270500,271000,274,74250000,264,10
145020,2026-04-17,11:45:00,271000,271500,271000,271500,340,92270000,310,30
145020,2026-04-17,11:50:00,271500,272500,271000,271500,397,107780000,201,196
145020,2026-04-17,11:55:00,271500,271500,270000,270000,512,138620000,193,319
145020,2026-04-17,12:00:00,270000,272000,270000,271000,479,129760000,398,81
145020,2026-04-17,12:05:00,270500,271500,270500,270500,258,69940000,187,71
145020,2026-04-17,12:10:00,271000,271500,270500,271000,256,69370000,177,79
145020,2026-04-17,12:15:00,271000,271500,271000,271000,227,61540000,159,68
145020,2026-04-17,12:20:00,271500,271500,270500,271000,209,56660000,89,120
145020,2026-04-17,12:25:00,271000,271500,270500,271000,271,73450000,138,133
145020,2026-04-17,12:30:00,271000,271500,270500,271500,205,55580000,185,20
145020,2026-04-17,12:35:00,271000,272000,271000,271500,227,61630000,142,85
145020,2026-04-17,12:40:00,271500,271500,271000,271000,293,79480000,184,109
145020,2026-04-17,12:45:00,271000,271500,270500,271000,312,84590000,140,172
145020,2026-04-17,12:50:00,271000,271500,271000,271000,171,46380000,92,79
145020,2026-04-17,12:55:00,271000,271500,271000,271500,192,52100000,142,50
145020,2026-04-17,13:00:00,271500,272000,271000,271500,252,68450000,228,24
145020,2026-04-17,13:05:00,271500,272500,271000,272000,535,145450000,437,98
145020,2026-04-17,13:10:00,272000,272500,271500,272000,243,66120000,154,89
145020,2026-04-17,13:15:00,272000,272500,271000,271500,449,121990000,153,296
145020,2026-04-17,13:20:00,271500,272000,271000,271000,301,81650000,99,202
145020,2026-04-17,13:25:00,271000,271500,270500,271000,264,71570000,83,181
145020,2026-04-17,13:30:00,271000,271500,270500,270500,453,122700000,119,334
145020,2026-04-17,13:35:00,270500,271000,270000,270500,223,60350000,137,86
145020,2026-04-17,13:40:00,271000,271000,270000,270500,266,72000000,157,109
145020,2026-04-17,13:45:00,270500,270500,269500,270000,531,143380000,258,273
145020,2026-04-17,13:50:00,270000,271000,270000,270500,282,76240000,222,60
145020,2026-04-17,13:55:00,270000,271500,270000,271000,208,56310000,129,79
145020,2026-04-17,14:00:00,270500,271000,269500,270000,460,124340000,255,205
145020,2026-04-17,14:05:00,269500,270000,268500,269000,867,233510000,206,661
145020,2026-04-17,14:10:00,269000,270000,269000,269500,233,62760000,196,37
145020,2026-04-17,14:15:00,269000,270000,269000,270000,263,70900000,179,84
145020,2026-04-17,14:20:00,270000,270500,269000,270000,386,104180000,249,137
145020,2026-04-17,14:25:00,270000,271000,269500,270000,381,102900000,345,36
145020,2026-04-17,14:30:00,270000,270500,270000,270500,296,79940000,197,99
145020,2026-04-17,14:35:00,270000,270500,269000,270000,425,114590000,198,227
145020,2026-04-17,14:40:00,270000,271000,270000,270500,394,106550000,222,172
145020,2026-04-17,14:45:00,270500,271000,270000,271000,603,163230000,450,153
145020,2026-04-17,14:50:00,271000,271000,270000,270500,604,163460000,429,175
145020,2026-04-17,14:55:00,270500,271000,270000,270500,464,125520000,290,174
145020,2026-04-17,15:00:00,270000,271000,269500,270000,498,134480000,219,279
145020,2026-04-17,15:05:00,270000,271000,269500,270000,250,67550000,198,52
145020,2026-04-17,15:10:00,270000,270000,269500,269750,721,194380000,201,520
145020,2026-04-17,15:15:00,269500,270500,269000,270000,624,168210000,295,329
145020,2026-04-17,15:20:00,270000,270500,269000,269000,971,261620000,492,479
145020,2026-04-17,15:30:00,269500,269500,269500,269500,2076,559480000,2076,0
145020,2026-04-20,09:05:00,271500,275000,269500,269500,2866,781030000,1779,1087
145020,2026-04-20,09:10:00,270000,270000,267500,269000,1199,321960000,431,768
145020,2026-04-20,09:15:00,269000,271500,268500,269500,1159,313050000,606,553
145020,2026-04-20,09:20:00,269500,270500,267000,267000,1507,404820000,598,909
145020,2026-04-20,09:25:00,267000,269000,267000,268500,434,116260000,336,98
145020,2026-04-20,09:30:00,268500,271000,268000,269000,1295,348470000,1005,290
145020,2026-04-20,09:35:00,269000,272000,269000,270500,1459,393870000,1111,348
145020,2026-04-20,09:40:00,270500,270500,269500,270000,553,149380000,322,231
145020,2026-04-20,09:45:00,270000,273500,269500,270500,1531,415060000,1093,438
145020,2026-04-20,09:50:00,271000,274000,271000,273000,1126,306510000,639,487
145020,2026-04-20,09:55:00,272500,274000,272500,273000,441,120500000,226,215
145020,2026-04-20,10:00:00,273000,273000,271000,272000,728,197930000,249,479
145020,2026-04-20,10:05:00,271000,273000,271000,272000,287,78010000,172,115
145020,2026-04-20,10:10:00,272000,272500,270000,271000,733,198710000,134,599
145020,2026-04-20,10:15:00,270500,271500,270000,270500,238,64410000,141,97
145020,2026-04-20,10:20:00,271000,271000,270000,270500,525,141900000,121,404
145020,2026-04-20,10:25:00,270000,270500,269500,270500,357,96320000,170,187
145020,2026-04-20,10:30:00,270000,270500,269500,269500,383,103290000,71,312
145020,2026-04-20,10:35:00,270000,270500,270000,270500,161,43500000,43,118
145020,2026-04-20,10:40:00,270500,271000,270000,270000,233,63040000,61,172
145020,2026-04-20,10:45:00,270500,270500,270000,270500,31,8370000,6,25
145020,2026-04-20,10:50:00,270000,271000,270000,271000,233,63020000,197,36
145020,2026-04-20,10:55:00,271000,271500,270000,271000,262,70900000,77,185
145020,2026-04-20,11:00:00,270500,271000,269500,270500,502,135660000,264,238
145020,2026-04-20,11:05:00,270500,271000,270000,270500,99,26780000,73,26
145020,2026-04-20,11:10:00,270500,271500,270500,271000,256,69450000,226,30
145020,2026-04-20,11:15:00,271500,272000,271000,271500,1057,287130000,302,755
145020,2026-04-20,11:20:00,271500,272500,270500,271000,218,59150000,72,146
145020,2026-04-20,11:25:00,271000,272000,271000,272000,318,86320000,187,131
145020,2026-04-20,11:30:00,271500,272000,271000,271000,82,22270000,31,51
145020,2026-04-20,11:35:00,271500,272000,271500,271500,194,52670000,28,166
145020,2026-04-20,11:40:00,271500,272000,271500,272000,58,15750000,12,46
145020,2026-04-20,11:45:00,271500,272000,271000,272000,154,41820000,109,45
145020,2026-04-20,11:50:00,272000,272500,271500,271500,140,38050000,80,60
145020,2026-04-20,11:55:00,272000,273000,271500,273000,131,35670000,97,34
145020,2026-04-20,12:00:00,273000,273500,273000,273500,355,96990000,313,42
145020,2026-04-20,12:05:00,273000,273500,272500,272500,449,122590000,125,324
145020,2026-04-20,12:10:00,272500,273500,272000,272000,213,58070000,54,159
145020,2026-04-20,12:15:00,272500,273000,272000,272500,86,23430000,46,40
145020,2026-04-20,12:20:00,272500,273000,272500,272500,49,13360000,17,32
145020,2026-04-20,12:25:00,273000,273000,272500,272500,26,7090000,12,14
145020,2026-04-20,12:30:00,273000,273000,272000,272500,180,49050000,61,119
145020,2026-04-20,12:35:00,272000,272500,272000,272500,121,32960000,90,31
145020,2026-04-20,12:40:00,272500,273000,272000,272500,381,103710000,115,266
145020,2026-04-20,12:45:00,272500,273000,272000,272000,230,62660000,40,190
145020,2026-04-20,12:50:00,272000,272500,272000,272500,53,14430000,36,17
145020,2026-04-20,12:55:00,272250,272500,272000,272500,492,133890000,219,273
145020,2026-04-20,13:00:00,272000,272500,271500,272000,226,61460000,89,137
145020,2026-04-20,13:05:00,272000,272500,272000,272000,113,30780000,98,15
145020,2026-04-20,13:10:00,272500,272500,272000,272000,196,53340000,45,151
145020,2026-04-20,13:15:00,272500,273500,272000,273000,481,131240000,426,55
145020,2026-04-20,13:20:00,272500,273000,272500,273000,47,12820000,25,22
145020,2026-04-20,13:25:00,273000,273000,272000,272500,205,55850000,73,132
145020,2026-04-20,13:30:00,272500,273000,272000,273000,189,51520000,144,45
145020,2026-04-20,13:35:00,272500,273000,272000,272500,200,54530000,60,140
145020,2026-04-20,13:40:00,272500,272500,272000,272500,262,71350000,168,94
145020,2026-04-20,13:45:00,272000,272500,272000,272000,304,82700000,65,239
145020,2026-04-20,13:50:00,271500,272000,271500,272000,95,25830000,74,21
145020,2026-04-20,13:55:00,271500,272500,271500,272000,82,22310000,59,23
145020,2026-04-20,14:00:00,272000,272500,272000,272500,166,45190000,62,104
145020,2026-04-20,14:05:00,272500,272500,271500,272000,190,51670000,30,160
145020,2026-04-20,14:10:00,271500,272000,271500,272000,176,47800000,24,152
145020,2026-04-20,14:15:00,271500,272000,271500,271500,34,9240000,14,20
145020,2026-04-20,14:20:00,271500,273500,271500,272500,838,228260000,756,82
145020,2026-04-20,14:25:00,272000,272500,271500,272000,164,44600000,66,98
145020,2026-04-20,14:30:00,272000,272000,271000,271500,163,44250000,29,134
145020,2026-04-20,14:35:00,271000,272000,271000,272000,628,170570000,568,60
145020,2026-04-20,14:40:00,272000,273000,272000,273000,687,187170000,505,182
145020,2026-04-20,14:45:00,272500,273000,272500,273000,421,114900000,351,70
145020,2026-04-20,14:50:00,273000,273000,272000,273000,551,150290000,307,244
145020,2026-04-20,14:55:00,273000,273000,272000,272500,572,155870000,305,267
145020,2026-04-20,15:00:00,272500,273500,272500,273000,538,146780000,440,98
145020,2026-04-20,15:05:00,272500,273500,271500,271500,392,106730000,115,277
145020,2026-04-20,15:10:00,271500,272000,271000,271000,477,129410000,144,333
145020,2026-04-20,15:15:00,271500,271500,271000,271000,167,45270000,21,146
145020,2026-04-20,15:20:00,271000,272000,270500,272000,791,214510000,580,211
145020,2026-04-20,15:30:00,271000,271000,271000,271000,1276,345790000,1276,0
145020,2026-04-21,09:05:00,272500,274000,270500,273500,758,206540000,574,184
145020,2026-04-21,09:10:00,273000,276500,272500,275000,2364,648350000,1663,701
145020,2026-04-21,09:15:00,274500,275500,273000,274000,969,265400000,630,339
145020,2026-04-21,09:20:00,275000,276500,274000,276000,1176,323760000,872,304
145020,2026-04-21,09:25:00,276000,276000,274000,274000,477,130990000,74,403
145020,2026-04-21,09:30:00,274000,274500,273500,274500,342,93670000,117,225
145020,2026-04-21,09:35:00,274500,275500,274000,275000,436,119770000,279,157
145020,2026-04-21,09:40:00,275000,275000,274000,274500,205,56250000,70,135
145020,2026-04-21,09:45:00,274500,275000,273500,274000,179,49050000,19,160
145020,2026-04-21,09:50:00,274000,274500,272500,272500,493,134520000,240,253
145020,2026-04-21,09:55:00,272000,273000,271500,272000,848,230600000,485,363
145020,2026-04-21,10:00:00,271500,272000,271000,271000,1050,285140000,541,509
145020,2026-04-21,10:05:00,271000,274000,270500,272000,2428,660410000,1407,1021
145020,2026-04-21,10:10:00,271500,272500,271000,271500,1206,327280000,716,490
145020,2026-04-21,10:15:00,271000,271500,268500,269000,1837,496010000,607,1230
145020,2026-04-21,10:20:00,268500,272500,268500,269500,815,219740000,519,296
145020,2026-04-21,10:25:00,270000,270000,268500,269000,501,134790000,187,314
145020,2026-04-21,10:30:00,269000,272500,268500,269500,2961,798480000,1721,1240
145020,2026-04-21,10:35:00,269000,272000,268750,269000,1090,293380000,464,626
145020,2026-04-21,10:40:00,269000,269500,268000,269000,723,194270000,202,521
145020,2026-04-21,10:45:00,268000,269500,268000,269000,706,189490000,377,329
145020,2026-04-21,10:50:00,268500,269500,268000,269000,398,106910000,294,104
145020,2026-04-21,10:55:00,268500,269500,268000,268000,344,92320000,86,258
145020,2026-04-21,11:00:00,268000,269000,268000,269000,513,137590000,189,324
145020,2026-04-21,11:05:00,268500,270000,268000,270000,686,184280000,351,335
145020,2026-04-21,11:10:00,268500,269000,268500,268500,280,75200000,46,234
145020,2026-04-21,11:15:00,269000,270000,268500,268500,401,107780000,152,249
145020,2026-04-21,11:20:00,268500,270000,268500,268500,382,102730000,138,244
145020,2026-04-21,11:25:00,269000,269000,268500,268500,360,96700000,74,286
145020,2026-04-21,11:30:00,268500,269500,268000,268000,530,142270000,131,399
145020,2026-04-21,11:35:00,268500,270000,268000,269000,412,110670000,224,188
145020,2026-04-21,11:40:00,269000,269000,268000,268500,292,78420000,52,240
145020,2026-04-21,11:45:00,268500,270000,268000,269500,693,186070000,346,347
145020,2026-04-21,11:50:00,268500,269500,268500,268500,319,85700000,186,133
145020,2026-04-21,11:55:00,268500,269500,268000,268500,400,107470000,221,179
145020,2026-04-21,12:00:00,268000,270000,268000,270000,496,133340000,370,126
145020,2026-04-21,12:05:00,270000,270000,268500,269500,282,75810000,100,182
145020,2026-04-21,12:10:00,268500,270000,268500,268500,372,99950000,169,203
145020,2026-04-21,12:15:00,268500,270500,268000,268500,780,209590000,265,515
145020,2026-04-21,12:20:00,269000,269000,268000,268500,314,84270000,75,239
145020,2026-04-21,12:25:00,268000,269000,268000,269000,383,102870000,343,40
145020,2026-04-21,12:30:00,269000,269500,268000,268500,452,121330000,294,158
145020,2026-04-21,12:35:00,268000,269500,268000,269000,417,111920000,170,247
145020,2026-04-21,12:40:00,268500,269000,268000,268000,293,78550000,55,238
145020,2026-04-21,12:45:00,268000,269000,268000,268000,419,112370000,103,316
145020,2026-04-21,12:50:00,267500,269000,267500,268000,465,124650000,179,286
145020,2026-04-21,12:55:00,268000,270000,268000,268000,882,236980000,521,361
145020,2026-04-21,13:00:00,268000,268500,268000,268500,303,81220000,36,267
145020,2026-04-21,13:05:00,268500,268500,268000,268000,289,77470000,28,261
145020,2026-04-21,13:10:00,268000,268500,268000,268000,295,79060000,6,289
145020,2026-04-21,13:15:00,268250,268500,268000,268000,490,131420000,184,306
145020,2026-04-21,13:20:00,268000,268500,267500,267500,537,143840000,137,400
145020,2026-04-21,13:25:00,267500,268000,267500,267500,480,128440000,72,408
145020,2026-04-21,13:30:00,267500,268000,267000,267000,616,164630000,99,517
145020,2026-04-21,13:35:00,267000,267500,266500,266500,743,198220000,121,622
145020,2026-04-21,13:40:00,266500,266500,263000,263000,2085,552020000,267,1818
145020,2026-04-21,13:45:00,263000,264000,261000,261500,1452,381290000,293,1159
145020,2026-04-21,13:50:00,261000,262500,261000,261500,1676,437880000,465,1211
145020,2026-04-21,13:55:00,261500,262000,260500,261000,1781,465230000,457,1324
145020,2026-04-21,14:00:00,261500,261500,260500,261000,759,198150000,350,409
145020,2026-04-21,14:05:00,261500,261500,256000,257500,3358,868340000,571,2787
145020,2026-04-21,14:10:00,257500,258500,255500,257000,2271,583320000,586,1685
145020,2026-04-21,14:15:00,256500,258500,255500,257000,2398,615670000,747,1651
145020,2026-04-21,14:20:00,257000,258000,256000,257500,1977,509220000,398,1579
145020,2026-04-21,14:25:00,257500,258000,256500,258000,679,174700000,168,511
145020,2026-04-21,14:30:00,257500,259500,257000,259000,1380,356470000,648,732
145020,2026-04-21,14:35:00,259500,260000,258000,259500,1151,298260000,411,740
145020,2026-04-21,14:40:00,259500,260500,259500,260500,1351,351000000,465,886
145020,2026-04-21,14:45:00,259500,260500,259000,260000,642,166810000,227,415
145020,2026-04-21,14:50:00,260000,261000,259500,260000,713,185460000,408,305
145020,2026-04-21,14:55:00,260500,260500,260000,260000,474,123340000,212,262
145020,2026-04-21,15:00:00,260000,260500,260000,260000,399,103780000,77,322
145020,2026-04-21,15:05:00,260000,260500,260000,260500,381,99140000,150,231
145020,2026-04-21,15:10:00,260000,260500,259500,260500,1598,415200000,741,857
145020,2026-04-21,15:15:00,260000,260500,259500,260000,459,119350000,275,184
145020,2026-04-21,15:20:00,260000,260500,260000,260000,462,120260000,276,186
145020,2026-04-21,15:30:00,261000,261000,261000,261000,1381,360440000,1381,0
145020,2026-04-22,09:05:00,258500,262000,258000,262000,1055,273510000,656,399
145020,2026-04-22,09:10:00,261000,263500,260000,262000,475,124510000,325,150
145020,2026-04-22,09:15:00,262000,262500,260500,262000,557,145680000,271,286
145020,2026-04-22,09:20:00,262000,262500,260500,262000,771,201480000,456,315
145020,2026-04-22,09:25:00,262000,264000,261500,263500,898,236250000,800,98
145020,2026-04-22,09:30:00,264000,264000,263000,263500,181,47700000,87,94
145020,2026-04-22,09:35:00,263500,263500,261500,263000,744,195230000,430,314
145020,2026-04-22,09:40:00,263000,263000,262500,263000,126,33130000,101,25
145020,2026-04-22,09:45:00,262500,264500,262500,264500,802,211490000,365,437
145020,2026-04-22,09:50:00,264500,264500,263500,264000,340,89700000,87,253
145020,2026-04-22,09:55:00,263500,264000,262000,263000,411,108030000,131,280
145020,2026-04-22,10:00:00,263000,263000,261500,262000,284,74500000,131,153
145020,2026-04-22,10:05:00,262000,262500,261500,262500,285,74740000,139,146
145020,2026-04-22,10:10:00,262000,263000,261500,262500,478,125270000,181,297
145020,2026-04-22,10:15:00,262500,262500,261500,261500,527,137980000,283,244
145020,2026-04-22,10:20:00,261500,262500,261000,261000,459,120060000,120,339
145020,2026-04-22,10:25:00,261500,262000,260500,260500,486,126940000,254,232
145020,2026-04-22,10:30:00,261000,262000,259250,259500,752,195640000,196,556
145020,2026-04-22,10:35:00,260000,260500,258750,260500,581,150620000,310,271
145020,2026-04-22,10:40:00,260000,260500,259500,259500,545,141650000,182,363
145020,2026-04-22,10:45:00,260000,260500,259000,259500,505,131060000,227,278
145020,2026-04-22,10:50:00,259250,259750,259000,259750,200,51890000,128,72
145020,2026-04-22,10:55:00,259500,261000,259000,259500,554,143880000,255,299
145020,2026-04-22,11:00:00,259500,260500,259000,260000,582,151090000,203,379
145020,2026-04-22,11:05:00,259500,261000,259500,260000,591,153580000,249,342
145020,2026-04-22,11:10:00,260000,261500,259500,260000,804,209220000,360,444
145020,2026-04-22,11:15:00,260500,261000,259500,259500,511,132950000,141,370
145020,2026-04-22,11:20:00,259500,260500,259000,259000,558,144860000,98,460
145020,2026-04-22,11:25:00,259500,259500,259000,259000,457,118400000,76,381
145020,2026-04-22,11:30:00,259000,259500,258500,258500,544,140800000,189,355
145020,2026-04-22,11:35:00,258500,259500,258500,258500,815,210970000,277,538
145020,2026-04-22,11:40:00,258500,260000,258500,259000,451,116830000,152,299
145020,2026-04-22,11:45:00,259500,259500,258000,258500,710,183630000,246,464
145020,2026-04-22,11:50:00,258500,259500,258000,258500,450,116260000,79,371
145020,2026-04-22,11:55:00,259000,259500,258000,258500,448,115790000,216,232
145020,2026-04-22,12:00:00,258000,259000,258000,259000,431,111250000,106,325
145020,2026-04-22,12:05:00,258500,260000,258500,260000,384,99610000,136,248
145020,2026-04-22,12:10:00,260000,261000,259500,259500,372,96650000,90,282
145020,2026-04-22,12:15:00,260000,260500,259000,260000,434,112670000,112,322
145020,2026-04-22,12:20:00,260000,260500,259500,259500,723,187910000,335,388
145020,2026-04-22,12:25:00,259500,261000,259000,259500,531,137950000,258,273
145020,2026-04-22,12:30:00,260000,260500,259500,259500,364,94560000,179,185
145020,2026-04-22,12:35:00,259500,261000,259500,259500,204,53000000,91,113
145020,2026-04-22,12:40:00,260000,260000,259500,260000,211,54820000,127,84
145020,2026-04-22,12:45:00,259500,260000,259500,259500,127,32970000,36,91
145020,2026-04-22,12:50:00,260000,260500,259500,259500,278,72220000,134,144
145020,2026-04-22,12:55:00,259500,260000,259000,259000,215,55780000,125,90
145020,2026-04-22,13:00:00,259000,259500,259000,259500,63,16330000,28,35
145020,2026-04-22,13:05:00,259500,259500,259000,259500,144,37320000,54,90
145020,2026-04-22,13:10:00,259000,260500,259000,259500,366,95020000,269,97
145020,2026-04-22,13:15:00,260000,260000,258500,259000,459,118970000,164,295
145020,2026-04-22,13:20:00,259500,259500,258500,259000,352,91180000,188,164
145020,2026-04-22,13:25:00,259000,259500,258500,259000,316,81880000,146,170
145020,2026-04-22,13:30:00,259500,260000,259500,260000,166,43110000,56,110
145020,2026-04-22,13:35:00,260000,261000,259500,260500,609,158420000,246,363
145020,2026-04-22,13:40:00,260500,262000,260500,262000,658,171830000,339,319
145020,2026-04-22,13:45:00,262000,262500,261000,261500,394,102970000,153,241
145020,2026-04-22,13:50:00,262000,262500,260500,261500,633,165490000,190,443
145020,2026-04-22,13:55:00,261500,262000,260500,261000,549,143280000,170,379
145020,2026-04-22,14:00:00,261000,262000,260500,261500,600,156810000,215,385
145020,2026-04-22,14:05:00,261500,262000,260500,261000,503,131550000,195,308
145020,2026-04-22,14:10:00,261000,262000,260500,261500,372,97140000,146,226
145020,2026-04-22,14:15:00,262000,262500,261000,261000,641,167800000,113,528
145020,2026-04-22,14:20:00,261500,262500,259000,262000,927,241720000,139,788
145020,2026-04-22,14:25:00,261500,262000,261000,261500,448,117180000,143,305
145020,2026-04-22,14:30:00,261500,263000,261500,262000,592,155180000,266,326
145020,2026-04-22,14:35:00,262000,263000,261500,261500,586,153600000,279,307
145020,2026-04-22,14:40:00,262000,263000,261500,261500,733,192080000,170,563
145020,2026-04-22,14:45:00,261500,262750,261500,262500,697,182610000,199,498
145020,2026-04-22,14:50:00,262500,263000,261500,262000,581,152400000,186,395
145020,2026-04-22,14:55:00,262500,263000,262000,262500,716,187950000,288,428
145020,2026-04-22,15:00:00,262500,263500,262500,262500,765,201030000,330,435
145020,2026-04-22,15:05:00,262500,263500,262500,263000,822,216180000,211,611
145020,2026-04-22,15:10:00,263000,264000,262500,264000,587,154440000,230,357
145020,2026-04-22,15:15:00,262500,264000,262500,263500,1142,300470000,365,777
145020,2026-04-22,15:20:00,263000,264000,262500,264000,1027,270230000,478,549
145020,2026-04-22,15:30:00,264000,264000,264000,264000,1707,450650000,1707,0
145020,2026-04-23,09:05:00,266000,268000,264500,266500,1025,272410000,720,305
145020,2026-04-23,09:10:00,266500,267000,265500,266500,315,83810000,110,205
145020,2026-04-23,09:15:00,266000,266500,261500,262500,2072,547260000,441,1631
145020,2026-04-23,09:20:00,263500,265500,262000,264000,662,174250000,418,244
145020,2026-04-23,09:25:00,264000,264000,262500,262500,566,148960000,271,295
145020,2026-04-23,09:30:00,263000,263500,263000,263500,189,49710000,55,134
145020,2026-04-23,09:35:00,263500,264000,263000,263500,270,71120000,105,165
145020,2026-04-23,09:40:00,263500,264000,263000,264000,191,50290000,47,144
145020,2026-04-23,09:45:00,264000,264000,262500,263000,349,91830000,179,170
145020,2026-04-23,09:50:00,263000,263500,262500,262500,375,98540000,69,306
145020,2026-04-23,09:55:00,262500,263500,262000,263000,350,91940000,109,241
145020,2026-04-23,10:00:00,263000,263500,262000,262000,309,81030000,61,248
145020,2026-04-23,10:05:00,262500,262500,261500,262000,168,44010000,56,112
145020,2026-04-23,10:10:00,262000,262000,260500,261000,768,200650000,126,642
145020,2026-04-23,10:15:00,260500,261000,260000,260000,729,189840000,97,632
145020,2026-04-23,10:20:00,260000,261000,259000,259000,752,195480000,118,634
145020,2026-04-23,10:25:00,259500,260500,259500,260000,442,114890000,110,332
145020,2026-04-23,10:30:00,259500,260500,259500,259500,293,76140000,111,182
145020,2026-04-23,10:35:00,260000,261250,260000,261000,282,73460000,117,165
145020,2026-04-23,10:40:00,260750,262500,260500,261250,406,105930000,143,263
145020,2026-04-23,10:45:00,261500,262500,260500,262500,338,88410000,188,150
145020,2026-04-23,10:50:00,262000,262500,262000,262000,515,134990000,83,432
145020,2026-04-23,10:55:00,262000,262500,261000,262500,795,208170000,223,572
145020,2026-04-23,11:00:00,262500,262500,261000,261750,711,186150000,368,343
145020,2026-04-23,11:05:00,261500,262000,260500,261000,458,119500000,112,346
145020,2026-04-23,11:10:00,261000,261250,260000,260500,947,246800000,401,546
145020,2026-04-23,11:15:00,260250,261000,260000,260500,387,100800000,141,246
145020,2026-04-23,11:20:00,260000,261500,260000,261000,339,88310000,96,243
145020,2026-04-23,11:25:00,260500,262000,260000,260500,439,114520000,150,289
145020,2026-04-23,11:30:00,260500,261500,260000,261000,577,150410000,159,418
145020,2026-04-23,11:35:00,261000,262000,260000,260500,552,144000000,137,415
145020,2026-04-23,11:40:00,260250,261000,260000,260000,390,101470000,67,323
145020,2026-04-23,11:45:00,260000,260250,259500,259500,250,64980000,0,250
145020,2026-04-23,11:50:00,259750,260000,259500,259500,253,65680000,8,245
145020,2026-04-23,11:55:00,259500,261500,259500,260000,734,191120000,326,408
145020,2026-04-23,12:00:00,260000,260000,259500,259750,306,79480000,86,220
145020,2026-04-23,12:05:00,259750,260500,259500,260500,324,84180000,116,208
145020,2026-04-23,12:10:00,260000,260750,259500,259500,361,93940000,11,350
145020,2026-04-23,12:15:00,259750,260000,259000,259500,546,141670000,115,431
145020,2026-04-23,12:20:00,259500,260500,259000,259000,492,127640000,76,416
145020,2026-04-23,12:25:00,259000,260000,258000,258000,694,179780000,151,543
145020,2026-04-23,12:30:00,258000,258500,257000,257000,618,159330000,124,494
145020,2026-04-23,12:35:00,257500,258000,257000,257000,323,83140000,106,217
145020,2026-04-23,12:40:00,257000,257750,256500,256500,638,163800000,71,567
145020,2026-04-23,12:45:00,257500,257500,256000,256500,652,167380000,174,478
145020,2026-04-23,12:50:00,256750,257000,255500,256250,937,239870000,86,851
145020,2026-04-23,12:55:00,256500,256500,255500,256000,417,106740000,129,288
145020,2026-04-23,13:00:00,255500,256500,255500,256000,526,134620000,222,304
145020,2026-04-23,13:05:00,256500,257000,256000,256000,536,137300000,96,440
145020,2026-04-23,13:10:00,256000,256500,255500,255500,531,135820000,105,426
145020,2026-04-23,13:15:00,255500,257000,255500,256000,363,92990000,74,289
145020,2026-04-23,13:20:00,256000,256500,256000,256000,329,84250000,16,313
145020,2026-04-23,13:25:00,256500,257000,256000,256000,572,146590000,181,391
145020,2026-04-23,13:30:00,256250,257000,256000,256000,380,97400000,105,275
145020,2026-04-23,13:35:00,256000,257000,256000,256000,312,79960000,64,248
145020,2026-04-23,13:40:00,256500,257000,256000,256500,398,102170000,161,237
145020,2026-04-23,13:45:00,256500,257000,256000,256500,559,143350000,210,349
145020,2026-04-23,13:50:00,256500,257000,256500,256750,351,90110000,121,230
145020,2026-04-23,13:55:00,256750,257500,256500,257000,403,103560000,110,293
145020,2026-04-23,14:00:00,257000,258500,257000,257000,738,190090000,273,465
145020,2026-04-23,14:05:00,257000,258000,257000,258000,287,73930000,37,250
145020,2026-04-23,14:10:00,258000,259500,257500,259000,863,222740000,416,447
145020,2026-04-23,14:15:00,258500,259000,258000,258250,368,95110000,30,338
145020,2026-04-23,14:20:00,258500,259000,258000,259000,399,103200000,154,245
145020,2026-04-23,14:25:00,258750,259500,258000,258500,373,96460000,100,273
145020,2026-04-23,14:30:00,259000,260500,258500,259000,803,208250000,344,459
145020,2026-04-23,14:35:00,259000,260000,258500,259000,291,75420000,89,202
145020,2026-04-23,14:40:00,259500,259500,258500,259250,326,84490000,85,241
145020,2026-04-23,14:45:00,259500,260000,258500,258500,528,136860000,158,370
145020,2026-04-23,14:50:00,258500,260000,258500,259000,317,82160000,123,194
145020,2026-04-23,14:55:00,259250,260000,259000,259500,420,108950000,145,275
145020,2026-04-23,15:00:00,259500,260000,258500,258500,564,146260000,139,425
145020,2026-04-23,15:05:00,258500,260000,258500,260000,383,99340000,201,182
145020,2026-04-23,15:10:00,259500,261000,259000,260000,737,191690000,441,296
145020,2026-04-23,15:15:00,260500,261000,260000,261000,669,174270000,293,376
145020,2026-04-23,15:20:00,260500,262000,260000,261000,960,250640000,662,298
145020,2026-04-23,15:30:00,260000,260000,260000,260000,1222,317720000,1222,0
145020,2026-04-24,09:05:00,258000,261500,257500,258500,1196,309310000,647,549
145020,2026-04-24,09:10:00,259000,261500,259000,261000,311,80930000,188,123
145020,2026-04-24,09:15:00,261000,262500,259500,260500,1110,289960000,366,744
145020,2026-04-24,09:20:00,260500,261000,259500,260000,295,76740000,228,67
145020,2026-04-24,09:25:00,260000,261000,259500,260500,387,100750000,174,213
145020,2026-04-24,09:30:00,261000,262500,260500,261000,461,120520000,244,217
145020,2026-04-24,09:35:00,261500,262000,260500,261500,517,134950000,384,133
145020,2026-04-24,09:40:00,262000,262500,261000,261500,430,112590000,291,139
145020,2026-04-24,09:45:00,262000,264500,262000,264000,1222,321920000,1055,167
145020,2026-04-24,09:50:00,264500,265000,263500,264000,961,253850000,647,314
145020,2026-04-24,09:55:00,264000,265000,263500,265000,466,123030000,349,117
145020,2026-04-24,10:00:00,265000,265500,263500,264000,1942,514200000,655,1287
145020,2026-04-24,10:05:00,264000,265500,263500,264500,1111,294130000,762,349
145020,2026-04-24,10:10:00,264500,268500,264000,267500,1878,499290000,1480,398
145020,2026-04-24,10:15:00,267500,268500,266500,268500,1385,370260000,769,616
145020,2026-04-24,10:20:00,268250,269000,266500,267000,1012,271180000,415,597
145020,2026-04-24,10:25:00,267000,267000,265000,267000,604,161100000,178,426
145020,2026-04-24,10:30:00,267000,267500,266500,267500,179,47810000,120,59
145020,2026-04-24,10:35:00,267000,267500,265500,266500,544,144800000,96,448
145020,2026-04-24,10:40:00,265500,267000,265500,266000,186,49510000,51,135
145020,2026-04-24,10:45:00,267000,268000,266000,267000,298,79620000,242,56
145020,2026-04-24,10:50:00,268000,269000,267500,269000,620,166260000,430,190
145020,2026-04-24,10:55:00,268500,268500,267500,268500,604,162100000,245,359
145020,2026-04-24,11:00:00,267500,268000,267000,268000,340,90960000,168,172
145020,2026-04-24,11:05:00,268000,268000,267000,267500,111,29690000,17,94
145020,2026-04-24,11:10:00,267000,267500,266500,267000,64,17080000,15,49
145020,2026-04-24,11:15:00,266500,267000,266000,266500,216,57520000,31,185
145020,2026-04-24,11:20:00,266000,267500,266000,267000,175,46660000,105,70
145020,2026-04-24,11:25:00,266500,267500,266500,267500,228,60880000,145,83
145020,2026-04-24,11:30:00,267000,267500,267000,267000,157,41940000,65,92
145020,2026-04-24,11:35:00,267500,269000,267000,268500,647,173540000,634,13
145020,2026-04-24,11:40:00,268500,268500,268000,268000,53,14210000,11,42
145020,2026-04-24,11:45:00,268000,269000,267500,269000,1014,272140000,616,398
145020,2026-04-24,11:50:00,269000,269000,268000,268500,333,89420000,94,239
145020,2026-04-24,11:55:00,268000,268500,268000,268000,110,29500000,51,59
145020,2026-04-24,12:00:00,268500,268500,267500,267500,104,27870000,2,102
145020,2026-04-24,12:05:00,268000,268000,267500,268000,136,36440000,84,52
145020,2026-04-24,12:10:00,268000,268000,267000,267500,204,54550000,20,184
145020,2026-04-24,12:15:00,267500,268500,267000,267500,362,96960000,162,200
145020,2026-04-24,12:20:00,267500,268500,267500,268500,143,38340000,88,55
145020,2026-04-24,12:25:00,268500,268500,268000,268500,100,26830000,64,36
145020,2026-04-24,12:30:00,268500,268500,267500,267500,53,14190000,2,51
145020,2026-04-24,12:35:00,268000,268500,267500,267500,15,4030000,10,5
145020,2026-04-24,12:40:00,268000,268500,267500,268500,57,15280000,38,19
145020,2026-04-24,12:45:00,268000,271000,267000,269500,6277,1690600000,4605,1672
145020,2026-04-24,12:50:00,270000,270000,269500,270000,699,188670000,598,101
145020,2026-04-24,12:55:00,269500,270500,269500,270000,389,105000000,272,117
145020,2026-04-24,13:00:00,269500,270000,267000,267000,1036,278100000,175,861
145020,2026-04-24,13:05:00,267000,267500,266000,267000,920,245600000,569,351
145020,2026-04-24,13:10:00,267000,268500,267000,268500,187,50020000,84,103
145020,2026-04-24,13:15:00,268000,268000,266500,267000,287,76740000,25,262
145020,2026-04-24,13:20:00,267000,268000,267000,267000,240,64110000,39,201
145020,2026-04-24,13:25:00,266500,267000,266500,267000,126,33610000,62,64
145020,2026-04-24,13:30:00,267000,268000,266500,266500,1481,396050000,568,913
145020,2026-04-24,13:35:00,268000,268000,267000,268000,175,46890000,139,36
145020,2026-04-24,13:40:00,267500,268000,266500,268000,209,55890000,82,127
145020,2026-04-24,13:45:00,267500,268000,267500,267500,55,14720000,37,18
145020,2026-04-24,13:50:00,267000,268000,267000,267000,183,48950000,80,103
145020,2026-04-24,13:55:00,267500,267500,266000,266000,297,79110000,17,280
145020,2026-04-24,14:00:00,266000,267000,266000,267000,86,22930000,32,54
145020,2026-04-24,14:05:00,267000,267000,266000,266500,82,21860000,34,48
145020,2026-04-24,14:10:00,266500,267000,266000,266000,96,25590000,58,38
145020,2026-04-24,14:15:00,266500,267000,266500,267000,91,24280000,64,27
145020,2026-04-24,14:20:00,267000,267000,266500,267000,80,21350000,46,34
145020,2026-04-24,14:25:00,267000,267500,266500,266500,85,22680000,60,25
145020,2026-04-24,14:30:00,267000,267000,266000,266000,335,89270000,53,282
145020,2026-04-24,14:35:00,266000,267000,266000,266000,358,95390000,258,100
145020,2026-04-24,14:40:00,266500,267000,266000,266000,93,24800000,64,29
145020,2026-04-24,14:45:00,267000,267000,266000,266500,384,102360000,175,209
145020,2026-04-24,14:50:00,266000,266500,265500,265500,152,40440000,43,109
145020,2026-04-24,14:55:00,266000,267000,265500,266000,220,58630000,42,178
145020,2026-04-24,15:00:00,267000,267500,265500,266500,1657,442080000,421,1236
145020,2026-04-24,15:05:00,266500,266500,265500,266000,199,52960000,103,96
145020,2026-04-24,15:10:00,266000,266500,265500,266000,334,88800000,194,140
145020,2026-04-24,15:15:00,265750,266500,265500,266500,220,58540000,101,119
145020,2026-04-24,15:20:00,266500,267500,265500,267500,1213,323350000,784,429
145020,2026-04-24,15:30:00,267000,267000,267000,267000,824,220000000,799,0
145020,2026-04-27,09:05:00,269000,272000,269000,269500,1068,288500000,649,419
145020,2026-04-27,09:10:00,270000,270500,266500,268000,2027,543220000,383,1644
145020,2026-04-27,09:15:00,268000,268000,266500,267000,382,102060000,111,271
145020,2026-04-27,09:20:00,267000,268500,267000,268000,284,76060000,206,78
145020,2026-04-27,09:25:00,268000,268500,266500,268500,513,137170000,259,254
145020,2026-04-27,09:30:00,268500,270500,267000,270000,789,211870000,427,362
145020,2026-04-27,09:35:00,270500,271000,269500,269500,759,205200000,279,480
145020,2026-04-27,09:40:00,269000,269500,267500,268000,685,183870000,178,507
145020,2026-04-27,09:45:00,269000,270000,269000,269000,304,81880000,200,104
145020,2026-04-27,09:50:00,269500,270000,268500,269500,222,59830000,128,94
145020,2026-04-27,09:55:00,269500,270000,269000,269500,210,56600000,82,128
145020,2026-04-27,10:00:00,270000,270500,269500,269500,300,80930000,188,112
145020,2026-04-27,10:05:00,269000,269500,268000,268500,336,90400000,113,223
145020,2026-04-27,10:10:00,268500,269000,267250,267500,352,94310000,153,199
145020,2026-04-27,10:15:00,268000,268500,268000,268500,71,19040000,64,7
145020,2026-04-27,10:20:00,268000,268500,267500,268500,163,43690000,19,144
145020,2026-04-27,10:25:00,268500,270000,268000,269000,638,171610000,493,145
145020,2026-04-27,10:30:00,269000,269000,268000,269000,249,66840000,80,169
145020,2026-04-27,10:35:00,269000,269000,268000,268000,318,85340000,104,214
145020,2026-04-27,10:40:00,268000,268500,268000,268000,119,31900000,32,87
145020,2026-04-27,10:45:00,268000,268500,268000,268000,84,22510000,12,72
145020,2026-04-27,10:50:00,268500,268500,268000,268500,37,9930000,11,26
145020,2026-04-27,10:55:00,268500,269000,268000,268500,199,53440000,173,26
145020,2026-04-27,11:00:00,268500,269000,268500,268500,118,31700000,65,53
145020,2026-04-27,11:05:00,268500,269000,267500,267500,350,93820000,65,285
145020,2026-04-27,11:10:00,268000,268500,267000,267000,893,238750000,360,533
145020,2026-04-27,11:15:00,268000,268000,266500,267000,416,111130000,155,261
145020,2026-04-27,11:20:00,267000,268500,266500,267500,493,131750000,160,333
145020,2026-04-27,11:25:00,267000,268500,267000,268000,379,101380000,168,211
145020,2026-04-27,11:30:00,268000,268000,267000,268000,362,96780000,129,233
145020,2026-04-27,11:35:00,267000,268500,267000,268500,305,81590000,176,129
145020,2026-04-27,11:40:00,268500,268500,267000,268000,342,91550000,161,181
145020,2026-04-27,11:45:00,268000,268500,267000,268000,324,86750000,103,221
145020,2026-04-27,11:50:00,267500,268000,267000,267500,244,65260000,95,149
145020,2026-04-27,11:55:00,267500,268000,267000,268000,264,70560000,69,195
145020,2026-04-27,12:00:00,268000,268000,267000,267500,276,73760000,123,153
145020,2026-04-27,12:05:00,267000,268000,267000,267000,287,76740000,121,166
145020,2026-04-27,12:10:00,268000,268000,267000,267000,252,67350000,67,185
145020,2026-04-27,12:15:00,267500,268500,267000,268000,355,94960000,165,190
145020,2026-04-27,12:20:00,267500,268500,267000,267000,388,103650000,63,325
145020,2026-04-27,12:25:00,267000,268000,267000,267500,467,124870000,330,137
145020,2026-04-27,12:30:00,267500,268000,267000,267500,198,52930000,40,158
145020,2026-04-27,12:35:00,268000,268000,267000,268000,303,81030000,59,244
145020,2026-04-27,12:40:00,267500,268000,267000,268000,336,89930000,188,148
145020,2026-04-27,12:45:00,267500,268000,267500,267500,308,82430000,177,131
145020,2026-04-27,12:50:00,267500,268500,267500,268000,301,80630000,162,139
145020,2026-04-27,12:55:00,268000,268500,267000,268000,363,97150000,190,173
145020,2026-04-27,13:00:00,267000,268000,267000,267500,318,85010000,128,190
145020,2026-04-27,13:05:00,267000,267500,267000,267500,543,145120000,274,269
145020,2026-04-27,13:10:00,267500,267500,267000,267000,299,79880000,102,197
145020,2026-04-27,13:15:00,267000,268000,267000,267500,297,79400000,101,196
145020,2026-04-27,13:20:00,267500,268500,267000,268000,1713,457820000,1195,518
145020,2026-04-27,13:25:00,268000,268500,267000,267500,359,96100000,188,171
145020,2026-04-27,13:30:00,267500,268500,267500,267500,481,128820000,147,334
145020,2026-04-27,13:35:00,267500,269000,267500,268000,785,210650000,592,193
145020,2026-04-27,13:40:00,268500,269000,268000,268500,366,98140000,156,210
145020,2026-04-27,13:45:00,269000,269000,267500,267500,216,57900000,85,131
145020,2026-04-27,13:50:00,268500,268500,267500,267500,121,32420000,52,69
145020,2026-04-27,13:55:00,267500,268500,267500,267500,147,39390000,54,93
145020,2026-04-27,14:00:00,267500,268500,267500,268000,372,99590000,149,223
145020,2026-04-27,14:05:00,268000,268000,267500,268000,169,45210000,16,153
145020,2026-04-27,14:10:00,267500,268000,267000,268000,599,160190000,286,313
145020,2026-04-27,14:15:00,267500,268000,267500,267500,112,29970000,29,83
145020,2026-04-27,14:20:00,267500,268000,267500,267500,209,55930000,55,154
145020,2026-04-27,14:25:00,267500,268500,267500,268000,386,103370000,216,170
145020,2026-04-27,14:30:00,268000,268500,267500,268500,284,76070000,187,97
145020,2026-04-27,14:35:00,268500,268500,267500,268000,677,181440000,224,453
145020,2026-04-27,14:40:00,267500,268000,266500,267500,900,240510000,174,726
145020,2026-04-27,14:45:00,266500,268000,266500,267000,445,118930000,294,151
145020,2026-04-27,14:50:00,267500,267500,266500,267500,759,202650000,224,535
145020,2026-04-27,14:55:00,267500,267500,267000,267000,371,99130000,145,226
145020,2026-04-27,15:00:00,267500,267500,267000,267500,585,156370000,346,239
145020,2026-04-27,15:05:00,267000,267500,267000,267000,1103,294650000,304,799
145020,2026-04-27,15:10:00,267000,267500,266500,267500,861,229820000,509,352
145020,2026-04-27,15:15:00,267000,267500,266500,267000,693,185150000,199,494
145020,2026-04-27,15:20:00,267000,268500,266500,268000,1425,380840000,788,637
145020,2026-04-27,15:30:00,268000,268000,268000,268000,1034,277110000,1033,0
145020,2026-04-28,09:05:00,268500,270500,267000,267000,992,266340000,509,483
145020,2026-04-28,09:10:00,268000,268500,265500,266000,808,215380000,177,631
145020,2026-04-28,09:15:00,266000,266000,264500,264500,589,156210000,152,437
145020,2026-04-28,09:20:00,264500,268000,264500,267000,663,176460000,381,282
145020,2026-04-28,09:25:00,267000,267000,265500,265500,215,57240000,68,147
145020,2026-04-28,09:30:00,266000,267000,266000,266000,489,130150000,258,231
145020,2026-04-28,09:35:00,266500,266500,265000,266000,856,227210000,233,623
145020,2026-04-28,09:40:00,265500,266000,265000,265500,499,132390000,281,218
145020,2026-04-28,09:45:00,265000,267500,265000,266500,551,146410000,291,260
145020,2026-04-28,09:50:00,267500,267500,266000,266000,121,32240000,40,81
145020,2026-04-28,09:55:00,266000,267000,266000,266000,482,128340000,251,231
145020,2026-04-28,10:00:00,266000,267000,266000,267000,267,71130000,208,59
145020,2026-04-28,10:05:00,266000,267500,266000,267000,457,121830000,270,187
145020,2026-04-28,10:10:00,267000,267500,266000,266500,87,23220000,44,43
145020,2026-04-28,10:15:00,267000,268000,266500,268000,189,50460000,138,51
145020,2026-04-28,10:20:00,268000,268000,266500,268000,229,61190000,168,61
145020,2026-04-28,10:25:00,266500,268000,266500,267000,108,28870000,53,55
145020,2026-04-28,10:30:00,267000,268500,267000,267500,518,138700000,420,98
145020,2026-04-28,10:35:00,268000,268000,267000,267500,167,44670000,22,145
145020,2026-04-28,10:40:00,267500,267500,266500,266500,413,110260000,101,312
145020,2026-04-28,10:45:00,267000,267500,266500,266500,246,65630000,129,117
145020,2026-04-28,10:50:00,266500,267000,266000,266500,437,116400000,188,249
145020,2026-04-28,10:55:00,266000,266500,266000,266500,257,68440000,161,96
145020,2026-04-28,11:00:00,266000,267500,266000,267000,381,101570000,164,217
145020,2026-04-28,11:05:00,267000,267000,266000,266000,301,80180000,190,111
145020,2026-04-28,11:10:00,266000,267000,266000,266500,177,47210000,115,62
145020,2026-04-28,11:15:00,267000,269000,266500,267500,625,167100000,399,226
145020,2026-04-28,11:20:00,269000,269000,266500,267500,292,78120000,156,136
145020,2026-04-28,11:25:00,266500,268000,266500,267500,390,104230000,249,141
145020,2026-04-28,11:30:00,267500,268500,267000,268000,355,95010000,200,155
145020,2026-04-28,11:35:00,267500,268500,267500,267500,169,45270000,99,70
145020,2026-04-28,11:40:00,267500,268500,267500,267500,141,37790000,77,64
145020,2026-04-28,11:45:00,267500,268000,267000,267500,228,61000000,147,81
145020,2026-04-28,11:50:00,267500,267500,267000,267000,156,41700000,99,57
145020,2026-04-28,11:55:00,267000,268500,267000,267500,598,160040000,362,236
145020,2026-04-28,12:00:00,267000,268000,267000,267000,222,59360000,117,105
145020,2026-04-28,12:05:00,267500,268500,267000,267500,394,105570000,289,105
145020,2026-04-28,12:10:00,268500,268500,267000,268500,105,28150000,71,34
145020,2026-04-28,12:15:00,267500,268500,267500,267500,56,14980000,4,52
145020,2026-04-28,12:20:00,267500,268500,267000,268500,423,113320000,305,118
145020,2026-04-28,12:25:00,267500,268500,267000,267000,234,62640000,130,104
145020,2026-04-28,12:30:00,267000,268000,267000,267000,117,31310000,79,38
145020,2026-04-28,12:35:00,267000,268000,267000,267000,91,24340000,36,55
145020,2026-04-28,12:40:00,268000,268000,267000,267500,126,33700000,30,96
145020,2026-04-28,12:45:00,267500,268500,267000,268000,440,117760000,221,219
145020,2026-04-28,12:50:00,267500,268000,267000,267000,199,53280000,114,85
145020,2026-04-28,12:55:00,268000,268500,267000,267000,370,98990000,148,222
145020,2026-04-28,13:00:00,267000,268000,267000,267500,187,50010000,133,54
145020,2026-04-28,13:05:00,268000,268500,267000,267000,542,145010000,295,247
145020,2026-04-28,13:10:00,267000,268000,266500,267000,598,159640000,105,493
145020,2026-04-28,13:15:00,267000,267500,265500,266000,1197,318720000,269,928
145020,2026-04-28,13:20:00,266000,266500,265500,266000,354,94190000,41,313
145020,2026-04-28,13:25:00,266000,266500,266000,266500,269,71600000,57,212
145020,2026-04-28,13:30:00,266500,267000,265500,266000,844,224570000,521,323
145020,2026-04-28,13:35:00,266000,267500,265500,266500,316,84160000,179,137
145020,2026-04-28,13:40:00,266500,268000,266000,267000,930,247950000,498,432
145020,2026-04-28,13:45:00,266500,267000,266500,266500,101,26930000,13,88
145020,2026-04-28,13:50:00,266500,267000,266500,266500,242,64510000,39,203
145020,2026-04-28,13:55:00,266500,267000,266500,266500,140,37330000,42,98
145020,2026-04-28,14:00:00,266500,267000,266500,267000,422,112630000,332,90
145020,2026-04-28,14:05:00,267000,267000,266500,266500,265,70640000,44,221
145020,2026-04-28,14:10:00,266500,267000,266000,266500,538,143420000,258,280
145020,2026-04-28,14:15:00,266500,267000,266500,267000,325,86720000,206,119
145020,2026-04-28,14:20:00,266500,267000,266500,266500,452,120550000,192,260
145020,2026-04-28,14:25:00,266500,267500,266500,267500,207,55270000,125,82
145020,2026-04-28,14:30:00,266500,267500,266500,267000,206,54980000,129,77
145020,2026-04-28,14:35:00,267000,267000,266500,266500,341,90950000,149,192
145020,2026-04-28,14:40:00,266500,267000,266500,266500,249,66360000,3,246
145020,2026-04-28,14:45:00,266500,267000,266500,266500,224,59740000,97,127
145020,2026-04-28,14:50:00,267000,267000,266000,266000,437,116430000,106,331
145020,2026-04-28,14:55:00,266500,268000,265500,267500,1169,311240000,698,471
145020,2026-04-28,15:00:00,266000,267500,266000,266500,343,91470000,79,264
145020,2026-04-28,15:05:00,266500,267500,266500,267500,395,105370000,170,225
145020,2026-04-28,15:10:00,267500,267500,266500,266500,312,83270000,142,170
145020,2026-04-28,15:15:00,267000,267000,266500,266500,425,113400000,274,151
145020,2026-04-28,15:20:00,267000,267500,266000,266000,1137,303170000,631,506
145020,2026-04-28,15:30:00,265500,265500,265500,265500,715,189830000,710,0
145020,2026-04-29,09:05:00,268000,268500,264500,265500,609,162430000,339,270
145020,2026-04-29,09:10:00,265000,269000,265000,267000,523,140120000,455,68
145020,2026-04-29,09:15:00,267000,268500,267000,267500,219,58640000,73,146
145020,2026-04-29,09:20:00,267500,268000,267000,268000,227,60750000,98,129
145020,2026-04-29,09:25:00,268000,268000,266500,267500,134,35830000,67,67
145020,2026-04-29,09:30:00,267500,267500,267000,267500,99,26460000,64,35
145020,2026-04-29,09:35:00,267500,268000,266500,266500,139,37170000,74,65
145020,2026-04-29,09:40:00,266500,267500,266500,267500,443,118180000,339,104
145020,2026-04-29,09:45:00,267000,267000,266500,267000,148,39510000,141,7
145020,2026-04-29,09:50:00,266500,267000,265500,266000,707,188330000,324,383
145020,2026-04-29,09:55:00,266000,266500,265500,266500,203,53980000,124,79
145020,2026-04-29,10:00:00,266500,266500,266000,266500,191,50870000,147,44
145020,2026-04-29,10:05:00,266000,266500,264500,265000,1025,272040000,413,612
145020,2026-04-29,10:10:00,265500,265500,264500,265000,696,184190000,168,528
145020,2026-04-29,10:15:00,264500,264500,264000,264500,157,41500000,59,98
145020,2026-04-29,10:20:00,264000,264500,263500,264000,309,81560000,192,117
145020,2026-04-29,10:25:00,264000,264500,263500,264500,124,32740000,102,22
145020,2026-04-29,10:30:00,264000,264500,263500,264000,451,119070000,308,143
145020,2026-04-29,10:35:00,264000,265000,264000,265000,140,37020000,136,4
145020,2026-04-29,10:40:00,265000,265000,264500,264500,68,18000000,53,15
145020,2026-04-29,10:45:00,264500,265500,264500,265000,313,82920000,306,7
145020,2026-04-29,10:50:00,264500,265000,264500,264500,48,12700000,13,35
145020,2026-04-29,10:55:00,264500,264500,264000,264500,179,47280000,53,126
145020,2026-04-29,11:00:00,264000,264500,264000,264500,37,9770000,7,30
145020,2026-04-29,11:05:00,264500,264500,264000,264500,53,14020000,50,3
145020,2026-04-29,11:10:00,264000,264500,264000,264000,194,51230000,37,157
145020,2026-04-29,11:15:00,264000,265000,263500,264000,840,222080000,460,380
145020,2026-04-29,11:20:00,263500,264000,263500,264000,119,31400000,94,25
145020,2026-04-29,11:25:00,263500,264500,263500,264000,65,17160000,30,35
145020,2026-04-29,11:30:00,264500,264500,263500,263500,149,39350000,60,89
145020,2026-04-29,11:35:00,264000,264000,263500,263500,501,132020000,168,333
145020,2026-04-29,11:40:00,263500,263500,263000,263500,258,67870000,42,216
145020,2026-04-29,11:45:00,263500,263500,263000,263000,374,98370000,32,342
145020,2026-04-29,11:50:00,262500,263000,262000,262500,392,102900000,58,334
145020,2026-04-29,11:55:00,262000,262500,261500,262000,457,119740000,192,265
145020,2026-04-29,12:00:00,262000,262500,262000,262000,31,8120000,6,25
145020,2026-04-29,12:05:00,262500,262500,262000,262500,82,21520000,57,25
145020,2026-04-29,12:10:00,262500,263500,262500,263000,314,82490000,285,29
145020,2026-04-29,12:15:00,263000,263500,262500,263500,45,11840000,34,11
145020,2026-04-29,12:20:00,263500,263500,263000,263500,58,15280000,37,21
145020,2026-04-29,12:25:00,263000,264500,263000,264000,369,97270000,223,146
145020,2026-04-29,12:30:00,263500,264000,263500,264000,64,16890000,41,23
145020,2026-04-29,12:35:00,264000,264500,263500,264000,125,32990000,32,93
145020,2026-04-29,12:40:00,264000,264000,263500,264000,57,15040000,31,26
145020,2026-04-29,12:45:00,264000,264000,263500,264000,55,14510000,27,28
145020,2026-04-29,12:50:00,264000,264000,263500,263500,52,13720000,30,22
145020,2026-04-29,12:55:00,264000,264000,263500,263500,64,16880000,42,22
145020,2026-04-29,13:00:00,264000,264000,263500,263500,250,65890000,41,209
145020,2026-04-29,13:05:00,263500,264500,263500,263500,234,61790000,212,22
145020,2026-04-29,13:10:00,264000,264500,263500,264000,57,15050000,35,22
145020,2026-04-29,13:15:00,264000,264500,263500,264500,88,23230000,73,15
145020,2026-04-29,13:20:00,264500,264500,264000,264000,151,39920000,112,39
145020,2026-04-29,13:25:00,264500,264500,263500,264500,299,78980000,161,138
145020,2026-04-29,13:30:00,264000,264500,263000,263500,1089,287370000,305,784
145020,2026-04-29,13:35:00,263500,264000,263000,263500,515,135600000,266,249
145020,2026-04-29,13:40:00,263500,263500,262000,262000,675,177220000,147,528
145020,2026-04-29,13:45:00,262000,262500,261500,262000,866,226840000,150,716
145020,2026-04-29,13:50:00,261500,262000,261000,261500,1009,263950000,688,321
145020,2026-04-29,13:55:00,261500,262000,261500,261500,218,57070000,119,99
145020,2026-04-29,14:00:00,261500,262000,261500,261500,193,50490000,49,144
145020,2026-04-29,14:05:00,262000,262000,261500,262000,243,63560000,33,210
145020,2026-04-29,14:10:00,261500,262000,261500,261500,190,49710000,35,155
145020,2026-04-29,14:15:00,261500,262000,261500,261500,117,30600000,11,106
145020,2026-04-29,14:20:00,262000,264000,261000,262500,507,132680000,213,294
145020,2026-04-29,14:25:00,262000,263000,262000,262000,123,32270000,38,85
145020,2026-04-29,14:30:00,262500,263000,262000,262500,282,73990000,161,121
145020,2026-04-29,14:35:00,262500,263000,262000,262500,198,52000000,69,129
145020,2026-04-29,14:40:00,262500,263000,262000,262500,167,43840000,78,89
145020,2026-04-29,14:45:00,263000,263500,262500,263500,273,71780000,181,92
145020,2026-04-29,14:50:00,263500,264000,262500,263000,160,42110000,76,84
145020,2026-04-29,14:55:00,263000,263500,262500,263500,530,139290000,346,184
145020,2026-04-29,15:00:00,263500,263500,262500,262500,328,86320000,183,145
145020,2026-04-29,15:05:00,263000,264000,263000,263500,107,28190000,82,25
145020,2026-04-29,15:10:00,263500,264000,263000,264000,140,36920000,133,7
145020,2026-04-29,15:15:00,264000,264000,263000,264000,291,76710000,122,169
145020,2026-04-29,15:20:00,264000,264000,263000,264000,642,169080000,335,307
145020,2026-04-29,15:30:00,263000,263000,263000,263000,474,124660000,474,0
145020,2026-04-30,09:05:00,261500,264500,260500,261500,920,240830000,536,384
145020,2026-04-30,09:10:00,261000,261500,260500,260500,434,113300000,173,261
145020,2026-04-30,09:15:00,261000,261000,259000,260000,989,257200000,323,666
145020,2026-04-30,09:20:00,260000,260000,258500,258500,831,215320000,189,642
145020,2026-04-30,09:25:00,258500,259000,258500,258500,147,38000000,12,135
145020,2026-04-30,09:30:00,259000,259000,258500,259000,211,54590000,90,121
145020,2026-04-30,09:35:00,259000,262000,259000,261500,622,161880000,547,75
145020,2026-04-30,09:40:00,261500,262000,260000,260500,489,127730000,139,350
145020,2026-04-30,09:45:00,260500,260500,259500,260000,167,43390000,91,76
145020,2026-04-30,09:50:00,260000,260500,259500,260500,412,107090000,243,169
145020,2026-04-30,09:55:00,260000,261000,260000,260000,186,48430000,86,100
145020,2026-04-30,10:00:00,260500,260500,259500,260500,158,41080000,78,80
145020,2026-04-30,10:05:00,259500,260500,259500,260000,290,75360000,156,134
145020,2026-04-30,10:10:00,260000,261000,259500,261000,305,79360000,202,103
145020,2026-04-30,10:15:00,260500,261500,260500,261500,239,62350000,165,74
145020,2026-04-30,10:20:00,262000,262000,261000,261000,184,48100000,63,121
145020,2026-04-30,10:25:00,261000,261500,260500,260500,313,81660000,75,238
145020,2026-04-30,10:30:00,260500,261000,260000,260000,290,75550000,138,152
145020,2026-04-30,10:35:00,260000,261000,259000,260000,379,98410000,138,241
145020,2026-04-30,10:40:00,259500,260000,259000,259500,341,88450000,150,191
145020,2026-04-30,10:45:00,259000,260000,259000,259500,203,52650000,75,128
145020,2026-04-30,10:50:00,260000,260000,259000,259000,258,66910000,102,156
145020,2026-04-30,10:55:00,259000,260000,259000,259500,187,48500000,70,117
145020,2026-04-30,11:00:00,259500,260000,259000,259000,168,43560000,62,106
145020,2026-04-30,11:05:00,259000,260000,259000,259500,188,48740000,69,119
145020,2026-04-30,11:10:00,260000,260000,259000,259000,176,45620000,60,116
145020,2026-04-30,11:15:00,259500,260000,259000,259000,269,69760000,149,120
145020,2026-04-30,11:20:00,259500,260000,259000,259000,376,97450000,79,297
145020,2026-04-30,11:25:00,259500,260000,259000,259500,283,73370000,132,151
145020,2026-04-30,11:30:00,259000,259500,258500,258500,379,98150000,47,332
145020,2026-04-30,11:35:00,258500,259000,258500,259000,249,64410000,88,161
145020,2026-04-30,11:40:00,259000,259000,258500,258500,230,59510000,116,114
145020,2026-04-30,11:45:00,258500,259000,258500,259000,205,53040000,87,118
145020,2026-04-30,11:50:00,258500,259000,258000,258000,748,193380000,146,602
145020,2026-04-30,11:55:00,258500,259000,258000,258000,236,60970000,145,91
145020,2026-04-30,12:00:00,258500,259000,258000,259000,264,68230000,149,115
145020,2026-04-30,12:05:00,258000,259000,258000,258500,217,56040000,91,126
145020,2026-04-30,12:10:00,258000,259000,258000,258500,256,66150000,133,123
145020,2026-04-30,12:15:00,258000,258500,258000,258500,326,84180000,143,183
145020,2026-04-30,12:20:00,258000,259000,257500,258500,2118,546660000,559,1559
145020,2026-04-30,12:25:00,258500,258500,258000,258500,162,41860000,76,86
145020,2026-04-30,12:30:00,258500,258500,258000,258000,139,35910000,4,135
145020,2026-04-30,12:35:00,258500,259000,258000,258000,215,55540000,131,84
145020,2026-04-30,12:40:00,258500,258500,258000,258000,256,66130000,142,114
145020,2026-04-30,12:45:00,259000,259000,258000,258000,244,62990000,88,156
145020,2026-04-30,12:50:00,258000,258500,258000,258000,207,53420000,8,199
145020,2026-04-30,12:55:00,258250,258500,257500,258000,485,125130000,219,266
145020,2026-04-30,13:00:00,257500,258000,256500,257500,1119,288040000,234,885
145020,2026-04-30,13:05:00,257500,258000,257000,257500,522,134310000,112,410
145020,2026-04-30,13:10:00,257500,258000,256500,257500,923,237350000,503,420
145020,2026-04-30,13:15:00,257500,258000,257500,257500,109,28070000,2,107
145020,2026-04-30,13:20:00,257500,258000,257000,257000,374,96210000,93,281
145020,2026-04-30,13:25:00,257000,257500,256500,256500,619,158970000,238,381
145020,2026-04-30,13:30:00,256500,257000,255500,256000,989,253420000,252,737
145020,2026-04-30,13:35:00,256500,256500,255500,256000,596,152470000,34,562
145020,2026-04-30,13:40:00,255500,256000,255000,255500,938,239570000,286,652
145020,2026-04-30,13:45:00,255000,256000,255000,255500,415,106000000,202,213
145020,2026-04-30,13:50:00,255500,256000,255000,255000,927,236650000,352,575
145020,2026-04-30,13:55:00,255500,256000,254000,254500,1853,472410000,780,1073
145020,2026-04-30,14:00:00,254000,255000,253000,253500,1927,488860000,485,1442
145020,2026-04-30,14:05:00,253500,254500,253000,253500,1451,368020000,380,1071
145020,2026-04-30,14:10:00,253500,254000,253000,254000,1158,293510000,621,537
145020,2026-04-30,14:15:00,254000,254000,253000,253000,1354,342830000,262,1092
145020,2026-04-30,14:20:00,253500,254000,252500,254000,1930,488700000,870,1060
145020,2026-04-30,14:25:00,253500,254000,253000,253500,1708,432990000,947,761
145020,2026-04-30,14:30:00,253500,254500,253000,254500,1501,380860000,991,510
145020,2026-04-30,14:35:00,254000,255000,253500,254500,1134,288280000,764,370
145020,2026-04-30,14:40:00,254500,254500,253500,254000,1453,368600000,644,809
145020,2026-04-30,14:45:00,254000,254500,253000,253500,1796,455420000,1148,648
145020,2026-04-30,14:50:00,253500,254500,253000,253500,1672,423610000,404,1268
145020,2026-04-30,14:55:00,253000,254000,252500,253500,1206,305360000,532,674
145020,2026-04-30,15:00:00,253000,254000,252500,253500,2084,527430000,988,1096
145020,2026-04-30,15:05:00,252500,253500,252500,253000,534,135090000,359,175
145020,2026-04-30,15:10:00,252500,254000,252500,253500,1166,295050000,904,262
145020,2026-04-30,15:15:00,253000,253500,252500,253000,727,183780000,213,514
145020,2026-04-30,15:20:00,252500,256500,252500,254500,2139,541770000,1538,601
145020,2026-04-30,15:30:00,252500,252500,252500,252500,2203,556250000,2192,0
145020,2026-05-04,09:05:00,257500,265500,257500,263500,3840,1005620000,3188,652
145020,2026-05-04,09:10:00,264500,266000,262000,264500,2038,538000000,1475,563
145020,2026-05-04,09:15:00,265000,267000,264500,264500,3273,869870000,1896,1377
145020,2026-05-04,09:20:00,265500,267500,264500,266500,1299,346300000,960,339
145020,2026-05-04,09:25:00,267000,268000,266000,266500,1136,303150000,717,419
145020,2026-05-04,09:30:00,266500,268000,266500,267000,1439,384630000,746,693
145020,2026-05-04,09:35:00,266500,269500,266500,268000,1869,501040000,1626,243
145020,2026-05-04,09:40:00,268000,269000,266000,267000,571,152570000,131,440
145020,2026-05-04,09:45:00,267000,267500,264250,264250,813,215680000,136,677
145020,2026-05-04,09:50:00,264250,265000,264000,265000,328,86820000,257,71
145020,2026-05-04,09:55:00,264500,265000,264000,264000,491,129870000,101,390
145020,2026-05-04,10:00:00,264000,265000,263500,265000,453,119680000,222,231
145020,2026-05-04,10:05:00,265000,266000,264500,265000,387,102610000,186,201
145020,2026-05-04,10:10:00,264500,266500,264500,266500,660,175000000,426,234
145020,2026-05-04,10:15:00,265500,266000,264000,264500,587,155430000,110,477
145020,2026-05-04,10:20:00,264500,265500,264000,265000,755,199750000,460,295
145020,2026-05-04,10:25:00,265000,266000,265000,265000,238,63160000,147,91
145020,2026-05-04,10:30:00,265500,265500,264500,265000,382,101250000,182,200
145020,2026-05-04,10:35:00,265000,265500,264000,264500,434,114900000,147,287
145020,2026-05-04,10:40:00,264500,265500,264500,264500,194,51390000,121,73
145020,2026-05-04,10:45:00,265000,265500,264500,265000,262,69430000,93,169
145020,2026-05-04,10:50:00,264500,265000,264000,264000,757,200110000,328,429
145020,2026-05-04,10:55:00,264500,265500,264000,265000,551,145820000,369,182
145020,2026-05-04,11:00:00,265000,266000,265000,266000,285,75610000,142,143
145020,2026-05-04,11:05:00,265500,265500,264000,265000,406,107540000,235,171
145020,2026-05-04,11:10:00,265000,265000,264000,265000,717,189840000,272,445
145020,2026-05-04,11:15:00,265000,265000,264500,265000,200,52980000,127,73
145020,2026-05-04,11:20:00,265500,265500,264500,265000,166,43950000,44,122
145020,2026-05-04,11:25:00,264500,265000,264500,264500,342,90530000,149,193
145020,2026-05-04,11:30:00,264500,265000,263500,265000,409,108090000,261,148
145020,2026-05-04,11:35:00,265000,265000,264500,264500,108,28600000,60,48
145020,2026-05-04,11:40:00,264500,265500,264000,264000,495,131080000,227,268
145020,2026-05-04,11:45:00,264500,264500,263500,263500,230,60650000,29,201
145020,2026-05-04,11:50:00,263500,264000,263500,263500,122,32150000,40,82
145020,2026-05-04,11:55:00,263500,264000,263500,263500,152,40060000,74,78
145020,2026-05-04,12:00:00,263500,265000,263000,263500,660,173990000,399,261
145020,2026-05-04,12:05:00,263500,264500,263500,264000,367,96890000,157,210
145020,2026-05-04,12:10:00,264000,264500,263500,264000,207,54660000,132,75
145020,2026-05-04,12:15:00,264000,264500,263500,264500,166,43810000,115,51
145020,2026-05-04,12:20:00,263500,264500,263500,264500,408,107720000,235,173
145020,2026-05-04,12:25:00,264000,264000,263500,263500,262,69070000,128,134
145020,2026-05-04,12:30:00,263500,264000,263000,263000,1190,313600000,282,908
145020,2026-05-04,12:35:00,263000,263500,262500,263000,307,80740000,184,123
145020,2026-05-04,12:40:00,263000,263000,262000,262000,340,89220000,55,285
145020,2026-05-04,12:45:00,262500,262500,262000,262000,251,65770000,10,241
145020,2026-05-04,12:50:00,262500,262500,262000,262000,105,27510000,8,97
145020,2026-05-04,12:55:00,262000,262500,262000,262000,139,36440000,65,74
145020,2026-05-04,13:00:00,262000,262500,262000,262000,121,31750000,86,35
145020,2026-05-04,13:05:00,262500,265000,260000,262500,1921,504000000,996,925
145020,2026-05-04,13:10:00,262500,264000,262500,263500,455,119870000,401,54
145020,2026-05-04,13:15:00,263500,264000,263500,264000,258,68020000,252,6
145020,2026-05-04,13:20:00,264000,264000,263500,264000,141,37200000,104,37
145020,2026-05-04,13:25:00,264000,264000,262500,263500,612,161030000,392,220
145020,2026-05-04,13:30:00,263500,264000,263000,263000,158,41640000,110,48
145020,2026-05-04,13:35:00,263500,263500,263000,263500,112,29510000,106,6
145020,2026-05-04,13:40:00,263500,263500,263500,263500,118,31090000,118,0
145020,2026-05-04,13:45:00,263500,263500,263000,263500,100,26330000,44,56
145020,2026-05-04,13:50:00,263500,263500,263000,263000,44,11590000,40,4
145020,2026-05-04,13:55:00,263500,263500,263000,263500,335,88270000,325,10
145020,2026-05-04,14:00:00,263000,263500,262500,262500,402,105760000,186,216
145020,2026-05-04,14:05:00,263000,263000,262000,262000,354,92850000,179,175
145020,2026-05-04,14:10:00,262500,262500,262000,262500,100,26240000,76,24
145020,2026-05-04,14:15:00,262500,263000,261500,262000,1010,264630000,495,515
145020,2026-05-04,14:20:00,263000,263000,262000,262500,218,57210000,122,96
145020,2026-05-04,14:25:00,262500,263000,261000,262500,389,101890000,54,335
145020,2026-05-04,14:30:00,261000,262500,261000,261500,332,86920000,208,124
145020,2026-05-04,14:35:00,261500,262500,261500,262000,354,92790000,223,131
145020,2026-05-04,14:40:00,262000,262500,262000,262500,281,73670000,99,182
145020,2026-05-04,14:45:00,262000,263500,262000,263000,487,127980000,372,115
145020,2026-05-04,14:50:00,262750,263000,262750,262750,127,33390000,76,51
145020,2026-05-04,14:55:00,263000,263000,262750,263000,348,91470000,148,200
145020,2026-05-04,15:00:00,262750,263000,262000,262500,517,135740000,191,326
145020,2026-05-04,15:05:00,262000,262500,261500,262500,1302,341260000,735,567
145020,2026-05-04,15:10:00,262500,262500,261500,262000,864,226280000,476,388
145020,2026-05-04,15:15:00,262000,262000,261500,262000,231,60480000,142,89
145020,2026-05-04,15:20:00,262000,264000,261500,263000,995,261150000,682,313
145020,2026-05-04,15:30:00,261500,261500,261500,261500,1070,279800000,1065,0
145020,2026-05-06,09:05:00,266000,266500,261500,261500,1981,521870000,637,1344
145020,2026-05-06,09:10:00,261500,261500,258500,259000,880,228330000,374,506
145020,2026-05-06,09:15:00,259000,262500,258500,261000,1417,368530000,684,733
145020,2026-05-06,09:20:00,262500,262500,259500,261000,636,165560000,263,373
145020,2026-05-06,09:25:00,260000,261000,258500,258500,1620,420090000,504,1116
145020,2026-05-06,09:30:00,258500,261500,257000,259500,2610,674820000,1581,1029
145020,2026-05-06,09:35:00,259500,264500,259000,261000,3795,993990000,1213,2582
145020,2026-05-06,09:40:00,262000,262500,261000,261500,1781,465900000,470,1311
145020,2026-05-06,09:45:00,262500,264500,262000,262500,1685,443160000,645,1040
145020,2026-05-06,09:50:00,262000,262500,262000,262000,425,111380000,74,351
145020,2026-05-06,09:55:00,262000,262500,261000,261000,418,109310000,55,363
145020,2026-05-06,10:00:00,261000,261000,260500,260500,99,25840000,10,89
145020,2026-05-06,10:05:00,261000,261000,260500,260500,86,22410000,11,75
145020,2026-05-06,10:10:00,260500,261000,260000,260000,166,43180000,46,120
145020,2026-05-06,10:15:00,260500,261000,260000,261000,238,62000000,202,36
145020,2026-05-06,10:20:00,260500,261000,260000,260000,161,41940000,9,152
145020,2026-05-06,10:25:00,260500,260500,259500,260000,461,119830000,110,351
145020,2026-05-06,10:30:00,260000,260000,258500,259000,1997,517930000,501,1496
145020,2026-05-06,10:35:00,258500,259000,257500,258500,1285,331900000,283,1002
145020,2026-05-06,10:40:00,258500,259500,258000,259500,464,120050000,374,90
145020,2026-05-06,10:45:00,258500,260000,258500,258500,630,163080000,107,523
145020,2026-05-06,10:50:00,258500,259500,258000,259000,1936,500610000,529,1407
145020,2026-05-06,10:55:00,259000,259000,258500,258500,113,29260000,105,8
145020,2026-05-06,11:00:00,259000,259000,258500,259000,272,70430000,227,45
145020,2026-05-06,11:05:00,259000,259000,258000,258000,1355,350190000,267,1088
145020,2026-05-06,11:10:00,258500,259500,258000,259500,1908,493160000,1008,900
145020,2026-05-06,11:15:00,259500,259500,258500,259000,287,74290000,189,98
145020,2026-05-06,11:20:00,259500,259500,258000,258500,875,226290000,182,693
145020,2026-05-06,11:25:00,258500,258500,258000,258000,68,17570000,56,12
145020,2026-05-06,11:30:00,258500,258500,258000,258500,324,83750000,309,15
145020,2026-05-06,11:35:00,258500,258500,258000,258500,177,45750000,171,6
145020,2026-05-06,11:40:00,258500,258500,258000,258500,134,34620000,111,23
145020,2026-05-06,11:45:00,258500,258500,258000,258500,131,33860000,116,15
145020,2026-05-06,11:50:00,258500,260000,258000,260000,1107,286520000,922,185
145020,2026-05-06,11:55:00,260000,260000,258000,258000,629,162450000,89,540
145020,2026-05-06,12:00:00,258000,258500,257500,258500,197,50830000,154,43
145020,2026-05-06,12:05:00,258500,258500,258000,258500,110,28400000,42,68
145020,2026-05-06,12:10:00,258500,258500,258000,258000,105,27130000,83,22
145020,2026-05-06,12:15:00,258500,258500,257000,258000,1835,472880000,679,1156
145020,2026-05-06,12:20:00,257500,258000,257000,257500,253,65200000,203,50
145020,2026-05-06,12:25:00,257500,257500,257000,257500,63,16220000,59,4
145020,2026-05-06,12:30:00,257000,258000,257000,257500,640,164860000,439,201
145020,2026-05-06,12:35:00,257500,258500,257000,258000,453,116750000,231,222
145020,2026-05-06,12:40:00,257500,257500,257000,257500,969,249110000,153,816
145020,2026-05-06,12:45:00,257500,257500,256500,257000,1003,257360000,74,929
145020,2026-05-06,12:50:00,256500,257000,256000,256500,46,11790000,22,24
145020,2026-05-06,12:55:00,256000,256500,256000,256500,186,47630000,34,152
145020,2026-05-06,13:00:00,256000,256500,256000,256000,926,237190000,277,649
145020,2026-05-06,13:05:00,256500,256500,256000,256000,493,126220000,50,443
145020,2026-05-06,13:10:00,256000,256500,255500,256000,684,175080000,305,379
145020,2026-05-06,13:15:00,255500,256000,255500,255500,223,57020000,84,139
145020,2026-05-06,13:20:00,256000,256000,255500,256000,229,58590000,166,63
145020,2026-05-06,13:25:00,256000,257000,255000,257000,1278,326840000,627,651
145020,2026-05-06,13:30:00,257000,257000,256000,256000,98,25110000,36,62
145020,2026-05-06,13:35:00,256000,256500,256000,256500,358,91760000,234,124
145020,2026-05-06,13:40:00,256500,256500,256000,256500,362,92820000,312,50
145020,2026-05-06,13:45:00,256000,257500,256000,256500,574,147310000,522,52
145020,2026-05-06,13:50:00,257000,257000,256000,256500,299,76710000,58,241
145020,2026-05-06,13:55:00,256000,256500,256000,256000,109,27920000,32,77
145020,2026-05-06,14:00:00,256000,256500,256000,256000,322,82450000,36,286
145020,2026-05-06,14:05:00,256500,256500,256000,256500,394,100900000,96,298
145020,2026-05-06,14:10:00,256500,256500,255500,255500,717,183270000,37,680
145020,2026-05-06,14:15:00,255500,256000,254500,255500,2117,540170000,667,1450
145020,2026-05-06,14:20:00,255000,255500,254500,255000,569,145090000,154,415
145020,2026-05-06,14:25:00,255000,256500,254500,256000,4235,1080130000,1640,2595
145020,2026-05-06,14:30:00,256000,257500,255500,257500,538,137890000,321,217
145020,2026-05-06,14:35:00,256500,257000,255000,255500,2330,597050000,449,1881
145020,2026-05-06,14:40:00,255000,255500,254500,255000,667,170050000,227,440
145020,2026-05-06,14:45:00,255000,255500,254500,255000,637,162360000,220,417
145020,2026-05-06,14:50:00,255000,256000,254500,256000,618,157680000,481,137
145020,2026-05-06,14:55:00,256500,257000,255500,256500,341,87390000,261,80
145020,2026-05-06,15:00:00,256500,257000,255500,255500,816,209210000,630,186
145020,2026-05-06,15:05:00,256000,257500,255500,257000,1399,358910000,1012,387
145020,2026-05-06,15:10:00,256500,257000,256000,257000,679,174050000,403,276
145020,2026-05-06,15:15:00,256500,257000,256000,256000,430,110270000,211,219
145020,2026-05-06,15:20:00,256500,258000,256500,257500,1805,463890000,1292,513
145020,2026-05-06,15:30:00,255000,255000,255000,255000,2205,562270000,2201,0
145020,2026-05-07,09:05:00,257000,258000,253500,254000,3137,802220000,1238,1899
145020,2026-05-07,09:10:00,254500,259500,254000,258500,3869,996200000,2655,1214
145020,2026-05-07,09:15:00,258500,261500,258000,261000,2721,706600000,1435,1286
145020,2026-05-07,09:20:00,261000,261000,259000,259500,1895,492620000,721,1174
145020,2026-05-07,09:25:00,259500,261000,259500,260500,1694,440990000,919,775
145020,2026-05-07,09:30:00,260500,260500,259500,260000,2589,673040000,1002,1587
145020,2026-05-07,09:35:00,260000,261500,259000,261500,1784,464320000,1204,580
145020,2026-05-07,09:40:00,260500,264000,260500,262500,3377,885460000,2271,1106
145020,2026-05-07,09:45:00,262500,263000,261000,262000,1362,356540000,817,545
145020,2026-05-07,09:50:00,262000,263000,261500,262500,1639,429610000,1259,380
145020,2026-05-07,09:55:00,262500,263000,262000,262000,683,179310000,442,241
145020,2026-05-07,10:00:00,262500,263000,262000,262500,298,78280000,188,110
145020,2026-05-07,10:05:00,263000,263000,261000,261000,808,211620000,241,567
145020,2026-05-07,10:10:00,261000,262000,261000,262000,370,96820000,147,223
145020,2026-05-07,10:15:00,262000,262500,261500,261500,463,121280000,309,154
145020,2026-05-07,10:20:00,261500,263000,261500,261500,1702,445910000,944,758
145020,2026-05-07,10:25:00,262000,262500,261000,262000,1092,285700000,560,532
145020,2026-05-07,10:30:00,262500,263500,261500,262000,815,214120000,505,310
145020,2026-05-07,10:35:00,262000,262500,261500,262000,817,214040000,353,464
145020,2026-05-07,10:40:00,262000,263000,261500,262000,399,104570000,172,227
145020,2026-05-07,10:45:00,262500,262500,261000,261000,965,252520000,242,723
145020,2026-05-07,10:50:00,260500,262000,260500,261000,909,237300000,425,484
145020,2026-05-07,10:55:00,262000,262000,261000,262000,436,114000000,227,209
145020,2026-05-07,11:00:00,261500,262000,261000,261500,356,93060000,96,260
145020,2026-05-07,11:05:00,261000,261500,260000,260000,717,186940000,167,550
145020,2026-05-07,11:10:00,260500,261000,259500,260000,1151,299270000,461,690
145020,2026-05-07,11:15:00,260500,261000,259500,260500,781,203240000,433,348
145020,2026-05-07,11:20:00,260500,261000,259500,261000,555,144360000,308,247
145020,2026-05-07,11:25:00,261000,261500,260000,260500,1437,374680000,883,554
145020,2026-05-07,11:30:00,261000,261500,259500,260000,843,219360000,242,601
145020,2026-05-07,11:35:00,260000,262000,259500,260500,1903,495230000,571,1332
145020,2026-05-07,11:40:00,260500,260500,260000,260500,358,93150000,131,227
145020,2026-05-07,11:45:00,260000,261000,260000,260500,616,160450000,343,273
145020,2026-05-07,11:50:00,260500,261500,260000,260500,480,125090000,172,308
145020,2026-05-07,11:55:00,260500,261000,260000,260500,297,77370000,79,218
145020,2026-05-07,12:00:00,260000,260500,260000,260000,540,140430000,77,463
145020,2026-05-07,12:05:00,260500,261000,259500,260500,436,113370000,192,244
145020,2026-05-07,12:10:00,260000,260500,259500,260000,491,127520000,169,322
145020,2026-05-07,12:15:00,260500,260500,259000,260000,446,115900000,181,265
145020,2026-05-07,12:20:00,260500,261000,259500,260500,551,143480000,376,175
145020,2026-05-07,12:25:00,261000,261000,260500,261000,542,141320000,264,278
145020,2026-05-07,12:30:00,260500,261000,260000,260000,594,154520000,206,388
145020,2026-05-07,12:35:00,260500,260500,259000,259500,385,99930000,99,286
145020,2026-05-07,12:40:00,259000,259500,258500,259000,261,67610000,18,243
145020,2026-05-07,12:45:00,258500,259000,257000,258000,1238,319380000,324,914
145020,2026-05-07,12:50:00,257000,258500,256500,258500,824,212000000,323,501
145020,2026-05-07,12:55:00,258500,258500,257000,257000,695,178850000,169,526
145020,2026-05-07,13:00:00,257000,257500,256500,257000,1236,317770000,561,675
145020,2026-05-07,13:05:00,257000,257500,256000,256500,924,237170000,320,604
145020,2026-05-07,13:10:00,256000,257500,256000,257500,1759,451540000,924,835
145020,2026-05-07,13:15:00,257500,257500,257000,257500,517,133030000,311,206
145020,2026-05-07,13:20:00,257500,257500,256000,257500,688,176680000,337,351
145020,2026-05-07,13:25:00,257500,258500,257000,258000,858,221090000,542,316
145020,2026-05-07,13:30:00,258000,258500,257500,258000,754,194620000,363,391
145020,2026-05-07,13:35:00,258500,258500,257500,258000,674,173750000,141,533
145020,2026-05-07,13:40:00,258000,258000,256500,257500,732,188230000,79,653
145020,2026-05-07,13:45:00,257500,258500,257000,258000,1467,377820000,900,567
145020,2026-05-07,13:50:00,258500,259500,257000,259500,1517,391690000,903,614
145020,2026-05-07,13:55:00,259500,261500,259000,261000,2517,655220000,1817,700
145020,2026-05-07,14:00:00,261000,261500,260000,260500,1405,365870000,523,882
145020,2026-05-07,14:05:00,260000,261000,257500,258500,1319,342340000,143,1176
145020,2026-05-07,14:10:00,258000,258000,257000,257500,336,86400000,41,295
145020,2026-05-07,14:15:00,257000,257000,255000,255500,1355,346700000,103,1252
145020,2026-05-07,14:20:00,255000,258000,255000,258000,1754,450350000,1312,442
145020,2026-05-07,14:25:00,257500,268500,236500,261000,25631,6708320000,15335,10296
145020,2026-05-07,14:30:00,260500,263000,254000,255000,5737,1475800000,2435,3302
145020,2026-05-07,14:35:00,255000,257000,255000,256500,2678,685410000,942,1736
145020,2026-05-07,14:40:00,256500,261500,256000,261000,2856,739910000,1663,1193
145020,2026-05-07,14:45:00,261000,263000,259500,260000,3018,788680000,799,2219
145020,2026-05-07,14:50:00,260000,262000,259500,261500,1412,368470000,813,599
145020,2026-05-07,14:55:00,261500,263500,260000,261500,3867,1012020000,2141,1726
145020,2026-05-07,15:00:00,261000,262000,258000,258000,2251,586580000,858,1393
145020,2026-05-07,15:05:00,258500,261000,257500,258500,2000,518060000,905,1095
145020,2026-05-07,15:10:00,258500,258500,257000,258500,1831,472250000,1151,680
145020,2026-05-07,15:15:00,258000,259000,257500,258000,1739,449050000,595,1144
145020,2026-05-07,15:20:00,258000,261500,257500,259000,10586,2746370000,3865,6721
145020,2026-05-07,15:30:00,259500,259500,259500,259500,5113,1326810000,5112,0
145020,2026-05-08,09:05:00,268500,269000,256000,262500,15810,4158090000,6291,9519
145020,2026-05-08,09:10:00,262500,268500,260000,264000,9614,2528170000,3108,6506
145020,2026-05-08,09:15:00,264000,264000,258500,260000,6395,1669640000,1070,5325
145020,2026-05-08,09:20:00,261000,266000,259000,264000,3010,786610000,1649,1361
145020,2026-05-08,09:25:00,264500,268000,262500,266500,2396,635670000,1085,1311
145020,2026-05-08,09:30:00,267000,278000,267000,276500,15643,4278220000,11350,4293
145020,2026-05-08,09:35:00,276500,283000,275000,282000,22062,6174600000,14747,7315
145020,2026-05-08,09:40:00,282000,284500,279000,284000,11974,3377340000,7375,4599
145020,2026-05-08,09:45:00,284000,286500,283000,286000,9698,2759510000,5819,3879
145020,2026-05-08,09:50:00,286000,290500,284000,289000,9478,2727770000,7068,2410
145020,2026-05-08,09:55:00,289000,289000,286500,287500,3536,1016930000,1901,1635
145020,2026-05-08,10:00:00,287000,287500,284000,285000,5008,1427210000,2048,2960
145020,2026-05-08,10:05:00,285500,286500,284000,284500,1576,449730000,997,579
145020,2026-05-08,10:10:00,284500,286000,283000,285500,4336,1234180000,2774,1562
145020,2026-05-08,10:15:00,286000,288500,285500,288000,6061,1739740000,4888,1173
145020,2026-05-08,10:20:00,287500,289000,285250,285500,1891,542950000,651,1240
145020,2026-05-08,10:25:00,285000,285750,278500,280000,6658,1877010000,1797,4861
145020,2026-05-08,10:30:00,280000,280500,277500,280000,2999,836290000,1514,1485
145020,2026-05-08,10:35:00,280000,280500,278000,278500,1715,478610000,549,1166
145020,2026-05-08,10:40:00,279000,281500,278750,279500,2678,748720000,1818,860
145020,2026-05-08,10:45:00,279000,281000,278500,281000,2091,584790000,1117,974
145020,2026-05-08,10:50:00,281000,281500,279500,279500,1570,440200000,670,900
145020,2026-05-08,10:55:00,279500,282000,279500,281000,1515,425300000,1003,512
145020,2026-05-08,11:00:00,281000,281000,280000,280500,1066,298990000,462,604
145020,2026-05-08,11:05:00,281000,283500,280000,282500,2114,596140000,1287,827
145020,2026-05-08,11:10:00,282000,282500,280500,281000,1208,339880000,414,794
145020,2026-05-08,11:15:00,281000,282000,280500,281000,970,272840000,529,441
145020,2026-05-08,11:20:00,281000,285500,281000,284750,2115,600550000,1227,888
145020,2026-05-08,11:25:00,284750,287000,284750,286500,1743,498200000,1237,506
145020,2026-05-08,11:30:00,286500,291000,286000,289000,9236,2671050000,6764,2472
145020,2026-05-08,11:35:00,289000,291000,289000,289500,1230,356760000,447,783
145020,2026-05-08,11:40:00,289000,290500,287500,290500,2277,659240000,1472,805
145020,2026-05-08,11:45:00,290500,292000,289500,290500,2762,803510000,1959,803
145020,2026-05-08,11:50:00,290500,293000,289500,289500,3320,968580000,2213,1107
145020,2026-05-08,11:55:00,290000,291500,289500,290500,1253,364310000,755,498
145020,2026-05-08,12:00:00,290500,291500,290000,291000,791,229940000,357,434
145020,2026-05-08,12:05:00,290500,291500,290500,290500,580,168950000,368,212
145020,2026-05-08,12:10:00,291000,293000,290500,292500,1635,477600000,1221,414
145020,2026-05-08,12:15:00,292500,294000,292500,294000,2888,846680000,2081,807
145020,2026-05-08,12:20:00,293500,295000,293500,295000,2904,854360000,2601,303
145020,2026-05-08,12:25:00,295000,295000,293500,293500,2504,736930000,733,1771
145020,2026-05-08,12:30:00,294000,294500,293000,294500,1094,321360000,605,489
145020,2026-05-08,12:35:00,294000,295000,294000,294500,579,170530000,369,210
145020,2026-05-08,12:40:00,294500,295500,293500,294000,3717,1095640000,2235,1482
145020,2026-05-08,12:45:00,294000,298000,292500,297000,4156,1228300000,2367,1789
145020,2026-05-08,12:50:00,297500,298500,296000,296500,2688,799270000,1481,1207
145020,2026-05-08,12:55:00,297000,298000,294000,294000,1696,502220000,557,1139
145020,2026-05-08,13:00:00,295000,296000,294000,294500,1017,299910000,513,504
145020,2026-05-08,13:05:00,294500,297000,294000,296000,1113,329180000,687,426
145020,2026-05-08,13:10:00,296000,296500,295500,295500,997,295310000,585,412
145020,2026-05-08,13:15:00,295000,296500,294000,294500,1341,395740000,475,866
145020,2026-05-08,13:20:00,295000,296000,294000,295000,1214,357680000,543,671
145020,2026-05-08,13:25:00,295000,296500,294000,295500,1988,587110000,1252,736
145020,2026-05-08,13:30:00,295500,296500,294500,295500,1924,568240000,1319,605
145020,2026-05-08,13:35:00,295500,296500,295000,296000,1068,316170000,835,233
145020,2026-05-08,13:40:00,295500,296000,294000,294500,2044,603100000,625,1419
145020,2026-05-08,13:45:00,294000,296000,294000,295500,1781,525460000,1129,652
145020,2026-05-08,13:50:00,295500,296500,295000,295500,1065,315040000,561,504
145020,2026-05-08,13:55:00,296000,296000,292000,294000,2512,737280000,718,1794
145020,2026-05-08,14:00:00,293000,294000,292500,293000,1145,335710000,548,597
145020,2026-05-08,14:05:00,292500,294500,292000,293000,1477,432890000,669,808
145020,2026-05-08,14:10:00,292500,293500,290000,292000,2429,709340000,1007,1422
145020,2026-05-08,14:15:00,292000,292000,290000,290500,1409,410010000,636,773
145020,2026-05-08,14:20:00,290500,291000,289000,289000,1117,324090000,575,542
145020,2026-05-08,14:25:00,289000,291000,288500,289500,1348,390130000,554,794
145020,2026-05-08,14:30:00,289500,290000,288500,288500,1079,312320000,415,664
145020,2026-05-08,14:35:00,289500,290500,288500,289000,1249,361400000,762,487
145020,2026-05-08,14:40:00,290000,291000,289000,289000,1289,373570000,606,683
145020,2026-05-08,14:45:00,289500,290000,288000,288000,1465,422960000,554,911
145020,2026-05-08,14:50:00,288500,290000,288000,288500,978,282410000,570,408
145020,2026-05-08,14:55:00,288750,291000,288500,289500,1915,554780000,764,1151
145020,2026-05-08,15:00:00,289500,291500,289500,291000,1119,325200000,972,147
145020,2026-05-08,15:05:00,290000,291500,289500,290500,2154,625590000,974,1180
145020,2026-05-08,15:10:00,290500,292000,290000,290500,1459,424250000,889,570
145020,2026-05-08,15:15:00,291000,291000,289500,290500,1318,382630000,709,609
145020,2026-05-08,15:20:00,290500,291500,289500,290000,955,277360000,359,596
145020,2026-05-08,15:30:00,291500,291500,291500,291500,1937,564630000,1922,0
145020,2026-05-11,09:05:00,292500,294500,291000,293500,2390,698870000,981,1409
145020,2026-05-11,09:10:00,293000,295000,292500,293500,2476,727310000,1129,1347
145020,2026-05-11,09:15:00,293500,297500,293500,297500,2337,691640000,1314,1023
145020,2026-05-11,09:20:00,297500,298000,295500,296500,1216,361030000,453,763
145020,2026-05-11,09:25:00,296500,297000,294500,295000,998,294920000,249,749
145020,2026-05-11,09:30:00,295000,296500,295000,296500,844,249580000,512,332
145020,2026-05-11,09:35:00,296000,296500,295000,296000,1007,297880000,515,492
145020,2026-05-11,09:40:00,296000,296500,294500,295000,1460,431040000,312,1148
145020,2026-05-11,09:45:00,295000,295500,293500,294500,1769,520780000,181,1588
145020,2026-05-11,09:50:00,294500,298000,294000,297000,1757,520170000,930,827
145020,2026-05-11,09:55:00,297000,298500,295500,297000,1388,412740000,771,617
145020,2026-05-11,10:00:00,297000,301000,297000,300500,4147,1240180000,3651,496
145020,2026-05-11,10:05:00,301000,301500,300000,301500,1225,368390000,657,568
145020,2026-05-11,10:10:00,301500,302000,300000,301000,1872,564100000,1026,846
145020,2026-05-11,10:15:00,301500,304500,301000,304500,1982,600110000,1679,303
145020,2026-05-11,10:20:00,304500,306000,303000,304000,3849,1173520000,2123,1726
145020,2026-05-11,10:25:00,304000,306500,303500,305000,2256,688480000,983,1273
145020,2026-05-11,10:30:00,304500,305000,303000,303500,2357,716560000,867,1490
145020,2026-05-11,10:35:00,304000,304500,301000,301500,1364,411990000,275,1089
145020,2026-05-11,10:40:00,301500,304000,301500,302500,624,188820000,319,305
145020,2026-05-11,10:45:00,302500,303500,299500,300000,1970,593940000,353,1617
145020,2026-05-11,10:50:00,300000,301000,299500,300000,675,202620000,238,437
145020,2026-05-11,10:55:00,300000,301000,299000,300000,782,234820000,277,505
145020,2026-05-11,11:00:00,299500,300000,298000,298000,1417,424040000,326,1091
145020,2026-05-11,11:05:00,298000,299500,296000,296500,1005,299400000,211,794
145020,2026-05-11,11:10:00,296000,297500,296000,296500,549,162790000,186,363
145020,2026-05-11,11:15:00,296500,297000,295500,295500,340,100710000,93,247
145020,2026-05-11,11:20:00,295500,296500,295500,296500,267,79020000,73,194
145020,2026-05-11,11:25:00,296000,297000,296000,296000,529,156810000,295,234
145020,2026-05-11,11:30:00,296000,297000,295500,297000,314,93010000,57,257
145020,2026-05-11,11:35:00,296000,297500,296000,296500,460,136440000,205,255
145020,2026-05-11,11:40:00,296500,297000,295500,296000,480,142290000,152,328
145020,2026-05-11,11:45:00,295500,296500,295000,296000,582,172040000,247,335
145020,2026-05-11,11:50:00,295500,296500,295000,296000,425,125670000,117,308
145020,2026-05-11,11:55:00,295500,296500,295000,295500,272,80440000,64,208
145020,2026-05-11,12:00:00,295500,296000,295500,295500,223,65930000,64,159
145020,2026-05-11,12:05:00,295500,296000,295000,295500,431,127270000,119,312
145020,2026-05-11,12:10:00,295000,296000,295000,295500,360,106410000,181,179
145020,2026-05-11,12:15:00,295500,297000,295500,296500,274,81150000,132,142
145020,2026-05-11,12:20:00,296000,296500,295500,295500,454,134410000,60,394
145020,2026-05-11,12:25:00,295500,296500,295000,295500,287,84860000,89,198
145020,2026-05-11,12:30:00,295500,296500,294500,294500,665,196290000,118,547
145020,2026-05-11,12:35:00,294500,295000,294000,294000,624,183800000,240,384
145020,2026-05-11,12:40:00,294000,295500,294000,295000,433,127670000,162,271
145020,2026-05-11,12:45:00,295000,296000,294500,295500,267,78860000,59,208
145020,2026-05-11,12:50:00,295000,295500,294000,295000,563,165960000,219,344
145020,2026-05-11,12:55:00,294500,296000,294500,295500,380,112160000,232,148
145020,2026-05-11,13:00:00,295000,295500,294000,294500,990,291580000,345,645
145020,2026-05-11,13:05:00,294500,295000,293500,293500,376,110610000,131,245
145020,2026-05-11,13:10:00,293500,294500,292500,293000,724,212320000,233,491
145020,2026-05-11,13:15:00,293500,293500,293000,293000,242,70980000,145,97
145020,2026-05-11,13:20:00,293000,293500,292500,293500,528,154630000,103,425
145020,2026-05-11,13:25:00,293000,293500,293000,293000,300,87940000,76,224
145020,2026-05-11,13:30:00,293000,293500,291000,292000,2085,608820000,831,1254
145020,2026-05-11,13:35:00,292000,293000,291500,291500,543,158670000,117,426
145020,2026-05-11,13:40:00,291500,292500,291000,291000,505,147280000,130,375
145020,2026-05-11,13:45:00,291000,294000,290500,292500,2875,840620000,682,2193
145020,2026-05-11,13:50:00,292000,293000,291500,291500,430,125590000,127,303
145020,2026-05-11,13:55:00,291500,292500,291000,291000,560,163220000,159,401
145020,2026-05-11,14:00:00,291000,292000,290500,291500,978,284820000,312,666
145020,2026-05-11,14:05:00,291000,292000,291000,291500,406,118350000,98,308
145020,2026-05-11,14:10:00,291000,292000,290500,291500,831,241890000,215,616
145020,2026-05-11,14:15:00,292000,292500,290500,292000,728,212170000,365,363
145020,2026-05-11,14:20:00,291500,293500,291000,292000,896,261800000,648,248
145020,2026-05-11,14:25:00,292000,293500,292000,293000,499,146090000,263,236
145020,2026-05-11,14:30:00,292500,294500,292500,294000,653,191620000,444,209
145020,2026-05-11,14:35:00,293500,294000,290500,293000,1773,518810000,462,1311
145020,2026-05-11,14:40:00,293000,294000,293000,293000,517,151600000,126,391
145020,2026-05-11,14:45:00,293000,293500,292500,293000,605,177300000,184,421
145020,2026-05-11,14:50:00,293000,293500,292500,293500,625,183120000,345,280
145020,2026-05-11,14:55:00,293000,295500,293000,295000,766,225740000,526,240
145020,2026-05-11,15:00:00,295000,295500,294500,295500,714,210690000,224,490
145020,2026-05-11,15:05:00,295000,296000,295000,295000,914,270010000,560,354
145020,2026-05-11,15:10:00,295000,295500,295000,295000,736,217230000,230,506
145020,2026-05-11,15:15:00,295000,296500,294500,296000,1590,469770000,880,710
145020,2026-05-11,15:20:00,295500,296500,294000,295000,3584,1057730000,896,2688
145020,2026-05-11,15:30:00,295000,295000,295000,295000,3273,965530000,3273,0
145020,2026-05-12,09:05:00,291500,291500,277000,283000,3120,888630000,1505,1615
145020,2026-05-12,09:10:00,283000,283500,279500,281000,3590,1010470000,1055,2535
145020,2026-05-12,09:15:00,281000,282000,279500,280500,2016,565500000,691,1325
145020,2026-05-12,09:20:00,280000,282500,279000,280500,1623,455280000,786,837
145020,2026-05-12,09:25:00,280500,284000,279500,282500,1345,378490000,515,830
145020,2026-05-12,09:30:00,282000,282500,280000,280500,724,203300000,124,600
145020,2026-05-12,09:35:00,280000,281000,278500,278500,4474,1250530000,804,3670
145020,2026-05-12,09:40:00,278500,284000,278500,282000,1963,552970000,872,1091
145020,2026-05-12,09:45:00,282000,282500,280000,280500,1934,544080000,179,1755
145020,2026-05-12,09:50:00,281000,282000,280000,280000,575,161450000,136,439
145020,2026-05-12,09:55:00,280500,281000,280000,281000,292,81880000,72,220
145020,2026-05-12,10:00:00,280500,282000,280000,281500,587,164780000,156,431
145020,2026-05-12,10:05:00,281000,281500,279000,280500,887,248610000,105,782
145020,2026-05-12,10:10:00,280000,281000,279500,280500,858,240500000,468,390
145020,2026-05-12,10:15:00,281000,281000,279500,280000,801,224560000,299,502
145020,2026-05-12,10:20:00,280500,281500,278000,278500,5598,1562500000,1423,4175
145020,2026-05-12,10:25:00,278500,280500,278000,279000,1842,513840000,815,1027
145020,2026-05-12,10:30:00,279000,279000,276500,276500,1803,500450000,476,1327
145020,2026-05-12,10:35:00,277000,278500,274000,274000,1537,424980000,311,1226
145020,2026-05-12,10:40:00,274500,275500,271500,271500,2744,750530000,647,2097
145020,2026-05-12,10:45:00,271500,273000,268000,272000,1963,531610000,484,1479
145020,2026-05-12,10:50:00,272000,274500,271500,273500,1643,448730000,701,942
145020,2026-05-12,10:55:00,273500,275000,273000,274500,1182,323980000,413,769
145020,2026-05-12,11:00:00,274500,274500,269500,270000,2394,648570000,1158,1236
145020,2026-05-12,11:05:00,270500,278000,270500,277500,2641,721390000,2182,459
145020,2026-05-12,11:10:00,277000,279000,276500,279000,782,217350000,459,323
145020,2026-05-12,11:15:00,279000,280500,278000,280500,954,266970000,606,348
145020,2026-05-12,11:20:00,280000,281000,279000,280500,878,245980000,624,254
145020,2026-05-12,11:25:00,281000,284000,280500,284000,1180,333160000,983,197
145020,2026-05-12,11:30:00,284000,284500,281500,284000,659,186780000,294,365
145020,2026-05-12,11:35:00,284000,284000,281500,282000,793,224430000,235,558
145020,2026-05-12,11:40:00,282000,283500,282000,283000,663,187170000,181,482
145020,2026-05-12,11:45:00,283000,283500,281500,282500,497,140400000,287,210
145020,2026-05-12,11:50:00,282500,283500,282000,283500,409,115630000,230,179
145020,2026-05-12,11:55:00,283500,284000,283000,283500,265,75170000,187,78
145020,2026-05-12,12:00:00,284000,284500,283500,284500,335,95160000,210,125
145020,2026-05-12,12:05:00,284500,284500,283500,283500,479,135920000,74,405
145020,2026-05-12,12:10:00,283500,284000,281500,282500,992,280670000,173,819
145020,2026-05-12,12:15:00,282500,284000,282500,284000,606,171710000,281,325
145020,2026-05-12,12:20:00,284000,284000,282500,284000,521,147600000,245,276
145020,2026-05-12,12:25:00,284000,284500,283500,284000,372,105580000,220,152
145020,2026-05-12,12:30:00,284000,284000,283500,284000,428,121520000,369,59
145020,2026-05-12,12:35:00,284000,285000,284000,285000,2429,691340000,1733,696
145020,2026-05-12,12:40:00,285000,286000,284500,286000,1471,420100000,1388,83
145020,2026-05-12,12:45:00,286000,289000,285500,288000,3328,955950000,2886,442
145020,2026-05-12,12:50:00,289000,289500,286500,287500,1520,437460000,291,1229
145020,2026-05-12,12:55:00,287500,288000,286000,287000,738,211660000,301,437
145020,2026-05-12,13:00:00,287000,287000,285500,286500,844,241470000,191,653
145020,2026-05-12,13:05:00,286500,286500,285000,285500,1033,294980000,132,901
145020,2026-05-12,13:10:00,285500,286000,284500,286000,393,112090000,237,156
145020,2026-05-12,13:15:00,286000,286000,283000,284000,1147,326460000,218,929
145020,2026-05-12,13:20:00,284000,285000,283000,285000,1275,361970000,94,1181
145020,2026-05-12,13:25:00,284500,284500,283000,284000,460,130570000,184,276
145020,2026-05-12,13:30:00,283500,284000,282500,283000,893,252970000,99,794
145020,2026-05-12,13:35:00,283000,283500,282500,283500,674,190630000,236,438
145020,2026-05-12,13:40:00,283500,284000,282500,283000,783,221590000,184,599
145020,2026-05-12,13:45:00,282500,282500,281500,282500,797,224730000,229,568
145020,2026-05-12,13:50:00,282500,283000,281500,281500,792,223480000,221,571
145020,2026-05-12,13:55:00,281500,282500,281000,282000,1069,301170000,166,903
145020,2026-05-12,14:00:00,281500,282000,280500,281000,806,226770000,222,584
145020,2026-05-12,14:05:00,281000,281500,280500,281000,884,248480000,325,559
145020,2026-05-12,14:10:00,281000,281500,280500,280500,1052,295620000,347,705
145020,2026-05-12,14:15:00,281000,281000,279000,279000,1150,321960000,293,857
145020,2026-05-12,14:20:00,279000,280500,278500,280500,1002,279830000,647,355
145020,2026-05-12,14:25:00,280000,282000,280000,282000,979,275120000,548,431
145020,2026-05-12,14:30:00,282000,282500,281500,281500,690,194620000,288,402
145020,2026-05-12,14:35:00,281500,282000,281000,281000,735,206970000,190,545
145020,2026-05-12,14:40:00,281000,282000,281000,281500,724,203800000,568,156
145020,2026-05-12,14:45:00,282000,282000,279000,280000,1962,550710000,413,1549
145020,2026-05-12,14:50:00,280000,281500,279500,281000,1591,446600000,595,996
145020,2026-05-12,14:55:00,281000,282000,280000,281500,1013,284220000,454,559
145020,2026-05-12,15:00:00,282000,282000,281500,281500,913,257200000,384,529
145020,2026-05-12,15:05:00,282000,282000,281000,281000,1540,433330000,280,1260
145020,2026-05-12,15:10:00,281000,281500,280000,280000,1157,324840000,120,1037
145020,2026-05-12,15:15:00,280000,281500,280000,281000,1471,413260000,920,551
145020,2026-05-12,15:20:00,281000,284000,280500,281000,1545,434990000,778,767
145020,2026-05-12,15:30:00,280500,280500,280500,280500,1386,388770000,1385,0
145020,2026-05-13,09:05:00,286000,287000,278000,280000,2040,574190000,792,1248
145020,2026-05-13,09:10:00,280500,281000,275500,275500,1908,530610000,230,1678
145020,2026-05-13,09:15:00,276000,277500,275000,275500,721,198900000,226,495
145020,2026-05-13,09:20:00,275500,277000,274000,275000,1470,405040000,357,1113
145020,2026-05-13,09:25:00,275000,282000,274500,279000,1846,511050000,863,983
145020,2026-05-13,09:30:00,278500,281500,278500,279500,620,173680000,251,369
145020,2026-05-13,09:35:00,279500,281000,278500,280500,560,156580000,325,235
145020,2026-05-13,09:40:00,280500,281000,278500,280000,550,153840000,193,357
145020,2026-05-13,09:45:00,279500,281000,279000,281000,556,155500000,392,164
145020,2026-05-13,09:50:00,281000,281500,280000,281500,378,106070000,200,178
145020,2026-05-13,09:55:00,281500,281500,279500,281000,461,129160000,293,168
145020,2026-05-13,10:00:00,281500,282000,274500,280500,890,248260000,201,689
145020,2026-05-13,10:05:00,280000,282000,279500,282000,285,80030000,197,88
145020,2026-05-13,10:10:00,282000,283000,281000,282000,762,214910000,468,294
145020,2026-05-13,10:15:00,282500,283500,280500,283500,622,175180000,337,285
145020,2026-05-13,10:20:00,283500,283500,276000,281000,745,209170000,313,432
145020,2026-05-13,10:25:00,281500,283500,281000,281500,346,97560000,238,108
145020,2026-05-13,10:30:00,281500,283000,281000,283000,229,64600000,133,96
145020,2026-05-13,10:35:00,283000,283500,281500,283500,167,47240000,118,49
145020,2026-05-13,10:40:00,283000,285000,282500,285000,305,86560000,241,64
145020,2026-05-13,10:45:00,285000,285500,284000,285500,763,217380000,507,256
145020,2026-05-13,10:50:00,285000,288000,284500,288000,1272,364440000,1012,260
145020,2026-05-13,10:55:00,288000,288000,285500,286500,323,92710000,124,199
145020,2026-05-13,11:00:00,286000,286000,284000,284500,453,129020000,156,297
145020,2026-05-13,11:05:00,284500,285000,281500,282000,2277,644980000,528,1749
145020,2026-05-13,11:10:00,282000,282000,280500,281500,1087,305920000,631,456
145020,2026-05-13,11:15:00,281500,282500,280500,282000,435,122480000,88,347
145020,2026-05-13,11:20:00,282000,282000,280500,282000,342,96130000,206,136
145020,2026-05-13,11:25:00,282000,282500,280500,282000,313,88190000,164,149
145020,2026-05-13,11:30:00,282000,282000,280500,281500,167,46990000,52,115
145020,2026-05-13,11:35:00,281500,282000,281000,281500,262,73740000,139,123
145020,2026-05-13,11:40:00,281500,281500,280500,281000,265,74450000,75,190
145020,2026-05-13,11:45:00,281000,282500,280500,281500,447,125860000,309,138
145020,2026-05-13,11:50:00,281500,282500,281000,282000,172,48460000,84,88
145020,2026-05-13,11:55:00,282000,282500,281000,282500,297,83770000,209,88
145020,2026-05-13,12:00:00,282000,282500,281500,282000,214,60330000,64,150
145020,2026-05-13,12:05:00,282000,282000,281500,282000,98,27620000,68,30
145020,2026-05-13,12:10:00,282000,282500,281500,282500,209,58940000,182,27
145020,2026-05-13,12:15:00,282500,283000,282000,283000,324,91530000,143,181
145020,2026-05-13,12:20:00,283000,283000,282000,282500,188,53130000,110,78
145020,2026-05-13,12:25:00,282500,282500,281500,282500,147,41500000,82,65
145020,2026-05-13,12:30:00,282500,283000,281000,282000,929,261770000,586,343
145020,2026-05-13,12:35:00,282000,282000,281500,281500,146,41130000,68,78
145020,2026-05-13,12:40:00,282000,282000,281000,281500,109,30660000,57,52
145020,2026-05-13,12:45:00,281500,281500,280000,280500,514,144380000,119,395
145020,2026-05-13,12:50:00,280500,280500,279500,280000,225,63010000,119,106
145020,2026-05-13,12:55:00,280000,280500,280000,280500,236,66130000,116,120
145020,2026-05-13,13:00:00,280500,280500,279500,280500,602,168540000,138,464
145020,2026-05-13,13:05:00,280000,280500,279000,279500,405,113170000,88,317
145020,2026-05-13,13:10:00,279000,280000,278500,279500,319,89090000,171,148
145020,2026-05-13,13:15:00,279500,280000,278500,279000,269,75130000,67,202
145020,2026-05-13,13:20:00,279500,280500,278500,280500,508,141860000,360,148
145020,2026-05-13,13:25:00,280500,280500,279000,280500,528,147820000,236,292
145020,2026-05-13,13:30:00,279500,280500,279500,280000,287,80240000,95,192
145020,2026-05-13,13:35:00,280000,280000,279000,280000,179,50050000,50,129
145020,2026-05-13,13:40:00,280000,280000,279000,279500,197,55060000,132,65
145020,2026-05-13,13:45:00,279500,281000,279000,280000,699,195610000,417,282
145020,2026-05-13,13:50:00,281000,281000,279500,280000,288,80680000,176,112
145020,2026-05-13,13:55:00,280000,280000,279500,280000,148,41420000,108,40
145020,2026-05-13,14:00:00,280000,281000,279500,280000,777,217670000,380,397
145020,2026-05-13,14:05:00,280500,280500,278500,279000,403,112530000,129,274
145020,2026-05-13,14:10:00,279000,280000,278000,279000,786,219180000,250,536
145020,2026-05-13,14:15:00,279000,279500,278500,279000,283,78890000,65,218
145020,2026-05-13,14:20:00,279000,279000,277500,277500,1170,325260000,119,1051
145020,2026-05-13,14:25:00,278000,278000,275000,276000,1716,473470000,633,1083
145020,2026-05-13,14:30:00,276000,276500,275000,276500,523,144190000,226,297
145020,2026-05-13,14:35:00,276500,276500,275500,276500,404,111500000,261,143
145020,2026-05-13,14:40:00,276000,277000,276000,276500,407,112570000,235,172
145020,2026-05-13,14:45:00,276500,276500,275500,276000,176,48590000,66,110
145020,2026-05-13,14:50:00,276000,276000,275500,276000,262,72270000,172,90
145020,2026-05-13,14:55:00,275500,276000,275000,275500,373,102700000,75,298
145020,2026-05-13,15:00:00,275500,278000,275000,278000,1120,309180000,678,442
145020,2026-05-13,15:05:00,278000,279500,276500,279000,1180,327850000,703,477
145020,2026-05-13,15:10:00,277500,280000,276500,278000,1692,470050000,730,962
145020,2026-05-13,15:15:00,278500,280000,277000,279000,1722,479710000,666,1056
145020,2026-05-13,15:20:00,279500,281000,276000,278000,2467,688950000,652,1815
145020,2026-05-13,15:30:00,278000,278000,278000,278000,1327,368900000,1321,0
145020,2026-05-14,09:05:00,280000,282000,278000,278000,697,195230000,437,260
145020,2026-05-14,09:10:00,278500,283000,278500,282500,1007,283140000,725,282
145020,2026-05-14,09:15:00,281000,283000,278500,279500,1365,383030000,831,534
145020,2026-05-14,09:20:00,278500,279000,276500,277500,858,238050000,436,422
145020,2026-05-14,09:25:00,277000,278500,277000,277500,561,155710000,180,381
145020,2026-05-14,09:30:00,277500,279000,277000,278500,354,98420000,310,44
145020,2026-05-14,09:35:00,279000,279000,275500,276500,883,244590000,159,724
145020,2026-05-14,09:40:00,276000,277000,276000,276500,353,97610000,110,243
145020,2026-05-14,09:45:00,277000,277500,275500,276000,171,47200000,40,131
145020,2026-05-14,09:50:00,275500,276500,275000,276000,342,94240000,75,267
145020,2026-05-14,09:55:00,276500,277000,275500,275500,108,29810000,52,56
145020,2026-05-14,10:00:00,276000,277500,276000,276000,362,100200000,148,214
145020,2026-05-14,10:05:00,276000,280500,275500,280000,1273,353300000,834,439
145020,2026-05-14,10:10:00,280500,284500,280000,284000,2456,695170000,2261,195
145020,2026-05-14,10:15:00,284000,287000,283500,286500,2514,716540000,1866,648
145020,2026-05-14,10:20:00,286000,287000,285500,285500,2148,614680000,1292,856
145020,2026-05-14,10:25:00,285500,285500,283000,284000,736,209400000,147,589
145020,2026-05-14,10:30:00,284000,284500,281500,282500,488,138180000,218,270
145020,2026-05-14,10:35:00,281500,283000,279500,280000,441,123760000,59,382
145020,2026-05-14,10:40:00,280000,281000,279500,280500,554,155220000,345,209
145020,2026-05-14,10:45:00,280500,280500,279000,280500,670,187550000,364,306
145020,2026-05-14,10:50:00,280500,281000,280000,280500,254,71260000,146,108
145020,2026-05-14,10:55:00,280500,281000,279000,279000,600,167780000,153,447
145020,2026-05-14,11:00:00,279500,279500,277500,279000,594,165330000,249,345
145020,2026-05-14,11:05:00,279000,279000,277000,278500,459,127650000,292,167
145020,2026-05-14,11:10:00,278500,280000,278500,279500,515,143790000,448,67
145020,2026-05-14,11:15:00,280000,280000,279000,279500,130,36330000,77,53
145020,2026-05-14,11:20:00,279000,281000,279000,279500,323,90380000,179,144
145020,2026-05-14,11:25:00,279000,280000,277000,277500,601,167100000,96,505
145020,2026-05-14,11:30:00,277500,278000,277500,278000,140,38890000,109,31
145020,2026-05-14,11:35:00,277500,279000,277500,278500,415,115470000,251,164
145020,2026-05-14,11:40:00,279000,280000,278500,280000,362,101140000,261,101
145020,2026-05-14,11:45:00,280000,280000,278500,279000,268,74840000,124,144
145020,2026-05-14,11:50:00,278500,279500,278500,279500,438,122110000,162,276
145020,2026-05-14,11:55:00,279000,280000,279000,280000,322,90000000,281,41
145020,2026-05-14,12:00:00,280000,280000,279000,279000,522,145880000,150,372
145020,2026-05-14,12:05:00,279000,281000,279000,280000,769,215240000,576,193
145020,2026-05-14,12:10:00,280000,281500,280000,281250,387,108610000,222,165
145020,2026-05-14,12:15:00,281000,281000,280000,280000,280,78570000,112,168
145020,2026-05-14,12:20:00,280500,280500,279500,279500,120,33640000,90,30
145020,2026-05-14,12:25:00,279500,280000,278500,279000,572,159720000,185,387
145020,2026-05-14,12:30:00,279500,280000,279000,280000,362,101220000,211,151
145020,2026-05-14,12:35:00,279500,280500,279500,280500,174,48730000,156,18
145020,2026-05-14,12:40:00,280500,280500,279500,280000,247,69160000,161,86
145020,2026-05-14,12:45:00,280000,281000,279500,281000,381,106770000,323,58
145020,2026-05-14,12:50:00,281000,281500,280500,281500,777,218280000,625,152
145020,2026-05-14,12:55:00,281500,281500,280500,281000,597,167940000,192,405
145020,2026-05-14,13:00:00,280500,281500,280500,280500,264,74190000,196,68
145020,2026-05-14,13:05:00,281000,282000,280500,281500,472,132750000,371,101
145020,2026-05-14,13:10:00,281500,282000,281000,282000,394,110870000,194,200
145020,2026-05-14,13:15:00,282000,283500,282000,283000,356,100750000,253,103
145020,2026-05-14,13:20:00,283000,283000,282000,283000,380,107360000,199,181
145020,2026-05-14,13:25:00,282750,283000,282500,282500,234,66140000,75,159
145020,2026-05-14,13:30:00,282500,282500,281000,281500,344,96960000,97,247
145020,2026-05-14,13:35:00,281500,282000,281000,281500,576,162130000,249,327
145020,2026-05-14,13:40:00,281000,282000,281000,281500,128,36050000,64,64
145020,2026-05-14,13:45:00,281500,282500,281500,282000,432,121800000,339,93
145020,2026-05-14,13:50:00,281500,283500,281500,283500,698,197350000,554,144
145020,2026-05-14,13:55:00,283500,285000,283000,285000,734,208500000,668,66
145020,2026-05-14,14:00:00,285000,285000,284000,285000,533,151730000,231,302
145020,2026-05-14,14:05:00,284500,285000,283500,284500,369,104960000,315,54
145020,2026-05-14,14:10:00,284500,284500,283000,283500,416,118020000,159,257
145020,2026-05-14,14:15:00,283000,283500,283000,283500,364,103170000,321,43
145020,2026-05-14,14:20:00,283000,283500,282500,283000,447,126530000,226,221
145020,2026-05-14,14:25:00,282500,283500,282500,283500,539,152670000,454,85
145020,2026-05-14,14:30:00,283500,284500,283500,284500,458,129990000,303,155
145020,2026-05-14,14:35:00,284000,285500,284000,284000,894,254630000,781,113
145020,2026-05-14,14:40:00,284500,285000,284000,284000,401,114050000,264,137
145020,2026-05-14,14:45:00,284000,284500,283000,284500,537,152550000,284,253
145020,2026-05-14,14:50:00,284500,284500,283500,284000,526,149430000,230,296
145020,2026-05-14,14:55:00,284000,286000,284000,285500,1509,430280000,1310,199
145020,2026-05-14,15:00:00,285500,286000,285000,285000,584,166680000,235,349
145020,2026-05-14,15:05:00,285500,286000,285000,285500,770,219990000,601,169
145020,2026-05-14,15:10:00,286000,286000,285000,285000,900,256960000,313,587
145020,2026-05-14,15:15:00,285500,285500,284500,284500,754,215030000,421,333
145020,2026-05-14,15:20:00,284500,285000,283000,283000,1577,448130000,511,1066
145020,2026-05-14,15:30:00,285500,285500,285500,285500,5527,1577960000,5527,0
145020,2026-05-15,09:05:00,288000,288000,284000,285500,1769,506460000,566,1203
145020,2026-05-15,09:10:00,285500,286500,285000,285500,1194,341190000,258,936
145020,2026-05-15,09:15:00,286000,286000,284000,285500,577,164510000,305,272
145020,2026-05-15,09:20:00,285500,285500,282500,284500,1993,566340000,836,1157
145020,2026-05-15,09:25:00,284000,285500,283000,284500,912,258840000,90,822
145020,2026-05-15,09:30:00,283500,285500,283500,283500,537,152810000,282,255
145020,2026-05-15,09:35:00,283500,285000,283500,284500,398,113120000,263,135
145020,2026-05-15,09:40:00,284500,284500,281500,281500,1502,424430000,377,1125
145020,2026-05-15,09:45:00,281500,282000,279000,281500,1423,399260000,747,676
145020,2026-05-15,09:50:00,281500,282000,281000,281500,366,102970000,155,211
145020,2026-05-15,09:55:00,281500,282500,281500,282500,353,99480000,307,46
145020,2026-05-15,10:00:00,282500,283000,281000,282000,1276,359910000,334,942
145020,2026-05-15,10:05:00,282500,283000,282000,283000,379,107110000,271,108
145020,2026-05-15,10:10:00,283000,285000,282500,283000,1534,435220000,934,600
145020,2026-05-15,10:15:00,282500,284000,282000,284000,946,267540000,763,183
145020,2026-05-15,10:20:00,284000,285000,283000,284000,1938,550910000,745,1193
145020,2026-05-15,10:25:00,284000,284500,283000,284500,819,232560000,564,255
145020,2026-05-15,10:30:00,284500,284500,283000,283000,376,106750000,152,224
145020,2026-05-15,10:35:00,283500,284500,283000,283500,1271,359920000,798,473
145020,2026-05-15,10:40:00,284000,284000,283500,283500,577,163780000,416,161
145020,2026-05-15,10:45:00,283500,286000,283500,285500,1670,476000000,1345,325
145020,2026-05-15,10:50:00,285500,286000,285000,285000,1002,285830000,451,551
145020,2026-05-15,10:55:00,285500,285500,284500,284500,709,201910000,87,622
145020,2026-05-15,11:00:00,284500,284500,283500,284000,563,159920000,148,415
145020,2026-05-15,11:05:00,283500,284500,282500,284000,1709,484020000,834,875
145020,2026-05-15,11:10:00,283000,285000,282500,285000,901,255750000,586,315
145020,2026-05-15,11:15:00,285500,287000,284500,286000,1704,487430000,1263,441
145020,2026-05-15,11:20:00,286000,286500,284500,284500,930,265640000,285,645
145020,2026-05-15,11:25:00,285000,286000,284500,286000,463,132190000,291,172
145020,2026-05-15,11:30:00,286000,286000,283500,284500,847,241210000,318,529
145020,2026-05-15,11:35:00,284000,286000,284000,286000,557,158530000,332,225
145020,2026-05-15,11:40:00,285500,286500,285500,286500,332,94980000,166,166
145020,2026-05-15,11:45:00,285500,287000,285500,287000,352,100800000,332,20
145020,2026-05-15,11:50:00,286500,287000,285500,286500,643,184210000,260,383
145020,2026-05-15,11:55:00,286500,287500,285500,287000,714,204700000,533,181
145020,2026-05-15,12:00:00,287000,287500,287000,287000,377,108340000,356,21
145020,2026-05-15,12:05:00,287500,288500,286500,287000,1519,437080000,729,790
145020,2026-05-15,12:10:00,287500,288000,287000,287500,338,97240000,190,148
145020,2026-05-15,12:15:00,287500,288000,287000,287500,350,100590000,210,140
145020,2026-05-15,12:20:00,287500,287500,286000,287000,380,108950000,207,173
145020,2026-05-15,12:25:00,287000,287250,286500,286500,323,92650000,194,129
145020,2026-05-15,12:30:00,286500,287000,286000,286500,653,187300000,129,524
145020,2026-05-15,12:35:00,286500,287500,286000,286500,454,130080000,253,201
145020,2026-05-15,12:40:00,286500,287500,286000,286500,593,169800000,373,220
145020,2026-05-15,12:45:00,286500,288000,286500,287000,568,163270000,403,165
145020,2026-05-15,12:50:00,287000,288500,287000,288000,2718,782360000,2149,569
145020,2026-05-15,12:55:00,287500,288000,287000,288000,698,200740000,271,427
145020,2026-05-15,13:00:00,287500,288000,287000,288000,450,129440000,281,169
145020,2026-05-15,13:05:00,287500,288000,286000,287000,840,241170000,400,440
145020,2026-05-15,13:10:00,287000,287500,286500,287000,484,138930000,271,213
145020,2026-05-15,13:15:00,287000,287000,285000,285500,784,224200000,278,506
145020,2026-05-15,13:20:00,285500,285500,284000,285500,824,234660000,486,338
145020,2026-05-15,13:25:00,286000,286000,284500,286000,455,129860000,208,247
145020,2026-05-15,13:30:00,285500,287000,284000,286500,801,228560000,351,450
145020,2026-05-15,13:35:00,285500,285500,283500,284500,921,262020000,297,624
145020,2026-05-15,13:40:00,284500,285000,282000,282500,1105,312890000,410,695
145020,2026-05-15,13:45:00,282500,285500,282500,285500,1317,375210000,583,734
145020,2026-05-15,13:50:00,285500,286000,285000,285500,1199,342060000,358,841
145020,2026-05-15,13:55:00,285500,285500,284000,285500,3184,907640000,487,2697
145020,2026-05-15,14:00:00,285000,286000,284000,285000,942,268700000,328,614
145020,2026-05-15,14:05:00,285000,285500,284000,285000,896,254760000,312,584
145020,2026-05-15,14:10:00,285000,285500,284000,285000,584,166220000,263,321
145020,2026-05-15,14:15:00,285000,285500,283500,285000,674,191790000,412,262
145020,2026-05-15,14:20:00,284500,285000,283500,285000,550,156420000,201,349
145020,2026-05-15,14:25:00,285000,285000,284000,284500,527,150050000,248,279
145020,2026-05-15,14:30:00,284000,285000,284000,284500,512,145530000,193,319
145020,2026-05-15,14:35:00,284500,284500,282000,283500,788,223220000,198,590
145020,2026-05-15,14:40:00,283000,283500,281500,282000,944,266220000,399,545
145020,2026-05-15,14:45:00,282000,282000,281000,282000,790,222520000,304,486
145020,2026-05-15,14:50:00,281000,282000,280500,281000,884,248640000,365,519
145020,2026-05-15,14:55:00,281000,281000,278500,278500,1747,488830000,375,1372
145020,2026-05-15,15:00:00,278500,279500,278500,278500,1331,371110000,522,809
145020,2026-05-15,15:05:00,278500,279000,278000,279000,997,277550000,698,299
145020,2026-05-15,15:10:00,278500,282000,278500,281000,1430,400830000,862,568
145020,2026-05-15,15:15:00,281000,282000,279000,280500,1898,532160000,1050,848
145020,2026-05-15,15:20:00,280500,283500,279500,280000,1366,384330000,878,488
145020,2026-05-15,15:30:00,282500,282500,282500,282500,1361,384480000,1361,0
145020,2026-05-18,09:05:00,281500,281500,253500,253500,3572,971910000,523,3049
145020,2026-05-18,09:10:00,266000,268500,255500,261000,3041,803280000,1628,1413
145020,2026-05-18,09:15:00,261000,266500,255500,263500,2683,705150000,1432,1251
145020,2026-05-18,09:20:00,263500,264000,257500,263000,1924,504350000,889,1035
145020,2026-05-18,09:25:00,263000,264500,262000,263500,1854,487980000,591,1263
145020,2026-05-18,09:30:00,263500,266000,262500,265500,1244,328930000,520,724
145020,2026-05-18,09:35:00,265500,265500,260500,261000,2141,561010000,403,1738
145020,2026-05-18,09:40:00,261500,263000,260500,262000,726,189850000,473,253
145020,2026-05-18,09:45:00,262000,262000,259000,260000,2606,679200000,417,2189
145020,2026-05-18,09:50:00,260500,262000,260000,261500,321,83820000,120,201
145020,2026-05-18,09:55:00,261000,262000,260000,260500,405,105610000,191,214
145020,2026-05-18,10:00:00,260500,263500,260000,263000,235,61390000,187,48
145020,2026-05-18,10:05:00,263500,264000,261500,263000,430,113050000,234,196
145020,2026-05-18,10:10:00,262500,264000,262000,263000,182,47850000,136,46
145020,2026-05-18,10:15:00,263000,263500,262000,262000,541,142010000,158,383
145020,2026-05-18,10:20:00,262000,262000,259500,259500,946,246650000,192,754
145020,2026-05-18,10:25:00,260000,261000,258000,261000,867,225000000,346,521
145020,2026-05-18,10:30:00,262500,262500,259500,261000,352,91670000,129,223
145020,2026-05-18,10:35:00,261000,265000,260500,262750,369,96630000,219,150
145020,2026-05-18,10:40:00,263000,263000,260000,260000,364,95150000,123,241
145020,2026-05-18,10:45:00,260500,262000,260000,261500,678,176680000,396,282
145020,2026-05-18,10:50:00,261500,262000,260000,261500,329,85890000,83,246
145020,2026-05-18,10:55:00,260500,261000,259500,261000,270,70170000,96,174
145020,2026-05-18,11:00:00,260500,261500,260000,260000,324,84450000,106,218
145020,2026-05-18,11:05:00,260000,260000,258000,258000,966,250010000,252,714
145020,2026-05-18,11:10:00,258500,259000,257500,258000,422,108930000,171,251
145020,2026-05-18,11:15:00,258250,259500,257500,259500,561,144820000,479,82
145020,2026-05-18,11:20:00,259000,261500,259000,261500,206,53700000,187,19
145020,2026-05-18,11:25:00,261500,263000,261000,262500,171,44750000,134,37
145020,2026-05-18,11:30:00,262000,263000,261500,261500,144,37760000,57,87
145020,2026-05-18,11:35:00,262000,262500,260500,261500,266,69540000,114,152
145020,2026-05-18,11:40:00,261500,261500,259500,260000,561,146160000,158,403
145020,2026-05-18,11:45:00,259500,260000,259500,260000,263,68360000,161,102
145020,2026-05-18,11:50:00,259500,260500,259500,260500,101,26270000,60,41
145020,2026-05-18,11:55:00,260500,260750,259000,259000,622,161560000,90,532
145020,2026-05-18,12:00:00,259500,259500,258500,258500,299,77460000,112,187
145020,2026-05-18,12:05:00,259000,259500,259000,259500,225,58320000,128,97
145020,2026-05-18,12:10:00,259500,260000,259000,260000,110,28550000,77,33
145020,2026-05-18,12:15:00,259500,260500,259500,260000,495,128710000,153,342
145020,2026-05-18,12:20:00,260000,260000,259000,259500,380,98610000,41,339
145020,2026-05-18,12:25:00,259500,259500,258500,259500,435,112670000,106,329
145020,2026-05-18,12:30:00,259500,260500,258500,260500,158,40940000,120,38
145020,2026-05-18,12:35:00,260000,260500,259000,259500,152,39480000,95,57
145020,2026-05-18,12:40:00,259000,260000,259000,259500,138,35810000,121,17
145020,2026-05-18,12:45:00,260000,260500,259500,260000,161,41870000,130,31
145020,2026-05-18,12:50:00,260000,261000,260000,261000,61,15880000,22,39
145020,2026-05-18,12:55:00,261000,263500,260500,261000,254,66450000,163,91
145020,2026-05-18,13:00:00,260750,260750,258500,260500,478,123910000,50,428
145020,2026-05-18,13:05:00,261000,261000,259000,259500,396,102940000,226,170
145020,2026-05-18,13:10:00,259500,262000,259500,262000,256,66730000,209,47
145020,2026-05-18,13:15:00,262000,262000,261000,261500,210,54920000,87,123
145020,2026-05-18,13:20:00,261500,261500,259500,261000,303,78970000,162,141
145020,2026-05-18,13:25:00,260500,261000,259500,260000,241,62670000,28,213
145020,2026-05-18,13:30:00,259500,260500,259000,260000,447,115970000,261,186
145020,2026-05-18,13:35:00,260000,260000,259000,259500,216,56080000,114,102
145020,2026-05-18,13:40:00,259500,261000,259500,260500,198,51500000,159,39
145020,2026-05-18,13:45:00,260500,262500,260500,262500,171,44710000,157,14
145020,2026-05-18,13:50:00,262500,262500,260500,261000,289,75560000,198,91
145020,2026-05-18,13:55:00,261000,261500,260000,261000,157,40960000,126,31
145020,2026-05-18,14:00:00,261500,261500,261000,261000,91,23770000,39,52
145020,2026-05-18,14:05:00,261500,261500,260500,261500,208,54350000,147,61
145020,2026-05-18,14:10:00,261500,263000,261500,262500,192,50380000,118,74
145020,2026-05-18,14:15:00,262500,262500,260500,261500,737,192850000,246,491
145020,2026-05-18,14:20:00,261000,261500,260000,260000,279,72680000,132,147
145020,2026-05-18,14:25:00,259500,261000,259500,261000,222,57760000,146,76
145020,2026-05-18,14:30:00,260500,261000,260000,260000,302,78600000,140,162
145020,2026-05-18,14:35:00,259500,260500,259000,259500,522,135600000,370,152
145020,2026-05-18,14:40:00,259500,262000,259500,262000,321,83650000,210,111
145020,2026-05-18,14:45:00,262000,262500,261000,261500,266,69600000,118,148
145020,2026-05-18,14:50:00,262000,262000,260500,261500,213,55700000,72,141
145020,2026-05-18,14:55:00,261500,262500,261500,262500,172,45060000,142,30
145020,2026-05-18,15:00:00,262000,262500,261000,262000,342,89510000,269,73
145020,2026-05-18,15:05:00,261500,263000,261500,262500,270,70830000,137,133
145020,2026-05-18,15:10:00,262500,262500,262000,262000,169,44350000,140,29
145020,2026-05-18,15:15:00,262500,262500,262000,262000,142,37260000,110,32
145020,2026-05-18,15:20:00,262500,263000,261000,261000,935,244710000,614,321
145020,2026-05-18,15:30:00,261500,261500,261500,261500,844,220710000,844,0
145020,2026-05-19,09:05:00,260500,268000,260500,267500,1100,288040000,862,238
145020,2026-05-19,09:10:00,267500,269000,265000,267500,1274,339860000,772,502
145020,2026-05-19,09:15:00,268500,271500,267000,271000,1790,482230000,1090,700
145020,2026-05-19,09:20:00,271000,271000,269500,270000,437,118200000,316,121
145020,2026-05-19,09:25:00,269500,270500,267000,267000,572,153890000,147,425
145020,2026-05-19,09:30:00,267500,268000,265500,266500,473,126210000,221,252
145020,2026-05-19,09:35:00,267000,268500,265000,267500,474,126350000,345,129
145020,2026-05-19,09:40:00,267500,269500,267000,267000,283,75960000,207,76
145020,2026-05-19,09:45:00,267000,267500,266000,266500,308,82040000,144,164
145020,2026-05-19,09:50:00,266000,266500,265000,266000,475,126150000,268,207
145020,2026-05-19,09:55:00,266000,266000,263500,263500,648,171660000,212,436
145020,2026-05-19,10:00:00,264000,265000,263500,265000,282,74580000,226,56
145020,2026-05-19,10:05:00,263500,272000,263500,269500,3565,956790000,2992,573
145020,2026-05-19,10:10:00,269500,269500,267500,268500,331,88820000,133,198
145020,2026-05-19,10:15:00,268500,269000,267000,267000,408,109470000,210,198
145020,2026-05-19,10:20:00,267000,268000,265000,266500,625,166580000,325,300
145020,2026-05-19,10:25:00,266500,268500,265500,267000,546,145770000,370,176
145020,2026-05-19,10:30:00,267000,267500,265500,267000,411,109590000,185,226
145020,2026-05-19,10:35:00,267000,267500,266000,267000,448,119450000,367,81
145020,2026-05-19,10:40:00,267000,271000,266500,270500,1733,466940000,1454,279
145020,2026-05-19,10:45:00,270000,271000,268500,269500,500,134720000,332,168
145020,2026-05-19,10:50:00,269500,270000,266500,267000,763,204890000,298,465
145020,2026-05-19,10:55:00,267500,269500,266500,266500,548,146540000,225,323
145020,2026-05-19,11:00:00,267000,267000,265500,266500,470,125200000,336,134
145020,2026-05-19,11:05:00,266500,268500,265500,266500,742,197630000,598,144
145020,2026-05-19,11:10:00,266500,268000,265500,265500,360,95870000,92,268
145020,2026-05-19,11:15:00,265500,267500,265000,265500,1447,384190000,846,601
145020,2026-05-19,11:20:00,265500,267500,264500,266000,740,196690000,330,410
145020,2026-05-19,11:25:00,266000,266500,265500,265500,321,85380000,124,197
145020,2026-05-19,11:30:00,265500,266500,264500,264500,795,210710000,489,306
145020,2026-05-19,11:35:00,264500,265000,262500,262500,694,182880000,209,485
145020,2026-05-19,11:40:00,263500,265000,262500,263000,323,85180000,134,189
145020,2026-05-19,11:45:00,264500,265000,263000,263500,500,132040000,137,363
145020,2026-05-19,11:50:00,263500,265000,263500,264000,356,94120000,186,170
145020,2026-05-19,11:55:00,264500,265500,263500,263500,405,107120000,147,258
145020,2026-05-19,12:00:00,263500,264500,263000,263500,359,94700000,155,204
145020,2026-05-19,12:05:00,263500,264000,263000,264000,497,130980000,141,356
145020,2026-05-19,12:10:00,263000,264000,263000,263000,232,61110000,113,119
145020,2026-05-19,12:15:00,263500,265000,263000,263000,265,69880000,127,138
145020,2026-05-19,12:20:00,263000,263500,262500,262500,382,100520000,195,187
145020,2026-05-19,12:25:00,263000,266000,262500,263500,1120,295600000,611,509
145020,2026-05-19,12:30:00,263500,265000,263500,264000,346,91440000,204,142
145020,2026-05-19,12:35:00,264500,265500,264000,265000,418,110700000,189,229
145020,2026-05-19,12:40:00,265000,265500,264500,265000,428,113410000,267,161
145020,2026-05-19,12:45:00,265000,265750,263500,264500,488,129200000,110,378
145020,2026-05-19,12:50:00,264500,264500,263500,264000,292,77150000,135,157
145020,2026-05-19,12:55:00,264000,264500,263500,264000,241,63670000,119,122
145020,2026-05-19,13:00:00,264000,265000,263500,263500,403,106450000,101,302
145020,2026-05-19,13:05:00,263500,264500,262500,263000,969,255530000,319,650
145020,2026-05-19,13:10:00,263000,264000,263000,263000,285,75040000,110,175
145020,2026-05-19,13:15:00,263000,264000,262500,262500,310,81620000,112,198
145020,2026-05-19,13:20:00,263000,263500,262500,262500,244,64140000,109,135
145020,2026-05-19,13:25:00,263000,264000,262500,262500,268,70460000,89,179
145020,2026-05-19,13:30:00,262500,264000,262500,262500,252,66280000,92,160
145020,2026-05-19,13:35:00,262500,263500,262000,262500,307,80690000,139,168
145020,2026-05-19,13:40:00,262500,264000,262500,262500,538,141420000,139,399
145020,2026-05-19,13:45:00,262500,263500,262500,263000,225,59150000,123,102
145020,2026-05-19,13:50:00,263000,264000,262500,262500,305,80190000,80,225
145020,2026-05-19,13:55:00,262500,263500,262000,262500,262,68880000,123,139
145020,2026-05-19,14:00:00,262000,264000,262000,262500,302,79390000,100,202
145020,2026-05-19,14:05:00,262500,264500,262500,262500,313,82410000,116,197
145020,2026-05-19,14:10:00,262500,264500,262500,264000,420,110610000,229,191
145020,2026-05-19,14:15:00,264000,266000,263500,265000,334,88520000,156,178
145020,2026-05-19,14:20:00,265000,266000,264500,265500,286,75850000,113,173
145020,2026-05-19,14:25:00,265500,266500,265000,265000,506,134320000,178,328
145020,2026-05-19,14:30:00,265000,266500,264500,265500,409,108660000,174,235
145020,2026-05-19,14:35:00,266500,267000,265500,265500,368,97870000,122,246
145020,2026-05-19,14:40:00,265500,267000,265000,265000,443,117870000,212,231
145020,2026-05-19,14:45:00,265000,266500,265000,265000,344,91410000,79,265
145020,2026-05-19,14:50:00,265000,267000,265000,265500,343,91170000,116,227
145020,2026-05-19,14:55:00,265500,266500,264500,265500,353,93700000,94,259
145020,2026-05-19,15:00:00,264500,266500,264000,265000,584,154830000,184,400
145020,2026-05-19,15:05:00,265500,267000,265000,265500,391,103930000,140,251
145020,2026-05-19,15:10:00,265000,266000,265000,265000,325,86230000,99,226
145020,2026-05-19,15:15:00,265000,266000,264500,265000,411,108930000,99,312
145020,2026-05-19,15:20:00,265000,266000,264500,265500,377,100000000,49,328
145020,2026-05-19,15:30:00,265500,265500,265500,265500,1419,376750000,1419,0
145020,2026-05-20,09:05:00,266000,267000,257500,259000,1435,376130000,317,1118
145020,2026-05-20,09:10:00,258500,258500,254000,255500,1245,319140000,413,832
145020,2026-05-20,09:15:00,254500,254500,250000,250000,2382,600290000,651,1731
145020,2026-05-20,09:20:00,250500,253000,247000,247500,4656,1158150000,1172,3484
145020,2026-05-20,09:25:00,247500,248500,246500,247500,2417,598100000,207,2210
145020,2026-05-20,09:30:00,248000,248000,246000,247500,1557,384140000,622,935
145020,2026-05-20,09:35:00,247500,249500,246500,246500,2603,644600000,1227,1376
145020,2026-05-20,09:40:00,247000,249500,246500,247000,2713,672420000,1286,1427
145020,2026-05-20,09:45:00,247500,247500,244500,244500,2851,699700000,462,2389
145020,2026-05-20,09:50:00,244500,245500,244500,245000,898,219910000,398,500
145020,2026-05-20,09:55:00,245000,246500,244000,246000,1675,410310000,764,911
145020,2026-05-20,10:00:00,246500,248500,246000,247500,968,239550000,552,416
145020,2026-05-20,10:05:00,247500,248500,246500,248000,595,147080000,359,236
145020,2026-05-20,10:10:00,248000,252500,248000,251500,4094,1020770000,3064,1030
145020,2026-05-20,10:15:00,251500,252000,250500,251500,720,180850000,247,473
145020,2026-05-20,10:20:00,251500,251500,250000,250500,380,95380000,210,170
145020,2026-05-20,10:25:00,250500,252500,250500,250500,1205,303060000,600,605
145020,2026-05-20,10:30:00,250500,251000,249000,250000,508,127010000,174,334
145020,2026-05-20,10:35:00,249500,250000,248000,248500,410,102050000,190,220
145020,2026-05-20,10:40:00,248000,249500,248000,249500,360,89580000,184,176
145020,2026-05-20,10:45:00,249000,250500,248500,249000,629,156590000,309,320
145020,2026-05-20,10:50:00,249000,249500,248000,248500,411,102210000,176,235
145020,2026-05-20,10:55:00,249000,251500,248500,251000,669,167270000,446,223
145020,2026-05-20,11:00:00,251000,251500,250000,250500,454,113870000,156,298
145020,2026-05-20,11:05:00,250500,251500,250500,251500,345,86700000,212,133
145020,2026-05-20,11:10:00,251500,252000,251000,251500,270,67930000,60,210
145020,2026-05-20,11:15:00,251500,251500,250000,251000,526,131820000,40,486
145020,2026-05-20,11:20:00,251000,251500,250500,251000,158,39650000,74,84
145020,2026-05-20,11:25:00,250500,251000,249500,249500,251,62890000,86,165
145020,2026-05-20,11:30:00,249500,250000,249000,249000,171,42610000,27,144
145020,2026-05-20,11:35:00,248500,249000,246000,248000,1087,268400000,157,930
145020,2026-05-20,11:40:00,248500,248500,246500,248000,397,98370000,264,133
145020,2026-05-20,11:45:00,247500,248000,246500,247000,79,19530000,47,32
145020,2026-05-20,11:50:00,246500,247500,245000,247000,623,153200000,114,509
145020,2026-05-20,11:55:00,247000,248000,246000,247000,296,73060000,217,79
145020,2026-05-20,12:00:00,247500,247500,246500,246500,109,26880000,53,56
145020,2026-05-20,12:05:00,247000,247000,244500,245500,1032,253670000,342,690
145020,2026-05-20,12:10:00,245500,247000,245000,247000,263,64610000,95,168
145020,2026-05-20,12:15:00,247000,247000,246000,246500,171,42200000,80,91
145020,2026-05-20,12:20:00,246500,246500,246000,246500,145,35690000,27,118
145020,2026-05-20,12:25:00,246500,246500,246000,246000,145,35710000,49,96
145020,2026-05-20,12:30:00,245500,246000,245000,245500,270,66250000,56,214
145020,2026-05-20,12:35:00,245500,245500,245000,245500,106,26000000,60,46
145020,2026-05-20,12:40:00,245000,247500,245000,246500,305,75040000,215,90
145020,2026-05-20,12:45:00,247000,247500,246000,246500,672,165600000,314,358
145020,2026-05-20,12:50:00,246000,247000,246000,246500,317,78190000,211,106
145020,2026-05-20,12:55:00,247000,247500,246500,247000,133,32840000,28,105
145020,2026-05-20,13:00:00,247000,248500,247000,247500,675,167360000,583,92
145020,2026-05-20,13:05:00,247500,248500,247000,247000,326,80720000,152,174
145020,2026-05-20,13:10:00,247500,248500,246500,248500,154,38130000,102,52
145020,2026-05-20,13:15:00,248000,248500,247500,248500,109,27040000,47,62
145020,2026-05-20,13:20:00,248500,248500,248000,248000,359,89200000,263,96
145020,2026-05-20,13:25:00,248000,248500,248000,248000,173,42940000,78,95
145020,2026-05-20,13:30:00,248000,249500,247500,249000,961,239160000,824,137
145020,2026-05-20,13:35:00,249000,249500,247500,249500,848,210940000,596,252
145020,2026-05-20,13:40:00,249500,251000,249500,251000,2457,614340000,2193,264
145020,2026-05-20,13:45:00,251000,251500,250500,251000,528,132610000,360,168
145020,2026-05-20,13:50:00,251000,252500,251000,252500,1004,252610000,896,108
145020,2026-05-20,13:55:00,252500,252500,251000,251500,377,94940000,208,169
145020,2026-05-20,14:00:00,251000,252000,251000,251500,257,64620000,123,134
145020,2026-05-20,14:05:00,251500,252500,251000,252500,339,85360000,294,45
145020,2026-05-20,14:10:00,252000,252500,251500,251500,429,108160000,154,275
145020,2026-05-20,14:15:00,251500,252500,251500,252000,273,68810000,193,80
145020,2026-05-20,14:20:00,252000,253000,251500,252500,858,216600000,628,230
145020,2026-05-20,14:25:00,253000,253000,252000,252500,528,133430000,265,263
145020,2026-05-20,14:30:00,253000,253000,252500,252500,452,114290000,314,138
145020,2026-05-20,14:35:00,253000,254500,252500,253000,1589,402620000,1044,545
145020,2026-05-20,14:40:00,253500,254000,252500,254000,532,135050000,424,108
145020,2026-05-20,14:45:00,254000,254500,253500,254500,780,198010000,351,429
145020,2026-05-20,14:50:00,254500,255000,254000,255000,1275,324610000,980,295
145020,2026-05-20,14:55:00,255000,255000,253500,254500,1017,258810000,380,637
145020,2026-05-20,15:00:00,254500,255000,253500,255000,624,158630000,298,326
145020,2026-05-20,15:05:00,255000,255500,253500,253500,772,196420000,330,442
145020,2026-05-20,15:10:00,253500,254000,253000,253500,1056,267720000,486,570
145020,2026-05-20,15:15:00,253000,255000,253000,253500,491,124810000,321,170
145020,2026-05-20,15:20:00,253500,255000,253000,255000,410,104180000,342,68
145020,2026-05-20,15:30:00,254000,254000,254000,254000,631,160270000,631,0
145020,2026-05-21,09:05:00,256000,264000,256000,264000,1040,268950000,823,217
145020,2026-05-21,09:10:00,264000,265000,262000,264000,686,180820000,441,245
145020,2026-05-21,09:15:00,265000,266500,263500,264500,1102,292250000,502,600
145020,2026-05-21,09:20:00,264500,265000,263500,264000,241,63640000,61,180
145020,2026-05-21,09:25:00,264000,265500,263500,264500,252,66610000,127,125
145020,2026-05-21,09:30:00,264500,266500,264500,265500,440,116830000,203,237
145020,2026-05-21,09:35:00,265000,266500,265000,265000,789,209510000,236,553
145020,2026-05-21,09:40:00,265000,265500,263000,263000,253,66910000,109,144
145020,2026-05-21,09:45:00,263000,264500,262000,262500,511,134530000,211,300
145020,2026-05-21,09:50:00,262500,263000,261000,262000,1246,325790000,533,713
145020,2026-05-21,09:55:00,261500,262000,260750,261500,1244,325190000,645,599
145020,2026-05-21,10:00:00,262000,262500,260500,262000,1186,310330000,165,1021
145020,2026-05-21,10:05:00,262000,263000,261500,262500,577,151360000,331,246
145020,2026-05-21,10:10:00,262500,263000,261000,261000,737,193200000,141,596
145020,2026-05-21,10:15:00,261500,262000,261000,262000,227,59370000,91,136
145020,2026-05-21,10:20:00,262500,262500,261000,261500,365,95490000,64,301
145020,2026-05-21,10:25:00,261500,261500,259500,260000,2484,646580000,69,2415
145020,2026-05-21,10:30:00,260000,260500,259500,260000,203,52770000,47,156
145020,2026-05-21,10:35:00,260000,260500,260000,260000,279,72560000,36,243
145020,2026-05-21,10:40:00,260000,260500,259500,260000,448,116430000,130,318
145020,2026-05-21,10:45:00,259500,261000,259500,260000,445,115720000,259,186
145020,2026-05-21,10:50:00,260500,260500,259500,259500,263,68400000,54,209
145020,2026-05-21,10:55:00,259500,260000,259000,259000,1073,278350000,22,1051
145020,2026-05-21,11:00:00,259000,260000,258000,259500,808,209240000,269,539
145020,2026-05-21,11:05:00,259500,260500,258500,259000,421,109220000,117,304
145020,2026-05-21,11:10:00,259000,260000,258500,259000,893,231370000,662,231
145020,2026-05-21,11:15:00,259000,259500,258500,258500,422,109310000,263,159
145020,2026-05-21,11:20:00,259000,259500,257500,257500,2076,536210000,150,1926
145020,2026-05-21,11:25:00,257500,258000,256500,256500,550,141490000,221,329
145020,2026-05-21,11:30:00,257000,257500,256500,257500,545,140100000,238,307
145020,2026-05-21,11:35:00,258000,258500,256500,257500,535,137730000,259,276
145020,2026-05-21,11:40:00,257500,258000,256500,257000,462,118900000,207,255
145020,2026-05-21,11:45:00,257500,258500,257500,257500,514,132510000,264,250
145020,2026-05-21,11:50:00,258000,258000,257000,257500,424,109150000,201,223
145020,2026-05-21,11:55:00,258000,258500,257000,257000,582,150020000,438,144
145020,2026-05-21,12:00:00,257500,258500,257000,258000,334,86100000,200,134
145020,2026-05-21,12:05:00,258500,259000,258000,258000,463,119650000,273,190
145020,2026-05-21,12:10:00,258000,258500,257500,257500,272,70160000,145,127
145020,2026-05-21,12:15:00,258000,259000,257500,257500,277,71400000,128,149
145020,2026-05-21,12:20:00,257500,258000,257000,257500,201,51770000,57,144
145020,2026-05-21,12:25:00,257500,258000,257000,257500,444,114320000,237,207
145020,2026-05-21,12:30:00,257500,258000,257000,258000,618,159250000,440,178
145020,2026-05-21,12:35:00,257500,258000,257000,257500,306,78800000,119,187
145020,2026-05-21,12:40:00,257500,257500,256500,257000,595,152950000,189,406
145020,2026-05-21,12:45:00,257000,257500,256500,257000,376,96640000,192,184
145020,2026-05-21,12:50:00,257000,258000,256500,256500,471,121140000,238,233
145020,2026-05-21,12:55:00,257000,257500,256500,257000,807,207540000,513,294
145020,2026-05-21,13:00:00,257000,258000,257000,257500,497,127920000,295,202
145020,2026-05-21,13:05:00,258500,259500,258000,258500,865,223960000,685,180
145020,2026-05-21,13:10:00,258500,259500,258000,259000,526,136070000,401,125
145020,2026-05-21,13:15:00,259000,259500,258500,258500,269,69670000,91,178
145020,2026-05-21,13:20:00,258000,259500,257500,258000,409,105670000,198,211
145020,2026-05-21,13:25:00,258000,258000,257000,257500,416,107200000,200,216
145020,2026-05-21,13:30:00,257500,258500,257000,258500,509,131310000,192,317
145020,2026-05-21,13:35:00,258500,259000,258000,258000,586,151430000,397,189
145020,2026-05-21,13:40:00,258000,258500,257500,257500,538,138810000,292,246
145020,2026-05-21,13:45:00,257500,258000,257000,257500,496,127730000,148,348
145020,2026-05-21,13:50:00,257500,258000,257000,258000,642,165360000,348,294
145020,2026-05-21,13:55:00,258000,258500,257500,258000,595,153560000,271,324
145020,2026-05-21,14:00:00,258000,259000,258000,258500,683,176600000,436,247
145020,2026-05-21,14:05:00,259000,259500,258500,259000,713,184740000,504,209
145020,2026-05-21,14:10:00,259000,259500,258000,258000,748,193450000,160,588
145020,2026-05-21,14:15:00,258500,259500,257500,259500,576,148890000,390,186
145020,2026-05-21,14:20:00,259000,259000,258000,258500,626,161880000,139,487
145020,2026-05-21,14:25:00,258500,259000,258000,258000,654,169070000,389,265
145020,2026-05-21,14:30:00,258000,258500,258000,258000,656,169350000,155,501
145020,2026-05-21,14:35:00,258500,258500,257500,258000,641,165290000,209,432
145020,2026-05-21,14:40:00,258500,258500,257500,257500,607,156430000,229,378
145020,2026-05-21,14:45:00,258000,258500,257500,257500,903,232890000,683,220
145020,2026-05-21,14:50:00,257500,258000,257000,257000,839,215940000,201,638
145020,2026-05-21,14:55:00,257500,259000,257000,258500,977,252250000,733,244
145020,2026-05-21,15:00:00,258500,259000,257500,258000,626,161560000,287,339
145020,2026-05-21,15:05:00,257500,258500,256500,256500,1072,275860000,561,511
145020,2026-05-21,15:10:00,257000,257000,256000,256500,1181,302880000,736,445
145020,2026-05-21,15:15:00,256500,257500,256000,256000,949,243380000,274,675
145020,2026-05-21,15:20:00,256500,258500,255000,258500,2584,663440000,1653,931
145020,2026-05-21,15:30:00,259000,259000,259000,259000,3368,872310000,3368,0
145020,2026-05-22,09:05:00,263500,267500,262000,265000,1792,475270000,1387,405
145020,2026-05-22,09:10:00,265000,266500,263500,266500,1886,500600000,1219,667
145020,2026-05-22,09:15:00,266500,269000,265500,268000,3162,846600000,2620,542
145020,2026-05-22,09:20:00,268000,269500,267000,267500,4722,1267070000,4133,589
145020,2026-05-22,09:25:00,267000,268500,266000,268000,819,218790000,477,342
145020,2026-05-22,09:30:00,268000,268000,267000,267000,338,90310000,228,110
145020,2026-05-22,09:35:00,267000,268500,267000,268500,539,144300000,255,284
145020,2026-05-22,09:40:00,268500,270000,268000,269500,3137,843850000,2272,865
145020,2026-05-22,09:45:00,269000,274500,269000,272000,2657,722530000,1830,827
145020,2026-05-22,09:50:00,272000,273500,270500,273500,1342,365260000,575,767
145020,2026-05-22,09:55:00,274000,277500,272500,275500,2302,633250000,1206,1096
145020,2026-05-22,10:00:00,275500,278000,275500,276000,2689,744050000,1374,1315
145020,2026-05-22,10:05:00,276000,278500,275000,277000,1254,347390000,742,512
145020,2026-05-22,10:10:00,277000,279500,277000,278500,1487,414160000,809,678
145020,2026-05-22,10:15:00,279000,279000,273500,273500,1272,351260000,405,867
145020,2026-05-22,10:20:00,273000,275000,272500,274000,484,132400000,324,160
145020,2026-05-22,10:25:00,273500,274000,270500,272500,745,202900000,247,498
145020,2026-05-22,10:30:00,271000,273500,271000,272500,464,126330000,256,208
145020,2026-05-22,10:35:00,273500,273500,270000,271500,803,217970000,288,515
145020,2026-05-22,10:40:00,270500,275500,270500,275500,610,166770000,480,130
145020,2026-05-22,10:45:00,275500,276000,274000,275000,746,205150000,377,369
145020,2026-05-22,10:50:00,275500,275500,272000,272500,1175,322370000,340,835
145020,2026-05-22,10:55:00,273000,274000,272500,273500,592,161840000,381,211
145020,2026-05-22,11:00:00,274000,274500,273000,273500,447,122440000,223,224
145020,2026-05-22,11:05:00,273000,275500,273000,275500,812,222130000,441,371
145020,2026-05-22,11:10:00,275000,275000,274000,274500,453,124350000,183,270
145020,2026-05-22,11:15:00,274000,274000,272500,273500,1916,523450000,756,1160
145020,2026-05-22,11:20:00,273000,273500,271500,272000,860,234090000,369,491
145020,2026-05-22,11:25:00,272000,272000,271000,271500,483,131200000,240,243
145020,2026-05-22,11:30:00,272000,272000,270000,270000,974,263740000,281,693
145020,2026-05-22,11:35:00,270000,272000,270000,272000,459,124600000,294,165
145020,2026-05-22,11:40:00,271500,272000,270500,271500,767,208080000,448,319
145020,2026-05-22,11:45:00,271500,272000,271000,272000,580,157570000,380,200
145020,2026-05-22,11:50:00,272000,273000,271500,272500,801,218190000,469,332
145020,2026-05-22,11:55:00,272000,272500,271500,271500,531,144460000,230,301
145020,2026-05-22,12:00:00,272000,272000,271000,271000,466,126630000,248,218
145020,2026-05-22,12:05:00,271500,273000,271000,271500,575,156110000,338,237
145020,2026-05-22,12:10:00,271500,272500,271000,272000,418,113610000,325,93
145020,2026-05-22,12:15:00,272000,273000,272000,272500,365,99400000,263,102
145020,2026-05-22,12:20:00,272500,272500,271500,272500,445,121030000,206,239
145020,2026-05-22,12:25:00,272000,272500,271000,272000,699,190090000,494,205
145020,2026-05-22,12:30:00,272000,273000,272000,272500,585,159360000,398,187
145020,2026-05-22,12:35:00,272500,273000,270000,272500,1544,418340000,1050,494
145020,2026-05-22,12:40:00,272500,272500,270500,272500,743,201810000,434,309
145020,2026-05-22,12:45:00,272500,272500,271000,272000,392,106560000,230,162
145020,2026-05-22,12:50:00,272000,272000,270500,272000,631,170950000,376,255
145020,2026-05-22,12:55:00,272000,272500,271500,272000,494,134370000,358,136
145020,2026-05-22,13:00:00,272000,272500,271500,271500,436,118570000,343,93
145020,2026-05-22,13:05:00,271500,272000,270500,270500,640,173790000,370,270
145020,2026-05-22,13:10:00,271000,272000,271000,271500,631,171280000,403,228
145020,2026-05-22,13:15:00,271500,272000,270500,271000,554,150250000,319,235
145020,2026-05-22,13:20:00,271500,272000,271000,272000,534,144990000,409,125
145020,2026-05-22,13:25:00,272000,272500,271000,271000,599,162740000,327,272
145020,2026-05-22,13:30:00,271500,271500,271000,271000,462,125280000,282,180
145020,2026-05-22,13:35:00,271000,271000,270000,271000,638,172610000,396,242
145020,2026-05-22,13:40:00,271000,271500,271000,271000,563,152680000,339,224
145020,2026-05-22,13:45:00,271500,271500,270500,271000,699,189420000,403,296
145020,2026-05-22,13:50:00,271000,271500,270500,271000,768,208080000,447,321
145020,2026-05-22,13:55:00,271000,271500,270000,270500,861,233230000,545,316
145020,2026-05-22,14:00:00,270000,271000,270000,270500,496,134120000,379,117
145020,2026-05-22,14:05:00,270500,270500,269500,270000,594,160430000,365,229
145020,2026-05-22,14:10:00,270500,271000,270000,271000,478,129380000,398,80
145020,2026-05-22,14:15:00,271000,271500,270000,270500,893,241700000,488,405
145020,2026-05-22,14:20:00,270000,270500,270000,270000,662,178940000,413,249
145020,2026-05-22,14:25:00,270000,270500,269500,270000,667,180010000,417,250
145020,2026-05-22,14:30:00,269500,271000,269500,271000,751,203060000,385,366
145020,2026-05-22,14:35:00,271000,271000,269000,269000,601,162040000,284,317
145020,2026-05-22,14:40:00,268500,269000,268000,268000,375,100650000,49,326
145020,2026-05-22,14:45:00,268000,268500,267500,268000,450,120610000,101,349
145020,2026-05-22,14:50:00,268000,269000,267500,268500,442,118580000,226,216
145020,2026-05-22,14:55:00,268500,268500,267500,268000,431,115540000,126,305
145020,2026-05-22,15:00:00,267500,268500,265500,266000,1428,380860000,373,1055
145020,2026-05-22,15:05:00,266500,267500,265500,266500,791,210710000,269,522
145020,2026-05-22,15:10:00,266500,267500,266000,266500,999,266300000,300,699
145020,2026-05-22,15:15:00,266500,267500,265500,267000,722,192430000,85,637
145020,2026-05-22,15:20:00,267500,268000,266000,266000,1062,283370000,162,900
145020,2026-05-22,15:30:00,267500,267500,267500,267500,1675,448070000,1675,0
145020,2026-05-26,09:05:00,273000,273000,265500,268000,2911,784740000,893,2018
145020,2026-05-26,09:10:00,267500,272500,262500,270500,3901,1044730000,1670,2231
145020,2026-05-26,09:15:00,271000,275000,269000,271000,3699,1008590000,1955,1744
145020,2026-05-26,09:20:00,271000,272500,269500,272000,1883,510020000,985,898
145020,2026-05-26,09:25:00,271000,271500,268500,268500,1623,438040000,410,1213
145020,2026-05-26,09:30:00,268500,270000,268000,269000,1376,370040000,951,425
145020,2026-05-26,09:35:00,268500,269000,267500,267500,820,219740000,311,509
145020,2026-05-26,09:40:00,268000,268000,266500,266500,633,168960000,89,544
145020,2026-05-26,09:45:00,267000,267000,266000,266000,653,174030000,291,362
145020,2026-05-26,09:50:00,266500,266500,265500,265500,896,238400000,72,824
145020,2026-05-26,09:55:00,265000,265500,263250,263500,1893,501010000,485,1408
145020,2026-05-26,10:00:00,263000,264500,263000,263000,1709,450440000,1020,689
145020,2026-05-26,10:05:00,263500,264500,263000,264500,1185,312220000,808,377
145020,2026-05-26,10:10:00,264500,265500,264000,264500,537,142120000,459,78
145020,2026-05-26,10:15:00,264500,265500,263500,264500,352,93130000,198,154
145020,2026-05-26,10:20:00,264500,265500,264500,264500,325,86010000,144,181
145020,2026-05-26,10:25:00,264500,265000,264000,264000,527,139300000,168,359
145020,2026-05-26,10:30:00,264000,264000,263500,264000,138,36430000,89,49
145020,2026-05-26,10:35:00,264000,264000,262500,262500,730,192110000,204,526
145020,2026-05-26,10:40:00,262500,262500,261000,261000,1056,276380000,362,694
145020,2026-05-26,10:45:00,261000,263000,260000,262500,779,203490000,499,280
145020,2026-05-26,10:50:00,262500,262500,262000,262500,64,16780000,29,35
145020,2026-05-26,10:55:00,262000,264000,262000,263500,545,143410000,380,165
145020,2026-05-26,11:00:00,263500,264000,263000,264000,161,42420000,145,16
145020,2026-05-26,11:05:00,264000,264500,261000,261000,975,255630000,224,751
145020,2026-05-26,11:10:00,261000,262500,260000,262000,1820,474900000,766,1054
145020,2026-05-26,11:15:00,262000,263000,262000,263000,122,32010000,31,91
145020,2026-05-26,11:20:00,262500,263000,261500,262500,250,65620000,107,143
145020,2026-05-26,11:25:00,262000,263000,261500,262500,339,89010000,123,216
145020,2026-05-26,11:30:00,262500,263000,262000,262500,172,45130000,77,95
145020,2026-05-26,11:35:00,262000,263000,261500,262000,199,52160000,62,137
145020,2026-05-26,11:40:00,262000,262500,261500,261500,270,70760000,55,215
145020,2026-05-26,11:45:00,261500,262500,261500,262000,145,38000000,58,87
145020,2026-05-26,11:50:00,262000,262500,261500,261500,223,58420000,32,191
145020,2026-05-26,11:55:00,261500,262500,261000,261000,518,135480000,87,431
145020,2026-05-26,12:00:00,261000,262000,261000,262000,291,76060000,165,126
145020,2026-05-26,12:05:00,261500,262000,260500,260500,361,94300000,104,257
145020,2026-05-26,12:10:00,260500,261000,260500,261000,111,28920000,16,95
145020,2026-05-26,12:15:00,260500,261500,260500,260500,287,74890000,155,132
145020,2026-05-26,12:20:00,260500,261500,260500,261000,356,92860000,182,174
145020,2026-05-26,12:25:00,260500,261500,260500,261500,183,47790000,76,107
145020,2026-05-26,12:30:00,261000,261500,261000,261000,141,36810000,12,129
145020,2026-05-26,12:35:00,261000,261500,260500,260500,818,213380000,434,384
145020,2026-05-26,12:40:00,260500,261000,260500,260500,221,57590000,32,189
145020,2026-05-26,12:45:00,260500,261500,260000,260500,939,244730000,392,547
145020,2026-05-26,12:50:00,261000,261000,260000,260500,335,87300000,89,246
145020,2026-05-26,12:55:00,260500,261000,260500,261000,199,51900000,102,97
145020,2026-05-26,13:00:00,261000,262000,261000,262000,249,65110000,158,91
145020,2026-05-26,13:05:00,262000,262000,261500,262000,174,45540000,80,94
145020,2026-05-26,13:10:00,261500,262000,261000,261500,244,63810000,16,228
145020,2026-05-26,13:15:00,261000,261500,261000,261000,234,61100000,53,181
145020,2026-05-26,13:20:00,261000,261000,260500,260500,197,51380000,60,137
145020,2026-05-26,13:25:00,260500,261500,260500,261000,442,115260000,112,330
145020,2026-05-26,13:30:00,260500,261000,260000,260500,284,73970000,72,212
145020,2026-05-26,13:35:00,260500,261000,260000,261000,209,54420000,107,102
145020,2026-05-26,13:40:00,260500,261000,260500,260500,379,98800000,145,234
145020,2026-05-26,13:45:00,261000,261000,260000,260500,216,56250000,62,154
145020,2026-05-26,13:50:00,260500,261500,260000,261000,317,82720000,180,137
145020,2026-05-26,13:55:00,261000,262000,261000,261000,232,60640000,88,144
145020,2026-05-26,14:00:00,261000,262000,261000,261000,171,44670000,58,113
145020,2026-05-26,14:05:00,262000,262000,260500,261500,701,183280000,298,403
145020,2026-05-26,14:10:00,261250,261500,261000,261500,213,55630000,61,152
145020,2026-05-26,14:15:00,261000,262000,260500,261500,548,143230000,250,298
145020,2026-05-26,14:20:00,261500,262000,261000,261500,265,69300000,42,223
145020,2026-05-26,14:25:00,261500,262000,261000,261500,477,124700000,159,318
145020,2026-05-26,14:30:00,261000,261500,260500,260500,491,128170000,116,375
145020,2026-05-26,14:35:00,260500,261500,260500,261000,353,92190000,103,250
145020,2026-05-26,14:40:00,261000,261500,260000,260000,612,159470000,82,530
145020,2026-05-26,14:45:00,260500,261000,260000,260000,422,109840000,192,230
145020,2026-05-26,14:50:00,260500,261500,260000,260500,404,105290000,128,276
145020,2026-05-26,14:55:00,260500,261500,260000,260000,274,71460000,114,160
145020,2026-05-26,15:00:00,260500,261000,260000,260000,397,103410000,201,196
145020,2026-05-26,15:05:00,260000,261500,260000,260500,1306,340220000,978,328
145020,2026-05-26,15:10:00,260000,260500,260000,260500,1226,318780000,45,1181
145020,2026-05-26,15:15:00,260500,261000,260000,260500,742,193300000,474,268
145020,2026-05-26,15:20:00,261000,262000,260000,261000,1239,323400000,815,424
145020,2026-05-26,15:30:00,260500,260500,260500,260500,1833,477490000,1833,0
145020,2026-05-27,09:05:00,261500,261500,257000,257000,1740,449820000,507,1233
145020,2026-05-27,09:10:00,257000,260000,257000,258000,1467,378340000,515,952
145020,2026-05-27,09:15:00,258500,258500,256500,257000,970,249800000,323,647
145020,2026-05-27,09:20:00,257000,258500,255500,256000,1973,506420000,1362,611
145020,2026-05-27,09:25:00,258000,260000,256000,260000,1377,354420000,805,572
145020,2026-05-27,09:30:00,260000,261500,259500,260500,1273,331700000,649,624
145020,2026-05-27,09:35:00,260500,261500,260000,261500,368,95940000,221,147
145020,2026-05-27,09:40:00,261000,262500,260500,261000,717,187550000,315,402
145020,2026-05-27,09:45:00,261000,261500,259000,259500,574,149260000,134,440
145020,2026-05-27,09:50:00,259500,260000,258000,259000,929,240860000,326,603
145020,2026-05-27,09:55:00,258500,259500,258000,259000,332,85840000,206,126
145020,2026-05-27,10:00:00,259500,261500,259000,261000,447,116380000,274,173
145020,2026-05-27,10:05:00,261500,263000,259500,261500,2658,692510000,2222,436
145020,2026-05-27,10:10:00,261500,261500,260000,261500,332,86560000,185,147
145020,2026-05-27,10:15:00,261000,261500,260000,260000,822,214350000,284,538
145020,2026-05-27,10:20:00,260000,261500,259500,261500,725,189120000,475,250
145020,2026-05-27,10:25:00,262000,263500,261500,262000,1384,363280000,759,625
145020,2026-05-27,10:30:00,262000,263000,260000,260000,946,247690000,164,782
145020,2026-05-27,10:35:00,260000,260500,258000,258000,632,163530000,411,221
145020,2026-05-27,10:40:00,258000,259000,257500,258500,341,87960000,154,187
145020,2026-05-27,10:45:00,259000,259000,258000,258000,136,35120000,14,122
145020,2026-05-27,10:50:00,258000,258500,257500,257500,194,50040000,117,77
145020,2026-05-27,10:55:00,258000,260000,257500,259000,795,205610000,663,132
145020,2026-05-27,11:00:00,259500,259500,256000,257000,919,236660000,187,732
145020,2026-05-27,11:05:00,257500,258500,257000,258000,460,118690000,341,119
145020,2026-05-27,11:10:00,258000,258500,257000,257500,236,60800000,146,90
145020,2026-05-27,11:15:00,257500,258500,257500,258500,461,118970000,352,109
145020,2026-05-27,11:20:00,258500,258500,256500,257000,256,65820000,25,231
145020,2026-05-27,11:25:00,257000,257000,255500,255500,1688,432200000,451,1237
145020,2026-05-27,11:30:00,255500,256500,255500,256500,344,88050000,259,85
145020,2026-05-27,11:35:00,256000,257500,256000,256500,1779,456470000,1381,398
145020,2026-05-27,11:40:00,257000,257500,256500,257000,264,67820000,158,106
145020,2026-05-27,11:45:00,257000,257500,255500,257000,653,167290000,125,528
145020,2026-05-27,11:50:00,256000,257500,255000,257500,739,189360000,351,388
145020,2026-05-27,11:55:00,257500,258000,257000,257000,458,117930000,323,135
145020,2026-05-27,12:00:00,257000,257500,257000,257000,140,35990000,17,123
145020,2026-05-27,12:05:00,257500,257500,257000,257000,165,42410000,46,119
145020,2026-05-27,12:10:00,257000,258000,256500,258000,720,185280000,625,95
145020,2026-05-27,12:15:00,258000,258000,257500,257500,61,15720000,38,23
145020,2026-05-27,12:20:00,257500,258000,257000,257500,199,51250000,62,137
145020,2026-05-27,12:25:00,258000,258000,257000,257000,58,14930000,7,51
145020,2026-05-27,12:30:00,257500,257500,257000,257000,91,23390000,10,81
145020,2026-05-27,12:35:00,257500,257500,256500,257000,333,85530000,7,326
145020,2026-05-27,12:40:00,257000,257000,256500,257000,92,23600000,8,84
145020,2026-05-27,12:45:00,256000,257000,256000,257000,409,105080000,372,37
145020,2026-05-27,12:50:00,257000,257000,256000,256500,211,54060000,18,193
145020,2026-05-27,12:55:00,256500,256500,256000,256000,84,21510000,9,75
145020,2026-05-27,13:00:00,256000,256500,256000,256000,209,53520000,25,184
145020,2026-05-27,13:05:00,256500,256500,256000,256000,115,29460000,41,74
145020,2026-05-27,13:10:00,256500,257500,256500,256500,1251,321180000,927,324
145020,2026-05-27,13:15:00,256500,257500,256500,257000,147,37770000,113,34
145020,2026-05-27,13:20:00,256500,257500,256500,257500,463,119040000,351,112
145020,2026-05-27,13:25:00,256500,257000,256000,256000,267,68410000,32,235
145020,2026-05-27,13:30:00,256000,256500,255500,256500,642,164390000,384,258
145020,2026-05-27,13:35:00,256500,256500,255500,256000,592,151510000,321,271
145020,2026-05-27,13:40:00,255500,256000,255500,255500,481,122920000,52,429
145020,2026-05-27,13:45:00,256000,256000,255500,256000,432,110470000,200,232
145020,2026-05-27,13:50:00,256000,256000,255500,256000,273,69770000,40,233
145020,2026-05-27,13:55:00,256000,256000,255000,255500,707,180490000,39,668
145020,2026-05-27,14:00:00,255000,255500,255000,255500,333,84960000,91,242
145020,2026-05-27,14:05:00,255500,255500,253500,254500,1430,363960000,100,1330
145020,2026-05-27,14:10:00,254000,255500,253500,254500,528,134130000,277,251
145020,2026-05-27,14:15:00,254500,255000,253000,253500,575,145850000,302,273
145020,2026-05-27,14:20:00,253500,255000,253000,253500,629,159580000,440,189
145020,2026-05-27,14:25:00,255000,255500,254000,255000,472,120310000,319,153
145020,2026-05-27,14:30:00,255500,255500,254500,254500,168,42800000,71,97
145020,2026-05-27,14:35:00,255000,255000,254500,254500,163,41510000,41,122
145020,2026-05-27,14:40:00,255000,256000,254500,255500,859,219100000,748,111
145020,2026-05-27,14:45:00,255500,256000,255000,255500,222,56720000,135,87
145020,2026-05-27,14:50:00,255500,256000,255500,255500,502,128450000,319,183
145020,2026-05-27,14:55:00,256000,256500,255500,256000,259,66340000,191,68
145020,2026-05-27,15:00:00,256000,256500,255500,255750,727,185970000,73,654
145020,2026-05-27,15:05:00,255500,255750,254500,255000,1171,298800000,495,676
145020,2026-05-27,15:10:00,255000,256000,254000,255000,1372,349590000,657,715
145020,2026-05-27,15:15:00,255000,255500,255000,255000,695,177350000,181,514
145020,2026-05-27,15:20:00,255500,256500,254500,255000,943,240750000,640,303
145020,2026-05-27,15:30:00,255000,255000,255000,255000,1254,319770000,1254,0
145020,2026-05-28,09:05:00,253000,256000,250500,252000,1522,384760000,392,1130
145020,2026-05-28,09:10:00,251000,253000,249000,249500,1751,438750000,955,796
145020,2026-05-28,09:15:00,249500,251000,248500,249500,753,187690000,382,371
145020,2026-05-28,09:20:00,249000,250000,249000,249500,920,229490000,495,425
145020,2026-05-28,09:25:00,249500,249500,248000,249000,521,129560000,151,370
145020,2026-05-28,09:30:00,249000,250000,248500,249500,296,73750000,195,101
145020,2026-05-28,09:35:00,250000,251000,249500,250000,499,124790000,228,271
145020,2026-05-28,09:40:00,250000,250500,249500,250000,424,106010000,314,110
145020,2026-05-28,09:45:00,250000,250500,248500,249500,597,148820000,174,423
145020,2026-05-28,09:50:00,249000,249500,248000,248500,753,187280000,276,477
145020,2026-05-28,09:55:00,248500,249000,248000,248500,336,83490000,153,183
145020,2026-05-28,10:00:00,248500,250000,248000,249000,298,74200000,202,96
145020,2026-05-28,10:05:00,249500,250000,248500,249500,597,148840000,393,204
145020,2026-05-28,10:10:00,249000,249500,249000,249500,183,45580000,65,118
145020,2026-05-28,10:15:00,249500,252500,249000,251500,854,214250000,503,351
145020,2026-05-28,10:20:00,250500,251000,250000,250000,264,66170000,95,169
145020,2026-05-28,10:25:00,250000,250000,249000,249500,375,93560000,143,232
145020,2026-05-28,10:30:00,249000,249500,249000,249000,378,94210000,164,214
145020,2026-05-28,10:35:00,248500,249000,248500,248500,479,119090000,156,323
145020,2026-05-28,10:40:00,248500,249000,248000,248000,1582,392510000,485,1097
145020,2026-05-28,10:45:00,248000,248500,247500,248000,298,73970000,246,52
145020,2026-05-28,10:50:00,248000,248500,248000,248500,328,81360000,59,269
145020,2026-05-28,10:55:00,248250,249000,248250,248500,448,111360000,189,259
145020,2026-05-28,11:00:00,249000,249500,249000,249000,352,87670000,316,36
145020,2026-05-28,11:05:00,249500,250000,249500,250000,386,96340000,354,32
145020,2026-05-28,11:10:00,250000,250000,248500,249000,886,221040000,395,491
145020,2026-05-28,11:15:00,248500,250000,248500,249500,269,67050000,149,120
145020,2026-05-28,11:20:00,249500,249500,248500,248500,550,136820000,297,253
145020,2026-05-28,11:25:00,248500,249500,248500,249500,1057,263050000,994,63
145020,2026-05-28,11:30:00,249500,250000,249000,249000,314,78250000,126,188
145020,2026-05-28,11:35:00,249000,250000,249000,250000,207,51600000,159,48
145020,2026-05-28,11:40:00,250000,250000,249500,249500,345,86160000,165,180
145020,2026-05-28,11:45:00,250000,250000,249000,250000,229,57150000,196,33
145020,2026-05-28,11:50:00,249000,250000,249000,250000,869,216610000,406,463
145020,2026-05-28,11:55:00,250000,251500,249500,250000,950,237410000,584,366
145020,2026-05-28,12:00:00,249500,250000,249000,249500,127,31680000,13,114
145020,2026-05-28,12:05:00,249500,249500,249000,249500,46,11460000,15,31
145020,2026-05-28,12:10:00,249500,249500,249000,249000,369,91890000,14,355
145020,2026-05-28,12:15:00,249500,249500,249000,249500,101,25170000,45,56
145020,2026-05-28,12:20:00,249000,249500,249000,249000,192,47850000,93,99
145020,2026-05-28,12:25:00,249000,249000,248500,249000,269,66930000,24,245
145020,2026-05-28,12:30:00,249000,249000,248000,248000,436,108260000,45,391
145020,2026-05-28,12:35:00,248000,248500,247500,248000,533,132140000,140,393
145020,2026-05-28,12:40:00,248500,248500,246000,246500,871,215340000,189,682
145020,2026-05-28,12:45:00,246500,246500,245000,245500,920,226280000,410,510
145020,2026-05-28,12:50:00,245000,246000,245000,245000,1415,347170000,851,564
145020,2026-05-28,12:55:00,244500,246500,244000,246000,834,204140000,513,321
145020,2026-05-28,13:00:00,246000,246500,246000,246000,228,56150000,83,145
145020,2026-05-28,13:05:00,246500,246500,245500,246000,132,32480000,22,110
145020,2026-05-28,13:10:00,245500,246500,245500,246500,574,141120000,308,266
145020,2026-05-28,13:15:00,246500,247000,245500,246500,421,103630000,162,259
145020,2026-05-28,13:20:00,246500,246500,244500,245000,897,219880000,311,586
145020,2026-05-28,13:25:00,244500,246000,244000,245000,982,240520000,522,460
145020,2026-05-28,13:30:00,245500,245500,243500,243500,1163,283860000,510,653
145020,2026-05-28,13:35:00,243500,244000,242500,243000,1526,371300000,584,942
145020,2026-05-28,13:40:00,243000,245500,242500,244500,1170,285300000,661,509
145020,2026-05-28,13:45:00,245500,245500,244500,245000,511,125230000,296,215
145020,2026-05-28,13:50:00,245000,245500,244500,245000,614,150380000,174,440
145020,2026-05-28,13:55:00,244500,245000,244500,245000,325,79480000,47,278
145020,2026-05-28,14:00:00,244500,245000,244000,244000,1379,336760000,314,1065
145020,2026-05-28,14:05:00,244000,244500,243500,244500,371,90550000,59,312
145020,2026-05-28,14:10:00,244000,246500,243500,246000,1638,401100000,1459,179
145020,2026-05-28,14:15:00,246000,246500,246000,246500,766,188640000,428,338
145020,2026-05-28,14:20:00,246500,247000,245500,246500,976,240180000,421,555
145020,2026-05-28,14:25:00,246500,248000,246000,247000,1032,255000000,467,565
145020,2026-05-28,14:30:00,247000,248500,247000,247250,668,165290000,469,199
145020,2026-05-28,14:35:00,247500,249000,247500,248500,788,195600000,553,235
145020,2026-05-28,14:40:00,249000,250500,248750,250000,1051,262650000,434,617
145020,2026-05-28,14:45:00,250000,251000,249750,250500,561,140470000,348,213
145020,2026-05-28,14:50:00,250500,250500,250000,250500,498,124610000,210,288
145020,2026-05-28,14:55:00,250500,250500,250000,250500,234,58570000,101,133
145020,2026-05-28,15:00:00,250250,252500,250000,251500,2229,559570000,1211,1018
145020,2026-05-28,15:05:00,251000,253000,251000,252500,1182,298060000,419,763
145020,2026-05-28,15:10:00,252500,254500,251500,253500,3055,772680000,1212,1843
145020,2026-05-28,15:15:00,253500,254000,253000,253000,924,234080000,629,295
145020,2026-05-28,15:20:00,253500,254000,252500,253500,1028,260390000,791,237
145020,2026-05-28,15:30:00,254000,254000,254000,254000,1448,367790000,1448,0
