ticker,trade_date,open_price,high_price,low_price,close_price,volume,turnover,shares_outstanding
017960,2020-01-02,7800,7830,7700,7800,148453,1154000000,43960757
017960,2020-01-03,7830,8160,7800,8120,646810,5216000000,43960757
017960,2020-01-06,8110,8120,7910,8010,316691,2534000000,43960757
017960,2020-01-07,8030,8250,8010,8070,343594,2791000000,43960757
017960,2020-01-08,8040,8060,7760,7880,378277,2995000000,43960757
017960,2020-01-09,8010,8180,7990,8160,337445,2729000000,43960757
017960,2020-01-10,8160,8500,8150,8460,633678,5323000000,43960757
017960,2020-01-13,8530,8530,8290,8380,272532,2276000000,43960757
017960,2020-01-14,8460,8460,8250,8260,193661,1609000000,43960757
017960,2020-01-15,8290,8330,8250,8260,113995,942000000,43960757
017960,2020-01-16,8290,8360,8220,8320,159142,1318000000,43960757
017960,2020-01-17,8300,8350,8150,8190,206697,1697000000,43960757
017960,2020-01-20,8180,8270,8070,8190,255107,2088000000,43960757
017960,2020-01-21,8200,8230,8100,8120,126846,1032000000,43960757
017960,2020-01-22,8100,8430,8070,8350,372907,3104000000,43960757
017960,2020-01-23,8320,8370,8190,8220,172895,1428000000,43960757
017960,2020-01-28,7860,8000,7810,7900,336909,2661000000,43960757
017960,2020-01-29,7960,8050,7810,8020,189486,1513000000,43960757
017960,2020-01-30,8050,8060,7790,7800,291082,2300000000,43960757
017960,2020-01-31,7890,7950,7500,7600,304336,2348000000,43960757
017960,2020-02-03,7400,7570,7280,7510,343353,2546000000,43960757
017960,2020-02-04,7530,7730,7530,7680,205718,1573000000,43960757
017960,2020-02-05,7720,7790,7620,7650,109664,843000000,43960757
017960,2020-02-06,7690,8080,7690,7970,599647,4766000000,43960757
017960,2020-02-07,8010,8010,7820,7880,228524,1803000000,43960757
017960,2020-02-10,7890,8120,7760,8100,236403,1887000000,43960757
017960,2020-02-11,8090,8150,7970,8020,178310,1432000000,43960757
017960,2020-02-12,8030,8030,7900,7970,192637,1532000000,43960757
017960,2020-02-13,8060,8630,7970,8500,1710189,14385000000,43960757
017960,2020-02-14,8770,9140,8570,8910,2462650,21856000000,43960757
017960,2020-02-17,8830,8910,8710,8910,614070,5413000000,43960757
017960,2020-02-18,8910,9040,8790,8900,591370,5299000000,43960757
017960,2020-02-19,8950,9250,8920,8940,851668,7699000000,43960757
017960,2020-02-20,8900,9200,8870,9180,600503,5445000000,43960757
017960,2020-02-21,9080,9300,9010,9050,501011,4568000000,43960757
017960,2020-02-24,8770,8880,8660,8700,595016,5207000000,43960757
017960,2020-02-25,8690,8860,8520,8810,436193,3803000000,43960757
017960,2020-02-26,8670,8870,8580,8810,317460,2776000000,43960757
017960,2020-02-27,8850,8890,8460,8490,416513,3580000000,43960757
017960,2020-02-28,8270,8450,8080,8140,536374,4413000000,43960757
017960,2020-03-02,8150,8250,7990,8190,360084,2928000000,43960757
017960,2020-03-03,8390,8440,8100,8140,402844,3320000000,43960757
017960,2020-03-04,8040,8330,8040,8300,316869,2610000000,43960757
017960,2020-03-05,8340,8380,8150,8190,526477,4322000000,43960757
017960,2020-03-06,8030,8130,7800,7920,511671,4071000000,43960757
017960,2020-03-09,7720,7800,7200,7220,723639,5351000000,43960757
017960,2020-03-10,7050,7490,7020,7480,497889,3612000000,43960757
017960,2020-03-11,7480,7480,7100,7100,383716,2770000000,43960757
017960,2020-03-12,7040,7090,6520,6590,624417,4181000000,43960757
017960,2020-03-13,6000,6290,5570,6000,873995,5203000000,43960757
017960,2020-03-16,6100,6560,5800,5850,574533,3484000000,43960757
017960,2020-03-17,5380,6000,5380,5850,513701,2956000000,43960757
017960,2020-03-18,5910,6020,5290,5320,723665,4031000000,43960757
017960,2020-03-19,5340,5450,3985,4240,1414922,6420000000,43960757
017960,2020-03-20,4285,4570,4215,4450,1025406,4469000000,43960757
017960,2020-03-23,4075,4345,4000,4180,475661,1989000000,43960757
017960,2020-03-24,4380,4815,4240,4690,533679,2384000000,43960757
017960,2020-03-25,5070,5410,4870,5360,1013871,5248000000,43960757
017960,2020-03-26,5450,5640,5160,5320,551887,2992000000,43960757
017960,2020-03-27,5720,5720,5130,5390,550197,2983000000,43960757
017960,2020-03-30,5120,5380,4990,5330,309334,1610000000,43960757
017960,2020-03-31,5480,5560,5370,5560,446829,2444000000,43960757
017960,2020-04-01,5540,5850,5460,5490,466276,2641000000,43960757
017960,2020-04-02,5450,5800,5290,5760,406150,2261000000,43960757
017960,2020-04-03,5970,6040,5760,5830,477295,2812000000,43960757
017960,2020-04-06,5840,5930,5810,5870,609056,3564000000,43960757
017960,2020-04-07,6050,6050,5850,5910,577386,3423000000,43960757
017960,2020-04-08,5920,6050,5780,5950,437846,2606000000,43960757
017960,2020-04-09,6100,6230,6000,6060,550378,3357000000,43960757
017960,2020-04-10,6150,6250,5970,6100,743078,4537000000,43960757
017960,2020-04-13,6090,6090,5710,5740,660985,3880000000,43960757
017960,2020-04-14,5830,5950,5800,5830,457038,2678000000,43960757
017960,2020-04-16,5800,5910,5690,5910,471818,2738000000,43960757
017960,2020-04-17,6040,6120,5950,6000,765510,4608000000,43960757
017960,2020-04-20,6050,6200,5980,6100,521383,3184000000,43960757
017960,2020-04-21,6030,6080,5730,5950,670965,3976000000,43960757
017960,2020-04-22,5880,6290,5820,6220,1300759,7976000000,43960757
017960,2020-04-23,6320,6540,6270,6340,1901827,12133000000,43960757
017960,2020-04-24,6400,6580,6290,6380,1222128,7865000000,43960757
017960,2020-04-27,6500,6610,6460,6580,636024,4172000000,43960757
017960,2020-04-28,6610,6710,6430,6570,757325,4985000000,43960757
017960,2020-04-29,6580,6940,6570,6890,885731,6053000000,43960757
017960,2020-05-04,6780,7070,6680,6920,757152,5240000000,43960757
017960,2020-05-06,6980,7060,6870,6920,434384,3013000000,43960757
017960,2020-05-07,6900,6970,6750,6800,677446,4623000000,43960757
017960,2020-05-08,6870,6870,6730,6770,618657,4195000000,43960757
017960,2020-05-11,6790,6840,6690,6750,438404,2974000000,43960757
017960,2020-05-12,6740,6780,6470,6670,479996,3172000000,43960757
017960,2020-05-13,6570,6800,6500,6780,310518,2081000000,43960757
017960,2020-05-14,6740,6970,6670,6770,1022578,6975000000,43960757
017960,2020-05-15,6900,7130,6830,6950,1898326,13286000000,43960757
017960,2020-05-18,7070,7080,6930,6980,685784,4802000000,43960757
017960,2020-05-19,7090,7100,6980,7050,576386,4049000000,43960757
017960,2020-05-20,7090,7470,7030,7430,1576836,11576000000,43960757
017960,2020-05-21,7550,7830,7550,7710,1559698,12020000000,43960757
017960,2020-05-22,7780,7810,7470,7540,799116,6112000000,43960757
017960,2020-05-25,7930,8030,7660,7770,1333726,10403000000,43960757
017960,2020-05-26,7860,8040,7760,7830,1214462,9551000000,43960757
017960,2020-05-27,7950,8390,7890,8340,3360450,27569000000,43960757
017960,2020-05-28,8420,8460,7750,7900,1940184,15614000000,43960757
017960,2020-05-29,7940,8250,7900,8170,1322173,10719000000,43960757
017960,2020-06-01,8450,8780,8330,8460,2736096,23320000000,43960757
017960,2020-06-02,9680,10100,8730,8750,8886823,81820000000,43960757
017960,2020-06-03,8950,9480,8700,9210,7825374,71640000000,43960757
017960,2020-06-04,9290,9450,8840,8890,2843985,25704000000,43960757
017960,2020-06-05,8940,9030,8750,8890,1262917,11219000000,43960757
017960,2020-06-08,8970,8990,8790,8800,1049302,9298000000,43960757
017960,2020-06-09,8820,8850,8310,8370,2154959,18314000000,43960757
017960,2020-06-10,8400,8580,8290,8420,1235392,10432000000,43960757
017960,2020-06-11,8390,8400,8110,8170,1130084,9302000000,43960757
017960,2020-06-12,7700,7980,7690,7910,1246123,9780000000,43960757
017960,2020-06-15,7910,7920,7290,7310,1492334,11270000000,43960757
017960,2020-06-16,7500,7840,7450,7800,1477912,11329000000,43960757
017960,2020-06-17,7660,7910,7550,7800,907800,7040000000,43960757
017960,2020-06-18,7890,8100,7780,7910,908494,7249000000,43960757
017960,2020-06-19,8030,8090,7760,7880,910301,7198000000,43960757
017960,2020-06-22,7960,8170,7900,8000,796902,6390000000,43960757
017960,2020-06-23,8060,8090,7600,7800,872325,6882000000,43960757
017960,2020-06-24,7900,7910,7770,7850,481369,3769000000,43960757
017960,2020-06-25,7720,7770,7560,7710,532536,4085000000,43960757
017960,2020-06-26,7780,7800,7530,7640,424013,3240000000,43960757
017960,2020-06-29,7500,7560,7360,7430,451040,3356000000,43960757
017960,2020-06-30,7510,7670,7460,7510,437553,3302000000,43960757
017960,2020-07-01,7600,7700,7430,7470,349983,2645000000,43960757
017960,2020-07-02,7500,7550,7440,7530,223249,1673000000,43960757
017960,2020-07-03,7620,7620,7510,7580,213444,1611000000,43960757
017960,2020-07-06,7600,7780,7580,7760,410812,3171000000,43960757
017960,2020-07-07,7860,7870,7610,7680,398352,3071000000,43960757
017960,2020-07-08,7680,7760,7610,7620,245964,1883000000,43960757
017960,2020-07-09,7620,7750,7620,7680,296929,2281000000,43960757
017960,2020-07-10,7640,7680,7460,7520,384798,2898000000,43960757
017960,2020-07-13,7530,7930,7520,7910,841647,6550000000,43960757
017960,2020-07-14,7850,8050,7770,7970,683301,5404000000,43960757
017960,2020-07-15,8100,8500,8030,8500,1994502,16521000000,43960757
017960,2020-07-16,8650,8690,8360,8460,1291345,10992000000,43960757
017960,2020-07-17,8480,8500,8340,8470,508603,4272000000,43960757
017960,2020-07-20,8730,8810,8460,8590,1467727,12672000000,43960757
017960,2020-07-21,8670,8870,8530,8840,1531674,13391000000,43960757
017960,2020-07-22,8850,8930,8650,8670,959399,8394000000,43960757
017960,2020-07-23,8620,8660,8300,8330,1042743,8776000000,43960757
017960,2020-07-24,8210,8530,8120,8340,575230,4807000000,43960757
017960,2020-07-27,8270,8440,8270,8400,343910,2884000000,43960757
017960,2020-07-28,8400,8470,8250,8340,537572,4486000000,43960757
017960,2020-07-29,8380,8430,8200,8410,513810,4290000000,43960757
017960,2020-07-30,8450,8480,8270,8350,519631,4333000000,43960757
017960,2020-07-31,8380,8420,8280,8340,281367,2345000000,43960757
017960,2020-08-03,8380,8380,8190,8310,367750,3037000000,43960757
017960,2020-08-04,8400,8750,8350,8630,1555944,13413000000,43960757
017960,2020-08-05,8660,8670,8290,8380,1229590,10342000000,43960757
017960,2020-08-06,8390,8480,8350,8460,589122,4961000000,43960757
017960,2020-08-07,8460,8490,8190,8270,686002,5684000000,43960757
017960,2020-08-10,8310,8550,8270,8480,742452,6262000000,43960757
017960,2020-08-11,8540,8680,8500,8590,1087262,9336000000,43960757
017960,2020-08-12,8610,8650,8330,8540,703202,5972000000,43960757
017960,2020-08-13,8610,8740,8480,8640,975623,8420000000,43960757
017960,2020-08-14,8720,8770,8490,8660,1159370,10147000000,43960757
017960,2020-08-18,9200,9220,8280,8370,3408195,30127000000,43960757
017960,2020-08-19,8490,8560,8310,8400,818036,6888000000,43960757
017960,2020-08-20,8380,8390,7700,7740,1891676,14962000000,43960757
017960,2020-08-21,7860,8170,7730,8050,896541,7130000000,43960757
017960,2020-08-24,7970,8960,7800,8430,3557387,30464000000,43960757
017960,2020-08-25,8740,9330,8500,9250,7414165,67171000000,43960757
017960,2020-08-26,9410,9460,8900,9040,3287812,29947000000,43960757
017960,2020-08-27,9050,9180,8850,9080,1828731,16533000000,43960757
017960,2020-08-28,9040,9250,8870,8950,1526636,13828000000,43960757
017960,2020-08-31,8960,9180,8940,9070,1251052,11386000000,43960757
017960,2020-09-01,9090,10350,9090,10000,11204981,110921000000,43960757
017960,2020-09-02,9810,9980,9650,9760,6130179,59168000000,43960757
017960,2020-09-03,9990,10500,9900,9970,4372298,44197000000,43960757
017960,2020-09-04,9460,10050,9440,10000,2532676,24702000000,43960757
017960,2020-09-07,10200,11200,9940,10450,6434630,68507000000,43960757
017960,2020-09-08,10850,11100,10250,10350,2387780,25543000000,43960757
017960,2020-09-09,10050,10400,10000,10300,1255859,12839000000,43960757
017960,2020-09-10,10700,10750,10400,10500,1530992,16185000000,43960757
017960,2020-09-11,10450,10550,10000,10250,1303858,13285000000,43960757
017960,2020-09-14,10350,10500,9980,10200,1371691,14002000000,43960757
017960,2020-09-15,10250,10300,9900,10100,1124309,11276000000,43960757
017960,2020-09-16,10100,10150,9970,10000,678028,6805000000,43960757
017960,2020-09-17,10000,10100,9850,9900,674382,6694000000,43960757
017960,2020-09-18,9970,10250,9770,10200,884595,8863000000,43960757
017960,2020-09-21,10250,10350,9620,9720,1200587,11906000000,43960757
017960,2020-09-22,9720,9790,9200,9250,1399016,13053000000,43960757
017960,2020-09-23,9370,9380,8940,9240,805223,7396000000,43960757
017960,2020-09-24,9030,9400,8950,8950,862581,7822000000,43960757
017960,2020-09-25,9090,9210,8880,9050,508072,4608000000,43960757
017960,2020-09-28,9120,9380,9120,9320,537415,4989000000,43960757
017960,2020-09-29,9420,10050,9260,9540,2977654,28771000000,43960757
017960,2020-10-05,9460,9800,9430,9690,642695,6215000000,43960757
017960,2020-10-06,9750,10050,9710,9910,1528336,15158000000,43960757
017960,2020-10-07,9880,10150,9760,10100,1042771,10458000000,43960757
017960,2020-10-08,10200,10600,10050,10350,2129951,22125000000,43960757
017960,2020-10-12,10400,10500,10100,10250,655801,6709000000,43960757
017960,2020-10-13,10400,10550,10000,10100,1482078,15235000000,43960757
017960,2020-10-14,10100,10150,9960,9980,815761,8158000000,43960757
017960,2020-10-15,10000,10150,9780,10000,856013,8515000000,43960757
017960,2020-10-16,10050,10100,9780,9880,726135,7194000000,43960757
017960,2020-10-19,9820,9940,9660,9700,650678,6378000000,43960757
017960,2020-10-20,9610,9770,9460,9680,655378,6294000000,43960757
017960,2020-10-21,9640,11100,9620,11000,7445060,79243000000,43960757
017960,2020-10-22,10850,10900,10400,10850,3835726,40920000000,43960757
017960,2020-10-23,11150,11400,9980,10050,5145507,55203000000,43960757
017960,2020-10-26,10100,10100,9620,9620,1535780,15127000000,43960757
017960,2020-10-27,9550,9800,9440,9500,1173831,11271000000,43960757
017960,2020-10-28,9460,9970,9460,9890,904343,8845000000,43960757
017960,2020-10-29,9650,9820,9640,9780,818103,7951000000,43960757
017960,2020-10-30,9800,9850,9480,9510,766589,7371000000,43960757
017960,2020-11-02,9510,9730,9490,9710,423215,4085000000,43960757
017960,2020-11-03,9860,10100,9770,10050,1045830,10440000000,43960757
017960,2020-11-04,10250,10250,9890,9980,661132,6630000000,43960757
017960,2020-11-05,10100,10150,9970,10100,508549,5104000000,43960757
017960,2020-11-06,10150,10150,9980,10150,618189,6220000000,43960757
017960,2020-11-09,10300,10750,10150,10650,1380677,14566000000,43960757
017960,2020-11-10,10800,10900,10400,10550,881181,9392000000,43960757
017960,2020-11-11,10550,10700,10500,10600,619014,6573000000,43960757
017960,2020-11-12,10650,11050,10450,11000,1727362,18756000000,43960757
017960,2020-11-13,11000,11300,10850,11100,1329851,14745000000,43960757
017960,2020-11-16,11450,11750,11300,11500,2184368,25188000000,43960757
017960,2020-11-17,11600,11950,11500,11700,1643642,19266000000,43960757
017960,2020-11-18,11650,11700,11200,11350,1393639,15868000000,43960757
017960,2020-11-19,11200,11250,10700,10850,1751909,19037000000,43960757
017960,2020-11-20,10850,11300,10800,11250,1108023,12237000000,43960757
017960,2020-11-23,11450,12200,11400,11900,3974570,47056000000,43960757
017960,2020-11-24,12250,12450,11800,12050,1890613,22865000000,43960757
017960,2020-11-25,12150,13950,12100,13350,9167613,121240000000,43960757
017960,2020-11-26,13350,13500,12850,13200,1893456,24831000000,43960757
017960,2020-11-27,13200,13350,12850,13050,964738,12590000000,43960757
017960,2020-11-30,13250,13550,12950,13150,1644371,21841000000,43960757
017960,2020-12-01,13350,13450,12850,13050,1006833,13179000000,43960757
017960,2020-12-02,13100,13100,12650,12800,1262954,16154000000,43960757
017960,2020-12-03,12850,12900,12500,12650,998554,12616000000,43960757
017960,2020-12-04,12650,13050,12500,12700,1055298,13438000000,43960757
017960,2020-12-07,12850,12900,12150,12400,1136439,14068000000,43960757
017960,2020-12-08,12550,12950,12300,12650,1209332,15286000000,43960757
017960,2020-12-09,12750,14300,12700,13000,5422815,73253000000,43960757
017960,2020-12-10,12900,13250,12750,12850,941772,12200000000,43960757
017960,2020-12-11,13000,13600,12950,13250,1377514,18354000000,43960757
017960,2020-12-14,13350,13400,13000,13050,712542,9365000000,43960757
017960,2020-12-15,12950,13050,12550,12700,926290,11799000000,43960757
017960,2020-12-16,12850,12900,12550,12850,663952,8481000000,43960757
017960,2020-12-17,12800,13050,12700,13050,560320,7230000000,43960757
017960,2020-12-18,13150,13200,12900,12950,425126,5526000000,43960757
017960,2020-12-21,12900,13250,12750,13100,696178,9046000000,43960757
017960,2020-12-22,13150,13900,13050,13400,2743419,37157000000,43960757
017960,2020-12-23,13500,13850,13100,13250,1364481,18303000000,43960757
017960,2020-12-24,13600,13750,13300,13450,802180,10814000000,43960757
017960,2020-12-28,13600,13600,13000,13150,958567,12633000000,43960757
017960,2020-12-29,13150,13450,13050,13150,620539,8186000000,43960757
017960,2020-12-30,13200,13850,13200,13450,1229152,16687000000,43960757
017960,2021-01-04,13600,14350,13400,14250,2175238,30277000000,43960757
017960,2021-01-05,14250,14700,14100,14350,1380464,19835000000,43960757
017960,2021-01-06,14400,14750,13850,13900,1364522,19323000000,43960757
017960,2021-01-07,14050,14400,13900,14150,982157,13906000000,43960757
017960,2021-01-08,14250,14250,13700,13900,1072352,14865000000,43960757
017960,2021-01-11,13800,13850,13050,13500,1250002,16841000000,43960757
017960,2021-01-12,13400,13650,13050,13250,673566,8950000000,43960757
017960,2021-01-13,13300,13600,13250,13400,520103,6979000000,43960757
017960,2021-01-14,13400,13450,13150,13400,557070,7394000000,43960757
017960,2021-01-15,13500,13500,12850,12900,683387,8940000000,43960757
017960,2021-01-18,12700,12800,12400,12550,619309,7810000000,43960757
017960,2021-01-19,12550,12700,12300,12550,2671297,32793000000,43960757
017960,2021-01-20,12650,12850,12300,12650,1232963,15517000000,43960757
017960,2021-01-21,12700,13000,12500,12600,1281271,16262000000,43960757
017960,2021-01-22,12700,12700,12450,12650,501366,6304000000,43960757
017960,2021-01-25,12650,13300,12600,13250,1172239,15182000000,43960757
017960,2021-01-26,13550,13650,12900,13100,1424342,18890000000,43960757
017960,2021-01-27,13150,13300,12800,12850,542339,7022000000,43960757
017960,2021-01-28,12500,12750,12400,12400,726910,9114000000,43960757
017960,2021-01-29,12600,12650,11500,11750,1305970,15565000000,43960757
017960,2021-02-01,11600,12100,11250,12000,604368,7148000000,43960757
017960,2021-02-02,12100,12300,11750,11950,698341,8382000000,43960757
017960,2021-02-03,12050,12100,11600,11800,780398,9191000000,43960757
017960,2021-02-04,11750,11750,11250,11250,1462546,16676000000,43960757
017960,2021-02-05,11350,11550,11150,11450,892736,10112000000,43960757
017960,2021-02-08,11600,12750,11550,12050,3211915,39117000000,43960757
017960,2021-02-09,12150,12350,11850,11850,668801,8044000000,43960757
017960,2021-02-10,11850,12000,11600,11950,490262,5767000000,43960757
017960,2021-02-15,12100,12250,12000,12150,581800,7064000000,43960757
017960,2021-02-16,12250,12300,11950,12000,427907,5161000000,43960757
017960,2021-02-17,12100,12550,12000,12450,994540,12210000000,43960757
017960,2021-02-18,12400,12450,12050,12050,548672,6687000000,43960757
017960,2021-02-19,12050,12150,11750,12000,503514,6008000000,43960757
017960,2021-02-22,12050,12150,11900,11950,327891,3934000000,43960757
017960,2021-02-23,11950,12300,11750,12000,746287,9018000000,43960757
017960,2021-02-24,12000,12150,11350,11350,768194,8957000000,43960757
017960,2021-02-25,11550,11750,11500,11750,363714,4227000000,43960757
017960,2021-02-26,11400,11950,11350,11750,743785,8706000000,43960757
017960,2021-03-02,12000,12050,11450,11650,706346,8274000000,43960757
017960,2021-03-03,11650,11750,11500,11750,280332,3261000000,43960757
017960,2021-03-04,11550,11750,11450,11450,384685,4445000000,43960757
017960,2021-03-05,11300,11350,11000,11100,781280,8676000000,43960757
017960,2021-03-08,11200,11400,11000,11000,615257,6879000000,43960757
017960,2021-03-09,10950,11400,10600,11300,731352,7996000000,43960757
017960,2021-03-10,11450,11500,11050,11100,362001,4077000000,43960757
017960,2021-03-11,11100,11300,11000,11150,350117,3901000000,43960757
017960,2021-03-12,11250,11400,11150,11350,412610,4655000000,43960757
017960,2021-03-15,11400,11800,11250,11750,652680,7577000000,43960757
017960,2021-03-16,11850,12000,11600,11750,423715,5004000000,43960757
017960,2021-03-17,11800,11800,11500,11600,349194,4039000000,43960757
017960,2021-03-18,11700,11950,11450,11600,646503,7549000000,43960757
017960,2021-03-19,11400,11650,11400,11650,304843,3517000000,43960757
017960,2021-03-22,11750,11900,11550,11700,709043,8328000000,43960757
017960,2021-03-23,11900,12200,11700,11700,992620,11866000000,43960757
017960,2021-03-24,11550,11900,11450,11700,721606,8426000000,43960757
017960,2021-03-25,11700,11800,11400,11500,747224,8607000000,43960757
017960,2021-03-26,11600,12400,11500,12350,2706518,32797000000,43960757
017960,2021-03-29,12600,12850,12350,12450,3152584,39757000000,43960757
017960,2021-03-30,12500,12600,12050,12150,1068932,13052000000,43960757
017960,2021-03-31,12150,12700,12150,12300,1207984,15051000000,43960757
017960,2021-04-01,12450,12450,12050,12100,726285,8856000000,43960757
017960,2021-04-02,12250,12250,12000,12200,519264,6274000000,43960757
017960,2021-04-05,12300,12650,12200,12550,1039769,13015000000,43960757
017960,2021-04-06,12600,12650,12250,12400,576472,7138000000,43960757
017960,2021-04-07,12400,12400,12150,12300,664360,8136000000,43960757
017960,2021-04-08,12400,12550,12300,12350,766640,9505000000,43960757
017960,2021-04-09,12400,12400,12150,12250,473043,5780000000,43960757
017960,2021-04-12,12250,12400,12050,12150,671869,8187000000,43960757
017960,2021-04-13,12150,12300,12050,12150,514278,6245000000,43960757
017960,2021-04-14,12200,12250,12000,12150,492894,5971000000,43960757
017960,2021-04-15,12150,12450,12100,12200,654593,8033000000,43960757
017960,2021-04-16,12250,12400,12150,12200,492980,6034000000,43960757
017960,2021-04-19,12250,12300,12050,12200,449418,5470000000,43960757
017960,2021-04-20,12200,12550,12100,12400,1116305,13863000000,43960757
017960,2021-04-21,12350,12350,12050,12050,833719,10116000000,43960757
017960,2021-04-22,12150,12150,12000,12100,419793,5063000000,43960757
017960,2021-04-23,12050,12050,11800,11950,712919,8499000000,43960757
017960,2021-04-26,12000,12550,11950,12550,1628164,20142000000,43960757
017960,2021-04-27,12650,12650,12300,12450,856655,10653000000,43960757
017960,2021-04-28,12600,13100,12500,12550,3362723,43132000000,43960757
017960,2021-04-29,12650,12900,12300,12850,1468480,18564000000,43960757
017960,2021-04-30,13000,13300,12800,12850,2362211,30857000000,43960757
017960,2021-05-03,12950,13350,12800,12950,1724546,22528000000,43960757
017960,2021-05-04,13200,13600,12550,12800,3196044,41939000000,43960757
017960,2021-05-06,12600,12900,12550,12900,1263145,16090000000,43960757
017960,2021-05-07,13050,13050,12700,12750,742499,9504000000,43960757
017960,2021-05-10,12800,12850,12550,12650,801610,10118000000,43960757
017960,2021-05-11,12550,12600,12350,12450,1042361,12948000000,43960757
017960,2021-05-12,12400,12450,11850,12000,1393125,16833000000,43960757
017960,2021-05-13,11650,12000,11600,11750,696742,8219000000,43960757
017960,2021-05-14,11850,11950,11600,11750,425833,5009000000,43960757
017960,2021-05-17,11800,11850,11650,11750,449178,5272000000,43960757
017960,2021-05-18,11650,11800,11600,11750,437138,5101000000,43960757
017960,2021-05-20,11600,11750,11450,11600,497458,5748000000,43960757
017960,2021-05-21,11600,11700,11300,11400,591252,6783000000,43960757
017960,2021-05-24,11400,11600,11350,11450,322652,3690000000,43960757
017960,2021-05-25,11500,11550,11450,11500,265907,3057000000,43960757
017960,2021-05-26,11500,11600,11400,11600,276430,3173000000,43960757
017960,2021-05-27,11600,11850,11550,11850,371016,4342000000,43960757
017960,2021-05-28,12000,12100,11900,12050,636753,7646000000,43960757
017960,2021-05-31,12250,12400,12100,12300,925657,11333000000,43960757
017960,2021-06-01,12400,12700,12300,12650,1428594,17930000000,43960757
017960,2021-06-02,12700,12700,12450,12600,657959,8260000000,43960757
017960,2021-06-03,12600,12650,12300,12400,655021,8121000000,43960757
017960,2021-06-04,12300,12550,12200,12500,480908,5973000000,43960757
017960,2021-06-07,12500,12600,12300,12350,437326,5405000000,43960757
017960,2021-06-08,12200,12350,12150,12350,373118,4571000000,43960757
017960,2021-06-09,12200,12400,12200,12200,351624,4312000000,43960757
017960,2021-06-10,12200,12200,12000,12100,412191,4976000000,43960757
017960,2021-06-11,12100,12200,12050,12100,298326,3609000000,43960757
017960,2021-06-14,12050,12250,12050,12150,247521,2997000000,43960757
017960,2021-06-15,12200,12250,12000,12000,272119,3282000000,43960757
017960,2021-06-16,12000,12300,12000,12100,260854,3164000000,43960757
017960,2021-06-17,12100,12100,11950,12000,342297,4111000000,43960757
017960,2021-06-18,12000,12100,11800,11850,614720,7313000000,43960757
017960,2021-06-21,11700,11900,11650,11850,456688,5361000000,43960757
017960,2021-06-22,11950,12000,11850,11900,296376,3532000000,43960757
017960,2021-06-23,11900,12000,11700,11700,391759,4606000000,43960757
017960,2021-06-24,11700,11750,11550,11650,377053,4384000000,43960757
017960,2021-06-25,11650,11850,11650,11750,332166,3903000000,43960757
017960,2021-06-28,11800,11850,11650,11800,269052,3159000000,43960757
017960,2021-06-29,11850,11950,11800,11900,262744,3121000000,43960757
017960,2021-06-30,11900,11950,11850,11900,225660,2682000000,43960757
017960,2021-07-01,11900,11900,11700,11750,214157,2522000000,43960757
017960,2021-07-02,11750,11950,11750,11900,267801,3179000000,43960757
017960,2021-07-05,11900,12050,11850,12050,378749,4537000000,43960757
017960,2021-07-06,12100,12150,12000,12050,327488,3948000000,43960757
017960,2021-07-07,12050,12050,11850,11850,251280,2990000000,43960757
017960,2021-07-08,11850,11950,11600,11650,359500,4210000000,43960757
017960,2021-07-09,11500,11550,11300,11500,439226,5014000000,43960757
017960,2021-07-12,11550,11800,11500,11650,250690,2917000000,43960757
017960,2021-07-13,11750,11800,11650,11750,201763,2364000000,43960757
017960,2021-07-14,11650,11800,11600,11700,174521,2043000000,43960757
017960,2021-07-15,11800,11900,11700,11850,236208,2786000000,43960757
017960,2021-07-16,11800,11900,11750,11900,297613,3527000000,43960757
017960,2021-07-19,12000,12150,11800,11950,545502,6523000000,43960757
017960,2021-07-20,11850,12250,11800,11950,784869,9424000000,43960757
017960,2021-07-21,12100,12250,11950,12100,961730,11654000000,43960757
017960,2021-07-22,12200,12250,11900,11950,428912,5169000000,43960757
017960,2021-07-23,11950,12050,11800,11900,308393,3682000000,43960757
017960,2021-07-26,12000,12000,11750,11750,275979,3263000000,43960757
017960,2021-07-27,11900,11900,11750,11800,184140,2172000000,43960757
017960,2021-07-28,11700,11800,11600,11700,285301,3333000000,43960757
017960,2021-07-29,11750,11800,11650,11750,193894,2267000000,43960757
017960,2021-07-30,11750,11800,11550,11600,205952,2396000000,43960757
017960,2021-08-02,11650,11700,11500,11600,150273,1738000000,43960757
017960,2021-08-03,11500,11600,11400,11500,221346,2544000000,43960757
017960,2021-08-04,11500,11600,11400,11600,168621,1939000000,43960757
017960,2021-08-05,11600,11650,11500,11600,132389,1532000000,43960757
017960,2021-08-06,11600,11750,11500,11650,148427,1722000000,43960757
017960,2021-08-09,11600,11650,11450,11500,192300,2213000000,43960757
017960,2021-08-10,11450,11550,11300,11350,325916,3702000000,43960757
017960,2021-08-11,11350,11500,11300,11400,225380,2558000000,43960757
017960,2021-08-12,11400,11450,11200,11250,276903,3129000000,43960757
017960,2021-08-13,11250,11250,10800,10950,414385,4545000000,43960757
017960,2021-08-17,10850,10950,10250,10350,592375,6198000000,43960757
017960,2021-08-18,10200,10650,10200,10550,215381,2261000000,43960757
017960,2021-08-19,10500,10700,10050,10100,388508,3991000000,43960757
017960,2021-08-20,10150,10300,9880,9950,454764,4541000000,43960757
017960,2021-08-23,9950,10150,9910,10000,321933,3224000000,43960757
017960,2021-08-24,10150,10450,10100,10450,325654,3367000000,43960757
017960,2021-08-25,10500,10600,10350,10450,227849,2385000000,43960757
017960,2021-08-26,10600,10600,10300,10300,183873,1912000000,43960757
017960,2021-08-27,10250,10500,10200,10400,125948,1305000000,43960757
017960,2021-08-30,10550,10800,10450,10800,281725,3016000000,43960757
017960,2021-08-31,10850,10900,10550,10650,263279,2809000000,43960757
017960,2021-09-01,10700,11150,10600,11000,432297,4738000000,43960757
017960,2021-09-02,10950,11150,10850,11050,183490,2015000000,43960757
017960,2021-09-03,11050,11100,10900,11050,147713,1623000000,43960757
017960,2021-09-06,10950,11150,10900,11100,146102,1613000000,43960757
017960,2021-09-07,11250,11300,11100,11150,321972,3604000000,43960757
017960,2021-09-08,11200,11300,11050,11150,284802,3181000000,43960757
017960,2021-09-09,11100,11200,10900,10900,203449,2233000000,43960757
017960,2021-09-10,10900,11050,10800,11000,161893,1771000000,43960757
017960,2021-09-13,11000,11200,11000,11100,221293,2456000000,43960757
017960,2021-09-14,11100,11350,11050,11300,344576,3887000000,43960757
017960,2021-09-15,11300,11700,11150,11650,626567,7250000000,43960757
017960,2021-09-16,11700,11800,11550,11800,522654,6126000000,43960757
017960,2021-09-17,11950,11950,11600,11800,425860,5021000000,43960757
017960,2021-09-23,11600,11700,11450,11500,254223,2941000000,43960757
017960,2021-09-24,11550,11900,11550,11750,563792,6656000000,43960757
017960,2021-09-27,11850,11950,11750,11800,431071,5116000000,43960757
017960,2021-09-28,11950,11950,11700,11700,390118,4614000000,43960757
017960,2021-09-29,11400,11800,11250,11750,356644,4110000000,43960757
017960,2021-09-30,11650,11950,11650,11850,371745,4408000000,43960757
017960,2021-10-01,11750,11950,11600,11650,345064,4039000000,43960757
017960,2021-10-05,11500,11950,11050,11800,748094,8669000000,43960757
017960,2021-10-06,11950,11950,11400,11400,591832,6906000000,43960757
017960,2021-10-07,11550,11950,11500,11950,626411,7405000000,43960757
017960,2021-10-08,12000,12150,11750,11850,535007,6397000000,43960757
017960,2021-10-12,11850,12000,11700,11900,372412,4424000000,43960757
017960,2021-10-13,11850,12100,11750,12050,550074,6566000000,43960757
017960,2021-10-14,12100,12150,11950,12050,366136,4399000000,43960757
017960,2021-10-15,12100,12150,11850,11900,560276,6692000000,43960757
017960,2021-10-18,11900,11900,11750,11850,237075,2799000000,43960757
017960,2021-10-19,11900,11950,11750,11750,212115,2509000000,43960757
017960,2021-10-20,11850,11850,11500,11600,406650,4743000000,43960757
017960,2021-10-21,11600,11650,11450,11650,271659,3135000000,43960757
017960,2021-10-22,11650,11900,11500,11650,289845,3399000000,43960757
017960,2021-10-25,11600,12750,11550,12750,3501630,43660000000,43960757
017960,2021-10-26,12950,13100,12600,12800,1720397,22000000000,43960757
017960,2021-10-27,12750,13500,12700,13000,3346854,44306000000,43960757
017960,2021-10-28,13100,13400,12700,12900,1766781,23129000000,43960757
017960,2021-10-29,12900,13200,12450,12550,1057274,13439000000,43960757
017960,2021-11-01,12500,12850,12450,12600,830905,10495000000,43960757
017960,2021-11-02,12600,12650,12250,12350,752385,9304000000,43960757
017960,2021-11-03,12300,12350,12000,12050,784319,9489000000,43960757
017960,2021-11-04,12200,12250,11650,11750,733924,8708000000,43960757
017960,2021-11-05,11750,12050,11500,12050,620664,7323000000,43960757
017960,2021-11-08,12200,12250,11900,12000,308864,3710000000,43960757
017960,2021-11-09,12000,12200,11950,12000,346482,4163000000,43960757
017960,2021-11-10,11900,11950,11600,11600,433916,5091000000,43960757
017960,2021-11-11,11450,11600,11350,11450,405317,4649000000,43960757
017960,2021-11-12,11500,11850,11450,11500,469206,5450000000,43960757
017960,2021-11-15,11600,11650,11350,11550,322297,3704000000,43960757
017960,2021-11-16,11450,11550,11100,11200,714982,8039000000,43960757
017960,2021-11-17,11200,11200,10800,10900,498877,5466000000,43960757
017960,2021-11-18,10850,10850,10300,10350,2273764,23886000000,43960757
017960,2021-11-19,10400,10600,10350,10550,460904,4833000000,43960757
017960,2021-11-22,10600,10600,10250,10450,310554,3234000000,43960757
017960,2021-11-23,10500,10600,10400,10500,274335,2877000000,43960757
017960,2021-11-24,10600,10600,10300,10400,329292,3415000000,43960757
017960,2021-11-25,10400,10400,10300,10350,184495,1908000000,43960757
017960,2021-11-26,10300,10400,10000,10100,409303,4150000000,43960757
017960,2021-11-29,9790,10100,9770,9890,682539,6747000000,43960757
017960,2021-11-30,9960,10100,9310,9330,999824,9582000000,43960757
017960,2021-12-01,9350,9700,9100,9700,520018,4903000000,43960757
017960,2021-12-02,9580,9960,9510,9920,446186,4382000000,43960757
017960,2021-12-03,9920,9980,9860,9950,266977,2650000000,43960757
017960,2021-12-06,9940,10300,9890,10250,359223,3633000000,43960757
017960,2021-12-07,10350,10400,10250,10400,253682,2619000000,43960757
017960,2021-12-08,10750,10750,10450,10550,472372,5001000000,43960757
017960,2021-12-09,10600,10750,10500,10750,323772,3456000000,43960757
017960,2021-12-10,10700,10800,10550,10700,307892,3297000000,43960757
017960,2021-12-13,10800,11100,10650,11100,618549,6744000000,43960757
017960,2021-12-14,11000,11400,10850,11150,680085,7585000000,43960757
017960,2021-12-15,11150,11200,10800,10950,335903,3676000000,43960757
017960,2021-12-16,10950,11050,10700,10850,276789,2997000000,43960757
017960,2021-12-17,10700,10950,10650,10950,230893,2493000000,43960757
017960,2021-12-20,10850,10900,10550,10600,270131,2887000000,43960757
017960,2021-12-21,10600,10800,10500,10700,182281,1941000000,43960757
017960,2021-12-22,10800,10850,10700,10800,142507,1535000000,43960757
017960,2021-12-23,10850,10900,10500,10600,420756,4468000000,43960757
017960,2021-12-24,10600,10700,10450,10600,303373,3198000000,43960757
017960,2021-12-27,10600,10650,10450,10500,243499,2566000000,43960757
017960,2021-12-28,10550,10600,10450,10600,252533,2656000000,43960757
017960,2021-12-29,10550,10900,10550,10750,352539,3785000000,43960757
017960,2021-12-30,10750,10800,10600,10750,155920,1667000000,43960757
017960,2022-01-03,10850,11000,10800,10900,381195,4152000000,43960757
017960,2022-01-04,11000,11200,10850,11200,602655,6656000000,43960757
017960,2022-01-05,11350,11750,11250,11650,1841600,21369000000,43960757
017960,2022-01-06,11600,12400,11450,11900,2164536,26106000000,43960757
017960,2022-01-07,11950,12250,11650,11850,918691,10866000000,43960757
017960,2022-01-10,11850,12400,11600,12200,1781021,21761000000,43960757
017960,2022-01-11,12250,12300,11650,11750,971607,11522000000,43960757
017960,2022-01-12,11750,12050,11600,11900,655639,7773000000,43960757
017960,2022-01-13,12300,12450,12000,12050,1147421,14027000000,43960757
017960,2022-01-14,11900,12450,11900,12200,965338,11782000000,43960757
017960,2022-01-17,12200,12250,11750,11850,568468,6748000000,43960757
017960,2022-01-18,11850,11900,11250,11400,842366,9682000000,43960757
017960,2022-01-19,11100,11500,11100,11300,600486,6780000000,43960757
017960,2022-01-20,11250,11700,11200,11700,419883,4829000000,43960757
017960,2022-01-21,11550,11750,11450,11650,612305,7108000000,43960757
017960,2022-01-24,11650,11900,11250,11350,630177,7266000000,43960757
017960,2022-01-25,11400,11500,10700,10950,732912,8070000000,43960757
017960,2022-01-26,11000,11100,10750,10750,353601,3861000000,43960757
017960,2022-01-27,10750,10900,10200,10450,577702,6041000000,43960757
017960,2022-01-28,10450,10900,10300,10800,530331,5625000000,43960757
017960,2022-02-03,11000,11250,10850,11050,325852,3594000000,43960757
017960,2022-02-04,10950,11150,10850,11100,211530,2326000000,43960757
017960,2022-02-07,11150,11150,10750,10850,257595,2797000000,43960757
017960,2022-02-08,10850,11000,10500,10650,346630,3711000000,43960757
017960,2022-02-09,10700,10850,10550,10850,179009,1920000000,43960757
017960,2022-02-10,11000,11000,10650,10750,178622,1923000000,43960757
017960,2022-02-11,10600,10700,10350,10500,495704,5207000000,43960757
017960,2022-02-14,10200,10300,9980,10100,562491,5684000000,43960757
017960,2022-02-15,10100,10200,9950,9970,319377,3201000000,43960757
017960,2022-02-16,10200,10400,10150,10350,192024,1971000000,43960757
017960,2022-02-17,10300,10500,10100,10250,312445,3232000000,43960757
017960,2022-02-18,10050,10400,9990,10400,329986,3360000000,43960757
017960,2022-02-21,10300,10500,10200,10450,177295,1841000000,43960757
017960,2022-02-22,10150,10550,10100,10250,295833,3052000000,43960757
017960,2022-02-23,10450,11850,10450,11850,3677339,42129000000,43960757
017960,2022-02-24,11950,12200,11350,11400,2348926,27616000000,43960757
017960,2022-02-25,11650,12000,11400,11450,1539752,17929000000,43960757
017960,2022-02-28,11450,12000,11200,11950,1306476,15416000000,43960757
017960,2022-03-02,11950,12450,11900,12200,1443720,17656000000,43960757
017960,2022-03-03,12350,12350,11850,11950,832543,9991000000,43960757
017960,2022-03-04,12050,12750,12000,12600,2505225,31206000000,43960757
017960,2022-03-07,12450,12900,12250,12400,2251859,28485000000,43960757
017960,2022-03-08,12300,12400,11650,11700,1630282,19444000000,43960757
017960,2022-03-10,11800,11850,11200,11700,1089201,12580000000,43960757
017960,2022-03-11,11600,11950,11500,11650,566090,6606000000,43960757
017960,2022-03-14,11650,11800,11450,11700,496499,5791000000,43960757
017960,2022-03-15,11650,11700,11150,11200,681183,7682000000,43960757
017960,2022-03-16,11100,11200,10850,11000,723907,7947000000,43960757
017960,2022-03-17,11100,11200,10950,11050,502030,5553000000,43960757
017960,2022-03-18,11150,11450,11050,11300,512113,5774000000,43960757
017960,2022-03-21,11350,11550,11100,11250,380708,4336000000,43960757
017960,2022-03-22,11250,11750,11250,11700,516992,6013000000,43960757
017960,2022-03-23,11750,11800,11400,11600,384350,4442000000,43960757
017960,2022-03-24,11600,12200,11550,12150,910126,10833000000,43960757
017960,2022-03-25,12200,12300,11950,12150,589300,7159000000,43960757
017960,2022-03-28,12250,12400,11950,12250,654094,7993000000,43960757
017960,2022-03-29,12300,12300,11750,11850,639273,7642000000,43960757
017960,2022-03-30,11850,11950,11450,11600,572023,6653000000,43960757
017960,2022-03-31,11650,11950,11600,11750,476859,5611000000,43960757
017960,2022-04-01,11800,11850,11550,11550,263176,3060000000,43960757
017960,2022-04-04,11550,11700,11450,11600,184762,2142000000,43960757
017960,2022-04-05,11700,11700,11550,11600,159460,1848000000,43960757
017960,2022-04-06,11500,11600,11250,11450,336915,3843000000,43960757
017960,2022-04-07,11350,11350,10900,10950,697336,7697000000,43960757
017960,2022-04-08,11000,11100,10750,11100,318807,3490000000,43960757
017960,2022-04-11,11150,11600,11100,11500,631377,7219000000,43960757
017960,2022-04-12,11500,12200,11500,11950,1831793,21907000000,43960757
017960,2022-04-13,12000,12600,11800,12600,2073020,25579000000,43960757
017960,2022-04-14,12600,13350,12450,13150,3439034,45072000000,43960757
017960,2022-04-15,13050,13400,12750,13300,1741745,22922000000,43960757
017960,2022-04-18,13200,13600,13000,13100,1097863,14558000000,43960757
017960,2022-04-19,13150,13850,13000,13850,2031049,27657000000,43960757
017960,2022-04-20,13750,14000,13450,13850,1327432,18380000000,43960757
017960,2022-04-21,13850,14150,13250,13800,1344323,18407000000,43960757
017960,2022-04-22,13600,13900,13250,13400,1127401,15150000000,43960757
017960,2022-04-25,13050,13500,13000,13150,1014464,13437000000,43960757
017960,2022-04-26,13200,13200,12600,12850,1349010,17258000000,43960757
017960,2022-04-27,12500,13300,12500,13050,1118975,14559000000,43960757
017960,2022-04-28,13300,13450,13000,13100,780572,10278000000,43960757
017960,2022-04-29,13100,13250,12850,13150,408121,5344000000,43960757
017960,2022-05-02,12950,13450,12800,13000,811879,10606000000,43960757
017960,2022-05-03,13400,13900,13350,13400,2314510,31598000000,43960757
017960,2022-05-04,13800,14300,13450,13500,1855877,25727000000,43960757
017960,2022-05-06,13450,14400,13400,14050,2189382,30750000000,43960757
017960,2022-05-09,13900,14000,13300,13500,1159377,15704000000,43960757
017960,2022-05-10,13250,13950,13050,13950,1217225,16551000000,43960757
017960,2022-05-11,14000,14050,13200,13500,1150433,15537000000,43960757
017960,2022-05-12,13200,13750,12800,12900,1086892,14305000000,43960757
017960,2022-05-13,12850,13150,12800,12950,572142,7400000000,43960757
017960,2022-05-16,12900,13000,12600,12800,588508,7502000000,43960757
017960,2022-05-17,12650,12750,12400,12700,815338,10222000000,43960757
017960,2022-05-18,12800,12900,12300,12400,733469,9166000000,43960757
017960,2022-05-19,12000,12350,12000,12200,689155,8369000000,43960757
017960,2022-05-20,12350,12500,12150,12450,509495,6256000000,43960757
017960,2022-05-23,12450,12450,12050,12250,495996,6056000000,43960757
017960,2022-05-24,12250,12700,12100,12100,691874,8531000000,43960757
017960,2022-05-25,12250,13150,12050,12950,1587872,20400000000,43960757
017960,2022-05-26,12950,13500,12850,13350,935858,12367000000,43960757
017960,2022-05-27,13550,13600,13150,13250,420590,5599000000,43960757
017960,2022-05-30,13300,13350,12800,12900,554344,7217000000,43960757
017960,2022-05-31,13050,13400,12900,13000,452026,5902000000,43960757
017960,2022-06-02,13450,13650,13150,13450,817782,10967000000,43960757
017960,2022-06-03,13500,13650,13250,13600,454707,6151000000,43960757
017960,2022-06-07,13650,14000,13450,14000,785820,10838000000,43960757
017960,2022-06-08,14050,14100,13750,14000,649202,9082000000,43960757
017960,2022-06-09,14000,14700,14000,14150,1416407,20369000000,43960757
017960,2022-06-10,14150,14500,14050,14200,753093,10740000000,43960757
017960,2022-06-13,13900,14150,13500,13500,874120,12022000000,43960757
017960,2022-06-14,13250,13750,13150,13500,711010,9520000000,43960757
017960,2022-06-15,13400,13550,12700,12900,741855,9623000000,43960757
017960,2022-06-16,13200,13450,12950,13000,497541,6567000000,43960757
017960,2022-06-17,12600,13350,12600,13300,541032,7091000000,43960757
017960,2022-06-20,13450,13500,12950,13100,458246,6036000000,43960757
017960,2022-06-21,13150,14400,13100,14200,1682906,23589000000,43960757
017960,2022-06-22,14350,14900,13650,13650,2297700,32848000000,43960757
017960,2022-06-23,13900,14450,13400,13400,2114019,29272000000,43960757
017960,2022-06-24,13400,13800,13150,13700,845894,11417000000,43960757
017960,2022-06-27,13900,14300,13750,14000,727668,10212000000,43960757
017960,2022-06-28,13950,14350,13750,14300,833375,11785000000,43960757
017960,2022-06-29,14050,14750,14050,14550,1220784,17739000000,43960757
017960,2022-06-30,14600,15350,14450,14600,2600303,38793000000,43960757
017960,2022-07-01,14850,14900,14000,14050,1146490,16414000000,43960757
017960,2022-07-04,14150,14200,13100,13500,1403589,18900000000,43960757
017960,2022-07-05,13550,13750,13250,13750,941718,12676000000,43960757
017960,2022-07-06,13550,13550,12400,12550,1956894,25004000000,43960757
017960,2022-07-07,12650,13050,12500,12900,698811,8953000000,43960757
017960,2022-07-08,13150,13250,12900,13000,621615,8145000000,43960757
017960,2022-07-11,13150,13200,12600,12800,456192,5865000000,43960757
017960,2022-07-12,12600,13000,12500,12700,483939,6150000000,43960757
017960,2022-07-13,12550,12650,12150,12350,726665,8996000000,43960757
017960,2022-07-14,12350,12550,12100,12450,423733,5233000000,43960757
017960,2022-07-15,12450,12500,12050,12200,503272,6149000000,43960757
017960,2022-07-18,12300,13100,12300,13100,873195,11197000000,43960757
017960,2022-07-19,13000,13350,12900,13100,422346,5536000000,43960757
017960,2022-07-20,13300,13300,12850,13050,423562,5521000000,43960757
017960,2022-07-21,13050,13550,12950,13500,697471,9332000000,43960757
017960,2022-07-22,13500,13650,13200,13250,453720,6051000000,43960757
017960,2022-07-25,13150,13400,13050,13200,268514,3550000000,43960757
017960,2022-07-26,13350,13750,13250,13500,529429,7156000000,43960757
017960,2022-07-27,13600,13700,13300,13550,504160,6818000000,43960757
017960,2022-07-28,13700,13850,13500,13750,920262,12608000000,43960757
017960,2022-07-29,13850,14150,13650,13950,853049,11903000000,43960757
017960,2022-08-01,14150,14450,13950,14300,925615,13194000000,43960757
017960,2022-08-02,14350,14900,14100,14750,1688498,24689000000,43960757
017960,2022-08-03,14650,14950,14250,14500,702593,10226000000,43960757
017960,2022-08-04,14600,14650,14000,14100,920355,13030000000,43960757
017960,2022-08-05,14100,14250,13750,14050,523095,7330000000,43960757
017960,2022-08-08,13900,14450,13850,14350,655776,9317000000,43960757
017960,2022-08-09,14400,14600,14150,14550,763424,10979000000,43960757
017960,2022-08-10,14500,15550,14450,15400,2724598,41546000000,43960757
017960,2022-08-11,15400,15450,14950,15100,1159640,17554000000,43960757
017960,2022-08-12,15200,15750,14500,14550,1681761,25062000000,43960757
017960,2022-08-16,14650,14750,14200,14350,779164,11258000000,43960757
017960,2022-08-17,14150,14550,13900,14000,910968,12876000000,43960757
017960,2022-08-18,14000,14800,13850,14750,1026666,14867000000,43960757
017960,2022-08-19,14900,16050,14750,15100,4142266,64379000000,43960757
017960,2022-08-22,15100,15700,14900,15400,1736777,26775000000,43960757
017960,2022-08-23,15400,16200,15250,16050,2149297,34313000000,43960757
017960,2022-08-24,16050,16050,15400,15450,1503837,23427000000,43960757
017960,2022-08-25,15550,15850,14800,14900,1632617,24614000000,43960757
017960,2022-08-26,15050,15350,14750,15050,1188602,17905000000,43960757
017960,2022-08-29,14500,15050,14400,14600,1029358,15065000000,43960757
017960,2022-08-30,14750,15250,14700,14900,1034915,15445000000,43960757
017960,2022-08-31,14750,14800,14250,14500,957588,13789000000,43960757
017960,2022-09-01,14400,14650,13950,14000,924111,13174000000,43960757
017960,2022-09-02,14200,14450,13850,14200,639780,9085000000,43960757
017960,2022-09-05,14150,14650,14050,14250,876705,12613000000,43960757
017960,2022-09-06,14350,14700,14250,14700,721970,10473000000,43960757
017960,2022-09-07,14550,14600,14100,14300,693770,9950000000,43960757
017960,2022-09-08,14400,14500,13700,13850,980404,13676000000,43960757
017960,2022-09-13,14000,14050,13400,13750,878822,11970000000,43960757
017960,2022-09-14,13400,13700,13250,13650,796267,10769000000,43960757
017960,2022-09-15,13750,14300,13700,14100,791351,11132000000,43960757
017960,2022-09-16,13900,14200,13550,13750,1395931,19215000000,43960757
017960,2022-09-19,13700,13750,13150,13300,769352,10350000000,43960757
017960,2022-09-20,13450,13500,13150,13300,458995,6089000000,43960757
017960,2022-09-21,13200,14000,13200,13700,790287,10884000000,43960757
017960,2022-09-22,13650,14100,13550,14000,466936,6484000000,43960757
017960,2022-09-23,14000,14250,13350,13550,458837,6310000000,43960757
017960,2022-09-26,13250,13300,12450,12650,1005603,12837000000,43960757
017960,2022-09-27,12500,12700,12250,12550,654920,8146000000,43960757
017960,2022-09-28,12450,12750,11700,11900,772900,9392000000,43960757
017960,2022-09-29,12300,12500,11800,11850,496177,6040000000,43960757
017960,2022-09-30,11600,12150,11450,11900,473285,5591000000,43960757
017960,2022-10-04,12300,12400,12050,12400,369815,4533000000,43960757
017960,2022-10-05,12650,12800,11800,12000,643655,7788000000,43960757
017960,2022-10-06,12150,12500,12100,12350,526772,6484000000,43960757
017960,2022-10-07,12200,12450,11900,12000,406598,4943000000,43960757
017960,2022-10-11,11700,11750,11050,11300,764887,8652000000,43960757
017960,2022-10-12,11200,11600,11100,11400,361768,4098000000,43960757
017960,2022-10-13,11250,11300,10650,10700,534998,5820000000,43960757
017960,2022-10-14,11050,11250,10900,11150,436156,4840000000,43960757
017960,2022-10-17,10900,11400,10800,11300,343920,3832000000,43960757
017960,2022-10-18,11500,11600,11200,11450,321586,3666000000,43960757
017960,2022-10-19,11500,11700,11150,11200,338271,3867000000,43960757
017960,2022-10-20,11250,11500,11000,11100,285183,3189000000,43960757
017960,2022-10-21,11150,11250,10700,10750,457470,4974000000,43960757
017960,2022-10-24,10950,11150,10800,10900,262322,2879000000,43960757
017960,2022-10-25,10900,11050,10450,10650,423993,4524000000,43960757
017960,2022-10-26,10650,10800,10500,10550,245230,2610000000,43960757
017960,2022-10-27,10600,10900,10550,10850,375796,4030000000,43960757
017960,2022-10-28,10800,11250,10750,11050,379545,4215000000,43960757
017960,2022-10-31,11300,11300,11000,11100,206377,2298000000,43960757
017960,2022-11-01,11250,11600,11100,11600,529633,6062000000,43960757
017960,2022-11-02,11600,11700,11350,11450,411090,4731000000,43960757
017960,2022-11-03,11150,12000,11100,11900,485271,5677000000,43960757
017960,2022-11-04,11900,12200,11650,11750,441693,5238000000,43960757
017960,2022-11-07,11800,11800,11400,11550,376464,4335000000,43960757
017960,2022-11-08,11550,11650,11350,11550,372391,4275000000,43960757
017960,2022-11-09,11600,11600,11150,11300,678876,7689000000,43960757
017960,2022-11-10,11200,11250,10850,11000,781779,8613000000,43960757
017960,2022-11-11,11250,11450,11000,11250,1032137,11566000000,43960757
017960,2022-11-14,11300,11350,10800,10900,959606,10554000000,43960757
017960,2022-11-15,11200,12200,11150,12100,4039098,48091000000,43960757
017960,2022-11-16,12200,12750,12050,12550,2010889,24978000000,43960757
017960,2022-11-17,12500,12600,12250,12400,755296,9365000000,43960757
017960,2022-11-18,12400,12650,12100,12150,732806,9086000000,43960757
017960,2022-11-21,12250,12250,11800,11950,476905,5724000000,43960757
017960,2022-11-22,11850,12150,11850,11950,371198,4443000000,43960757
017960,2022-11-23,12000,12400,11950,12300,494306,6022000000,43960757
017960,2022-11-24,12400,12400,12150,12200,319341,3909000000,43960757
017960,2022-11-25,12150,12250,12000,12050,236850,2863000000,43960757
017960,2022-11-28,11950,12050,11600,11750,417486,4926000000,43960757
017960,2022-11-29,11700,11900,11600,11800,226702,2668000000,43960757
017960,2022-11-30,11800,12100,11600,11900,347831,4127000000,43960757
017960,2022-12-01,12100,12150,11850,11900,325346,3885000000,43960757
017960,2022-12-02,11950,11950,11600,11650,340479,3984000000,43960757
017960,2022-12-05,11700,11800,11500,11750,225540,2629000000,43960757
017960,2022-12-06,11550,12150,11500,12150,480794,5716000000,43960757
017960,2022-12-07,12050,12150,11950,11950,432831,5209000000,43960757
017960,2022-12-08,12000,12100,11550,11600,489099,5754000000,43960757
017960,2022-12-09,11700,11750,11300,11400,604750,6916000000,43960757
017960,2022-12-12,11350,11500,11200,11250,415881,4708000000,43960757
017960,2022-12-13,11400,11900,11300,11750,689398,8052000000,43960757
017960,2022-12-14,11750,11850,11600,11750,225101,2638000000,43960757
017960,2022-12-15,11700,11900,11600,11800,216268,2551000000,43960757
017960,2022-12-16,11600,11900,11450,11650,411286,4831000000,43960757
017960,2022-12-19,11650,11700,11500,11550,171600,1989000000,43960757
017960,2022-12-20,11500,11650,11200,11300,342254,3882000000,43960757
017960,2022-12-21,11300,11350,11100,11150,309166,3454000000,43960757
017960,2022-12-22,11200,11550,11200,11500,404222,4610000000,43960757
017960,2022-12-23,11300,11350,11100,11150,274359,3066000000,43960757
017960,2022-12-26,11200,11250,11000,11200,233245,2596000000,43960757
017960,2022-12-27,11150,11300,11150,11250,322396,3618000000,43960757
017960,2022-12-28,11100,11550,11100,11400,317293,3620000000,43960757
017960,2022-12-29,11350,11450,10900,11050,381042,4216000000,43960757
017960,2023-01-02,11200,11250,10750,10800,221446,2410000000,43960757
017960,2023-01-03,10700,10850,10400,10750,345794,3660000000,43960757
017960,2023-01-04,10600,11000,10500,10900,234788,2548000000,43960757
017960,2023-01-05,10950,11050,10350,10500,637940,6721000000,43960757
017960,2023-01-06,10350,10550,10300,10450,382962,4005000000,43960757
017960,2023-01-09,10550,10750,10550,10700,244073,2599000000,43960757
017960,2023-01-10,10650,10950,10600,10600,297254,3194000000,43960757
017960,2023-01-11,10650,10750,10600,10750,246441,2632000000,43960757
017960,2023-01-12,10850,11050,10800,10850,363139,3969000000,43960757
017960,2023-01-13,10950,11050,10750,10900,282337,3073000000,43960757
017960,2023-01-16,10900,10950,10700,10800,340264,3685000000,43960757
017960,2023-01-17,10800,11050,10650,10700,369304,3998000000,43960757
017960,2023-01-18,10750,10750,10600,10650,200253,2131000000,43960757
017960,2023-01-19,10650,10750,10350,10450,664165,6965000000,43960757
017960,2023-01-20,10500,10600,10400,10500,281108,2949000000,43960757
017960,2023-01-25,10560,10630,10520,10550,238804,2521000000,43960757
017960,2023-01-26,10600,11250,10600,11130,1127408,12411000000,43960757
017960,2023-01-27,11140,11520,11030,11480,969500,11008000000,43960757
017960,2023-01-30,11570,11790,11500,11660,839690,9813000000,43960757
017960,2023-01-31,11600,12080,11580,12000,924805,11054000000,43960757
017960,2023-02-01,12070,12190,11700,11800,626429,7439000000,43960757
017960,2023-02-02,11850,12000,11760,11890,334734,3982000000,43960757
017960,2023-02-03,11880,11920,11650,11820,306827,3616000000,43960757
017960,2023-02-06,11770,11930,11640,11870,279285,3300000000,43960757
017960,2023-02-07,11760,11900,11480,11630,474830,5516000000,43960757
017960,2023-02-08,11630,11730,11500,11560,376629,4360000000,43960757
017960,2023-02-09,11470,11620,11470,11570,224489,2592000000,43960757
017960,2023-02-10,11500,11930,11420,11850,416236,4878000000,43960757
017960,2023-02-13,12030,12320,11890,12220,788125,9551000000,43960757
017960,2023-02-14,12290,12310,11920,11960,438956,5295000000,43960757
017960,2023-02-15,12130,12290,11860,11970,552206,6666000000,43960757
017960,2023-02-16,12020,12120,11900,11910,297242,3562000000,43960757
017960,2023-02-17,11820,11870,11640,11730,310737,3642000000,43960757
017960,2023-02-20,11710,11900,11550,11730,271020,3175000000,43960757
017960,2023-02-21,11740,11990,11700,11860,306499,3632000000,43960757
017960,2023-02-22,11740,11940,11630,11760,223220,2624000000,43960757
017960,2023-02-23,11830,11870,11550,11810,278388,3260000000,43960757
017960,2023-02-24,11760,11840,11430,11570,373056,4315000000,43960757
017960,2023-02-27,11540,11540,11270,11290,224707,2548000000,43960757
017960,2023-02-28,11300,11430,11180,11230,193935,2188000000,43960757
017960,2023-03-02,11250,11410,11210,11250,217635,2460000000,43960757
017960,2023-03-03,11280,11380,11150,11260,224436,2520000000,43960757
017960,2023-03-06,11270,11550,11170,11430,306973,3498000000,43960757
017960,2023-03-07,11400,11480,11200,11270,297411,3354000000,43960757
017960,2023-03-08,11230,11300,10970,11100,374785,4169000000,43960757
017960,2023-03-09,11190,11390,11140,11190,186492,2098000000,43960757
017960,2023-03-10,11120,11280,10900,10970,289896,3205000000,43960757
017960,2023-03-13,10880,11130,10690,11060,248068,2709000000,43960757
017960,2023-03-14,10960,11000,10700,10710,359127,3874000000,43960757
017960,2023-03-15,10900,10970,10700,10810,242203,2635000000,43960757
017960,2023-03-16,10720,10720,10460,10590,450881,4747000000,43960757
017960,2023-03-17,10600,10920,10560,10910,251963,2715000000,43960757
017960,2023-03-20,10800,11190,10790,10820,297952,3280000000,43960757
017960,2023-03-21,10820,11090,10750,11090,278579,3050000000,43960757
017960,2023-03-22,11210,11250,11100,11180,266567,2976000000,43960757
017960,2023-03-23,11140,11190,11010,11080,225777,2499000000,43960757
017960,2023-03-24,11090,11110,10790,10980,240144,2626000000,43960757
017960,2023-03-27,10980,11100,10810,11020,175385,1922000000,43960757
017960,2023-03-28,11360,12280,11300,12200,2331201,27762000000,43960757
017960,2023-03-29,12200,12220,11860,11980,821106,9850000000,43960757
017960,2023-03-30,12010,12320,11760,12170,671498,8066000000,43960757
017960,2023-03-31,12180,12380,12080,12280,598123,7302000000,43960757
017960,2023-04-03,12400,12960,12260,12490,1533649,19342000000,43960757
017960,2023-04-04,12550,12820,12340,12450,732671,9213000000,43960757
017960,2023-04-05,12270,12430,11850,12010,827289,9954000000,43960757
017960,2023-04-06,11990,12330,11850,12010,410536,4959000000,43960757
017960,2023-04-07,12130,12130,11600,11690,595432,7019000000,43960757
017960,2023-04-10,11700,11890,11470,11840,449454,5260000000,43960757
017960,2023-04-11,11790,11950,11700,11920,350397,4156000000,43960757
017960,2023-04-12,11960,12180,11890,11890,458494,5506000000,43960757
017960,2023-04-13,11880,11970,11670,11830,283101,3343000000,43960757
017960,2023-04-14,11910,12200,11780,12080,647560,7777000000,43960757
017960,2023-04-17,12090,12440,12090,12250,589267,7245000000,43960757
017960,2023-04-18,12390,12390,11960,12070,408667,4929000000,43960757
017960,2023-04-19,12070,12920,11970,12700,1482353,18792000000,43960757
017960,2023-04-20,12920,12980,12470,12530,918652,11654000000,43960757
017960,2023-04-21,11500,11900,11220,11580,4514249,51897000000,43960757
017960,2023-04-24,11550,12020,11410,11800,1801531,21296000000,43960757
017960,2023-04-25,11810,11910,11590,11650,578856,6772000000,43960757
017960,2023-04-26,11600,11790,11490,11510,437461,5082000000,43960757
017960,2023-04-27,11520,11630,11250,11530,381353,4349000000,43960757
017960,2023-04-28,11640,11750,11330,11450,301159,3483000000,43960757
017960,2023-05-02,11450,11450,11040,11180,680686,7626000000,43960757
017960,2023-05-03,11160,11330,11110,11150,349571,3924000000,43960757
017960,2023-05-04,11180,11450,11030,11080,333611,3720000000,43960757
017960,2023-05-08,11100,11410,11100,11220,290282,3276000000,43960757
017960,2023-05-09,11280,11680,11250,11540,629373,7255000000,43960757
017960,2023-05-10,11540,11630,11390,11500,246236,2835000000,43960757
017960,2023-05-11,11520,11630,11320,11350,296261,3388000000,43960757
017960,2023-05-12,11370,11370,11120,11150,282585,3143000000,43960757
017960,2023-05-15,10840,11010,10820,10870,532656,5796000000,43960757
017960,2023-05-16,10940,10980,10850,10950,196760,2144000000,43960757
017960,2023-05-17,10870,10950,10850,10900,167504,1824000000,43960757
017960,2023-05-18,11030,11070,10900,10960,183095,2008000000,43960757
017960,2023-05-19,11000,11090,10890,10900,381564,4175000000,43960757
017960,2023-05-22,10950,11380,10870,11360,568780,6406000000,43960757
017960,2023-05-23,11460,11510,11300,11330,308499,3508000000,43960757
017960,2023-05-24,11290,11790,11260,11560,617675,7156000000,43960757
017960,2023-05-25,11600,11720,11390,11390,284611,3272000000,43960757
017960,2023-05-26,11490,11490,11220,11240,251298,2836000000,43960757
017960,2023-05-30,11260,11540,11260,11360,189160,2150000000,43960757
017960,2023-05-31,11360,11470,11300,11310,127875,1454000000,43960757
017960,2023-06-01,11310,11390,11280,11310,147318,1665000000,43960757
017960,2023-06-02,11320,11450,11290,11370,237895,2699000000,43960757
017960,2023-06-05,11450,12000,11440,11790,911478,10760000000,43960757
017960,2023-06-07,12000,12040,11820,11870,556205,6629000000,43960757
017960,2023-06-08,11900,12080,11800,11920,445254,5315000000,43960757
017960,2023-06-09,12010,12010,11650,11660,404944,4752000000,43960757
017960,2023-06-12,11770,11840,11520,11780,342798,4002000000,43960757
017960,2023-06-13,11780,11830,11650,11680,237830,2791000000,43960757
017960,2023-06-14,11790,12030,11570,11620,502486,5921000000,43960757
017960,2023-06-15,11620,11980,11600,11920,384385,4543000000,43960757
017960,2023-06-16,12000,12390,11950,12290,923900,11291000000,43960757
017960,2023-06-19,12340,12410,12200,12320,355531,4377000000,43960757
017960,2023-06-20,12420,12550,12200,12420,482316,5984000000,43960757
017960,2023-06-21,12510,12510,12010,12010,739521,9066000000,43960757
017960,2023-06-22,12330,12500,12030,12110,843175,10335000000,43960757
017960,2023-06-23,12130,12130,11710,11750,575891,6806000000,43960757
017960,2023-06-26,11750,12050,11520,12050,608017,7120000000,43960757
017960,2023-06-27,12060,12170,11700,11830,598079,7138000000,43960757
017960,2023-06-28,11930,11930,11610,11700,332806,3916000000,43960757
017960,2023-06-29,11710,11770,11430,11530,241146,2797000000,43960757
017960,2023-06-30,11540,11720,11480,11650,180023,2089000000,43960757
017960,2023-07-03,11780,11780,11630,11660,186992,2182000000,43960757
017960,2023-07-04,11590,12010,11540,11960,457340,5427000000,43960757
017960,2023-07-05,12010,12070,11800,11980,302684,3615000000,43960757
017960,2023-07-06,12050,12190,11700,11850,521130,6238000000,43960757
017960,2023-07-07,11850,12160,11800,11980,603702,7244000000,43960757
017960,2023-07-10,11960,12250,11960,12090,599449,7273000000,43960757
017960,2023-07-11,12150,12230,12010,12180,497933,6038000000,43960757
017960,2023-07-12,12170,13250,12150,13060,2596064,33364000000,43960757
017960,2023-07-13,13430,13950,13000,13640,2790775,37871000000,43960757
017960,2023-07-14,13640,13840,13010,13840,1639970,22023000000,43960757
017960,2023-07-17,14110,14480,13840,14030,1680997,23783000000,43960757
017960,2023-07-18,13960,14500,13750,14130,1552564,21819000000,43960757
017960,2023-07-19,14380,14790,14080,14160,1552918,22387000000,43960757
017960,2023-07-20,14340,14410,13830,14200,553197,7822000000,43960757
017960,2023-07-21,14100,14300,13780,13930,500848,6991000000,43960757
017960,2023-07-24,13900,14460,13830,14260,856515,12163000000,43960757
017960,2023-07-25,14260,14270,13880,14000,501054,7005000000,43960757
017960,2023-07-26,14000,14050,13400,13740,768273,10577000000,43960757
017960,2023-07-27,13850,14200,13360,13460,710530,9783000000,43960757
017960,2023-07-28,13450,14410,13410,14350,951216,13510000000,43960757
017960,2023-07-31,14470,14720,14120,14380,720368,10390000000,43960757
017960,2023-08-01,14410,14410,13860,14060,608907,8568000000,43960757
017960,2023-08-02,13900,14410,13820,13960,626763,8851000000,43960757
017960,2023-08-03,14100,14190,13430,13740,438010,5991000000,43960757
017960,2023-08-04,13740,14980,13740,14500,2190847,32073000000,43960757
017960,2023-08-07,14360,14400,13970,14180,558497,7909000000,43960757
017960,2023-08-08,14220,14820,14220,14600,870402,12691000000,43960757
017960,2023-08-09,14600,14750,14250,14560,548412,7952000000,43960757
017960,2023-08-10,14600,15240,14520,15070,1410427,21134000000,43960757
017960,2023-08-11,15070,15200,14370,14370,982788,14384000000,43960757
017960,2023-08-14,14390,14490,13630,13810,853080,11874000000,43960757
017960,2023-08-16,13650,13980,13450,13520,585883,8018000000,43960757
017960,2023-08-17,13490,13850,13100,13640,497678,6689000000,43960757
017960,2023-08-18,13460,13500,13150,13380,543418,7233000000,43960757
017960,2023-08-21,13360,13570,13330,13380,217001,2912000000,43960757
017960,2023-08-22,13400,13520,13120,13360,245276,3272000000,43960757
017960,2023-08-23,13450,13450,12990,13060,346368,4548000000,43960757
017960,2023-08-24,13100,13350,12810,13220,448878,5864000000,43960757
017960,2023-08-25,13090,13290,13050,13130,173052,2275000000,43960757
017960,2023-08-28,13300,13700,13260,13650,390926,5312000000,43960757
017960,2023-08-29,13790,13850,13610,13770,302828,4158000000,43960757
017960,2023-08-30,13770,13930,13660,13820,221571,3058000000,43960757
017960,2023-08-31,13850,14550,13810,14490,1216100,17441000000,43960757
017960,2023-09-01,14450,14510,13690,13800,486275,6803000000,43960757
017960,2023-09-04,13810,14000,13700,13850,198092,2738000000,43960757
017960,2023-09-05,13850,13910,13400,13670,256833,3491000000,43960757
017960,2023-09-06,13640,13750,13340,13370,275923,3706000000,43960757
017960,2023-09-07,13320,13460,13200,13340,168271,2239000000,43960757
017960,2023-09-08,13440,13440,13160,13350,156671,2083000000,43960757
017960,2023-09-11,13440,13790,13140,13780,316640,4297000000,43960757
017960,2023-09-12,13780,13850,13240,13250,272673,3651000000,43960757
017960,2023-09-13,13270,13290,12860,12900,340781,4424000000,43960757
017960,2023-09-14,12900,13070,12840,12900,130432,1685000000,43960757
017960,2023-09-15,12950,13280,12910,13240,208647,2749000000,43960757
017960,2023-09-18,13240,13280,13120,13160,103560,1366000000,43960757
017960,2023-09-19,13180,13330,12990,13020,119041,1560000000,43960757
017960,2023-09-20,13020,13130,12950,13080,86718,1129000000,43960757
017960,2023-09-21,13090,13090,12560,12610,304989,3880000000,43960757
017960,2023-09-22,12520,12600,12420,12450,144275,1801000000,43960757
017960,2023-09-25,12340,12550,12340,12360,108295,1345000000,43960757
017960,2023-09-26,12370,12500,12220,12220,117294,1441000000,43960757
017960,2023-09-27,12230,12560,12200,12550,96700,1194000000,43960757
017960,2023-10-04,12550,12550,12090,12110,112577,1377000000,43960757
017960,2023-10-05,12310,12380,12130,12150,117716,1439000000,43960757
017960,2023-10-06,12030,12470,12030,12440,84140,1038000000,43960757
017960,2023-10-10,12420,12840,12420,12580,190639,2415000000,43960757
017960,2023-10-11,12680,12760,12410,12540,199463,2502000000,43960757
017960,2023-10-12,12600,12600,12120,12260,201319,2471000000,43960757
017960,2023-10-13,12220,12230,11950,11960,200715,2413000000,43960757
017960,2023-10-16,11950,12220,11890,12200,298607,3619000000,43960757
017960,2023-10-17,12210,12320,11900,11950,205526,2477000000,43960757
017960,2023-10-18,11970,12020,11610,11650,180822,2136000000,43960757
017960,2023-10-19,11550,11590,11270,11330,217847,2481000000,43960757
017960,2023-10-20,11120,11310,11000,11090,229796,2558000000,51908452
017960,2023-10-23,11000,11740,11000,11600,251819,2910000000,51908452
017960,2023-10-24,11540,11690,11220,11680,110280,1263000000,51908452
017960,2023-10-25,11800,12330,11700,12250,295989,3569000000,51908452
017960,2023-10-26,12230,12330,11900,11970,162284,1968000000,51908452
017960,2023-10-27,11970,12230,11870,12000,164931,1982000000,51908452
017960,2023-10-30,12000,12220,11840,11950,107198,1290000000,51908452
017960,2023-10-31,11970,12010,11230,11390,237782,2737000000,51908452
017960,2023-11-01,11510,11580,11390,11460,88153,1010000000,51908452
017960,2023-11-02,11540,12070,11540,11850,178549,2122000000,51908452
017960,2023-11-03,11930,12370,11840,12290,283074,3453000000,51908452
017960,2023-11-06,12400,12420,12200,12330,195129,2398000000,51908452
017960,2023-11-07,12330,12390,12080,12190,104696,1280000000,51908452
017960,2023-11-08,12260,12280,11750,11800,218018,2597000000,51908452
017960,2023-11-09,11850,11900,11420,11450,325892,3750000000,51908452
017960,2023-11-10,11380,11450,11280,11400,194406,2206000000,51908452
017960,2023-11-13,11420,11570,11200,11330,211557,2404000000,51908452
017960,2023-11-14,11340,11520,11340,11490,118400,1357000000,51908452
017960,2023-11-15,11600,11820,11510,11780,377737,4414000000,51908452
017960,2023-11-16,11820,11900,11710,11810,253715,2989000000,51908452
017960,2023-11-17,11820,11870,11640,11730,152585,1790000000,51908452
017960,2023-11-20,11810,12380,11730,12170,617750,7515000000,51908452
017960,2023-11-21,12180,12220,11990,12000,335143,4042000000,51908452
017960,2023-11-22,12040,12300,11980,12200,266452,3258000000,51908452
017960,2023-11-23,12310,12330,12070,12080,172750,2101000000,51908452
017960,2023-11-24,12080,12160,12010,12110,72944,881000000,51908452
017960,2023-11-27,12200,12230,12000,12100,121130,1468000000,51908452
017960,2023-11-28,12200,12560,12040,12540,479136,5956000000,51908452
017960,2023-11-29,12570,12600,12360,12430,284216,3538000000,51908452
017960,2023-11-30,12510,12510,12270,12390,238315,2939000000,51908452
017960,2023-12-01,12450,12520,12280,12470,187513,2328000000,51908452
017960,2023-12-04,12500,12570,12310,12380,255749,3176000000,51908452
017960,2023-12-05,12300,12420,11950,11970,347420,4218000000,51908452
017960,2023-12-06,12060,12110,11900,12010,156847,1881000000,51908452
017960,2023-12-07,12030,12040,11610,11710,357335,4190000000,51908452
017960,2023-12-08,11820,11830,11580,11630,212465,2478000000,51908452
017960,2023-12-11,11650,11730,11580,11580,107974,1254000000,51908452
017960,2023-12-12,11640,11750,11610,11690,140374,1641000000,51908452
017960,2023-12-13,11780,11780,11590,11620,108985,1267000000,51908452
017960,2023-12-14,11670,11800,11500,11580,254544,2953000000,51908452
017960,2023-12-15,11610,11770,11550,11560,447957,5198000000,51908452
017960,2023-12-18,11580,11590,11250,11460,355690,4053000000,51908452
017960,2023-12-19,11470,11540,11400,11480,194958,2235000000,51908452
017960,2023-12-20,11480,11850,11480,11770,268882,3138000000,51908452
017960,2023-12-21,11630,11660,11480,11550,227117,2620000000,51908452
017960,2023-12-22,11580,11640,11490,11490,129181,1489000000,51908452
017960,2023-12-26,11490,11490,11350,11380,154114,1754000000,51908452
017960,2023-12-27,11280,11530,11280,11530,108486,1240000000,51908452
017960,2023-12-28,11500,11680,11500,11640,218663,2540000000,51908452
017960,2024-01-02,11640,11660,11550,11580,163289,1893000000,51908452
017960,2024-01-03,11500,11550,11340,11390,206059,2351000000,51908452
017960,2024-01-04,11380,11760,11340,11590,358447,4162000000,51908452
017960,2024-01-05,11600,11640,11490,11540,112470,1300000000,51908452
017960,2024-01-08,11530,11600,11430,11480,160137,1843000000,51908452
017960,2024-01-09,11490,11650,11460,11470,104311,1198000000,51908452
017960,2024-01-10,11470,11490,11340,11370,121031,1377000000,51908452
017960,2024-01-11,11420,11430,11240,11260,196354,2220000000,51908452
017960,2024-01-12,11220,11310,11040,11100,279409,3110000000,51908452
017960,2024-01-15,11020,11250,11020,11230,256914,2857000000,51908452
017960,2024-01-16,11270,11270,10650,10700,616405,6678000000,51908452
017960,2024-01-17,10720,10810,10620,10620,184967,1978000000,51908452
017960,2024-01-18,10630,10810,10580,10600,150307,1602000000,51908452
017960,2024-01-19,10690,10860,10660,10840,99712,1075000000,51908452
017960,2024-01-22,10950,10950,10690,10720,160350,1727000000,51908452
017960,2024-01-23,10780,10810,10620,10630,152154,1625000000,51908452
017960,2024-01-24,10650,10720,10500,10650,149518,1582000000,51908452
017960,2024-01-25,10750,10750,10650,10660,114477,1224000000,51908452
017960,2024-01-26,10700,11030,10660,10900,207589,2264000000,51908452
017960,2024-01-29,11020,11080,10900,10960,152280,1672000000,51908452
017960,2024-01-30,11030,11030,10690,10740,142015,1534000000,51908452
017960,2024-01-31,10780,10960,10690,10690,145180,1567000000,51908452
017960,2024-02-01,10610,10690,10490,10540,400568,4219000000,51908452
017960,2024-02-02,10590,10730,10540,10700,204516,2182000000,51908452
017960,2024-02-05,10700,10730,10580,10660,151594,1615000000,51908452
017960,2024-02-06,10670,10720,10550,10600,188076,1993000000,51908452
017960,2024-02-07,10600,10750,10600,10660,113461,1210000000,51908452
017960,2024-02-08,10720,10720,10630,10650,128067,1364000000,51908452
017960,2024-02-13,10660,10740,10620,10710,123555,1319000000,51908452
017960,2024-02-14,10580,10680,10580,10630,130133,1381000000,51908452
017960,2024-02-15,10680,10840,10630,10760,199430,2145000000,51908452
017960,2024-02-16,10810,10830,10750,10830,120912,1304000000,51908452
017960,2024-02-19,10810,10890,10580,10680,239500,2572000000,51908452
017960,2024-02-20,10590,10700,10520,10560,262655,2774000000,51908452
017960,2024-02-21,10550,10630,10510,10560,180577,1909000000,51908452
017960,2024-02-22,10630,10630,10550,10610,93990,994000000,51908452
017960,2024-02-23,10640,10680,10570,10570,151631,1610000000,51908452
017960,2024-02-26,10580,10590,10450,10500,169710,1781000000,51908452
017960,2024-02-27,10510,10520,10330,10350,260538,2710000000,51908452
017960,2024-02-28,10370,10510,10350,10490,286033,2983000000,51908452
017960,2024-02-29,10470,10480,10340,10340,292250,3035000000,51908452
017960,2024-03-04,10400,10470,10310,10400,157375,1637000000,51908452
017960,2024-03-05,10400,10450,10310,10340,134378,1390000000,51908452
017960,2024-03-06,10340,10370,10210,10240,151770,1559000000,51908452
017960,2024-03-07,10250,10280,10100,10110,238712,2419000000,51908452
017960,2024-03-08,10120,10190,9870,9940,485541,4844000000,51908452
017960,2024-03-11,9920,10300,9900,10110,307446,3121000000,51908452
017960,2024-03-12,10120,10200,10000,10030,150232,1511000000,51908452
017960,2024-03-13,10150,10300,10080,10290,230727,2363000000,51908452
017960,2024-03-14,10310,10900,10290,10880,973434,10451000000,51908452
017960,2024-03-15,10950,11030,10550,10600,621847,6692000000,51908452
017960,2024-03-18,10760,10950,10620,10800,302521,3277000000,51908452
017960,2024-03-19,10860,10930,10670,10710,254974,2744000000,51908452
017960,2024-03-20,10720,10910,10690,10820,269117,2912000000,51908452
017960,2024-03-21,10710,10850,10690,10750,211306,2269000000,51908452
017960,2024-03-22,10710,10720,10560,10630,263172,2794000000,51908452
017960,2024-03-25,10650,10670,10340,10360,298899,3111000000,51908452
017960,2024-03-26,10450,10580,10400,10580,222778,2341000000,51908452
017960,2024-03-27,10600,10820,10600,10730,318000,3403000000,51908452
017960,2024-03-28,10740,10900,10660,10750,318470,3449000000,51908452
017960,2024-03-29,10810,10850,10690,10730,156680,1683000000,51908452
017960,2024-04-01,10780,10810,10590,10800,207697,2218000000,51908452
017960,2024-04-02,10750,10870,10690,10770,200265,2154000000,51908452
017960,2024-04-03,10770,11060,10630,10920,332037,3627000000,51908452
017960,2024-04-04,11000,11010,10770,10960,215192,2338000000,51908452
017960,2024-04-05,10900,11010,10810,10860,161188,1759000000,51908452
017960,2024-04-08,10950,10990,10680,10700,127532,1368000000,51908452
017960,2024-04-09,10660,10820,10640,10680,111801,1195000000,51908452
017960,2024-04-11,10580,10590,10450,10530,173969,1828000000,51908452
017960,2024-04-12,10510,10620,10430,10520,120247,1262000000,51908452
017960,2024-04-15,10390,10510,10300,10430,245736,2551000000,51908452
017960,2024-04-16,10350,10460,10050,10170,268146,2725000000,51908452
017960,2024-04-17,10200,10280,10100,10230,202730,2062000000,51908452
017960,2024-04-18,10230,10930,10220,10840,623601,6705000000,51908452
017960,2024-04-19,10810,10990,10590,10860,298727,3225000000,51908452
017960,2024-04-22,11000,11190,10980,11040,349267,3860000000,51908452
017960,2024-04-23,11100,11390,11070,11110,537911,6048000000,51908452
017960,2024-04-24,11470,11680,11350,11520,1202148,13845000000,51908452
017960,2024-04-25,11600,11670,11300,11390,378865,4346000000,51908452
017960,2024-04-26,11410,11560,11300,11450,306315,3507000000,51908452
017960,2024-04-29,11520,11530,11300,11520,353802,4049000000,51908452
017960,2024-04-30,11500,11570,10790,11390,260758,2974000000,51908452
017960,2024-05-02,11340,11430,11240,11320,157395,1780000000,51908452
017960,2024-05-03,11360,11420,11160,11180,148355,1667000000,51908452
017960,2024-05-07,11300,11380,11170,11340,172677,1950000000,51908452
017960,2024-05-08,11350,11610,11310,11580,346729,4000000000,51908452
017960,2024-05-09,11650,11650,11450,11500,209223,2411000000,51908452
017960,2024-05-10,11560,11590,11350,11400,123314,1409000000,51908452
017960,2024-05-13,11500,11780,11360,11780,453853,5300000000,51908452
017960,2024-05-14,11940,11940,11620,11670,370119,4348000000,51908452
017960,2024-05-16,11770,11770,11530,11610,191402,2221000000,51908452
017960,2024-05-17,11500,11550,10990,10990,652908,7280000000,51908452
017960,2024-05-20,10930,11050,10840,10970,233525,2548000000,51908452
017960,2024-05-21,10930,10940,10680,10720,273530,2949000000,51908452
017960,2024-05-22,10780,10810,10460,10600,314708,3334000000,51908452
017960,2024-05-23,10600,10740,10500,10720,183413,1955000000,51908452
017960,2024-05-24,10600,10890,10600,10860,178352,1927000000,51908452
017960,2024-05-27,10950,10950,10720,10770,128047,1380000000,51908452
017960,2024-05-28,10820,10820,10650,10750,113045,1212000000,51908452
017960,2024-05-29,10770,10770,10520,10550,164973,1746000000,51908452
017960,2024-05-30,10560,10610,10310,10350,154092,1602000000,51908452
017960,2024-05-31,10480,10790,10330,10790,198714,2098000000,51908452
017960,2024-06-03,10860,11000,10500,10750,304944,3308000000,51908452
017960,2024-06-04,10940,11130,10720,10820,374504,4098000000,51908452
017960,2024-06-05,10900,10910,10650,10670,128653,1377000000,51908452
017960,2024-06-07,10740,10740,10580,10620,113932,1211000000,51908452
017960,2024-06-10,10600,10620,10500,10530,109779,1155000000,51908452
017960,2024-06-11,10540,10620,10380,10440,158184,1655000000,51908452
017960,2024-06-12,10480,10550,10370,10410,130999,1365000000,51908452
017960,2024-06-13,10440,10450,10370,10370,131329,1364000000,51908452
017960,2024-06-14,10370,10600,10350,10440,363656,3796000000,51908452
017960,2024-06-17,10440,10470,10370,10390,119388,1242000000,51908452
017960,2024-06-18,10390,10450,10330,10430,117583,1220000000,51908452
017960,2024-06-19,10430,10670,10410,10600,175394,1860000000,51908452
017960,2024-06-20,10710,10720,10600,10630,85282,908000000,51908452
017960,2024-06-21,10630,10890,10630,10660,181527,1944000000,51908452
017960,2024-06-24,10670,10860,10630,10760,234403,2521000000,51908452
017960,2024-06-25,10800,11010,10660,10710,340241,3686000000,51908452
017960,2024-06-26,10710,10800,10610,10620,136444,1457000000,51908452
017960,2024-06-27,10620,10800,10580,10700,131974,1409000000,51908452
017960,2024-06-28,10790,10790,10650,10730,152075,1626000000,51908452
017960,2024-07-01,10690,10930,10690,10920,177206,1918000000,51908452
017960,2024-07-02,10950,10970,10690,10720,161502,1739000000,51908452
017960,2024-07-03,10750,10800,10470,10520,187180,1977000000,51908452
017960,2024-07-04,10550,10600,10460,10490,127396,1338000000,51908452
017960,2024-07-05,10460,10620,10460,10570,91345,962000000,51908452
017960,2024-07-08,10590,10700,10560,10660,105030,1118000000,51908452
017960,2024-07-09,10670,10760,10640,10700,68028,726000000,51908452
017960,2024-07-10,10730,10950,10670,10840,264380,2872000000,51908452
017960,2024-07-11,10850,10880,10650,10710,172248,1850000000,51908452
017960,2024-07-12,10750,10810,10660,10740,106749,1145000000,51908452
017960,2024-07-15,10810,10910,10760,10830,131588,1429000000,51908452
017960,2024-07-16,10910,11130,10810,11120,369164,4068000000,51908452
017960,2024-07-17,11160,11400,10920,11000,668901,7489000000,51908452
017960,2024-07-18,10900,11090,10820,11040,300925,3306000000,51908452
017960,2024-07-19,11020,11020,10760,10950,196955,2135000000,51908452
017960,2024-07-22,10900,11080,10830,11050,170903,1869000000,51908452
017960,2024-07-23,11100,11240,10930,11220,291034,3242000000,51908452
017960,2024-07-24,11350,12540,11300,12180,4825454,58958000000,51908452
017960,2024-07-25,12140,12290,11920,12070,959244,11611000000,51908452
017960,2024-07-26,12100,12760,12100,12640,2444415,30612000000,51908452
017960,2024-07-29,12780,12950,12520,12790,772369,9846000000,51908452
017960,2024-07-30,12830,12830,12430,12480,509394,6388000000,51908452
017960,2024-07-31,12360,12590,12190,12310,568804,7047000000,51908452
017960,2024-08-01,12420,12530,12290,12520,362016,4499000000,51908452
017960,2024-08-02,12300,12360,11890,12030,454690,5478000000,51908452
017960,2024-08-05,11730,11770,10230,10700,990790,10934000000,51908452
017960,2024-08-06,11090,11560,10900,11400,732932,8282000000,51908452
017960,2024-08-07,11400,11900,11360,11760,376361,4403000000,51908452
017960,2024-08-08,11690,12050,11550,11920,268521,3191000000,51908452
017960,2024-08-09,12070,12360,11830,12170,514125,6255000000,51908452
017960,2024-08-12,12390,12390,12030,12140,178485,2172000000,51908452
017960,2024-08-13,12040,12270,11830,11880,276088,3303000000,51908452
017960,2024-08-14,11940,12700,11650,12350,965823,11852000000,51908452
017960,2024-08-16,12540,12640,12070,12350,607105,7483000000,51908452
017960,2024-08-19,12360,12840,12330,12610,777387,9854000000,51908452
017960,2024-08-20,12740,13350,12600,13350,1293013,16920000000,51908452
017960,2024-08-21,13200,13280,12860,12970,493236,6410000000,51908452
017960,2024-08-22,12960,13170,12350,12540,585459,7336000000,51908452
017960,2024-08-23,12340,12600,12340,12400,232666,2891000000,51908452
017960,2024-08-26,12460,12460,11900,12100,344447,4154000000,51908452
017960,2024-08-27,12140,12260,11880,12060,134107,1611000000,51908452
017960,2024-08-28,11970,12260,11970,12070,156976,1895000000,51908452
017960,2024-08-29,12020,12020,11710,11710,245398,2892000000,51908452
017960,2024-08-30,11800,12000,11760,12000,180524,2151000000,51908452
017960,2024-09-02,12120,12120,11600,11680,210106,2458000000,51908452
017960,2024-09-03,11740,11770,11510,11560,212554,2466000000,51908452
017960,2024-09-04,11200,11330,11110,11200,380153,4263000000,51908452
017960,2024-09-05,11280,11290,10750,10840,346633,3795000000,51908452
017960,2024-09-06,10840,11000,10540,10720,214927,2305000000,51908452
017960,2024-09-09,10510,10830,10460,10800,238627,2544000000,51908452
017960,2024-09-10,10870,11040,10790,10990,194749,2130000000,51908452
017960,2024-09-11,11050,11260,10520,10670,450673,4828000000,51908452
017960,2024-09-12,10800,10980,10550,10910,221909,2390000000,51908452
017960,2024-09-13,10950,11250,10930,11150,172479,1921000000,51908452
017960,2024-09-19,11310,11340,11100,11270,143524,1616000000,51908452
017960,2024-09-20,11330,11620,11270,11360,302809,3466000000,51908452
017960,2024-09-23,11370,11500,11150,11190,275081,3088000000,51908452
017960,2024-09-24,11240,11350,11120,11240,137847,1547000000,51908452
017960,2024-09-25,11240,11490,11180,11320,398399,4532000000,51908452
017960,2024-09-26,11350,11360,11140,11240,272383,3046000000,51908452
017960,2024-09-27,11240,11240,10890,10920,331393,3637000000,51908452
017960,2024-09-30,10900,10990,10780,10810,152922,1657000000,51908452
017960,2024-10-02,10810,10930,10620,10840,170158,1839000000,51908452
017960,2024-10-04,10900,11080,10760,11050,155340,1704000000,51908452
017960,2024-10-07,11120,11120,10880,10920,104880,1149000000,51908452
017960,2024-10-08,10920,11150,10890,10940,138374,1524000000,51908452
017960,2024-10-10,10990,11240,10940,11090,169142,1883000000,51908452
017960,2024-10-11,11100,11170,10920,11060,105326,1160000000,51908452
017960,2024-10-14,11060,11080,10880,10970,115678,1268000000,51908452
017960,2024-10-15,10980,11240,10920,11150,234625,2597000000,51908452
017960,2024-10-16,11100,11150,10920,10950,117130,1284000000,51908452
017960,2024-10-17,10950,11100,10900,11080,99732,1097000000,51908452
017960,2024-10-18,11090,11100,10720,10800,204475,2214000000,51908452
017960,2024-10-21,10800,11240,10750,11020,221092,2442000000,51908452
017960,2024-10-22,11080,11140,10830,10850,127637,1398000000,51908452
017960,2024-10-23,10970,11050,10860,10900,94851,1037000000,51908452
017960,2024-10-24,10900,10960,10700,10770,152992,1649000000,51908452
017960,2024-10-25,10800,10850,10640,10770,131638,1408000000,51908452
017960,2024-10-28,10700,10790,10670,10720,112833,1210000000,51908452
017960,2024-10-29,10630,10750,10630,10710,80862,863000000,51908452
017960,2024-10-30,10720,10780,10620,10650,92434,987000000,51908452
017960,2024-10-31,10680,10950,10510,10900,163123,1753000000,51908452
017960,2024-11-01,10810,10850,10580,10590,138073,1471000000,51908452
017960,2024-11-04,10750,10800,10560,10610,172854,1836000000,51908452
017960,2024-11-05,10580,10910,10580,10740,101422,1091000000,51908452
017960,2024-11-06,10820,11010,10610,11000,260416,2819000000,51908452
017960,2024-11-07,11000,11500,10940,11210,1016820,11500000000,51908452
017960,2024-11-08,11410,11440,10950,11040,485580,5404000000,51908452
017960,2024-11-11,11050,11390,11010,11210,602741,6758000000,51908452
017960,2024-11-12,11310,11310,10920,10950,395774,4385000000,51908452
017960,2024-11-13,10930,10990,10600,10690,445709,4779000000,51908452
017960,2024-11-14,10680,10990,10630,10820,510726,5512000000,51908452
017960,2024-11-15,10530,10530,9910,10170,941350,9550000000,51908452
017960,2024-11-18,10120,10480,10060,10370,364539,3761000000,51908452
017960,2024-11-19,10410,10910,10350,10800,524201,5629000000,51908452
017960,2024-11-20,10950,11220,10780,11100,530809,5874000000,51908452
017960,2024-11-21,11100,11140,10680,10710,352132,3808000000,51908452
017960,2024-11-22,10750,11530,10750,11390,1336773,15188000000,51908452
017960,2024-11-25,11630,11930,11270,11270,1665367,19170000000,51908452
017960,2024-11-26,11370,11550,11160,11410,603427,6890000000,51908452
017960,2024-11-27,11420,11590,11180,11220,478253,5419000000,51908452
017960,2024-11-28,11200,11310,10900,10950,380845,4197000000,51908452
017960,2024-11-29,10990,10990,10600,10630,327912,3518000000,51908452
017960,2024-12-02,10650,10750,10320,10420,394495,4122000000,51908452
017960,2024-12-03,10430,10640,10410,10430,293589,3073000000,51908452
017960,2024-12-04,10220,10490,10180,10350,319827,3299000000,51908452
017960,2024-12-05,10360,10400,10210,10270,194255,1996000000,51908452
017960,2024-12-06,10200,10260,9910,10120,427007,4291000000,51908452
017960,2024-12-09,9900,9970,9400,9410,710049,6820000000,51908452
017960,2024-12-10,9500,9940,9500,9880,354599,3483000000,51908452
017960,2024-12-11,9850,10350,9830,10300,338363,3464000000,51908452
017960,2024-12-12,10310,10430,10240,10320,202234,2088000000,51908452
017960,2024-12-13,10320,10630,10280,10530,988516,10328000000,51908452
017960,2024-12-16,10690,10690,10320,10380,304480,3172000000,51908452
017960,2024-12-17,10350,10810,10300,10640,333651,3561000000,51908452
017960,2024-12-18,10720,10920,10640,10770,401865,4356000000,51908452
017960,2024-12-19,10500,11140,10490,11030,604345,6628000000,51908452
017960,2024-12-20,11030,11090,10720,10720,296178,3219000000,51908452
017960,2024-12-23,10850,11270,10820,11180,473543,5271000000,51908452
017960,2024-12-24,11290,11500,11110,11300,485323,5484000000,51908452
017960,2024-12-26,11400,11560,11170,11280,596621,6771000000,51908452
017960,2024-12-27,11320,11530,11180,11400,472690,5367000000,51908452
017960,2024-12-30,11280,11900,11280,11750,687826,8066000000,51908452
017960,2025-01-02,11850,12460,11840,12270,933334,11435000000,51908452
017960,2025-01-03,12200,12310,11720,11820,699806,8335000000,51908452
017960,2025-01-06,11820,12160,11600,12040,403453,4802000000,51908452
017960,2025-01-07,12120,12350,11950,12090,422846,5141000000,51908452
017960,2025-01-08,12060,12270,12000,12210,454143,5496000000,51908452
017960,2025-01-09,12210,12430,12000,12270,401615,4916000000,51908452
017960,2025-01-10,12270,12510,12130,12450,471515,5824000000,51908452
017960,2025-01-13,12480,12490,12130,12410,302571,3725000000,51908452
017960,2025-01-14,12430,12630,12290,12410,409468,5095000000,51908452
017960,2025-01-15,12480,12760,12430,12700,680875,8587000000,51908452
017960,2025-01-16,12720,12720,12380,12520,442325,5529000000,51908452
017960,2025-01-17,12530,13490,12320,13440,1554946,20279000000,51908452
017960,2025-01-20,13440,13500,13200,13470,620802,8300000000,51908452
017960,2025-01-21,13470,14230,13470,14200,1541748,21645000000,51908452
017960,2025-01-22,14330,14940,14180,14630,1480715,21655000000,51908452
017960,2025-01-23,14590,14700,14010,14100,910209,12938000000,51908452
017960,2025-01-24,14110,14270,13920,14070,511489,7200000000,51908452
017960,2025-01-31,14080,14310,13760,13880,427399,5982000000,51908452
017960,2025-02-03,13630,14020,13540,13900,326995,4525000000,51908452
017960,2025-02-04,14000,14260,13720,14140,334314,4686000000,51908452
017960,2025-02-05,14140,14200,13650,13840,375704,5195000000,51908452
017960,2025-02-06,13860,13990,13590,13640,467775,6438000000,51908452
017960,2025-02-07,13790,13900,13510,13640,331271,4550000000,51908452
017960,2025-02-10,13640,13960,13060,13120,770123,10318000000,51908452
017960,2025-02-11,13120,13370,13060,13130,470113,6186000000,51908452
017960,2025-02-12,13140,13520,13100,13430,417722,5600000000,51908452
017960,2025-02-13,13610,13830,13320,13700,360395,4917000000,51908452
017960,2025-02-14,13840,13850,13240,13370,352134,4727000000,51908452
017960,2025-02-17,13390,14350,13370,14330,959441,13532000000,51908452
017960,2025-02-18,14430,14850,14100,14710,725876,10599000000,51908452
017960,2025-02-19,15300,16620,15100,16000,6161043,97860000000,51908452
017960,2025-02-20,15620,15830,14610,14790,2300131,34388000000,51908452
017960,2025-02-21,14630,15620,14510,15390,1548139,23487000000,51908452
017960,2025-02-24,15180,16410,15070,16060,1918475,30567000000,51908452
017960,2025-02-25,16240,16740,15700,16310,1972985,32349000000,51908452
017960,2025-02-26,16600,16930,15610,15780,1507665,24183000000,51908452
017960,2025-02-27,15870,15980,15450,15580,743546,11629000000,51908452
017960,2025-02-28,15150,15650,15110,15370,536339,8219000000,51908452
017960,2025-03-04,15900,16140,15140,15250,1672686,26039000000,51908452
017960,2025-03-05,15350,16540,15340,16250,2054398,33064000000,51908452
017960,2025-03-06,16390,16390,15800,15820,605644,9744000000,51908452
017960,2025-03-07,15800,15900,15380,15690,516238,8055000000,51908452
017960,2025-03-10,15430,15940,15000,15750,674208,10527000000,51908452
017960,2025-03-11,15100,15620,14970,15360,545095,8324000000,51908452
017960,2025-03-12,16000,16650,15490,15650,1651850,26702000000,51908452
017960,2025-03-13,15740,15960,15440,15600,373408,5841000000,51908452
017960,2025-03-14,15690,15890,15370,15630,350896,5463000000,51908452
017960,2025-03-17,15560,15620,15050,15530,588288,9026000000,51908452
017960,2025-03-18,15560,16400,15530,16200,1029969,16611000000,51908452
017960,2025-03-19,16190,16380,15800,15870,395885,6312000000,51908452
017960,2025-03-20,15950,15980,14740,14820,1246477,18787000000,51908452
017960,2025-03-21,14530,15120,14510,14950,686891,10195000000,51908452
017960,2025-03-24,14970,14970,14690,14790,243562,3600000000,51908452
017960,2025-03-25,14870,14920,14030,14200,751014,10720000000,51908452
017960,2025-03-26,14190,14280,13960,14240,476612,6716000000,51908452
017960,2025-03-27,14270,14380,13710,13840,678838,9468000000,51908452
017960,2025-03-28,13830,13940,13530,13630,376230,5143000000,51908452
017960,2025-03-31,13400,13820,13340,13540,318943,4337000000,51908452
017960,2025-04-01,13990,14560,13870,14470,539706,7717000000,51908452
017960,2025-04-02,14600,15390,14290,15250,871062,13174000000,51908452
017960,2025-04-03,15020,16550,15010,16550,1839062,29566000000,51908452
017960,2025-04-04,16490,17400,16260,16830,1626654,27433000000,51908452
017960,2025-04-07,16500,16750,15790,16060,1432384,23277000000,51908452
017960,2025-04-08,16740,17460,16570,17310,1518605,26036000000,51908452
017960,2025-04-09,18200,18270,17110,17440,1406023,24708000000,51908452
017960,2025-04-10,18200,18840,17600,18810,1113480,20506000000,51908452
017960,2025-04-11,19000,19490,18760,19050,1262907,24193000000,51908452
017960,2025-04-14,19430,19510,18800,19220,870332,16684000000,51908452
017960,2025-04-15,19400,19540,18890,19520,723531,13936000000,51908452
017960,2025-04-16,19210,19280,18450,18810,898222,16914000000,51908452
017960,2025-04-17,18820,19170,18740,19000,475858,9003000000,51908452
017960,2025-04-18,18920,18920,18370,18880,442825,8261000000,51908452
017960,2025-04-21,18690,18690,17970,18670,609070,11178000000,51908452
017960,2025-04-22,18430,19060,18430,18930,399278,7538000000,51908452
017960,2025-04-23,18950,19060,18610,19010,246250,4663000000,51908452
017960,2025-04-24,18990,20300,18650,20100,932509,18329000000,51908452
017960,2025-04-25,20150,20550,19680,19750,697581,14016000000,51908452
017960,2025-04-28,20350,20650,19500,19740,627522,12580000000,51908452
017960,2025-04-29,19760,20300,19160,20000,551073,10924000000,51908452
017960,2025-04-30,20000,20050,19150,19490,393875,7672000000,51908452
017960,2025-05-02,19470,19750,19350,19690,204366,3999000000,51908452
017960,2025-05-07,19690,20300,19410,20200,408779,8124000000,51908452
017960,2025-05-08,20050,21100,19840,20650,478494,9813000000,51908452
017960,2025-05-09,20800,21650,20500,21050,692021,14619000000,51908452
017960,2025-05-12,21400,21400,19710,19800,645723,12963000000,51908452
017960,2025-05-13,19800,20450,19470,20350,415081,8356000000,51908452
017960,2025-05-14,20200,21500,20150,21100,713038,14863000000,51908452
017960,2025-05-15,21150,21550,20600,21350,624952,13257000000,51908452
017960,2025-05-16,21850,21900,19720,20400,1299001,26691000000,51908452
017960,2025-05-19,20050,21000,20000,20900,663561,13688000000,51908452
017960,2025-05-20,20950,21050,20200,20800,515320,10656000000,51908452
017960,2025-05-21,20800,21600,20500,21500,670137,14199000000,51908452
017960,2025-05-22,21350,21350,20300,20750,603677,12516000000,51908452
017960,2025-05-23,21000,21550,20750,21350,545098,11603000000,51908452
017960,2025-05-26,21350,22050,21100,21450,480866,10384000000,51908452
017960,2025-05-27,21600,22100,21250,21750,521024,11346000000,51908452
017960,2025-05-28,22100,22500,21050,21250,445668,9707000000,51908452
017960,2025-05-29,21400,22500,21250,22000,618328,13608000000,51908452
017960,2025-05-30,22050,22550,21150,22000,1141640,25015000000,51908452
017960,2025-06-02,22000,22100,21500,21900,326126,7079000000,51908452
017960,2025-06-04,21800,21900,21150,21750,518917,11212000000,51908452
017960,2025-06-05,21750,22600,21600,22450,585672,12922000000,51908452
017960,2025-06-09,22450,22450,20650,20800,989727,20892000000,51908452
017960,2025-06-10,21000,21500,20700,21400,397449,8456000000,51908452
017960,2025-06-11,21600,21600,20800,21050,491023,10330000000,51908452
017960,2025-06-12,21750,23400,21700,22400,2369039,53380000000,51908452
017960,2025-06-13,22150,24000,22100,23250,2322268,53766000000,51908452
017960,2025-06-16,23150,24000,23100,23950,740709,17562000000,51908452
017960,2025-06-17,24250,25650,23550,25350,1200409,29979000000,51908452
017960,2025-06-18,25100,25600,24700,25050,668525,16792000000,51908452
017960,2025-06-19,25400,25550,24600,25200,415563,10399000000,51908452
017960,2025-06-20,25150,25350,24550,25050,334652,8357000000,51908452
017960,2025-06-23,24850,26250,24750,25450,581168,14861000000,51908452
017960,2025-06-24,25800,26400,25250,25350,563751,14513000000,51908452
017960,2025-06-25,25400,26050,24650,24700,647276,16337000000,51908452
017960,2025-06-26,24900,26300,24650,26150,1098786,28241000000,51908452
017960,2025-06-27,25500,26500,25150,25300,1931353,48873000000,51908452
017960,2025-06-30,25450,26850,25300,26000,747162,19470000000,51908452
017960,2025-07-01,26250,26700,25750,25850,547045,14407000000,51908452
017960,2025-07-02,25900,26000,24850,25550,586741,14821000000,51908452
017960,2025-07-03,25200,25400,23550,24200,957880,23134000000,51908452
017960,2025-07-04,23850,24200,22900,23000,694590,16181000000,51908452
017960,2025-07-07,22550,23250,22300,23100,358213,8219000000,51908452
017960,2025-07-08,23450,23900,23000,23350,539776,12643000000,51908452
017960,2025-07-09,23700,23800,23150,23550,224622,5284000000,51908452
017960,2025-07-10,23450,23500,22850,23200,395407,9132000000,51908452
017960,2025-07-11,23050,23150,22200,22400,655907,14720000000,51908452
017960,2025-07-14,22300,23350,22200,23200,438364,10078000000,51908452
017960,2025-07-15,23500,24900,23150,24600,828051,20085000000,51908452
017960,2025-07-16,25050,26200,24550,25300,1028695,26249000000,51908452
017960,2025-07-17,25300,25650,24800,24950,438361,10999000000,51908452
017960,2025-07-18,25100,26300,24800,26100,597160,15503000000,51908452
017960,2025-07-21,26600,26650,25900,26550,422835,11135000000,51908452
017960,2025-07-22,26400,27900,26050,27000,711235,19285000000,51908452
017960,2025-07-23,26850,27200,25800,26900,556233,14771000000,51908452
017960,2025-07-24,27050,27750,26650,27000,481323,13042000000,51908452
017960,2025-07-25,27200,27550,26500,27300,362733,9855000000,51908452
017960,2025-07-28,28500,28550,27200,27600,619772,17210000000,51908452
017960,2025-07-29,28350,30800,28050,30350,2124394,63350000000,51908452
017960,2025-07-30,30150,30450,29450,29750,407894,12185000000,51908452
017960,2025-07-31,30750,31450,29450,30000,608767,18362000000,51908452
017960,2025-08-01,30250,30300,28550,29200,565621,16486000000,51908452
017960,2025-08-04,29050,30700,28550,30600,653775,19601000000,51908452
017960,2025-08-05,31600,31650,30050,31250,431829,13350000000,51908452
017960,2025-08-06,30850,31550,30500,31250,429051,13319000000,51908452
017960,2025-08-07,31250,32850,31100,32450,669568,21627000000,51908452
017960,2025-08-08,32500,32650,31350,32000,390187,12460000000,51908452
017960,2025-08-11,32450,32850,30700,31600,354436,11221000000,51908452
017960,2025-08-12,31600,32750,31200,31450,414642,13197000000,51908452
017960,2025-08-13,31800,32350,30450,30950,732448,22891000000,51908452
017960,2025-08-14,31000,31100,29500,30550,570098,17357000000,51908452
017960,2025-08-18,30000,31250,30000,31050,448722,13849000000,51908452
017960,2025-08-19,31550,32000,30050,30500,524287,16268000000,51908452
017960,2025-08-20,29500,30550,28700,29550,660744,19451000000,51908452
017960,2025-08-21,29750,29900,29050,29600,349095,10330000000,51908452
017960,2025-08-22,29600,30450,29500,30050,294117,8803000000,51908452
017960,2025-08-25,30450,30600,29100,29850,448564,13277000000,51908452
017960,2025-08-26,30350,30650,29300,30300,422336,12698000000,51908452
017960,2025-08-27,30500,32050,30400,30900,860634,26866000000,51908452
017960,2025-08-28,31100,32300,30750,31350,463361,14638000000,51908452
017960,2025-08-29,31600,33000,31300,32900,712665,23075000000,51908452
017960,2025-09-01,33550,33600,31700,32100,459668,14994000000,51908452
017960,2025-09-02,32450,32700,31600,31800,361848,11618000000,51908452
017960,2025-09-03,32950,34850,32550,33750,1260806,42605000000,51908452
017960,2025-09-04,33800,34500,33250,33950,467316,15875000000,51908452
017960,2025-09-05,33800,34100,32350,33150,395881,13196000000,51908452
017960,2025-09-08,32850,35850,32600,35550,818418,28439000000,51908452
017960,2025-09-09,35600,35700,33200,33250,835866,28555000000,51908452
017960,2025-09-10,33550,34400,33250,33900,426195,14440000000,51908452
017960,2025-09-11,34450,35000,33800,34250,407705,13943000000,51908452
017960,2025-09-12,34350,34350,32550,33000,521100,17176000000,51908452
017960,2025-09-15,32350,32600,31700,32550,333661,10750000000,51908452
017960,2025-09-16,33000,35500,33000,33800,1380019,47335000000,51908452
017960,2025-09-17,34550,34600,33450,33500,292619,9894000000,51908452
017960,2025-09-18,33600,33700,32750,32900,321882,10637000000,51908452
017960,2025-09-19,32650,32950,32000,32750,323949,10492000000,51908452
017960,2025-09-22,32500,32500,31300,31950,478946,15166000000,51908452
017960,2025-09-23,31400,32550,31125,31850,255374,8181000000,51908452
017960,2025-09-24,32200,34100,32200,33050,676954,22497000000,51908452
017960,2025-09-25,33800,34000,32150,32450,348612,11543000000,51908452
017960,2025-09-26,32400,32550,31300,32100,261642,8327000000,51908452
017960,2025-09-29,32400,32750,31550,32100,227696,7287000000,51908452
017960,2025-09-30,32000,33100,31750,32700,341612,11157000000,51908452
017960,2025-10-01,32750,34400,32600,34200,505047,17062000000,51908452
017960,2025-10-02,34200,34200,33200,33450,385835,12958000000,51908452
017960,2025-10-10,33150,33450,31550,32900,428660,13972000000,51908452
017960,2025-10-13,32500,35200,32250,34850,690229,23654000000,51908452
017960,2025-10-14,34450,34750,33600,33900,500115,17080000000,51908452
017960,2025-10-15,34050,38950,33700,38450,1136599,41961000000,51908452
017960,2025-10-16,38750,39300,35600,36100,885750,32621000000,51908452
017960,2025-10-17,36800,36850,34950,35100,440369,15726000000,51908452
017960,2025-10-20,35200,35500,34550,35250,395520,13868000000,51908452
017960,2025-10-21,35250,37050,35000,36850,728547,26521000000,51908452
017960,2025-10-22,37200,37300,35900,36700,286101,10434000000,51908452
017960,2025-10-23,36200,37400,35450,36750,322066,11836000000,51908452
017960,2025-10-24,36500,37300,36150,37150,285305,10517000000,51908452
017960,2025-10-27,37800,39150,37650,38800,617351,23777000000,51908452
017960,2025-10-28,38450,38550,37500,38100,353047,13429000000,51908452
017960,2025-10-29,38500,38500,36500,37100,517186,19199000000,51908452
017960,2025-10-30,38400,39100,36800,37050,420701,15875000000,51908452
017960,2025-10-31,36700,37250,36250,36600,267883,9830000000,51908452
017960,2025-11-03,37100,37400,36150,36500,324821,11924000000,51908452
017960,2025-11-04,36650,36950,35250,35400,496833,17737000000,51908452
017960,2025-11-05,34750,34800,32900,33150,459294,15403000000,51908452
017960,2025-11-06,34000,34000,32000,32550,399182,13096000000,51908452
017960,2025-11-07,31500,32200,31000,31600,472380,14864000000,51908452
017960,2025-11-10,32200,33150,31750,32900,314948,10328000000,51908452
017960,2025-11-11,33300,33350,31800,32000,486537,15707000000,51908452
017960,2025-11-12,32450,33200,31150,31650,355982,11345000000,51908452
017960,2025-11-13,31650,32100,30800,32050,304176,9669000000,51908452
017960,2025-11-14,31250,32400,30250,30900,1453889,45153000000,51908452
017960,2025-11-17,31050,31250,27400,28200,1584907,44741000000,51908452
017960,2025-11-18,28150,28250,27000,27400,805024,22018000000,51908452
017960,2025-11-19,27750,27950,26700,27400,404244,11062000000,51908452
017960,2025-11-20,27800,28600,27550,28350,354358,10001000000,51908452
017960,2025-11-21,27400,27750,26450,26700,456318,12273000000,51908452
017960,2025-11-24,27150,27400,25800,27200,377596,10154000000,51908452
017960,2025-11-25,27700,27700,26400,26600,377028,10128000000,51908452
017960,2025-11-26,26900,27900,26850,27850,316949,8725000000,51908452
017960,2025-11-27,28150,28200,27250,27500,313033,8629000000,51908452
017960,2025-11-28,27550,27800,26800,27300,333874,9070000000,51908452
017960,2025-12-01,27400,27550,26600,26750,239822,6470000000,51908452
017960,2025-12-02,26900,28000,26900,27850,321721,8913000000,51908452
017960,2025-12-03,28200,28200,27650,27700,224290,6248000000,51908452
017960,2025-12-04,27650,28100,27050,27250,248648,6829000000,51908452
017960,2025-12-05,27300,28200,27300,28150,300411,8392000000,51908452
017960,2025-12-08,28600,29000,27900,28850,371639,10612000000,51908452
017960,2025-12-09,28700,30600,28500,30100,654588,19651000000,51908452
017960,2025-12-10,30000,30100,29150,29150,283160,8360000000,51908452
017960,2025-12-11,29900,30100,29250,29400,401341,11914000000,51908452
017960,2025-12-12,29800,30600,29550,30150,343859,10362000000,51908452
017960,2025-12-15,29800,31900,29600,31050,645527,20168000000,51908452
017960,2025-12-16,31100,33200,31050,31850,961004,31109000000,51908452
017960,2025-12-17,32350,32500,30750,31150,367307,11461000000,51908452
017960,2025-12-18,30250,32400,30250,32350,482651,15384000000,51908452
017960,2025-12-19,32450,34550,32050,34250,712490,24030000000,51908452
017960,2025-12-22,34350,34600,32250,33000,794646,26192000000,51908452
017960,2025-12-23,33650,34550,33250,34300,553861,18842000000,51908452
017960,2025-12-24,33650,33650,31550,31800,549742,17713000000,51908452
017960,2025-12-26,31650,32200,31150,31400,358103,11290000000,51908452
017960,2025-12-29,31000,31250,30300,30450,369273,11288000000,51908452
017960,2025-12-30,30200,30750,29750,29850,358667,10740000000,51908452
