ticker,trade_date,open_price,high_price,low_price,close_price,volume,turnover,shares_outstanding
003550,2020-01-02,70000,70000,67166,67166,237597,16123000000,182665080
003550,2020-01-03,67638,68205,67071,67638,439712,29701000000,182665080
003550,2020-01-06,67071,68016,66882,67543,167549,11302000000,182665080
003550,2020-01-07,68205,68583,67732,68488,254040,17333000000,182665080
003550,2020-01-08,67355,67638,66788,67355,231228,15534000000,182665080
003550,2020-01-09,66693,67355,66410,67260,273578,18314000000,182665080
003550,2020-01-10,66599,66788,65276,66221,303227,19942000000,182665080
003550,2020-01-13,66126,68205,65843,67827,293817,19843000000,182665080
003550,2020-01-14,67543,69244,67166,69055,395853,27060000000,182665080
003550,2020-01-15,68866,69433,68394,69244,214358,14809000000,182665080
003550,2020-01-16,68772,69527,68205,69338,187437,12951000000,182665080
003550,2020-01-17,69338,69622,68394,68772,235213,16176000000,182665080
003550,2020-01-20,68677,69811,68583,69622,325429,22584000000,182665080
003550,2020-01-21,69811,70472,69433,69811,222727,15603000000,182665080
003550,2020-01-22,69338,70283,68583,70094,217274,15079000000,182665080
003550,2020-01-23,69149,70189,69055,69433,281731,19581000000,182665080
003550,2020-01-28,69811,70377,67260,67921,371304,25313000000,182665080
003550,2020-01-29,67732,68299,67071,67921,253796,17185000000,182665080
003550,2020-01-30,67921,69244,67449,68866,407506,28029000000,182665080
003550,2020-01-31,69338,69433,66221,66410,425983,28618000000,182665080
003550,2020-02-03,66504,66693,65371,65938,285825,18869000000,182665080
003550,2020-02-04,65465,67732,64898,67543,625386,41449000000,182665080
003550,2020-02-05,66882,68960,66788,68205,664907,45347000000,182665080
003550,2020-02-06,69433,70472,68772,70094,464487,32356000000,182665080
003550,2020-02-07,69055,70377,69055,70000,264783,18506000000,182665080
003550,2020-02-10,68772,70566,68583,70094,402963,28098000000,182665080
003550,2020-02-11,70189,71794,70000,71417,353570,25135000000,182665080
003550,2020-02-12,70661,75762,70661,75668,610283,45340000000,182665080
003550,2020-02-13,75290,75384,74062,74628,255527,19066000000,182665080
003550,2020-02-14,73306,74156,71983,72645,375618,27308000000,182665080
003550,2020-02-17,73589,73589,71983,72550,130660,9501000000,182665080
003550,2020-02-18,71889,73684,71039,73400,248251,18109000000,182665080
003550,2020-02-19,74628,74628,72267,72834,179871,13124000000,182665080
003550,2020-02-20,71511,72928,71511,71794,335009,24124000000,182665080
003550,2020-02-21,70472,70850,70094,70189,251351,17705000000,182665080
003550,2020-02-24,69338,69905,67638,67732,377733,25727000000,182665080
003550,2020-02-25,68488,68677,67071,67732,374836,25428000000,182665080
003550,2020-02-26,66315,67543,65749,66882,517404,34542000000,182665080
003550,2020-02-27,65843,67166,65654,66126,343394,22783000000,182665080
003550,2020-02-28,64521,65654,63292,63765,909322,58093000000,182665080
003550,2020-03-02,64804,64898,63387,64048,336227,21619000000,182665080
003550,2020-03-03,65182,65749,63954,64521,302692,19553000000,182665080
003550,2020-03-04,64143,64804,63859,64332,317647,20424000000,182665080
003550,2020-03-05,64804,66504,64521,66410,319076,20993000000,182665080
003550,2020-03-06,65654,65654,64332,64615,240441,15559000000,182665080
003550,2020-03-09,63198,63481,61970,62537,316694,19805000000,182665080
003550,2020-03-10,64143,64143,62159,63198,354456,22385000000,182665080
003550,2020-03-11,62348,63576,61309,61687,296450,18509000000,182665080
003550,2020-03-12,62348,62442,57908,58947,569404,33825000000,182665080
003550,2020-03-13,53374,58758,53374,57436,662011,37146000000,182665080
003550,2020-03-16,56774,58475,54979,55074,366751,20442000000,182665080
003550,2020-03-17,52429,54507,51106,51579,455935,23930000000,182665080
003550,2020-03-18,51012,51768,47706,47989,526937,26120000000,182665080
003550,2020-03-19,47989,48650,42746,45344,575979,26418000000,182665080
003550,2020-03-20,46761,47139,44399,45816,572929,26121000000,182665080
003550,2020-03-23,43927,44069,42132,43691,448146,19278000000,182665080
003550,2020-03-24,43927,50067,43785,48839,436148,20171000000,182665080
003550,2020-03-25,49406,56208,46289,55830,523542,26903000000,182665080
003550,2020-03-26,54602,56302,53185,53185,442503,24216000000,182665080
003550,2020-03-27,55830,56208,53468,55546,445885,24577000000,182665080
003550,2020-03-30,55546,56491,54318,55641,438671,24265000000,182665080
003550,2020-03-31,55357,57719,55263,55735,438444,24557000000,182665080
003550,2020-04-01,54696,55546,52429,52429,375643,20402000000,182665080
003550,2020-04-02,52429,53468,50162,51579,346629,17820000000,182665080
003550,2020-04-03,51201,53279,51106,52901,318782,16733000000,182665080
003550,2020-04-06,54129,57719,53657,57719,299674,16689000000,182665080
003550,2020-04-07,57058,59042,56585,58286,443048,25678000000,182665080
003550,2020-04-08,57341,58475,55735,56396,560169,31855000000,182665080
003550,2020-04-09,57058,58286,56396,58286,456652,26243000000,182665080
003550,2020-04-10,57625,57813,56396,56963,318462,18183000000,182665080
003550,2020-04-13,56396,56963,55452,55452,250734,14083000000,182665080
003550,2020-04-14,55735,57341,55546,56869,324068,18373000000,182665080
003550,2020-04-16,54885,59230,54791,59230,629495,36165000000,182665080
003550,2020-04-17,57341,60742,57058,58664,396188,23512000000,182665080
003550,2020-04-20,58097,58853,57152,57247,343748,19920000000,182665080
003550,2020-04-21,57247,58853,56302,58853,341707,19627000000,182665080
003550,2020-04-22,58191,58664,57058,58664,257278,14861000000,182665080
003550,2020-04-23,58097,59797,58002,59797,288586,17039000000,182665080
003550,2020-04-24,58758,59514,58286,58569,219576,12946000000,182665080
003550,2020-04-27,58475,59325,58097,58853,163287,9603000000,182665080
003550,2020-04-28,58475,59136,58097,59042,197982,11623000000,182665080
003550,2020-04-29,59042,59986,58569,58569,322446,19044000000,182665080
003550,2020-05-04,56680,57247,56302,56302,412482,23401000000,182665080
003550,2020-05-06,57436,58097,56774,58002,293168,16876000000,182665080
003550,2020-05-07,57341,58286,57152,57625,214135,12367000000,182665080
003550,2020-05-08,57341,58569,57341,58191,218473,12720000000,182665080
003550,2020-05-11,58475,59136,58191,58569,192262,11288000000,182665080
003550,2020-05-12,59325,59703,57908,57908,340505,19908000000,182665080
003550,2020-05-13,57530,57530,56774,57341,317152,18082000000,182665080
003550,2020-05-14,57152,58002,56396,58002,337305,19299000000,182665080
003550,2020-05-15,58002,59042,57341,59042,316642,18472000000,182665080
003550,2020-05-18,59325,59514,57625,58002,237084,13761000000,182665080
003550,2020-05-19,59042,61120,58947,60931,397549,23978000000,182665080
003550,2020-05-20,60931,60931,59608,59986,387593,23240000000,182665080
003550,2020-05-21,59703,60742,59042,60458,331853,19925000000,182665080
003550,2020-05-22,61403,61403,58569,59230,845935,50239000000,182665080
003550,2020-05-25,59703,59797,58569,59797,136149,8073000000,182665080
003550,2020-05-26,59986,61214,59703,61214,206776,12534000000,182665080
003550,2020-05-27,60647,61687,60270,61214,257940,15750000000,182665080
003550,2020-05-28,61025,61592,60364,61025,383615,23387000000,182665080
003550,2020-05-29,60458,61309,59608,59608,510189,30608000000,182665080
003550,2020-06-01,59514,61214,59419,61025,212462,12870000000,182665080
003550,2020-06-02,60458,62915,60458,62631,324119,20078000000,182665080
003550,2020-06-03,63954,64709,63104,64143,425563,27189000000,182665080
003550,2020-06-04,64143,67449,64143,67449,652959,43139000000,182665080
003550,2020-06-05,67827,69716,66410,69527,409561,28114000000,182665080
003550,2020-06-08,71700,71794,68205,68488,306501,21131000000,182665080
003550,2020-06-09,68488,69811,67827,68488,290037,19904000000,182665080
003550,2020-06-10,68677,69338,67827,69338,345276,23678000000,182665080
003550,2020-06-11,67827,70000,67638,70000,589144,40689000000,182665080
003550,2020-06-12,68866,68866,66693,68016,341557,23094000000,182665080
003550,2020-06-15,66410,68016,65087,65087,432793,28814000000,182665080
003550,2020-06-16,65843,69244,65843,68772,341228,23132000000,182665080
003550,2020-06-17,68960,74723,68677,74723,888054,64373000000,182665080
003550,2020-06-18,73211,73873,71794,71889,532723,38631000000,182665080
003550,2020-06-19,71983,72267,68677,71133,597063,41846000000,182665080
003550,2020-06-22,69905,71039,69055,69055,274795,19216000000,182665080
003550,2020-06-23,69905,70661,68677,69244,525584,36631000000,182665080
003550,2020-06-24,69433,70850,69433,70283,238898,16764000000,182665080
003550,2020-06-25,69149,69622,67732,67732,273303,18738000000,182665080
003550,2020-06-26,68110,70283,67732,69527,391564,27221000000,182665080
003550,2020-06-29,67166,68677,67166,67449,346277,23464000000,182665080
003550,2020-06-30,67638,68394,67071,67260,382694,25927000000,182665080
003550,2020-07-01,67449,68394,67071,67449,182764,12373000000,182665080
003550,2020-07-02,67449,68394,67355,68205,211615,14368000000,182665080
003550,2020-07-03,68110,68772,67166,67827,254985,17246000000,182665080
003550,2020-07-06,68110,68394,67071,68016,231234,15698000000,182665080
003550,2020-07-07,68299,68299,67260,67355,499137,33806000000,182665080
003550,2020-07-08,68016,68016,65276,65465,387012,25550000000,182665080
003550,2020-07-09,65465,66315,64709,66221,372697,24482000000,182665080
003550,2020-07-10,66693,66693,63481,64143,431514,27690000000,182665080
003550,2020-07-13,64237,66315,63765,66315,305030,20000000000,182665080
003550,2020-07-14,65749,68960,65371,68772,419060,28367000000,182665080
003550,2020-07-15,68677,69716,67732,69527,364578,25095000000,182665080
003550,2020-07-16,68583,69622,68016,69338,251330,17303000000,182665080
003550,2020-07-17,69905,69905,68110,68205,176057,12077000000,182665080
003550,2020-07-20,68394,68772,67543,67827,142705,9710000000,182665080
003550,2020-07-21,67638,68960,67543,68205,326101,22282000000,182665080
003550,2020-07-22,67827,69716,67732,69149,230533,15925000000,182665080
003550,2020-07-23,68772,69055,67543,68583,263791,18018000000,182665080
003550,2020-07-24,67827,68960,67638,68110,154059,10500000000,182665080
003550,2020-07-27,68583,70472,68394,70189,306431,21404000000,182665080
003550,2020-07-28,69433,71983,69149,71606,334374,23707000000,182665080
003550,2020-07-29,70094,71417,69905,70094,355455,25037000000,182665080
003550,2020-07-30,70094,70661,68960,69338,220446,15363000000,182665080
003550,2020-07-31,69338,70283,68016,69905,380138,26326000000,182665080
003550,2020-08-03,70000,71228,69149,70661,349233,24626000000,182665080
003550,2020-08-04,70850,75290,70850,73873,582744,42988000000,182665080
003550,2020-08-05,73778,77935,73495,77746,497287,38198000000,182665080
003550,2020-08-06,77462,78596,76801,78029,359317,27950000000,182665080
003550,2020-08-07,78124,81430,77179,81241,515742,41547000000,182665080
003550,2020-08-10,80391,85209,79352,85020,578675,48457000000,182665080
003550,2020-08-11,85020,89176,81713,82469,870200,73418000000,182665080
003550,2020-08-12,81902,83981,78785,83697,639563,52396000000,182665080
003550,2020-08-13,84547,88232,82186,85020,793226,68098000000,182665080
003550,2020-08-14,84736,84736,80485,81241,464422,37899000000,182665080
003550,2020-08-18,81241,82091,77368,77935,420193,33517000000,182665080
003550,2020-08-19,77746,80013,77651,78124,251246,19740000000,182665080
003550,2020-08-20,77085,79352,73684,74723,503637,38249000000,182665080
003550,2020-08-21,75573,82186,75479,81052,580645,46552000000,182665080
003550,2020-08-24,80391,81808,78879,80674,320237,25735000000,182665080
003550,2020-08-25,82753,83508,81241,82942,306483,25306000000,182665080
003550,2020-08-26,82469,84831,81147,83225,321433,26605000000,182665080
003550,2020-08-27,82847,82847,80013,80580,313179,25405000000,182665080
003550,2020-08-28,80674,81430,79446,80108,368261,29560000000,182665080
003550,2020-08-31,80202,81052,78124,78124,497183,39350000000,182665080
003550,2020-09-01,77746,79635,77557,78124,361989,28397000000,182665080
003550,2020-09-02,78691,80013,77935,78691,314566,24715000000,182665080
003550,2020-09-03,78974,79446,78029,78407,349899,27445000000,182665080
003550,2020-09-04,76140,76896,75384,75668,382121,28957000000,182665080
003550,2020-09-07,75384,75857,74817,75573,217079,16330000000,182665080
003550,2020-09-08,75573,75951,74817,75101,244454,18379000000,182665080
003550,2020-09-09,74534,75951,73684,75101,302937,22691000000,182665080
003550,2020-09-10,75668,76329,75101,75290,410785,31062000000,182665080
003550,2020-09-11,74912,75290,73873,74534,214757,15984000000,182665080
003550,2020-09-14,74912,75006,73778,73873,280705,20839000000,182665080
003550,2020-09-15,73873,74345,73211,73684,248651,18315000000,182665080
003550,2020-09-16,73117,74440,73117,73873,292009,21581000000,182665080
003550,2020-09-17,73589,76801,72645,76329,540514,40311000000,182665080
003550,2020-09-18,77368,77368,74534,74534,466774,35128000000,182665080
003550,2020-09-21,74534,74912,72739,72928,244158,17997000000,182665080
003550,2020-09-22,72928,72928,70000,70472,312294,22254000000,182665080
003550,2020-09-23,70755,72456,70283,70566,260649,18497000000,182665080
003550,2020-09-24,70377,70377,68110,68205,330286,22745000000,182665080
003550,2020-09-25,69149,69149,67921,68110,258432,17660000000,182665080
003550,2020-09-28,68394,69716,68299,68960,181775,12554000000,182665080
003550,2020-09-29,69905,72172,69622,70000,417467,29426000000,182665080
003550,2020-10-05,70850,71794,68960,71417,268747,19050000000,182665080
003550,2020-10-06,71228,73495,71133,72550,268637,19540000000,182665080
003550,2020-10-07,71889,72550,71417,72172,245370,17643000000,182665080
003550,2020-10-08,72456,73495,72361,72928,332951,24326000000,182665080
003550,2020-10-12,73023,73211,71417,71417,272633,19701000000,182665080
003550,2020-10-13,71511,72267,70472,71322,172513,12289000000,182665080
003550,2020-10-14,71039,71700,70094,70094,196874,13898000000,182665080
003550,2020-10-15,69905,70283,68772,69338,336233,23329000000,182665080
003550,2020-10-16,70189,70189,68016,68016,323467,22100000000,182665080
003550,2020-10-19,68394,68960,67543,67543,272028,18517000000,182665080
003550,2020-10-20,66410,68394,66410,68205,238860,16186000000,182665080
003550,2020-10-21,68016,68866,68016,68394,194714,13324000000,182665080
003550,2020-10-22,68394,68488,67543,68488,188604,12821000000,182665080
003550,2020-10-23,68583,68677,67827,68205,148084,10109000000,182665080
003550,2020-10-26,67732,68677,67071,67638,210659,14256000000,182665080
003550,2020-10-27,67260,67827,66410,66788,264808,17773000000,182665080
003550,2020-10-28,66410,68016,66410,68016,181517,12211000000,182665080
003550,2020-10-29,67166,67166,66126,66410,250226,16635000000,182665080
003550,2020-10-30,66788,66788,64048,64048,458491,29734000000,182665080
003550,2020-11-02,64237,65182,63859,64709,197689,12755000000,182665080
003550,2020-11-03,64709,66693,64709,66693,216051,14278000000,182665080
003550,2020-11-04,67071,67543,65938,66882,230576,15386000000,182665080
003550,2020-11-05,66977,67638,66693,67166,342571,22988000000,182665080
003550,2020-11-06,67071,69433,66315,69244,443313,30267000000,182665080
003550,2020-11-09,70189,70377,68583,68866,333306,23113000000,182665080
003550,2020-11-10,70000,70094,69055,69905,458234,31927000000,182665080
003550,2020-11-11,69905,72645,69905,72645,463039,33139000000,182665080
003550,2020-11-12,71889,72078,70377,71322,489728,34862000000,182665080
003550,2020-11-13,70377,71133,70094,70377,248047,17490000000,182665080
003550,2020-11-16,70472,70944,69716,70377,380436,26758000000,182665080
003550,2020-11-17,70094,70755,69433,69905,389592,27226000000,182665080
003550,2020-11-18,69527,71133,69527,71039,373420,26365000000,182665080
003550,2020-11-19,71039,71606,70566,71228,353017,25065000000,182665080
003550,2020-11-20,70661,71794,70661,71700,253527,18082000000,182665080
003550,2020-11-23,71983,73023,71133,71700,360546,26037000000,182665080
003550,2020-11-24,71700,73117,71700,72928,496890,36070000000,182665080
003550,2020-11-25,73306,75101,73211,73873,755632,56159000000,182665080
003550,2020-11-26,73117,74345,72267,72928,353333,25786000000,182665080
003550,2020-11-27,73306,73306,71039,71039,425053,30535000000,182665080
003550,2020-11-30,70755,71039,66693,66693,1245378,84625000000,182665080
003550,2020-12-01,67732,68866,67732,68583,494301,33879000000,182665080
003550,2020-12-02,68960,69338,68488,69244,526038,36287000000,182665080
003550,2020-12-03,69055,69244,68488,69244,570396,39287000000,182665080
003550,2020-12-04,69244,70472,68960,70000,837649,58625000000,182665080
003550,2020-12-07,70189,70566,69338,70566,431463,30204000000,182665080
003550,2020-12-08,71133,71228,70283,70850,468888,33162000000,182665080
003550,2020-12-09,70850,73023,70850,72739,540916,39220000000,182665080
003550,2020-12-10,72739,72739,70944,71606,621850,44653000000,182665080
003550,2020-12-11,71889,74534,71794,73589,682255,50015000000,182665080
003550,2020-12-14,73589,74345,72834,72834,480815,35273000000,182665080
003550,2020-12-15,72739,73967,72267,73684,431957,31648000000,182665080
003550,2020-12-16,75006,75006,74062,74534,549812,40973000000,182665080
003550,2020-12-17,74628,74628,73589,73967,322660,23878000000,182665080
003550,2020-12-18,73778,74534,73684,74156,418414,31006000000,182665080
003550,2020-12-21,74062,74440,73117,74251,535644,39500000000,182665080
003550,2020-12-22,74440,75006,73684,73967,450233,33480000000,182665080
003550,2020-12-23,74534,92294,73117,81619,8212830,686894000000,182665080
003550,2020-12-24,83697,84642,76801,80296,1560079,124802000000,182665080
003550,2020-12-28,81147,85587,80391,82753,1458993,121549000000,182665080
003550,2020-12-29,82186,83319,80391,81241,698461,56971000000,182665080
003550,2020-12-30,81241,83414,79919,82658,603147,49368000000,182665080
003550,2021-01-04,83130,96828,82091,91538,2402659,216021000000,182665080
003550,2021-01-05,90026,93238,89271,92860,1050465,95757000000,182665080
003550,2021-01-06,93711,94939,90971,91916,1032617,96504000000,182665080
003550,2021-01-07,92860,112415,92577,101551,3625739,374409000000,182665080
003550,2021-01-08,101551,105802,96828,99662,1868627,188392000000,182665080
003550,2021-01-11,98717,100607,93616,97300,1566895,151426000000,182665080
003550,2021-01-12,94466,98245,93805,96356,1112828,106498000000,182665080
003550,2021-01-13,96356,99190,94939,97773,752703,73239000000,182665080
003550,2021-01-14,96828,103441,96356,102496,1065742,108036000000,182665080
003550,2021-01-15,102968,103441,99662,100134,770058,78057000000,182665080
003550,2021-01-18,98717,100134,95411,96356,543982,52640000000,182665080
003550,2021-01-19,96356,100134,94939,97300,565305,55116000000,182665080
003550,2021-01-20,98717,102496,96356,102496,854494,85103000000,182665080
003550,2021-01-21,103913,111470,101551,109109,1962026,210504000000,182665080
003550,2021-01-22,106275,110053,101079,101079,1323209,139229000000,182665080
003550,2021-01-25,102024,105330,100134,104385,587128,60860000000,182665080
003550,2021-01-26,104858,105802,98245,98717,914141,92539000000,182665080
003550,2021-01-27,99190,100607,95883,97300,658176,64731000000,182665080
003550,2021-01-28,94466,100607,94466,97773,612468,59830000000,182665080
003550,2021-01-29,98245,99190,93522,93616,792858,75519000000,182665080
003550,2021-02-01,93049,97773,91916,97300,517288,49456000000,182665080
003550,2021-02-02,96828,100134,96356,96828,479726,46998000000,182665080
003550,2021-02-03,97773,99190,96828,97773,469540,45822000000,182665080
003550,2021-02-04,97300,98245,95411,96356,567223,54736000000,182665080
003550,2021-02-05,96828,98717,96356,98245,453854,44320000000,182665080
003550,2021-02-08,99190,101079,98245,98245,581735,57962000000,182665080
003550,2021-02-09,98717,102024,98245,99190,740091,73952000000,182665080
003550,2021-02-10,100134,104385,99662,103913,741747,75990000000,182665080
003550,2021-02-15,106275,108164,103441,103441,547960,57761000000,182665080
003550,2021-02-16,103913,106275,103441,105330,460284,48513000000,182665080
003550,2021-02-17,102968,103913,99662,99662,631959,63727000000,182665080
003550,2021-02-18,99190,99190,95411,95411,593255,57551000000,182665080
003550,2021-02-19,94939,95883,92199,94089,607580,56975000000,182665080
003550,2021-02-22,95411,95883,90121,90215,711791,65579000000,182665080
003550,2021-02-23,89838,91727,89271,89365,532664,47995000000,182665080
003550,2021-02-24,90215,91632,88326,88704,549867,49310000000,182665080
003550,2021-02-25,89838,91916,89082,90971,366512,33183000000,182665080
003550,2021-02-26,89649,90215,88326,88704,882288,78413000000,182665080
003550,2021-03-02,90121,92199,87287,88137,563097,50423000000,182665080
003550,2021-03-03,88137,88987,87381,88987,354004,31336000000,182665080
003550,2021-03-04,87570,87854,85775,86909,487654,42302000000,182665080
003550,2021-03-05,85492,86437,84736,85775,410455,35107000000,182665080
003550,2021-03-08,86531,87381,85114,85303,335268,28797000000,182665080
003550,2021-03-09,85681,86059,82469,84453,447920,37840000000,182665080
003550,2021-03-10,85492,86437,82847,83697,354909,29878000000,182665080
003550,2021-03-11,83697,86815,83603,85964,520300,44680000000,182665080
003550,2021-03-12,86720,88232,86437,86815,296279,25874000000,182665080
003550,2021-03-15,86909,87759,85964,86531,319437,27733000000,182665080
003550,2021-03-16,86531,86815,85870,85964,309281,26679000000,182665080
003550,2021-03-17,85681,85870,83603,84170,439693,37076000000,182665080
003550,2021-03-18,84925,85587,83697,83697,345280,29184000000,182665080
003550,2021-03-19,83225,83603,82091,83603,392071,32550000000,182665080
003550,2021-03-22,84075,84358,82658,83225,303064,25237000000,182665080
003550,2021-03-23,83508,83792,81336,81336,377362,31058000000,182665080
003550,2021-03-24,81336,81713,80202,81147,431198,35000000000,182665080
003550,2021-03-25,81430,83414,80863,83130,447656,36953000000,182665080
003550,2021-03-26,83697,84925,83319,84264,394145,33214000000,182665080
003550,2021-03-29,83886,84075,81336,83319,538463,44292000000,182665080
003550,2021-03-30,84170,87570,83792,86342,638960,55167000000,182665080
003550,2021-03-31,86437,87287,85398,85398,363269,31298000000,182665080
003550,2021-04-01,85775,86342,84547,86248,359426,30780000000,182665080
003550,2021-04-02,86437,87476,86437,87381,318950,27750000000,182665080
003550,2021-04-05,87476,87948,86153,86720,245316,21282000000,182665080
003550,2021-04-06,87287,87476,85492,85492,277544,23927000000,182665080
003550,2021-04-07,85870,86815,85587,86248,233608,20127000000,182665080
003550,2021-04-08,86531,86626,85303,86342,273892,23614000000,182665080
003550,2021-04-09,85492,86720,85398,85681,206978,17797000000,182665080
003550,2021-04-12,87381,90782,87192,89743,654445,58348000000,182665080
003550,2021-04-13,90782,91160,89176,90593,432902,39195000000,182665080
003550,2021-04-14,92672,96356,92294,95883,830211,78241000000,182665080
003550,2021-04-15,100134,109581,99190,103441,2038185,211246000000,182665080
003550,2021-04-16,102968,104385,100607,103913,907947,93241000000,182665080
003550,2021-04-19,104858,108636,104385,106747,705393,75334000000,182665080
003550,2021-04-20,105802,106747,103441,104385,629080,65732000000,182665080
003550,2021-04-21,103913,104385,102024,102968,498146,51427000000,182665080
003550,2021-04-22,103913,104385,102024,102968,431034,44347000000,182665080
003550,2021-04-23,103441,108636,102496,108164,677036,72052000000,182665080
003550,2021-04-26,109581,117138,109581,117138,1499048,171111000000,182665080
003550,2021-04-27,114777,115249,110998,111943,1070779,121059000000,182665080
003550,2021-04-28,113832,119500,109581,119500,1461489,165606000000,182665080
003550,2021-04-29,119500,119500,119500,119500,0,0,182665080
003550,2021-04-30,119500,119500,119500,119500,0,0,182665080
003550,2021-05-03,119500,119500,119500,119500,0,0,182665080
003550,2021-05-04,119500,119500,119500,119500,0,0,182665080
003550,2021-05-06,119500,119500,119500,119500,0,0,182665080
003550,2021-05-07,119500,119500,119500,119500,0,0,182665080
003550,2021-05-10,119500,119500,119500,119500,0,0,182665080
003550,2021-05-11,119500,119500,119500,119500,0,0,182665080
003550,2021-05-12,119500,119500,119500,119500,0,0,182665080
003550,2021-05-13,119500,119500,119500,119500,0,0,182665080
003550,2021-05-14,119500,119500,119500,119500,0,0,182665080
003550,2021-05-17,119500,119500,119500,119500,0,0,182665080
003550,2021-05-18,119500,119500,119500,119500,0,0,182665080
003550,2021-05-20,119500,119500,119500,119500,0,0,182665080
003550,2021-05-21,119500,119500,119500,119500,0,0,182665080
003550,2021-05-24,119500,119500,119500,119500,0,0,182665080
003550,2021-05-25,119500,119500,119500,119500,0,0,182665080
003550,2021-05-26,119500,119500,119500,119500,0,0,182665080
003550,2021-05-27,119500,122500,107500,108500,1781390,197709000000,157300993
003550,2021-05-28,109000,112500,107000,107000,768596,83614000000,157300993
003550,2021-05-31,106500,106500,100000,101000,1061671,108241000000,157300993
003550,2021-06-01,101000,103000,99700,101000,537456,54378000000,157300993
003550,2021-06-02,101000,101500,99800,100500,436935,43830000000,157300993
003550,2021-06-03,99900,102000,99700,102000,337519,34050000000,157300993
003550,2021-06-04,100500,101000,99700,99800,415150,41534000000,157300993
003550,2021-06-07,100500,101500,99800,99900,504874,50546000000,157300993
003550,2021-06-08,99900,100000,99200,99400,364665,36319000000,157300993
003550,2021-06-09,99600,99900,97900,97900,353173,34752000000,157300993
003550,2021-06-10,98000,98800,96500,98100,466952,45577000000,157300993
003550,2021-06-11,98400,99200,97700,98000,327340,32167000000,157300993
003550,2021-06-14,98000,98800,97500,98100,237584,23323000000,157300993
003550,2021-06-15,98300,99900,98300,99100,272516,27036000000,157300993
003550,2021-06-16,99200,102000,98600,102000,434819,43905000000,157300993
003550,2021-06-17,101500,104000,100500,104000,372922,38256000000,157300993
003550,2021-06-18,104000,105000,102500,103500,380755,39535000000,157300993
003550,2021-06-21,102500,105000,101000,104000,333781,34601000000,157300993
003550,2021-06-22,105000,105500,103000,104500,265848,27642000000,157300993
003550,2021-06-23,104500,105500,102000,104500,311745,32306000000,157300993
003550,2021-06-24,103500,105500,103500,105500,241454,25324000000,157300993
003550,2021-06-25,105500,107000,105000,106500,209482,22280000000,157300993
003550,2021-06-28,106500,106500,103500,104500,282094,29469000000,157300993
003550,2021-06-29,104000,104500,102000,102000,1431484,143824000000,157300993
003550,2021-06-30,102500,104000,102000,102500,325041,33458000000,157300993
003550,2021-07-01,102000,102500,100000,100500,369063,37226000000,157300993
003550,2021-07-02,100500,101500,99700,99800,421835,42210000000,157300993
003550,2021-07-05,100500,101500,99900,100000,297041,29880000000,157300993
003550,2021-07-06,99900,101500,99800,100000,348549,35047000000,157300993
003550,2021-07-07,100000,100500,99400,100000,330938,33102000000,157300993
003550,2021-07-08,100500,100500,97800,98400,479483,47440000000,157300993
003550,2021-07-09,97700,99100,96500,97100,392489,38104000000,157300993
003550,2021-07-12,97400,98200,97400,98000,230253,22530000000,157300993
003550,2021-07-13,98600,100500,98600,100000,290228,29002000000,157300993
003550,2021-07-14,99600,100500,99000,100500,296015,29599000000,157300993
003550,2021-07-15,100500,101000,99000,99400,358809,35752000000,157300993
003550,2021-07-16,98600,99200,98100,98800,294081,28964000000,157300993
003550,2021-07-19,97800,98100,97000,97000,307409,29883000000,157300993
003550,2021-07-20,95800,97500,95700,97400,223970,21720000000,157300993
003550,2021-07-21,97500,97900,96600,96800,179420,17431000000,157300993
003550,2021-07-22,97000,97900,96800,97800,231929,22569000000,157300993
003550,2021-07-23,97800,98500,97400,97800,207660,20332000000,157300993
003550,2021-07-26,97700,97800,96500,96500,185934,18029000000,157300993
003550,2021-07-27,96800,97900,96200,96500,200704,19443000000,157300993
003550,2021-07-28,96200,96800,95100,95900,220621,21157000000,157300993
003550,2021-07-29,96000,97000,95900,96400,179785,17342000000,157300993
003550,2021-07-30,95800,96000,94200,94200,417326,39552000000,157300993
003550,2021-08-02,94500,94900,92600,94800,283802,26633000000,157300993
003550,2021-08-03,95500,95900,94100,95900,260635,24811000000,157300993
003550,2021-08-04,95300,95900,94700,95600,242823,23173000000,157300993
003550,2021-08-05,95400,96900,95200,95500,179356,17200000000,157300993
003550,2021-08-06,95500,96100,94800,94800,162449,15463000000,157300993
003550,2021-08-09,94200,95200,93500,94800,235229,22194000000,157300993
003550,2021-08-10,95000,95300,93900,94400,166997,15769000000,157300993
003550,2021-08-11,94100,95500,94000,94700,234818,22234000000,157300993
003550,2021-08-12,95500,96500,94400,94900,368061,35048000000,157300993
003550,2021-08-13,95100,95600,93300,94000,356132,33544000000,157300993
003550,2021-08-17,94700,97300,94200,95300,456696,43687000000,157300993
003550,2021-08-18,95900,97700,95500,97600,328522,31841000000,157300993
003550,2021-08-19,96300,96600,94500,95100,351197,33555000000,157300993
003550,2021-08-20,95600,97000,93500,94300,377965,36062000000,157300993
003550,2021-08-23,93600,93600,88000,89500,537301,48216000000,157300993
003550,2021-08-24,90100,93500,89700,93300,277320,25580000000,157300993
003550,2021-08-25,92600,94700,92500,93800,209420,19616000000,157300993
003550,2021-08-26,93100,94900,92600,92700,157771,14736000000,157300993
003550,2021-08-27,93200,94400,92800,93300,173882,16278000000,157300993
003550,2021-08-30,93800,94900,93500,94100,104078,9810000000,157300993
003550,2021-08-31,93100,95300,92500,95300,380558,35940000000,157300993
003550,2021-09-01,94200,95300,93700,94300,193825,18237000000,157300993
003550,2021-09-02,93100,94700,92800,93200,179671,16768000000,157300993
003550,2021-09-03,93100,98200,92900,96400,360938,34574000000,157300993
003550,2021-09-06,95100,96300,94600,95300,146255,13959000000,157300993
003550,2021-09-07,94700,94900,93600,94100,137656,12938000000,157300993
003550,2021-09-08,94300,96200,94300,95700,237534,22680000000,157300993
003550,2021-09-09,94600,95800,93500,93500,201325,18972000000,157300993
003550,2021-09-10,93600,95300,93500,94400,139153,13136000000,157300993
003550,2021-09-13,94300,95600,93400,94800,144676,13696000000,157300993
003550,2021-09-14,96200,96900,95500,96600,215211,20767000000,157300993
003550,2021-09-15,94600,96700,94600,95700,195045,18680000000,157300993
003550,2021-09-16,95700,96500,94400,94800,151108,14332000000,157300993
003550,2021-09-17,93500,94700,93100,94600,206462,19428000000,157300993
003550,2021-09-23,94000,95700,93700,95300,242646,22992000000,157300993
003550,2021-09-24,95300,96000,94800,95200,159950,15234000000,157300993
003550,2021-09-27,94600,96100,94400,95700,131340,12566000000,157300993
003550,2021-09-28,95300,95700,93800,93800,229044,21619000000,157300993
003550,2021-09-29,93500,93700,90000,90300,335314,30619000000,157300993
003550,2021-09-30,90400,93600,90000,93000,218312,20155000000,157300993
003550,2021-10-01,92900,93500,92000,93000,233277,21667000000,157300993
003550,2021-10-05,90200,93800,90200,93100,325916,30221000000,157300993
003550,2021-10-06,93000,93500,89900,89900,285447,26072000000,157300993
003550,2021-10-07,91400,93300,91100,92300,171975,15896000000,157300993
003550,2021-10-08,90300,92900,90100,91900,170757,15711000000,157300993
003550,2021-10-12,93400,94000,90900,92700,230482,21245000000,157300993
003550,2021-10-13,93000,93700,92400,93400,129368,12061000000,157300993
003550,2021-10-14,94000,95400,93600,95400,194255,18424000000,157300993
003550,2021-10-15,94100,95900,94100,95600,148706,14169000000,157300993
003550,2021-10-18,95100,96000,94400,95800,138311,13185000000,157300993
003550,2021-10-19,96600,97200,95500,96100,90945,8755000000,157300993
003550,2021-10-20,96900,97400,95100,95200,132214,12673000000,157300993
003550,2021-10-21,94400,95900,94100,94700,157323,14929000000,157300993
003550,2021-10-22,93600,95000,92800,94600,85627,8047000000,157300993
003550,2021-10-25,93700,95700,93700,95000,139775,13271000000,157300993
003550,2021-10-26,95800,95800,94200,94500,86588,8200000000,157300993
003550,2021-10-27,94600,94900,93300,94700,153586,14479000000,157300993
003550,2021-10-28,94700,94900,91500,91500,263101,24301000000,157300993
003550,2021-10-29,91600,92400,90300,91200,250274,22878000000,157300993
003550,2021-11-01,92000,93100,91200,92500,251976,23308000000,157300993
003550,2021-11-02,92400,93600,92200,93100,160430,14957000000,157300993
003550,2021-11-03,92400,93300,92000,92400,206053,19054000000,157300993
003550,2021-11-04,92600,94300,92600,93100,264248,24734000000,157300993
003550,2021-11-05,93100,94100,92200,93500,176213,16416000000,157300993
003550,2021-11-08,93100,94500,92500,93600,145996,13638000000,157300993
003550,2021-11-09,93700,95100,93000,94000,122675,11539000000,157300993
003550,2021-11-10,92500,93300,90700,91200,188514,17265000000,157300993
003550,2021-11-11,90100,90600,89000,89200,211294,18878000000,157300993
003550,2021-11-12,89200,90500,88800,90000,153161,13772000000,157300993
003550,2021-11-15,90000,90500,89700,90300,112796,10165000000,157300993
003550,2021-11-16,89200,90500,88500,89700,188510,16880000000,157300993
003550,2021-11-17,89100,90000,88000,88100,281523,24901000000,157300993
003550,2021-11-18,87500,87800,84600,84600,276821,23783000000,157300993
003550,2021-11-19,85300,87300,85000,86300,373030,32123000000,157300993
003550,2021-11-22,85500,88200,85300,87800,188598,16468000000,157300993
003550,2021-11-23,85900,87100,85500,85600,229089,19664000000,157300993
003550,2021-11-24,85500,87000,85500,86500,208098,17944000000,157300993
003550,2021-11-25,85700,86200,84500,84600,142795,12130000000,157300993
003550,2021-11-26,84200,84500,81500,82000,310591,25610000000,157300993
003550,2021-11-29,81900,82400,80500,80800,252967,20552000000,157300993
003550,2021-11-30,81000,81100,77000,78400,762537,60017000000,157300993
003550,2021-12-01,78400,79700,76800,78400,292591,23049000000,157300993
003550,2021-12-02,77900,81900,77400,81500,294959,23643000000,157300993
003550,2021-12-03,80500,82700,80000,82000,326838,26697000000,157300993
003550,2021-12-06,81900,82400,80400,81900,197543,16094000000,157300993
003550,2021-12-07,82000,82400,80500,81900,332278,27072000000,157300993
003550,2021-12-08,81300,84300,81300,83600,405832,33787000000,157300993
003550,2021-12-09,83600,84900,83600,84000,437588,36816000000,157300993
003550,2021-12-10,84000,86900,83700,86600,279700,24013000000,157300993
003550,2021-12-13,86700,89000,86300,86900,325203,28492000000,157300993
003550,2021-12-14,81100,81800,80000,80500,9453170,758436000000,157300993
003550,2021-12-15,81400,82300,81100,81400,1088846,88848000000,157300993
003550,2021-12-16,81800,82100,80800,81600,642720,52248000000,157300993
003550,2021-12-17,81200,82900,80900,82300,802264,65969000000,157300993
003550,2021-12-20,82200,82800,80900,81000,631202,51419000000,157300993
003550,2021-12-21,81600,81600,80400,81400,343008,27816000000,157300993
003550,2021-12-22,81600,82000,81000,81400,281713,22931000000,157300993
003550,2021-12-23,81500,82700,81200,82400,457129,37550000000,157300993
003550,2021-12-24,82300,82900,81600,82500,292828,24065000000,157300993
003550,2021-12-27,82500,82900,82200,82600,243474,20079000000,157300993
003550,2021-12-28,82800,83800,82300,83700,373939,31104000000,157300993
003550,2021-12-29,82300,82400,81500,81800,399291,32689000000,157300993
003550,2021-12-30,81400,81800,80700,80900,357548,29003000000,157300993
003550,2022-01-03,80900,81300,80500,81000,256607,20741000000,157300993
003550,2022-01-04,81000,82500,80600,82400,363062,29745000000,157300993
003550,2022-01-05,81300,82100,80800,81400,429095,34941000000,157300993
003550,2022-01-06,80500,81400,80300,80800,570752,46088000000,157300993
003550,2022-01-07,80500,82000,80300,81600,593241,48323000000,157300993
003550,2022-01-10,81400,81900,80300,80800,402694,32511000000,157300993
003550,2022-01-11,80300,80800,78800,79500,409770,32584000000,157300993
003550,2022-01-12,79900,82500,79600,82500,404563,33005000000,157300993
003550,2022-01-13,82900,84500,82300,82600,445294,37090000000,157300993
003550,2022-01-14,82500,83400,81500,82000,256682,21088000000,157300993
003550,2022-01-17,81200,81900,79900,80500,201597,16246000000,157300993
003550,2022-01-18,80900,81300,79000,79300,224720,17938000000,157300993
003550,2022-01-19,78800,80200,77700,78100,285099,22441000000,157300993
003550,2022-01-20,78800,79800,78600,79200,204484,16187000000,157300993
003550,2022-01-21,78600,79700,78100,79200,216400,17079000000,157300993
003550,2022-01-24,79200,79700,76200,76600,333545,25767000000,157300993
003550,2022-01-25,76100,76600,73400,74400,429846,31963000000,157300993
003550,2022-01-26,74400,75600,74300,75000,258489,19374000000,157300993
003550,2022-01-27,75000,76300,72000,72200,472284,34551000000,157300993
003550,2022-01-28,73200,74500,71900,74000,393314,28878000000,157300993
003550,2022-02-03,74800,76300,74500,74600,225616,16934000000,157300993
003550,2022-02-04,75000,76500,74700,76300,249415,18925000000,157300993
003550,2022-02-07,77100,77100,75700,76200,224120,17068000000,157300993
003550,2022-02-08,77200,78200,75600,76300,253899,19539000000,157300993
003550,2022-02-09,76600,77400,76400,77100,148035,11384000000,157300993
003550,2022-02-10,77200,78200,77000,77800,275077,21362000000,157300993
003550,2022-02-11,77000,77300,74400,75000,645124,48414000000,157300993
003550,2022-02-14,73900,75700,73800,75500,364286,27306000000,157300993
003550,2022-02-15,75500,76100,75400,75500,215429,16294000000,157300993
003550,2022-02-16,76000,76700,75900,76300,189127,14426000000,157300993
003550,2022-02-17,76800,78200,76100,77000,281807,21778000000,157300993
003550,2022-02-18,76100,77900,76000,77200,208507,16108000000,157300993
003550,2022-02-21,75300,77200,75300,77200,215336,16481000000,157300993
003550,2022-02-22,76500,76700,75200,76200,296202,22450000000,157300993
003550,2022-02-23,76900,76900,75200,75800,184706,14020000000,157300993
003550,2022-02-24,75000,75200,72900,73700,312305,23107000000,157300993
003550,2022-02-25,74300,75000,73800,74100,188551,14028000000,157300993
003550,2022-02-28,74000,75200,73400,75200,263755,19715000000,157300993
003550,2022-03-02,74900,75300,74000,74000,210499,15664000000,157300993
003550,2022-03-03,73600,74500,72500,74100,287319,21222000000,157300993
003550,2022-03-04,74100,75500,73500,75100,262937,19610000000,157300993
003550,2022-03-07,73300,74400,73100,73200,305662,22442000000,157300993
003550,2022-03-08,72900,73600,72400,73000,242903,17746000000,157300993
003550,2022-03-10,74000,74400,73200,73600,273569,20152000000,157300993
003550,2022-03-11,73300,73800,73000,73600,197369,14493000000,157300993
003550,2022-03-14,73200,73700,72000,72400,194752,14137000000,157300993
003550,2022-03-15,71900,71900,70500,70900,287398,20396000000,157300993
003550,2022-03-16,71100,72500,70800,72500,290584,20772000000,157300993
003550,2022-03-17,73500,74300,73100,73800,257937,19007000000,157300993
003550,2022-03-18,73100,75500,73000,75300,387159,29016000000,157300993
003550,2022-03-21,75000,75400,73500,73600,163982,12156000000,157300993
003550,2022-03-22,74100,74600,73700,74400,207271,15382000000,157300993
003550,2022-03-23,75100,75500,74700,75300,174000,13082000000,157300993
003550,2022-03-24,74500,75500,74500,75500,163016,12249000000,157300993
003550,2022-03-25,74800,75400,73900,74200,203758,15138000000,157300993
003550,2022-03-28,73300,74900,73000,74600,250772,18580000000,157300993
003550,2022-03-29,75400,75600,74700,75100,173596,13034000000,157300993
003550,2022-03-30,75700,75700,74600,74800,236561,17745000000,157300993
003550,2022-03-31,75300,76400,75000,76400,306621,23360000000,157300993
003550,2022-04-01,76500,77000,75400,76200,237282,18109000000,157300993
003550,2022-04-04,75500,76100,74700,75500,177793,13363000000,157300993
003550,2022-04-05,75200,75800,74700,75300,128510,9672000000,157300993
003550,2022-04-06,75100,75900,74600,74800,152048,11411000000,157300993
003550,2022-04-07,74000,74400,73100,73800,207878,15323000000,157300993
003550,2022-04-08,74200,74600,73600,74500,140302,10396000000,157300993
003550,2022-04-11,74200,75600,74100,74900,155604,11684000000,157300993
003550,2022-04-12,74900,74900,72600,72900,213766,15637000000,157300993
003550,2022-04-13,73500,74800,73000,74800,119235,8825000000,157300993
003550,2022-04-14,74600,75200,74200,74800,153254,11463000000,157300993
003550,2022-04-15,73700,74400,72900,73300,146515,10743000000,157300993
003550,2022-04-18,72700,73400,72300,73100,120298,8772000000,157300993
003550,2022-04-19,73300,73800,73000,73600,116000,8526000000,157300993
003550,2022-04-20,73300,75000,73300,74400,176968,13134000000,157300993
003550,2022-04-21,75100,75200,74200,75100,174414,13051000000,157300993
003550,2022-04-22,74200,74300,73600,73800,168464,12446000000,157300993
003550,2022-04-25,73000,74000,72700,72800,192840,14091000000,157300993
003550,2022-04-26,73400,73400,72400,72700,185533,13493000000,157300993
003550,2022-04-27,71100,71700,70700,71400,216299,15402000000,157300993
003550,2022-04-28,71900,73100,71500,73100,247673,17867000000,157300993
003550,2022-04-29,72600,73400,72500,73300,252247,18414000000,157300993
003550,2022-05-02,72700,73800,72600,73800,118119,8660000000,157300993
003550,2022-05-03,73100,74100,73100,73600,120969,8923000000,157300993
003550,2022-05-04,73500,74500,73400,74000,151006,11188000000,157300993
003550,2022-05-06,73700,74000,72600,72800,192431,14044000000,157300993
003550,2022-05-09,71900,73200,71800,71800,128558,9282000000,157300993
003550,2022-05-10,72100,72200,69600,70900,274237,19395000000,157300993
003550,2022-05-11,70200,71200,70100,70700,168605,11923000000,157300993
003550,2022-05-12,70800,71200,69900,69900,324238,22828000000,157300993
003550,2022-05-13,70800,75000,70700,75000,474540,34926000000,157300993
003550,2022-05-16,75000,75000,73700,74400,157091,11681000000,157300993
003550,2022-05-17,74400,76600,74300,75300,237851,17951000000,157300993
003550,2022-05-18,75000,75900,74600,75200,196858,14818000000,157300993
003550,2022-05-19,74200,75400,73500,74400,263435,19673000000,157300993
003550,2022-05-20,74300,76900,74300,76000,235263,17856000000,157300993
003550,2022-05-23,75500,76200,74600,75400,146725,11072000000,157300993
003550,2022-05-24,75100,76000,74600,75100,148283,11192000000,157300993
003550,2022-05-25,76400,76400,74600,75400,121100,9143000000,157300993
003550,2022-05-26,74400,76000,73600,74000,187473,13945000000,157300993
003550,2022-05-27,74800,75100,74000,74700,178710,13340000000,157300993
003550,2022-05-30,77400,82000,77200,81900,1023699,82276000000,157300993
003550,2022-05-31,81900,81900,80200,80200,1117702,90110000000,157300993
003550,2022-06-02,82000,82000,79700,80200,341482,27522000000,157300993
003550,2022-06-03,80600,81100,80000,80100,202543,16278000000,157300993
003550,2022-06-07,79900,80900,79500,80300,355128,28548000000,157300993
003550,2022-06-08,79700,81000,79600,80700,180525,14547000000,157300993
003550,2022-06-09,80400,81600,80100,81400,581520,47233000000,157300993
003550,2022-06-10,81300,81600,80400,80800,302694,24498000000,157300993
003550,2022-06-13,79400,79800,77500,77800,217420,17018000000,157300993
003550,2022-06-14,77400,77500,75600,77000,251534,19269000000,157300993
003550,2022-06-15,76500,77200,75400,76200,289979,22157000000,157300993
003550,2022-06-16,76800,79900,76700,77500,246087,19330000000,157300993
003550,2022-06-17,77000,78700,76100,78000,281782,21903000000,157300993
003550,2022-06-20,78000,78300,75300,75900,216021,16515000000,157300993
003550,2022-06-21,77500,78600,76000,77600,295841,22928000000,157300993
003550,2022-06-22,77100,77700,75300,75600,343081,26220000000,157300993
003550,2022-06-23,76700,77500,75600,75800,331946,25376000000,157300993
003550,2022-06-24,75500,77800,75500,76700,268252,20648000000,157300993
003550,2022-06-27,76800,79900,76700,79500,241476,19006000000,157300993
003550,2022-06-28,79600,81000,78900,81000,253770,20347000000,157300993
003550,2022-06-29,80300,80900,79100,79300,283084,22599000000,157300993
003550,2022-06-30,79000,80000,77900,77900,363380,28542000000,157300993
003550,2022-07-01,79000,80800,77800,78600,280501,22149000000,157300993
003550,2022-07-04,79100,79500,77300,78500,227337,17783000000,157300993
003550,2022-07-05,79300,80900,78600,80800,262482,21057000000,157300993
003550,2022-07-06,79400,80900,77400,77800,270194,21290000000,157300993
003550,2022-07-07,79600,79700,77300,78700,224909,17652000000,157300993
003550,2022-07-08,78200,79400,78200,78400,201762,15901000000,157300993
003550,2022-07-11,78400,79200,77800,78300,129487,10159000000,157300993
003550,2022-07-12,78400,79000,76500,76900,166886,12898000000,157300993
003550,2022-07-13,77900,78400,76300,76800,216291,16712000000,157300993
003550,2022-07-14,76200,77400,76000,76000,225050,17227000000,157300993
003550,2022-07-15,76900,76900,74800,75900,181131,13747000000,157300993
003550,2022-07-18,76100,77400,76000,76700,133526,10251000000,157300993
003550,2022-07-19,76300,78100,76200,77000,138665,10703000000,157300993
003550,2022-07-20,77800,78800,77100,78800,173732,13562000000,157300993
003550,2022-07-21,77500,78800,77000,77600,186244,14465000000,157300993
003550,2022-07-22,77600,78600,77600,78300,169463,13243000000,157300993
003550,2022-07-25,78000,79200,77900,78700,118647,9348000000,157300993
003550,2022-07-26,78100,78900,77600,78800,88505,6948000000,157300993
003550,2022-07-27,79000,80000,78100,79900,130250,10305000000,157300993
003550,2022-07-28,79300,80500,79200,80500,156860,12578000000,157300993
003550,2022-07-29,80800,82000,80500,81100,183546,14876000000,157300993
003550,2022-08-01,80200,81700,80200,81100,211542,17159000000,157300993
003550,2022-08-02,80300,80500,78800,79800,158585,12612000000,157300993
003550,2022-08-03,79300,80400,79200,80200,180948,14437000000,157300993
003550,2022-08-04,80200,80700,79600,80400,154300,12375000000,157300993
003550,2022-08-05,80900,81300,79900,80200,90632,7291000000,157300993
003550,2022-08-08,79500,80900,79500,80800,118195,9504000000,157300993
003550,2022-08-09,80900,81300,80100,80700,108929,8788000000,157300993
003550,2022-08-10,81400,81400,79800,80500,89640,7203000000,157300993
003550,2022-08-11,81300,83400,80500,83400,345901,28545000000,157300993
003550,2022-08-12,83400,84500,82600,84500,234167,19639000000,157300993
003550,2022-08-16,85100,85800,84000,84400,255048,21671000000,157300993
003550,2022-08-17,85300,85500,84400,84600,183420,15569000000,157300993
003550,2022-08-18,84300,85000,83500,84300,124006,10474000000,157300993
003550,2022-08-19,84100,84800,83700,83800,169303,14261000000,157300993
003550,2022-08-22,82300,83300,81600,82100,154463,12711000000,157300993
003550,2022-08-23,80800,81900,80200,81700,160102,12990000000,157300993
003550,2022-08-24,81700,82700,80800,81300,154796,12620000000,157300993
003550,2022-08-25,81300,83200,81300,83000,138910,11474000000,157300993
003550,2022-08-26,82000,84100,81800,83100,179376,14887000000,157300993
003550,2022-08-29,81400,81700,80200,80700,148140,11972000000,157300993
003550,2022-08-30,81500,82000,81000,81500,127797,10424000000,157300993
003550,2022-08-31,80600,82000,79800,82000,425644,34815000000,157300993
003550,2022-09-01,80400,80800,79000,79700,307624,24541000000,157300993
003550,2022-09-02,79400,80000,78800,78800,266487,21138000000,157300993
003550,2022-09-05,79500,80200,78500,79300,102358,8127000000,157300993
003550,2022-09-06,79300,79300,77300,78600,307439,24054000000,157300993
003550,2022-09-07,77200,78000,76500,77600,261922,20207000000,157300993
003550,2022-09-08,78200,78400,76900,78000,235644,18322000000,157300993
003550,2022-09-13,80000,81600,79500,81600,322952,26150000000,157300993
003550,2022-09-14,80200,81100,79200,80700,217207,17425000000,157300993
003550,2022-09-15,81100,81700,80500,80700,165173,13391000000,157300993
003550,2022-09-16,79700,80900,79200,80800,176839,14205000000,157300993
003550,2022-09-19,80800,81400,79400,79800,120672,9647000000,157300993
003550,2022-09-20,81600,81900,79500,80100,167899,13535000000,157300993
003550,2022-09-21,78900,80500,78800,79800,143128,11438000000,157300993
003550,2022-09-22,79600,79900,78000,79700,172255,13624000000,157300993
003550,2022-09-23,80500,80500,77600,77600,125363,9814000000,157300993
003550,2022-09-26,76900,77500,75100,76200,218083,16686000000,157300993
003550,2022-09-27,76700,76700,74600,76400,305932,23187000000,157300993
003550,2022-09-28,75200,75700,73300,73800,313809,23313000000,157300993
003550,2022-09-29,74700,76200,74500,74500,229115,17249000000,157300993
003550,2022-09-30,75200,75900,73300,74000,438934,32663000000,157300993
003550,2022-10-04,74100,76600,73500,76300,181290,13673000000,157300993
003550,2022-10-05,77000,77500,74700,75100,225072,16973000000,157300993
003550,2022-10-06,75700,76300,74800,75700,146628,11097000000,157300993
003550,2022-10-07,74500,76900,74400,76800,318966,24179000000,157300993
003550,2022-10-11,76100,76100,73600,75700,231147,17370000000,157300993
003550,2022-10-12,75000,78500,74700,78500,281818,21738000000,157300993
003550,2022-10-13,78100,78200,76600,76600,267565,20644000000,157300993
003550,2022-10-14,77200,78500,76500,76900,173437,13427000000,157300993
003550,2022-10-17,76800,79000,75700,78900,198896,15496000000,157300993
003550,2022-10-18,80200,80300,78100,78800,180599,14238000000,157300993
003550,2022-10-19,78800,79800,78000,79800,172766,13680000000,157300993
003550,2022-10-20,78700,79400,77900,78800,108415,8534000000,157300993
003550,2022-10-21,78200,79100,77600,77800,147263,11514000000,157300993
003550,2022-10-24,79600,80200,77600,78900,188672,14899000000,157300993
003550,2022-10-25,78800,78800,75600,77300,154434,11886000000,157300993
003550,2022-10-26,76500,77900,75900,77800,192840,14879000000,157300993
003550,2022-10-27,78900,79800,78000,79500,192517,15245000000,157300993
003550,2022-10-28,79800,80700,78600,79000,192431,15283000000,157300993
003550,2022-10-31,79700,80000,77500,79200,176937,13916000000,157300993
003550,2022-11-01,78700,81700,78300,81400,167987,13507000000,157300993
003550,2022-11-02,81500,81600,79500,81100,201214,16282000000,157300993
003550,2022-11-03,80100,81500,78700,80800,192666,15479000000,157300993
003550,2022-11-04,79900,81200,78900,80600,195786,15672000000,157300993
003550,2022-11-07,80600,81600,80000,81600,168226,13627000000,157300993
003550,2022-11-08,82400,82500,81000,81800,127288,10376000000,157300993
003550,2022-11-09,82500,82600,81600,82400,147751,12160000000,157300993
003550,2022-11-10,82500,82800,81700,82300,202868,16682000000,157300993
003550,2022-11-11,83500,84000,82900,83400,185331,15474000000,157300993
003550,2022-11-14,83300,84400,83100,83800,140748,11795000000,157300993
003550,2022-11-15,84400,85300,83800,85100,165939,14074000000,157300993
003550,2022-11-16,85100,85900,82800,85900,237822,20196000000,157300993
003550,2022-11-17,85900,86100,84000,84000,118196,10005000000,157300993
003550,2022-11-18,83600,84900,83100,83300,119704,10013000000,157300993
003550,2022-11-21,83600,84900,82300,84900,131899,11100000000,157300993
003550,2022-11-22,84800,84900,83300,83600,85197,7131000000,157300993
003550,2022-11-23,83100,83900,82500,82900,149309,12371000000,157300993
003550,2022-11-24,83200,84600,83100,84200,182231,15286000000,157300993
003550,2022-11-25,85000,85200,84400,85000,111240,9446000000,157300993
003550,2022-11-28,84200,84500,83300,84100,123364,10350000000,157300993
003550,2022-11-29,84500,84900,83200,84700,95309,8025000000,157300993
003550,2022-11-30,83600,84700,83300,84100,1249488,105038000000,157300993
003550,2022-12-01,84600,85500,84400,84600,137506,11659000000,157300993
003550,2022-12-02,83800,84600,82600,82600,173739,14463000000,157300993
003550,2022-12-05,82300,83100,80100,80800,230041,18626000000,157300993
003550,2022-12-06,79800,81200,79700,79800,255791,20527000000,157300993
003550,2022-12-07,79400,79700,78100,78500,151717,11967000000,157300993
003550,2022-12-08,79200,79700,78400,79600,301999,23993000000,157300993
003550,2022-12-09,79800,80800,79000,80400,132583,10639000000,157300993
003550,2022-12-12,80900,81000,80000,80500,102793,8265000000,157300993
003550,2022-12-13,79900,80500,78700,79400,134976,10706000000,157300993
003550,2022-12-14,80600,81200,80000,81000,169268,13672000000,157300993
003550,2022-12-15,81000,81200,80100,80200,119407,9614000000,157300993
003550,2022-12-16,79800,80500,79200,80000,226500,18109000000,157300993
003550,2022-12-19,79000,80500,79000,79600,96882,7721000000,157300993
003550,2022-12-20,79600,79800,78500,78800,87961,6938000000,157300993
003550,2022-12-21,79800,80400,78800,79000,68650,5454000000,157300993
003550,2022-12-22,78900,81000,78800,80500,168430,13524000000,157300993
003550,2022-12-23,80500,82400,79800,82100,166471,13538000000,157300993
003550,2022-12-26,81500,82200,81000,81400,91985,7499000000,157300993
003550,2022-12-27,82700,83100,80900,81900,152922,12519000000,157300993
003550,2022-12-28,80000,80400,79000,79500,171433,13619000000,157300993
003550,2022-12-29,78100,79400,78000,78100,169981,13326000000,157300993
003550,2023-01-02,79300,79300,76600,76600,110530,8527000000,157300993
003550,2023-01-03,76600,77100,74600,75500,121338,9173000000,157300993
003550,2023-01-04,75600,76500,74200,76300,234455,17679000000,157300993
003550,2023-01-05,75900,76900,75600,76500,179802,13714000000,157300993
003550,2023-01-06,75200,77600,75200,76800,127909,9803000000,157300993
003550,2023-01-09,77200,78000,76300,77800,318511,24671000000,157300993
003550,2023-01-10,77500,79900,77500,78800,222811,17587000000,157300993
003550,2023-01-11,79100,80200,78700,79600,147093,11684000000,157300993
003550,2023-01-12,79300,80600,79300,79800,140117,11222000000,157300993
003550,2023-01-13,80400,82500,80400,81900,246110,20101000000,157300993
003550,2023-01-16,81300,82600,81000,81400,112621,9208000000,157300993
003550,2023-01-17,80900,82100,80800,81800,155401,12693000000,157300993
003550,2023-01-18,81500,82300,80500,81300,116370,9441000000,157300993
003550,2023-01-19,80200,82300,80200,82300,117291,9617000000,157300993
003550,2023-01-20,81500,82700,81500,82600,98625,8126000000,157300993
003550,2023-01-25,82000,83500,82000,83000,108381,9003000000,157300993
003550,2023-01-26,83100,83800,82100,83400,139845,11594000000,157300993
003550,2023-01-27,82800,84400,82800,83900,163643,13712000000,157300993
003550,2023-01-30,83500,84100,82800,83500,188427,15730000000,157300993
003550,2023-01-31,83900,84400,82400,82800,363526,30208000000,157300993
003550,2023-02-01,83400,83800,80400,81100,289793,23636000000,157300993
003550,2023-02-02,81500,82200,80400,81200,260006,21133000000,157300993
003550,2023-02-03,80800,82000,79700,81700,230236,18631000000,157300993
003550,2023-02-06,80800,81700,79800,80200,227609,18318000000,157300993
003550,2023-02-07,80000,80700,79800,80300,229676,18407000000,157300993
003550,2023-02-08,80200,82900,80200,82500,217428,17813000000,157300993
003550,2023-02-09,82000,83000,80900,81200,157550,12871000000,157300993
003550,2023-02-10,80200,81100,79200,80300,160576,12837000000,157300993
003550,2023-02-13,79500,81400,79200,81200,214579,17327000000,157300993
003550,2023-02-14,81700,82000,80200,80900,228606,18509000000,157300993
003550,2023-02-15,81000,81300,80400,80900,163900,13258000000,157300993
003550,2023-02-16,80900,82400,80400,82100,195503,15993000000,157300993
003550,2023-02-17,81000,82500,81000,81600,122305,10011000000,157300993
003550,2023-02-20,81300,82100,80300,82000,156721,12771000000,157300993
003550,2023-02-21,81500,83800,81100,83600,194203,16122000000,157300993
003550,2023-02-22,82900,82900,81600,81800,140504,11549000000,157300993
003550,2023-02-23,81800,84700,81700,84400,258065,21668000000,157300993
003550,2023-02-24,83700,85100,83700,84800,276441,23412000000,157300993
003550,2023-02-27,83500,84800,82200,82400,208758,17355000000,157300993
003550,2023-02-28,83200,83900,81300,82300,292162,24116000000,157300993
003550,2023-03-02,80700,83400,80500,83200,308145,25333000000,157300993
003550,2023-03-03,82600,83600,82200,83100,162252,13489000000,157300993
003550,2023-03-06,84100,84200,82900,83400,195499,16326000000,157300993
003550,2023-03-07,83200,84100,81900,82100,139962,11618000000,157300993
003550,2023-03-08,81000,82700,80500,82400,263821,21613000000,157300993
003550,2023-03-09,82400,82800,80000,80600,329197,26629000000,157300993
003550,2023-03-10,80000,89000,79500,85900,1407001,119749000000,157300993
003550,2023-03-13,88200,92600,85800,88300,1294831,115054000000,157300993
003550,2023-03-14,86200,88100,84800,85300,605237,52132000000,157300993
003550,2023-03-15,85400,88800,84400,88600,554268,48456000000,157300993
003550,2023-03-16,87600,91900,87300,90900,803531,72924000000,157300993
003550,2023-03-17,91700,91800,89400,90500,647892,58682000000,157300993
003550,2023-03-20,90000,90100,86200,87000,341713,29881000000,157300993
003550,2023-03-21,87000,88000,85000,85700,360866,31071000000,157300993
003550,2023-03-22,85600,85700,83000,83800,493323,41399000000,157300993
003550,2023-03-23,83400,84200,82000,83800,343308,28572000000,157300993
003550,2023-03-24,82500,83700,82400,83000,203166,16851000000,157300993
003550,2023-03-27,83500,83800,82000,83000,179839,14878000000,157300993
003550,2023-03-28,82500,83900,82500,83200,163432,13579000000,157300993
003550,2023-03-29,83700,84400,82700,83500,193279,16119000000,157300993
003550,2023-03-30,83300,83800,81200,81600,308791,25450000000,157300993
003550,2023-03-31,81700,83300,81300,82800,311357,25764000000,157300993
003550,2023-04-03,82600,83400,82000,83200,229308,19028000000,157300993
003550,2023-04-04,83400,84900,82900,84600,215582,18127000000,157300993
003550,2023-04-05,84700,85300,84000,84300,179610,15174000000,157300993
003550,2023-04-06,83800,84300,82700,82800,209660,17533000000,157300993
003550,2023-04-07,82700,83800,82300,83600,177638,14769000000,157300993
003550,2023-04-10,83200,85200,82900,84500,173108,14602000000,157300993
003550,2023-04-11,84100,86300,83500,85400,302369,25773000000,157300993
003550,2023-04-12,85300,98000,85300,93500,1527113,142299000000,157300993
003550,2023-04-13,96700,97700,91000,93000,1316446,123936000000,157300993
003550,2023-04-14,93000,93200,88400,92100,672497,61115000000,157300993
003550,2023-04-17,91000,91400,88000,88400,452965,40254000000,157300993
003550,2023-04-18,88200,92300,88100,91000,431912,39037000000,157300993
003550,2023-04-19,90500,92700,90400,91700,265067,24295000000,157300993
003550,2023-04-20,91700,91700,89500,90300,219034,19757000000,157300993
003550,2023-04-21,89700,90900,88000,88700,260529,23150000000,157300993
003550,2023-04-24,88600,88600,87300,87700,128127,11241000000,157300993
003550,2023-04-25,88300,88300,86000,86400,175972,15252000000,157300993
003550,2023-04-26,87000,87800,85500,85900,149013,12853000000,157300993
003550,2023-04-27,86000,87200,85700,86300,200721,17337000000,157300993
003550,2023-04-28,86400,87900,86100,87400,202180,17601000000,157300993
003550,2023-05-02,86500,88900,86500,88600,163799,14437000000,157300993
003550,2023-05-03,88400,89300,87600,88600,204264,18048000000,157300993
003550,2023-05-04,88100,90000,87500,89100,196087,17475000000,157300993
003550,2023-05-08,89700,90700,89200,90200,211902,19098000000,157300993
003550,2023-05-09,90300,90700,89300,90100,154353,13911000000,157300993
003550,2023-05-10,90600,91700,90300,91100,209121,19043000000,157300993
003550,2023-05-11,91100,91600,90500,91000,187528,17096000000,157300993
003550,2023-05-12,90600,90900,87400,88400,200515,17709000000,157300993
003550,2023-05-15,87700,88600,87300,88300,128468,11314000000,157300993
003550,2023-05-16,87300,88500,87300,87900,88149,7756000000,157300993
003550,2023-05-17,87300,89500,87200,88700,160528,14232000000,157300993
003550,2023-05-18,88100,89900,88100,89400,141103,12539000000,157300993
003550,2023-05-19,89000,90400,88800,89300,209969,18773000000,157300993
003550,2023-05-22,89700,90200,88600,89000,137813,12299000000,157300993
003550,2023-05-23,89400,89700,88300,88700,127308,11307000000,157300993
003550,2023-05-24,88100,89300,87500,89100,107185,9506000000,157300993
003550,2023-05-25,88400,89300,87200,87400,223544,19659000000,157300993
003550,2023-05-26,86800,87400,86600,87200,122530,10659000000,157300993
003550,2023-05-30,87500,89000,86100,88100,230434,20237000000,157300993
003550,2023-05-31,87500,88200,85700,86000,545415,47082000000,157300993
003550,2023-06-01,86400,87700,86300,86800,168848,14698000000,157300993
003550,2023-06-02,87700,88500,86700,88400,167915,14781000000,157300993
003550,2023-06-05,88600,89600,88000,89300,130120,11599000000,157300993
003550,2023-06-07,89800,91300,89700,90200,206879,18748000000,157300993
003550,2023-06-08,90200,91100,89100,90700,240758,21806000000,157300993
003550,2023-06-09,90700,91500,90200,90400,164067,14878000000,157300993
003550,2023-06-12,91200,91500,89600,90300,135534,12245000000,157300993
003550,2023-06-13,90700,90900,89400,89900,175916,15852000000,157300993
003550,2023-06-14,89900,90500,88700,89000,161263,14409000000,157300993
003550,2023-06-15,88800,89500,87700,88100,183747,16269000000,157300993
003550,2023-06-16,89000,89500,88100,88700,301490,26737000000,157300993
003550,2023-06-19,88400,88800,87600,88200,142194,12529000000,157300993
003550,2023-06-20,88200,88600,87700,87900,120789,10637000000,157300993
003550,2023-06-21,88000,89400,87500,88600,132566,11777000000,157300993
003550,2023-06-22,89500,90200,88700,89400,161753,14461000000,157300993
003550,2023-06-23,89000,90000,87600,87700,132945,11782000000,157300993
003550,2023-06-26,88000,89100,87200,88100,156637,13817000000,157300993
003550,2023-06-27,87600,88700,87600,88400,144908,12769000000,157300993
003550,2023-06-28,88800,89000,88100,88200,107474,9517000000,157300993
003550,2023-06-29,88500,89400,87900,88100,161420,14315000000,157300993
003550,2023-06-30,89000,89000,87100,88000,199450,17523000000,157300993
003550,2023-07-03,88100,90500,88100,90000,210709,18970000000,157300993
003550,2023-07-04,89800,90700,87500,87500,219345,19435000000,157300993
003550,2023-07-05,87200,87500,84500,84900,277900,23653000000,157300993
003550,2023-07-06,85000,85100,82000,82800,365131,30364000000,157300993
003550,2023-07-07,82800,83800,82200,82800,191527,15864000000,157300993
003550,2023-07-10,83900,85500,83000,84800,202204,17136000000,157300993
003550,2023-07-11,85800,85800,84400,85400,168615,14356000000,157300993
003550,2023-07-12,84800,85900,84600,85700,221459,18910000000,157300993
003550,2023-07-13,85700,86600,85000,85200,251748,21583000000,157300993
003550,2023-07-14,86100,87900,85600,87300,226704,19772000000,157300993
003550,2023-07-17,86400,87500,86100,86300,107922,9335000000,157300993
003550,2023-07-18,87200,87200,86300,86400,105435,9128000000,157300993
003550,2023-07-19,86400,87000,85500,86400,120996,10443000000,157300993
003550,2023-07-20,86400,88100,85800,87500,161778,14163000000,157300993
003550,2023-07-21,87000,87800,85200,87500,173505,15059000000,157300993
003550,2023-07-24,87800,87900,86000,87300,164132,14306000000,157300993
003550,2023-07-25,87100,87400,85800,87100,116017,10048000000,157300993
003550,2023-07-26,86400,86700,83600,85400,310244,26327000000,157300993
003550,2023-07-27,85900,87200,84900,85500,301155,25903000000,157300993
003550,2023-07-28,84100,84500,82300,83700,291513,24305000000,157300993
003550,2023-07-31,84200,84700,83000,83500,197871,16543000000,157300993
003550,2023-08-01,83100,86200,82500,85700,395080,33399000000,157300993
003550,2023-08-02,86000,87500,85100,86100,249342,21500000000,157300993
003550,2023-08-03,87000,87000,84600,85000,179543,15292000000,157300993
003550,2023-08-04,84900,84900,83000,83800,220718,18529000000,157300993
003550,2023-08-07,83300,84700,83300,83500,211632,17782000000,157300993
003550,2023-08-08,84000,84200,82600,83000,315053,26172000000,157300993
003550,2023-08-09,83300,84800,82800,84000,204853,17205000000,157300993
003550,2023-08-10,84000,84000,82700,83200,199839,16630000000,157300993
003550,2023-08-11,83200,83300,82000,82300,281746,23269000000,157300993
003550,2023-08-14,82300,82400,81000,81200,138960,11306000000,157300993
003550,2023-08-16,80900,82000,79800,81400,168596,13704000000,157300993
003550,2023-08-17,81000,81300,79500,80800,200403,16148000000,157300993
003550,2023-08-18,79600,80600,79500,79700,160148,12787000000,157300993
003550,2023-08-21,80500,81300,80400,81000,196339,15880000000,157300993
003550,2023-08-22,81000,81400,80500,81200,121937,9886000000,157300993
003550,2023-08-23,80600,82000,80500,81500,116506,9507000000,157300993
003550,2023-08-24,81500,82100,81300,82000,106472,8710000000,157300993
003550,2023-08-25,81100,82500,80700,82300,114893,9429000000,157300993
003550,2023-08-28,82600,82800,81500,82400,86791,7140000000,157300993
003550,2023-08-29,82600,83200,82200,82800,135696,11216000000,157300993
003550,2023-08-30,83400,83500,82300,82600,122574,10141000000,157300993
003550,2023-08-31,82200,82800,81500,82100,380195,31235000000,157300993
003550,2023-09-01,82600,83900,82500,82900,148226,12315000000,157300993
003550,2023-09-04,82300,84300,82100,84300,118156,9886000000,157300993
003550,2023-09-05,83800,84700,83800,84500,131966,11145000000,157300993
003550,2023-09-06,83800,84800,83100,84300,144654,12168000000,157300993
003550,2023-09-07,83600,84800,83500,84500,158307,13326000000,157300993
003550,2023-09-08,84800,84800,83200,83900,79884,6682000000,157300993
003550,2023-09-11,83900,84700,83100,84100,103704,8734000000,157300993
003550,2023-09-12,84800,84800,83400,83800,108348,9105000000,157300993
003550,2023-09-13,82900,84700,82900,84700,117602,9923000000,157300993
003550,2023-09-14,84800,85000,83800,85000,208962,17682000000,157300993
003550,2023-09-15,85200,86400,84100,85800,266105,22802000000,157300993
003550,2023-09-18,85800,85800,84500,84500,77545,6584000000,157300993
003550,2023-09-19,84100,85800,84100,84600,85010,7220000000,157300993
003550,2023-09-20,84500,85800,84300,85300,82928,7080000000,157300993
003550,2023-09-21,84500,85300,83200,83500,100965,8484000000,157300993
003550,2023-09-22,82700,85200,82300,83900,140355,11797000000,157300993
003550,2023-09-25,84700,85400,83900,85100,147860,12559000000,157300993
003550,2023-09-26,84600,85800,83000,85000,162034,13712000000,157300993
003550,2023-09-27,84100,84300,83100,83800,210605,17641000000,157300993
003550,2023-10-04,82000,83000,80900,81000,247893,20232000000,157300993
003550,2023-10-05,81100,81800,80800,81000,115890,9413000000,157300993
003550,2023-10-06,82600,82800,80900,81400,97276,7945000000,157300993
003550,2023-10-10,83300,85600,82700,83200,161178,13488000000,157300993
003550,2023-10-11,83800,84900,83500,83800,194611,16356000000,157300993
003550,2023-10-12,85000,85000,83800,84500,148937,12561000000,157300993
003550,2023-10-13,83300,83500,82700,83100,85805,7134000000,157300993
003550,2023-10-16,83000,84400,83000,83800,111189,9315000000,157300993
003550,2023-10-17,84800,84800,83400,83600,108760,9136000000,157300993
003550,2023-10-18,83200,84000,82600,82900,90189,7492000000,157300993
003550,2023-10-19,82100,82500,81100,82000,126760,10374000000,157300993
003550,2023-10-20,80900,82000,80500,81200,99488,8089000000,157300993
003550,2023-10-23,82700,82700,79500,80000,165444,13282000000,157300993
003550,2023-10-24,80800,80800,78300,79200,154089,12208000000,157300993
003550,2023-10-25,79500,80900,79400,80200,136294,10939000000,157300993
003550,2023-10-26,80300,80300,78100,78500,136082,10720000000,157300993
003550,2023-10-27,79800,79800,77000,77400,156611,12216000000,157300993
003550,2023-10-30,76700,77300,75300,77100,210099,16061000000,157300993
003550,2023-10-31,77900,78500,76400,77200,193181,14913000000,157300993
003550,2023-11-01,77300,78300,76600,77500,135688,10504000000,157300993
003550,2023-11-02,78800,79800,77800,78300,124333,9759000000,157300993
003550,2023-11-03,79200,79800,78600,79000,125591,9917000000,157300993
003550,2023-11-06,79300,84600,78500,84600,225945,18289000000,157300993
003550,2023-11-07,82900,83100,80500,82400,236797,19306000000,157300993
003550,2023-11-08,83100,83900,81100,81500,128795,10544000000,157300993
003550,2023-11-09,80900,82700,80900,82700,109301,8979000000,157300993
003550,2023-11-10,81900,82700,80800,81300,61896,5034000000,157300993
003550,2023-11-13,82200,83000,81200,81800,80501,6578000000,157300993
003550,2023-11-14,82800,82900,81300,81300,276869,22729000000,157300993
003550,2023-11-15,82900,84400,82400,84300,212557,17741000000,157300993
003550,2023-11-16,84000,84900,83700,84900,115476,9759000000,157300993
003550,2023-11-17,85700,85700,84600,85300,91990,7832000000,157300993
003550,2023-11-20,85300,86200,84800,85400,88990,7607000000,157300993
003550,2023-11-21,86600,86600,85500,86500,112736,9737000000,157300993
003550,2023-11-22,85300,86100,84600,85100,83501,7103000000,157300993
003550,2023-11-23,84300,84900,83000,83400,136500,11413000000,157300993
003550,2023-11-24,83000,83400,82200,82200,101601,8385000000,157300993
003550,2023-11-27,82600,82600,80900,81700,108969,8920000000,157300993
003550,2023-11-28,82500,83500,81700,83000,185416,15338000000,157300993
003550,2023-11-29,82300,83200,81600,82200,148070,12205000000,157300993
003550,2023-11-30,81900,84100,81600,84100,387163,32126000000,157300993
003550,2023-12-01,83100,83400,81700,82000,574474,47241000000,157300993
003550,2023-12-04,82500,83100,82100,82400,189091,15626000000,157300993
003550,2023-12-05,81900,82300,81300,81900,175811,14407000000,157300993
003550,2023-12-06,82400,83100,82000,82400,133272,11012000000,157300993
003550,2023-12-07,81400,82000,80700,81700,141906,11544000000,157300993
003550,2023-12-08,82100,82600,81700,82400,108448,8912000000,157300993
003550,2023-12-11,82800,83200,81800,82700,110374,9111000000,157300993
003550,2023-12-12,83300,85500,82700,84900,166727,14007000000,157300993
003550,2023-12-13,84300,84900,82900,83400,188597,15728000000,157300993
003550,2023-12-14,84600,86300,84000,86300,320025,27416000000,157300993
003550,2023-12-15,85100,87400,84600,87400,292006,25305000000,157300993
003550,2023-12-18,86300,87000,84700,86300,171076,14697000000,157300993
003550,2023-12-19,85400,86500,85200,86000,135230,11632000000,157300993
003550,2023-12-20,86300,87300,85700,86500,275372,23847000000,157300993
003550,2023-12-21,85900,86700,85500,86400,83179,7176000000,157300993
003550,2023-12-22,86400,87000,85800,85800,127365,10994000000,157300993
003550,2023-12-26,86600,88400,86600,88300,269198,23621000000,157300993
003550,2023-12-27,85100,86200,82900,83100,254699,21266000000,157300993
003550,2023-12-28,83500,85900,83000,85900,261319,22286000000,157300993
003550,2024-01-02,85700,86000,83800,84800,152447,12940000000,157300993
003550,2024-01-03,83800,84500,81700,81700,204529,16896000000,157300993
003550,2024-01-04,81600,81900,80500,80700,143659,11637000000,157300993
003550,2024-01-05,80600,81000,79700,79700,135407,10841000000,157300993
003550,2024-01-08,80400,80800,79500,79700,122049,9754000000,157300993
003550,2024-01-09,81000,81000,79300,79500,161600,12913000000,157300993
003550,2024-01-10,79800,80500,78800,78800,157218,12484000000,157300993
003550,2024-01-11,79400,79500,77400,77400,298902,23318000000,157300993
003550,2024-01-12,77100,77300,75900,76300,341783,26135000000,157300993
003550,2024-01-15,76400,77500,76400,77000,147255,11335000000,157300993
003550,2024-01-16,76000,76400,75000,75200,257242,19422000000,157300993
003550,2024-01-17,75000,75300,71800,72200,598265,43516000000,157300993
003550,2024-01-18,72100,73000,71700,72100,439025,31735000000,157300993
003550,2024-01-19,72500,73400,71200,72200,383174,27653000000,157300993
003550,2024-01-22,72500,72600,71300,71700,213732,15351000000,157300993
003550,2024-01-23,72300,73100,71600,73000,265352,19263000000,157300993
003550,2024-01-24,73000,73500,72600,73000,307856,22488000000,157300993
003550,2024-01-25,73000,74100,72800,73600,590749,43455000000,157300993
003550,2024-01-26,73300,74300,73200,73700,174559,12899000000,157300993
003550,2024-01-29,74000,76700,73500,75800,474271,35994000000,157300993
003550,2024-01-30,77500,79900,77000,77700,840371,66169000000,157300993
003550,2024-01-31,77500,82700,76800,82000,1310120,105555000000,157300993
003550,2024-02-01,81800,93700,81200,88100,1805465,159445000000,157300993
003550,2024-02-02,89900,92400,86400,92100,972696,88192000000,157300993
003550,2024-02-05,91000,92700,88500,91200,667586,60727000000,157300993
003550,2024-02-06,90300,91800,88900,90200,363460,32832000000,157300993
003550,2024-02-07,90000,94200,89300,93900,861867,80262000000,157300993
003550,2024-02-08,92900,94500,92600,94000,412281,38636000000,157300993
003550,2024-02-13,93900,94900,92300,93000,424591,39624000000,157300993
003550,2024-02-14,91800,93500,91600,92000,249458,23022000000,157300993
003550,2024-02-15,92800,93500,91700,92500,268657,24926000000,157300993
003550,2024-02-16,93300,96500,92800,96500,325404,30948000000,157300993
003550,2024-02-19,98000,103600,96800,103500,808969,82584000000,157300993
003550,2024-02-20,102900,103300,96700,101600,637308,63459000000,157300993
003550,2024-02-21,100600,102200,98600,101000,335960,33714000000,157300993
003550,2024-02-22,99900,100100,97700,99000,314203,31061000000,157300993
003550,2024-02-23,99100,102700,99100,101500,438973,44562000000,157300993
003550,2024-02-26,100600,100600,92700,93900,604229,57485000000,157300993
003550,2024-02-27,94400,94500,92200,93400,230955,21587000000,157300993
003550,2024-02-28,92500,96500,91200,94700,409867,38478000000,157300993
003550,2024-02-29,93700,95000,93000,93700,390728,36586000000,157300993
003550,2024-03-04,93500,96400,92700,95000,282387,26845000000,157300993
003550,2024-03-05,93800,95600,93100,93600,205279,19365000000,157300993
003550,2024-03-06,93500,95500,93100,94300,171931,16226000000,157300993
003550,2024-03-07,94300,97900,93900,97300,223645,21447000000,157300993
003550,2024-03-08,98300,98300,94800,95200,294300,28191000000,157300993
003550,2024-03-11,94300,99200,94300,97300,257359,25142000000,157300993
003550,2024-03-12,98600,99200,95300,95300,151310,14625000000,157300993
003550,2024-03-13,96700,100400,96000,99800,270025,26876000000,157300993
003550,2024-03-14,100200,101500,98200,101400,443284,44565000000,157300993
003550,2024-03-15,98400,99500,93400,94900,589886,56638000000,157300993
003550,2024-03-18,93100,94700,88600,89600,652430,58691000000,157300993
003550,2024-03-19,89000,89700,87800,89100,307990,27377000000,157300993
003550,2024-03-20,89800,90500,89000,89100,175463,15726000000,157300993
003550,2024-03-21,89900,92100,89200,91300,260531,23701000000,157300993
003550,2024-03-22,90300,92500,90300,90400,188487,17240000000,157300993
003550,2024-03-25,90900,90900,89500,89800,164908,14840000000,157300993
003550,2024-03-26,90200,91400,89600,89900,198728,17976000000,157300993
003550,2024-03-27,88000,90000,87800,89200,207116,18466000000,157300993
003550,2024-03-28,88700,88700,87600,87600,244326,21493000000,157300993
003550,2024-03-29,87900,89100,86600,87500,233338,20506000000,157300993
003550,2024-04-01,88400,88600,86200,86600,175392,15296000000,157300993
003550,2024-04-02,85200,86300,84800,85500,212341,18157000000,157300993
003550,2024-04-03,84500,84500,81300,82200,373280,30790000000,157300993
003550,2024-04-04,83200,83600,81600,82300,305063,25146000000,157300993
003550,2024-04-05,80500,81500,78700,80100,463078,37066000000,157300993
003550,2024-04-08,80700,81000,79600,80600,221875,17845000000,157300993
003550,2024-04-09,81600,82000,80700,80800,378747,30748000000,157300993
003550,2024-04-11,78600,80600,77500,79600,359357,28525000000,157300993
003550,2024-04-12,78900,80100,77400,77600,421932,32885000000,157300993
003550,2024-04-15,76900,78100,76000,77100,274880,21151000000,157300993
003550,2024-04-16,76400,77700,75500,77000,266193,20452000000,157300993
003550,2024-04-17,77500,78300,75800,76100,355634,27426000000,157300993
003550,2024-04-18,76100,76800,73900,76200,457818,34661000000,157300993
003550,2024-04-19,75100,76000,74800,75500,245639,18505000000,157300993
003550,2024-04-22,77000,79900,76600,79000,272294,21470000000,157300993
003550,2024-04-23,79100,80500,78500,79200,156862,12461000000,157300993
003550,2024-04-24,80700,81300,79000,79100,127404,10158000000,157300993
003550,2024-04-25,78100,79000,77900,77900,135072,10566000000,157300993
003550,2024-04-26,78200,79600,77800,78900,111546,8812000000,157300993
003550,2024-04-29,80300,81000,79600,80200,152404,12260000000,157300993
003550,2024-04-30,80000,80600,79200,79400,259196,20638000000,157300993
003550,2024-05-02,78800,79100,77700,77800,170539,13316000000,157300993
003550,2024-05-03,78700,78800,77000,77100,207760,16088000000,157300993
003550,2024-05-07,78100,79700,78000,79500,255616,20252000000,157300993
003550,2024-05-08,80200,80300,79400,79900,142167,11351000000,157300993
003550,2024-05-09,80300,80300,78900,79100,182517,14503000000,157300993
003550,2024-05-10,80200,80900,79700,79800,378174,30424000000,157300993
003550,2024-05-13,80500,81200,79900,81000,184044,14865000000,157300993
003550,2024-05-14,81000,81200,80100,80500,218244,17581000000,157300993
003550,2024-05-16,82400,82800,80700,81000,263759,21521000000,157300993
003550,2024-05-17,81000,81500,80700,81000,239817,19446000000,157300993
003550,2024-05-20,82000,82100,80800,81100,181396,14743000000,157300993
003550,2024-05-21,80300,81400,79500,80500,284239,22885000000,157300993
003550,2024-05-22,79800,81700,79700,81000,247895,20050000000,157300993
003550,2024-05-23,80400,81200,80200,80600,133393,10758000000,157300993
003550,2024-05-24,79700,80600,78400,78400,210423,16596000000,157300993
003550,2024-05-27,78700,80500,78700,79900,129686,10355000000,157300993
003550,2024-05-28,79200,82000,79200,81400,229888,18678000000,157300993
003550,2024-05-29,80600,82600,80500,81500,238111,19470000000,157300993
003550,2024-05-30,81000,82100,80600,81100,141487,11519000000,157300993
003550,2024-05-31,81900,82500,80300,81300,503669,40980000000,157300993
003550,2024-06-03,81300,82200,81200,81700,154536,12644000000,157300993
003550,2024-06-04,81800,82400,78900,79000,216503,17315000000,157300993
003550,2024-06-05,80000,80400,79100,79600,154024,12281000000,157300993
003550,2024-06-07,80400,81500,79800,81300,206024,16630000000,157300993
003550,2024-06-10,80500,81400,79800,80500,130925,10548000000,157300993
003550,2024-06-11,80700,81000,79500,79800,135828,10863000000,157300993
003550,2024-06-12,80300,83100,80300,83000,270712,22303000000,157300993
003550,2024-06-13,83200,85300,81400,81400,351352,29108000000,157300993
003550,2024-06-14,80900,81600,79700,80000,311687,25013000000,157300993
003550,2024-06-17,79900,80400,79500,80400,114414,9151000000,157300993
003550,2024-06-18,80600,80700,79500,79500,123816,9895000000,157300993
003550,2024-06-19,80400,82400,80100,81700,233076,18941000000,157300993
003550,2024-06-20,81700,81800,80400,81800,184675,15012000000,157300993
003550,2024-06-21,81600,82500,81200,82500,324453,26686000000,157300993
003550,2024-06-24,82500,82900,80600,80600,133587,10878000000,157300993
003550,2024-06-25,81500,81900,80700,81800,118366,9641000000,157300993
003550,2024-06-26,81100,81800,80900,81600,123853,10083000000,157300993
003550,2024-06-27,80600,80900,78600,79400,254395,20174000000,157300993
003550,2024-06-28,79900,80600,79600,80600,134773,10813000000,157300993
003550,2024-07-01,80300,80700,79900,80500,91239,7333000000,157300993
003550,2024-07-02,79700,80200,79200,79400,155817,12400000000,157300993
003550,2024-07-03,80100,80700,79700,79700,136663,10946000000,157300993
003550,2024-07-04,80100,82800,79900,82700,261122,21274000000,157300993
003550,2024-07-05,83100,84000,82500,83100,233020,19405000000,157300993
003550,2024-07-08,82100,82700,81200,81200,81863,6690000000,157300993
003550,2024-07-09,81800,82600,81300,82100,101235,8309000000,157300993
003550,2024-07-10,81500,81800,80500,80600,102549,8302000000,157300993
003550,2024-07-11,81300,81700,80500,81700,165226,13423000000,157300993
003550,2024-07-12,81700,82500,80500,81600,119832,9734000000,157300993
003550,2024-07-15,82000,82000,81000,81000,80233,6521000000,157300993
003550,2024-07-16,81200,81500,80800,80900,80463,6521000000,157300993
003550,2024-07-17,81400,81600,80500,81400,118568,9605000000,157300993
003550,2024-07-18,81500,81600,80500,81000,105837,8560000000,157300993
003550,2024-07-19,80500,81800,80200,81800,115197,9348000000,157300993
003550,2024-07-22,81900,81900,80700,81100,109113,8850000000,157300993
003550,2024-07-23,81100,81500,80500,80900,70500,5700000000,157300993
003550,2024-07-24,80300,81300,80300,81100,61335,4957000000,157300993
003550,2024-07-25,81300,81300,79900,80500,120603,9720000000,157300993
003550,2024-07-26,81200,83400,80800,82900,256203,21180000000,157300993
003550,2024-07-29,83100,87000,82200,84300,262585,22400000000,157300993
003550,2024-07-30,83200,85800,82200,84800,188472,15987000000,157300993
003550,2024-07-31,84800,87300,83900,86700,464155,40182000000,157300993
003550,2024-08-01,85900,86900,85400,86100,89466,7716000000,157300993
003550,2024-08-02,86000,86700,84300,85000,107636,9156000000,157300993
003550,2024-08-05,83800,83800,77400,78100,242747,19353000000,157300993
003550,2024-08-06,83200,83500,77200,77600,253466,20047000000,157300993
003550,2024-08-07,77100,80300,76600,79300,171744,13532000000,157300993
003550,2024-08-08,78500,80900,77800,80300,188953,15092000000,157300993
003550,2024-08-09,80300,80400,77400,78000,246295,19295000000,157300993
003550,2024-08-12,78600,79400,78000,78800,93421,7337000000,157300993
003550,2024-08-13,78300,79300,78200,79200,76624,6040000000,157300993
003550,2024-08-14,79400,79400,78200,78700,103562,8154000000,157300993
003550,2024-08-16,79500,81100,79400,80500,136995,11028000000,157300993
003550,2024-08-19,80600,81200,79600,80000,85634,6855000000,157300993
003550,2024-08-20,80500,80600,79400,79900,91488,7298000000,157300993
003550,2024-08-21,79900,80300,79100,79700,70110,5599000000,157300993
003550,2024-08-22,80100,80500,79700,80500,77464,6204000000,157300993
003550,2024-08-23,80500,80800,79800,80100,67865,5455000000,157300993
003550,2024-08-26,80100,81000,80100,81000,86769,7005000000,157300993
003550,2024-08-27,81300,81600,80600,80900,89457,7250000000,157300993
003550,2024-08-28,80600,81400,80300,80800,86379,6976000000,157300993
003550,2024-08-29,80800,81200,79800,80300,93898,7562000000,157300993
003550,2024-08-30,81100,81200,78800,79200,282873,22481000000,157300993
003550,2024-09-02,79300,80200,78600,79100,136365,10818000000,157300993
003550,2024-09-03,79700,85900,79500,85400,563126,47399000000,157300993
003550,2024-09-04,83500,86300,82300,84300,328153,27777000000,157300993
003550,2024-09-05,84800,86200,84000,85800,204286,17469000000,157300993
003550,2024-09-06,86000,86300,84600,84600,130210,11108000000,157300993
003550,2024-09-09,82700,84000,82300,83900,98454,8209000000,157300993
003550,2024-09-10,83300,84500,82700,83200,87528,7306000000,157300993
003550,2024-09-11,84000,84000,82400,82500,58856,4874000000,157300993
003550,2024-09-12,82700,83500,81700,82200,246878,20301000000,157300993
003550,2024-09-13,83100,85200,83100,84000,90303,7580000000,157300993
003550,2024-09-19,85700,86100,83500,84600,250827,21159000000,157300993
003550,2024-09-20,85400,85900,84600,84700,227911,19392000000,157300993
003550,2024-09-23,85500,85500,83800,84500,87750,7397000000,157300993
003550,2024-09-24,85200,85400,83800,85400,136187,11545000000,157300993
003550,2024-09-25,86000,86000,78700,79100,488451,39604000000,157300993
003550,2024-09-26,80000,80900,79600,80800,333976,26868000000,157300993
003550,2024-09-27,80800,81200,80200,80300,138402,11154000000,157300993
003550,2024-09-30,81100,81300,79100,79100,262901,20906000000,157300993
003550,2024-10-02,78400,79100,77900,78700,168966,13254000000,157300993
003550,2024-10-04,78600,79200,78000,79200,142056,11175000000,157300993
003550,2024-10-07,79400,79400,78300,79300,86433,6826000000,157300993
003550,2024-10-08,78800,79000,77600,78500,198223,15473000000,157300993
003550,2024-10-10,79200,79400,77300,77300,247902,19326000000,157300993
003550,2024-10-11,78100,79000,77600,78200,105069,8234000000,157300993
003550,2024-10-14,78100,79100,78000,79000,72412,5701000000,157300993
003550,2024-10-15,79400,79400,78600,79100,88063,6953000000,157300993
003550,2024-10-16,78100,78600,77400,78300,117956,9220000000,157300993
003550,2024-10-17,78300,78500,77800,77800,92839,7244000000,157300993
003550,2024-10-18,78200,78300,77400,77400,97034,7529000000,157300993
003550,2024-10-21,77900,78200,77600,77800,52675,4105000000,157300993
003550,2024-10-22,77600,78200,76700,77400,81509,6297000000,157300993
003550,2024-10-23,77700,78000,76800,77500,99034,7672000000,157300993
003550,2024-10-24,77700,77800,75600,76000,123801,9470000000,157300993
003550,2024-10-25,76000,76100,74900,75400,112880,8507000000,157300993
003550,2024-10-28,75600,77800,74900,77800,144732,11090000000,157300993
003550,2024-10-29,77300,78400,77300,77800,127017,9881000000,157300993
003550,2024-10-30,78300,78300,76600,78000,141617,10944000000,157300993
003550,2024-10-31,77800,77800,75500,75700,253110,19215000000,157300993
003550,2024-11-01,74900,76700,73600,76700,115894,8779000000,157300993
003550,2024-11-04,76200,76800,75500,76800,71599,5463000000,157300993
003550,2024-11-05,76100,76800,75900,76700,74338,5681000000,157300993
003550,2024-11-06,76400,76900,75600,76000,104281,7949000000,157300993
003550,2024-11-07,75300,76800,75300,76100,103910,7905000000,157300993
003550,2024-11-08,76600,76800,75000,75200,148170,11214000000,157300993
003550,2024-11-11,74600,75300,74000,74900,157749,11782000000,157300993
003550,2024-11-12,74400,76000,74400,74600,140554,10540000000,157300993
003550,2024-11-13,74200,75000,73500,74000,124448,9214000000,157300993
003550,2024-11-14,75000,75200,73600,73900,166865,12365000000,157300993
003550,2024-11-15,74300,74300,71400,71400,219755,15896000000,157300993
003550,2024-11-18,71000,74400,71000,73400,151178,11082000000,157300993
003550,2024-11-19,73100,75000,73100,74300,122451,9110000000,157300993
003550,2024-11-20,73900,76700,73800,76300,137278,10429000000,157300993
003550,2024-11-21,76100,77200,75700,76200,130841,10028000000,157300993
003550,2024-11-22,76500,78300,76200,76800,102714,7925000000,157300993
003550,2024-11-25,77600,78000,76300,76600,328950,25285000000,157300993
003550,2024-11-26,75900,78400,75800,77900,135767,10518000000,157300993
003550,2024-11-27,77600,78300,76600,76900,152336,11793000000,157300993
003550,2024-11-28,77500,78500,76600,78100,152858,11938000000,157300993
003550,2024-11-29,78500,78500,74800,74900,214650,16227000000,157300993
003550,2024-12-02,76300,76400,74900,75300,135001,10188000000,157300993
003550,2024-12-03,76600,77400,75800,77100,170223,13095000000,157300993
003550,2024-12-04,76600,76700,75000,76000,177142,13419000000,157300993
003550,2024-12-05,75300,75800,74500,74600,142139,10643000000,157300993
003550,2024-12-06,75200,76000,74600,75800,184966,13983000000,157300993
003550,2024-12-09,75200,75200,73700,73800,234635,17388000000,157300993
003550,2024-12-10,74500,75000,74000,74600,176034,13158000000,157300993
003550,2024-12-11,74700,76200,74600,75900,127380,9646000000,157300993
003550,2024-12-12,76300,76600,75500,76200,309993,23613000000,157300993
003550,2024-12-13,75800,77600,75800,77600,164235,12662000000,157300993
003550,2024-12-16,77000,77900,76300,76600,144012,11040000000,157300993
003550,2024-12-17,76200,76200,74500,75000,228538,17161000000,157300993
003550,2024-12-18,75600,76900,75100,76600,171389,13069000000,157300993
003550,2024-12-19,75200,75700,74800,75200,212217,15943000000,157300993
003550,2024-12-20,74700,75300,72700,73100,306747,22485000000,157300993
003550,2024-12-23,73800,75500,73100,75500,142881,10673000000,157300993
003550,2024-12-24,75300,75700,74600,75300,58895,4415000000,157300993
003550,2024-12-26,75300,75300,73800,74100,108640,8054000000,157300993
003550,2024-12-27,73200,74000,72700,73400,95957,7030000000,157300993
003550,2024-12-30,74000,74000,72000,72000,179338,12994000000,157300993
003550,2025-01-02,72000,72700,71600,72200,87178,6284000000,157300993
003550,2025-01-03,71900,74800,71900,74100,121137,8959000000,157300993
003550,2025-01-06,73400,75000,73400,74700,89412,6657000000,157300993
003550,2025-01-07,74700,75400,74100,74600,94648,7067000000,157300993
003550,2025-01-08,74000,75200,73900,74900,91022,6802000000,157300993
003550,2025-01-09,74300,74800,73900,74000,145856,10808000000,157300993
003550,2025-01-10,73800,74700,73700,73900,143916,10651000000,157300993
003550,2025-01-13,74100,74500,73100,73900,148455,10939000000,157300993
003550,2025-01-14,74000,74000,72200,72700,143820,10449000000,157300993
003550,2025-01-15,73100,73900,72000,72200,161810,11722000000,157300993
003550,2025-01-16,72700,73200,72100,73000,125941,9140000000,157300993
003550,2025-01-17,72900,73900,72700,73100,149034,10905000000,157300993
003550,2025-01-20,73300,74500,72900,74100,106697,7898000000,157300993
003550,2025-01-21,74500,74700,72100,72800,138856,10103000000,157300993
003550,2025-01-22,73400,74200,72500,74000,116462,8565000000,157300993
003550,2025-01-23,74600,74600,72900,73300,96305,7071000000,157300993
003550,2025-01-24,73700,73900,72900,73600,63437,4651000000,157300993
003550,2025-01-31,74300,74900,73300,74900,344911,25660000000,157300993
003550,2025-02-03,73200,73200,70700,71800,338798,24194000000,157300993
003550,2025-02-04,72300,73100,71600,72000,322998,23287000000,157300993
003550,2025-02-05,72400,72600,71600,72100,170365,12287000000,157300993
003550,2025-02-06,72500,73800,71900,73800,107968,7852000000,157300993
003550,2025-02-07,73100,73800,72300,72800,146754,10716000000,157300993
003550,2025-02-10,72700,72700,69700,69700,339496,23848000000,157300993
003550,2025-02-11,70000,70300,68000,68500,254153,17500000000,157300993
003550,2025-02-12,68900,69100,68600,68900,110666,7618000000,157300993
003550,2025-02-13,69300,70800,68400,70800,232696,16186000000,157300993
003550,2025-02-14,70400,70500,69600,69900,165471,11548000000,157300993
003550,2025-02-17,69900,70100,69100,69700,183587,12785000000,157300993
003550,2025-02-18,69400,69600,68500,68900,241125,16607000000,157300993
003550,2025-02-19,69000,70600,69000,70100,237700,16678000000,157300993
003550,2025-02-20,69800,70500,69800,70400,158777,11140000000,157300993
003550,2025-02-21,70600,71100,70300,70600,191183,13509000000,157300993
003550,2025-02-24,69900,70200,69600,70100,218753,15291000000,157300993
003550,2025-02-25,69600,70300,69500,69900,209772,14673000000,157300993
003550,2025-02-26,70100,70200,69600,70100,217650,15232000000,157300993
003550,2025-02-27,70300,70400,69500,70100,260310,18187000000,157300993
003550,2025-02-28,69400,69600,66500,66500,1226185,82073000000,157300993
003550,2025-03-04,66500,67200,66000,66000,288284,19141000000,157300993
003550,2025-03-05,66500,67200,66200,66600,232281,15468000000,157300993
003550,2025-03-06,67000,67800,66700,67800,203860,13719000000,157300993
003550,2025-03-07,67200,67700,67000,67000,173859,11685000000,157300993
003550,2025-03-10,66700,68500,66600,68200,198356,13477000000,157300993
003550,2025-03-11,66900,68800,66900,68300,337726,22967000000,157300993
003550,2025-03-12,67900,68300,67500,67800,243666,16531000000,157300993
003550,2025-03-13,67600,68400,67400,68000,356793,24236000000,157300993
003550,2025-03-14,67600,67600,67000,67400,265688,17894000000,157300993
003550,2025-03-17,67800,68800,67700,68600,260197,17807000000,157300993
003550,2025-03-18,68300,68900,68300,68800,197001,13530000000,157300993
003550,2025-03-19,69000,71300,69000,70200,460270,32430000000,157300993
003550,2025-03-20,70200,70500,69700,70000,274683,19247000000,157300993
003550,2025-03-21,69900,70250,69500,69700,298366,20807000000,157300993
003550,2025-03-24,69500,69900,69300,69700,155051,10801000000,157300993
003550,2025-03-25,67200,67800,66300,67500,322748,21743000000,157300993
003550,2025-03-26,67500,67700,67100,67200,205683,13850000000,157300993
003550,2025-03-27,66700,67200,66500,66800,214535,14329000000,157300993
003550,2025-03-28,67000,67050,65500,65700,284292,18723000000,157300993
003550,2025-03-31,65100,65400,64300,64600,410900,26614000000,157300993
003550,2025-04-01,64300,65600,64100,65000,176565,11452000000,157300993
003550,2025-04-02,65000,65500,62800,63000,431950,27405000000,157300993
003550,2025-04-03,61500,62400,60800,62300,249751,15381000000,157300993
003550,2025-04-04,61800,62800,61200,62600,169340,10493000000,157300993
003550,2025-04-07,60300,61300,59300,60800,256374,15472000000,157300993
003550,2025-04-08,61100,61300,59300,59800,254963,15318000000,157300993
003550,2025-04-09,59000,59500,58300,58500,217545,12771000000,157300993
003550,2025-04-10,60500,61100,59800,60900,434751,26378000000,157300993
003550,2025-04-11,60100,61900,59900,61500,252991,15477000000,157300993
003550,2025-04-14,61300,62400,61200,62400,88802,5500000000,157300993
003550,2025-04-15,62300,63300,62200,62700,108922,6843000000,157300993
003550,2025-04-16,63000,63200,62300,62700,111633,7001000000,157300993
003550,2025-04-17,63000,63100,62200,63000,73937,4646000000,157300993
003550,2025-04-18,62800,63300,62500,63200,65217,4112000000,157300993
003550,2025-04-21,63200,63600,62500,63200,40088,2524000000,157300993
003550,2025-04-22,63100,63800,62700,63500,108123,6860000000,157300993
003550,2025-04-23,64600,64900,63900,64800,219416,14169000000,157300993
003550,2025-04-24,64500,65000,64300,65000,118743,7697000000,157300993
003550,2025-04-25,65200,65900,64900,65100,133229,8704000000,157300993
003550,2025-04-28,64700,65800,64700,65400,69411,4543000000,157300993
003550,2025-04-29,65500,66300,65400,65500,165346,10888000000,157300993
003550,2025-04-30,64900,66600,64800,66600,221444,14661000000,157300993
003550,2025-05-02,66000,66900,65900,66700,146528,9746000000,157300993
003550,2025-05-07,67800,67900,65800,66300,171368,11395000000,157300993
003550,2025-05-08,66100,67900,66000,66900,220964,14795000000,157300993
003550,2025-05-09,67300,68300,67000,67700,137689,9336000000,157300993
003550,2025-05-12,67900,69000,67900,68700,138244,9481000000,157300993
003550,2025-05-13,68000,68800,67500,68300,123509,8418000000,157300993
003550,2025-05-14,68800,70200,68500,70100,289925,20185000000,157300993
003550,2025-05-15,69400,70100,68900,68900,88430,6127000000,157300993
003550,2025-05-16,68900,69200,68200,68600,99729,6837000000,157251165
003550,2025-05-19,68100,68800,67700,68200,77165,5260000000,157251165
003550,2025-05-20,69200,70000,68500,68800,111956,7723000000,157251165
003550,2025-05-21,68800,69500,68300,69000,102974,7111000000,157251165
003550,2025-05-22,68200,68700,66700,66900,182385,12276000000,157251165
003550,2025-05-23,66600,67900,66600,67500,86437,5830000000,157251165
003550,2025-05-26,67500,68200,67100,68200,151878,10276000000,157251165
003550,2025-05-27,67400,68100,67200,67900,190740,12920000000,157251165
003550,2025-05-28,67300,70300,66800,69600,352858,24475000000,157251165
003550,2025-05-29,71100,74900,71000,74400,883451,64937000000,157251165
003550,2025-05-30,73600,74200,71000,71000,704286,50419000000,157251165
003550,2025-06-02,70800,72600,70800,70800,224672,16025000000,157251165
003550,2025-06-04,72100,75100,71900,74000,592876,43892000000,157251165
003550,2025-06-05,75500,75900,73100,74100,464049,34407000000,157251165
003550,2025-06-09,76000,77900,75300,75700,437702,33472000000,157251165
003550,2025-06-10,76500,76600,73900,74600,345801,25874000000,157251165
003550,2025-06-11,74600,76100,74500,75200,168492,12649000000,157251165
003550,2025-06-12,75300,76300,74900,75600,407052,30816000000,157251165
003550,2025-06-13,75200,76000,74600,74800,279741,21001000000,157251165
003550,2025-06-16,74800,75800,73800,75600,210903,15770000000,157251165
003550,2025-06-17,75100,76400,74300,75000,186598,14025000000,157251165
003550,2025-06-18,74000,76200,73700,76000,285258,21541000000,157251165
003550,2025-06-19,75800,76900,74600,75300,178623,13442000000,157251165
003550,2025-06-20,75300,78400,75000,77500,392040,30200000000,157251165
003550,2025-06-23,76800,84400,75700,81800,1174784,94825000000,157251165
003550,2025-06-24,90200,91700,83800,84900,1050828,90227000000,157251165
003550,2025-06-25,86100,86600,83500,84000,444346,37473000000,157251165
003550,2025-06-26,83700,83800,80300,81400,415548,33899000000,157251165
003550,2025-06-27,80500,81600,79300,79700,246687,19779000000,157251165
003550,2025-06-30,80400,81500,79100,79600,312042,24901000000,157251165
003550,2025-07-01,81400,85900,81400,83000,621623,52367000000,157251165
003550,2025-07-02,82800,83600,80600,82200,256562,20991000000,157251165
003550,2025-07-03,83300,84700,82100,83500,309316,25768000000,157251165
003550,2025-07-04,83100,83200,79800,79900,223487,18039000000,157251165
003550,2025-07-07,78800,80200,78100,79600,163876,13037000000,157251165
003550,2025-07-08,78500,79500,77500,78900,663696,52199000000,157251165
003550,2025-07-09,78500,82800,78200,82200,480441,39080000000,157251165
003550,2025-07-10,82600,84300,81800,84000,628147,52597000000,157251165
003550,2025-07-11,83400,84200,82400,82500,199411,16547000000,157251165
003550,2025-07-14,81700,84400,81600,82800,284775,23631000000,157251165
003550,2025-07-15,82000,82800,81400,82300,294680,24200000000,157251165
003550,2025-07-16,81500,84500,81400,82700,339395,28226000000,157251165
003550,2025-07-17,83500,83500,81000,82100,201653,16510000000,157251165
003550,2025-07-18,81700,82300,80100,80700,216680,17492000000,157251165
003550,2025-07-21,80700,81000,79700,80100,243185,19478000000,157251165
003550,2025-07-22,80000,80600,79600,79900,228425,18286000000,157251165
003550,2025-07-23,80800,81600,79200,80100,285199,22856000000,157251165
003550,2025-07-24,80100,81000,79200,79200,229345,18285000000,157251165
003550,2025-07-25,78500,80100,78400,79400,167876,13318000000,157251165
003550,2025-07-28,79100,79700,77800,78600,169384,13281000000,157251165
003550,2025-07-29,77900,79500,77500,79400,175781,13883000000,157251165
003550,2025-07-30,78700,79800,78700,79100,200350,15891000000,157251165
003550,2025-07-31,79200,80000,78800,79200,223648,17732000000,157251165
003550,2025-08-01,78200,78300,75100,75100,277439,21101000000,157251165
003550,2025-08-04,75300,77300,75200,76700,269175,20587000000,157251165
003550,2025-08-05,77000,78200,76900,77500,259367,20101000000,157251165
003550,2025-08-06,77100,78700,77100,77600,128216,9989000000,157251165
003550,2025-08-07,77600,77900,76500,77000,160327,12332000000,157251165
003550,2025-08-08,76700,77300,76500,77000,118362,9098000000,157251165
003550,2025-08-11,76900,76900,75200,76000,161455,12252000000,157251165
003550,2025-08-12,75300,76000,74100,74100,287032,21512000000,157251165
003550,2025-08-13,74400,75000,73600,74600,282979,21069000000,157251165
003550,2025-08-14,74300,75100,74100,74700,345846,25789000000,157251165
003550,2025-08-18,73700,73900,72800,73000,204060,14914000000,157251165
003550,2025-08-19,73100,73300,72300,73200,197041,14377000000,157251165
003550,2025-08-20,73200,73600,72300,73200,352752,25762000000,157251165
003550,2025-08-21,73000,74200,72500,72600,315615,23056000000,157251165
003550,2025-08-22,72600,73400,71800,72100,238889,17237000000,157251165
003550,2025-08-25,72300,73100,72300,72900,212473,15477000000,157251165
003550,2025-08-26,72800,73000,72000,72000,306533,22112000000,157251165
003550,2025-08-27,72200,72500,71600,72000,117814,8478000000,157251165
003550,2025-08-28,71500,76700,71500,75500,698176,52309000000,157251165
003550,2025-08-29,76300,76400,74500,74500,251363,18854000000,157251165
003550,2025-09-01,75400,75800,74700,75100,143298,10779000000,157251165
003550,2025-09-02,75300,76000,74800,75000,108978,8192000000,157251165
003550,2025-09-03,74400,75400,74000,75200,111821,8375000000,157251165
003550,2025-09-04,74800,75700,74800,75500,150461,11329000000,157251165
003550,2025-09-05,75100,75800,74900,75600,160256,12082000000,157251165
003550,2025-09-08,75400,76200,75300,75900,97090,7360000000,157251165
003550,2025-09-09,76500,77300,76000,77200,136280,10482000000,157251165
003550,2025-09-10,76900,78000,76800,77700,225159,17471000000,157251165
003550,2025-09-11,77000,77400,76400,77000,299737,23059000000,157251165
003550,2025-09-12,77400,77400,75600,75800,259803,19743000000,157251165
003550,2025-09-15,76100,77900,76100,77600,227876,17620000000,157251165
003550,2025-09-16,77300,77400,75700,75700,244712,18647000000,157251165
003550,2025-09-17,75500,75800,74900,75200,151087,11360000000,157251165
003550,2025-09-18,76000,77000,75600,77000,256689,19648000000,157251165
003550,2025-09-19,76600,77000,75300,75300,406783,30779000000,154221585
003550,2025-09-22,76400,77100,75900,76000,210159,16074000000,154221585
003550,2025-09-23,75300,76200,75200,75500,134884,10192000000,154221585
003550,2025-09-24,75900,75900,74000,74300,171604,12788000000,154221585
003550,2025-09-25,74500,75100,74200,74500,150789,11248000000,154221585
003550,2025-09-26,73900,74100,72300,72700,266559,19422000000,154221585
003550,2025-09-29,73400,73800,71900,72500,275161,19939000000,154221585
003550,2025-09-30,72500,72900,71700,72000,312788,22535000000,154221585
003550,2025-10-01,71900,72500,71000,71300,212626,15187000000,154221585
003550,2025-10-02,72000,72600,71200,72000,464369,33454000000,154221585
003550,2025-10-10,71500,73000,71000,71300,438841,31467000000,154221585
003550,2025-10-13,71300,71600,70100,71600,308130,21876000000,154221585
003550,2025-10-14,71000,73000,71000,72200,322450,23310000000,154221585
003550,2025-10-15,72200,73100,72100,72600,150645,10953000000,154221585
003550,2025-10-16,72900,74300,72900,74100,272570,20143000000,154221585
003550,2025-10-17,73500,75000,73400,73600,439155,32490000000,154221585
003550,2025-10-20,74100,77500,73100,76900,456114,34751000000,154221585
003550,2025-10-21,78000,78400,76600,76800,265257,20539000000,154221585
003550,2025-10-22,77500,80500,76900,80100,356813,28103000000,154221585
003550,2025-10-23,79700,82100,79100,80800,422245,34204000000,154221585
003550,2025-10-24,81200,81800,79400,80200,289119,23210000000,154221585
003550,2025-10-27,80700,84000,80500,83100,448780,36881000000,154221585
003550,2025-10-28,82900,83300,81500,83100,362138,29945000000,154221585
003550,2025-10-29,85000,85000,82000,83400,243724,20302000000,154221585
003550,2025-10-30,83100,84200,82000,82700,297620,24682000000,154221585
003550,2025-10-31,82000,82000,79900,80300,445058,35898000000,154221585
003550,2025-11-03,80800,82700,80500,82400,395680,32444000000,154221585
003550,2025-11-04,82500,83000,80900,81900,296946,24313000000,154221585
003550,2025-11-05,81900,81900,77900,79700,409063,32468000000,154221585
003550,2025-11-06,81400,89000,80000,86500,1088745,93719000000,154221585
003550,2025-11-07,85400,85500,81200,82100,465232,38397000000,154221585
003550,2025-11-10,84200,88000,84200,85300,541729,46663000000,154221585
003550,2025-11-11,85900,86500,83100,83800,433183,36612000000,154221585
003550,2025-11-12,85200,86100,84300,85400,323486,27499000000,154221585
003550,2025-11-13,86300,86400,84400,84700,395482,33646000000,154221585
003550,2025-11-14,83900,84400,82800,82900,274992,22896000000,154221585
003550,2025-11-17,84400,85000,83200,83600,194263,16331000000,154221585
003550,2025-11-18,82500,83900,80700,80700,227821,18605000000,154221585
003550,2025-11-19,82100,82200,79200,80300,202086,16248000000,154221585
003550,2025-11-20,82400,82500,80600,80600,190942,15539000000,154221585
003550,2025-11-21,79900,80000,78300,79300,232718,18360000000,154221585
003550,2025-11-24,80400,80800,77700,77700,652266,50887000000,154221585
003550,2025-11-25,79500,80600,77700,78400,216481,17001000000,154221585
003550,2025-11-26,79700,80600,78700,79900,204881,16404000000,154221585
003550,2025-11-27,79700,80500,78500,78900,177591,14060000000,154221585
003550,2025-11-28,79500,80000,78300,78800,455585,35946000000,154221585
003550,2025-12-01,79900,81500,78500,79300,185392,14689000000,154221585
003550,2025-12-02,80000,80300,79400,80000,154646,12342000000,154221585
003550,2025-12-03,80000,82400,79800,81400,249951,20354000000,154221585
003550,2025-12-04,81000,81500,80300,81500,230133,18625000000,154221585
003550,2025-12-05,83200,86200,83000,85600,490319,41744000000,154221585
003550,2025-12-08,85100,85100,82900,83300,213404,17798000000,154221585
003550,2025-12-09,83500,83700,82500,83300,224855,18719000000,154221585
003550,2025-12-10,83700,83800,82100,82500,144504,11933000000,154221585
003550,2025-12-11,83300,83300,81600,81700,329912,27073000000,154221585
003550,2025-12-12,82400,84300,82300,84000,343974,28752000000,154221585
003550,2025-12-15,82600,84500,82100,83500,315324,26351000000,154221585
003550,2025-12-16,84000,86500,83400,84600,1200824,102711000000,154221585
003550,2025-12-17,85400,85400,83300,83900,233563,19616000000,154221585
003550,2025-12-18,82500,82800,81000,81000,177145,14464000000,154221585
003550,2025-12-19,82200,82800,80600,81700,195432,15922000000,154221585
003550,2025-12-22,82400,82800,81800,82800,146480,12056000000,154221585
003550,2025-12-23,83100,83700,82000,82300,102286,8483000000,154221585
003550,2025-12-24,82700,83100,82200,82800,86725,7166000000,154221585
003550,2025-12-26,82800,82800,81500,81500,90549,7413000000,154221585
003550,2025-12-29,80300,81500,79000,81500,113143,9131000000,154221585
003550,2025-12-30,79900,81200,79800,80700,152542,12305000000,154221585
