ticker,trade_date,open_price,high_price,low_price,close_price,volume,turnover,shares_outstanding
007070,2020-01-02,33784,33870,33100,33271,98616,3284000000,90027777
007070,2020-01-03,33271,33613,32843,33356,182853,6080000000,90027777
007070,2020-01-06,32886,33613,32843,33185,87819,2921000000,90027777
007070,2020-01-07,33356,34083,32971,33912,145682,4916000000,90027777
007070,2020-01-08,33527,33827,33185,33485,148165,4961000000,90027777
007070,2020-01-09,33271,33698,32929,33057,159899,5296000000,90027777
007070,2020-01-10,32886,33442,32843,33314,108640,3611000000,90027777
007070,2020-01-13,33143,34169,33143,33827,133154,4505000000,90027777
007070,2020-01-14,33870,34340,33784,33912,86959,2953000000,90027777
007070,2020-01-15,33527,33955,33356,33912,79264,2673000000,90027777
007070,2020-01-16,33656,33912,33185,33912,92750,3122000000,90027777
007070,2020-01-17,33912,34126,33527,33656,123728,4173000000,90027777
007070,2020-01-20,33698,33955,33442,33613,83251,2806000000,90027777
007070,2020-01-21,33485,34853,33185,34554,203860,6985000000,90027777
007070,2020-01-22,34639,35152,34254,35067,131815,4596000000,90027777
007070,2020-01-23,34554,35152,34511,34896,140168,4878000000,90027777
007070,2020-01-28,34810,35495,34554,34768,220174,7730000000,90027777
007070,2020-01-29,34126,34981,33870,34639,143829,4982000000,90027777
007070,2020-01-30,34297,34939,34297,34511,107155,3701000000,90027777
007070,2020-01-31,34639,34896,33912,33912,130892,4502000000,90027777
007070,2020-02-03,34340,34981,33912,34511,196471,6784000000,90027777
007070,2020-02-04,34126,34425,33698,33784,219013,7458000000,90027777
007070,2020-02-05,33741,36093,33613,34896,429652,15155000000,90027777
007070,2020-02-06,35794,35837,33955,34169,366105,12612000000,90027777
007070,2020-02-07,34212,34340,33100,33527,242842,8132000000,90027777
007070,2020-02-10,33143,33570,33014,33143,94651,3145000000,90027777
007070,2020-02-11,33014,33485,33014,33399,98568,3281000000,90027777
007070,2020-02-12,33057,33485,33057,33399,113315,3775000000,90027777
007070,2020-02-13,33399,33527,33143,33143,133792,4454000000,90027777
007070,2020-02-14,33143,33485,32971,33057,93437,3107000000,90027777
007070,2020-02-17,33442,33613,32971,33314,108962,3638000000,90027777
007070,2020-02-18,33314,33613,33014,33100,110562,3669000000,90027777
007070,2020-02-19,33356,33356,32587,32886,127690,4193000000,90027777
007070,2020-02-20,32587,32843,31988,32031,145517,4694000000,90027777
007070,2020-02-21,31346,31902,30705,31047,310711,9657000000,90027777
007070,2020-02-24,30149,31603,29892,30320,347405,10531000000,90027777
007070,2020-02-25,30320,30619,29080,30448,241598,7324000000,90027777
007070,2020-02-26,30577,30919,30021,30790,296593,9051000000,90027777
007070,2020-02-27,30491,31047,30448,30662,160437,4931000000,90027777
007070,2020-02-28,30876,30876,29679,30235,326747,9897000000,90027777
007070,2020-03-02,30363,30748,29850,30106,152598,4610000000,90027777
007070,2020-03-03,30149,30534,29807,29807,171560,5169000000,90027777
007070,2020-03-04,29850,30491,29764,30235,222692,6702000000,90027777
007070,2020-03-05,30235,31475,30106,31432,399913,12330000000,90027777
007070,2020-03-06,31004,31004,30106,30192,239386,7252000000,90027777
007070,2020-03-09,29935,30063,29337,29679,176896,5251000000,90027777
007070,2020-03-10,29807,29807,28994,29165,218380,6381000000,90027777
007070,2020-03-11,29208,29422,28139,28396,234758,6753000000,90027777
007070,2020-03-12,28310,28481,26899,27369,376479,10353000000,90027777
007070,2020-03-13,25317,26813,24975,26685,369682,9542000000,90027777
007070,2020-03-16,26685,27455,25873,26386,242710,6381000000,90027777
007070,2020-03-17,25060,27027,25060,25616,225320,5868000000,90027777
007070,2020-03-18,25488,25787,24376,24889,291548,7342000000,90027777
007070,2020-03-19,25103,25359,22109,22451,453485,10488000000,90027777
007070,2020-03-20,22451,24632,22451,24376,353641,8444000000,90027777
007070,2020-03-23,23178,23349,21468,22195,266384,5925000000,90027777
007070,2020-03-24,22580,23478,22238,23221,197328,4515000000,90027777
007070,2020-03-25,23606,24718,23435,24675,296988,7149000000,90027777
007070,2020-03-26,24975,25659,24632,24932,216604,5466000000,90027777
007070,2020-03-27,25659,25915,24290,25103,172302,4330000000,90027777
007070,2020-03-30,25017,25103,23948,24803,145996,3572000000,90027777
007070,2020-03-31,25060,26813,25017,26429,407242,10566000000,90027777
007070,2020-04-01,26429,26514,24761,24761,328703,8459000000,90027777
007070,2020-04-02,24761,25830,24761,25573,172126,4371000000,90027777
007070,2020-04-03,25659,25830,25402,25488,177687,4551000000,90027777
007070,2020-04-06,25659,26429,25488,26429,292359,7588000000,90027777
007070,2020-04-07,26771,27369,26514,27198,233387,6292000000,90027777
007070,2020-04-08,26984,27284,26728,26771,231422,6235000000,90027777
007070,2020-04-09,26984,27113,26429,26728,266966,7115000000,90027777
007070,2020-04-10,26600,27369,26129,27198,195163,5214000000,90027777
007070,2020-04-13,27027,27070,26514,26685,112072,2998000000,90027777
007070,2020-04-14,26685,27070,26600,26728,202267,5429000000,90027777
007070,2020-04-16,26300,26642,26086,26471,221121,5839000000,90027777
007070,2020-04-17,26771,27797,26771,27241,306701,8352000000,90027777
007070,2020-04-20,27198,27797,26813,27156,239282,6537000000,90027777
007070,2020-04-21,27027,27284,26172,26685,258591,6897000000,90027777
007070,2020-04-22,26642,26685,26129,26471,192252,5071000000,90027777
007070,2020-04-23,26600,27455,26600,27369,263302,7154000000,90027777
007070,2020-04-24,27027,27284,26728,26771,244890,6601000000,90027777
007070,2020-04-27,29721,32330,28909,31218,2693262,82967000000,90027777
007070,2020-04-28,31902,32458,30962,32458,1019794,32276000000,90027777
007070,2020-04-29,32416,33185,32073,32458,827796,26950000000,90027777
007070,2020-05-04,31646,32587,31346,32073,544723,17448000000,90027777
007070,2020-05-06,32202,32458,31517,31988,610203,19530000000,90027777
007070,2020-05-07,31988,32929,31988,32501,415955,13562000000,90027777
007070,2020-05-08,32629,32715,31860,32202,528116,16994000000,90027777
007070,2020-05-11,32287,33185,32244,32544,428400,14017000000,90027777
007070,2020-05-12,33314,33356,32501,32843,423483,13925000000,90027777
007070,2020-05-13,32715,34554,32501,34212,849831,28706000000,90027777
007070,2020-05-14,34597,38403,34554,36606,2028486,74366000000,90027777
007070,2020-05-15,36991,37120,35580,36350,474707,17286000000,90027777
007070,2020-05-18,36949,37419,35751,35879,425846,15504000000,90027777
007070,2020-05-19,36222,36521,34725,34981,596086,21043000000,90027777
007070,2020-05-20,35110,35580,34896,34981,398003,14006000000,90027777
007070,2020-05-21,35152,35281,34768,34981,377512,13212000000,90027777
007070,2020-05-22,35281,35366,34425,34896,235913,8214000000,90027777
007070,2020-05-25,35324,37718,35110,37505,867879,31806000000,90027777
007070,2020-05-26,37676,37889,36393,36564,520048,19290000000,90027777
007070,2020-05-27,36820,37120,36264,36606,346070,12683000000,90027777
007070,2020-05-28,36393,37077,35708,36136,483362,17571000000,90027777
007070,2020-05-29,36136,37975,35879,36435,770608,28662000000,90027777
007070,2020-06-01,36778,37034,36350,36564,268791,9865000000,90027777
007070,2020-06-02,36649,37419,36521,37205,370935,13708000000,90027777
007070,2020-06-03,37376,37889,35965,36093,540693,19759000000,90027777
007070,2020-06-04,36222,36649,35537,35666,506088,18161000000,90027777
007070,2020-06-05,35495,35879,34853,35409,425562,15050000000,90027777
007070,2020-06-08,35751,35794,34639,34639,496707,17392000000,90027777
007070,2020-06-09,34725,35024,33698,33955,757515,25852000000,90027777
007070,2020-06-10,33955,35238,33784,35110,400428,13914000000,90027777
007070,2020-06-11,34939,34981,33955,33955,508799,17404000000,90027777
007070,2020-06-12,32501,33698,29935,33314,560269,18484000000,90027777
007070,2020-06-15,33314,33827,31731,32031,493021,16097000000,90027777
007070,2020-06-16,32843,33228,32373,33185,333188,10968000000,90027777
007070,2020-06-17,33185,34468,33185,33356,594805,20090000000,90027777
007070,2020-06-18,33228,33827,32929,33228,262622,8768000000,90027777
007070,2020-06-19,33356,33399,32373,32929,365253,11966000000,90027777
007070,2020-06-22,32629,33271,32373,32373,183377,5989000000,90027777
007070,2020-06-23,32929,33314,32073,32886,267350,8756000000,90027777
007070,2020-06-24,33271,33442,32287,32629,358745,11689000000,90027777
007070,2020-06-25,32159,32458,31689,31689,225713,7236000000,90027777
007070,2020-06-26,31988,32373,31603,32244,206819,6623000000,90027777
007070,2020-06-29,31646,32244,31475,31560,193377,6139000000,90027777
007070,2020-06-30,31689,31774,31090,31175,352055,11043000000,90027777
007070,2020-07-01,31304,31689,30919,31432,251449,7869000000,90027777
007070,2020-07-02,31432,31902,31346,31560,167617,5292000000,90027777
007070,2020-07-03,31517,31731,31261,31646,181435,5717000000,90027777
007070,2020-07-06,31902,31902,30919,31004,352961,10975000000,90027777
007070,2020-07-07,31047,32458,31004,32073,513407,16407000000,90027777
007070,2020-07-08,32031,32287,31646,32287,220803,7043000000,90027777
007070,2020-07-09,32031,32373,31517,31517,261690,8340000000,90027777
007070,2020-07-10,31475,31902,30919,31304,191323,5966000000,90027777
007070,2020-07-13,31346,31560,31090,31560,113680,3573000000,90027777
007070,2020-07-14,31646,32244,31261,31731,241066,7633000000,90027777
007070,2020-07-15,31945,32073,31475,31475,220912,6989000000,90027777
007070,2020-07-16,31646,31646,31218,31517,124253,3903000000,90027777
007070,2020-07-17,31218,31517,31218,31389,133375,4176000000,90027777
007070,2020-07-20,31389,31603,31218,31346,140312,4404000000,90027777
007070,2020-07-21,31304,31475,30962,31004,311311,9712000000,90027777
007070,2020-07-22,30962,31004,30619,30790,255557,7861000000,90027777
007070,2020-07-23,30619,30662,30021,30149,322554,9732000000,90027777
007070,2020-07-24,29935,30149,29721,30149,167199,5007000000,90027777
007070,2020-07-27,30106,30363,29679,29679,278659,8324000000,90027777
007070,2020-07-28,29593,29935,29422,29550,237300,7022000000,90027777
007070,2020-07-29,29465,30277,29294,29850,264671,7887000000,90027777
007070,2020-07-30,29850,29935,29593,29636,174244,5171000000,90027777
007070,2020-07-31,29550,29807,29080,29379,378096,11082000000,90027777
007070,2020-08-03,29123,29337,28823,28866,226544,6562000000,90027777
007070,2020-08-04,28952,29593,28952,29294,250173,7344000000,90027777
007070,2020-08-05,29208,29593,29080,29465,212773,6238000000,90027777
007070,2020-08-06,29593,30149,29465,29764,315073,9354000000,90027777
007070,2020-08-07,29208,29251,28652,28994,482134,13958000000,90027777
007070,2020-08-10,28823,28866,28396,28524,435249,12411000000,90027777
007070,2020-08-11,28524,29080,28438,28952,301103,8680000000,90027777
007070,2020-08-12,28994,29935,28738,29892,534858,15721000000,90027777
007070,2020-08-13,29978,30235,29636,29636,399445,11917000000,90027777
007070,2020-08-14,29935,30192,29593,30063,383043,11470000000,90027777
007070,2020-08-18,29935,29935,28011,28011,729532,20964000000,90027777
007070,2020-08-19,28139,29165,28054,29080,603094,17219000000,90027777
007070,2020-08-20,28567,28652,27284,27412,435747,12095000000,90027777
007070,2020-08-21,27455,27498,26685,27027,456871,12337000000,90027777
007070,2020-08-24,27369,28310,26856,27626,362405,10019000000,90027777
007070,2020-08-25,27840,28225,27626,28225,192546,5396000000,90027777
007070,2020-08-26,28225,28225,27369,27583,347852,9588000000,90027777
007070,2020-08-27,27327,27583,27027,27113,290940,7910000000,90027777
007070,2020-08-28,27070,27540,26899,27327,255781,6988000000,90027777
007070,2020-08-31,28396,29550,27968,28182,1116895,32194000000,90027777
007070,2020-09-01,28994,29165,28267,28781,560557,16087000000,90027777
007070,2020-09-02,29294,29294,28353,28396,368759,10584000000,90027777
007070,2020-09-03,28353,28353,27883,28096,383111,10770000000,90027777
007070,2020-09-04,27198,27711,27070,27626,310860,8542000000,90027777
007070,2020-09-07,27840,28310,27626,28182,333264,9352000000,90027777
007070,2020-09-08,28182,28823,28182,28225,394466,11242000000,90027777
007070,2020-09-09,27840,28267,27797,27968,216832,6079000000,90027777
007070,2020-09-10,28267,28353,27797,27797,313163,8743000000,90027777
007070,2020-09-11,27669,28011,27626,27797,202794,5630000000,90027777
007070,2020-09-14,27925,29037,27883,28738,490518,14042000000,90027777
007070,2020-09-15,28610,29251,28225,29251,445086,12751000000,90027777
007070,2020-09-16,29508,29593,28738,28952,535757,15625000000,90027777
007070,2020-09-17,28952,28952,28353,28438,255464,7284000000,90027777
007070,2020-09-18,28310,28695,28182,28225,261012,7390000000,90027777
007070,2020-09-21,28225,28652,28096,28396,236984,6734000000,90027777
007070,2020-09-22,28310,28396,27498,27583,247513,6883000000,90027777
007070,2020-09-23,27669,28054,27412,27754,219308,6084000000,90027777
007070,2020-09-24,27669,27711,27198,27498,252158,6906000000,90027777
007070,2020-09-25,27455,27669,27241,27412,159404,4370000000,90027777
007070,2020-09-28,27626,28011,27412,28011,204769,5673000000,90027777
007070,2020-09-29,28225,28866,28096,28652,364418,10413000000,90027777
007070,2020-10-05,28396,28952,28267,28781,241270,6938000000,90027777
007070,2020-10-06,28695,29123,28481,28610,256562,7380000000,90027777
007070,2020-10-07,28396,28610,27968,28438,211357,5999000000,90027777
007070,2020-10-08,28481,28610,28182,28182,249882,7070000000,90027777
007070,2020-10-12,28738,30962,28652,30919,2184734,65932000000,90027777
007070,2020-10-13,31047,31175,30235,30919,814144,25020000000,90027777
007070,2020-10-14,30919,30919,29636,29636,864240,25887000000,90027777
007070,2020-10-15,29422,29679,29037,29422,434685,12756000000,90027777
007070,2020-10-16,29593,29764,28909,29422,381054,11174000000,90027777
007070,2020-10-19,29593,31261,29593,30748,1245889,38343000000,90027777
007070,2020-10-20,30962,31603,30448,31261,721946,22532000000,90027777
007070,2020-10-21,31432,31432,30790,31389,303995,9496000000,90027777
007070,2020-10-22,31175,31175,30363,30876,352977,10832000000,90027777
007070,2020-10-23,30619,30619,30021,30363,271251,8236000000,90027777
007070,2020-10-26,30235,30363,29251,29379,368426,10934000000,90027777
007070,2020-10-27,29037,29593,28738,29337,339932,9959000000,90027777
007070,2020-10-28,28994,29037,28567,29037,397501,11441000000,90027777
007070,2020-10-29,28353,28610,27968,28139,510062,14360000000,90027777
007070,2020-10-30,28139,28182,27455,27455,441330,12248000000,90027777
007070,2020-11-02,27327,28011,27284,27925,218006,6051000000,90027777
007070,2020-11-03,27968,28310,27925,28139,311100,8739000000,90027777
007070,2020-11-04,28396,28567,28054,28182,223100,6300000000,90027777
007070,2020-11-05,28353,28481,28182,28438,369291,10464000000,90027777
007070,2020-11-06,28481,28481,27925,28096,406787,11422000000,90027777
007070,2020-11-09,28225,28695,28225,28567,461961,13153000000,90027777
007070,2020-11-10,29636,29721,28695,29208,711784,20725000000,90027777
007070,2020-11-11,29850,30277,29379,29935,1543391,45903000000,90027777
007070,2020-11-12,29850,29850,29080,29123,504081,14780000000,90027777
007070,2020-11-13,28909,29165,28652,28823,311287,8981000000,90027777
007070,2020-11-16,28866,29208,28781,28866,485741,14041000000,90027777
007070,2020-11-17,28994,29294,28909,29123,456140,13276000000,90027777
007070,2020-11-18,29208,29294,28994,28994,327940,9537000000,90027777
007070,2020-11-19,28909,29165,28695,29165,252416,7305000000,90027777
007070,2020-11-20,29208,29422,28994,29337,241232,7059000000,90027777
007070,2020-11-23,29379,29379,29123,29251,335457,9821000000,90027777
007070,2020-11-24,29294,29379,29165,29251,458346,13400000000,90027777
007070,2020-11-25,29294,29422,28994,29123,461792,13474000000,90027777
007070,2020-11-26,29123,29123,28781,28823,377742,10905000000,90027777
007070,2020-11-27,28952,29037,28738,28781,213523,6151000000,90027777
007070,2020-11-30,28781,29037,28781,28866,319100,9217000000,90027777
007070,2020-12-01,29037,29123,28909,28994,272613,7900000000,90027777
007070,2020-12-02,29165,29165,28823,28994,381233,11032000000,90027777
007070,2020-12-03,29037,29379,28909,29208,412018,12025000000,90027777
007070,2020-12-04,29165,29165,28823,28952,394616,11419000000,90027777
007070,2020-12-07,29080,29165,28866,28909,295384,8557000000,90027777
007070,2020-12-08,29037,29080,28738,28738,260774,7513000000,90027777
007070,2020-12-09,28823,28909,28738,28909,206425,5950000000,90027777
007070,2020-12-10,28994,29294,28738,29165,396063,11519000000,90027777
007070,2020-12-11,29251,30320,29251,29850,934233,27859000000,90027777
007070,2020-12-14,29807,30149,29550,29679,456425,13602000000,90027777
007070,2020-12-15,29593,29679,29123,29337,344016,10071000000,90027777
007070,2020-12-16,29422,29550,29208,29422,264636,7783000000,90027777
007070,2020-12-17,29593,29807,29422,29550,260492,7699000000,90027777
007070,2020-12-18,29550,29636,29251,29550,289073,8522000000,90027777
007070,2020-12-21,29721,29764,29379,29593,287305,8487000000,90027777
007070,2020-12-22,29550,29550,29165,29165,305272,8959000000,90027777
007070,2020-12-23,29208,29294,28909,29165,231811,6750000000,90027777
007070,2020-12-24,29337,29508,29123,29465,246876,7237000000,90027777
007070,2020-12-28,29636,29807,29508,29636,347128,10278000000,90027777
007070,2020-12-29,29422,29465,29208,29379,277747,8143000000,90027777
007070,2020-12-30,29379,29465,29251,29465,243839,7167000000,90027777
007070,2021-01-04,29508,29550,29208,29422,374362,11002000000,90027777
007070,2021-01-05,29422,30149,29422,30106,724121,21647000000,90027777
007070,2021-01-06,30534,30919,29935,30106,660799,20034000000,90027777
007070,2021-01-07,30235,30876,30192,30406,605520,18505000000,90027777
007070,2021-01-08,30919,31133,30448,31004,808209,24949000000,90027777
007070,2021-01-11,31218,31218,30277,31004,732387,22441000000,90027777
007070,2021-01-12,30790,31988,30448,30919,749903,23452000000,90027777
007070,2021-01-13,31346,31646,30962,31646,557235,17483000000,90027777
007070,2021-01-14,31689,31817,31218,31304,377768,11835000000,90027777
007070,2021-01-15,31475,31475,30534,30534,374835,11556000000,90027777
007070,2021-01-18,30406,30406,29679,29807,432147,12939000000,90027777
007070,2021-01-19,29807,30363,29764,30149,291939,8774000000,90027777
007070,2021-01-20,30192,30192,29850,29935,300656,8998000000,90027777
007070,2021-01-21,30063,30277,29850,30063,482569,14479000000,90027777
007070,2021-01-22,30192,30919,30063,30619,572966,17542000000,90027777
007070,2021-01-25,30833,31218,30748,31175,452367,14055000000,90027777
007070,2021-01-26,31261,31261,30705,30833,381666,11782000000,90027777
007070,2021-01-27,30876,31133,30577,30705,322693,9944000000,90027777
007070,2021-01-28,30406,30448,29935,30320,333153,10049000000,90027777
007070,2021-01-29,30363,30448,29508,29679,541948,16220000000,90027777
007070,2021-02-01,29337,30106,29208,30021,293102,8705000000,90027777
007070,2021-02-02,30021,30149,29636,29764,443184,13235000000,90027777
007070,2021-02-03,29850,29978,29422,29465,384708,11394000000,90027777
007070,2021-02-04,29593,29593,29208,29294,369650,10848000000,90027777
007070,2021-02-05,29465,29764,29251,29721,253411,7472000000,90027777
007070,2021-02-08,29978,30790,29807,30748,744465,22697000000,90027777
007070,2021-02-09,30876,31047,30363,30919,592314,18221000000,90027777
007070,2021-02-10,31090,31133,30577,30577,397557,12225000000,90027777
007070,2021-02-15,30619,30962,30406,30406,357299,10942000000,90027777
007070,2021-02-16,30406,30705,30106,30534,264821,8056000000,90027777
007070,2021-02-17,30662,30962,30277,30833,339940,10392000000,90027777
007070,2021-02-18,30790,30962,30363,30448,342304,10459000000,90027777
007070,2021-02-19,30406,30534,29679,29978,236995,7114000000,90027777
007070,2021-02-22,30021,30534,30021,30192,241239,7301000000,90027777
007070,2021-02-23,30192,30962,30063,30705,645834,19805000000,90027777
007070,2021-02-24,30919,30919,29935,30063,381573,11607000000,90027777
007070,2021-02-25,30448,31047,30235,31047,501811,15474000000,90027777
007070,2021-02-26,30106,30962,30106,30962,528038,16138000000,90027777
007070,2021-03-02,31261,31304,30406,30705,357451,11031000000,90027777
007070,2021-03-03,30619,31988,30406,31988,909500,28660000000,90027777
007070,2021-03-04,31646,32758,31517,32031,759664,24480000000,90027777
007070,2021-03-05,31689,32501,31560,31945,437501,14007000000,90027777
007070,2021-03-08,32202,32287,31646,31817,319342,10199000000,90027777
007070,2021-03-09,32116,32202,31047,31817,442543,14013000000,90027777
007070,2021-03-10,31817,31860,31047,31346,301404,9469000000,90027777
007070,2021-03-11,31389,31902,31133,31646,351656,11107000000,90027777
007070,2021-03-12,31646,31860,31432,31432,188499,5943000000,90027777
007070,2021-03-15,31560,31817,31432,31603,224211,7085000000,90027777
007070,2021-03-16,31817,33185,31731,32886,1188291,38983000000,90027777
007070,2021-03-17,32886,33143,32672,32971,305288,10048000000,90027777
007070,2021-03-18,33271,33527,32971,32971,443646,14772000000,90027777
007070,2021-03-19,32672,33185,32330,33185,253439,8343000000,90027777
007070,2021-03-22,33442,33527,33185,33399,358793,11979000000,90027777
007070,2021-03-23,33527,33698,32501,32672,302474,9976000000,90027777
007070,2021-03-24,32416,33228,32202,33143,343959,11363000000,90027777
007070,2021-03-25,33143,33527,32843,33185,302342,9990000000,90027777
007070,2021-03-26,33271,33356,32886,33057,208940,6904000000,90027777
007070,2021-03-29,33057,33100,32330,32629,212892,6923000000,90027777
007070,2021-03-30,32629,33014,32587,32672,190768,6241000000,90027777
007070,2021-03-31,32886,32929,32458,32629,190474,6222000000,90027777
007070,2021-04-01,32715,32929,32672,32715,211025,6923000000,90027777
007070,2021-04-02,32843,32886,32073,32159,330536,10651000000,90027777
007070,2021-04-05,32159,32202,31731,31817,234534,7468000000,90027777
007070,2021-04-06,31860,31988,31646,31945,169680,5399000000,90027777
007070,2021-04-07,31988,32159,31945,32073,137660,4415000000,90027777
007070,2021-04-08,32116,32202,31860,32202,260915,8354000000,90027777
007070,2021-04-09,32287,32544,32159,32544,249288,8078000000,90027777
007070,2021-04-12,32458,32501,32116,32244,205190,6609000000,90027777
007070,2021-04-13,32202,32202,31945,31988,245852,7872000000,90027777
007070,2021-04-14,32244,32416,32073,32202,272775,8800000000,90027777
007070,2021-04-15,32244,32587,32073,32244,278938,9033000000,90027777
007070,2021-04-16,32287,32373,32116,32116,220918,7109000000,90027777
007070,2021-04-19,32073,32244,31817,32116,291318,9307000000,90027777
007070,2021-04-20,32116,32287,31902,32244,253110,8124000000,90027777
007070,2021-04-21,32202,32202,31689,31689,263802,8397000000,90027777
007070,2021-04-22,31731,31860,31432,31475,251876,7963000000,90027777
007070,2021-04-23,31517,31603,31047,31218,263498,8242000000,90027777
007070,2021-04-26,31475,31517,31218,31389,274466,8601000000,90027777
007070,2021-04-27,31902,32073,31731,32031,425341,13580000000,90027777
007070,2021-04-28,32031,32031,31432,31475,256058,8092000000,90027777
007070,2021-04-29,31475,31860,31047,31047,304122,9515000000,90027777
007070,2021-04-30,31047,31304,30534,30619,401501,12370000000,90027777
007070,2021-05-03,30149,30491,29679,29892,669074,20121000000,90027777
007070,2021-05-04,29721,29892,29465,29850,558176,16537000000,90027777
007070,2021-05-06,30021,30106,29679,30063,431234,12945000000,90027777
007070,2021-05-07,30320,31133,30320,31004,721227,22298000000,90027777
007070,2021-05-10,31346,31988,31261,31902,884249,28133000000,90027777
007070,2021-05-11,32159,32587,31646,32244,760300,24377000000,90027777
007070,2021-05-12,31945,31945,30876,31389,832528,26017000000,90027777
007070,2021-05-13,30748,31560,30619,31517,566749,17647000000,90027777
007070,2021-05-14,31646,31646,30876,31389,400934,12578000000,90027777
007070,2021-05-17,31346,31817,31047,31603,479746,15087000000,90027777
007070,2021-05-18,31860,32073,31689,31988,348691,11146000000,90027777
007070,2021-05-20,31646,31902,31432,31646,340307,10751000000,90027777
007070,2021-05-21,31689,31731,31261,31304,241260,7584000000,90027777
007070,2021-05-24,31304,31646,31175,31603,218678,6877000000,90027777
007070,2021-05-25,31346,31689,31261,31560,372647,11747000000,90027777
007070,2021-05-26,31560,32031,31304,31817,612337,19492000000,90027777
007070,2021-05-27,31860,32244,31261,31261,3978404,124829000000,90027777
007070,2021-05-28,31475,32116,31389,31860,976811,31103000000,90027777
007070,2021-05-31,32073,33870,31945,33570,2105905,69899000000,90027777
007070,2021-06-01,33656,34041,33314,33527,904168,30398000000,90027777
007070,2021-06-02,33485,33613,32929,33356,787658,26272000000,90027777
007070,2021-06-03,33527,33570,32672,32886,719067,23706000000,90027777
007070,2021-06-04,32929,32929,32373,32373,570662,18584000000,90027777
007070,2021-06-07,32587,32843,32116,32843,529138,17203000000,90027777
007070,2021-06-08,32843,33185,32501,32587,416308,13674000000,90027777
007070,2021-06-09,32458,32886,32244,32244,314348,10221000000,90027777
007070,2021-06-10,32416,32458,31945,32073,488482,15722000000,90027777
007070,2021-06-11,32287,32629,32244,32458,297535,9637000000,90027777
007070,2021-06-14,32715,33100,32587,32800,443282,14558000000,90027777
007070,2021-06-15,32800,32929,32416,32458,280086,9133000000,90027777
007070,2021-06-16,32458,32715,32287,32287,303196,9827000000,90027777
007070,2021-06-17,32244,32287,31988,32031,265065,8506000000,90027777
007070,2021-06-18,32159,32244,31817,32073,354719,11343000000,90027777
007070,2021-06-21,32073,32116,31346,31346,439880,13856000000,90027777
007070,2021-06-22,31603,31646,31218,31346,381169,11932000000,90027777
007070,2021-06-23,31389,31432,31090,31090,383158,11933000000,90027777
007070,2021-06-24,31090,31475,30705,31261,678413,21018000000,90027777
007070,2021-06-25,31261,31817,31261,31646,377739,11916000000,90027777
007070,2021-06-28,31689,31817,31047,31689,620672,19647000000,90027777
007070,2021-06-29,32073,32244,31945,32244,491016,15778000000,90027777
007070,2021-06-30,32330,33185,32244,33057,880693,28857000000,90027777
007070,2021-07-01,33057,33100,32116,32330,621020,20054000000,90027777
007070,2021-07-02,32202,32202,31902,32116,230944,7401000000,90027777
007070,2021-07-05,32073,32116,31774,31817,207480,6612000000,90027777
007070,2021-07-06,31817,32116,31731,32031,255626,8160000000,90027777
007070,2021-07-07,31731,31860,31475,31860,287298,9099000000,90027777
007070,2021-07-08,31860,31945,31304,31389,357414,11274000000,90027777
007070,2021-07-09,30962,31175,30662,31090,402113,12401000000,90027777
007070,2021-07-12,31133,31389,30919,31175,204428,6370000000,90027777
007070,2021-07-13,31432,31689,31261,31560,251607,7936000000,90027777
007070,2021-07-14,31560,31603,31133,31475,314255,9873000000,90027777
007070,2021-07-15,31689,31817,31517,31817,341225,10809000000,90027777
007070,2021-07-16,31817,32244,31175,31603,944910,29863000000,122435348
007070,2021-07-19,31432,31432,30833,30833,497243,15406000000,122435348
007070,2021-07-20,30363,30577,30149,30320,806115,24479000000,122435348
007070,2021-07-21,30534,30619,30320,30448,323902,9846000000,122435348
007070,2021-07-22,30491,30790,30406,30448,362755,11072000000,122435348
007070,2021-07-23,30406,30577,30192,30406,283627,8611000000,122435348
007070,2021-07-26,30491,30705,30106,30106,352357,10672000000,122435348
007070,2021-07-27,30448,30662,30235,30619,324027,9885000000,122435348
007070,2021-07-28,30662,30833,30235,30448,359058,10962000000,122435348
007070,2021-07-29,30534,30662,30277,30491,229951,6999000000,122435348
007070,2021-07-30,30406,30534,30149,30192,285294,8629000000,122435348
007070,2021-08-02,30448,30534,29935,29978,308507,9278000000,122435348
007070,2021-08-03,29892,29935,29550,29679,551196,16357000000,122435348
007070,2021-08-04,29935,30277,29764,30192,415554,12505000000,122435348
007070,2021-08-05,29593,29636,28994,29379,1348101,39476000000,122435348
007070,2021-08-06,29379,29379,29080,29165,699535,20405000000,122435348
007070,2021-08-09,29251,29465,29165,29465,442777,12979000000,122435348
007070,2021-08-10,29508,29550,29251,29422,334996,9831000000,122435348
007070,2021-08-11,29379,29422,29080,29123,402930,11739000000,122435348
007070,2021-08-12,28994,29251,28952,28952,577953,16781000000,122435348
007070,2021-08-13,28952,29037,28182,28396,870100,24697000000,122435348
007070,2021-08-17,29294,29636,28481,28524,1049506,30387000000,122435348
007070,2021-08-18,28695,28909,28310,28310,602532,17172000000,122435348
007070,2021-08-19,28054,28182,27241,27284,885412,24385000000,122435348
007070,2021-08-20,27369,27669,27070,27284,575493,15722000000,122435348
007070,2021-08-23,27583,28139,27412,28011,426875,11894000000,122435348
007070,2021-08-24,28182,28823,28182,28738,536552,15362000000,122435348
007070,2021-08-25,28781,29208,28567,29123,375275,10868000000,122435348
007070,2021-08-26,29037,29251,28738,28994,324931,9448000000,122435348
007070,2021-08-27,28909,29123,28695,28952,252582,7310000000,122435348
007070,2021-08-30,29165,29764,29037,29593,485130,14304000000,122435348
007070,2021-08-31,29764,29807,29123,29337,544302,15981000000,122435348
007070,2021-09-01,29294,29465,28994,29337,291000,8514000000,122435348
007070,2021-09-02,29251,29636,29123,29465,312909,9204000000,122435348
007070,2021-09-03,29636,29679,29294,29337,415425,12237000000,122435348
007070,2021-09-06,29337,29508,28994,29422,307280,8997000000,122435348
007070,2021-09-07,29422,29550,29208,29508,235458,6927000000,122435348
007070,2021-09-08,29337,29721,29337,29550,386366,11424000000,122435348
007070,2021-09-09,29465,29550,29080,29080,294690,8623000000,122435348
007070,2021-09-10,29037,29294,28695,29208,274488,7966000000,122435348
007070,2021-09-13,29251,29379,29080,29251,236223,6906000000,122435348
007070,2021-09-14,29337,29636,29080,29379,388900,11453000000,122435348
007070,2021-09-15,29251,29550,29165,29165,221350,6487000000,122435348
007070,2021-09-16,29208,29294,28994,29080,184698,5373000000,122435348
007070,2021-09-17,28909,29251,28567,29208,361773,10484000000,122435348
007070,2021-09-23,28781,29037,28567,28952,218458,6293000000,122435348
007070,2021-09-24,28952,29037,28610,28738,253478,7292000000,122435348
007070,2021-09-27,28524,28866,28438,28695,240600,6904000000,122435348
007070,2021-09-28,28567,28610,28011,28054,375547,10591000000,122435348
007070,2021-09-29,27540,27797,27241,27284,586189,16059000000,122435348
007070,2021-09-30,27284,28096,27284,27925,316126,8774000000,122435348
007070,2021-10-01,27626,27754,27284,27369,266624,7311000000,122435348
007070,2021-10-05,27113,27797,27027,27412,330426,9030000000,122435348
007070,2021-10-06,27540,28096,27455,27754,345673,9593000000,122435348
007070,2021-10-07,27711,28353,27626,28182,280043,7868000000,122435348
007070,2021-10-08,27925,28267,27669,27883,231387,6446000000,122435348
007070,2021-10-12,27840,27883,27369,27583,187593,5162000000,122435348
007070,2021-10-13,27583,27797,27412,27711,220991,6122000000,122435348
007070,2021-10-14,27797,27925,27626,27711,199878,5548000000,122435348
007070,2021-10-15,27840,28524,27797,28396,331318,9325000000,122435348
007070,2021-10-18,28438,28481,28054,28267,164670,4645000000,122435348
007070,2021-10-19,28396,28396,28054,28096,137715,3877000000,122435348
007070,2021-10-20,28096,28182,27583,27583,295665,8219000000,122435348
007070,2021-10-21,27669,27883,27583,27626,175849,4872000000,122435348
007070,2021-10-22,27583,27968,27583,27840,130584,3636000000,122435348
007070,2021-10-25,27626,27883,27540,27797,232465,6425000000,122435348
007070,2021-10-26,27925,28310,27797,28267,379395,10665000000,122435348
007070,2021-10-27,28267,28353,28054,28182,178841,5035000000,122435348
007070,2021-10-28,28182,28182,27669,27669,322905,8983000000,122435348
007070,2021-10-29,27669,27883,27498,27540,222183,6128000000,122435348
007070,2021-11-01,27626,28096,27626,28054,185367,5176000000,122435348
007070,2021-11-02,28054,28353,27968,28139,229576,6476000000,122435348
007070,2021-11-03,28139,28182,27669,27840,168347,4696000000,122435348
007070,2021-11-04,27925,28182,27626,27797,192036,5347000000,122435348
007070,2021-11-05,27883,28011,27669,27968,214612,5976000000,122435348
007070,2021-11-08,28096,28481,27883,28396,388258,10960000000,122435348
007070,2021-11-09,28310,28781,28096,28310,293508,8321000000,122435348
007070,2021-11-10,28310,28310,27797,27883,211813,5918000000,122435348
007070,2021-11-11,27968,27968,27540,27626,250058,6911000000,122435348
007070,2021-11-12,27540,27840,27540,27711,266413,7384000000,122435348
007070,2021-11-15,27754,28182,27711,28139,165167,4617000000,122435348
007070,2021-11-16,28011,28225,27754,28225,218282,6119000000,122435348
007070,2021-11-17,28011,28225,27883,28139,272927,7653000000,122435348
007070,2021-11-18,28054,28096,27797,28011,218161,6091000000,122435348
007070,2021-11-19,27883,27883,27626,27669,254254,7037000000,122435348
007070,2021-11-22,27626,27626,27369,27540,241359,6636000000,122435348
007070,2021-11-23,27455,27626,27412,27626,205498,5651000000,122435348
007070,2021-11-24,27498,27711,27412,27455,184440,5072000000,122435348
007070,2021-11-25,27455,27455,26557,26642,647634,17388000000,122435348
007070,2021-11-26,26514,26685,25915,25958,379731,9950000000,122435348
007070,2021-11-29,25359,25787,25274,25317,440517,11202000000,122435348
007070,2021-11-30,25616,25616,24162,24162,580030,14320000000,122435348
007070,2021-12-01,24162,24761,24119,24376,509400,12431000000,122435348
007070,2021-12-02,23948,25702,23948,25488,397520,9956000000,122435348
007070,2021-12-03,25530,26300,25359,26044,372414,9685000000,122435348
007070,2021-12-06,26001,26215,25530,26086,195114,5059000000,122435348
007070,2021-12-07,26086,26557,26044,26386,197800,5213000000,122435348
007070,2021-12-08,26514,26771,26257,26386,209167,5545000000,122435348
007070,2021-12-09,26343,26813,26300,26813,376107,10017000000,122435348
007070,2021-12-10,26813,26942,26343,26856,271493,7270000000,122435348
007070,2021-12-13,27027,27027,26129,26300,319520,8461000000,122435348
007070,2021-12-14,26257,26642,26001,26343,190179,5021000000,122435348
007070,2021-12-15,26471,26471,26086,26129,190879,5004000000,122435348
007070,2021-12-16,26343,26429,26129,26300,124185,3260000000,122435348
007070,2021-12-17,26257,26514,26086,26429,250989,6602000000,122435348
007070,2021-12-20,26300,26343,25915,26044,144791,3778000000,122435348
007070,2021-12-21,26001,26172,25958,26001,146609,3818000000,122435348
007070,2021-12-22,26172,26172,25830,26086,157767,4099000000,122435348
007070,2021-12-23,26044,26386,26001,26300,146394,3829000000,122435348
007070,2021-12-24,26343,26642,26257,26429,135760,3590000000,122435348
007070,2021-12-27,26471,26771,26257,26386,209382,5528000000,122435348
007070,2021-12-28,26514,27027,26343,26984,345481,9243000000,122435348
007070,2021-12-29,26471,26557,26343,26343,227425,6011000000,122435348
007070,2021-12-30,26215,26429,25958,26001,235924,6146000000,122435348
007070,2022-01-03,26001,26129,25744,25830,189711,4908000000,122435348
007070,2022-01-04,25787,25787,25530,25702,213057,5456000000,122435348
007070,2022-01-05,25573,25659,25445,25445,168652,4304000000,122435348
007070,2022-01-06,25317,25530,25231,25359,204071,5171000000,122435348
007070,2022-01-07,25231,25830,25146,25530,201754,5135000000,122435348
007070,2022-01-10,25445,25573,24932,25103,224565,5628000000,122435348
007070,2022-01-11,24932,25188,24846,24932,158365,3953000000,122435348
007070,2022-01-12,24932,25445,24932,25317,238621,6018000000,122435348
007070,2022-01-13,25317,25573,25231,25445,135116,3432000000,122435348
007070,2022-01-14,25274,25274,24846,24846,247156,6165000000,122435348
007070,2022-01-17,24761,25060,24675,24761,142564,3533000000,122435348
007070,2022-01-18,24675,24889,24376,24461,172504,4243000000,122435348
007070,2022-01-19,24333,24932,24248,24632,195360,4811000000,122435348
007070,2022-01-20,24632,24846,24290,24461,197642,4828000000,122435348
007070,2022-01-21,24376,24376,24119,24333,184388,4469000000,122435348
007070,2022-01-24,24333,24419,23777,23863,245921,5897000000,122435348
007070,2022-01-25,23905,23905,23050,23178,377431,8794000000,122435348
007070,2022-01-26,23178,23478,23136,23136,166103,3863000000,122435348
007070,2022-01-27,23093,23136,22152,22280,378629,8487000000,122435348
007070,2022-01-28,22580,23178,22152,23050,260653,5931000000,122435348
007070,2022-02-03,23178,24076,23178,23734,217045,5166000000,122435348
007070,2022-02-04,23734,24290,23563,24162,175236,4197000000,122435348
007070,2022-02-07,24162,24803,23777,24632,322783,7913000000,122435348
007070,2022-02-08,24846,25060,24419,24504,203315,5037000000,122435348
007070,2022-02-09,24376,24376,22879,22965,1181945,27415000000,122435348
007070,2022-02-10,23007,23178,22836,23007,553980,12745000000,122435348
007070,2022-02-11,22836,23007,22451,22451,514048,11643000000,122435348
007070,2022-02-14,22323,22580,22238,22366,287773,6435000000,122435348
007070,2022-02-15,22409,22451,22067,22109,290596,6455000000,122435348
007070,2022-02-16,22366,22622,22323,22366,262528,5883000000,122435348
007070,2022-02-17,22409,22836,22280,22494,394528,8898000000,122435348
007070,2022-02-18,22195,22708,22195,22537,199495,4484000000,122435348
007070,2022-02-21,22366,22836,22280,22794,209280,4738000000,122435348
007070,2022-02-22,22494,22622,22366,22451,193792,4351000000,122435348
007070,2022-02-23,22451,22879,22451,22708,195919,4442000000,122435348
007070,2022-02-24,22451,22580,22195,22366,261124,5832000000,122435348
007070,2022-02-25,22665,22665,22451,22537,192668,4344000000,122435348
007070,2022-02-28,22494,22751,22409,22708,204087,4614000000,122435348
007070,2022-03-02,22622,23093,22622,23050,305178,6978000000,122435348
007070,2022-03-03,23093,23307,22879,23264,298023,6900000000,122435348
007070,2022-03-04,23264,23307,22836,22922,391370,8978000000,122435348
007070,2022-03-07,22708,22751,22280,22323,513502,11505000000,122435348
007070,2022-03-08,22238,22708,22152,22323,428632,9635000000,122435348
007070,2022-03-10,22665,23178,22665,23050,463139,10653000000,122435348
007070,2022-03-11,23050,24205,22794,24076,933486,22236000000,122435348
007070,2022-03-14,24162,24547,23777,23905,471683,11378000000,122435348
007070,2022-03-15,23948,24290,23435,24119,315453,7561000000,122435348
007070,2022-03-16,24162,24376,23777,24076,295916,7107000000,122435348
007070,2022-03-17,24333,24461,23863,23863,384001,9271000000,122435348
007070,2022-03-18,23905,24290,23863,24290,295894,7142000000,122435348
007070,2022-03-21,24419,24419,24076,24248,198807,4817000000,122435348
007070,2022-03-22,24376,24504,24205,24248,254151,6182000000,122435348
007070,2022-03-23,24333,24419,24034,24205,238577,5776000000,122435348
007070,2022-03-24,24034,24162,23905,24162,144911,3480000000,122435348
007070,2022-03-25,24034,24205,23905,24162,130313,3132000000,122435348
007070,2022-03-28,24119,24119,23863,23991,160901,3856000000,122435348
007070,2022-03-29,24076,24119,23905,24076,160920,3867000000,122435348
007070,2022-03-30,24162,24290,23948,24034,181801,4379000000,122435348
007070,2022-03-31,24034,24290,23991,24248,337653,8163000000,122435348
007070,2022-04-01,24119,24333,23948,24248,211061,5103000000,122435348
007070,2022-04-04,24290,24975,24205,24846,468384,11543000000,122435348
007070,2022-04-05,24846,25231,24675,25103,370156,9249000000,122435348
007070,2022-04-06,24889,25188,24846,24889,254770,6367000000,122435348
007070,2022-04-07,24718,25017,24419,24889,283399,7012000000,122435348
007070,2022-04-08,24889,24932,24504,24932,193863,4796000000,122435348
007070,2022-04-11,24718,25188,24675,25146,240218,6011000000,122435348
007070,2022-04-12,24889,25103,24504,24547,210772,5211000000,122435348
007070,2022-04-13,24761,24803,24547,24761,147242,3635000000,122435348
007070,2022-04-14,24761,24803,24590,24761,128073,3160000000,122435348
007070,2022-04-15,24590,24632,24333,24419,158520,3875000000,122435348
007070,2022-04-18,24376,24932,24205,24803,296397,7330000000,122435348
007070,2022-04-19,24846,24889,24547,24803,216327,5347000000,122435348
007070,2022-04-20,24718,25188,24632,25017,235612,5890000000,122435348
007070,2022-04-21,25146,25188,24846,25017,210577,5257000000,122435348
007070,2022-04-22,24761,24803,24632,24718,137315,3391000000,122435348
007070,2022-04-25,24290,24547,24119,24205,204513,4961000000,122435348
007070,2022-04-26,24376,24547,24162,24504,157312,3836000000,122435348
007070,2022-04-27,23948,24248,23734,24076,268328,6438000000,122435348
007070,2022-04-28,24034,24718,23948,24675,240623,5880000000,122435348
007070,2022-04-29,24675,24846,24547,24675,126089,3112000000,122435348
007070,2022-05-02,24419,25488,24419,25402,406684,10206000000,122435348
007070,2022-05-03,25402,25530,25060,25146,208729,5260000000,122435348
007070,2022-05-04,25146,25488,24889,25103,247602,6222000000,122435348
007070,2022-05-06,23948,24034,22409,22580,2030554,46268000000,122435348
007070,2022-05-09,22494,22836,22409,22451,476951,10767000000,122435348
007070,2022-05-10,22067,22238,21810,22152,451654,9943000000,122435348
007070,2022-05-11,21853,22494,21853,22152,340800,7563000000,122435348
007070,2022-05-12,21895,22195,21511,22195,509019,11162000000,122435348
007070,2022-05-13,22195,22494,22024,22409,273079,6094000000,122435348
007070,2022-05-16,22494,22580,22152,22323,205719,4598000000,122435348
007070,2022-05-17,22323,22323,22067,22238,213289,4732000000,122435348
007070,2022-05-18,22238,22451,22152,22323,235894,5260000000,122435348
007070,2022-05-19,21895,22366,21895,22366,236849,5231000000,122435348
007070,2022-05-20,22323,22451,22152,22409,181486,4052000000,122435348
007070,2022-05-23,22494,22494,22238,22409,136175,3043000000,122435348
007070,2022-05-24,22280,22451,22109,22195,146408,3256000000,122435348
007070,2022-05-25,22152,22323,22067,22152,219414,4872000000,122435348
007070,2022-05-26,22152,22280,22024,22152,169231,3747000000,122435348
007070,2022-05-27,22323,22537,22238,22494,246943,5531000000,122435348
007070,2022-05-30,22622,23093,22580,23007,374494,8588000000,122435348
007070,2022-05-31,23007,23178,22794,23050,241608,5569000000,122435348
007070,2022-06-02,22708,23050,22708,22965,206495,4726000000,122435348
007070,2022-06-03,23050,23435,23007,23307,295032,6874000000,122435348
007070,2022-06-07,23264,23264,22794,22922,161838,3720000000,122435348
007070,2022-06-08,22836,23349,22794,23349,204746,4740000000,122435348
007070,2022-06-09,23221,23221,22794,23178,287104,6618000000,122435348
007070,2022-06-10,23178,23349,22836,23178,271842,6271000000,122435348
007070,2022-06-13,22751,22879,22238,22280,291465,6528000000,122435348
007070,2022-06-14,21895,22366,21810,22238,240333,5309000000,122435348
007070,2022-06-15,22238,22622,22067,22537,304753,6824000000,122435348
007070,2022-06-16,22537,22794,22067,22109,186877,4184000000,122435348
007070,2022-06-17,21853,22195,21724,21767,261952,5724000000,122435348
007070,2022-06-20,21895,21981,21511,21853,222131,4833000000,122435348
007070,2022-06-21,22024,22152,21724,21938,125342,2756000000,122435348
007070,2022-06-22,21981,22067,21767,21938,198337,4355000000,122435348
007070,2022-06-23,21810,22152,21553,21639,221364,4824000000,122435348
007070,2022-06-24,21511,22109,21511,21895,150160,3282000000,122435348
007070,2022-06-27,21981,22366,21810,22152,139617,3096000000,122435348
007070,2022-06-28,22152,22323,21853,22152,117528,2592000000,122435348
007070,2022-06-29,21895,22280,21853,22195,129427,2861000000,122435348
007070,2022-06-30,22238,22622,21938,21938,251185,5563000000,122435348
007070,2022-07-01,22152,22409,21981,22366,211237,4697000000,122435348
007070,2022-07-04,22409,22494,21810,22152,162518,3587000000,122435348
007070,2022-07-05,22195,22366,22024,22109,97457,2161000000,122435348
007070,2022-07-06,21853,22152,21810,21853,142831,3134000000,122435348
007070,2022-07-07,22152,22152,21853,21853,155643,3415000000,122435348
007070,2022-07-08,21981,22024,21724,21810,206123,4503000000,122435348
007070,2022-07-11,21810,21895,20912,20955,452600,9596000000,122435348
007070,2022-07-12,20955,20997,20399,20655,228660,4712000000,122435348
007070,2022-07-13,20826,20997,20570,20869,184425,3842000000,122435348
007070,2022-07-14,20655,20869,20613,20613,192081,3976000000,122435348
007070,2022-07-15,20613,20655,19800,20270,315401,6368000000,122435348
007070,2022-07-18,20356,20655,20270,20527,209520,4282000000,122435348
007070,2022-07-19,20527,20613,20313,20570,177324,3627000000,122435348
007070,2022-07-20,20784,20955,20613,20784,328646,6833000000,122435348
007070,2022-07-21,20698,20912,20613,20826,181557,3765000000,122435348
007070,2022-07-22,20655,20912,20655,20698,111688,2314000000,122435348
007070,2022-07-25,20698,20912,20613,20826,216459,4493000000,122435348
007070,2022-07-26,20698,21297,20698,21040,392076,8253000000,122435348
007070,2022-07-27,21083,21083,20698,20784,217364,4527000000,122435348
007070,2022-07-28,20826,21126,20741,20784,172251,3592000000,122435348
007070,2022-07-29,20955,21083,20869,20997,180412,3783000000,122435348
007070,2022-08-01,21126,21425,20997,21340,254358,5419000000,122435348
007070,2022-08-02,21168,21297,21040,21126,205458,4347000000,122435348
007070,2022-08-03,20912,21083,20655,21040,278755,5824000000,122435348
007070,2022-08-04,21040,21254,20997,21254,181126,3837000000,122435348
007070,2022-08-05,21211,21468,21126,21340,205524,4382000000,122435348
007070,2022-08-08,21340,21511,21168,21382,196199,4190000000,122435348
007070,2022-08-09,21297,22067,21297,22024,384450,8392000000,122435348
007070,2022-08-10,21682,22067,21511,21853,418217,9152000000,122435348
007070,2022-08-11,22067,22195,21938,22195,271757,6005000000,122435348
007070,2022-08-12,22195,22238,22067,22067,149319,3307000000,122435348
007070,2022-08-16,22195,22280,21810,21853,196517,4312000000,122435348
007070,2022-08-17,21938,22366,21810,22195,210486,4650000000,122435348
007070,2022-08-18,22067,22366,21810,21895,198518,4368000000,122435348
007070,2022-08-19,21895,21895,21596,21810,126027,2744000000,122435348
007070,2022-08-22,21724,21767,21340,21425,112927,2423000000,122435348
007070,2022-08-23,21382,21382,20869,20955,169404,3568000000,122435348
007070,2022-08-24,20997,21040,20826,20997,138648,2898000000,122435348
007070,2022-08-25,20955,21168,20955,21083,103603,2185000000,122435348
007070,2022-08-26,21083,21254,21083,21168,131684,2788000000,122435348
007070,2022-08-29,20698,21040,20655,20869,149474,3118000000,122435348
007070,2022-08-30,21083,21425,20955,21254,175208,3728000000,122435348
007070,2022-08-31,21382,21767,21168,21724,284132,6146000000,122435348
007070,2022-09-01,21425,22366,21297,22195,438072,9659000000,122435348
007070,2022-09-02,22280,23307,22195,23050,657820,15068000000,122435348
007070,2022-09-05,23050,23178,22451,22708,247606,5667000000,122435348
007070,2022-09-06,22751,22965,22494,22965,200813,4581000000,122435348
007070,2022-09-07,22794,22922,22280,22409,188069,4230000000,122435348
007070,2022-09-08,22622,22708,22238,22451,192671,4328000000,122435348
007070,2022-09-13,22665,22794,22494,22537,124973,2823000000,122435348
007070,2022-09-14,22280,23606,22238,23521,689493,16060000000,122435348
007070,2022-09-15,23521,23649,23307,23478,224367,5265000000,122435348
007070,2022-09-16,23221,23563,23136,23392,190013,4431000000,122435348
007070,2022-09-19,23349,23478,22922,23050,179661,4161000000,122435348
007070,2022-09-20,23392,23435,23093,23307,104875,2435000000,122435348
007070,2022-09-21,23007,23349,22836,23093,138903,3200000000,122435348
007070,2022-09-22,22965,23136,22665,23007,177511,4068000000,122435348
007070,2022-09-23,23093,23178,22580,22751,135505,3081000000,122435348
007070,2022-09-26,22665,22708,21853,21938,226328,5003000000,122435348
007070,2022-09-27,22195,22580,21639,22537,207872,4608000000,122435348
007070,2022-09-28,22152,22665,21810,22366,215845,4792000000,122435348
007070,2022-09-29,22366,22708,22366,22537,191275,4311000000,122435348
007070,2022-09-30,22708,22794,21810,21895,225041,4962000000,122435348
007070,2022-10-04,21895,22195,21724,21724,167230,3668000000,122435348
007070,2022-10-05,21938,22024,21040,21425,243429,5216000000,122435348
007070,2022-10-06,21553,21596,21211,21297,131055,2797000000,122435348
007070,2022-10-07,21126,21297,20912,20997,164532,3462000000,122435348
007070,2022-10-11,21040,21168,20655,20869,147155,3062000000,122435348
007070,2022-10-12,20826,21040,20527,21040,117762,2457000000,122435348
007070,2022-10-13,20869,20955,20356,20356,149477,3072000000,122435348
007070,2022-10-14,20484,20784,20441,20527,131095,2700000000,122435348
007070,2022-10-17,20270,20869,20142,20869,114995,2368000000,122435348
007070,2022-10-18,21040,21083,20655,20997,94509,1972000000,122435348
007070,2022-10-19,20997,21126,20655,20741,86458,1803000000,122435348
007070,2022-10-20,20570,20869,20270,20570,361663,7427000000,122435348
007070,2022-10-21,20570,20570,20228,20228,148101,3005000000,122435348
007070,2022-10-24,20441,20655,20356,20484,101110,2070000000,122435348
007070,2022-10-25,20655,20655,20270,20313,81338,1660000000,122435348
007070,2022-10-26,20356,20441,20142,20313,74842,1518000000,122435348
007070,2022-10-27,20399,20741,20270,20655,142865,2935000000,122435348
007070,2022-10-28,20741,22067,20655,21895,318727,6875000000,122435348
007070,2022-10-31,21895,21895,21511,21724,135634,2943000000,122435348
007070,2022-11-01,21682,22580,21639,22409,223791,5003000000,122435348
007070,2022-11-02,22238,22622,22238,22280,99953,2239000000,122435348
007070,2022-11-03,22238,23050,22024,22537,221378,5001000000,122435348
007070,2022-11-04,22451,23606,22409,23521,379824,8855000000,122435348
007070,2022-11-07,23392,23563,23178,23349,141276,3303000000,122435348
007070,2022-11-08,23349,23649,23007,23521,193733,4532000000,122435348
007070,2022-11-09,24290,24761,23692,24632,743161,18230000000,122435348
007070,2022-11-10,24547,24803,24461,24675,267674,6603000000,122435348
007070,2022-11-11,24932,25017,24333,24547,305459,7518000000,122435348
007070,2022-11-14,24461,24889,24162,24205,272479,6650000000,122435348
007070,2022-11-15,24248,24504,24119,24162,135483,3279000000,122435348
007070,2022-11-16,24034,24632,23478,24419,377919,9135000000,122435348
007070,2022-11-17,24248,24761,24248,24718,233451,5760000000,122435348
007070,2022-11-18,24675,24803,24419,24419,174989,4304000000,122435348
007070,2022-11-21,24632,24803,24333,24461,148232,3624000000,122435348
007070,2022-11-22,24461,25017,24034,24889,261316,6455000000,122435348
007070,2022-11-23,24718,25488,24632,25317,359563,9055000000,122435348
007070,2022-11-24,25231,25445,25103,25317,147594,3735000000,122435348
007070,2022-11-25,25445,25702,25103,25402,282567,7217000000,122435348
007070,2022-11-28,25274,25274,24419,24889,228060,5654000000,122435348
007070,2022-11-29,24846,25488,24803,25231,176632,4464000000,122435348
007070,2022-11-30,25017,25659,24932,25488,234321,5987000000,122435348
007070,2022-12-01,25530,25744,25146,25231,123813,3148000000,122435348
007070,2022-12-02,25231,25317,24846,24932,90313,2261000000,122435348
007070,2022-12-05,24846,25359,24718,25017,156177,3906000000,122435348
007070,2022-12-06,24846,25445,24675,25274,271644,6857000000,122435348
007070,2022-12-07,25488,25787,25274,25445,246954,6306000000,122435348
007070,2022-12-08,25573,25573,24889,25359,329498,8315000000,122435348
007070,2022-12-09,25060,25573,25060,25488,153208,3894000000,122435348
007070,2022-12-12,25488,25659,25231,25402,103586,2635000000,122435348
007070,2022-12-13,25573,25616,25146,25445,118518,3009000000,122435348
007070,2022-12-14,25445,25445,24290,24504,304109,7476000000,122435348
007070,2022-12-15,24718,24975,24547,24675,154687,3827000000,122435348
007070,2022-12-16,24504,24675,24205,24376,177030,4323000000,122435348
007070,2022-12-19,24162,24803,24162,24675,116437,2860000000,122435348
007070,2022-12-20,24718,24718,24419,24590,94540,2323000000,122435348
007070,2022-12-21,24889,24932,24590,24761,96881,2401000000,122435348
007070,2022-12-22,24761,25060,24761,25060,152633,3809000000,122435348
007070,2022-12-23,25060,25146,24718,25103,152777,3817000000,122435348
007070,2022-12-26,25103,25488,24803,25317,189127,4758000000,122435348
007070,2022-12-27,25445,25488,25146,25231,191563,4840000000,122435348
007070,2022-12-28,24590,25231,24504,24975,227929,5699000000,122435348
007070,2022-12-29,24718,24718,23991,24076,158310,3832000000,122435348
007070,2023-01-02,24333,24333,23478,23734,131328,3108000000,122435348
007070,2023-01-03,23905,24162,23221,23948,188057,4467000000,122435348
007070,2023-01-04,24119,24119,23563,23905,109949,2612000000,122435348
007070,2023-01-05,23863,23863,23349,23392,192533,4527000000,122435348
007070,2023-01-06,23178,23435,22965,23178,130649,3035000000,122435348
007070,2023-01-09,23435,23734,23221,23649,128328,3025000000,122435348
007070,2023-01-10,23820,24119,23521,23905,146595,3502000000,122435348
007070,2023-01-11,23905,24119,23649,24076,193744,4643000000,122435348
007070,2023-01-12,24119,24119,23478,23478,282129,6667000000,122435348
007070,2023-01-13,23649,23948,23435,23606,133086,3144000000,122435348
007070,2023-01-16,23521,24162,23392,23820,203366,4852000000,122435348
007070,2023-01-17,23734,23820,23392,23606,186981,4397000000,122435348
007070,2023-01-18,23649,24333,23435,24290,298467,7194000000,122435348
007070,2023-01-19,23991,24803,23948,24632,235619,5798000000,122435348
007070,2023-01-20,24547,24932,24461,24846,206323,5119000000,122435348
007070,2023-01-25,24932,24975,24162,24205,136013,3323000000,122435348
007070,2023-01-26,24290,24504,24205,24376,130886,3184000000,122435348
007070,2023-01-27,24119,24675,24034,24504,237080,5793000000,122435348
007070,2023-01-30,24333,24333,23991,24162,123961,2997000000,122435348
007070,2023-01-31,24290,24803,23991,24675,242908,5961000000,122435348
007070,2023-02-01,24376,24419,23991,24076,347919,8405000000,122435348
007070,2023-02-02,24162,24632,24034,24376,260798,6353000000,122435348
007070,2023-02-03,24290,24461,24119,24205,136266,3302000000,122435348
007070,2023-02-06,24119,24162,23692,23863,196380,4695000000,122435348
007070,2023-02-07,23734,24076,23692,23863,215831,5138000000,122435348
007070,2023-02-08,24718,26215,24632,26172,1597014,41103000000,122435348
007070,2023-02-09,26001,26300,25873,26172,425318,11114000000,122435348
007070,2023-02-10,26001,26044,25402,25830,215113,5541000000,122435348
007070,2023-02-13,25702,25787,25274,25530,185202,4731000000,122435348
007070,2023-02-14,25616,26086,25573,26044,316790,8214000000,122435348
007070,2023-02-15,26001,26044,25488,25616,201090,5164000000,122435348
007070,2023-02-16,25616,25958,25530,25616,189176,4860000000,122435348
007070,2023-02-17,25402,25915,25359,25702,150870,3881000000,122435348
007070,2023-02-20,25616,26429,25573,26386,388171,10200000000,122435348
007070,2023-02-21,26343,26429,25659,25702,179238,4646000000,122435348
007070,2023-02-22,25616,25958,25530,25873,183301,4738000000,122435348
007070,2023-02-23,25830,25958,25530,25573,123631,3177000000,122435348
007070,2023-02-24,25530,25873,25359,25445,169456,4327000000,122435348
007070,2023-02-27,25317,25359,24803,25103,206681,5169000000,122435348
007070,2023-02-28,25146,25231,24504,24675,223897,5550000000,122435348
007070,2023-03-02,24846,24889,24333,24590,366352,8995000000,122435348
007070,2023-03-03,24590,24718,24162,24333,258161,6289000000,122435348
007070,2023-03-06,24419,24504,24119,24333,225875,5493000000,122435348
007070,2023-03-07,24290,24590,24076,24590,268649,6549000000,122435348
007070,2023-03-08,24248,24590,24162,24547,308557,7541000000,122435348
007070,2023-03-09,24718,25017,24248,24889,553869,13681000000,122435348
007070,2023-03-10,24889,24889,24333,24504,307007,7503000000,122435348
007070,2023-03-13,24590,24632,23692,24162,311438,7495000000,122435348
007070,2023-03-14,23863,24162,23264,23435,292529,6905000000,122435348
007070,2023-03-15,23478,23948,23392,23820,218351,5163000000,122435348
007070,2023-03-16,23349,23649,23221,23392,179115,4184000000,122435348
007070,2023-03-17,23435,23478,22451,22836,729493,16647000000,122435348
007070,2023-03-20,22794,23692,22708,23392,295142,6897000000,122435348
007070,2023-03-21,23435,23863,23264,23863,207482,4917000000,122435348
007070,2023-03-22,23863,23991,23478,23521,151451,3575000000,122435348
007070,2023-03-23,23606,23820,23264,23606,149550,3527000000,122435348
007070,2023-03-24,23307,23820,23178,23734,175094,4142000000,122435348
007070,2023-03-27,23734,23777,23307,23734,98914,2334000000,122435348
007070,2023-03-28,23734,23863,23435,23606,159746,3764000000,122435348
007070,2023-03-29,23777,24162,23777,24119,185069,4449000000,122435348
007070,2023-03-30,23948,24333,23777,24119,171416,4145000000,122435348
007070,2023-03-31,24162,24632,24119,24248,173418,4234000000,122435348
007070,2023-04-03,24162,24975,24119,24932,314051,7792000000,122435348
007070,2023-04-04,24889,25317,24803,25274,314507,7909000000,122435348
007070,2023-04-05,25317,25787,25146,25616,338676,8685000000,122435348
007070,2023-04-06,25659,25787,25359,25616,239686,6131000000,122435348
007070,2023-04-07,25402,25402,24718,24846,281571,7014000000,122435348
007070,2023-04-10,24632,24761,24376,24419,195610,4803000000,122435348
007070,2023-04-11,24162,24718,24076,24504,203053,4964000000,122435348
007070,2023-04-12,24290,24590,23521,23692,369166,8821000000,122435348
007070,2023-04-13,23606,23863,23349,23692,306586,7245000000,122435348
007070,2023-04-14,23563,23863,23478,23521,262056,6181000000,122435348
007070,2023-04-17,23521,23563,23221,23435,194304,4541000000,122435348
007070,2023-04-18,23435,23734,23392,23692,249593,5890000000,122435348
007070,2023-04-19,23692,23734,23478,23521,192678,4542000000,122435348
007070,2023-04-20,23521,23863,23349,23820,176546,4178000000,122435348
007070,2023-04-21,23734,23863,23307,23349,199644,4680000000,122435348
007070,2023-04-24,23307,23435,23007,23007,150224,3478000000,122435348
007070,2023-04-25,23007,23050,22665,23007,184988,4237000000,122435348
007070,2023-04-26,22922,23178,22794,22922,98179,2259000000,122435348
007070,2023-04-27,22708,22922,22537,22751,184254,4183000000,122435348
007070,2023-04-28,22665,22922,22622,22751,162378,3700000000,122435348
007070,2023-05-02,22622,23136,22622,23050,127137,2921000000,122435348
007070,2023-05-03,23093,23221,22879,22922,86030,1976000000,122435348
007070,2023-05-04,22708,22965,22537,22836,144927,3296000000,122435348
007070,2023-05-08,22708,23264,22708,23050,215431,4956000000,122435348
007070,2023-05-09,23050,23307,22965,23093,185444,4296000000,122435348
007070,2023-05-10,23692,23948,23521,23606,489173,11621000000,122435348
007070,2023-05-11,23521,23606,22708,22708,486222,11137000000,122435348
007070,2023-05-12,22751,22794,21767,22067,643620,14177000000,122435348
007070,2023-05-15,21938,22451,21938,22409,281263,6271000000,122435348
007070,2023-05-16,22195,22366,21810,21895,258384,5674000000,122435348
007070,2023-05-17,21810,22024,21767,21810,162631,3553000000,122435348
007070,2023-05-18,21853,21895,21639,21682,237571,5152000000,122435348
007070,2023-05-19,21639,21810,21511,21596,298996,6462000000,122435348
007070,2023-05-22,21596,22024,21596,21895,240799,5271000000,122435348
007070,2023-05-23,22024,22067,21810,21895,161143,3534000000,122435348
007070,2023-05-24,21895,22024,21767,21895,153595,3371000000,122435348
007070,2023-05-25,21810,21981,21511,21596,208257,4509000000,122435348
007070,2023-05-26,21553,21724,21468,21639,124060,2684000000,122435348
007070,2023-05-30,21724,21810,20997,21168,412894,8787000000,122435348
007070,2023-05-31,21126,21596,21126,21254,368137,7863000000,122435348
007070,2023-06-01,21340,21511,21040,21126,307339,6511000000,122435348
007070,2023-06-02,21211,21297,21040,21254,183032,3884000000,122435348
007070,2023-06-05,21340,21468,21254,21297,201216,4293000000,122435348
007070,2023-06-07,21297,21468,21211,21254,304369,6498000000,122435348
007070,2023-06-08,21211,21297,20826,20826,533188,11148000000,122435348
007070,2023-06-09,20997,21083,20784,20869,302772,6318000000,122435348
007070,2023-06-12,20955,20955,20484,20613,312198,6441000000,122435348
007070,2023-06-13,20698,20741,20356,20441,346381,7096000000,122435348
007070,2023-06-14,20570,20570,20270,20441,266168,5429000000,122435348
007070,2023-06-15,20399,20698,20270,20356,251990,5147000000,122435348
007070,2023-06-16,20399,21168,20399,21126,479888,10039000000,122435348
007070,2023-06-19,21211,21211,20441,20527,458228,9467000000,122435348
007070,2023-06-20,20527,20955,20441,20527,292570,6028000000,122435348
007070,2023-06-21,20484,20527,20228,20441,324712,6617000000,122435348
007070,2023-06-22,20399,20484,20228,20441,240972,4905000000,122435348
007070,2023-06-23,20313,20356,19800,19886,486688,9708000000,122435348
007070,2023-06-26,19886,20057,19757,19886,118448,2359000000,122435348
007070,2023-06-27,19843,20099,19800,20057,180359,3608000000,122435348
007070,2023-06-28,20057,20185,19886,19928,176072,3527000000,122435348
007070,2023-06-29,19843,19886,19415,19415,263172,5162000000,122435348
007070,2023-06-30,19458,19629,19116,19586,231058,4487000000,122435348
007070,2023-07-03,19672,19928,19543,19843,155321,3076000000,122435348
007070,2023-07-04,19672,19843,19201,19330,234816,4558000000,122435348
007070,2023-07-05,19244,19458,19073,19159,291148,5605000000,122435348
007070,2023-07-06,19073,19116,18603,18902,575291,10851000000,122435348
007070,2023-07-07,18902,18902,18303,18731,465285,8620000000,122435348
007070,2023-07-10,18517,18645,18389,18560,284296,5259000000,122435348
007070,2023-07-11,18688,19073,18603,18816,253916,4764000000,122435348
007070,2023-07-12,18902,18945,18517,18688,306679,5715000000,122435348
007070,2023-07-13,18688,19201,18688,18731,415113,7851000000,122435348
007070,2023-07-14,18816,19030,18816,18987,258915,4904000000,122435348
007070,2023-07-17,18859,18945,18560,18603,543160,10133000000,122435348
007070,2023-07-18,18688,18902,18389,18474,430332,8006000000,122435348
007070,2023-07-19,18603,18603,18303,18389,240239,4421000000,122435348
007070,2023-07-20,18346,18517,18175,18303,222370,4082000000,122435348
007070,2023-07-21,18260,18432,18218,18389,175215,3215000000,122435348
007070,2023-07-24,18517,18560,18175,18218,327153,5984000000,122435348
007070,2023-07-25,18175,18218,17747,17747,443123,7924000000,122435348
007070,2023-07-26,17662,17747,16764,17149,981578,16769000000,122435348
007070,2023-07-27,17149,18389,17149,18389,481475,8703000000,122435348
007070,2023-07-28,18218,18218,17918,18004,182369,3288000000,122435348
007070,2023-07-31,18047,18303,17918,18175,219150,3975000000,122435348
007070,2023-08-01,18089,18731,18047,18688,262188,4862000000,122435348
007070,2023-08-02,18731,18945,18517,18731,316979,5960000000,122435348
007070,2023-08-03,18731,18945,18560,18816,315538,5937000000,122435348
007070,2023-08-04,18902,19030,18731,18945,210071,3957000000,122435348
007070,2023-08-07,18987,19073,18859,18945,198287,3760000000,122435348
007070,2023-08-08,18987,20185,18389,19458,1870289,36411000000,122435348
007070,2023-08-09,19971,20869,19330,20484,1480785,30243000000,122435348
007070,2023-08-10,20441,21083,20356,20955,688531,14336000000,122435348
007070,2023-08-11,20655,21083,20484,20826,336904,6990000000,122435348
007070,2023-08-14,20655,20912,20484,20698,184620,3822000000,122435348
007070,2023-08-16,20655,20741,20057,20527,341128,6980000000,122435348
007070,2023-08-17,20270,20399,19843,20313,388605,7830000000,122435348
007070,2023-08-18,20014,20869,20014,20784,441566,9148000000,122435348
007070,2023-08-21,20698,20784,20228,20313,189424,3863000000,122435348
007070,2023-08-22,20313,20570,20099,20228,238632,4835000000,122435348
007070,2023-08-23,20099,20142,19757,20014,237907,4745000000,122435348
007070,2023-08-24,19843,20057,19757,19971,179123,3565000000,122435348
007070,2023-08-25,19800,20484,19757,20313,260223,5268000000,122435348
007070,2023-08-28,20527,20570,20099,20270,159169,3224000000,122435348
007070,2023-08-29,20185,20826,20142,20826,287219,5920000000,122435348
007070,2023-08-30,20955,20955,20356,20356,265657,5465000000,122435348
007070,2023-08-31,20270,20399,19843,20228,308835,6215000000,122435348
007070,2023-09-01,20014,20270,19928,20099,172612,3478000000,122435348
007070,2023-09-04,19971,20613,19843,20570,227216,4640000000,122435348
007070,2023-09-05,20399,20784,20228,20313,199088,4061000000,122435348
007070,2023-09-06,20228,21040,20185,20655,374270,7784000000,122435348
007070,2023-09-07,20399,20655,20356,20484,201741,4139000000,122435348
007070,2023-09-08,20399,20912,20099,20741,400509,8265000000,122435348
007070,2023-09-11,20784,20826,20441,20698,180446,3725000000,122435348
007070,2023-09-12,20570,21040,20484,20527,191775,3977000000,122435348
007070,2023-09-13,20399,20655,20099,20399,277239,5638000000,122435348
007070,2023-09-14,20441,20655,20142,20313,522966,10650000000,122435348
007070,2023-09-15,20356,20869,20313,20826,557849,11548000000,122435348
007070,2023-09-18,20784,20997,20613,20698,350024,7284000000,122435348
007070,2023-09-19,20613,20784,20441,20655,188640,3893000000,122435348
007070,2023-09-20,20655,21126,20655,20826,349739,7310000000,122435348
007070,2023-09-21,20784,20955,20441,20527,306071,6330000000,122435348
007070,2023-09-22,20441,20527,19971,20099,306297,6167000000,122435348
007070,2023-09-25,20270,20784,20185,20441,229991,4704000000,122435348
007070,2023-09-26,20270,20441,19928,20142,202471,4072000000,122435348
007070,2023-09-27,19971,20399,19843,20228,163655,3295000000,122435348
007070,2023-10-04,20099,20142,19458,19757,268804,5302000000,122435348
007070,2023-10-05,19714,19843,19501,19543,184926,3633000000,122435348
007070,2023-10-06,19415,19672,19244,19330,121552,2355000000,122435348
007070,2023-10-10,19586,19629,19116,19244,131909,2553000000,122435348
007070,2023-10-11,19330,19714,19330,19501,154998,3027000000,122435348
007070,2023-10-12,19672,19800,19415,19714,232885,4575000000,122435348
007070,2023-10-13,19501,20313,19501,20099,254267,5118000000,122435348
007070,2023-10-16,20099,20313,19886,20099,229985,4618000000,122435348
007070,2023-10-17,20270,20399,19971,20057,93955,1888000000,122435348
007070,2023-10-18,19928,20099,19757,20014,250039,4994000000,122435348
007070,2023-10-19,19928,20399,19757,20185,200564,4038000000,122435348
007070,2023-10-20,20099,20228,19800,19971,196452,3939000000,122435348
007070,2023-10-23,20057,20356,19886,20142,174619,3517000000,122435348
007070,2023-10-24,20313,20313,19629,20014,193535,3852000000,122435348
007070,2023-10-25,19971,21254,19928,21040,588913,12295000000,122435348
007070,2023-10-26,20997,20997,20356,20399,279226,5742000000,122435348
007070,2023-10-27,20570,20826,20399,20613,148667,3064000000,122435348
007070,2023-10-30,20613,20997,20613,20826,167918,3493000000,122435348
007070,2023-10-31,20997,21040,20613,20784,140916,2928000000,122435348
007070,2023-11-01,21211,21211,20441,20613,352324,7264000000,122435348
007070,2023-11-02,20655,20784,20142,20313,350128,7159000000,122435348
007070,2023-11-03,20484,20912,20441,20826,1710464,34972000000,122435348
007070,2023-11-06,21040,21126,20826,21126,274426,5758000000,122435348
007070,2023-11-07,21083,21724,20955,21468,617784,13249000000,122435348
007070,2023-11-08,21853,22024,21511,21724,548202,11967000000,122435348
007070,2023-11-09,21724,21724,21468,21511,167309,3613000000,122435348
007070,2023-11-10,21382,21682,21297,21682,197096,4240000000,122435348
007070,2023-11-13,21810,21810,21040,21126,143127,3036000000,122435348
007070,2023-11-14,21297,21468,21168,21468,172322,3687000000,122435348
007070,2023-11-15,21639,21724,21126,21254,341870,7285000000,122435348
007070,2023-11-16,21340,21340,20955,21297,207412,4386000000,122435348
007070,2023-11-17,21297,21382,21126,21297,130837,2777000000,122435348
007070,2023-11-20,21297,21425,20826,21254,160383,3402000000,122435348
007070,2023-11-21,21425,21724,21340,21511,219675,4736000000,122435348
007070,2023-11-22,21382,21724,21382,21553,94976,2051000000,122435348
007070,2023-11-23,21553,21724,21382,21596,139699,3005000000,122435348
007070,2023-11-24,21468,21596,21297,21382,109727,2345000000,122435348
007070,2023-11-27,21468,21511,21382,21511,77574,1664000000,122435348
007070,2023-11-28,21596,21596,21254,21254,122483,2615000000,122435348
007070,2023-11-29,21254,21254,20570,20698,233198,4863000000,122435348
007070,2023-11-30,20613,20741,20142,20399,318528,6485000000,122435348
007070,2023-12-01,20399,20484,20228,20313,179715,3653000000,122435348
007070,2023-12-04,20356,20356,19928,19928,305036,6128000000,122435348
007070,2023-12-05,19928,20997,19928,20826,366520,7610000000,122435348
007070,2023-12-06,20955,20997,20441,20527,129951,2675000000,122435348
007070,2023-12-07,20356,20484,20185,20185,131240,2664000000,122435348
007070,2023-12-08,20399,20484,20228,20270,102774,2088000000,122435348
007070,2023-12-11,20399,20441,20099,20142,102396,2068000000,122435348
007070,2023-12-12,20270,20441,20228,20356,116865,2377000000,122435348
007070,2023-12-13,20356,20399,20057,20099,160922,3245000000,122435348
007070,2023-12-14,20270,20441,20014,20014,326488,6558000000,122435348
007070,2023-12-15,20099,20399,20057,20399,184928,3763000000,122435348
007070,2023-12-18,20313,20356,20142,20228,125782,2542000000,122435348
007070,2023-12-19,20228,20270,20014,20142,185002,3721000000,122435348
007070,2023-12-20,20185,20399,20099,20399,184927,3743000000,122435348
007070,2023-12-21,20270,20313,20099,20270,147709,2982000000,122435348
007070,2023-12-22,20313,20313,20142,20228,148544,3000000000,122435348
007070,2023-12-26,20313,20441,20228,20441,205177,4170000000,122435348
007070,2023-12-27,20270,20270,19543,19672,346094,6824000000,122435348
007070,2023-12-28,19800,19843,19586,19714,154145,3040000000,122435348
007070,2024-01-02,19757,20228,19757,20099,269840,5402000000,122435348
007070,2024-01-03,19928,20270,19886,19971,182411,3651000000,122435348
007070,2024-01-04,19928,20142,19928,20014,186742,3737000000,122435348
007070,2024-01-05,20014,20356,19928,20270,188080,3803000000,122435348
007070,2024-01-08,20356,20441,20014,20057,142490,2874000000,122435348
007070,2024-01-09,20313,20356,20014,20228,194376,3917000000,122435348
007070,2024-01-10,20270,20270,19971,20057,143662,2881000000,122435348
007070,2024-01-11,20142,20142,19159,19201,521452,10145000000,122435348
007070,2024-01-12,19330,19672,19201,19415,300059,5837000000,122435348
007070,2024-01-15,19287,19501,19201,19287,160062,3093000000,122435348
007070,2024-01-16,19030,19586,18987,19116,200605,3851000000,122435348
007070,2024-01-17,19159,19244,18816,18859,197932,3759000000,122435348
007070,2024-01-18,18945,19073,18474,18645,271099,5055000000,122435348
007070,2024-01-19,18688,18816,18517,18517,166902,3114000000,122435348
007070,2024-01-22,18645,18645,18260,18474,175003,3227000000,122435348
007070,2024-01-23,18432,18603,18389,18517,137576,2544000000,122435348
007070,2024-01-24,18517,18902,18517,18816,175531,3289000000,122435348
007070,2024-01-25,18945,18945,18474,18688,169950,3159000000,122435348
007070,2024-01-26,18560,18816,18517,18603,111448,2082000000,122435348
007070,2024-01-29,18688,19116,18603,18987,154785,2932000000,122435348
007070,2024-01-30,19244,19244,18987,19073,148420,2836000000,122435348
007070,2024-01-31,18945,19159,18816,19073,132962,2528000000,122435348
007070,2024-02-01,19073,19714,18945,19629,230223,4491000000,122435348
007070,2024-02-02,19757,19928,19501,19757,248417,4907000000,122435348
007070,2024-02-05,19757,19971,19501,19843,189640,3752000000,122435348
007070,2024-02-06,19629,19886,19244,19714,228280,4476000000,122435348
007070,2024-02-07,19971,20014,19372,19501,324836,6362000000,122435348
007070,2024-02-08,19458,19586,19201,19287,307488,5944000000,122435348
007070,2024-02-13,19458,19672,19244,19244,185667,3593000000,122435348
007070,2024-02-14,19073,19415,19073,19330,173635,3350000000,122435348
007070,2024-02-15,19501,19543,19244,19244,125416,2425000000,122435348
007070,2024-02-16,19415,19458,19159,19287,154689,2985000000,122435348
007070,2024-02-19,19330,19714,19330,19629,206711,4050000000,122435348
007070,2024-02-20,19672,19672,19372,19415,149002,2900000000,122435348
007070,2024-02-21,19586,19800,19458,19543,260127,5104000000,122435348
007070,2024-02-22,19714,19714,19372,19543,123770,2419000000,122435348
007070,2024-02-23,19543,19757,19287,19415,218512,4246000000,122435348
007070,2024-02-26,19501,19501,19073,19159,236798,4555000000,122435348
007070,2024-02-27,19287,19287,18902,18987,129374,2467000000,122435348
007070,2024-02-28,19159,19244,18902,19201,132330,2521000000,122435348
007070,2024-02-29,19073,19287,19073,19073,160447,3068000000,122435348
007070,2024-03-04,19287,19287,18945,18945,130229,2482000000,122435348
007070,2024-03-05,18816,18987,18645,18688,176274,3312000000,122435348
007070,2024-03-06,18688,18945,18645,18859,131147,2467000000,122435348
007070,2024-03-07,18816,18987,18603,18645,141962,2658000000,122435348
007070,2024-03-08,18774,18859,18474,18603,254074,4722000000,122435348
007070,2024-03-11,18603,18645,18389,18560,121309,2249000000,122435348
007070,2024-03-12,18731,18731,18303,18474,271773,5001000000,122435348
007070,2024-03-13,18603,18603,18346,18560,143335,2647000000,122435348
007070,2024-03-14,18560,18603,18432,18560,447145,8272000000,122435348
007070,2024-03-15,18560,18603,18346,18560,230024,4249000000,122435348
007070,2024-03-18,18645,18645,18004,18047,327861,5976000000,122435348
007070,2024-03-19,18047,18132,17747,17790,225943,4040000000,122435348
007070,2024-03-20,17876,18004,17705,17790,157963,2815000000,122435348
007070,2024-03-21,17918,18132,17790,17961,170949,3064000000,122435348
007070,2024-03-22,17876,18047,17747,17747,235808,4214000000,122435348
007070,2024-03-25,17747,17876,17619,17619,191424,3389000000,122435348
007070,2024-03-26,17705,17833,17491,17576,347321,6114000000,122435348
007070,2024-03-27,17491,17662,17320,17448,345402,6030000000,122435348
007070,2024-03-28,17491,17533,17362,17491,159097,2778000000,122435348
007070,2024-03-29,17533,17576,17320,17362,233866,4068000000,122435348
007070,2024-04-01,17448,17790,17277,17790,241765,4247000000,122435348
007070,2024-04-02,17619,17833,17491,17491,175265,3084000000,122435348
007070,2024-04-03,17448,17533,17234,17277,278750,4837000000,122435348
007070,2024-04-04,17362,17448,17106,17149,298132,5129000000,122435348
007070,2024-04-05,17106,17448,17106,17191,248111,4283000000,122435348
007070,2024-04-08,17191,17362,17191,17234,107517,1856000000,122435348
007070,2024-04-09,17320,17405,17097,17106,212734,3651000000,122435348
007070,2024-04-11,16943,17089,16781,16841,392697,6623000000,122435348
007070,2024-04-12,16815,16866,16259,16276,689338,11324000000,122435348
007070,2024-04-15,16259,16293,15934,15994,308667,4952000000,122435348
007070,2024-04-16,15908,15977,15695,15874,281481,4452000000,122435348
007070,2024-04-17,15883,16079,15831,15908,206079,3291000000,122435348
007070,2024-04-18,16088,16336,15934,16310,179085,2908000000,122435348
007070,2024-04-19,16268,16413,16105,16276,261488,4261000000,122435348
007070,2024-04-22,16456,16721,16293,16687,189303,3144000000,122435348
007070,2024-04-23,16695,16926,16635,16918,202889,3417000000,122435348
007070,2024-04-24,16918,16960,16627,16806,252112,4214000000,122435348
007070,2024-04-25,16644,16969,16644,16772,123850,2088000000,122435348
007070,2024-04-26,16806,16824,16661,16815,140304,2350000000,122435348
007070,2024-04-29,16969,17072,16815,17072,159939,2717000000,122435348
007070,2024-04-30,16883,17191,16875,17046,175764,3001000000,122435348
007070,2024-05-02,16943,17089,16943,17012,189746,3226000000,122435348
007070,2024-05-03,17055,17191,16986,17191,129275,2214000000,122435348
007070,2024-05-07,17277,17277,17106,17149,148243,2545000000,122435348
007070,2024-05-08,17149,17491,17097,17491,243805,4211000000,122435348
007070,2024-05-09,17448,17747,17277,17576,321470,5655000000,122435348
007070,2024-05-10,17662,18303,17533,18004,519885,9389000000,122435348
007070,2024-05-13,18132,18132,17619,17619,221066,3918000000,122435348
007070,2024-05-14,17662,17833,17533,17747,172870,3059000000,122435348
007070,2024-05-16,17790,17876,17320,17320,196186,3429000000,122435348
007070,2024-05-17,17320,17790,17320,17705,246096,4340000000,122435348
007070,2024-05-20,17833,17833,17277,17277,173177,3023000000,122435348
007070,2024-05-21,17149,17533,17106,17191,159100,2737000000,122435348
007070,2024-05-22,17149,17405,17037,17106,155717,2681000000,122435348
007070,2024-05-23,17063,17448,16986,17191,124396,2143000000,122435348
007070,2024-05-24,17080,17234,17029,17097,141475,2421000000,122435348
007070,2024-05-27,17106,17191,17063,17149,123909,2120000000,122435348
007070,2024-05-28,17072,17149,17029,17080,100904,1726000000,122435348
007070,2024-05-29,17020,17080,16653,16678,245406,4111000000,122435348
007070,2024-05-30,16593,16824,16524,16695,136968,2280000000,122435348
007070,2024-05-31,16841,17097,16695,16960,237432,4010000000,122435348
007070,2024-06-03,19030,19586,17790,19458,2285943,43085000000,122435348
007070,2024-06-04,19244,19928,18859,19287,816589,15835000000,122435348
007070,2024-06-05,19159,19586,18645,18688,413138,7836000000,122435348
007070,2024-06-07,18731,19287,18645,19030,453970,8655000000,122435348
007070,2024-06-10,18731,18945,18432,18474,307589,5747000000,122435348
007070,2024-06-11,18432,18816,18303,18645,176902,3290000000,122435348
007070,2024-06-12,18560,18987,18560,18902,179647,3392000000,122435348
007070,2024-06-13,18688,19073,18688,18945,341205,6447000000,122435348
007070,2024-06-14,18731,18987,18389,18945,234314,4376000000,122435348
007070,2024-06-17,18774,18987,18560,18731,193111,3626000000,122435348
007070,2024-06-18,18816,18816,18218,18303,241241,4439000000,122435348
007070,2024-06-19,18517,18517,18047,18260,136628,2487000000,122435348
007070,2024-06-20,18260,18603,18175,18389,144616,2660000000,122435348
007070,2024-06-21,18560,19030,18175,18175,607333,11223000000,122435348
007070,2024-06-24,18089,18517,17961,17961,119471,2172000000,122435348
007070,2024-06-25,18175,18517,18047,18303,179530,3283000000,122435348
007070,2024-06-26,18218,18389,18175,18218,127356,2324000000,122435348
007070,2024-06-27,18089,18218,17491,17747,291900,5186000000,122435348
007070,2024-06-28,17961,18047,17705,17833,148614,2644000000,122435348
007070,2024-07-01,17747,17833,17448,17705,148508,2610000000,122435348
007070,2024-07-02,17491,17576,17277,17362,133647,2328000000,122435348
007070,2024-07-03,17533,17533,17149,17234,216733,3751000000,122435348
007070,2024-07-04,17234,17405,17149,17362,131138,2266000000,122435348
007070,2024-07-05,17405,17491,17234,17277,192744,3338000000,122435348
007070,2024-07-08,17234,17320,17149,17234,85582,1475000000,122435348
007070,2024-07-09,17234,17662,17234,17448,208525,3640000000,122435348
007070,2024-07-10,17405,17833,17320,17662,206278,3629000000,122435348
007070,2024-07-11,17833,17833,17320,17533,263886,4620000000,122435348
007070,2024-07-12,17662,18346,17533,18004,348255,6266000000,122435348
007070,2024-07-15,18474,18517,18132,18132,204634,3741000000,122435348
007070,2024-07-16,18089,18260,17876,18004,107553,1942000000,122435348
007070,2024-07-17,18089,18346,17961,18175,193546,3515000000,122435348
007070,2024-07-18,18175,18474,18047,18432,228877,4195000000,122435348
007070,2024-07-19,18175,18432,18047,18175,117113,2130000000,122435348
007070,2024-07-22,18175,18260,17876,18047,154380,2785000000,122435348
007070,2024-07-23,18089,18175,17918,17961,151866,2735000000,122435348
007070,2024-07-24,17876,18132,17747,18089,140266,2513000000,122435348
007070,2024-07-25,18260,18474,18004,18260,222560,4076000000,122435348
007070,2024-07-26,18474,18560,18218,18260,193266,3542000000,122435348
007070,2024-07-29,18260,18260,18047,18132,169999,3084000000,122435348
007070,2024-07-30,18047,18218,17918,17918,160749,2901000000,122435348
007070,2024-07-31,17961,18260,17876,18132,160452,2899000000,122435348
007070,2024-08-01,17918,18560,17918,18389,206660,3788000000,122435348
007070,2024-08-02,18303,19372,18132,19201,1209344,23038000000,122435348
007070,2024-08-05,19372,19843,17790,18260,1249423,23801000000,122435348
007070,2024-08-06,19030,19201,18132,18474,371340,6877000000,122435348
007070,2024-08-07,18346,19586,18047,18346,757901,14273000000,122435348
007070,2024-08-08,18432,18517,17533,17747,425930,7625000000,122435348
007070,2024-08-09,17747,17876,17149,17320,503129,8747000000,122435348
007070,2024-08-12,17405,17662,17362,17619,194364,3410000000,122435348
007070,2024-08-13,17533,17961,17533,17876,197985,3521000000,122435348
007070,2024-08-14,18004,18004,17619,17918,117420,2089000000,122435348
007070,2024-08-16,18089,18132,17876,18004,126384,2275000000,122435348
007070,2024-08-19,18089,18218,17961,18218,100799,1823000000,122435348
007070,2024-08-20,18132,18132,17619,17619,227994,4047000000,122435348
007070,2024-08-21,17705,17876,17619,17876,215698,3823000000,122435348
007070,2024-08-22,17918,17918,17705,17876,91396,1627000000,122435348
007070,2024-08-23,17705,18132,17662,18047,137790,2474000000,122435348
007070,2024-08-26,18047,18089,17833,18047,124441,2237000000,122435348
007070,2024-08-27,18175,18902,18047,18774,374319,6950000000,122435348
007070,2024-08-28,18688,18945,18517,18603,171534,3207000000,122435348
007070,2024-08-29,18731,18816,18389,18816,154708,2891000000,122435348
007070,2024-08-30,18945,18945,18603,18859,220562,4140000000,122435348
007070,2024-09-02,18688,18774,18474,18474,116382,2162000000,122435348
007070,2024-09-03,18603,18945,18474,18902,226746,4262000000,122435348
007070,2024-09-04,18731,18731,18260,18303,149823,2757000000,122435348
007070,2024-09-05,18303,19458,18303,19287,533165,10238000000,122435348
007070,2024-09-06,19458,19458,18987,19287,251611,4849000000,122435348
007070,2024-09-09,18945,19201,18859,19201,113311,2163000000,122435348
007070,2024-09-10,19073,19201,18859,18987,55141,1050000000,122435348
007070,2024-09-11,19116,19287,18987,19244,153759,2952000000,122435348
007070,2024-09-12,19201,19415,18945,19244,281036,5385000000,122435348
007070,2024-09-13,19287,19458,19073,19330,125639,2414000000,122435348
007070,2024-09-19,19501,19543,18645,18774,190684,3601000000,122435348
007070,2024-09-20,18774,19030,18603,18902,211129,3979000000,122435348
007070,2024-09-23,19073,19073,18560,18603,127514,2379000000,122435348
007070,2024-09-24,18731,18987,18517,18945,121110,2269000000,122435348
007070,2024-09-25,19159,19201,18432,18432,248853,4636000000,122435348
007070,2024-09-26,18603,18774,18474,18731,176805,3291000000,122435348
007070,2024-09-27,18774,18859,18517,18603,145694,2722000000,122435348
007070,2024-09-30,18774,18902,18218,18260,158142,2911000000,122435348
007070,2024-10-02,18132,18260,17918,18004,176494,3183000000,122435348
007070,2024-10-04,18004,18047,17619,17705,166996,2964000000,122435348
007070,2024-10-07,17662,18047,17619,17790,91768,1638000000,122435348
007070,2024-10-08,17790,18004,17747,17790,135528,2422000000,122435348
007070,2024-10-10,18004,18175,17833,17961,158724,2854000000,122435348
007070,2024-10-11,18218,18432,17961,18389,137854,2515000000,122435348
007070,2024-10-14,18389,18517,18132,18432,97670,1790000000,122435348
007070,2024-10-15,18346,18432,18004,18218,117240,2135000000,122435348
007070,2024-10-16,18047,18303,17876,17961,162835,2938000000,122435348
007070,2024-10-17,18175,18303,18004,18089,67890,1231000000,122435348
007070,2024-10-18,18175,18260,18004,18218,58548,1063000000,122435348
007070,2024-10-21,18218,18303,17876,17876,100589,1812000000,122435348
007070,2024-10-22,17833,17961,17662,17705,84523,1499000000,122435348
007070,2024-10-23,17747,18218,17619,17961,93799,1686000000,122435348
007070,2024-10-24,17790,18132,17790,18047,48940,879000000,122435348
007070,2024-10-25,17961,18089,17149,17362,491631,8523000000,122435348
007070,2024-10-28,17405,17747,17277,17747,121305,2135000000,122435348
007070,2024-10-29,17747,17790,17491,17790,55480,978000000,122435348
007070,2024-10-30,17790,17833,17619,17790,101823,1804000000,122435348
007070,2024-10-31,17876,18474,17705,18474,271784,4946000000,122435348
007070,2024-11-01,18346,18560,18132,18303,230349,4228000000,122435348
007070,2024-11-04,18346,18774,18303,18560,156717,2904000000,122435348
007070,2024-11-05,18389,18987,18389,18432,253395,4713000000,122435348
007070,2024-11-06,18645,18731,18389,18474,135661,2518000000,122435348
007070,2024-11-07,18260,18517,18175,18474,184876,3388000000,122435348
007070,2024-11-08,18474,18474,17448,17790,686441,12133000000,122435348
007070,2024-11-11,17576,17747,17405,17448,115849,2028000000,122435348
007070,2024-11-12,17277,17619,17277,17448,179784,3140000000,122435348
007070,2024-11-13,17320,17533,17277,17362,172820,3003000000,122435348
007070,2024-11-14,17533,18132,17362,18132,184758,3285000000,122435348
007070,2024-11-15,18089,18089,17705,17790,94021,1673000000,122435348
007070,2024-11-18,17576,17961,17576,17918,68778,1223000000,122435348
007070,2024-11-19,17747,18004,17705,17876,86229,1540000000,122435348
007070,2024-11-20,17790,18260,17790,18175,146566,2647000000,122435348
007070,2024-11-21,18132,18945,18004,18517,382649,7146000000,122435348
007070,2024-11-22,18731,19372,18560,19330,314195,6010000000,122435348
007070,2024-11-25,19458,19672,19330,19586,320166,6255000000,122435348
007070,2024-11-26,19415,20099,19415,19757,464587,9237000000,122435348
007070,2024-11-27,19672,20057,19543,19800,728751,14447000000,122435348
007070,2024-11-28,19800,19800,19800,19800,0,0,122435348
007070,2024-11-29,19800,19800,19800,19800,0,0,122435348
007070,2024-12-02,19800,19800,19800,19800,0,0,122435348
007070,2024-12-03,19800,19800,19800,19800,0,0,122435348
007070,2024-12-04,19800,19800,19800,19800,0,0,122435348
007070,2024-12-05,19800,19800,19800,19800,0,0,122435348
007070,2024-12-06,19800,19800,19800,19800,0,0,122435348
007070,2024-12-09,19800,19800,19800,19800,0,0,122435348
007070,2024-12-10,19800,19800,19800,19800,0,0,122435348
007070,2024-12-11,19800,19800,19800,19800,0,0,122435348
007070,2024-12-12,19800,19800,19800,19800,0,0,122435348
007070,2024-12-13,19800,19800,19800,19800,0,0,122435348
007070,2024-12-16,19800,19800,19800,19800,0,0,122435348
007070,2024-12-17,19800,19800,19800,19800,0,0,122435348
007070,2024-12-18,19800,19800,19800,19800,0,0,122435348
007070,2024-12-19,19800,19800,19800,19800,0,0,122435348
007070,2024-12-20,19800,19800,19800,19800,0,0,122435348
007070,2024-12-23,19800,19800,16200,18970,1782158,31929000000,83607415
007070,2024-12-24,18890,19640,17860,18090,478621,8810000000,83607415
007070,2024-12-26,18120,18180,17110,17290,469501,8180000000,83607415
007070,2024-12-27,17210,17380,16710,16780,250207,4230000000,83607415
007070,2024-12-30,16810,16860,16250,16500,268555,4410000000,83607415
007070,2025-01-02,16660,17380,16600,17140,191446,3271000000,83607415
007070,2025-01-03,17250,17450,17160,17170,97679,1686000000,83607415
007070,2025-01-06,17200,17330,17140,17230,80820,1395000000,83607415
007070,2025-01-07,17320,17560,17200,17560,183210,3194000000,83607415
007070,2025-01-08,17450,17550,17170,17290,136564,2363000000,83607415
007070,2025-01-09,17210,17210,16880,17080,201470,3423000000,83607415
007070,2025-01-10,17000,17070,16920,16960,72962,1237000000,83607415
007070,2025-01-13,16930,16950,16610,16900,105524,1766000000,83607415
007070,2025-01-14,16900,16930,16600,16700,115152,1923000000,83607415
007070,2025-01-15,16680,16730,16020,16030,389800,6310000000,83607415
007070,2025-01-16,16150,16150,15840,15870,325262,5172000000,83607415
007070,2025-01-17,15910,16080,15760,15840,275945,4380000000,83607415
007070,2025-01-20,15870,15960,15670,15930,158668,2510000000,83607415
007070,2025-01-21,15980,16180,15820,16000,142304,2276000000,83607415
007070,2025-01-22,16110,16110,15790,15830,164090,2604000000,83607415
007070,2025-01-23,15870,15890,15600,15600,170323,2668000000,83607415
007070,2025-01-24,15620,15650,15230,15320,212519,3253000000,83607415
007070,2025-01-31,15460,15460,15140,15300,172879,2634000000,83607415
007070,2025-02-03,15140,15280,14780,14970,158711,2370000000,83607415
007070,2025-02-04,15020,15270,15020,15210,78619,1192000000,83607415
007070,2025-02-05,15270,15710,15210,15490,216300,3366000000,83607415
007070,2025-02-06,15480,15490,15020,15070,262254,3964000000,83607415
007070,2025-02-07,15070,15130,14900,14900,220542,3302000000,83607415
007070,2025-02-10,14900,15020,14830,14950,97439,1456000000,83607415
007070,2025-02-11,14960,15160,14960,15020,81270,1223000000,83607415
007070,2025-02-12,15150,15220,15020,15050,73931,1116000000,83607415
007070,2025-02-13,15130,15230,15030,15060,150819,2278000000,83607415
007070,2025-02-14,15110,15250,15040,15100,248755,3763000000,83607415
007070,2025-02-17,15190,15230,15040,15230,143056,2160000000,83607415
007070,2025-02-18,15160,15230,15080,15180,92840,1406000000,83607415
007070,2025-02-19,15140,15530,15090,15450,212801,3276000000,83607415
007070,2025-02-20,15360,15900,15330,15850,350565,5524000000,83607415
007070,2025-02-21,15860,16090,15740,15990,189154,3022000000,83607415
007070,2025-02-24,15870,16000,15730,15950,109399,1744000000,83607415
007070,2025-02-25,15790,16090,15720,15850,164225,2605000000,83607415
007070,2025-02-26,15970,15970,15600,15870,169499,2662000000,83607415
007070,2025-02-27,15530,15580,15310,15520,259242,3999000000,83607415
007070,2025-02-28,15380,15470,14980,14980,228805,3469000000,83607415
007070,2025-03-04,15000,15120,14750,14800,153576,2277000000,83607415
007070,2025-03-05,14800,15070,14740,14770,180355,2675000000,83607415
007070,2025-03-06,14790,15030,14770,14930,158900,2369000000,83607415
007070,2025-03-07,14930,15170,14810,14930,142077,2133000000,83607415
007070,2025-03-10,14930,15290,14840,15200,151831,2295000000,83607415
007070,2025-03-11,15100,15180,14950,15010,119847,1802000000,83607415
007070,2025-03-12,14950,15040,14760,14800,183698,2726000000,83607415
007070,2025-03-13,14800,14910,14750,14860,139459,2068000000,83607415
007070,2025-03-14,14860,14900,14730,14740,129654,1913000000,83607415
007070,2025-03-17,14800,14850,14670,14700,126691,1863000000,83607415
007070,2025-03-18,14760,14760,14540,14610,206837,3022000000,83607415
007070,2025-03-19,14610,14670,14560,14630,151612,2213000000,83607415
007070,2025-03-20,14680,14780,14640,14650,128353,1888000000,83607415
007070,2025-03-21,14650,15140,14620,15140,308305,4611000000,83607415
007070,2025-03-24,15170,15250,14870,15000,146637,2204000000,83607415
007070,2025-03-25,14920,15010,14720,14890,137244,2033000000,83607415
007070,2025-03-26,14910,14990,14840,14960,76382,1140000000,83607415
007070,2025-03-27,14900,14990,14800,14820,73442,1093000000,83607415
007070,2025-03-28,14900,14910,14640,14680,65808,967000000,83607415
007070,2025-03-31,14510,14690,14150,14260,202113,2884000000,83607415
007070,2025-04-01,14160,14370,13970,13990,283932,3994000000,83607415
007070,2025-04-02,13990,14040,13650,13700,249003,3420000000,83607415
007070,2025-04-03,13550,13640,13350,13550,176843,2389000000,83607415
007070,2025-04-04,13360,14570,13350,14540,354740,5012000000,83607415
007070,2025-04-07,14060,14280,13710,14140,294054,4150000000,83607415
007070,2025-04-08,14300,14410,14010,14320,162166,2306000000,83607415
007070,2025-04-09,14010,14190,13590,13930,123507,1719000000,83607415
007070,2025-04-10,14160,14230,13880,14210,276698,3880000000,83607415
007070,2025-04-11,14050,14200,13970,14170,128332,1808000000,83607415
007070,2025-04-14,14040,14300,14040,14230,121045,1719000000,83607415
007070,2025-04-15,14110,14420,14110,14250,132173,1890000000,83607415
007070,2025-04-16,14200,14250,14050,14240,126727,1792000000,83607415
007070,2025-04-17,14230,14280,14120,14210,69034,982000000,83607415
007070,2025-04-18,14220,14220,14060,14090,97934,1381000000,83607415
007070,2025-04-21,14100,14110,13850,14000,146814,2046000000,83607415
007070,2025-04-22,14000,14080,13930,13960,122624,1715000000,83607415
007070,2025-04-23,14010,14470,14000,14390,189113,2701000000,83607415
007070,2025-04-24,14350,14450,14250,14300,80019,1145000000,83607415
007070,2025-04-25,14330,14530,14310,14480,131317,1901000000,83607415
007070,2025-04-28,14480,14650,14380,14550,84634,1233000000,83607415
007070,2025-04-29,14460,14630,14460,14610,101378,1476000000,83607415
007070,2025-04-30,14560,14860,14510,14800,163436,2407000000,83607415
007070,2025-05-02,14660,14800,14400,14630,92950,1356000000,83607415
007070,2025-05-07,14760,14960,14580,14810,233887,3472000000,83607415
007070,2025-05-08,14750,14910,14690,14760,138649,2050000000,83607415
007070,2025-05-09,14660,14780,14000,14050,407776,5795000000,83607415
007070,2025-05-12,14190,14500,13980,14420,245368,3507000000,83607415
007070,2025-05-13,14280,14460,14170,14170,121248,1732000000,83607415
007070,2025-05-14,14230,14350,14140,14230,74808,1066000000,83607415
007070,2025-05-15,14170,14340,14100,14100,72994,1032000000,83607415
007070,2025-05-16,14190,14200,13840,13860,132970,1851000000,83607415
007070,2025-05-19,13860,13990,13720,13810,133274,1838000000,83607415
007070,2025-05-20,13900,13950,13760,13910,122454,1696000000,83607415
007070,2025-05-21,13910,13910,13600,13620,213619,2937000000,83607415
007070,2025-05-22,13610,13840,13540,13630,106723,1460000000,83607415
007070,2025-05-23,13600,13740,13555,13700,65278,892000000,83607415
007070,2025-05-26,13760,14340,13710,14300,208330,2939000000,83607415
007070,2025-05-27,14190,14900,14160,14800,299458,4382000000,83607415
007070,2025-05-28,14750,15260,14660,15220,391216,5916000000,83607415
007070,2025-05-29,15220,15280,15080,15230,183621,2791000000,83607415
007070,2025-05-30,15270,15650,15240,15340,275605,4245000000,83607415
007070,2025-06-02,15160,15330,14750,14950,169002,2521000000,83607415
007070,2025-06-04,14980,15590,14980,15390,252316,3890000000,83607415
007070,2025-06-05,15240,15600,15240,15540,195614,3034000000,83607415
007070,2025-06-09,15660,17710,15650,17650,1377083,23561000000,83607415
007070,2025-06-10,17710,17750,17190,17630,535870,9356000000,83607415
007070,2025-06-11,17470,17550,16960,17080,419108,7206000000,83607415
007070,2025-06-12,17080,17340,16950,17170,410814,7040000000,83607415
007070,2025-06-13,17270,17270,16120,16290,437006,7166000000,83607415
007070,2025-06-16,16510,16590,16120,16310,309265,5029000000,83607415
007070,2025-06-17,16440,16460,16190,16270,339650,5525000000,83607415
007070,2025-06-18,16110,16860,16050,16440,326314,5411000000,83607415
007070,2025-06-19,16600,16950,16400,16500,249913,4150000000,83607415
007070,2025-06-20,16890,17380,16750,16990,515677,8803000000,83607415
007070,2025-06-23,16970,17040,16690,16960,219222,3704000000,83607415
007070,2025-06-24,17300,17310,16970,17040,240696,4107000000,83607415
007070,2025-06-25,17050,17080,16800,16810,199992,3381000000,83607415
007070,2025-06-26,16980,16980,16450,16670,142826,2372000000,83607415
007070,2025-06-27,16680,16710,16440,16610,144163,2394000000,83607415
007070,2025-06-30,16610,16890,16550,16650,186518,3103000000,83607415
007070,2025-07-01,16650,17220,16520,17090,277083,4707000000,83607415
007070,2025-07-02,17100,17400,16920,17320,182109,3130000000,83607415
007070,2025-07-03,17350,17500,17070,17360,270596,4673000000,83607415
007070,2025-07-04,17360,17390,16800,16990,160571,2733000000,83607415
007070,2025-07-07,17470,17530,17100,17230,215068,3730000000,83607415
007070,2025-07-08,17320,17330,16950,17160,206389,3528000000,83607415
007070,2025-07-09,17110,17600,17060,17380,199610,3469000000,83607415
007070,2025-07-10,17360,17450,17220,17430,183588,3183000000,83607415
007070,2025-07-11,17350,17580,17150,17440,276179,4801000000,83607415
007070,2025-07-14,17580,18390,17520,18260,546351,9924000000,83607415
007070,2025-07-15,18400,18400,17820,17910,214761,3851000000,83607415
007070,2025-07-16,17820,17910,17390,17390,158782,2778000000,83607415
007070,2025-07-17,17560,17560,17250,17470,110866,1928000000,83607415
007070,2025-07-18,17520,17580,17370,17550,97412,1701000000,83607415
007070,2025-07-21,17670,17800,17270,17540,203326,3562000000,83607415
007070,2025-07-22,17550,17640,17240,17370,173910,3020000000,83607415
007070,2025-07-23,17510,17510,16690,16870,251680,4245000000,83607415
007070,2025-07-24,17050,17270,16760,16770,150388,2536000000,83607415
007070,2025-07-25,16700,16860,16690,16790,58989,989000000,83607415
007070,2025-07-28,16840,16890,16300,16460,182990,3005000000,83607415
007070,2025-07-29,16350,16470,16210,16340,101167,1652000000,83607415
007070,2025-07-30,16280,16530,16270,16370,88559,1449000000,83607415
007070,2025-07-31,16310,16500,16300,16310,102298,1675000000,83607415
007070,2025-08-01,16200,16300,15700,15700,194991,3094000000,83607415
007070,2025-08-04,15620,16290,15610,16110,132810,2141000000,83607415
007070,2025-08-05,16120,16230,15900,16080,116476,1869000000,83607415
007070,2025-08-06,15990,16300,15990,16230,153175,2476000000,83607415
007070,2025-08-07,16180,16390,16130,16390,103114,1677000000,83607415
007070,2025-08-08,16360,17720,16330,17200,627826,10859000000,83607415
007070,2025-08-11,17140,17320,17000,17030,105825,1811000000,83607415
007070,2025-08-12,16980,17140,16860,16860,155845,2648000000,83607415
007070,2025-08-13,16820,17070,16660,16800,165691,2778000000,83607415
007070,2025-08-14,16660,16880,16610,16640,177555,2961000000,83607415
007070,2025-08-18,16640,17000,16500,16650,162644,2723000000,83607415
007070,2025-08-19,16740,16880,16500,16730,165985,2765000000,83607415
007070,2025-08-20,16740,16740,16110,16600,179624,2933000000,83607415
007070,2025-08-21,16630,16780,16540,16660,76406,1275000000,83607415
007070,2025-08-22,16600,16770,16350,16430,102710,1689000000,83607415
007070,2025-08-25,16350,16520,16350,16500,54018,887000000,83607415
007070,2025-08-26,16370,16510,16260,16260,148498,2422000000,83607415
007070,2025-08-27,16390,16470,16220,16450,86991,1425000000,83607415
007070,2025-08-28,16360,16550,16140,16400,144749,2361000000,83607415
007070,2025-08-29,16490,16490,16110,16210,110959,1799000000,83607415
007070,2025-09-01,16200,16470,15980,16430,195476,3187000000,83607415
007070,2025-09-02,16280,16490,16220,16230,78576,1282000000,83607415
007070,2025-09-03,16110,16420,16110,16290,66349,1084000000,83607415
007070,2025-09-04,16150,16610,16150,16500,90835,1497000000,83607415
007070,2025-09-05,16450,16620,16420,16520,112616,1858000000,83607415
007070,2025-09-08,16500,16620,16490,16550,47991,794000000,83607415
007070,2025-09-09,16640,16700,16290,16400,80838,1327000000,83607415
007070,2025-09-10,16320,16710,16320,16560,135501,2243000000,83607415
007070,2025-09-11,16510,16640,16300,16380,121639,1995000000,83607415
007070,2025-09-12,16500,16680,16410,16660,102778,1701000000,83607415
007070,2025-09-15,16520,16880,16520,16710,105174,1759000000,83607415
007070,2025-09-16,16740,16930,16570,16570,64456,1077000000,83607415
007070,2025-09-17,16550,16580,16350,16480,71309,1176000000,83607415
007070,2025-09-18,16450,16830,16450,16740,111402,1862000000,83607415
007070,2025-09-19,16710,16990,16470,16610,142918,2374000000,83607415
007070,2025-09-22,16800,17300,16750,17100,323003,5535000000,83607415
007070,2025-09-23,17000,17050,16790,16860,110571,1869000000,83607415
007070,2025-09-24,17030,17070,16710,16770,75904,1274000000,83607415
007070,2025-09-25,16730,16730,16400,16640,116019,1920000000,83607415
007070,2025-09-26,16480,16590,16340,16370,117840,1936000000,83607415
007070,2025-09-29,16460,16640,16400,16550,93068,1539000000,83607415
007070,2025-09-30,16460,16750,16390,16650,115329,1917000000,83607415
007070,2025-10-01,16700,17790,16680,17680,461859,8084000000,83607415
007070,2025-10-02,17680,17870,17310,17340,197466,3448000000,83607415
007070,2025-10-10,16960,17140,16350,16520,217215,3609000000,83607415
007070,2025-10-13,16210,16410,16080,16150,166261,2691000000,83607415
007070,2025-10-14,16040,16380,15950,16220,216768,3516000000,83607415
007070,2025-10-15,16220,16730,16220,16390,176301,2908000000,83607415
007070,2025-10-16,16340,16850,16340,16600,164229,2712000000,83607415
007070,2025-10-17,16480,16740,16410,16550,133471,2217000000,83607415
007070,2025-10-20,16550,16920,16360,16850,173735,2904000000,83607415
007070,2025-10-21,16740,16920,16640,16820,129500,2172000000,83607415
007070,2025-10-22,16820,17650,16700,17580,326997,5670000000,83607415
007070,2025-10-23,17440,17660,17250,17250,111175,1940000000,83607415
007070,2025-10-24,17460,17630,17280,17400,153475,2680000000,83607415
007070,2025-10-27,17250,17560,17160,17470,147472,2565000000,83607415
007070,2025-10-28,17400,18660,17400,18430,640206,11698000000,83607415
007070,2025-10-29,18500,18520,17850,17950,175149,3177000000,83607415
007070,2025-10-30,17980,18100,17800,17880,132434,2375000000,83607415
007070,2025-10-31,17880,18140,17690,17730,109362,1950000000,83607415
007070,2025-11-03,17730,17840,17540,17690,112000,1975000000,83607415
007070,2025-11-04,17520,18250,17510,17900,153866,2758000000,83607415
007070,2025-11-05,18100,18150,17540,17930,171888,3072000000,83607415
007070,2025-11-06,18310,18790,17680,18490,461302,8531000000,83607415
007070,2025-11-07,18980,20300,18860,20150,1095640,21771000000,83607415
007070,2025-11-10,19870,20950,19770,20750,471971,9744000000,83607415
007070,2025-11-11,20400,21200,20400,20950,318313,6651000000,83607415
007070,2025-11-12,20850,21600,20600,21550,288000,6147000000,83607415
007070,2025-11-13,21350,21750,21350,21700,217189,4699000000,83607415
007070,2025-11-14,21550,22200,21250,21950,349841,7647000000,83607415
007070,2025-11-17,21800,22200,21550,22050,196687,4319000000,83607415
007070,2025-11-18,21900,22450,21500,21600,223958,4911000000,83607415
007070,2025-11-19,21800,22100,21200,22050,248259,5419000000,83607415
007070,2025-11-20,22350,22550,21700,22300,190521,4251000000,83607415
007070,2025-11-21,22400,22750,21800,22500,239621,5369000000,83607415
007070,2025-11-24,22700,22850,21900,21900,210104,4676000000,83607415
007070,2025-11-25,21950,22150,21700,21900,133480,2921000000,83607415
007070,2025-11-26,22000,22000,20850,21750,212766,4615000000,83607415
007070,2025-11-27,21600,21750,21000,21350,125164,2672000000,83607415
007070,2025-11-28,21500,21700,21200,21550,112405,2418000000,83607415
007070,2025-12-01,21550,22100,21500,21850,155845,3410000000,83607415
007070,2025-12-02,21950,22650,21750,22600,286477,6395000000,83607415
007070,2025-12-03,22900,23200,22300,22850,260528,5913000000,83607415
007070,2025-12-04,22700,22850,22150,22400,202298,4519000000,83607415
007070,2025-12-05,22200,22600,22100,22400,156883,3519000000,83607415
007070,2025-12-08,22450,22500,22000,22350,164940,3677000000,83607415
007070,2025-12-09,22400,22850,22100,22750,222827,5038000000,83607415
007070,2025-12-10,22650,22650,22050,22250,169043,3762000000,83607415
007070,2025-12-11,22450,22600,21800,21900,206513,4553000000,83607415
007070,2025-12-12,22100,22400,21800,21950,98724,2166000000,83607415
007070,2025-12-15,22000,22750,21550,22300,143733,3224000000,83607415
007070,2025-12-16,22400,22700,22200,22300,126235,2823000000,83607415
007070,2025-12-17,22450,22550,22150,22250,78886,1760000000,83607415
007070,2025-12-18,22350,22350,21800,21850,63270,1392000000,83607415
007070,2025-12-19,22300,22300,21450,21750,144337,3132000000,83607415
007070,2025-12-22,22000,22000,21550,21700,86356,1874000000,83607415
007070,2025-12-23,21900,21950,21300,21500,107981,2327000000,83607415
007070,2025-12-24,21550,21750,21300,21450,49179,1056000000,83607415
007070,2025-12-26,21500,21500,20700,20750,120948,2529000000,83607415
007070,2025-12-29,20300,20700,19970,20150,138368,2793000000,83607415
007070,2025-12-30,20000,20200,19840,20100,94545,1894000000,83607415
