ticker,trade_date,trade_time,open_price,high_price,low_price,close_price,volume,turnover,bid_size_total,ask_size_total
251270,2026-01-02,10:05:00,48550,49000,48450,48700,6172,300470000,3042,3130
251270,2026-01-02,10:10:00,48700,48800,48650,48750,1317,64150000,584,733
251270,2026-01-02,10:15:00,48700,49050,48600,48700,5747,280840000,4135,1612
251270,2026-01-02,10:20:00,48650,48950,48550,48900,6346,309540000,4431,1915
251270,2026-01-02,10:25:00,48900,49700,48850,49600,8262,407010000,5743,2519
251270,2026-01-02,10:30:00,49550,49850,49450,49750,6028,299320000,4495,1533
251270,2026-01-02,10:35:00,49800,49800,49300,49400,5630,279270000,1713,3917
251270,2026-01-02,10:40:00,49450,49500,49200,49300,2558,126260000,1068,1490
251270,2026-01-02,10:45:00,49300,49350,49150,49200,3676,180870000,1929,1747
251270,2026-01-02,10:50:00,49100,49350,49100,49250,2967,145980000,1475,1492
251270,2026-01-02,10:55:00,49250,49550,49250,49450,3326,164390000,2140,1186
251270,2026-01-02,11:00:00,49500,49500,49250,49250,2275,112350000,807,1468
251270,2026-01-02,11:05:00,49300,49450,49150,49250,8511,419260000,4034,4477
251270,2026-01-02,11:10:00,49200,49350,49050,49200,4938,242860000,2737,2201
251270,2026-01-02,11:15:00,49200,49450,49150,49450,3251,160220000,3003,248
251270,2026-01-02,11:20:00,49400,49450,49300,49450,2268,111960000,833,1435
251270,2026-01-02,11:25:00,49400,49450,49250,49300,8735,430740000,5206,3529
251270,2026-01-02,11:30:00,49350,49500,49300,49500,6443,318220000,5357,1086
251270,2026-01-02,11:35:00,49500,49650,49400,49500,8629,427120000,6334,2295
251270,2026-01-02,11:40:00,49450,49650,49400,49400,5518,272910000,3250,2268
251270,2026-01-02,11:45:00,49400,49550,49350,49550,4082,201840000,2920,1162
251270,2026-01-02,11:50:00,49500,49600,49400,49500,5828,288610000,3508,2320
251270,2026-01-02,11:55:00,49550,49750,49400,49750,8880,440260000,6641,2239
251270,2026-01-02,12:00:00,49700,49800,49550,49700,6340,314680000,2514,3826
251270,2026-01-02,12:05:00,49650,49700,49550,49550,3656,181420000,1791,1865
251270,2026-01-02,12:10:00,49650,49800,49600,49750,8669,430800000,6443,2226
251270,2026-01-02,12:15:00,49800,49800,49550,49700,5375,266730000,1855,3520
251270,2026-01-02,12:20:00,49600,50000,49550,49900,6127,305380000,4727,1400
251270,2026-01-02,12:25:00,49900,49950,49800,49850,3002,149770000,1469,1533
251270,2026-01-02,12:30:00,49850,49850,49725,49850,2249,112010000,1276,973
251270,2026-01-02,12:35:00,49800,49900,49750,49900,1418,70620000,756,662
251270,2026-01-02,12:40:00,49850,49950,49750,49750,2791,139090000,2030,761
251270,2026-01-02,12:45:00,49800,49900,49700,49850,1976,98330000,1371,605
251270,2026-01-02,12:50:00,49800,49900,49750,49800,1300,64780000,815,485
251270,2026-01-02,12:55:00,49800,49850,49750,49850,1422,70840000,1173,249
251270,2026-01-02,13:00:00,49850,49850,49750,49800,2032,101230000,1822,210
251270,2026-01-02,13:05:00,49750,49850,49650,49700,1654,82320000,538,1116
251270,2026-01-02,13:10:00,49650,49650,49550,49600,1589,78870000,100,1489
251270,2026-01-02,13:15:00,49600,49600,49500,49600,1354,67110000,289,1065
251270,2026-01-02,13:20:00,49600,49650,49500,49550,477,23650000,60,417
251270,2026-01-02,13:25:00,49600,49600,49550,49600,290,14380000,204,86
251270,2026-01-02,13:30:00,49550,49750,49500,49600,5566,276120000,3855,1711
251270,2026-01-02,13:35:00,49700,49850,49550,49700,9993,496300000,8464,1529
251270,2026-01-02,13:40:00,49750,49900,49600,49650,6594,328200000,5242,1352
251270,2026-01-02,13:45:00,49750,49900,49650,49850,6101,304100000,5295,806
251270,2026-01-02,13:50:00,49850,50000,49750,49850,5161,257530000,4485,676
251270,2026-01-02,13:55:00,49900,50000,49700,49900,6225,310630000,5101,1124
251270,2026-01-02,14:00:00,49800,49950,49650,49650,4066,202710000,2741,1325
251270,2026-01-02,14:05:00,49650,49800,49600,49750,1208,60000000,542,666
251270,2026-01-02,14:10:00,49750,49850,49650,49700,2623,130330000,625,1998
251270,2026-01-02,14:15:00,49700,49800,49650,49750,1129,56140000,376,753
251270,2026-01-02,14:20:00,49750,49800,49650,49800,2089,103860000,880,1209
251270,2026-01-02,14:25:00,49700,49800,49650,49750,1507,74920000,639,868
251270,2026-01-02,14:30:00,49750,49750,49600,49650,1668,82780000,309,1359
251270,2026-01-02,14:35:00,49650,49700,49550,49700,1593,79080000,951,642
251270,2026-01-02,14:40:00,49650,49750,49600,49600,726,36060000,335,391
251270,2026-01-02,14:45:00,49650,49700,49600,49700,583,28950000,341,242
251270,2026-01-02,14:50:00,49700,49700,49600,49650,1132,56220000,589,543
251270,2026-01-02,14:55:00,49600,49700,49600,49600,617,30640000,274,343
251270,2026-01-02,15:00:00,49600,49700,49500,49550,2568,127290000,566,2002
251270,2026-01-02,15:05:00,49550,49650,49500,49550,1635,81050000,844,791
251270,2026-01-02,15:10:00,49550,49650,49500,49550,2532,125470000,603,1929
251270,2026-01-02,15:15:00,49500,49550,49450,49500,2898,143430000,377,2521
251270,2026-01-02,15:20:00,49500,49700,49400,49600,3635,180030000,2339,1296
251270,2026-01-02,15:30:00,49550,49550,49550,49550,6175,305970000,6175,0
251270,2026-01-05,09:05:00,50200,50600,50050,50100,7064,355250000,4490,2574
251270,2026-01-05,09:10:00,50100,50100,49600,49700,5538,276220000,1407,4131
251270,2026-01-05,09:15:00,49700,49850,49200,49250,7008,346860000,2671,4337
251270,2026-01-05,09:20:00,49250,49450,49200,49350,5401,266310000,3627,1774
251270,2026-01-05,09:25:00,49450,49550,49250,49300,4469,220820000,2892,1577
251270,2026-01-05,09:30:00,49300,49300,49100,49100,4886,240250000,1829,3057
251270,2026-01-05,09:35:00,49100,49150,48900,48950,5580,273490000,1787,3793
251270,2026-01-05,09:40:00,48950,49150,48900,48900,4509,220780000,1382,3127
251270,2026-01-05,09:45:00,48950,49000,48900,48950,1667,81580000,638,1029
251270,2026-01-05,09:50:00,48950,49450,48950,49150,2928,144100000,2050,878
251270,2026-01-05,09:55:00,49150,49200,49100,49150,764,37540000,302,462
251270,2026-01-05,10:00:00,49100,49250,49100,49150,1044,51330000,283,761
251270,2026-01-05,10:05:00,49200,49350,49150,49150,3200,157510000,1131,2069
251270,2026-01-05,10:10:00,49200,49250,49000,49000,2075,101890000,429,1646
251270,2026-01-05,10:15:00,49050,49050,48950,48950,2095,102640000,488,1607
251270,2026-01-05,10:20:00,48950,49050,48850,49000,4943,241810000,2215,2728
251270,2026-01-05,10:25:00,48950,49150,48950,49050,1211,59360000,616,595
251270,2026-01-05,10:30:00,49000,49200,48950,49150,557,27330000,267,290
251270,2026-01-05,10:35:00,49150,49150,49000,49150,979,48030000,303,676
251270,2026-01-05,10:40:00,49150,49250,49100,49200,554,27240000,396,158
251270,2026-01-05,10:45:00,49200,49350,49200,49250,1390,68460000,475,915
251270,2026-01-05,10:50:00,49200,49250,49150,49250,996,49010000,246,750
251270,2026-01-05,10:55:00,49200,49300,49200,49250,603,29700000,323,280
251270,2026-01-05,11:00:00,49250,49300,49250,49250,886,43650000,256,630
251270,2026-01-05,11:05:00,49250,49300,49200,49250,520,25610000,189,331
251270,2026-01-05,11:10:00,49250,49300,49250,49250,1069,52660000,186,883
251270,2026-01-05,11:15:00,49250,49350,49200,49250,1882,92720000,789,1093
251270,2026-01-05,11:20:00,49250,49250,49200,49200,575,28290000,80,495
251270,2026-01-05,11:25:00,49200,49250,49200,49200,585,28800000,183,402
251270,2026-01-05,11:30:00,49200,49200,49150,49150,1160,57050000,28,1132
251270,2026-01-05,11:35:00,49150,49300,49150,49200,871,42860000,438,433
251270,2026-01-05,11:40:00,49150,49350,49150,49250,894,44090000,786,108
251270,2026-01-05,11:45:00,49250,49300,49250,49250,813,40070000,381,432
251270,2026-01-05,11:50:00,49250,49300,49250,49250,1606,79110000,967,639
251270,2026-01-05,11:55:00,49250,49300,49200,49200,879,43290000,34,845
251270,2026-01-05,12:00:00,49200,49300,49200,49250,1208,59510000,1067,141
251270,2026-01-05,12:05:00,49250,49250,49200,49200,442,21750000,51,391
251270,2026-01-05,12:10:00,49200,49250,49150,49200,1590,78230000,83,1507
251270,2026-01-05,12:15:00,49200,49250,49150,49150,641,31540000,176,465
251270,2026-01-05,12:20:00,49150,49200,49150,49200,582,28630000,436,146
251270,2026-01-05,12:25:00,49150,49250,49150,49150,1887,92810000,583,1304
251270,2026-01-05,12:30:00,49150,49200,49150,49150,505,24830000,115,390
251270,2026-01-05,12:35:00,49150,49250,49100,49100,2158,106080000,319,1839
251270,2026-01-05,12:40:00,49100,49150,49050,49100,2443,119980000,505,1938
251270,2026-01-05,12:45:00,49150,49300,49050,49050,1167,57340000,484,683
251270,2026-01-05,12:50:00,49050,49100,48950,48950,5512,270150000,1019,4493
251270,2026-01-05,12:55:00,49000,49000,48900,48950,2249,110090000,674,1575
251270,2026-01-05,13:00:00,48950,49000,48900,48950,1397,68380000,362,1035
251270,2026-01-05,13:05:00,48950,49000,48850,48850,2797,136790000,1268,1529
251270,2026-01-05,13:10:00,48850,49000,48850,48950,1082,52930000,767,315
251270,2026-01-05,13:15:00,48950,49000,48900,49000,922,45150000,616,306
251270,2026-01-05,13:20:00,49000,49050,48900,49000,1739,85150000,348,1391
251270,2026-01-05,13:25:00,49000,49050,48950,49000,809,39630000,321,488
251270,2026-01-05,13:30:00,49050,49150,49000,49050,1586,77820000,742,844
251270,2026-01-05,13:35:00,49000,49150,49000,49000,1400,68690000,501,899
251270,2026-01-05,13:40:00,49050,49150,49000,49050,1163,57090000,696,467
251270,2026-01-05,13:45:00,49050,49150,49050,49050,932,45750000,417,515
251270,2026-01-05,13:50:00,49050,49250,49050,49150,1521,74830000,868,653
251270,2026-01-05,13:55:00,49200,49300,49200,49250,982,48350000,648,334
251270,2026-01-05,14:00:00,49200,49300,49150,49200,1753,86270000,707,1046
251270,2026-01-05,14:05:00,49200,49300,49150,49200,1340,65910000,413,927
251270,2026-01-05,14:10:00,49150,49300,49150,49250,989,48690000,685,304
251270,2026-01-05,14:15:00,49200,49300,49200,49250,2799,137840000,800,1999
251270,2026-01-05,14:20:00,49200,49300,49200,49300,1646,81060000,1147,499
251270,2026-01-05,14:25:00,49250,49300,49150,49150,1921,94580000,492,1429
251270,2026-01-05,14:30:00,49150,49200,49150,49200,536,26350000,268,268
251270,2026-01-05,14:35:00,49150,49200,49050,49100,3394,166720000,964,2430
251270,2026-01-05,14:40:00,49100,49150,49000,49000,2090,102550000,280,1810
251270,2026-01-05,14:45:00,49000,49050,49000,49050,989,48480000,360,629
251270,2026-01-05,14:50:00,49000,49050,48950,48950,1411,69140000,530,881
251270,2026-01-05,14:55:00,49000,49100,48950,48950,1667,81680000,1304,363
251270,2026-01-05,15:00:00,48950,49100,48950,49000,1400,68670000,432,968
251270,2026-01-05,15:05:00,49000,49150,49000,49050,771,37830000,367,404
251270,2026-01-05,15:10:00,49050,49150,49050,49050,1729,84880000,543,1186
251270,2026-01-05,15:15:00,49050,49300,49050,49200,3114,153160000,2113,1001
251270,2026-01-05,15:20:00,49200,49250,49100,49200,954,46900000,542,412
251270,2026-01-05,15:30:00,49200,49200,49200,49200,7962,391730000,7962,0
251270,2026-01-06,09:05:00,49450,49650,49300,49550,1718,85030000,842,876
251270,2026-01-06,09:10:00,49550,49700,49350,49600,1977,97960000,1239,738
251270,2026-01-06,09:15:00,49650,49800,49350,49500,1603,79420000,609,994
251270,2026-01-06,09:20:00,49500,49700,49500,49550,2953,146430000,1856,1097
251270,2026-01-06,09:25:00,49550,49800,49400,49750,3754,186040000,2633,1121
251270,2026-01-06,09:30:00,49800,49800,49600,49650,1269,63070000,653,616
251270,2026-01-06,09:35:00,49600,49700,49450,49600,2421,119990000,1513,908
251270,2026-01-06,09:40:00,49600,49700,49550,49650,1102,54730000,857,245
251270,2026-01-06,09:45:00,49650,49950,49650,49950,2537,126330000,1916,621
251270,2026-01-06,09:50:00,49800,50000,49800,49950,1615,80640000,953,662
251270,2026-01-06,09:55:00,49950,50000,49900,49950,1128,56340000,728,400
251270,2026-01-06,10:00:00,49900,49950,49750,49750,1817,90600000,557,1260
251270,2026-01-06,10:05:00,49750,49850,49700,49750,930,46280000,379,551
251270,2026-01-06,10:10:00,49750,49750,49600,49650,1239,61540000,329,910
251270,2026-01-06,10:15:00,49650,49750,49600,49650,1221,60640000,648,573
251270,2026-01-06,10:20:00,49700,49750,49650,49700,928,46100000,545,383
251270,2026-01-06,10:25:00,49700,49700,49450,49550,4682,232150000,651,4031
251270,2026-01-06,10:30:00,49550,49650,49500,49550,818,40540000,374,444
251270,2026-01-06,10:35:00,49550,49600,49500,49600,790,39180000,616,174
251270,2026-01-06,10:40:00,49600,49650,49500,49650,1156,57320000,760,396
251270,2026-01-06,10:45:00,49650,49800,49600,49750,855,42500000,675,180
251270,2026-01-06,10:50:00,49800,49850,49700,49850,1341,66730000,748,593
251270,2026-01-06,10:55:00,49800,49900,49700,49800,1103,54940000,588,515
251270,2026-01-06,11:00:00,49850,49900,49750,49850,1495,74530000,790,705
251270,2026-01-06,11:05:00,49850,49900,49750,49800,826,41150000,527,299
251270,2026-01-06,11:10:00,49800,49850,49750,49850,544,27090000,199,345
251270,2026-01-06,11:15:00,49850,50000,49800,49950,2186,109080000,1760,426
251270,2026-01-06,11:20:00,49950,50000,49900,49900,1395,69650000,301,1094
251270,2026-01-06,11:25:00,49900,50000,49900,49950,867,43280000,333,534
251270,2026-01-06,11:30:00,49950,49950,49900,49950,657,32790000,207,450
251270,2026-01-06,11:35:00,49900,49950,49800,49800,622,31000000,245,377
251270,2026-01-06,11:40:00,49800,49850,49750,49800,1322,65840000,898,424
251270,2026-01-06,11:45:00,49850,49900,49800,49900,734,36600000,551,183
251270,2026-01-06,11:50:00,49900,49900,49800,49900,762,38000000,380,382
251270,2026-01-06,11:55:00,49900,49950,49850,49900,1049,52330000,410,639
251270,2026-01-06,12:00:00,49900,49950,49850,49950,759,37880000,368,391
251270,2026-01-06,12:05:00,49900,49900,49750,49750,632,31490000,130,502
251270,2026-01-06,12:10:00,49800,49800,49700,49700,1204,59910000,398,806
251270,2026-01-06,12:15:00,49700,49750,49650,49750,1335,66380000,791,544
251270,2026-01-06,12:20:00,49750,49750,49700,49700,573,28500000,310,263
251270,2026-01-06,12:25:00,49700,49750,49700,49750,778,38670000,15,763
251270,2026-01-06,12:30:00,49700,49750,49700,49700,605,30080000,300,305
251270,2026-01-06,12:35:00,49700,49750,49650,49650,758,37670000,171,587
251270,2026-01-06,12:40:00,49650,49750,49650,49700,984,48900000,535,449
251270,2026-01-06,12:45:00,49650,49700,49650,49700,643,31950000,341,302
251270,2026-01-06,12:50:00,49700,49750,49600,49600,786,39000000,61,725
251270,2026-01-06,12:55:00,49600,49650,49600,49650,416,20640000,59,357
251270,2026-01-06,13:00:00,49650,49650,49550,49550,992,49200000,204,788
251270,2026-01-06,13:05:00,49550,49600,49550,49550,673,33350000,76,597
251270,2026-01-06,13:10:00,49550,49600,49500,49550,636,31520000,18,618
251270,2026-01-06,13:15:00,49500,49650,49500,49650,1722,85330000,1300,422
251270,2026-01-06,13:20:00,49600,49650,49550,49650,1125,55810000,852,273
251270,2026-01-06,13:25:00,49600,49650,49600,49600,452,22430000,128,324
251270,2026-01-06,13:30:00,49650,49650,49450,49500,1792,88800000,370,1422
251270,2026-01-06,13:35:00,49450,49600,49450,49550,1260,62410000,668,592
251270,2026-01-06,13:40:00,49550,49550,49450,49500,566,28020000,284,282
251270,2026-01-06,13:45:00,49550,49550,49450,49500,1942,96140000,528,1414
251270,2026-01-06,13:50:00,49500,49500,49450,49450,852,42140000,161,691
251270,2026-01-06,13:55:00,49450,49500,49450,49450,760,37590000,171,589
251270,2026-01-06,14:00:00,49500,49500,49450,49450,1191,58920000,558,633
251270,2026-01-06,14:05:00,49500,49500,49400,49400,992,49060000,127,865
251270,2026-01-06,14:10:00,49450,49450,49400,49400,622,30740000,196,426
251270,2026-01-06,14:15:00,49400,49500,49400,49450,2129,105260000,1460,669
251270,2026-01-06,14:20:00,49450,49550,49400,49450,1448,71600000,794,654
251270,2026-01-06,14:25:00,49400,49450,49400,49400,669,33060000,131,538
251270,2026-01-06,14:30:00,49400,49400,49350,49350,1544,76260000,700,844
251270,2026-01-06,14:35:00,49400,49400,49350,49350,698,34450000,234,464
251270,2026-01-06,14:40:00,49350,49400,49300,49300,1918,94660000,503,1415
251270,2026-01-06,14:45:00,49300,49350,49300,49300,1058,52180000,354,704
251270,2026-01-06,14:50:00,49300,49350,49250,49250,1326,65350000,95,1231
251270,2026-01-06,14:55:00,49250,49300,49250,49250,1002,49350000,271,731
251270,2026-01-06,15:00:00,49250,49300,49250,49250,884,43540000,119,765
251270,2026-01-06,15:05:00,49250,49300,49250,49250,971,47850000,503,468
251270,2026-01-06,15:10:00,49300,49450,49300,49350,2457,121230000,1601,856
251270,2026-01-06,15:15:00,49350,49450,49350,49400,1335,65960000,567,768
251270,2026-01-06,15:20:00,49350,49450,49300,49350,1551,76590000,779,772
251270,2026-01-06,15:30:00,49450,49450,49450,49450,8132,402130000,8121,0
251270,2026-01-07,09:05:00,49200,49250,48100,48250,9662,470290000,3865,5797
251270,2026-01-07,09:10:00,48250,48400,48100,48200,7738,373050000,2972,4766
251270,2026-01-07,09:15:00,48200,48250,47900,48050,11009,529080000,2701,8308
251270,2026-01-07,09:20:00,48025,48250,47950,48250,3516,168900000,1859,1657
251270,2026-01-07,09:25:00,48250,48300,48000,48200,6216,299300000,803,5413
251270,2026-01-07,09:30:00,48200,48250,48050,48050,3989,191940000,804,3185
251270,2026-01-07,09:35:00,48000,48400,48000,48300,2446,118120000,1402,1044
251270,2026-01-07,09:40:00,48350,48400,48250,48400,1478,71450000,949,529
251270,2026-01-07,09:45:00,48350,48500,48200,48250,1869,90270000,752,1117
251270,2026-01-07,09:50:00,48300,48400,48200,48400,1017,49140000,815,202
251270,2026-01-07,09:55:00,48400,48400,48150,48200,1529,73810000,237,1292
251270,2026-01-07,10:00:00,48200,48200,48050,48050,2526,121550000,1438,1088
251270,2026-01-07,10:05:00,48100,48200,48000,48100,5641,271360000,900,4741
251270,2026-01-07,10:10:00,48050,48100,47950,47950,3575,171620000,641,2934
251270,2026-01-07,10:15:00,47950,48000,47800,47900,11747,562810000,1046,10701
251270,2026-01-07,10:20:00,47900,48100,47900,48100,847,40670000,460,387
251270,2026-01-07,10:25:00,48100,48100,47950,47950,1630,78260000,646,984
251270,2026-01-07,10:30:00,48000,48000,47900,47900,2739,131360000,622,2117
251270,2026-01-07,10:35:00,47950,48050,47950,48000,1633,78380000,783,850
251270,2026-01-07,10:40:00,47950,48000,47900,47950,2763,132460000,617,2146
251270,2026-01-07,10:45:00,48000,48000,47850,47900,4787,229350000,786,4001
251270,2026-01-07,10:50:00,47850,47900,47800,47850,3909,187060000,727,3182
251270,2026-01-07,10:55:00,47850,47950,47850,47900,1474,70570000,655,819
251270,2026-01-07,11:00:00,47950,47950,47800,47950,7395,353690000,521,6874
251270,2026-01-07,11:05:00,47800,47950,47750,47800,2504,119640000,580,1924
251270,2026-01-07,11:10:00,47800,47900,47800,47850,1636,78250000,354,1282
251270,2026-01-07,11:15:00,47800,47850,47750,47750,2985,142570000,539,2446
251270,2026-01-07,11:20:00,47750,47800,47750,47750,1129,53920000,206,923
251270,2026-01-07,11:25:00,47800,47850,47750,47750,3997,190950000,888,3109
251270,2026-01-07,11:30:00,47750,47850,47750,47800,1129,53930000,373,756
251270,2026-01-07,11:35:00,47750,47900,47750,47850,2397,114620000,820,1577
251270,2026-01-07,11:40:00,47850,47900,47800,47800,1023,48950000,367,656
251270,2026-01-07,11:45:00,47900,47950,47800,47850,1669,79850000,494,1175
251270,2026-01-07,11:50:00,47850,47950,47800,47900,1313,62840000,530,783
251270,2026-01-07,11:55:00,47900,48000,47850,47950,1623,77760000,921,702
251270,2026-01-07,12:00:00,47900,48100,47850,48100,1243,59560000,593,650
251270,2026-01-07,12:05:00,48100,48100,47850,47850,1921,92060000,620,1301
251270,2026-01-07,12:10:00,47850,48050,47850,48000,1426,68350000,844,582
251270,2026-01-07,12:15:00,47950,48100,47900,48050,1417,67940000,842,575
251270,2026-01-07,12:20:00,48000,48000,47850,47900,2335,111870000,749,1586
251270,2026-01-07,12:25:00,47950,48000,47850,47950,1452,69570000,531,921
251270,2026-01-07,12:30:00,47900,48050,47900,47900,1241,59510000,523,718
251270,2026-01-07,12:35:00,47900,48000,47850,47850,1797,86090000,750,1047
251270,2026-01-07,12:40:00,47850,47900,47800,47850,5105,244330000,1833,3272
251270,2026-01-07,12:45:00,47900,47950,47850,47900,2202,105450000,1078,1124
251270,2026-01-07,12:50:00,47900,47950,47850,47850,1277,61160000,193,1084
251270,2026-01-07,12:55:00,47850,47850,47800,47800,1697,81160000,472,1225
251270,2026-01-07,13:00:00,47825,47900,47750,47850,3376,161380000,663,2713
251270,2026-01-07,13:05:00,47900,47900,47750,47800,3048,145790000,611,2437
251270,2026-01-07,13:10:00,47800,47900,47650,47750,9529,455200000,707,8822
251270,2026-01-07,13:15:00,47700,47800,47700,47800,2713,129540000,1160,1553
251270,2026-01-07,13:20:00,47850,48250,47750,48100,3388,162650000,2036,1352
251270,2026-01-07,13:25:00,48100,48250,48000,48150,2679,128970000,1168,1511
251270,2026-01-07,13:30:00,48150,48250,48000,48100,2538,122130000,1218,1320
251270,2026-01-07,13:35:00,48100,48350,48100,48250,5794,279780000,1887,3907
251270,2026-01-07,13:40:00,48200,48400,48200,48350,1787,86300000,853,934
251270,2026-01-07,13:45:00,48350,48400,48200,48200,1909,92170000,990,919
251270,2026-01-07,13:50:00,48200,48300,48200,48200,2069,99840000,1005,1064
251270,2026-01-07,13:55:00,48200,48300,48200,48250,2051,98960000,1210,841
251270,2026-01-07,14:00:00,48300,48400,48200,48350,2192,105930000,1501,691
251270,2026-01-07,14:05:00,48400,48450,48250,48400,2106,101800000,1011,1095
251270,2026-01-07,14:10:00,48400,48400,48250,48350,1728,83520000,765,963
251270,2026-01-07,14:15:00,48300,48350,48250,48250,1692,81720000,873,819
251270,2026-01-07,14:20:00,48300,48350,48200,48250,2483,119840000,1008,1475
251270,2026-01-07,14:25:00,48250,48300,48200,48200,1459,70400000,573,886
251270,2026-01-07,14:30:00,48200,48350,48200,48300,2109,101850000,605,1504
251270,2026-01-07,14:35:00,48300,48450,48250,48300,1715,82880000,726,989
251270,2026-01-07,14:40:00,48325,48400,48250,48400,1843,89050000,697,1146
251270,2026-01-07,14:45:00,48300,48400,48250,48300,2188,105720000,954,1234
251270,2026-01-07,14:50:00,48300,48400,48250,48300,1337,64590000,385,952
251270,2026-01-07,14:55:00,48350,48400,48300,48350,1672,80800000,651,1021
251270,2026-01-07,15:00:00,48300,48450,48300,48400,1653,79950000,752,901
251270,2026-01-07,15:05:00,48400,48450,48300,48350,1521,73580000,528,993
251270,2026-01-07,15:10:00,48350,48450,48300,48400,2188,105850000,1076,1112
251270,2026-01-07,15:15:00,48400,48450,48350,48400,2957,143140000,1453,1504
251270,2026-01-07,15:20:00,48400,48500,48350,48400,2728,132120000,1834,894
251270,2026-01-07,15:30:00,48500,48500,48500,48500,9929,481560000,9929,0
251270,2026-01-08,09:05:00,48200,48250,47750,48250,4924,236480000,1526,3398
251270,2026-01-08,09:10:00,48000,48250,47800,48000,4079,195540000,3060,1019
251270,2026-01-08,09:15:00,48100,48100,47950,48000,1007,48410000,472,535
251270,2026-01-08,09:20:00,47950,48250,47950,48100,1295,62310000,979,316
251270,2026-01-08,09:25:00,48250,48250,48100,48200,494,23820000,420,74
251270,2026-01-08,09:30:00,48200,48250,48150,48200,878,42320000,386,492
251270,2026-01-08,09:35:00,48150,48450,48150,48300,1354,65400000,979,375
251270,2026-01-08,09:40:00,48400,48400,48100,48100,886,42710000,90,796
251270,2026-01-08,09:45:00,48100,48200,48100,48200,500,24080000,397,103
251270,2026-01-08,09:50:00,48150,48300,48150,48150,320,15420000,92,228
251270,2026-01-08,09:55:00,48150,48200,48100,48100,666,32060000,14,652
251270,2026-01-08,10:00:00,48100,48100,47950,47950,1161,55790000,239,922
251270,2026-01-08,10:05:00,47950,48050,47900,47950,2465,118250000,1056,1409
251270,2026-01-08,10:10:00,47950,47950,47800,47850,3970,190100000,675,3295
251270,2026-01-08,10:15:00,47850,47950,47800,47800,2466,117970000,1386,1080
251270,2026-01-08,10:20:00,47800,48000,47800,47850,3898,186590000,2409,1489
251270,2026-01-08,10:25:00,47900,47950,47900,47900,2243,107450000,1288,955
251270,2026-01-08,10:30:00,47900,47950,47850,47900,1297,62130000,148,1149
251270,2026-01-08,10:35:00,47900,47950,47800,47900,1161,55570000,207,954
251270,2026-01-08,10:40:00,47900,47950,47850,47900,546,26150000,118,428
251270,2026-01-08,10:45:00,47900,48000,47850,47950,1397,66990000,705,692
251270,2026-01-08,10:50:00,48000,48000,47800,47800,2690,128710000,914,1776
251270,2026-01-08,10:55:00,47800,47950,47800,47800,1465,70130000,379,1086
251270,2026-01-08,11:00:00,47850,48000,47850,48000,963,46180000,796,167
251270,2026-01-08,11:05:00,48000,48050,47850,47850,1083,51880000,539,544
251270,2026-01-08,11:10:00,47850,48050,47800,47900,948,45430000,657,291
251270,2026-01-08,11:15:00,48000,48050,47900,48050,677,32470000,427,250
251270,2026-01-08,11:20:00,48050,48150,48000,48050,1079,51860000,563,516
251270,2026-01-08,11:25:00,48050,48100,47950,48050,1002,48130000,454,548
251270,2026-01-08,11:30:00,48025,48100,47950,48000,1712,82220000,1011,701
251270,2026-01-08,11:35:00,48000,48100,48000,48050,505,24270000,237,268
251270,2026-01-08,11:40:00,48075,48200,48000,48000,597,28710000,249,348
251270,2026-01-08,11:45:00,48150,48150,47900,47950,1551,74370000,872,679
251270,2026-01-08,11:50:00,47950,48000,47800,47900,4007,192030000,774,3233
251270,2026-01-08,11:55:00,47900,47950,47850,47950,740,35430000,414,326
251270,2026-01-08,12:00:00,47925,47950,47800,47800,1647,78810000,29,1618
251270,2026-01-08,12:05:00,47800,47850,47800,47825,1415,67680000,742,673
251270,2026-01-08,12:10:00,47825,47900,47800,47850,1232,58930000,472,760
251270,2026-01-08,12:15:00,47850,47950,47850,47900,337,16140000,182,155
251270,2026-01-08,12:20:00,47900,48000,47850,47950,930,44600000,738,192
251270,2026-01-08,12:25:00,47950,48050,47900,47900,536,25690000,311,225
251270,2026-01-08,12:30:00,47900,47950,47850,47875,597,28600000,216,381
251270,2026-01-08,12:35:00,47900,47900,47800,47850,1948,93210000,446,1502
251270,2026-01-08,12:40:00,47825,47850,47800,47850,610,29170000,141,469
251270,2026-01-08,12:45:00,47800,47950,47800,47925,752,35980000,413,339
251270,2026-01-08,12:50:00,47925,47950,47850,47900,488,23380000,81,407
251270,2026-01-08,12:55:00,47950,47950,47900,47900,300,14380000,146,154
251270,2026-01-08,13:00:00,47925,47950,47900,47925,349,16720000,56,293
251270,2026-01-08,13:05:00,47950,48050,47925,48000,1798,86290000,1020,778
251270,2026-01-08,13:10:00,48000,48100,48000,48075,1018,48930000,423,595
251270,2026-01-08,13:15:00,48075,48100,48000,48050,1368,65740000,747,621
251270,2026-01-08,13:20:00,48050,48400,48050,48350,1658,80010000,1048,610
251270,2026-01-08,13:25:00,48325,48350,48250,48300,1378,66550000,355,1023
251270,2026-01-08,13:30:00,48300,48300,48150,48150,1235,59560000,112,1123
251270,2026-01-08,13:35:00,48200,48225,48150,48200,592,28530000,444,148
251270,2026-01-08,13:40:00,48200,48200,48150,48200,401,19310000,35,366
251270,2026-01-08,13:45:00,48200,48300,48150,48250,893,43070000,734,159
251270,2026-01-08,13:50:00,48200,48600,48200,48550,2196,106400000,1422,774
251270,2026-01-08,13:55:00,48525,48550,48450,48500,859,41670000,232,627
251270,2026-01-08,14:00:00,48500,48700,48500,48650,3449,167660000,2306,1143
251270,2026-01-08,14:05:00,48650,48800,48600,48750,1722,83940000,1025,697
251270,2026-01-08,14:10:00,48800,48800,48650,48650,1716,83600000,319,1397
251270,2026-01-08,14:15:00,48700,48850,48650,48800,2560,124850000,1895,665
251270,2026-01-08,14:20:00,48800,48850,48800,48850,656,32030000,287,369
251270,2026-01-08,14:25:00,48800,48850,48650,48750,1302,63490000,246,1056
251270,2026-01-08,14:30:00,48650,48750,48600,48750,892,43400000,440,452
251270,2026-01-08,14:35:00,48750,49050,48700,48950,3839,187630000,2956,883
251270,2026-01-08,14:40:00,49000,49100,48900,49050,2562,125480000,1573,989
251270,2026-01-08,14:45:00,49050,49100,48800,48800,1670,81750000,435,1235
251270,2026-01-08,14:50:00,48850,49000,48850,48900,1061,51910000,676,385
251270,2026-01-08,14:55:00,48950,49100,48900,48950,3005,147140000,2135,870
251270,2026-01-08,15:00:00,48900,48950,48750,48800,2320,113390000,876,1444
251270,2026-01-08,15:05:00,48850,48850,48750,48750,1932,94280000,1375,557
251270,2026-01-08,15:10:00,48800,48800,48700,48750,1811,88310000,970,841
251270,2026-01-08,15:15:00,48800,48800,48600,48700,3474,169140000,2308,1166
251270,2026-01-08,15:20:00,48700,48750,48450,48500,2264,109950000,1070,1194
251270,2026-01-08,15:30:00,48900,48900,48900,48900,31283,1529730000,31270,0
251270,2026-01-09,09:05:00,49150,49350,48800,48800,2101,103140000,1062,1039
251270,2026-01-09,09:10:00,48800,48850,48550,48550,2528,123120000,686,1842
251270,2026-01-09,09:15:00,48550,48750,48500,48550,1524,74080000,513,1011
251270,2026-01-09,09:20:00,48550,48700,48500,48550,658,31970000,355,303
251270,2026-01-09,09:25:00,48600,48600,48350,48400,3371,163460000,1057,2314
251270,2026-01-09,09:30:00,48400,48600,48350,48500,2015,97620000,432,1583
251270,2026-01-09,09:35:00,48550,48850,48300,48650,2323,112750000,754,1569
251270,2026-01-09,09:40:00,48750,48900,48650,48700,812,39580000,250,562
251270,2026-01-09,09:45:00,48750,48800,48650,48700,884,43080000,250,634
251270,2026-01-09,09:50:00,48700,48700,48600,48650,1655,80520000,320,1335
251270,2026-01-09,09:55:00,48650,48900,48650,48750,880,42890000,468,412
251270,2026-01-09,10:00:00,48750,48900,48700,48800,750,36610000,358,392
251270,2026-01-09,10:05:00,48800,48900,48550,48600,1970,95950000,398,1572
251270,2026-01-09,10:10:00,48550,48600,48450,48450,2356,114270000,806,1550
251270,2026-01-09,10:15:00,48450,48600,48450,48450,2645,128190000,391,2254
251270,2026-01-09,10:20:00,48500,48600,48450,48500,1189,57700000,594,595
251270,2026-01-09,10:25:00,48500,48550,48300,48350,3914,189560000,270,3644
251270,2026-01-09,10:30:00,48300,48450,48250,48250,3261,157510000,1114,2147
251270,2026-01-09,10:35:00,48250,48300,48200,48300,1624,78330000,267,1357
251270,2026-01-09,10:40:00,48300,48300,48250,48300,721,34810000,239,482
251270,2026-01-09,10:45:00,48300,48400,48300,48400,509,24600000,156,353
251270,2026-01-09,10:50:00,48300,48450,48300,48450,1182,57230000,693,489
251270,2026-01-09,10:55:00,48450,48550,48350,48400,1100,53280000,413,687
251270,2026-01-09,11:00:00,48450,48500,48300,48400,1783,86230000,150,1633
251270,2026-01-09,11:05:00,48450,48450,48250,48450,1528,73870000,157,1371
251270,2026-01-09,11:10:00,48400,48450,48250,48350,1057,51140000,214,843
251270,2026-01-09,11:15:00,48350,48450,48200,48400,1773,85650000,347,1426
251270,2026-01-09,11:20:00,48400,48500,48200,48400,2355,113870000,804,1551
251270,2026-01-09,11:25:00,48500,48750,48450,48700,1923,93380000,763,1160
251270,2026-01-09,11:30:00,48650,48700,48500,48650,1557,75660000,132,1425
251270,2026-01-09,11:35:00,48650,48650,48400,48600,1736,84240000,231,1505
251270,2026-01-09,11:40:00,48650,48700,48450,48550,1465,71180000,469,996
251270,2026-01-09,11:45:00,48550,48700,48400,48600,2167,105300000,584,1583
251270,2026-01-09,11:50:00,48650,48700,48400,48550,1678,81400000,257,1421
251270,2026-01-09,11:55:00,48550,48650,48500,48600,1275,61900000,217,1058
251270,2026-01-09,12:00:00,48500,48650,48400,48450,1835,88980000,353,1482
251270,2026-01-09,12:05:00,48500,48650,48350,48600,1902,92280000,520,1382
251270,2026-01-09,12:10:00,48500,48600,48500,48550,1053,51090000,314,739
251270,2026-01-09,12:15:00,48500,48600,48400,48550,1707,82780000,380,1327
251270,2026-01-09,12:20:00,48450,48550,48400,48550,1664,80650000,385,1279
251270,2026-01-09,12:25:00,48450,48600,48450,48500,1190,57700000,443,747
251270,2026-01-09,12:30:00,48500,48600,48350,48550,1063,51550000,337,726
251270,2026-01-09,12:35:00,48600,48700,48500,48650,1591,77350000,1196,395
251270,2026-01-09,12:40:00,48550,48650,48500,48650,514,24970000,202,312
251270,2026-01-09,12:45:00,48600,48800,48600,48700,1611,78480000,1005,606
251270,2026-01-09,12:50:00,48800,48800,48550,48700,746,36270000,333,413
251270,2026-01-09,12:55:00,48600,48800,48550,48650,916,44580000,444,472
251270,2026-01-09,13:00:00,48650,48750,48600,48700,458,22290000,180,278
251270,2026-01-09,13:05:00,48800,48800,48600,48600,820,39890000,283,537
251270,2026-01-09,13:10:00,48650,48900,48550,48650,865,42110000,493,372
251270,2026-01-09,13:15:00,48700,49000,48650,48850,4119,201050000,2487,1632
251270,2026-01-09,13:20:00,48950,48950,48850,48850,941,46000000,618,323
251270,2026-01-09,13:25:00,48850,48950,48750,48800,858,41910000,156,702
251270,2026-01-09,13:30:00,48800,48850,48800,48800,386,18840000,52,334
251270,2026-01-09,13:35:00,48850,48900,48800,48850,1202,58720000,778,424
251270,2026-01-09,13:40:00,48900,48900,48600,48600,2697,131460000,542,2155
251270,2026-01-09,13:45:00,48600,48900,48600,48700,2905,141470000,1273,1632
251270,2026-01-09,13:50:00,48750,48750,48600,48650,2414,117430000,825,1589
251270,2026-01-09,13:55:00,48600,48700,48600,48600,2643,128520000,806,1837
251270,2026-01-09,14:00:00,48600,48650,48600,48600,2338,113640000,463,1875
251270,2026-01-09,14:05:00,48600,48600,48500,48500,2102,102030000,396,1706
251270,2026-01-09,14:10:00,48500,48550,48450,48450,2092,101410000,662,1430
251270,2026-01-09,14:15:00,48500,48550,48350,48400,2655,128610000,523,2132
251270,2026-01-09,14:20:00,48400,48500,48400,48400,1993,96520000,663,1330
251270,2026-01-09,14:25:00,48400,48450,48400,48400,1903,92110000,317,1586
251270,2026-01-09,14:30:00,48450,48600,48400,48450,2208,106930000,448,1760
251270,2026-01-09,14:35:00,48500,48550,48400,48400,1945,94160000,416,1529
251270,2026-01-09,14:40:00,48400,48500,48350,48400,2614,126450000,626,1988
251270,2026-01-09,14:45:00,48400,48450,48300,48300,1910,92370000,582,1328
251270,2026-01-09,14:50:00,48350,48400,48300,48350,2054,99300000,252,1802
251270,2026-01-09,14:55:00,48350,48450,48300,48400,2796,135270000,1237,1559
251270,2026-01-09,15:00:00,48400,48500,48400,48450,2334,113080000,770,1564
251270,2026-01-09,15:05:00,48450,48600,48450,48500,3436,166740000,1308,2128
251270,2026-01-09,15:10:00,48500,48600,48450,48550,4041,196060000,2577,1464
251270,2026-01-09,15:15:00,48550,48600,48450,48450,1968,95480000,497,1471
251270,2026-01-09,15:20:00,48500,48600,48450,48450,1948,94490000,1258,690
251270,2026-01-09,15:30:00,48600,48600,48600,48600,3799,184630000,3799,0
251270,2026-01-12,09:05:00,48750,48900,48325,48550,4289,208530000,2112,2177
251270,2026-01-12,09:10:00,48550,48750,48450,48700,2399,116540000,1700,699
251270,2026-01-12,09:15:00,48700,48800,48600,48600,1418,69060000,959,459
251270,2026-01-12,09:20:00,48650,48900,48650,48800,2689,131170000,2397,292
251270,2026-01-12,09:25:00,48800,48900,48600,48650,1489,72640000,743,746
251270,2026-01-12,09:30:00,48650,48950,48650,48850,4312,210370000,1491,2821
251270,2026-01-12,09:35:00,48850,49100,48850,48850,2523,123470000,1253,1270
251270,2026-01-12,09:40:00,48850,48900,48700,48700,2795,136400000,538,2257
251270,2026-01-12,09:45:00,48700,48850,48700,48800,2511,122460000,1740,771
251270,2026-01-12,09:50:00,48800,48900,48750,48750,4650,226940000,1418,3232
251270,2026-01-12,09:55:00,48750,48750,48600,48650,1897,92320000,511,1386
251270,2026-01-12,10:00:00,48650,48700,48600,48600,1239,60250000,30,1209
251270,2026-01-12,10:05:00,48600,48650,48600,48600,910,44250000,522,388
251270,2026-01-12,10:10:00,48600,48800,48600,48750,2615,127330000,2104,511
251270,2026-01-12,10:15:00,48750,48800,48750,48750,1212,59110000,545,667
251270,2026-01-12,10:20:00,48750,48950,48750,48950,2442,119250000,1077,1365
251270,2026-01-12,10:25:00,48900,49050,48850,48850,1861,91050000,734,1127
251270,2026-01-12,10:30:00,48850,48900,48750,48750,1200,58580000,45,1155
251270,2026-01-12,10:35:00,48750,48800,48750,48800,1294,63120000,720,574
251270,2026-01-12,10:40:00,48750,48800,48750,48750,696,33940000,226,470
251270,2026-01-12,10:45:00,48750,48800,48700,48700,629,30660000,160,469
251270,2026-01-12,10:50:00,48700,49000,48700,48950,4728,230990000,4002,726
251270,2026-01-12,10:55:00,48950,49000,48900,48950,1178,57680000,420,758
251270,2026-01-12,11:00:00,49000,49050,48950,48950,971,47550000,213,758
251270,2026-01-12,11:05:00,49000,49000,48850,48850,1238,60540000,118,1120
251270,2026-01-12,11:10:00,48850,48950,48800,48950,2532,123760000,1700,832
251270,2026-01-12,11:15:00,48950,49000,48900,48950,1082,52950000,716,366
251270,2026-01-12,11:20:00,48950,49000,48900,48900,927,45370000,20,907
251270,2026-01-12,11:25:00,48950,48950,48850,48850,961,46960000,32,929
251270,2026-01-12,11:30:00,48850,48900,48850,48850,1969,96210000,1069,900
251270,2026-01-12,11:35:00,48850,49100,48850,48950,2831,138570000,2318,513
251270,2026-01-12,11:40:00,49000,49100,48950,49000,1462,71640000,373,1089
251270,2026-01-12,11:45:00,49000,49050,48950,49000,477,23370000,154,323
251270,2026-01-12,11:50:00,49000,49150,48950,49150,1724,84570000,1342,382
251270,2026-01-12,11:55:00,49100,49150,49000,49050,1548,76010000,693,855
251270,2026-01-12,12:00:00,49050,49050,48950,49050,3342,163750000,1396,1946
251270,2026-01-12,12:05:00,49050,49250,49000,49200,3868,190010000,3194,674
251270,2026-01-12,12:10:00,49200,49250,49150,49200,819,40300000,319,500
251270,2026-01-12,12:15:00,49200,49250,49150,49200,1302,64060000,556,746
251270,2026-01-12,12:20:00,49200,49250,49200,49200,891,43840000,75,816
251270,2026-01-12,12:25:00,49250,49350,49200,49200,3061,150820000,2106,955
251270,2026-01-12,12:30:00,49200,49250,49200,49200,862,42420000,410,452
251270,2026-01-12,12:35:00,49200,49250,49150,49200,1019,50140000,450,569
251270,2026-01-12,12:40:00,49200,49400,49200,49300,2238,110340000,1388,850
251270,2026-01-12,12:45:00,49300,49350,49300,49300,857,42260000,332,525
251270,2026-01-12,12:50:00,49300,49400,49250,49250,2327,114810000,1216,1111
251270,2026-01-12,12:55:00,49250,49300,49200,49200,710,34970000,92,618
251270,2026-01-12,13:00:00,49200,49250,49150,49200,837,41180000,99,738
251270,2026-01-12,13:05:00,49150,49200,49150,49150,544,26740000,16,528
251270,2026-01-12,13:10:00,49150,49200,49050,49100,2072,101780000,792,1280
251270,2026-01-12,13:15:00,49150,49200,49100,49150,1117,54920000,756,361
251270,2026-01-12,13:20:00,49175,49250,49100,49200,2320,114050000,1165,1155
251270,2026-01-12,13:25:00,49200,49250,49150,49150,707,34770000,112,595
251270,2026-01-12,13:30:00,49150,49200,49100,49100,914,44910000,185,729
251270,2026-01-12,13:35:00,49100,49150,49100,49150,454,22300000,82,372
251270,2026-01-12,13:40:00,49100,49150,49100,49100,643,31580000,186,457
251270,2026-01-12,13:45:00,49150,49150,49050,49050,1423,69860000,228,1195
251270,2026-01-12,13:50:00,49050,49100,49050,49050,914,44860000,454,460
251270,2026-01-12,13:55:00,49050,49100,49050,49050,479,23500000,56,423
251270,2026-01-12,14:00:00,49050,49250,49050,49100,2800,137530000,1983,817
251270,2026-01-12,14:05:00,49100,49200,49050,49050,1021,50140000,325,696
251270,2026-01-12,14:10:00,49100,49100,49000,49050,1577,77380000,494,1083
251270,2026-01-12,14:15:00,49050,49200,49050,49100,1716,84270000,1113,603
251270,2026-01-12,14:20:00,49100,49150,49100,49100,701,34420000,41,660
251270,2026-01-12,14:25:00,49100,49150,49050,49050,962,47230000,161,801
251270,2026-01-12,14:30:00,49050,49100,49025,49050,1266,62100000,367,899
251270,2026-01-12,14:35:00,49100,49150,49000,49050,1370,67250000,743,627
251270,2026-01-12,14:40:00,49050,49100,49050,49050,880,43170000,167,713
251270,2026-01-12,14:45:00,49050,49100,48950,49000,1617,79260000,94,1523
251270,2026-01-12,14:50:00,48950,49000,48950,48950,764,37400000,102,662
251270,2026-01-12,14:55:00,48950,49000,48900,48900,2290,112060000,68,2222
251270,2026-01-12,15:00:00,48900,48950,48800,48850,1556,76020000,594,962
251270,2026-01-12,15:05:00,48850,49000,48850,48950,1639,80180000,1128,511
251270,2026-01-12,15:10:00,48975,49000,48900,48900,982,48070000,263,719
251270,2026-01-12,15:15:00,48900,49000,48900,49000,900,44050000,641,259
251270,2026-01-12,15:20:00,49000,49000,48900,48900,2346,114870000,1055,1291
251270,2026-01-12,15:30:00,49100,49100,49100,49100,10953,537800000,10953,0
251270,2026-01-13,09:05:00,49800,50600,49800,50000,11886,595920000,8936,2950
251270,2026-01-13,09:10:00,50000,50400,49950,50300,5605,281000000,3449,2156
251270,2026-01-13,09:15:00,50200,50200,49850,50000,4869,243930000,1869,3000
251270,2026-01-13,09:20:00,50000,50100,49950,50100,3221,161100000,1281,1940
251270,2026-01-13,09:25:00,50000,50500,50000,50400,8473,426740000,5449,3024
251270,2026-01-13,09:30:00,50400,50500,50000,50200,3948,198270000,801,3147
251270,2026-01-13,09:35:00,50100,50100,49800,49950,6545,326860000,1424,5121
251270,2026-01-13,09:40:00,49950,50100,49650,49800,3808,190000000,1009,2799
251270,2026-01-13,09:45:00,49800,49850,49650,49800,2150,106920000,940,1210
251270,2026-01-13,09:50:00,49850,49900,49750,49800,1563,77890000,855,708
251270,2026-01-13,09:55:00,49800,49800,49700,49750,1224,60900000,341,883
251270,2026-01-13,10:00:00,49800,50100,49750,50000,2307,115140000,1792,515
251270,2026-01-13,10:05:00,49950,50000,49800,49850,3077,153590000,1297,1780
251270,2026-01-13,10:10:00,49850,49850,49700,49750,2759,137290000,775,1984
251270,2026-01-13,10:15:00,49750,49750,49650,49650,1776,88270000,608,1168
251270,2026-01-13,10:20:00,49650,49800,49650,49750,1544,76750000,1037,507
251270,2026-01-13,10:25:00,49750,49800,49700,49700,1978,98430000,822,1156
251270,2026-01-13,10:30:00,49750,49800,49600,49650,2325,115480000,942,1383
251270,2026-01-13,10:35:00,49700,49750,49650,49650,1571,78060000,844,727
251270,2026-01-13,10:40:00,49650,49700,49600,49600,1642,81510000,791,851
251270,2026-01-13,10:45:00,49650,49700,49600,49650,2067,102600000,1336,731
251270,2026-01-13,10:50:00,49700,49700,49600,49700,2116,105050000,1492,624
251270,2026-01-13,10:55:00,49700,49700,49550,49600,1992,98870000,214,1778
251270,2026-01-13,11:00:00,49650,49700,49500,49600,2229,110540000,1445,784
251270,2026-01-13,11:05:00,49650,49650,49600,49600,1652,81980000,674,978
251270,2026-01-13,11:10:00,49600,49650,49600,49600,1328,65880000,239,1089
251270,2026-01-13,11:15:00,49600,49650,49550,49650,1051,52120000,536,515
251270,2026-01-13,11:20:00,49600,49650,49550,49550,672,33300000,107,565
251270,2026-01-13,11:25:00,49500,49650,49500,49600,913,45260000,548,365
251270,2026-01-13,11:30:00,49600,49650,49550,49550,732,36300000,497,235
251270,2026-01-13,11:35:00,49600,49650,49550,49600,965,47860000,271,694
251270,2026-01-13,11:40:00,49650,49750,49600,49700,2051,101840000,878,1173
251270,2026-01-13,11:45:00,49750,50000,49700,49850,2331,116200000,1780,551
251270,2026-01-13,11:50:00,49800,49850,49750,49800,1118,55700000,448,670
251270,2026-01-13,11:55:00,49800,49850,49750,49750,628,31280000,131,497
251270,2026-01-13,12:00:00,49800,49900,49750,49850,527,26240000,307,220
251270,2026-01-13,12:05:00,49800,49900,49800,49850,2659,132550000,1136,1523
251270,2026-01-13,12:10:00,49900,49900,49800,49800,1541,76750000,150,1391
251270,2026-01-13,12:15:00,49800,49950,49800,49850,1282,63950000,827,455
251270,2026-01-13,12:20:00,49900,49900,49850,49850,666,33220000,438,228
251270,2026-01-13,12:25:00,49850,49950,49850,49900,1707,85130000,762,945
251270,2026-01-13,12:30:00,49900,49950,49900,49950,910,45420000,106,804
251270,2026-01-13,12:35:00,49900,50000,49900,49950,1907,95260000,1080,827
251270,2026-01-13,12:40:00,49950,49950,49850,49850,918,45790000,202,716
251270,2026-01-13,12:45:00,49850,49900,49800,49800,992,49450000,170,822
251270,2026-01-13,12:50:00,49850,50000,49850,49950,3494,174550000,2372,1122
251270,2026-01-13,12:55:00,49950,50000,49850,49900,1990,99370000,444,1546
251270,2026-01-13,13:00:00,49950,50100,49900,50000,1099,54940000,615,484
251270,2026-01-13,13:05:00,50000,50200,49950,49950,2879,144180000,1363,1516
251270,2026-01-13,13:10:00,50100,50200,49950,49950,1073,53720000,556,517
251270,2026-01-13,13:15:00,50000,50100,49950,49950,603,30140000,426,177
251270,2026-01-13,13:20:00,49950,50000,49900,50000,2276,113690000,1054,1222
251270,2026-01-13,13:25:00,49900,50000,49900,49950,362,18080000,73,289
251270,2026-01-13,13:30:00,50000,50000,49900,50000,831,41500000,418,413
251270,2026-01-13,13:35:00,49950,50100,49950,50000,1282,64110000,435,847
251270,2026-01-13,13:40:00,50000,50100,49950,49950,1053,52640000,616,437
251270,2026-01-13,13:45:00,50000,50100,49950,50000,739,36940000,400,339
251270,2026-01-13,13:50:00,50100,50100,49950,50000,1645,82250000,721,924
251270,2026-01-13,13:55:00,50000,50100,50000,50000,1148,57420000,223,925
251270,2026-01-13,14:00:00,50000,50100,50000,50000,1126,56360000,619,507
251270,2026-01-13,14:05:00,50000,50100,50000,50000,628,31440000,362,266
251270,2026-01-13,14:10:00,50000,50400,50000,50200,6992,350980000,5989,1003
251270,2026-01-13,14:15:00,50100,50200,50100,50200,1080,54190000,818,262
251270,2026-01-13,14:20:00,50200,50300,50100,50200,1359,68200000,655,704
251270,2026-01-13,14:25:00,50200,50200,50100,50100,1307,65560000,827,480
251270,2026-01-13,14:30:00,50200,50300,50100,50300,1056,53030000,618,438
251270,2026-01-13,14:35:00,50200,50400,50200,50300,2321,116770000,1390,931
251270,2026-01-13,14:40:00,50400,50500,50300,50400,4594,231490000,3179,1415
251270,2026-01-13,14:45:00,50300,50600,50300,50500,6092,307580000,4250,1842
251270,2026-01-13,14:50:00,50600,50600,50300,50400,2747,138590000,584,2163
251270,2026-01-13,14:55:00,50400,50500,50300,50500,1220,61530000,542,678
251270,2026-01-13,15:00:00,50400,50500,50300,50500,2692,135800000,2063,629
251270,2026-01-13,15:05:00,50600,50600,50400,50500,2848,143940000,2004,844
251270,2026-01-13,15:10:00,50400,50600,50400,50600,1583,79890000,937,646
251270,2026-01-13,15:15:00,50600,50600,50300,50400,2404,121190000,1026,1378
251270,2026-01-13,15:20:00,50300,50500,50300,50500,1972,99450000,1208,764
251270,2026-01-13,15:30:00,50500,50500,50500,50500,7234,365310000,7202,0
251270,2026-01-14,09:05:00,51000,51000,50200,50600,4074,205860000,2166,1908
251270,2026-01-14,09:10:00,50500,50900,50400,50900,2324,117710000,1697,627
251270,2026-01-14,09:15:00,50900,51200,50800,50900,4453,227090000,2766,1687
251270,2026-01-14,09:20:00,50900,51100,50900,51000,4580,233630000,1956,2624
251270,2026-01-14,09:25:00,50900,51200,50900,50900,6776,346240000,4142,2634
251270,2026-01-14,09:30:00,50900,51000,50700,50700,2346,119300000,733,1613
251270,2026-01-14,09:35:00,50800,50900,50700,50700,3201,162480000,1339,1862
251270,2026-01-14,09:40:00,50700,50800,50600,50600,3374,171020000,925,2449
251270,2026-01-14,09:45:00,50600,51000,50600,51000,3428,174050000,1546,1882
251270,2026-01-14,09:50:00,50900,51100,50800,50900,7440,378900000,2367,5073
251270,2026-01-14,09:55:00,50900,51000,50800,50900,1588,80790000,608,980
251270,2026-01-14,10:00:00,50800,51000,50700,50700,3023,153730000,806,2217
251270,2026-01-14,10:05:00,50700,51100,50700,51100,2134,108690000,1719,415
251270,2026-01-14,10:10:00,51000,51200,50900,51200,2961,151140000,1972,989
251270,2026-01-14,10:15:00,51150,51300,51100,51100,2434,124600000,2121,313
251270,2026-01-14,10:20:00,51200,51400,51000,51300,9155,468970000,5107,4048
251270,2026-01-14,10:25:00,51300,51400,51200,51400,2212,113450000,1513,699
251270,2026-01-14,10:30:00,51400,51500,51300,51400,1279,65760000,1179,100
251270,2026-01-14,10:35:00,51400,51500,51400,51500,2672,137510000,1696,976
251270,2026-01-14,10:40:00,51500,51600,51400,51500,816,42020000,762,54
251270,2026-01-14,10:45:00,51400,51600,51400,51500,3636,187240000,2681,955
251270,2026-01-14,10:50:00,51500,51600,51400,51400,4156,214050000,1717,2439
251270,2026-01-14,10:55:00,51400,51500,51300,51400,3264,167880000,1355,1909
251270,2026-01-14,11:00:00,51300,51500,51300,51500,1200,61690000,277,923
251270,2026-01-14,11:05:00,51400,51500,51400,51400,940,48320000,103,837
251270,2026-01-14,11:10:00,51500,51500,51400,51500,1071,55120000,660,411
251270,2026-01-14,11:15:00,51400,51500,51400,51500,987,50790000,615,372
251270,2026-01-14,11:20:00,51500,51500,51400,51400,832,42800000,333,499
251270,2026-01-14,11:25:00,51400,51600,51400,51400,1875,96560000,1342,533
251270,2026-01-14,11:30:00,51500,51500,51400,51500,1318,67760000,135,1183
251270,2026-01-14,11:35:00,51400,51500,51400,51500,447,23010000,362,85
251270,2026-01-14,11:40:00,51500,51600,51400,51500,1019,52490000,703,316
251270,2026-01-14,11:45:00,51500,51600,51400,51600,838,43160000,708,130
251270,2026-01-14,11:50:00,51600,51600,51500,51600,898,46320000,725,173
251270,2026-01-14,11:55:00,51500,51600,51500,51600,295,15220000,226,69
251270,2026-01-14,12:00:00,51600,51700,51500,51500,1395,71980000,1121,274
251270,2026-01-14,12:05:00,51600,51600,51500,51600,836,43130000,751,85
251270,2026-01-14,12:10:00,51500,51700,51500,51600,1952,100720000,1715,237
251270,2026-01-14,12:15:00,51600,51700,51500,51600,511,26380000,411,100
251270,2026-01-14,12:20:00,51700,51700,51500,51500,1423,73430000,391,1032
251270,2026-01-14,12:25:00,51600,51600,51500,51600,477,24600000,414,63
251270,2026-01-14,12:30:00,51600,51700,51500,51600,2615,134870000,1436,1179
251270,2026-01-14,12:35:00,51600,51700,51600,51700,530,27370000,329,201
251270,2026-01-14,12:40:00,51700,51700,51600,51600,360,18600000,264,96
251270,2026-01-14,12:45:00,51600,51700,51600,51600,712,36770000,283,429
251270,2026-01-14,12:50:00,51600,51700,51600,51600,338,17470000,269,69
251270,2026-01-14,12:55:00,51700,51700,51600,51700,933,48160000,200,733
251270,2026-01-14,13:00:00,51600,51700,51500,51500,1197,61790000,446,751
251270,2026-01-14,13:05:00,51500,51700,51500,51600,1828,94340000,421,1407
251270,2026-01-14,13:10:00,51500,51700,51500,51600,844,43580000,615,229
251270,2026-01-14,13:15:00,51600,51700,51600,51700,702,36260000,456,246
251270,2026-01-14,13:20:00,51600,51700,51600,51700,1896,97890000,478,1418
251270,2026-01-14,13:25:00,51700,51700,51600,51700,449,23200000,376,73
251270,2026-01-14,13:30:00,51700,51700,51600,51700,578,29880000,503,75
251270,2026-01-14,13:35:00,51700,51700,51600,51700,994,51330000,413,581
251270,2026-01-14,13:40:00,51700,51700,51500,51600,3325,171590000,743,2582
251270,2026-01-14,13:45:00,51600,51700,51500,51700,546,28190000,486,60
251270,2026-01-14,13:50:00,51700,51800,51600,51800,1496,77360000,1372,124
251270,2026-01-14,13:55:00,51700,51800,51700,51700,1545,79910000,354,1191
251270,2026-01-14,14:00:00,51700,51700,51500,51500,1990,102720000,515,1475
251270,2026-01-14,14:05:00,51500,51600,51500,51600,1073,55360000,733,340
251270,2026-01-14,14:10:00,51500,51700,51400,51400,2323,119660000,381,1942
251270,2026-01-14,14:15:00,51400,51600,51300,51300,2107,108380000,504,1603
251270,2026-01-14,14:20:00,51300,51500,51200,51300,1711,87790000,263,1448
251270,2026-01-14,14:25:00,51200,51400,51200,51400,627,32170000,203,424
251270,2026-01-14,14:30:00,51300,51500,51200,51400,1131,58040000,515,616
251270,2026-01-14,14:35:00,51400,51400,51200,51200,1025,52590000,348,677
251270,2026-01-14,14:40:00,51200,51300,51000,51200,4354,222680000,701,3653
251270,2026-01-14,14:45:00,51100,51300,51100,51100,2161,110500000,360,1801
251270,2026-01-14,14:50:00,51200,51300,51100,51200,803,41110000,383,420
251270,2026-01-14,14:55:00,51200,51300,51200,51200,865,44300000,117,748
251270,2026-01-14,15:00:00,51200,51300,51100,51200,1815,92920000,262,1553
251270,2026-01-14,15:05:00,51100,51200,51100,51100,709,36270000,389,320
251270,2026-01-14,15:10:00,51100,51200,51100,51200,806,41240000,615,191
251270,2026-01-14,15:15:00,51100,51200,51000,51100,2622,133970000,1064,1558
251270,2026-01-14,15:20:00,51100,51200,51000,51200,2384,121830000,1428,956
251270,2026-01-14,15:30:00,51200,51200,51200,51200,6407,328040000,6407,0
251270,2026-01-15,09:05:00,51000,51700,51000,51300,2454,125780000,1355,1099
251270,2026-01-15,09:10:00,51300,51600,51300,51300,1430,73510000,745,685
251270,2026-01-15,09:15:00,51300,51500,51000,51100,3958,202440000,2383,1575
251270,2026-01-15,09:20:00,51100,51700,51100,51500,5844,299560000,3767,2077
251270,2026-01-15,09:25:00,51400,51500,51300,51350,1375,70670000,423,952
251270,2026-01-15,09:30:00,51350,51500,51200,51300,1221,62620000,507,714
251270,2026-01-15,09:35:00,51200,51400,51200,51300,1735,88910000,720,1015
251270,2026-01-15,09:40:00,51400,51400,51100,51200,2199,112670000,489,1710
251270,2026-01-15,09:45:00,51200,51400,51100,51350,2930,150090000,1126,1804
251270,2026-01-15,09:50:00,51300,51400,51200,51300,490,25140000,207,283
251270,2026-01-15,09:55:00,51300,51400,51300,51400,1105,56740000,478,627
251270,2026-01-15,10:00:00,51400,51400,51300,51400,1376,70650000,782,594
251270,2026-01-15,10:05:00,51500,51600,51400,51500,887,45690000,714,173
251270,2026-01-15,10:10:00,51500,51600,51200,51500,1297,66710000,394,903
251270,2026-01-15,10:15:00,51600,51700,51500,51600,1827,94310000,1458,369
251270,2026-01-15,10:20:00,51600,51700,51400,51400,4295,221510000,702,3593
251270,2026-01-15,10:25:00,51500,51800,51500,51500,2405,124000000,1773,632
251270,2026-01-15,10:30:00,51600,51700,51400,51400,1497,77190000,341,1156
251270,2026-01-15,10:35:00,51500,51500,51300,51400,1847,94960000,634,1213
251270,2026-01-15,10:40:00,51400,51400,51300,51400,1720,88280000,653,1067
251270,2026-01-15,10:45:00,51400,51400,51100,51100,2756,141200000,522,2234
251270,2026-01-15,10:50:00,51300,51300,51100,51100,1133,58000000,389,744
251270,2026-01-15,10:55:00,51100,51200,51100,51100,1229,62830000,214,1015
251270,2026-01-15,11:00:00,51150,51250,51100,51100,1249,63900000,549,700
251270,2026-01-15,11:05:00,51100,51200,51100,51200,1237,63280000,611,626
251270,2026-01-15,11:10:00,51200,51200,51000,51000,1657,84700000,584,1073
251270,2026-01-15,11:15:00,51050,51200,51000,51200,1762,90070000,483,1279
251270,2026-01-15,11:20:00,51200,51200,51000,51000,1725,88130000,384,1341
251270,2026-01-15,11:25:00,51100,51200,51000,51100,414,21160000,295,119
251270,2026-01-15,11:30:00,51100,51200,51000,51200,528,27020000,346,182
251270,2026-01-15,11:35:00,51200,51200,51100,51100,378,19340000,259,119
251270,2026-01-15,11:40:00,51100,51200,51000,51000,2205,112590000,362,1843
251270,2026-01-15,11:45:00,51000,51200,50900,51100,1340,68400000,278,1062
251270,2026-01-15,11:50:00,51100,51100,50800,50900,1574,80130000,206,1368
251270,2026-01-15,11:55:00,50900,51000,50800,50900,2243,114170000,1146,1097
251270,2026-01-15,12:00:00,51000,51000,50900,51000,321,16370000,256,65
251270,2026-01-15,12:05:00,51000,51000,50900,50900,321,16370000,305,16
251270,2026-01-15,12:10:00,51000,51000,50800,50800,2367,120480000,576,1791
251270,2026-01-15,12:15:00,50800,51000,50800,50800,571,29070000,154,417
251270,2026-01-15,12:20:00,50900,51000,50800,51000,684,34830000,597,87
251270,2026-01-15,12:25:00,50800,50900,50700,50700,2904,147590000,718,2186
251270,2026-01-15,12:30:00,50800,50800,50700,50700,1426,72440000,1341,85
251270,2026-01-15,12:35:00,50800,50800,50500,50600,2967,150280000,699,2268
251270,2026-01-15,12:40:00,50700,50700,50600,50700,432,21900000,413,19
251270,2026-01-15,12:45:00,50600,50700,50500,50600,1082,54760000,433,649
251270,2026-01-15,12:50:00,50600,50700,50600,50600,382,19350000,280,102
251270,2026-01-15,12:55:00,50600,50700,50600,50600,980,49670000,700,280
251270,2026-01-15,13:00:00,50600,50800,50600,50600,592,30000000,278,314
251270,2026-01-15,13:05:00,50700,50800,50500,50700,560,28360000,58,502
251270,2026-01-15,13:10:00,50700,50700,50600,50700,494,25040000,220,274
251270,2026-01-15,13:15:00,50700,50800,50600,50700,335,16990000,106,229
251270,2026-01-15,13:20:00,50700,50800,50700,50700,989,50180000,304,685
251270,2026-01-15,13:25:00,50800,50800,50700,50700,555,28170000,267,288
251270,2026-01-15,13:30:00,50800,51000,50700,50900,1691,86060000,1272,419
251270,2026-01-15,13:35:00,50900,51000,50700,50800,1017,51710000,276,741
251270,2026-01-15,13:40:00,50800,51000,50800,51000,642,32700000,263,379
251270,2026-01-15,13:45:00,51000,51100,50700,50900,1241,63130000,852,389
251270,2026-01-15,13:50:00,50800,51000,50800,50900,796,40500000,453,343
251270,2026-01-15,13:55:00,50900,51000,50800,50900,913,46460000,354,559
251270,2026-01-15,14:00:00,50800,51000,50700,50800,721,36650000,570,151
251270,2026-01-15,14:05:00,50900,51000,50900,50900,888,45220000,305,583
251270,2026-01-15,14:10:00,50900,51050,50800,51050,847,43150000,506,341
251270,2026-01-15,14:15:00,51100,51100,50700,50900,5843,297530000,1689,4154
251270,2026-01-15,14:20:00,50900,50900,50500,50700,5562,281760000,824,4738
251270,2026-01-15,14:25:00,50700,50900,50600,50900,3860,195880000,1480,2380
251270,2026-01-15,14:30:00,50800,51000,50800,50800,2530,128600000,654,1876
251270,2026-01-15,14:35:00,50900,51000,50700,50900,2342,118970000,633,1709
251270,2026-01-15,14:40:00,50700,50900,50700,50800,2291,116240000,456,1835
251270,2026-01-15,14:45:00,50700,51000,50700,50900,2395,121630000,824,1571
251270,2026-01-15,14:50:00,50900,51000,50700,50900,2361,120070000,869,1492
251270,2026-01-15,14:55:00,50900,51000,50700,50900,2915,148120000,1199,1716
251270,2026-01-15,15:00:00,50800,51000,50600,50600,11352,575990000,6768,4584
251270,2026-01-15,15:05:00,50600,50800,50600,50800,2690,136310000,633,2057
251270,2026-01-15,15:10:00,50700,50800,50400,50500,4763,240830000,1251,3512
251270,2026-01-15,15:15:00,50500,50800,50400,50600,3089,156320000,1040,2049
251270,2026-01-15,15:20:00,50600,50800,50600,50700,5987,303760000,3911,2076
251270,2026-01-15,15:30:00,50800,50800,50800,50800,8748,444400000,8728,0
251270,2026-01-16,09:05:00,51200,51200,50400,50500,3650,185390000,1356,2294
251270,2026-01-16,09:10:00,50500,51100,50300,50500,5872,296440000,3148,2724
251270,2026-01-16,09:15:00,50500,50500,50000,50100,6391,321230000,1830,4561
251270,2026-01-16,09:20:00,50100,50100,49950,50100,6056,303040000,2639,3417
251270,2026-01-16,09:25:00,50000,50300,50000,50300,3530,177090000,2836,694
251270,2026-01-16,09:30:00,50300,50600,50300,50500,1715,86460000,1148,567
251270,2026-01-16,09:35:00,50500,50500,50300,50300,2465,124260000,426,2039
251270,2026-01-16,09:40:00,50300,50500,50200,50400,2481,124850000,1362,1119
251270,2026-01-16,09:45:00,50500,50600,50400,50500,1893,95520000,757,1136
251270,2026-01-16,09:50:00,50500,50600,50400,50400,2524,127500000,797,1727
251270,2026-01-16,09:55:00,50500,50500,50200,50300,2283,115000000,781,1502
251270,2026-01-16,10:00:00,50300,50500,50200,50300,3690,185740000,998,2692
251270,2026-01-16,10:05:00,50300,50400,50200,50300,1374,69180000,733,641
251270,2026-01-16,10:10:00,50300,50500,50300,50300,2370,119370000,739,1631
251270,2026-01-16,10:15:00,50400,50400,50100,50300,2710,136100000,604,2106
251270,2026-01-16,10:20:00,50200,50400,50200,50300,2791,140370000,1404,1387
251270,2026-01-16,10:25:00,50400,50500,50200,50400,2032,102300000,1122,910
251270,2026-01-16,10:30:00,50400,50400,50200,50300,1597,80300000,628,969
251270,2026-01-16,10:35:00,50300,50400,50200,50400,1773,89130000,1026,747
251270,2026-01-16,10:40:00,50200,50400,50200,50300,5538,278590000,648,4890
251270,2026-01-16,10:45:00,50300,50300,50100,50200,1365,68550000,280,1085
251270,2026-01-16,10:50:00,50100,50300,50100,50200,1460,73270000,552,908
251270,2026-01-16,10:55:00,50200,50600,50200,50300,2406,121010000,1515,891
251270,2026-01-16,11:00:00,50300,50500,50300,50400,1987,100030000,519,1468
251270,2026-01-16,11:05:00,50400,50400,50200,50200,865,43480000,194,671
251270,2026-01-16,11:10:00,50300,50300,50200,50250,1286,64600000,357,929
251270,2026-01-16,11:15:00,50300,50300,50200,50200,1121,56300000,246,875
251270,2026-01-16,11:20:00,50200,50300,50200,50200,1609,80780000,148,1461
251270,2026-01-16,11:25:00,50200,50300,50200,50300,1167,58610000,252,915
251270,2026-01-16,11:30:00,50300,50300,50200,50200,1403,70450000,191,1212
251270,2026-01-16,11:35:00,50300,50300,50100,50200,1550,77790000,476,1074
251270,2026-01-16,11:40:00,50100,50200,50100,50100,1257,62990000,176,1081
251270,2026-01-16,11:45:00,50100,50200,50100,50100,2960,148370000,1747,1213
251270,2026-01-16,11:50:00,50100,50200,50100,50100,1080,54110000,159,921
251270,2026-01-16,11:55:00,50100,50200,50100,50100,1397,70030000,412,985
251270,2026-01-16,12:00:00,50100,50200,50100,50200,1307,65530000,475,832
251270,2026-01-16,12:05:00,50100,50200,50100,50100,1467,73510000,311,1156
251270,2026-01-16,12:10:00,50200,50200,50100,50100,1163,58290000,195,968
251270,2026-01-16,12:15:00,50100,50200,50100,50200,1063,53260000,88,975
251270,2026-01-16,12:20:00,50100,50300,50000,50300,2092,104970000,1569,523
251270,2026-01-16,12:25:00,50300,50300,50200,50200,569,28580000,165,404
251270,2026-01-16,12:30:00,50300,50300,50200,50300,1445,72660000,1177,268
251270,2026-01-16,12:35:00,50300,50300,50200,50300,773,38830000,260,513
251270,2026-01-16,12:40:00,50300,50300,50200,50200,743,37320000,275,468
251270,2026-01-16,12:45:00,50300,50400,50300,50400,2149,108200000,2044,105
251270,2026-01-16,12:50:00,50400,50500,50300,50400,2138,107740000,728,1410
251270,2026-01-16,12:55:00,50300,50400,50300,50400,698,35130000,153,545
251270,2026-01-16,13:00:00,50300,50400,50300,50300,1624,81710000,281,1343
251270,2026-01-16,13:05:00,50400,50400,50200,50200,1152,57950000,631,521
251270,2026-01-16,13:10:00,50300,50300,50200,50300,346,17380000,138,208
251270,2026-01-16,13:15:00,50200,50300,50200,50200,1458,73270000,689,769
251270,2026-01-16,13:20:00,50100,50300,50100,50200,799,40120000,183,616
251270,2026-01-16,13:25:00,50200,50300,50100,50100,902,45250000,276,626
251270,2026-01-16,13:30:00,50100,50200,50000,50100,1474,73860000,298,1176
251270,2026-01-16,13:35:00,50200,50200,50000,50100,1507,75510000,421,1086
251270,2026-01-16,13:40:00,50000,50200,50000,50100,1731,86810000,1195,536
251270,2026-01-16,13:45:00,50100,50200,50000,50000,2196,109880000,446,1750
251270,2026-01-16,13:50:00,50000,50100,50000,50100,1392,69640000,444,948
251270,2026-01-16,13:55:00,50000,50100,50000,50000,859,42970000,218,641
251270,2026-01-16,14:00:00,50000,50100,50000,50000,872,43630000,248,624
251270,2026-01-16,14:05:00,50000,50200,50000,50100,3062,153350000,2320,742
251270,2026-01-16,14:10:00,50100,50200,50000,50200,1289,64560000,1030,259
251270,2026-01-16,14:15:00,50100,50200,50000,50200,1538,77110000,862,676
251270,2026-01-16,14:20:00,50200,50200,50100,50100,831,41680000,447,384
251270,2026-01-16,14:25:00,50100,50200,50100,50100,1485,74450000,506,979
251270,2026-01-16,14:30:00,50200,50200,50000,50000,1625,81450000,520,1105
251270,2026-01-16,14:35:00,50100,50200,50000,50100,2508,125610000,1801,707
251270,2026-01-16,14:40:00,50100,50300,50100,50300,1514,76000000,932,582
251270,2026-01-16,14:45:00,50200,50300,50100,50100,744,37310000,187,557
251270,2026-01-16,14:50:00,50100,50200,50100,50200,974,48830000,352,622
251270,2026-01-16,14:55:00,50200,50200,50100,50100,1320,66140000,136,1184
251270,2026-01-16,15:00:00,50100,50200,50000,50000,995,49840000,434,561
251270,2026-01-16,15:05:00,50000,50100,50000,50000,1694,84750000,542,1152
251270,2026-01-16,15:10:00,50000,50200,49950,50200,4385,219490000,2467,1918
251270,2026-01-16,15:15:00,50100,50200,50000,50000,769,38530000,173,596
251270,2026-01-16,15:20:00,50000,50400,50000,50100,3612,181270000,1859,1753
251270,2026-01-16,15:30:00,50100,50100,50100,50100,6907,346040000,6884,0
251270,2026-01-19,09:05:00,48750,49050,48400,48500,9132,443950000,3216,5916
251270,2026-01-19,09:10:00,48450,48750,48000,48450,10178,492140000,2404,7774
251270,2026-01-19,09:15:00,48450,48800,48450,48800,1290,62710000,651,639
251270,2026-01-19,09:20:00,48750,48750,48400,48450,3907,189550000,1406,2501
251270,2026-01-19,09:25:00,48450,49350,48450,49300,10804,529680000,7530,3274
251270,2026-01-19,09:30:00,49300,49400,49050,49150,5750,283130000,3086,2664
251270,2026-01-19,09:35:00,49150,49250,48700,49050,2615,128300000,944,1671
251270,2026-01-19,09:40:00,49050,49050,48750,48750,1603,78410000,767,836
251270,2026-01-19,09:45:00,48800,48900,48700,48750,2814,137360000,2140,674
251270,2026-01-19,09:50:00,48750,48900,48650,48750,2508,122210000,824,1684
251270,2026-01-19,09:55:00,48700,48750,48600,48650,2433,118390000,1228,1205
251270,2026-01-19,10:00:00,48650,48650,48500,48650,2210,107340000,1323,887
251270,2026-01-19,10:05:00,48650,48700,48500,48650,1854,90140000,1167,687
251270,2026-01-19,10:10:00,48700,48750,48650,48750,1472,71680000,862,610
251270,2026-01-19,10:15:00,48700,48800,48700,48750,1153,56190000,766,387
251270,2026-01-19,10:20:00,48750,48800,48700,48800,1650,80490000,1453,197
251270,2026-01-19,10:25:00,48750,48800,48650,48700,2310,112490000,1346,964
251270,2026-01-19,10:30:00,48750,48850,48700,48800,1969,96020000,1271,698
251270,2026-01-19,10:35:00,48750,48800,48550,48700,6446,313630000,1888,4558
251270,2026-01-19,10:40:00,48700,48800,48700,48750,955,46560000,600,355
251270,2026-01-19,10:45:00,48725,48850,48650,48850,1791,87300000,881,910
251270,2026-01-19,10:50:00,48800,48850,48750,48800,766,37400000,545,221
251270,2026-01-19,10:55:00,48750,48850,48750,48850,907,44280000,581,326
251270,2026-01-19,11:00:00,48800,48950,48750,48900,1131,55240000,656,475
251270,2026-01-19,11:05:00,48900,49000,48900,48950,1525,74640000,956,569
251270,2026-01-19,11:10:00,49000,49050,48800,48850,1766,86380000,730,1036
251270,2026-01-19,11:15:00,48900,49050,48800,49000,1344,65770000,858,486
251270,2026-01-19,11:20:00,49000,49050,48900,49000,1469,71990000,1024,445
251270,2026-01-19,11:25:00,48950,49050,48950,49000,909,44540000,588,321
251270,2026-01-19,11:30:00,48950,49050,48950,49050,1266,62070000,720,546
251270,2026-01-19,11:35:00,49100,49150,49000,49050,1721,84460000,974,747
251270,2026-01-19,11:40:00,49100,49250,49000,49025,3095,152080000,1147,1948
251270,2026-01-19,11:45:00,49025,49150,49000,49150,1628,79950000,1136,492
251270,2026-01-19,11:50:00,49150,49200,49050,49100,1870,91890000,1200,670
251270,2026-01-19,11:55:00,49050,49150,49050,49100,999,49090000,772,227
251270,2026-01-19,12:00:00,49100,49150,48950,48950,1545,75860000,622,923
251270,2026-01-19,12:05:00,49050,49100,49000,49000,1067,52370000,716,351
251270,2026-01-19,12:10:00,49050,49050,49000,49000,1002,49140000,815,187
251270,2026-01-19,12:15:00,49000,49050,48900,48900,1951,95590000,740,1211
251270,2026-01-19,12:20:00,48900,49050,48900,49050,1303,63850000,809,494
251270,2026-01-19,12:25:00,49000,49150,49000,49100,1270,62330000,824,446
251270,2026-01-19,12:30:00,49100,49150,48950,49050,1457,71480000,813,644
251270,2026-01-19,12:35:00,49000,49100,49000,49050,941,46160000,787,154
251270,2026-01-19,12:40:00,49050,49100,48950,49100,2193,107530000,1044,1149
251270,2026-01-19,12:45:00,49050,49100,49000,49050,1020,50040000,647,373
251270,2026-01-19,12:50:00,49050,49050,48950,49000,1289,63170000,942,347
251270,2026-01-19,12:55:00,48950,49050,48850,48950,2095,102550000,672,1423
251270,2026-01-19,13:00:00,48900,49000,48900,49000,953,46660000,743,210
251270,2026-01-19,13:05:00,48950,49050,48950,49050,1958,95960000,1525,433
251270,2026-01-19,13:10:00,49050,49050,48950,49000,1076,52740000,553,523
251270,2026-01-19,13:15:00,49000,49000,48950,48950,1002,49080000,650,352
251270,2026-01-19,13:20:00,48950,49100,48950,49050,2309,113180000,1549,760
251270,2026-01-19,13:25:00,49000,49100,49000,49050,1322,64850000,827,495
251270,2026-01-19,13:30:00,49050,49100,49000,49050,1347,66080000,609,738
251270,2026-01-19,13:35:00,49050,49100,49050,49100,899,44130000,668,231
251270,2026-01-19,13:40:00,49100,49150,49050,49100,1763,86590000,897,866
251270,2026-01-19,13:45:00,49100,49150,49100,49150,1366,67110000,693,673
251270,2026-01-19,13:50:00,49100,49150,49050,49100,1384,67960000,906,478
251270,2026-01-19,13:55:00,49050,49150,49000,49050,1179,57870000,618,561
251270,2026-01-19,14:00:00,49050,49200,48950,49000,3207,157380000,788,2419
251270,2026-01-19,14:05:00,48950,49050,48950,49000,1670,81810000,652,1018
251270,2026-01-19,14:10:00,48950,49000,48900,48950,2552,124940000,978,1574
251270,2026-01-19,14:15:00,48950,49000,48900,48950,1889,92470000,763,1126
251270,2026-01-19,14:20:00,48950,49050,48900,48950,2874,140760000,1500,1374
251270,2026-01-19,14:25:00,48950,49050,48950,49000,2093,102560000,971,1122
251270,2026-01-19,14:30:00,49000,49100,49000,49050,2954,144900000,713,2241
251270,2026-01-19,14:35:00,49050,49100,49000,49000,1944,95370000,711,1233
251270,2026-01-19,14:40:00,49050,49100,49000,49050,2675,131220000,1017,1658
251270,2026-01-19,14:45:00,49050,49100,49000,49000,2351,115360000,1110,1241
251270,2026-01-19,14:50:00,49100,49100,49000,49050,2805,137580000,801,2004
251270,2026-01-19,14:55:00,49000,49100,49000,49050,3066,150340000,1743,1323
251270,2026-01-19,15:00:00,49050,49050,49000,49000,2675,131120000,777,1898
251270,2026-01-19,15:05:00,49000,49050,48950,49000,2955,144840000,1120,1835
251270,2026-01-19,15:10:00,49050,49050,48950,49000,2210,108330000,786,1424
251270,2026-01-19,15:15:00,49000,49050,48950,48950,2485,121790000,724,1761
251270,2026-01-19,15:20:00,48950,49100,48950,49050,3548,173910000,2141,1407
251270,2026-01-19,15:30:00,48900,48900,48900,48900,8998,439990000,8995,0
251270,2026-01-20,09:05:00,48700,49800,48700,49700,6597,325040000,6293,304
251270,2026-01-20,09:10:00,49700,50200,49500,49950,9731,485100000,6324,3407
251270,2026-01-20,09:15:00,49950,50300,49950,50100,7661,383880000,4868,2793
251270,2026-01-20,09:20:00,50100,50200,49700,49950,7725,385700000,4203,3522
251270,2026-01-20,09:25:00,50000,50700,49950,50500,11023,556070000,7422,3601
251270,2026-01-20,09:30:00,50500,50600,50200,50200,4910,247750000,2707,2203
251270,2026-01-20,09:35:00,50300,50900,50200,50700,7668,387810000,5587,2081
251270,2026-01-20,09:40:00,50800,50900,50600,50900,3417,173360000,2953,464
251270,2026-01-20,09:45:00,50900,50900,50500,50600,4521,229410000,2897,1624
251270,2026-01-20,09:50:00,50600,50900,50600,50800,5380,273050000,3486,1894
251270,2026-01-20,09:55:00,50900,51400,50800,51300,10919,558370000,8932,1987
251270,2026-01-20,10:00:00,51200,51200,50600,50700,4586,233020000,2912,1674
251270,2026-01-20,10:05:00,50700,50900,50700,50800,1811,91890000,1263,548
251270,2026-01-20,10:10:00,50700,50900,50600,50700,1762,89450000,1080,682
251270,2026-01-20,10:15:00,50700,50700,50500,50500,2319,117300000,1126,1193
251270,2026-01-20,10:20:00,50500,50600,50500,50600,1703,86100000,751,952
251270,2026-01-20,10:25:00,50500,50600,50400,50500,672,33950000,390,282
251270,2026-01-20,10:30:00,50500,50600,50300,50600,1996,100720000,1348,648
251270,2026-01-20,10:35:00,50500,50600,50400,50500,2214,111800000,1239,975
251270,2026-01-20,10:40:00,50500,50500,50300,50500,2431,122610000,827,1604
251270,2026-01-20,10:45:00,50500,50500,50300,50400,991,49960000,504,487
251270,2026-01-20,10:50:00,50400,50600,50400,50600,670,33830000,455,215
251270,2026-01-20,10:55:00,50600,50600,50400,50500,1098,55460000,351,747
251270,2026-01-20,11:00:00,50500,50550,50400,50500,1431,72260000,826,605
251270,2026-01-20,11:05:00,50500,50600,50400,50500,435,21960000,215,220
251270,2026-01-20,11:10:00,50500,50600,50400,50500,918,46370000,347,571
251270,2026-01-20,11:15:00,50600,51300,50400,51200,16828,856170000,13120,3708
251270,2026-01-20,11:20:00,51200,51300,51100,51200,3220,164780000,2450,770
251270,2026-01-20,11:25:00,51200,51300,51100,51200,1640,83890000,717,923
251270,2026-01-20,11:30:00,51200,51200,51000,51200,1694,86620000,1174,520
251270,2026-01-20,11:35:00,51200,51300,51100,51100,3831,196310000,3248,583
251270,2026-01-20,11:40:00,51100,51300,51100,51300,2031,104050000,1363,668
251270,2026-01-20,11:45:00,51300,51400,51200,51300,4679,240000000,3499,1180
251270,2026-01-20,11:50:00,51300,51400,51200,51300,1929,98930000,1508,421
251270,2026-01-20,11:55:00,51300,51400,51200,51400,2014,103340000,1544,470
251270,2026-01-20,12:00:00,51300,51400,51300,51400,1483,76190000,1135,348
251270,2026-01-20,12:05:00,51300,51400,51300,51300,1540,79100000,1002,538
251270,2026-01-20,12:10:00,51300,51400,51300,51300,1402,72050000,1242,160
251270,2026-01-20,12:15:00,51300,51400,51200,51200,2090,107230000,1080,1010
251270,2026-01-20,12:20:00,51200,51300,51200,51300,1647,84460000,1298,349
251270,2026-01-20,12:25:00,51300,51300,51100,51200,3425,175460000,2550,875
251270,2026-01-20,12:30:00,51200,51300,51100,51300,1886,96680000,1463,423
251270,2026-01-20,12:35:00,51300,51300,51200,51300,1492,76510000,1196,296
251270,2026-01-20,12:40:00,51300,51400,51200,51300,1336,68520000,1042,294
251270,2026-01-20,12:45:00,51200,51300,51100,51100,3236,165600000,2013,1223
251270,2026-01-20,12:50:00,51000,51200,51000,51100,1071,54790000,923,148
251270,2026-01-20,12:55:00,51100,51200,51100,51200,872,44640000,775,97
251270,2026-01-20,13:00:00,51200,51300,51100,51300,878,45010000,714,164
251270,2026-01-20,13:05:00,51300,51300,51200,51200,1067,54730000,929,138
251270,2026-01-20,13:10:00,51300,51300,51200,51300,2034,104300000,1194,840
251270,2026-01-20,13:15:00,51300,51400,51200,51300,2026,103970000,1348,678
251270,2026-01-20,13:20:00,51300,51400,51300,51300,1573,80750000,764,809
251270,2026-01-20,13:25:00,51200,51400,51200,51300,832,42750000,663,169
251270,2026-01-20,13:30:00,51300,51400,51300,51400,1574,80810000,636,938
251270,2026-01-20,13:35:00,51300,51400,51300,51400,994,51060000,727,267
251270,2026-01-20,13:40:00,51300,51400,51300,51300,1432,73540000,748,684
251270,2026-01-20,13:45:00,51400,51400,51300,51300,2150,110440000,1461,689
251270,2026-01-20,13:50:00,51300,51400,51300,51400,2064,106060000,1814,250
251270,2026-01-20,13:55:00,51300,51500,51300,51400,2602,133750000,2016,586
251270,2026-01-20,14:00:00,51300,51500,51200,51300,2059,105640000,906,1153
251270,2026-01-20,14:05:00,51300,51300,51100,51200,2179,111620000,1293,886
251270,2026-01-20,14:10:00,51100,51300,51100,51300,1813,92930000,1474,339
251270,2026-01-20,14:15:00,51300,51400,51100,51200,1640,84010000,777,863
251270,2026-01-20,14:20:00,51200,51300,51000,51100,2176,111260000,945,1231
251270,2026-01-20,14:25:00,51100,51200,51000,51100,1488,76040000,847,641
251270,2026-01-20,14:30:00,51100,51300,51000,51300,2284,116850000,1752,532
251270,2026-01-20,14:35:00,51300,51300,51100,51200,1237,63370000,501,736
251270,2026-01-20,14:40:00,51300,51400,51100,51200,2100,107680000,1482,618
251270,2026-01-20,14:45:00,51300,51400,51100,51200,1675,85840000,1225,450
251270,2026-01-20,14:50:00,51200,51400,51000,51400,4622,236960000,2416,2206
251270,2026-01-20,14:55:00,51400,51400,51200,51300,1937,99420000,1408,529
251270,2026-01-20,15:00:00,51300,51400,51200,51200,1330,68250000,560,770
251270,2026-01-20,15:05:00,51200,51400,51100,51300,1432,73430000,795,637
251270,2026-01-20,15:10:00,51200,51300,51100,51100,1731,88610000,859,872
251270,2026-01-20,15:15:00,51100,51300,50900,51200,2294,117240000,979,1315
251270,2026-01-20,15:20:00,51200,51300,50800,51200,2511,128150000,1154,1357
251270,2026-01-20,15:30:00,51000,51000,51000,51000,8404,428610000,8404,0
251270,2026-01-21,09:05:00,50100,50300,49550,49700,6989,348180000,2050,4939
251270,2026-01-21,09:10:00,49700,49850,49450,49800,7882,391190000,3148,4734
251270,2026-01-21,09:15:00,49850,49900,49450,49500,10350,513890000,3270,7080
251270,2026-01-21,09:20:00,49500,49600,49450,49550,6011,297620000,2162,3849
251270,2026-01-21,09:25:00,49550,49850,49550,49750,3362,167180000,1679,1683
251270,2026-01-21,09:30:00,49800,50000,49800,49950,1455,72600000,963,492
251270,2026-01-21,09:35:00,49950,50100,49950,50000,2450,122500000,952,1498
251270,2026-01-21,09:40:00,50100,50100,49950,50100,1991,99580000,651,1340
251270,2026-01-21,09:45:00,50100,50100,49850,50000,2871,143530000,1172,1699
251270,2026-01-21,09:50:00,50000,50100,49900,50100,2945,147140000,1320,1625
251270,2026-01-21,09:55:00,50000,50100,49600,49650,5513,274500000,882,4631
251270,2026-01-21,10:00:00,49650,49700,49600,49600,3226,160160000,1189,2037
251270,2026-01-21,10:05:00,49600,49700,49600,49650,1768,87800000,882,886
251270,2026-01-21,10:10:00,49700,49750,49600,49750,1340,66580000,869,471
251270,2026-01-21,10:15:00,49750,49750,49650,49650,2126,105700000,717,1409
251270,2026-01-21,10:20:00,49650,49800,49650,49750,2303,114520000,679,1624
251270,2026-01-21,10:25:00,49800,49850,49700,49750,1189,59170000,572,617
251270,2026-01-21,10:30:00,49800,49800,49500,49600,4162,206560000,1615,2547
251270,2026-01-21,10:35:00,49600,49650,49400,49450,19062,944080000,1496,17566
251270,2026-01-21,10:40:00,49450,49500,49350,49500,3039,150230000,1677,1362
251270,2026-01-21,10:45:00,49450,49500,49450,49450,1295,64050000,373,922
251270,2026-01-21,10:50:00,49500,49500,49300,49300,5007,247330000,570,4437
251270,2026-01-21,10:55:00,49300,49400,49250,49350,1256,61950000,761,495
251270,2026-01-21,11:00:00,49350,49400,49300,49350,1258,62090000,280,978
251270,2026-01-21,11:05:00,49350,49400,49200,49300,4252,209520000,485,3767
251270,2026-01-21,11:10:00,49300,49350,49200,49300,2104,103660000,632,1472
251270,2026-01-21,11:15:00,49250,49300,49100,49250,4526,222700000,516,4010
251270,2026-01-21,11:20:00,49250,49250,49100,49200,1179,57950000,213,966
251270,2026-01-21,11:25:00,49200,49200,49100,49150,1593,78300000,780,813
251270,2026-01-21,11:30:00,49150,49250,49100,49100,2209,108630000,265,1944
251270,2026-01-21,11:35:00,49150,49200,49000,49050,1433,70350000,262,1171
251270,2026-01-21,11:40:00,49050,49150,48950,49000,7831,384030000,1169,6662
251270,2026-01-21,11:45:00,49100,49100,48950,48950,2087,102250000,513,1574
251270,2026-01-21,11:50:00,48950,49000,48800,48850,4196,205010000,333,3863
251270,2026-01-21,11:55:00,48850,49000,48800,48950,1791,87580000,560,1231
251270,2026-01-21,12:00:00,48900,48950,48750,48800,3466,169390000,345,3121
251270,2026-01-21,12:05:00,48800,48950,48750,48950,1500,73250000,553,947
251270,2026-01-21,12:10:00,48950,49050,48950,49000,1410,69090000,839,571
251270,2026-01-21,12:15:00,49000,49100,48950,49050,1208,59210000,328,880
251270,2026-01-21,12:20:00,49050,49100,49000,49050,591,28990000,174,417
251270,2026-01-21,12:25:00,49050,49100,49000,49050,948,46510000,222,726
251270,2026-01-21,12:30:00,49050,49200,49000,49200,7613,373840000,7142,471
251270,2026-01-21,12:35:00,49200,49250,49150,49250,855,42070000,437,418
251270,2026-01-21,12:40:00,49200,49300,49150,49150,1289,63460000,651,638
251270,2026-01-21,12:45:00,49200,49350,49200,49300,1218,60060000,714,504
251270,2026-01-21,12:50:00,49350,49350,49150,49200,1545,76120000,119,1426
251270,2026-01-21,12:55:00,49200,49250,49050,49100,964,47400000,141,823
251270,2026-01-21,13:00:00,49075,49100,49050,49050,640,31410000,212,428
251270,2026-01-21,13:05:00,49100,49150,49050,49100,911,44730000,702,209
251270,2026-01-21,13:10:00,49150,49150,49000,49050,1296,63600000,220,1076
251270,2026-01-21,13:15:00,49050,49100,49000,49050,1709,83850000,633,1076
251270,2026-01-21,13:20:00,49050,49100,49000,49000,1415,69420000,859,556
251270,2026-01-21,13:25:00,49000,49050,49000,49050,448,21960000,199,249
251270,2026-01-21,13:30:00,49025,49100,49000,49050,1452,71190000,702,750
251270,2026-01-21,13:35:00,49000,49050,48950,49000,1963,96190000,478,1485
251270,2026-01-21,13:40:00,49050,49050,49000,49050,1027,50360000,554,473
251270,2026-01-21,13:45:00,49000,49050,49000,49050,683,33480000,303,380
251270,2026-01-21,13:50:00,49000,49050,48900,49000,5208,255000000,1366,3842
251270,2026-01-21,13:55:00,49000,49100,48950,49050,2308,113170000,2137,171
251270,2026-01-21,14:00:00,49050,49150,49000,49000,1600,78530000,699,901
251270,2026-01-21,14:05:00,49050,49100,49000,49100,812,39830000,351,461
251270,2026-01-21,14:10:00,49100,49100,49050,49100,547,26840000,179,368
251270,2026-01-21,14:15:00,49050,49250,49050,49200,1445,71000000,1185,260
251270,2026-01-21,14:20:00,49250,49300,49150,49150,1619,79720000,715,904
251270,2026-01-21,14:25:00,49150,49200,49100,49100,1110,54550000,167,943
251270,2026-01-21,14:30:00,49100,49150,49000,49000,1390,68220000,304,1086
251270,2026-01-21,14:35:00,49050,49050,49000,49000,1218,59710000,703,515
251270,2026-01-21,14:40:00,49000,49100,49000,49100,738,36220000,539,199
251270,2026-01-21,14:45:00,49100,49300,49050,49300,1926,94650000,1080,846
251270,2026-01-21,14:50:00,49200,49300,49100,49100,1049,51610000,265,784
251270,2026-01-21,14:55:00,49100,49250,49100,49100,1261,61990000,263,998
251270,2026-01-21,15:00:00,49100,49150,49050,49050,1959,96190000,423,1536
251270,2026-01-21,15:05:00,49050,49100,49050,49050,1103,54120000,336,767
251270,2026-01-21,15:10:00,49050,49100,49050,49050,1468,72020000,352,1116
251270,2026-01-21,15:15:00,49050,49200,49050,49200,2216,108910000,1204,1012
251270,2026-01-21,15:20:00,49150,49250,49050,49150,3937,193550000,1504,2433
251270,2026-01-21,15:30:00,49100,49100,49100,49100,6207,304760000,6207,0
251270,2026-01-22,09:05:00,48950,49700,48950,49550,6061,298270000,4254,1807
251270,2026-01-22,09:10:00,49550,49700,49300,49450,2186,108140000,1012,1174
251270,2026-01-22,09:15:00,49500,50300,49500,50100,22251,1111240000,18071,4180
251270,2026-01-22,09:20:00,50100,50300,50000,50000,2376,119210000,1416,960
251270,2026-01-22,09:25:00,50100,50300,50000,50100,2591,129990000,1874,717
251270,2026-01-22,09:30:00,50100,50800,50100,50500,6125,308800000,4660,1465
251270,2026-01-22,09:35:00,50600,50800,50000,50700,5835,294750000,2903,2932
251270,2026-01-22,09:40:00,50500,51100,50500,50800,9748,495350000,7306,2442
251270,2026-01-22,09:45:00,50900,51100,50700,50800,6159,313810000,3534,2625
251270,2026-01-22,09:50:00,50800,50800,50600,50600,1864,94440000,849,1015
251270,2026-01-22,09:55:00,50600,50800,50400,50700,1909,96670000,1392,517
251270,2026-01-22,10:00:00,50700,51000,50700,51000,2227,113300000,1339,888
251270,2026-01-22,10:05:00,51000,51200,50800,51000,7050,359710000,4901,2149
251270,2026-01-22,10:10:00,51000,51300,50900,51100,10893,556800000,8602,2291
251270,2026-01-22,10:15:00,51100,51300,51100,51300,3999,204610000,2436,1563
251270,2026-01-22,10:20:00,51200,51300,50900,51100,2830,144620000,1023,1807
251270,2026-01-22,10:25:00,50900,51100,50900,50900,1302,66390000,493,809
251270,2026-01-22,10:30:00,50900,51100,50800,50800,1721,87600000,764,957
251270,2026-01-22,10:35:00,50900,51100,50700,50900,1767,90040000,1066,701
251270,2026-01-22,10:40:00,50800,51000,50700,50700,1172,59550000,625,547
251270,2026-01-22,10:45:00,50700,51000,50700,50700,1192,60570000,598,594
251270,2026-01-22,10:50:00,50800,51000,50700,50800,954,48490000,476,478
251270,2026-01-22,10:55:00,50800,51000,50700,50800,2115,107700000,1374,741
251270,2026-01-22,11:00:00,50800,51100,50800,50900,1730,88180000,1188,542
251270,2026-01-22,11:05:00,50900,51100,50800,50800,1191,60700000,381,810
251270,2026-01-22,11:10:00,50900,50900,50800,50900,908,46180000,572,336
251270,2026-01-22,11:15:00,50800,51000,50800,50800,991,50440000,702,289
251270,2026-01-22,11:20:00,50800,51000,50800,51000,1441,73320000,537,904
251270,2026-01-22,11:25:00,51000,51000,50800,50900,1428,72640000,512,916
251270,2026-01-22,11:30:00,50900,51000,50800,50900,1310,66690000,1086,224
251270,2026-01-22,11:35:00,51000,51000,50700,50900,2174,110670000,1172,1002
251270,2026-01-22,11:40:00,50800,51000,50700,50900,1766,89860000,1297,469
251270,2026-01-22,11:45:00,50900,51000,50800,50900,1612,82040000,936,676
251270,2026-01-22,11:50:00,50900,51100,50800,51100,2669,136090000,2252,417
251270,2026-01-22,11:55:00,51100,51200,50900,50900,2897,147940000,2013,884
251270,2026-01-22,12:00:00,51000,51100,50900,51000,1200,61240000,746,454
251270,2026-01-22,12:05:00,51000,51100,50900,51000,1242,63340000,948,294
251270,2026-01-22,12:10:00,50900,51100,50900,50900,1961,99940000,678,1283
251270,2026-01-22,12:15:00,50900,51000,50800,50800,920,46850000,821,99
251270,2026-01-22,12:20:00,50800,51100,50800,50900,1583,80670000,1218,365
251270,2026-01-22,12:25:00,51000,51100,50900,51000,1442,73560000,703,739
251270,2026-01-22,12:30:00,50900,51000,50800,51000,1458,74260000,577,881
251270,2026-01-22,12:35:00,51000,51000,50800,51000,1970,100270000,750,1220
251270,2026-01-22,12:40:00,51000,51000,50700,50900,2170,110410000,1130,1040
251270,2026-01-22,12:45:00,50800,51000,50700,50900,1669,84880000,1017,652
251270,2026-01-22,12:50:00,50900,51000,50800,51000,997,50740000,831,166
251270,2026-01-22,12:55:00,50900,51000,50800,50800,1011,51460000,899,112
251270,2026-01-22,13:00:00,50900,51000,50800,50900,1659,84400000,965,694
251270,2026-01-22,13:05:00,50800,50900,50800,50800,1221,62100000,719,502
251270,2026-01-22,13:10:00,50800,51000,50800,51000,1643,83630000,1166,477
251270,2026-01-22,13:15:00,51000,51000,50800,51000,1373,69890000,1206,167
251270,2026-01-22,13:20:00,50900,51000,50800,50900,2656,135020000,983,1673
251270,2026-01-22,13:25:00,50900,50900,50800,50900,1187,60360000,672,515
251270,2026-01-22,13:30:00,50900,51000,50800,51000,1495,76090000,1360,135
251270,2026-01-22,13:35:00,51000,51000,50800,50800,1327,67580000,784,543
251270,2026-01-22,13:40:00,50900,50900,50800,50900,1191,60610000,1079,112
251270,2026-01-22,13:45:00,50900,51000,50800,50800,2159,109810000,763,1396
251270,2026-01-22,13:50:00,50900,50900,50700,50800,2264,115060000,1135,1129
251270,2026-01-22,13:55:00,50900,51000,50800,50800,1362,69310000,1093,269
251270,2026-01-22,14:00:00,50800,50900,50800,50900,1190,60540000,937,253
251270,2026-01-22,14:05:00,50900,50900,50700,50800,2468,125380000,1008,1460
251270,2026-01-22,14:10:00,50800,50900,50700,50700,1307,66360000,637,670
251270,2026-01-22,14:15:00,50800,50900,50700,50800,1652,83900000,1242,410
251270,2026-01-22,14:20:00,50800,51000,50700,50900,2881,146560000,2200,681
251270,2026-01-22,14:25:00,50900,51000,50900,50900,4191,213630000,3028,1163
251270,2026-01-22,14:30:00,50900,51100,50900,51000,4196,213950000,3219,977
251270,2026-01-22,14:35:00,51100,51200,51000,51100,3709,189450000,2668,1041
251270,2026-01-22,14:40:00,51100,51200,50900,51100,3453,176400000,1886,1567
251270,2026-01-22,14:45:00,51100,51200,50900,51000,4175,213240000,2397,1778
251270,2026-01-22,14:50:00,51100,51200,50900,51000,3934,200790000,1829,2105
251270,2026-01-22,14:55:00,51100,51200,50900,51100,4167,212840000,2327,1840
251270,2026-01-22,15:00:00,51000,51200,51000,51000,3354,171410000,2692,662
251270,2026-01-22,15:05:00,51000,51200,50900,51100,3017,153990000,1427,1590
251270,2026-01-22,15:10:00,51000,51200,50900,50900,2587,132040000,874,1713
251270,2026-01-22,15:15:00,50900,51100,50800,50800,1972,100450000,705,1267
251270,2026-01-22,15:20:00,50900,51100,50800,51100,2641,134480000,2386,255
251270,2026-01-22,15:30:00,50900,50900,50900,50900,9035,459880000,9034,0
251270,2026-01-23,09:05:00,51000,51100,50500,50900,7308,371290000,2064,5244
251270,2026-01-23,09:10:00,50900,51200,50800,50900,2740,139700000,1348,1392
251270,2026-01-23,09:15:00,50900,51300,50800,51300,3280,167180000,2187,1093
251270,2026-01-23,09:20:00,51300,51400,50800,51000,2668,136100000,771,1897
251270,2026-01-23,09:25:00,50900,51000,50800,50800,1758,89480000,791,967
251270,2026-01-23,09:30:00,50800,50900,50400,50600,2130,107980000,418,1712
251270,2026-01-23,09:35:00,50600,50700,50400,50700,1277,64580000,584,693
251270,2026-01-23,09:40:00,50700,50800,50500,50600,1200,60720000,340,860
251270,2026-01-23,09:45:00,50700,50800,50600,50800,457,23150000,157,300
251270,2026-01-23,09:50:00,50800,50800,50600,50800,637,32350000,526,111
251270,2026-01-23,09:55:00,50700,50900,50600,50800,1416,71870000,652,764
251270,2026-01-23,10:00:00,50600,50900,50600,50700,791,40220000,564,227
251270,2026-01-23,10:05:00,50900,51000,50600,50800,1302,66080000,404,898
251270,2026-01-23,10:10:00,50800,51000,50600,50900,2027,103000000,793,1234
251270,2026-01-23,10:15:00,50900,51000,50800,50900,2462,125190000,1310,1152
251270,2026-01-23,10:20:00,50900,51100,50900,51000,1863,95000000,1159,704
251270,2026-01-23,10:25:00,51000,51100,50900,51000,593,30280000,407,186
251270,2026-01-23,10:30:00,51000,51200,51000,51100,2267,115810000,970,1297
251270,2026-01-23,10:35:00,51100,51300,51100,51200,1771,90690000,1448,323
251270,2026-01-23,10:40:00,51200,51300,51100,51200,3949,202200000,1800,2149
251270,2026-01-23,10:45:00,51200,51300,51100,51200,1502,76930000,369,1133
251270,2026-01-23,10:50:00,51100,51200,51000,51000,2236,114250000,1036,1200
251270,2026-01-23,10:55:00,51000,51200,50900,50900,1459,74450000,452,1007
251270,2026-01-23,11:00:00,50900,51000,50900,50900,793,40400000,358,435
251270,2026-01-23,11:05:00,51000,51200,50900,51100,4414,225530000,1875,2539
251270,2026-01-23,11:10:00,51100,51300,51100,51300,2841,145470000,2247,594
251270,2026-01-23,11:15:00,51300,51300,51100,51200,528,27020000,247,281
251270,2026-01-23,11:20:00,51100,51200,51100,51100,692,35410000,351,341
251270,2026-01-23,11:25:00,51100,51300,51100,51200,565,28930000,374,191
251270,2026-01-23,11:30:00,51200,51500,51100,51400,9931,509140000,8648,1283
251270,2026-01-23,11:35:00,51400,51500,51400,51500,2161,111090000,211,1950
251270,2026-01-23,11:40:00,51400,51500,51400,51500,1832,94320000,1594,238
251270,2026-01-23,11:45:00,51500,51600,51400,51500,2202,113410000,1768,434
251270,2026-01-23,11:50:00,51500,51600,51400,51400,1693,87170000,812,881
251270,2026-01-23,11:55:00,51400,51500,51300,51500,2824,145160000,302,2522
251270,2026-01-23,12:00:00,51500,51500,51400,51400,789,40580000,201,588
251270,2026-01-23,12:05:00,51400,51500,51200,51200,1622,83340000,119,1503
251270,2026-01-23,12:10:00,51300,51300,51200,51300,236,12100000,155,81
251270,2026-01-23,12:15:00,51200,51400,51200,51200,1304,66890000,827,477
251270,2026-01-23,12:20:00,51200,51300,51200,51200,320,16410000,207,113
251270,2026-01-23,12:25:00,51200,51300,51200,51300,470,24100000,338,132
251270,2026-01-23,12:30:00,51300,51400,51200,51200,2379,121980000,800,1579
251270,2026-01-23,12:35:00,51200,51300,51200,51200,259,13280000,196,63
251270,2026-01-23,12:40:00,51300,51500,51200,51400,949,48730000,877,72
251270,2026-01-23,12:45:00,51400,51500,51300,51400,467,24010000,154,313
251270,2026-01-23,12:50:00,51300,51500,51300,51400,457,23480000,284,173
251270,2026-01-23,12:55:00,51400,51500,51300,51300,1591,81780000,1104,487
251270,2026-01-23,13:00:00,51500,51500,51300,51300,538,27640000,206,332
251270,2026-01-23,13:05:00,51300,51400,51300,51400,344,17670000,242,102
251270,2026-01-23,13:10:00,51300,51400,51300,51300,1459,74900000,480,979
251270,2026-01-23,13:15:00,51200,51300,51200,51200,731,37480000,469,262
251270,2026-01-23,13:20:00,51200,51400,51200,51400,468,24020000,330,138
251270,2026-01-23,13:25:00,51400,51400,51200,51400,749,38470000,514,235
251270,2026-01-23,13:30:00,51300,51500,51300,51400,1186,61000000,987,199
251270,2026-01-23,13:35:00,51400,51500,51400,51400,2279,117180000,1084,1195
251270,2026-01-23,13:40:00,51500,51600,51300,51400,3941,202840000,2725,1216
251270,2026-01-23,13:45:00,51400,51500,51300,51400,1292,66490000,836,456
251270,2026-01-23,13:50:00,51400,51500,51300,51400,980,50380000,480,500
251270,2026-01-23,13:55:00,51400,51500,51200,51300,2517,129360000,1536,981
251270,2026-01-23,14:00:00,51200,51400,51100,51200,944,48370000,399,545
251270,2026-01-23,14:05:00,51200,51300,51100,51100,944,48350000,355,589
251270,2026-01-23,14:10:00,51200,51400,51100,51300,1722,88250000,1234,488
251270,2026-01-23,14:15:00,51200,51500,51200,51300,1829,93920000,1756,73
251270,2026-01-23,14:20:00,51400,51500,51300,51500,2829,145450000,2499,330
251270,2026-01-23,14:25:00,51500,51600,51400,51500,5192,267330000,3710,1482
251270,2026-01-23,14:30:00,51500,51600,51400,51600,3237,166770000,1828,1409
251270,2026-01-23,14:35:00,51600,51700,51500,51500,3844,198320000,2481,1363
251270,2026-01-23,14:40:00,51500,51700,51500,51700,5279,272630000,4369,910
251270,2026-01-23,14:45:00,51700,51800,51600,51800,1636,84570000,1017,619
251270,2026-01-23,14:50:00,51800,51800,51600,51800,3803,196720000,1870,1933
251270,2026-01-23,14:55:00,51700,51800,51700,51800,1935,100210000,1701,234
251270,2026-01-23,15:00:00,51750,51800,51600,51600,3972,205360000,1211,2761
251270,2026-01-23,15:05:00,51700,51800,51600,51700,1994,103200000,1480,514
251270,2026-01-23,15:10:00,51800,51900,51700,51800,2667,138140000,2437,230
251270,2026-01-23,15:15:00,51750,51900,51700,51700,4113,213080000,3580,533
251270,2026-01-23,15:20:00,51800,51800,51600,51800,7239,374530000,3397,3842
251270,2026-01-23,15:30:00,51800,51800,51800,51800,12865,666400000,12865,0
251270,2026-01-26,09:05:00,52000,52700,51800,52600,7097,370550000,5244,1853
251270,2026-01-26,09:10:00,52700,52700,52300,52400,2612,137080000,1440,1172
251270,2026-01-26,09:15:00,52500,52700,52300,52500,4394,230690000,2614,1780
251270,2026-01-26,09:20:00,52600,52800,52400,52600,12798,673820000,4309,8489
251270,2026-01-26,09:25:00,52600,52700,52300,52500,4934,259120000,1183,3751
251270,2026-01-26,09:30:00,52500,52500,52100,52200,6670,349060000,4880,1790
251270,2026-01-26,09:35:00,52200,52450,52100,52400,1608,84190000,1197,411
251270,2026-01-26,09:40:00,52400,52600,52300,52600,1284,67420000,832,452
251270,2026-01-26,09:45:00,52500,52500,52200,52400,2473,129490000,1393,1080
251270,2026-01-26,09:50:00,52300,52600,52300,52600,6311,330760000,5352,959
251270,2026-01-26,09:55:00,52600,52600,52000,52100,3143,164210000,1037,2106
251270,2026-01-26,10:00:00,52100,52300,52000,52000,2469,128630000,763,1706
251270,2026-01-26,10:05:00,52000,52100,51900,52100,1455,75660000,791,664
251270,2026-01-26,10:10:00,52100,52200,51800,51900,3855,200470000,2412,1443
251270,2026-01-26,10:15:00,51900,52200,51900,52000,1462,76040000,1171,291
251270,2026-01-26,10:20:00,52100,52300,51900,52000,861,44790000,641,220
251270,2026-01-26,10:25:00,52000,52100,51900,52100,1409,73280000,1005,404
251270,2026-01-26,10:30:00,52100,52300,52000,52300,2010,104780000,1417,593
251270,2026-01-26,10:35:00,52300,52400,52100,52200,2488,130060000,1652,836
251270,2026-01-26,10:40:00,52300,52300,52100,52100,1728,90170000,653,1075
251270,2026-01-26,10:45:00,52100,52400,52100,52400,2318,121190000,1334,984
251270,2026-01-26,10:50:00,52300,52400,52200,52200,3493,182660000,1759,1734
251270,2026-01-26,10:55:00,52200,52400,52000,52100,3427,178910000,461,2966
251270,2026-01-26,11:00:00,52000,52300,52000,52200,891,46490000,721,170
251270,2026-01-26,11:05:00,52300,52400,52200,52200,2351,122940000,1546,805
251270,2026-01-26,11:10:00,52300,52300,52200,52300,1034,54070000,937,97
251270,2026-01-26,11:15:00,52300,52300,52000,52200,1795,93580000,770,1025
251270,2026-01-26,11:20:00,52200,52200,52000,52200,868,45280000,743,125
251270,2026-01-26,11:25:00,52100,52200,51900,52000,4891,254140000,791,4100
251270,2026-01-26,11:30:00,52000,52000,51800,52000,1089,56550000,499,590
251270,2026-01-26,11:35:00,52000,52000,51800,52000,1307,67840000,708,599
251270,2026-01-26,11:40:00,52000,52100,51800,52100,3293,170980000,1467,1826
251270,2026-01-26,11:45:00,52100,52100,52000,52000,363,18910000,307,56
251270,2026-01-26,11:50:00,52000,52100,51900,52000,960,49960000,502,458
251270,2026-01-26,11:55:00,52100,52100,51800,51900,3268,169680000,1581,1687
251270,2026-01-26,12:00:00,51900,52000,51800,52000,694,36030000,373,321
251270,2026-01-26,12:05:00,52000,52100,51900,52000,2121,110280000,1660,461
251270,2026-01-26,12:10:00,52000,52200,52000,52200,1072,55840000,619,453
251270,2026-01-26,12:15:00,52200,52300,52100,52300,1329,69430000,813,516
251270,2026-01-26,12:20:00,52300,52300,52100,52300,759,39650000,331,428
251270,2026-01-26,12:25:00,52300,52300,52200,52200,1485,77630000,651,834
251270,2026-01-26,12:30:00,52300,52300,52100,52200,509,26590000,360,149
251270,2026-01-26,12:35:00,52200,52300,52200,52300,496,25920000,291,205
251270,2026-01-26,12:40:00,52300,52300,52200,52300,725,37900000,510,215
251270,2026-01-26,12:45:00,52200,52300,52100,52300,2890,150960000,1632,1258
251270,2026-01-26,12:50:00,52300,52400,52200,52200,1319,68920000,798,521
251270,2026-01-26,12:55:00,52300,52300,52200,52200,459,23980000,250,209
251270,2026-01-26,13:00:00,52300,52300,52100,52200,1707,89160000,1022,685
251270,2026-01-26,13:05:00,52200,52300,52200,52300,939,49060000,393,546
251270,2026-01-26,13:10:00,52200,52300,52200,52200,528,27600000,436,92
251270,2026-01-26,13:15:00,52300,52300,52100,52200,928,48470000,370,558
251270,2026-01-26,13:20:00,52300,52300,52200,52200,680,35530000,393,287
251270,2026-01-26,13:25:00,52300,52500,52200,52500,2598,136070000,2338,260
251270,2026-01-26,13:30:00,52500,52500,52300,52400,869,45550000,486,383
251270,2026-01-26,13:35:00,52400,52500,52300,52400,2495,130520000,932,1563
251270,2026-01-26,13:40:00,52400,52400,52300,52400,1460,76470000,1113,347
251270,2026-01-26,13:45:00,52300,52400,52200,52200,1495,78200000,275,1220
251270,2026-01-26,13:50:00,52300,52300,52200,52300,965,50450000,717,248
251270,2026-01-26,13:55:00,52300,52300,51900,51900,3833,199890000,790,3043
251270,2026-01-26,14:00:00,51900,52200,51900,52200,2017,105060000,1409,608
251270,2026-01-26,14:05:00,52200,52200,52000,52100,1107,57700000,513,594
251270,2026-01-26,14:10:00,52100,52100,51900,51900,1332,69240000,730,602
251270,2026-01-26,14:15:00,52000,52100,51900,52000,746,38810000,724,22
251270,2026-01-26,14:20:00,52100,52100,51900,51900,1667,86620000,438,1229
251270,2026-01-26,14:25:00,51900,52000,51900,51900,409,21260000,342,67
251270,2026-01-26,14:30:00,51900,52000,51900,52000,609,31660000,532,77
251270,2026-01-26,14:35:00,51900,52000,51900,52000,348,18070000,120,228
251270,2026-01-26,14:40:00,52000,52000,51900,52000,900,46780000,709,191
251270,2026-01-26,14:45:00,51900,52300,51900,52300,2358,122770000,1965,393
251270,2026-01-26,14:50:00,52200,52300,52100,52300,1712,89380000,1065,647
251270,2026-01-26,14:55:00,52300,52300,52200,52300,1135,59310000,694,441
251270,2026-01-26,15:00:00,52300,52400,52200,52300,3807,199070000,1657,2150
251270,2026-01-26,15:05:00,52200,52400,52200,52200,1318,68860000,570,748
251270,2026-01-26,15:10:00,52250,52300,52100,52100,2484,129590000,798,1686
251270,2026-01-26,15:15:00,52150,52200,52000,52200,1249,65080000,816,433
251270,2026-01-26,15:20:00,52100,52200,52100,52200,2761,143980000,1252,1509
251270,2026-01-26,15:30:00,52000,52000,52000,52000,9495,493740000,9475,0
251270,2026-01-27,09:05:00,52200,52800,52000,52800,6543,343780000,4147,2396
251270,2026-01-27,09:10:00,52900,53000,52500,52800,6642,350770000,4180,2462
251270,2026-01-27,09:15:00,52800,53000,52700,52900,9903,523180000,8136,1767
251270,2026-01-27,09:20:00,53000,53200,52700,53000,6624,350860000,4847,1777
251270,2026-01-27,09:25:00,53000,53000,52500,52600,5227,275280000,3305,1922
251270,2026-01-27,09:30:00,52600,52900,52500,52800,7007,369520000,4754,2253
251270,2026-01-27,09:35:00,52900,53300,52800,53200,10688,567720000,9232,1456
251270,2026-01-27,09:40:00,53150,53200,53000,53100,6361,338160000,3712,2649
251270,2026-01-27,09:45:00,53100,53200,52900,53100,5440,288800000,2748,2692
251270,2026-01-27,09:50:00,53200,53300,53000,53200,5161,274600000,3370,1791
251270,2026-01-27,09:55:00,53200,53400,52700,53200,8774,466270000,4399,4375
251270,2026-01-27,10:00:00,53200,53300,53100,53200,4246,226040000,2577,1669
251270,2026-01-27,10:05:00,53300,53300,53100,53200,2522,134130000,1457,1065
251270,2026-01-27,10:10:00,53200,53200,53000,53100,1762,93520000,724,1038
251270,2026-01-27,10:15:00,53000,53100,52800,52900,1960,103670000,585,1375
251270,2026-01-27,10:20:00,52800,53100,52800,53000,2318,122720000,1299,1019
251270,2026-01-27,10:25:00,53000,53000,52800,52800,3262,172450000,1405,1857
251270,2026-01-27,10:30:00,52800,52800,52700,52800,2140,112950000,744,1396
251270,2026-01-27,10:35:00,52700,52800,52500,52600,4418,232450000,3095,1323
251270,2026-01-27,10:40:00,52600,52700,52600,52700,1240,65330000,1004,236
251270,2026-01-27,10:45:00,52700,52700,52500,52600,2931,154420000,1958,973
251270,2026-01-27,10:50:00,52700,52800,52600,52700,1063,56030000,606,457
251270,2026-01-27,10:55:00,52650,53000,52600,52800,3588,189440000,2757,831
251270,2026-01-27,11:00:00,52700,52900,52700,52700,1382,73020000,930,452
251270,2026-01-27,11:05:00,52700,52800,52600,52800,3157,166320000,816,2341
251270,2026-01-27,11:10:00,52800,52900,52600,52900,1444,76250000,1042,402
251270,2026-01-27,11:15:00,52900,52900,52800,52900,990,52340000,781,209
251270,2026-01-27,11:20:00,52900,53000,52800,52900,1565,82810000,1093,472
251270,2026-01-27,11:25:00,52900,53000,52800,52900,2613,138210000,1297,1316
251270,2026-01-27,11:30:00,52900,53000,52800,52900,2386,126220000,1652,734
251270,2026-01-27,11:35:00,52900,53000,52700,52800,1318,69650000,1002,316
251270,2026-01-27,11:40:00,52900,53000,52700,52900,2800,147970000,1395,1405
251270,2026-01-27,11:45:00,52800,52900,52700,52700,1390,73470000,872,518
251270,2026-01-27,11:50:00,52800,52900,52700,52700,3009,158710000,968,2041
251270,2026-01-27,11:55:00,52700,52900,52700,52900,1149,60730000,779,370
251270,2026-01-27,12:00:00,52800,53000,52800,52800,2205,116550000,1024,1181
251270,2026-01-27,12:05:00,52800,52900,52600,52600,1653,87220000,727,926
251270,2026-01-27,12:10:00,52700,52800,52600,52700,1544,81340000,859,685
251270,2026-01-27,12:15:00,52700,52700,52600,52700,1431,75390000,1057,374
251270,2026-01-27,12:20:00,52700,52800,52600,52700,1969,103780000,1570,399
251270,2026-01-27,12:25:00,52600,52800,52600,52700,1183,62340000,1039,144
251270,2026-01-27,12:30:00,52700,52800,52600,52700,1514,79790000,1000,514
251270,2026-01-27,12:35:00,52700,52700,52500,52700,1683,88590000,637,1046
251270,2026-01-27,12:40:00,52700,52700,52600,52600,1500,79000000,1058,442
251270,2026-01-27,12:45:00,52700,52700,52600,52600,1241,65360000,769,472
251270,2026-01-27,12:50:00,52700,52800,52600,52700,1666,87780000,676,990
251270,2026-01-27,12:55:00,52800,53000,52700,53000,2330,123110000,2153,177
251270,2026-01-27,13:00:00,53000,53000,52900,52900,1214,64330000,1123,91
251270,2026-01-27,13:05:00,52900,53000,52900,53000,1379,73070000,1227,152
251270,2026-01-27,13:10:00,53000,53100,52900,53000,2441,129430000,1969,472
251270,2026-01-27,13:15:00,53100,53200,53000,53100,1621,86130000,1235,386
251270,2026-01-27,13:20:00,53100,53400,53000,53300,5051,268880000,3914,1137
251270,2026-01-27,13:25:00,53300,53500,53250,53500,3148,168080000,2155,993
251270,2026-01-27,13:30:00,53500,53700,53450,53700,7667,410990000,6405,1262
251270,2026-01-27,13:35:00,53700,53800,53400,53500,5349,286590000,3197,2152
251270,2026-01-27,13:40:00,53600,53600,53400,53500,3346,179230000,2620,726
251270,2026-01-27,13:45:00,53500,53650,53400,53600,3282,175770000,2132,1150
251270,2026-01-27,13:50:00,53600,53600,53400,53500,4140,221460000,2806,1334
251270,2026-01-27,13:55:00,53600,53700,53400,53400,3432,183850000,2030,1402
251270,2026-01-27,14:00:00,53400,53600,53300,53500,4733,253140000,2439,2294
251270,2026-01-27,14:05:00,53500,53600,53300,53300,3083,164860000,1959,1124
251270,2026-01-27,14:10:00,53400,53600,53300,53400,3332,178200000,1955,1377
251270,2026-01-27,14:15:00,53400,53600,53200,53300,3351,178860000,1648,1703
251270,2026-01-27,14:20:00,53250,53400,53100,53300,4289,228410000,2490,1799
251270,2026-01-27,14:25:00,53200,53400,53200,53300,2696,143770000,1421,1275
251270,2026-01-27,14:30:00,53350,53400,53100,53300,3178,169300000,2132,1046
251270,2026-01-27,14:35:00,53400,53400,53200,53300,2940,156740000,1329,1611
251270,2026-01-27,14:40:00,53400,53450,53200,53300,3545,188990000,1424,2121
251270,2026-01-27,14:45:00,53300,53400,53200,53400,3055,162910000,1532,1523
251270,2026-01-27,14:50:00,53300,53400,53100,53300,3663,195240000,1745,1918
251270,2026-01-27,14:55:00,53200,53500,53100,53250,5752,306530000,3390,2362
251270,2026-01-27,15:00:00,53250,53500,53200,53400,3964,211520000,2718,1246
251270,2026-01-27,15:05:00,53400,53500,53200,53300,3483,185780000,1660,1823
251270,2026-01-27,15:10:00,53300,53400,53000,53200,4688,249400000,1755,2933
251270,2026-01-27,15:15:00,53000,53300,53000,53200,2456,130680000,1637,819
251270,2026-01-27,15:20:00,53200,53300,53000,53000,2525,134240000,1356,1169
251270,2026-01-27,15:30:00,53000,53000,53000,53000,9282,491940000,9282,0
251270,2026-01-28,09:05:00,53300,53500,52900,53400,6753,359030000,1588,5165
251270,2026-01-28,09:10:00,53400,53600,53300,53300,3810,203860000,2196,1614
251270,2026-01-28,09:15:00,53300,53700,53200,53600,2823,151050000,2323,500
251270,2026-01-28,09:20:00,53600,53800,53300,53800,4144,222150000,3010,1134
251270,2026-01-28,09:25:00,53800,54000,53500,53800,9270,498870000,7020,2250
251270,2026-01-28,09:30:00,53900,54000,53600,53600,4006,215570000,1892,2114
251270,2026-01-28,09:35:00,53700,53900,53500,53800,3008,161570000,1826,1182
251270,2026-01-28,09:40:00,53800,53800,53600,53800,1251,67220000,672,579
251270,2026-01-28,09:45:00,53600,53800,53500,53800,1325,71140000,737,588
251270,2026-01-28,09:50:00,53600,53800,53400,53400,3508,187850000,470,3038
251270,2026-01-28,09:55:00,53500,53600,53200,53500,2305,123050000,1347,958
251270,2026-01-28,10:00:00,53400,53500,53100,53300,3373,179520000,1741,1632
251270,2026-01-28,10:05:00,53300,53500,53100,53200,1985,105670000,753,1232
251270,2026-01-28,10:10:00,53100,53300,53000,53100,2666,141640000,1170,1496
251270,2026-01-28,10:15:00,53100,53500,53100,53500,5539,295350000,4682,857
251270,2026-01-28,10:20:00,53500,53600,53300,53400,1769,94570000,957,812
251270,2026-01-28,10:25:00,53400,53500,53200,53300,1429,76170000,688,741
251270,2026-01-28,10:30:00,53300,53600,53200,53600,2013,107380000,1359,654
251270,2026-01-28,10:35:00,53500,53800,53300,53700,2604,139790000,2228,376
251270,2026-01-28,10:40:00,53700,53700,53400,53600,2410,129040000,1550,860
251270,2026-01-28,10:45:00,53500,53700,53400,53600,2248,120440000,920,1328
251270,2026-01-28,10:50:00,53600,53700,53500,53700,1563,83780000,1292,271
251270,2026-01-28,10:55:00,53600,53700,53400,53600,1476,79030000,767,709
251270,2026-01-28,11:00:00,53400,53600,53300,53400,1778,95090000,582,1196
251270,2026-01-28,11:05:00,53400,53600,53300,53500,1182,63170000,791,391
251270,2026-01-28,11:10:00,53400,53600,53400,53400,2112,112990000,1452,660
251270,2026-01-28,11:15:00,53400,53600,53300,53400,1317,70430000,984,333
251270,2026-01-28,11:20:00,53400,53600,53300,53400,1210,64690000,785,425
251270,2026-01-28,11:25:00,53400,53500,53400,53400,595,31820000,430,165
251270,2026-01-28,11:30:00,53400,53600,53200,53500,2166,115590000,887,1279
251270,2026-01-28,11:35:00,53500,53500,53300,53400,1658,88560000,670,988
251270,2026-01-28,11:40:00,53500,53500,53200,53400,1422,75900000,999,423
251270,2026-01-28,11:45:00,53400,53500,53200,53300,1545,82420000,892,653
251270,2026-01-28,11:50:00,53300,53300,53100,53300,5335,283940000,4195,1140
251270,2026-01-28,11:55:00,53300,53300,53100,53200,1660,88350000,441,1219
251270,2026-01-28,12:00:00,53200,53400,53200,53300,1327,70680000,821,506
251270,2026-01-28,12:05:00,53200,53200,53000,53100,2244,119160000,642,1602
251270,2026-01-28,12:10:00,53000,53100,52900,53000,1924,101970000,594,1330
251270,2026-01-28,12:15:00,53000,53100,52900,52900,1281,67840000,466,815
251270,2026-01-28,12:20:00,52900,53200,52800,53000,1272,67390000,676,596
251270,2026-01-28,12:25:00,53100,53200,53000,53100,1044,55420000,332,712
251270,2026-01-28,12:30:00,53000,53100,53000,53000,426,22600000,277,149
251270,2026-01-28,12:35:00,53000,53100,52800,52800,2036,107760000,286,1750
251270,2026-01-28,12:40:00,52800,53000,52800,52900,2123,112310000,1069,1054
251270,2026-01-28,12:45:00,52900,53000,52800,52900,3308,174990000,1501,1807
251270,2026-01-28,12:50:00,52900,53000,52900,52900,919,48620000,9,910
251270,2026-01-28,12:55:00,52900,52900,52900,52900,1073,56760000,0,1073
251270,2026-01-28,13:00:00,52900,52900,52700,52900,2214,116980000,352,1862
251270,2026-01-28,13:05:00,52900,52900,52800,52800,1307,69080000,576,731
251270,2026-01-28,13:10:00,52800,52900,52800,52800,762,40250000,153,609
251270,2026-01-28,13:15:00,52800,52800,52700,52800,960,50660000,166,794
251270,2026-01-28,13:20:00,52800,52800,52700,52800,1498,79030000,892,606
251270,2026-01-28,13:25:00,52800,52800,52600,52700,3716,195900000,1623,2093
251270,2026-01-28,13:30:00,52700,52800,52600,52800,2241,118210000,589,1652
251270,2026-01-28,13:35:00,52800,52900,52700,52700,1631,86050000,131,1500
251270,2026-01-28,13:40:00,52700,52900,52700,52700,1058,55840000,419,639
251270,2026-01-28,13:45:00,52700,52900,52700,52800,1798,94830000,600,1198
251270,2026-01-28,13:50:00,52800,52900,52700,52700,737,38890000,231,506
251270,2026-01-28,13:55:00,52700,52900,52700,52800,1519,80120000,490,1029
251270,2026-01-28,14:00:00,52800,52900,52700,52800,1097,57920000,297,800
251270,2026-01-28,14:05:00,52800,53600,52800,52900,11923,634750000,10141,1782
251270,2026-01-28,14:10:00,53000,53000,52700,52800,2590,136800000,1125,1465
251270,2026-01-28,14:15:00,52800,52900,52700,52800,1170,61760000,104,1066
251270,2026-01-28,14:20:00,52800,52900,52700,52800,598,31540000,241,357
251270,2026-01-28,14:25:00,52800,52900,52700,52800,1242,65540000,393,849
251270,2026-01-28,14:30:00,52800,52900,52700,52700,1148,60580000,232,916
251270,2026-01-28,14:35:00,52800,52800,52700,52700,824,43450000,319,505
251270,2026-01-28,14:40:00,52800,52800,52700,52700,1409,74310000,431,978
251270,2026-01-28,14:45:00,52700,52800,52600,52700,1103,58120000,484,619
251270,2026-01-28,14:50:00,52700,52700,52600,52700,1794,94540000,439,1355
251270,2026-01-28,14:55:00,52700,52800,52600,52700,1720,90620000,514,1206
251270,2026-01-28,15:00:00,52600,52900,52600,52700,1401,73880000,775,626
251270,2026-01-28,15:05:00,52700,52800,52600,52600,3236,170700000,1554,1682
251270,2026-01-28,15:10:00,52800,52900,52600,52900,1736,91660000,858,878
251270,2026-01-28,15:15:00,52800,53000,52800,53000,2351,124300000,1625,726
251270,2026-01-28,15:20:00,52900,53000,52700,52700,5077,268320000,3148,1929
251270,2026-01-28,15:30:00,52800,52800,52800,52800,6683,352860000,6683,0
251270,2026-01-29,09:05:00,52100,52600,52100,52400,6954,364040000,4761,2193
251270,2026-01-29,09:10:00,52400,52600,52200,52600,6742,353500000,2951,3791
251270,2026-01-29,09:15:00,52500,52600,52200,52500,6018,315170000,2810,3208
251270,2026-01-29,09:20:00,52500,52500,52200,52300,2591,135510000,1306,1285
251270,2026-01-29,09:25:00,52300,52400,52000,52200,8642,450160000,2831,5811
251270,2026-01-29,09:30:00,52000,52200,51900,52000,6014,313110000,2933,3081
251270,2026-01-29,09:35:00,52000,52100,51400,51800,8601,445410000,3744,4857
251270,2026-01-29,09:40:00,51800,52700,51700,52600,9299,485970000,5869,3430
251270,2026-01-29,09:45:00,52500,52600,52300,52500,4031,211430000,2059,1972
251270,2026-01-29,09:50:00,52400,52600,52200,52500,4306,225860000,2662,1644
251270,2026-01-29,09:55:00,52500,52500,52300,52500,1712,89730000,892,820
251270,2026-01-29,10:00:00,52400,52700,52300,52700,4872,256090000,4033,839
251270,2026-01-29,10:05:00,52600,52900,52600,52900,4304,226970000,3602,702
251270,2026-01-29,10:10:00,52900,52900,52600,52700,4566,240930000,1970,2596
251270,2026-01-29,10:15:00,52700,52800,52500,52500,2858,150380000,2079,779
251270,2026-01-29,10:20:00,52500,52700,51700,52550,8436,441460000,3305,5131
251270,2026-01-29,10:25:00,52550,53000,52550,52900,4995,263820000,4101,894
251270,2026-01-29,10:30:00,52900,53100,52800,53100,3674,194490000,2542,1132
251270,2026-01-29,10:35:00,53050,53100,52900,53100,4024,213260000,2157,1867
251270,2026-01-29,10:40:00,53150,53200,53000,53100,3857,204790000,1977,1880
251270,2026-01-29,10:45:00,53200,53200,53000,53200,1390,73890000,978,412
251270,2026-01-29,10:50:00,53100,53200,53100,53200,1943,103350000,1693,250
251270,2026-01-29,10:55:00,53200,53300,53100,53200,3288,175000000,1819,1469
251270,2026-01-29,11:00:00,53200,53300,53000,53200,1876,99690000,1196,680
251270,2026-01-29,11:05:00,53100,53200,53000,53100,2835,150590000,2487,348
251270,2026-01-29,11:10:00,53100,53200,53000,53100,2605,138410000,2111,494
251270,2026-01-29,11:15:00,53100,53200,53000,53200,2643,140400000,1432,1211
251270,2026-01-29,11:20:00,53150,53200,53000,53100,1504,79920000,1254,250
251270,2026-01-29,11:25:00,53050,53300,53000,53300,4326,230040000,3980,346
251270,2026-01-29,11:30:00,53300,53400,53200,53300,2307,122960000,1555,752
251270,2026-01-29,11:35:00,53300,53400,53000,53100,5818,309290000,2337,3481
251270,2026-01-29,11:40:00,53100,53300,53000,53200,2538,134890000,1774,764
251270,2026-01-29,11:45:00,53200,53300,53100,53200,1083,57620000,931,152
251270,2026-01-29,11:50:00,53200,53300,53200,53300,2127,113290000,1583,544
251270,2026-01-29,11:55:00,53300,53300,53200,53300,1283,68370000,1124,159
251270,2026-01-29,12:00:00,53250,53500,53250,53400,6063,323680000,3500,2563
251270,2026-01-29,12:05:00,53400,53500,53200,53500,4185,223240000,1406,2779
251270,2026-01-29,12:10:00,53500,53500,53300,53350,1295,69170000,844,451
251270,2026-01-29,12:15:00,53400,53500,53350,53500,1404,75030000,1097,307
251270,2026-01-29,12:20:00,53500,53600,53400,53500,2747,146910000,1706,1041
251270,2026-01-29,12:25:00,53600,53600,53400,53600,1388,74330000,822,566
251270,2026-01-29,12:30:00,53500,53600,53400,53500,1681,89990000,1268,413
251270,2026-01-29,12:35:00,53600,53700,53400,53700,2619,140320000,1995,624
251270,2026-01-29,12:40:00,53600,53700,53500,53600,1741,93380000,976,765
251270,2026-01-29,12:45:00,53550,53700,53500,53600,1463,78430000,998,465
251270,2026-01-29,12:50:00,53600,53700,53500,53600,2360,126580000,1542,818
251270,2026-01-29,12:55:00,53500,53700,53500,53600,1552,83200000,1070,482
251270,2026-01-29,13:00:00,53600,53700,53500,53600,1842,98740000,913,929
251270,2026-01-29,13:05:00,53500,53700,53500,53700,1845,98940000,1159,686
251270,2026-01-29,13:10:00,53700,53700,53400,53500,2412,129250000,1170,1242
251270,2026-01-29,13:15:00,53600,53700,53500,53700,1389,74460000,903,486
251270,2026-01-29,13:20:00,53700,53700,53500,53600,1744,93530000,998,746
251270,2026-01-29,13:25:00,53600,53700,53500,53700,2035,109080000,1217,818
251270,2026-01-29,13:30:00,53700,53800,53500,53800,3255,174660000,1548,1707
251270,2026-01-29,13:35:00,53700,53800,53550,53550,2078,111540000,1401,677
251270,2026-01-29,13:40:00,53600,53800,53500,53700,2179,117020000,1482,697
251270,2026-01-29,13:45:00,53700,53800,53500,53750,2679,143830000,1703,976
251270,2026-01-29,13:50:00,53750,53800,53700,53800,2951,158680000,2076,875
251270,2026-01-29,13:55:00,53800,53900,53700,53800,3931,211490000,2541,1390
251270,2026-01-29,14:00:00,53750,53800,53600,53600,2024,108770000,898,1126
251270,2026-01-29,14:05:00,53600,53800,53600,53750,1604,86220000,1177,427
251270,2026-01-29,14:10:00,53800,53900,53700,53900,2374,127810000,1365,1009
251270,2026-01-29,14:15:00,53800,53900,53700,53750,1997,107520000,1159,838
251270,2026-01-29,14:20:00,53800,53900,53600,53850,2117,113950000,1195,922
251270,2026-01-29,14:25:00,53850,53900,53800,53900,1465,78950000,1315,150
251270,2026-01-29,14:30:00,53900,53900,53700,53800,3861,207930000,2357,1504
251270,2026-01-29,14:35:00,53800,53900,53700,53800,1834,98680000,1232,602
251270,2026-01-29,14:40:00,53800,53900,53600,53700,3090,166250000,1657,1433
251270,2026-01-29,14:45:00,53800,53850,53700,53800,1670,89830000,1414,256
251270,2026-01-29,14:50:00,53750,53900,53600,53800,2930,157510000,1385,1545
251270,2026-01-29,14:55:00,53750,53900,53700,53700,2042,109900000,1392,650
251270,2026-01-29,15:00:00,53700,53900,53600,53800,2568,138110000,1350,1218
251270,2026-01-29,15:05:00,53800,53800,53500,53600,2366,126970000,748,1618
251270,2026-01-29,15:10:00,53500,53800,53500,53500,1780,95380000,1294,486
251270,2026-01-29,15:15:00,53500,53800,53500,53600,2135,114400000,1424,711
251270,2026-01-29,15:20:00,53600,53800,53500,53700,3654,196110000,2383,1271
251270,2026-01-29,15:30:00,53600,53600,53600,53600,11720,628190000,11717,0
251270,2026-01-30,09:05:00,53200,53500,53000,53100,4257,226470000,1538,2719
251270,2026-01-30,09:10:00,53100,53300,53000,53200,1776,94400000,932,844
251270,2026-01-30,09:15:00,53100,53500,53000,53400,2018,107560000,697,1321
251270,2026-01-30,09:20:00,53300,53800,53200,53700,2115,113080000,1231,884
251270,2026-01-30,09:25:00,53600,53700,53300,53300,4879,260860000,2344,2535
251270,2026-01-30,09:30:00,53300,54000,53300,53700,5040,270480000,2836,2204
251270,2026-01-30,09:35:00,53800,54000,53700,53800,3572,192300000,1624,1948
251270,2026-01-30,09:40:00,53800,53900,53800,53800,679,36550000,148,531
251270,2026-01-30,09:45:00,53800,53800,53600,53600,2577,138480000,740,1837
251270,2026-01-30,09:50:00,53700,53700,53400,53500,1037,55470000,311,726
251270,2026-01-30,09:55:00,53500,53600,53300,53600,3105,165840000,1670,1435
251270,2026-01-30,10:00:00,53600,53800,53600,53700,1754,94090000,645,1109
251270,2026-01-30,10:05:00,53700,53700,53500,53600,2401,128710000,1368,1033
251270,2026-01-30,10:10:00,53600,54000,53600,53900,1274,68500000,1201,73
251270,2026-01-30,10:15:00,53900,53900,53600,53800,2798,150240000,1281,1517
251270,2026-01-30,10:20:00,53700,53900,53700,53700,1831,98480000,802,1029
251270,2026-01-30,10:25:00,53700,53800,53600,53700,1205,64690000,190,1015
251270,2026-01-30,10:30:00,53700,53800,53500,53600,3885,208600000,1706,2179
251270,2026-01-30,10:35:00,53600,53700,53500,53600,950,50930000,233,717
251270,2026-01-30,10:40:00,53600,53700,53400,53400,3204,171280000,431,2773
251270,2026-01-30,10:45:00,53400,53500,53200,53200,4443,236560000,497,3946
251270,2026-01-30,10:50:00,53200,53400,53100,53300,3497,186140000,1564,1933
251270,2026-01-30,10:55:00,53400,54100,53300,53900,17311,932660000,16630,681
251270,2026-01-30,11:00:00,53900,53900,53500,53700,2146,115230000,528,1618
251270,2026-01-30,11:05:00,53700,53800,53500,53500,3729,199830000,1720,2009
251270,2026-01-30,11:10:00,53700,53800,53500,53500,1671,89730000,771,900
251270,2026-01-30,11:15:00,53700,53700,53400,53600,1072,57470000,664,408
251270,2026-01-30,11:20:00,53400,53600,53400,53600,1833,98070000,928,905
251270,2026-01-30,11:25:00,53500,53500,53200,53400,2849,152030000,1579,1270
251270,2026-01-30,11:30:00,53400,53500,53200,53200,1967,104850000,513,1454
251270,2026-01-30,11:35:00,53300,53300,53100,53300,1476,78540000,595,881
251270,2026-01-30,11:40:00,53300,53600,53200,53600,7003,374100000,2590,4413
251270,2026-01-30,11:45:00,53500,53600,53400,53500,1198,64140000,574,624
251270,2026-01-30,11:50:00,53500,53800,53500,53800,1796,96400000,1557,239
251270,2026-01-30,11:55:00,53800,53900,53800,53900,2332,125500000,1352,980
251270,2026-01-30,12:00:00,53800,53900,53700,53900,2089,112420000,1138,951
251270,2026-01-30,12:05:00,53900,53900,53800,53900,1191,64130000,671,520
251270,2026-01-30,12:10:00,53900,53900,53800,53900,1604,86430000,1298,306
251270,2026-01-30,12:15:00,53800,54000,53800,53900,1500,80870000,615,885
251270,2026-01-30,12:20:00,53900,53900,53700,53800,1876,100950000,537,1339
251270,2026-01-30,12:25:00,53800,53800,53700,53800,2070,111220000,600,1470
251270,2026-01-30,12:30:00,53700,53800,53600,53700,913,49050000,502,411
251270,2026-01-30,12:35:00,53800,53900,53700,53700,1217,65500000,871,346
251270,2026-01-30,12:40:00,53800,53800,53400,53700,2323,124570000,832,1491
251270,2026-01-30,12:45:00,53700,53700,53500,53700,915,49070000,579,336
251270,2026-01-30,12:50:00,53700,53700,53500,53600,849,45480000,561,288
251270,2026-01-30,12:55:00,53600,53600,53500,53500,595,31890000,523,72
251270,2026-01-30,13:00:00,53600,53600,53500,53500,1579,84530000,803,776
251270,2026-01-30,13:05:00,53600,53800,53500,53700,1616,86690000,1475,141
251270,2026-01-30,13:10:00,53700,53800,53700,53800,1056,56760000,589,467
251270,2026-01-30,13:15:00,53800,53900,53600,53700,1130,60730000,770,360
251270,2026-01-30,13:20:00,53800,53900,53700,53800,772,41520000,677,95
251270,2026-01-30,13:25:00,53800,53900,53700,53900,1349,72560000,966,383
251270,2026-01-30,13:30:00,53800,53900,53600,53600,1132,60820000,676,456
251270,2026-01-30,13:35:00,53600,53800,53600,53800,626,33670000,541,85
251270,2026-01-30,13:40:00,53800,53800,53700,53700,729,39210000,644,85
251270,2026-01-30,13:45:00,53800,53800,53600,53800,1440,77370000,455,985
251270,2026-01-30,13:50:00,53800,53800,53600,53700,2144,115190000,900,1244
251270,2026-01-30,13:55:00,53600,53800,53600,53700,1412,75810000,893,519
251270,2026-01-30,14:00:00,53600,53800,53600,53800,1557,83660000,702,855
251270,2026-01-30,14:05:00,53700,53800,53700,53700,747,40160000,519,228
251270,2026-01-30,14:10:00,53700,53800,53600,53800,2219,119220000,1230,989
251270,2026-01-30,14:15:00,53700,53800,53600,53700,1159,62260000,690,469
251270,2026-01-30,14:20:00,53600,53700,53500,53700,3661,196150000,1810,1851
251270,2026-01-30,14:25:00,53600,53800,53500,53600,848,45510000,435,413
251270,2026-01-30,14:30:00,53600,53700,53600,53600,1249,67010000,606,643
251270,2026-01-30,14:35:00,53600,53700,53500,53500,1549,82990000,584,965
251270,2026-01-30,14:40:00,53500,53600,53500,53600,1179,63170000,931,248
251270,2026-01-30,14:45:00,53600,53600,53300,53300,3746,200170000,1140,2606
251270,2026-01-30,14:50:00,53300,53500,53300,53400,1403,74890000,869,534
251270,2026-01-30,14:55:00,53400,53500,53300,53400,2199,117290000,534,1665
251270,2026-01-30,15:00:00,53300,53500,53300,53300,1191,63540000,421,770
251270,2026-01-30,15:05:00,53300,53400,53100,53200,5325,283520000,1683,3642
251270,2026-01-30,15:10:00,53200,53300,53100,53200,3437,182880000,818,2619
251270,2026-01-30,15:15:00,53200,53500,53000,53100,12738,676240000,5905,6833
251270,2026-01-30,15:20:00,53100,53200,52800,52900,6798,360150000,1587,5211
251270,2026-01-30,15:30:00,52800,52800,52800,52800,17419,919720000,17386,0
251270,2026-02-02,09:05:00,52500,52500,51500,51600,7844,407290000,3401,4443
251270,2026-02-02,09:10:00,51600,51700,51300,51400,7772,399830000,3894,3878
251270,2026-02-02,09:15:00,51300,51900,51300,51900,4887,252260000,2710,2177
251270,2026-02-02,09:20:00,51800,52600,51700,52500,4799,249850000,3075,1724
251270,2026-02-02,09:25:00,52600,52700,52100,52300,2844,149110000,1441,1403
251270,2026-02-02,09:30:00,52300,52300,52000,52100,1406,73390000,402,1004
251270,2026-02-02,09:35:00,52100,52300,52000,52300,2019,105230000,782,1237
251270,2026-02-02,09:40:00,52300,52300,52000,52100,867,45200000,176,691
251270,2026-02-02,09:45:00,52100,52200,52000,52200,980,51030000,499,481
251270,2026-02-02,09:50:00,52100,52300,52000,52300,3534,184250000,1993,1541
251270,2026-02-02,09:55:00,52300,52400,52100,52300,3642,190250000,1582,2060
251270,2026-02-02,10:00:00,52100,52200,51900,52000,1809,94110000,454,1355
251270,2026-02-02,10:05:00,52100,52100,51800,52000,2826,146980000,1470,1356
251270,2026-02-02,10:10:00,52000,52200,51800,51900,6717,348610000,1270,5447
251270,2026-02-02,10:15:00,51900,52000,51700,51800,3556,184140000,2205,1351
251270,2026-02-02,10:20:00,51800,52000,51800,51900,2746,142550000,1909,837
251270,2026-02-02,10:25:00,52000,52000,51800,51900,2623,136030000,1583,1040
251270,2026-02-02,10:30:00,51900,51900,51600,51700,1081,55910000,66,1015
251270,2026-02-02,10:35:00,51700,51700,51400,51500,7193,370720000,1660,5533
251270,2026-02-02,10:40:00,51500,51800,51500,51700,6886,355720000,5773,1113
251270,2026-02-02,10:45:00,51800,51800,51500,51800,5764,297870000,4594,1170
251270,2026-02-02,10:50:00,51800,51800,51500,51600,3640,187980000,1355,2285
251270,2026-02-02,10:55:00,51600,51900,51500,51700,2916,150680000,1310,1606
251270,2026-02-02,11:00:00,51700,52000,51700,51700,2317,120070000,1454,863
251270,2026-02-02,11:05:00,51700,51800,51600,51600,628,32470000,10,618
251270,2026-02-02,11:10:00,51700,51700,51400,51500,2166,111640000,715,1451
251270,2026-02-02,11:15:00,51500,51600,51300,51300,2784,143200000,315,2469
251270,2026-02-02,11:20:00,51300,51400,51200,51200,2408,123530000,369,2039
251270,2026-02-02,11:25:00,51200,51300,51200,51200,4639,237560000,851,3788
251270,2026-02-02,11:30:00,51200,51400,51200,51300,4832,247980000,4557,275
251270,2026-02-02,11:35:00,51300,51500,51300,51300,2473,127080000,1887,586
251270,2026-02-02,11:40:00,51400,51400,51300,51300,832,42710000,313,519
251270,2026-02-02,11:45:00,51300,51600,51300,51600,3295,169320000,2272,1023
251270,2026-02-02,11:50:00,51500,51600,51300,51400,4108,211100000,1464,2644
251270,2026-02-02,11:55:00,51300,51400,51100,51100,2714,138950000,153,2561
251270,2026-02-02,12:00:00,51200,51300,51100,51200,2399,122850000,2036,363
251270,2026-02-02,12:05:00,51100,51300,51000,51100,3938,201480000,2197,1741
251270,2026-02-02,12:10:00,51100,51300,51100,51300,2320,118780000,577,1743
251270,2026-02-02,12:15:00,51200,51300,51000,51100,3027,154770000,868,2159
251270,2026-02-02,12:20:00,51100,51200,51100,51200,291,14870000,52,239
251270,2026-02-02,12:25:00,51100,51200,51000,51000,1289,65880000,278,1011
251270,2026-02-02,12:30:00,51100,51100,50800,50900,8824,449940000,4660,4164
251270,2026-02-02,12:35:00,50800,51000,50700,51000,2999,152530000,684,2315
251270,2026-02-02,12:40:00,51000,51000,50900,50900,486,24740000,89,397
251270,2026-02-02,12:45:00,50900,50900,50700,50800,4610,234280000,1835,2775
251270,2026-02-02,12:50:00,50800,50800,50600,50700,2491,126350000,348,2143
251270,2026-02-02,12:55:00,50700,50700,50600,50600,1748,88460000,119,1629
251270,2026-02-02,13:00:00,50600,50600,50400,50600,4681,236460000,2188,2493
251270,2026-02-02,13:05:00,50600,50600,50400,50400,1916,96790000,169,1747
251270,2026-02-02,13:10:00,50400,50500,50300,50300,3006,151660000,1089,1917
251270,2026-02-02,13:15:00,50300,50700,50200,50700,4044,203530000,2176,1868
251270,2026-02-02,13:20:00,50500,50900,50500,50900,3736,189490000,1983,1753
251270,2026-02-02,13:25:00,50900,51000,50800,50900,1920,97730000,1388,532
251270,2026-02-02,13:30:00,51000,51100,50800,51100,1642,83700000,711,931
251270,2026-02-02,13:35:00,51100,51200,50900,51000,1941,99120000,1437,504
251270,2026-02-02,13:40:00,51000,51300,51000,51200,1348,68990000,1191,157
251270,2026-02-02,13:45:00,51300,51500,51200,51400,1723,88450000,1482,241
251270,2026-02-02,13:50:00,51500,51800,51400,51500,3633,187530000,2771,862
251270,2026-02-02,13:55:00,51500,51500,51300,51500,1853,95310000,533,1320
251270,2026-02-02,14:00:00,51400,51700,51400,51500,3313,170700000,2982,331
251270,2026-02-02,14:05:00,51500,51600,51200,51400,2355,121170000,756,1599
251270,2026-02-02,14:10:00,51400,51500,51200,51400,1154,59270000,569,585
251270,2026-02-02,14:15:00,51400,51400,51100,51400,1105,56650000,389,716
251270,2026-02-02,14:20:00,51300,51400,51200,51300,1362,69840000,583,779
251270,2026-02-02,14:25:00,51100,51300,51100,51100,1557,79720000,1025,532
251270,2026-02-02,14:30:00,51100,51200,51000,51000,1140,58250000,170,970
251270,2026-02-02,14:35:00,51000,51100,51000,51100,1329,67810000,364,965
251270,2026-02-02,14:40:00,51000,51100,50900,51000,3166,161550000,1833,1333
251270,2026-02-02,14:45:00,51000,51100,50800,50900,2647,134890000,971,1676
251270,2026-02-02,14:50:00,50900,51000,50700,50900,2436,123880000,795,1641
251270,2026-02-02,14:55:00,50900,51400,50700,50900,5496,280030000,2826,2670
251270,2026-02-02,15:00:00,50800,51100,50700,50900,2483,126270000,1374,1109
251270,2026-02-02,15:05:00,51000,51100,50900,51100,1375,70070000,609,766
251270,2026-02-02,15:10:00,51100,51100,50800,51000,4172,212670000,1608,2564
251270,2026-02-02,15:15:00,51000,51100,50800,50900,4267,217200000,1958,2309
251270,2026-02-02,15:20:00,50800,51000,50700,50700,5663,287850000,2348,3315
251270,2026-02-02,15:30:00,50700,50700,50700,50700,5352,271350000,5346,0
251270,2026-02-03,09:05:00,51900,52300,51600,52000,6997,364320000,6028,969
251270,2026-02-03,09:10:00,52000,52200,51500,51800,3412,176730000,1843,1569
251270,2026-02-03,09:15:00,51800,52100,51500,51600,1572,81450000,801,771
251270,2026-02-03,09:20:00,51700,51700,51100,51400,6547,336220000,1356,5191
251270,2026-02-03,09:25:00,51400,51600,51200,51400,6806,349410000,3428,3378
251270,2026-02-03,09:30:00,51400,51600,51300,51300,6267,322070000,1859,4408
251270,2026-02-03,09:35:00,51200,51600,51100,51500,5083,260470000,1474,3609
251270,2026-02-03,09:40:00,51500,51600,51200,51600,1384,71250000,969,415
251270,2026-02-03,09:45:00,51600,51600,51300,51500,1890,97330000,681,1209
251270,2026-02-03,09:50:00,51500,51700,51500,51700,1329,68650000,826,503
251270,2026-02-03,09:55:00,51700,51700,51400,51500,2012,103620000,700,1312
251270,2026-02-03,10:00:00,51500,51600,51400,51500,998,51400000,598,400
251270,2026-02-03,10:05:00,51500,51500,51300,51500,1662,85450000,999,663
251270,2026-02-03,10:10:00,51500,51500,51100,51200,3014,154620000,910,2104
251270,2026-02-03,10:15:00,51200,51300,51100,51300,1261,64540000,593,668
251270,2026-02-03,10:20:00,51300,51400,51200,51200,1119,57350000,537,582
251270,2026-02-03,10:25:00,51200,51400,51200,51300,1518,77870000,726,792
251270,2026-02-03,10:30:00,51300,51500,51200,51500,605,31060000,368,237
251270,2026-02-03,10:35:00,51500,51500,51300,51300,1451,74500000,308,1143
251270,2026-02-03,10:40:00,51400,51400,51000,51100,3987,203990000,1398,2589
251270,2026-02-03,10:45:00,51100,51300,50900,51100,4073,207840000,1095,2978
251270,2026-02-03,10:50:00,51100,51200,51000,51100,1177,60100000,438,739
251270,2026-02-03,10:55:00,51100,51100,50900,51000,1332,67950000,735,597
251270,2026-02-03,11:00:00,50900,51000,50800,51000,3733,190030000,1092,2641
251270,2026-02-03,11:05:00,51000,51000,50800,50900,2089,106310000,1268,821
251270,2026-02-03,11:10:00,50900,51100,50800,51000,1589,80870000,570,1019
251270,2026-02-03,11:15:00,51000,51100,50800,51100,1961,99740000,734,1227
251270,2026-02-03,11:20:00,50900,51200,50800,51100,1078,54970000,578,500
251270,2026-02-03,11:25:00,51000,51100,51000,51100,1035,52860000,665,370
251270,2026-02-03,11:30:00,51100,51100,51000,51100,555,28340000,401,154
251270,2026-02-03,11:35:00,51100,51100,50900,51100,1696,86520000,1133,563
251270,2026-02-03,11:40:00,51100,51200,50800,51000,8798,448620000,824,7974
251270,2026-02-03,11:45:00,51000,51100,50900,51100,668,34080000,496,172
251270,2026-02-03,11:50:00,51100,51100,50900,51000,1418,72320000,299,1119
251270,2026-02-03,11:55:00,51000,51200,51000,51200,1082,55310000,918,164
251270,2026-02-03,12:00:00,51200,51300,51100,51300,896,45880000,392,504
251270,2026-02-03,12:05:00,51300,51300,51200,51300,319,16350000,209,110
251270,2026-02-03,12:10:00,51300,51400,51200,51300,1286,65970000,885,401
251270,2026-02-03,12:15:00,51300,51400,51200,51400,772,39640000,622,150
251270,2026-02-03,12:20:00,51400,51400,51300,51400,1099,56460000,824,275
251270,2026-02-03,12:25:00,51300,51500,51300,51400,922,47390000,740,182
251270,2026-02-03,12:30:00,51300,51600,51300,51500,1396,71790000,1044,352
251270,2026-02-03,12:35:00,51500,51600,51400,51500,2019,104020000,582,1437
251270,2026-02-03,12:40:00,51500,51500,51400,51400,563,28980000,404,159
251270,2026-02-03,12:45:00,51500,51500,51400,51500,1026,52780000,424,602
251270,2026-02-03,12:50:00,51500,51500,51200,51500,2296,118040000,1596,700
251270,2026-02-03,12:55:00,51500,51500,51400,51500,559,28790000,530,29
251270,2026-02-03,13:00:00,51500,51500,51300,51300,1284,66060000,700,584
251270,2026-02-03,13:05:00,51400,51500,51300,51300,414,21280000,411,3
251270,2026-02-03,13:10:00,51400,51400,51200,51400,1903,97580000,891,1012
251270,2026-02-03,13:15:00,51400,51400,51200,51200,723,37090000,491,232
251270,2026-02-03,13:20:00,51400,51400,51200,51300,1475,75570000,364,1111
251270,2026-02-03,13:25:00,51300,51400,51200,51300,1221,62630000,582,639
251270,2026-02-03,13:30:00,51200,51300,51100,51300,1063,54450000,272,791
251270,2026-02-03,13:35:00,51300,51400,51200,51300,1978,101480000,593,1385
251270,2026-02-03,13:40:00,51200,51400,51200,51300,1080,55360000,410,670
251270,2026-02-03,13:45:00,51300,51400,51100,51300,1849,94800000,620,1229
251270,2026-02-03,13:50:00,51300,51500,51200,51500,1004,51520000,937,67
251270,2026-02-03,13:55:00,51500,51500,51200,51300,2364,121330000,865,1499
251270,2026-02-03,14:00:00,51200,51500,51200,51400,2669,136940000,583,2086
251270,2026-02-03,14:05:00,51300,51400,51200,51400,1331,68300000,570,761
251270,2026-02-03,14:10:00,51400,51400,51100,51200,886,45400000,217,669
251270,2026-02-03,14:15:00,51100,51200,51000,51200,1525,77940000,811,714
251270,2026-02-03,14:20:00,51100,51300,51100,51300,811,41520000,593,218
251270,2026-02-03,14:25:00,51300,51300,51200,51200,1804,92460000,819,985
251270,2026-02-03,14:30:00,51200,51300,51100,51100,1743,89180000,501,1242
251270,2026-02-03,14:35:00,51200,51300,51100,51200,1120,57350000,425,695
251270,2026-02-03,14:40:00,51300,51300,51200,51300,1351,69220000,467,884
251270,2026-02-03,14:45:00,51200,51300,51200,51200,1331,68170000,218,1113
251270,2026-02-03,14:50:00,51300,51400,51200,51400,1774,91020000,931,843
251270,2026-02-03,14:55:00,51400,51600,51300,51400,3445,177270000,1710,1735
251270,2026-02-03,15:00:00,51400,51500,51300,51500,3026,155530000,496,2530
251270,2026-02-03,15:05:00,51300,51500,51300,51400,1205,61960000,428,777
251270,2026-02-03,15:10:00,51500,51600,51400,51500,2753,141670000,684,2069
251270,2026-02-03,15:15:00,51600,51700,51400,51700,3060,157720000,1691,1369
251270,2026-02-03,15:20:00,51700,51700,51400,51700,2968,153050000,1274,1694
251270,2026-02-03,15:30:00,51700,51700,51700,51700,5300,274010000,5235,0
251270,2026-02-04,09:05:00,51500,51700,51200,51600,3698,190260000,2387,1311
251270,2026-02-04,09:10:00,51500,51600,51100,51400,3745,192090000,1193,2552
251270,2026-02-04,09:15:00,51400,51500,51300,51500,1087,55920000,572,515
251270,2026-02-04,09:20:00,51500,51700,51400,51600,849,43720000,369,480
251270,2026-02-04,09:25:00,51600,51600,51400,51500,980,50470000,579,401
251270,2026-02-04,09:30:00,51500,51600,51400,51500,312,16070000,233,79
251270,2026-02-04,09:35:00,51500,51600,51500,51500,620,31980000,485,135
251270,2026-02-04,09:40:00,51600,51900,51400,51900,3473,179650000,3175,298
251270,2026-02-04,09:45:00,51900,52000,51700,51800,2023,104950000,869,1154
251270,2026-02-04,09:50:00,51900,52000,51700,51800,1110,57540000,753,357
251270,2026-02-04,09:55:00,51900,52000,51800,51900,883,45830000,765,118
251270,2026-02-04,10:00:00,51800,51900,51800,51800,552,28630000,366,186
251270,2026-02-04,10:05:00,51800,52000,51500,51700,3236,167320000,1277,1959
251270,2026-02-04,10:10:00,51700,52000,51700,51900,2353,121980000,1826,527
251270,2026-02-04,10:15:00,52000,52200,52000,52100,3371,175500000,2434,937
251270,2026-02-04,10:20:00,52100,52300,52100,52200,2204,115170000,1233,971
251270,2026-02-04,10:25:00,52300,52400,52200,52400,1389,72750000,1324,65
251270,2026-02-04,10:30:00,52400,52500,52300,52400,2359,123580000,1621,738
251270,2026-02-04,10:35:00,52400,52400,52300,52300,2555,133660000,1415,1140
251270,2026-02-04,10:40:00,52300,52400,52300,52300,1913,100120000,923,990
251270,2026-02-04,10:45:00,52300,52400,52200,52400,1420,74280000,726,694
251270,2026-02-04,10:50:00,52300,52400,52200,52400,1212,63390000,732,480
251270,2026-02-04,10:55:00,52300,52400,52200,52200,633,33110000,308,325
251270,2026-02-04,11:00:00,52200,52400,52200,52400,1048,54820000,909,139
251270,2026-02-04,11:05:00,52400,52600,52300,52300,7942,416350000,6829,1113
251270,2026-02-04,11:10:00,52300,52300,52000,52100,2245,117160000,273,1972
251270,2026-02-04,11:15:00,52100,52200,52000,52000,1072,55830000,299,773
251270,2026-02-04,11:20:00,52000,52100,51800,51800,2740,142230000,1376,1364
251270,2026-02-04,11:25:00,51800,51900,51700,51900,2073,107390000,815,1258
251270,2026-02-04,11:30:00,51800,51900,51700,51700,1472,76250000,554,918
251270,2026-02-04,11:35:00,51700,51900,51700,51700,1118,57860000,353,765
251270,2026-02-04,11:40:00,51700,51800,51700,51700,1348,69720000,348,1000
251270,2026-02-04,11:45:00,51700,52000,51700,51800,2551,132370000,1861,690
251270,2026-02-04,11:50:00,52000,52000,51800,51800,901,46710000,345,556
251270,2026-02-04,11:55:00,51800,51800,51700,51800,810,41910000,275,535
251270,2026-02-04,12:00:00,51700,51900,51700,51700,3071,159020000,684,2387
251270,2026-02-04,12:05:00,51700,51700,51500,51600,5181,267740000,374,4807
251270,2026-02-04,12:10:00,51600,51600,51500,51600,866,44630000,258,608
251270,2026-02-04,12:15:00,51600,51600,51500,51600,898,46260000,84,814
251270,2026-02-04,12:20:00,51500,51700,51500,51600,1880,97000000,1058,822
251270,2026-02-04,12:25:00,51600,51700,51600,51600,1545,79740000,762,783
251270,2026-02-04,12:30:00,51600,51800,51600,51700,4032,208540000,2939,1093
251270,2026-02-04,12:35:00,51700,51900,51700,51800,1834,94980000,634,1200
251270,2026-02-04,12:40:00,51800,52000,51800,51900,1026,53240000,508,518
251270,2026-02-04,12:45:00,51900,52000,51800,51900,823,42700000,290,533
251270,2026-02-04,12:50:00,51900,52000,51700,51700,925,47940000,100,825
251270,2026-02-04,12:55:00,51700,51800,51600,51700,1563,80770000,758,805
251270,2026-02-04,13:00:00,51700,51800,51600,51700,1262,65200000,544,718
251270,2026-02-04,13:05:00,51700,51900,51700,51900,1218,63040000,556,662
251270,2026-02-04,13:10:00,51800,51900,51700,51700,1233,63840000,309,924
251270,2026-02-04,13:15:00,51800,51900,51700,51800,1895,98150000,874,1021
251270,2026-02-04,13:20:00,51800,51900,51800,51800,1074,55640000,167,907
251270,2026-02-04,13:25:00,51800,51900,51700,51700,1120,58010000,264,856
251270,2026-02-04,13:30:00,51700,52000,51700,51700,1264,65520000,533,731
251270,2026-02-04,13:35:00,51700,51900,51700,51700,1874,97080000,1038,836
251270,2026-02-04,13:40:00,51800,52000,51700,51800,2371,123000000,1024,1347
251270,2026-02-04,13:45:00,51800,51900,51800,51900,1208,62590000,625,583
251270,2026-02-04,13:50:00,51800,51900,51800,51900,931,48240000,162,769
251270,2026-02-04,13:55:00,51800,51900,51800,51900,1004,52020000,86,918
251270,2026-02-04,14:00:00,51800,51900,51700,51700,1006,52040000,247,759
251270,2026-02-04,14:05:00,51800,51800,51600,51600,1159,59880000,164,995
251270,2026-02-04,14:10:00,51700,51700,51600,51600,1299,67100000,670,629
251270,2026-02-04,14:15:00,51600,51800,51600,51600,1350,69730000,647,703
251270,2026-02-04,14:20:00,51700,51700,51600,51700,949,48980000,189,760
251270,2026-02-04,14:25:00,51700,51800,51600,51700,2067,106880000,910,1157
251270,2026-02-04,14:30:00,51700,51800,51600,51700,1885,97490000,1160,725
251270,2026-02-04,14:35:00,51900,51900,51700,51700,917,47460000,394,523
251270,2026-02-04,14:40:00,51700,51800,51600,51600,1554,80390000,302,1252
251270,2026-02-04,14:45:00,51600,51800,51500,51500,2703,139480000,646,2057
251270,2026-02-04,14:50:00,51600,51700,51500,51600,1196,61720000,259,937
251270,2026-02-04,14:55:00,51700,51700,51600,51700,888,45830000,92,796
251270,2026-02-04,15:00:00,51600,51800,51600,51700,2132,110100000,889,1243
251270,2026-02-04,15:05:00,51700,51700,51600,51600,1645,85040000,1195,450
251270,2026-02-04,15:10:00,51600,51700,51600,51600,1031,53210000,120,911
251270,2026-02-04,15:15:00,51600,51800,51600,51800,2806,145080000,1797,1009
251270,2026-02-04,15:20:00,51700,51900,51700,51800,929,48080000,441,488
251270,2026-02-04,15:30:00,51600,51600,51600,51600,5554,286580000,5554,0
251270,2026-02-05,09:05:00,51400,51500,50900,51000,6412,327820000,2187,4225
251270,2026-02-05,09:10:00,51000,51200,50900,51200,4508,230030000,2154,2354
251270,2026-02-05,09:15:00,51200,51250,51000,51100,3299,168790000,1028,2271
251270,2026-02-05,09:20:00,51100,51100,50800,50900,7211,367540000,1997,5214
251270,2026-02-05,09:25:00,50900,51000,50700,50900,6583,334540000,2657,3926
251270,2026-02-05,09:30:00,51000,51400,50900,51400,2782,142160000,1904,878
251270,2026-02-05,09:35:00,51400,51500,51300,51500,2131,109630000,1903,228
251270,2026-02-05,09:40:00,51500,51500,51100,51200,937,48050000,167,770
251270,2026-02-05,09:45:00,51200,51200,51000,51100,1574,80440000,878,696
251270,2026-02-05,09:50:00,51100,51400,50900,51400,5019,257040000,3108,1911
251270,2026-02-05,09:55:00,51400,51400,51200,51300,1559,79980000,926,633
251270,2026-02-05,10:00:00,51300,51300,51000,51100,870,44480000,270,600
251270,2026-02-05,10:05:00,51100,51100,50900,51000,2959,150970000,1557,1402
251270,2026-02-05,10:10:00,51000,51200,50900,51000,1785,91010000,825,960
251270,2026-02-05,10:15:00,51100,51300,50800,51200,2983,152250000,426,2557
251270,2026-02-05,10:20:00,51100,51200,50900,51100,1522,77730000,451,1071
251270,2026-02-05,10:25:00,51100,51200,51000,51000,392,20020000,41,351
251270,2026-02-05,10:30:00,50900,51300,50900,51200,1832,93580000,1352,480
251270,2026-02-05,10:35:00,51300,51400,51100,51300,3140,160890000,2086,1054
251270,2026-02-05,10:40:00,51200,51700,51200,51400,3103,159660000,2603,500
251270,2026-02-05,10:45:00,51400,51800,51400,51500,2151,111090000,1787,364
251270,2026-02-05,10:50:00,51500,51900,51400,51500,2563,132270000,1895,668
251270,2026-02-05,10:55:00,51600,51800,51500,51500,1899,98190000,1540,359
251270,2026-02-05,11:00:00,51600,51800,51400,51500,2279,117550000,1862,417
251270,2026-02-05,11:05:00,51400,51500,51200,51400,3854,198020000,1711,2143
251270,2026-02-05,11:10:00,51300,51700,51100,51300,2761,141600000,1937,824
251270,2026-02-05,11:15:00,51200,51400,51000,51200,3053,156290000,2014,1039
251270,2026-02-05,11:20:00,51100,51300,51000,51100,2151,109970000,1162,989
251270,2026-02-05,11:25:00,51100,51300,51000,51100,2153,110150000,1727,426
251270,2026-02-05,11:30:00,51200,51500,51100,51400,1660,85210000,1510,150
251270,2026-02-05,11:35:00,51400,51400,51100,51100,2247,114990000,1006,1241
251270,2026-02-05,11:40:00,51100,51300,51100,51200,535,27410000,438,97
251270,2026-02-05,11:45:00,51200,51400,51100,51300,825,42280000,631,194
251270,2026-02-05,11:50:00,51300,51300,51000,51300,1929,98710000,1174,755
251270,2026-02-05,11:55:00,51100,51300,50900,50900,3458,176440000,434,3024
251270,2026-02-05,12:00:00,50900,51100,50800,50900,4008,204260000,1723,2285
251270,2026-02-05,12:05:00,50800,50900,50800,50900,720,36640000,634,86
251270,2026-02-05,12:10:00,50900,50900,50800,50900,1038,52820000,894,144
251270,2026-02-05,12:15:00,50900,51000,50800,50900,1083,55110000,888,195
251270,2026-02-05,12:20:00,50900,51000,50800,50900,2117,107730000,1664,453
251270,2026-02-05,12:25:00,51000,51100,50900,51100,1812,92370000,1158,654
251270,2026-02-05,12:30:00,51000,51200,51000,51000,3981,203460000,3198,783
251270,2026-02-05,12:35:00,51100,51200,51000,51100,996,50900000,962,34
251270,2026-02-05,12:40:00,51100,51100,50900,51000,1613,82290000,406,1207
251270,2026-02-05,12:45:00,51000,51100,50900,51100,957,48840000,878,79
251270,2026-02-05,12:50:00,51100,51100,50900,51000,1030,52550000,372,658
251270,2026-02-05,12:55:00,50900,51000,50800,50800,1624,82650000,1023,601
251270,2026-02-05,13:00:00,50800,50900,50800,50900,641,32600000,416,225
251270,2026-02-05,13:05:00,50800,51000,50800,50900,1748,89020000,1429,319
251270,2026-02-05,13:10:00,50900,51100,50900,50900,1214,61910000,915,299
251270,2026-02-05,13:15:00,50900,51000,50900,50900,863,44000000,739,124
251270,2026-02-05,13:20:00,51000,51000,50800,50800,2904,147740000,803,2101
251270,2026-02-05,13:25:00,50800,50900,50700,50700,1872,95120000,1548,324
251270,2026-02-05,13:30:00,50700,51000,50700,50800,773,39320000,661,112
251270,2026-02-05,13:35:00,50900,51100,50900,51100,1337,68210000,1107,230
251270,2026-02-05,13:40:00,51000,51100,51000,51100,924,47170000,478,446
251270,2026-02-05,13:45:00,51000,51200,51000,51200,1353,69150000,1233,120
251270,2026-02-05,13:50:00,51100,51300,51100,51300,2125,108770000,1572,553
251270,2026-02-05,13:55:00,51300,51300,51200,51200,1140,58400000,402,738
251270,2026-02-05,14:00:00,51200,51300,51100,51200,2141,109650000,1374,767
251270,2026-02-05,14:05:00,51200,51300,51100,51200,1239,63430000,456,783
251270,2026-02-05,14:10:00,51200,51200,51000,51000,1992,101810000,976,1016
251270,2026-02-05,14:15:00,51100,51100,51000,51000,867,44280000,632,235
251270,2026-02-05,14:20:00,51100,51100,50800,50800,2876,146510000,539,2337
251270,2026-02-05,14:25:00,50900,51500,50800,51000,7898,404230000,4542,3356
251270,2026-02-05,14:30:00,50900,51100,50900,51100,2223,113350000,1894,329
251270,2026-02-05,14:35:00,51000,51100,50900,51000,1320,67350000,721,599
251270,2026-02-05,14:40:00,51000,51300,50900,51300,2479,126750000,2084,395
251270,2026-02-05,14:45:00,51300,51300,51200,51300,944,48390000,507,437
251270,2026-02-05,14:50:00,51200,51200,51100,51200,985,50410000,658,327
251270,2026-02-05,14:55:00,51100,51200,51000,51000,1256,64190000,448,808
251270,2026-02-05,15:00:00,51100,51100,50900,51000,1377,70200000,468,909
251270,2026-02-05,15:05:00,51000,51000,50850,50900,1721,87620000,469,1252
251270,2026-02-05,15:10:00,50900,51000,50800,50900,2584,131480000,897,1687
251270,2026-02-05,15:15:00,50900,51000,50800,50800,1718,87440000,473,1245
251270,2026-02-05,15:20:00,50800,51000,50800,50900,2144,109140000,1621,523
251270,2026-02-05,15:30:00,50800,50800,50800,50800,6539,332180000,6411,0
251270,2026-02-06,09:05:00,54600,55200,52300,54400,100696,5421750000,49832,50864
251270,2026-02-06,09:10:00,54300,56800,54200,56700,101409,5670870000,72056,29353
251270,2026-02-06,09:15:00,56700,57200,55400,55800,98569,5577200000,56711,41858
251270,2026-02-06,09:20:00,55800,57200,55800,56200,71348,4040970000,39934,31414
251270,2026-02-06,09:25:00,56200,56800,55800,56400,28105,1580050000,10826,17279
251270,2026-02-06,09:30:00,56400,57100,56000,56800,43682,2477550000,24517,19165
251270,2026-02-06,09:35:00,56800,57100,55300,55600,50660,2855000000,20159,30501
251270,2026-02-06,09:40:00,55600,55800,54400,54900,38855,2137050000,13995,24860
251270,2026-02-06,09:45:00,55000,55300,54300,55100,23874,1309360000,11265,12609
251270,2026-02-06,09:50:00,55100,55700,54200,54500,17850,983130000,8471,9379
251270,2026-02-06,09:55:00,54500,54900,54200,54700,11126,606650000,4621,6505
251270,2026-02-06,10:00:00,54700,55300,54500,55100,12899,707950000,5547,7352
251270,2026-02-06,10:05:00,55300,55600,54800,55400,11826,653450000,7066,4760
251270,2026-02-06,10:10:00,55500,55500,55200,55400,4562,252570000,2721,1841
251270,2026-02-06,10:15:00,55400,55500,54900,55000,6665,367250000,2278,4387
251270,2026-02-06,10:20:00,54900,55600,54900,55400,8292,458990000,3915,4377
251270,2026-02-06,10:25:00,55300,55800,55000,55600,9237,512810000,4367,4870
251270,2026-02-06,10:30:00,55600,55600,55000,55300,5225,289120000,2379,2846
251270,2026-02-06,10:35:00,55300,55400,55000,55400,4598,253760000,1844,2754
251270,2026-02-06,10:40:00,55400,55800,55200,55700,6525,362780000,4250,2275
251270,2026-02-06,10:45:00,55700,56100,55600,55900,12340,690140000,6749,5591
251270,2026-02-06,10:50:00,55900,56000,55700,55800,7552,421920000,3162,4390
251270,2026-02-06,10:55:00,55900,56800,55900,56600,20390,1150720000,14882,5508
251270,2026-02-06,11:00:00,56600,56800,56400,56500,11632,658830000,7395,4237
251270,2026-02-06,11:05:00,56600,56700,56300,56500,13216,746870000,6554,6662
251270,2026-02-06,11:10:00,56450,56700,56200,56700,5676,320300000,3064,2612
251270,2026-02-06,11:15:00,56600,57100,56600,56900,21095,1199510000,15350,5745
251270,2026-02-06,11:20:00,56900,57500,56600,57200,31425,1796540000,21092,10333
251270,2026-02-06,11:25:00,57100,57700,57100,57600,47400,2726850000,36052,11348
251270,2026-02-06,11:30:00,57600,57900,57200,57700,28515,1644110000,20117,8398
251270,2026-02-06,11:35:00,57700,57800,57200,57600,12397,712200000,5949,6448
251270,2026-02-06,11:40:00,57500,57600,57300,57500,5758,331060000,3304,2454
251270,2026-02-06,11:45:00,57400,57500,57100,57300,9687,554870000,3588,6099
251270,2026-02-06,11:50:00,57300,57500,57100,57300,8834,505870000,4549,4285
251270,2026-02-06,11:55:00,57300,57500,57200,57400,5182,297260000,3712,1470
251270,2026-02-06,12:00:00,57400,57700,57400,57500,7237,416500000,5437,1800
251270,2026-02-06,12:05:00,57600,57600,57100,57600,8415,482850000,3598,4817
251270,2026-02-06,12:10:00,57500,57600,57200,57500,6700,384690000,2406,4294
251270,2026-02-06,12:15:00,57500,57500,57000,57100,5512,315490000,2213,3299
251270,2026-02-06,12:20:00,57000,57400,56800,57200,9237,527390000,2961,6276
251270,2026-02-06,12:25:00,57200,57300,56700,57000,7318,417090000,2823,4495
251270,2026-02-06,12:30:00,57100,57300,57000,57000,6257,357590000,2918,3339
251270,2026-02-06,12:35:00,57000,57300,56900,57100,4763,271920000,2462,2301
251270,2026-02-06,12:40:00,57000,57300,56700,56800,5705,325430000,1773,3932
251270,2026-02-06,12:45:00,56700,56900,56200,56500,12661,716940000,4586,8075
251270,2026-02-06,12:50:00,56600,56800,56300,56700,6631,375230000,2389,4242
251270,2026-02-06,12:55:00,56600,56800,56500,56600,4286,242780000,2187,2099
251270,2026-02-06,13:00:00,56700,56900,56500,56500,4809,272580000,1705,3104
251270,2026-02-06,13:05:00,56600,56900,56500,56700,4504,255490000,2014,2490
251270,2026-02-06,13:10:00,56700,56800,56200,56300,11685,658710000,5497,6188
251270,2026-02-06,13:15:00,56300,56400,55800,55900,18803,1053050000,4851,13952
251270,2026-02-06,13:20:00,55800,56100,55700,55800,9292,519030000,4233,5059
251270,2026-02-06,13:25:00,55800,56000,55600,55600,11752,655430000,3637,8115
251270,2026-02-06,13:30:00,55600,55800,55300,55700,12471,694050000,4246,8225
251270,2026-02-06,13:35:00,55600,56100,55600,55900,9517,531370000,5515,4002
251270,2026-02-06,13:40:00,55900,56100,55800,56000,8622,482400000,3437,5185
251270,2026-02-06,13:45:00,56100,56100,55600,55600,5687,317830000,2880,2807
251270,2026-02-06,13:50:00,55700,55800,55500,55700,6994,388800000,2020,4974
251270,2026-02-06,13:55:00,55600,55800,55400,55600,7014,390030000,2470,4544
251270,2026-02-06,14:00:00,55600,55900,55600,55800,6328,352760000,2975,3353
251270,2026-02-06,14:05:00,55800,55900,55400,55400,9270,515610000,3371,5899
251270,2026-02-06,14:10:00,55500,55600,54700,55000,20589,1133040000,4527,16062
251270,2026-02-06,14:15:00,55000,55200,54800,55100,8698,478300000,3285,5413
251270,2026-02-06,14:20:00,55000,55200,54700,55200,7239,397850000,2435,4804
251270,2026-02-06,14:25:00,55100,55100,54700,54900,7688,421940000,2674,5014
251270,2026-02-06,14:30:00,54800,55000,54500,54800,11799,646030000,4148,7651
251270,2026-02-06,14:35:00,54800,55200,54700,55100,8901,489590000,3965,4936
251270,2026-02-06,14:40:00,55000,55200,54900,55000,5149,283580000,2756,2393
251270,2026-02-06,14:45:00,55000,55200,54800,54900,8676,476990000,4174,4502
251270,2026-02-06,14:50:00,55000,55000,54700,54900,6276,344360000,3460,2816
251270,2026-02-06,14:55:00,54900,55100,54800,55100,6991,384270000,3602,3389
251270,2026-02-06,15:00:00,55000,55200,55000,55200,7387,406860000,3412,3975
251270,2026-02-06,15:05:00,55200,55200,54600,54600,9008,493910000,2484,6524
251270,2026-02-06,15:10:00,54600,54900,54500,54900,8003,437530000,3164,4839
251270,2026-02-06,15:15:00,54800,54900,54500,54700,9698,529690000,2830,6868
251270,2026-02-06,15:20:00,54700,54800,54500,54700,8694,475040000,2869,5825
251270,2026-02-06,15:30:00,54700,54700,54700,54700,19177,1048980000,19177,0
251270,2026-02-09,09:05:00,55600,56300,55400,56300,20711,1157220000,11362,9349
251270,2026-02-09,09:10:00,56300,56400,55300,55400,8311,463520000,2855,5456
251270,2026-02-09,09:15:00,55300,55500,55000,55200,9839,543580000,1710,8129
251270,2026-02-09,09:20:00,55300,55300,54900,55100,6663,366400000,2417,4246
251270,2026-02-09,09:25:00,55000,55200,54700,54900,9731,533350000,2976,6755
251270,2026-02-09,09:30:00,54900,55100,54700,54900,6537,358530000,2007,4530
251270,2026-02-09,09:35:00,55000,55300,54800,55300,3779,208110000,2107,1672
251270,2026-02-09,09:40:00,55300,55700,55200,55600,4620,255900000,2811,1809
251270,2026-02-09,09:45:00,55600,55600,55100,55400,5033,278590000,1342,3691
251270,2026-02-09,09:50:00,55500,55600,55200,55500,2674,148150000,1497,1177
251270,2026-02-09,09:55:00,55500,55500,54900,55000,2444,134690000,424,2020
251270,2026-02-09,10:00:00,55100,55300,54900,55100,2096,115430000,777,1319
251270,2026-02-09,10:05:00,55300,55300,55000,55200,2102,115950000,714,1388
251270,2026-02-09,10:10:00,55200,55500,55100,55500,1756,97070000,672,1084
251270,2026-02-09,10:15:00,55300,55800,55300,55700,4524,251320000,3434,1090
251270,2026-02-09,10:20:00,55700,56000,55700,55800,7740,432440000,5447,2293
251270,2026-02-09,10:25:00,55800,56000,55600,56000,3190,178270000,1638,1552
251270,2026-02-09,10:30:00,56000,56100,55900,56000,3024,169300000,2160,864
251270,2026-02-09,10:35:00,56000,56000,55800,55900,2231,124640000,589,1642
251270,2026-02-09,10:40:00,55900,55900,55600,55900,2967,165460000,692,2275
251270,2026-02-09,10:45:00,55700,56000,55700,55900,2165,120930000,1048,1117
251270,2026-02-09,10:50:00,55800,55900,55500,55700,5462,304270000,1831,3631
251270,2026-02-09,10:55:00,55800,55900,55700,55800,1166,65060000,575,591
251270,2026-02-09,11:00:00,55700,55900,55500,55800,2337,130120000,643,1694
251270,2026-02-09,11:05:00,55600,55900,55500,55700,1851,103050000,680,1171
251270,2026-02-09,11:10:00,55800,55900,55600,55900,3203,178650000,2274,929
251270,2026-02-09,11:15:00,55800,56200,55700,56100,5940,332450000,5262,678
251270,2026-02-09,11:20:00,56200,56300,56000,56200,6080,341130000,4324,1756
251270,2026-02-09,11:25:00,56200,56300,56000,56300,2250,126390000,1586,664
251270,2026-02-09,11:30:00,56200,56300,56100,56200,3087,173490000,2041,1046
251270,2026-02-09,11:35:00,56200,56200,56100,56100,1741,97750000,881,860
251270,2026-02-09,11:40:00,56100,56200,56000,56100,1697,95190000,1038,659
251270,2026-02-09,11:45:00,56100,56200,56000,56100,1471,82520000,1058,413
251270,2026-02-09,11:50:00,56100,56100,55900,56000,2446,136930000,858,1588
251270,2026-02-09,11:55:00,56000,56100,55900,55900,1578,88310000,742,836
251270,2026-02-09,12:00:00,55900,56000,55700,55800,2716,151650000,1341,1375
251270,2026-02-09,12:05:00,55800,55900,55500,55500,4917,274040000,1468,3449
251270,2026-02-09,12:10:00,55500,55800,55500,55700,1952,108580000,1335,617
251270,2026-02-09,12:15:00,55600,55700,55600,55700,1244,69190000,242,1002
251270,2026-02-09,12:20:00,55600,55800,55500,55600,2155,119850000,898,1257
251270,2026-02-09,12:25:00,55600,55800,55600,55700,1256,69960000,685,571
251270,2026-02-09,12:30:00,55800,55800,55500,55800,2093,116470000,917,1176
251270,2026-02-09,12:35:00,55700,55800,55600,55800,1319,73450000,847,472
251270,2026-02-09,12:40:00,55700,55800,55500,55700,1992,110880000,746,1246
251270,2026-02-09,12:45:00,55600,55700,55600,55700,1451,80760000,842,609
251270,2026-02-09,12:50:00,55700,55700,55500,55600,3416,189830000,880,2536
251270,2026-02-09,12:55:00,55500,55700,55500,55550,2420,134470000,894,1526
251270,2026-02-09,13:00:00,55500,55550,55100,55400,24902,1380780000,2150,22752
251270,2026-02-09,13:05:00,55400,55500,55200,55400,1642,90930000,810,832
251270,2026-02-09,13:10:00,55400,55700,55400,55600,2867,159290000,1979,888
251270,2026-02-09,13:15:00,55600,55600,55400,55500,2281,126600000,681,1600
251270,2026-02-09,13:20:00,55500,55600,55400,55600,1192,66240000,942,250
251270,2026-02-09,13:25:00,55600,55600,55300,55400,3078,170650000,1008,2070
251270,2026-02-09,13:30:00,55500,55600,55300,55500,2129,117970000,1106,1023
251270,2026-02-09,13:35:00,55500,55500,55400,55400,3103,171970000,1390,1713
251270,2026-02-09,13:40:00,55300,55400,55300,55300,1449,80180000,528,921
251270,2026-02-09,13:45:00,55400,55400,55300,55300,1372,75930000,618,754
251270,2026-02-09,13:50:00,55300,55400,55200,55300,2333,128990000,589,1744
251270,2026-02-09,13:55:00,55200,55300,55000,55300,5039,277970000,1780,3259
251270,2026-02-09,14:00:00,55300,55400,55100,55300,1585,87560000,710,875
251270,2026-02-09,14:05:00,55200,55400,55000,55200,3960,218370000,2160,1800
251270,2026-02-09,14:10:00,55100,55300,55000,55200,3743,206350000,743,3000
251270,2026-02-09,14:15:00,55300,55400,55200,55300,2415,133520000,1272,1143
251270,2026-02-09,14:20:00,55300,55500,55200,55500,2750,152300000,1039,1711
251270,2026-02-09,14:25:00,55500,55500,55300,55400,2433,134770000,736,1697
251270,2026-02-09,14:30:00,55300,55500,55300,55400,1833,101520000,865,968
251270,2026-02-09,14:35:00,55400,55500,55300,55500,1390,76990000,443,947
251270,2026-02-09,14:40:00,55450,55500,55300,55400,1405,77840000,653,752
251270,2026-02-09,14:45:00,55300,55400,55200,55300,2400,132620000,688,1712
251270,2026-02-09,14:50:00,55300,55400,55100,55300,2107,116310000,711,1396
251270,2026-02-09,14:55:00,55300,55500,55200,55400,1545,85560000,672,873
251270,2026-02-09,15:00:00,55500,55500,55300,55400,2415,133830000,996,1419
251270,2026-02-09,15:05:00,55400,55500,55200,55400,2546,140860000,1416,1130
251270,2026-02-09,15:10:00,55400,55500,55300,55400,2165,119880000,1040,1125
251270,2026-02-09,15:15:00,55400,55500,55300,55400,2619,145150000,2000,619
251270,2026-02-09,15:20:00,55500,55500,55300,55400,2718,150550000,1117,1601
251270,2026-02-09,15:30:00,55500,55500,55500,55500,10670,592180000,10649,0
251270,2026-02-10,09:05:00,55600,55600,54800,55000,7593,418400000,2224,5369
251270,2026-02-10,09:10:00,54900,55500,54800,55400,4350,240030000,2519,1831
251270,2026-02-10,09:15:00,55300,55400,55000,55000,1861,102690000,765,1096
251270,2026-02-10,09:20:00,55000,55300,55000,55100,1999,110200000,797,1202
251270,2026-02-10,09:25:00,55100,55400,55000,55300,6413,353640000,2531,3882
251270,2026-02-10,09:30:00,55300,55700,55200,55700,4027,223340000,2749,1278
251270,2026-02-10,09:35:00,55700,56200,55600,55900,8043,450070000,5473,2570
251270,2026-02-10,09:40:00,55900,55900,55700,55800,2445,136420000,756,1689
251270,2026-02-10,09:45:00,55800,56100,55700,55900,3408,190610000,2241,1167
251270,2026-02-10,09:50:00,55900,56500,55900,56300,9152,514870000,6059,3093
251270,2026-02-10,09:55:00,56300,56800,56100,56600,15226,860020000,12409,2817
251270,2026-02-10,10:00:00,56600,56700,56300,56400,3835,216730000,1760,2075
251270,2026-02-10,10:05:00,56300,56400,56100,56300,2982,167760000,1162,1820
251270,2026-02-10,10:10:00,56200,56500,56000,56400,4753,267260000,1871,2882
251270,2026-02-10,10:15:00,56200,56400,56000,56300,8301,466090000,3353,4948
251270,2026-02-10,10:20:00,56300,56400,56000,56400,2485,139760000,1475,1010
251270,2026-02-10,10:25:00,56400,57000,56300,57000,13029,738710000,10514,2515
251270,2026-02-10,10:30:00,56900,57000,56700,56900,9958,565820000,8291,1667
251270,2026-02-10,10:35:00,56900,56900,56200,56200,4776,270050000,1176,3600
251270,2026-02-10,10:40:00,56300,56600,56100,56600,3770,212380000,2701,1069
251270,2026-02-10,10:45:00,56600,56600,56100,56400,2158,121730000,620,1538
251270,2026-02-10,10:50:00,56400,56700,56300,56700,2369,133860000,1338,1031
251270,2026-02-10,10:55:00,56700,56700,56500,56700,1856,105150000,1055,801
251270,2026-02-10,11:00:00,56700,56700,56500,56600,1781,100810000,791,990
251270,2026-02-10,11:05:00,56700,56700,56100,56400,1570,88560000,632,938
251270,2026-02-10,11:10:00,56400,56600,56400,56500,1189,67160000,710,479
251270,2026-02-10,11:15:00,56600,56600,56300,56300,1308,73850000,579,729
251270,2026-02-10,11:20:00,56500,56500,56300,56400,2125,119810000,1034,1091
251270,2026-02-10,11:25:00,56400,56500,56300,56400,701,39550000,516,185
251270,2026-02-10,11:30:00,56500,56500,56400,56500,1377,77770000,1045,332
251270,2026-02-10,11:35:00,56500,56600,56400,56600,2533,143140000,1873,660
251270,2026-02-10,11:40:00,56600,56600,56100,56300,5151,290450000,948,4203
251270,2026-02-10,11:45:00,56100,56400,56100,56200,6614,372300000,1169,5445
251270,2026-02-10,11:50:00,56300,56400,56200,56300,1550,87250000,843,707
251270,2026-02-10,11:55:00,56300,56400,56100,56400,1740,97960000,1170,570
251270,2026-02-10,12:00:00,56300,56400,56300,56300,819,46150000,439,380
251270,2026-02-10,12:05:00,56300,56400,56300,56300,807,45460000,320,487
251270,2026-02-10,12:10:00,56400,56400,56200,56300,1330,74900000,808,522
251270,2026-02-10,12:15:00,56200,56300,56100,56100,1663,93430000,864,799
251270,2026-02-10,12:20:00,56200,56200,56000,56000,1392,78120000,343,1049
251270,2026-02-10,12:25:00,56100,56200,56000,56100,2581,144650000,1224,1357
251270,2026-02-10,12:30:00,56100,56200,56000,56200,1979,111000000,1310,669
251270,2026-02-10,12:35:00,56200,56600,56100,56600,5440,306490000,4624,816
251270,2026-02-10,12:40:00,56500,56600,56400,56500,1900,107400000,661,1239
251270,2026-02-10,12:45:00,56600,56600,56400,56500,1468,82980000,1044,424
251270,2026-02-10,12:50:00,56500,56500,56400,56500,1130,63820000,918,212
251270,2026-02-10,12:55:00,56500,56600,56500,56600,1739,98360000,1591,148
251270,2026-02-10,13:00:00,56500,56600,56500,56600,1285,72720000,1147,138
251270,2026-02-10,13:05:00,56600,56700,56500,56500,1853,104860000,1289,564
251270,2026-02-10,13:10:00,56600,56700,56500,56600,1726,97710000,985,741
251270,2026-02-10,13:15:00,56600,56700,56500,56700,2084,117990000,976,1108
251270,2026-02-10,13:20:00,56700,56700,56400,56600,2460,138990000,1101,1359
251270,2026-02-10,13:25:00,56600,56700,56500,56700,3467,196330000,1751,1716
251270,2026-02-10,13:30:00,56700,56900,56500,56900,5878,333600000,5286,592
251270,2026-02-10,13:35:00,56800,57100,56800,57100,10395,592190000,8315,2080
251270,2026-02-10,13:40:00,57100,57200,56800,57000,8299,473890000,5583,2716
251270,2026-02-10,13:45:00,57050,57300,57000,57100,4754,271750000,3464,1290
251270,2026-02-10,13:50:00,57100,57300,57000,57200,3781,216300000,2488,1293
251270,2026-02-10,13:55:00,57300,57300,57100,57200,4532,259320000,2372,2160
251270,2026-02-10,14:00:00,57200,57300,57100,57300,2658,152180000,1775,883
251270,2026-02-10,14:05:00,57200,57300,57100,57300,3482,199350000,2202,1280
251270,2026-02-10,14:10:00,57300,57300,57100,57200,3777,215900000,1853,1924
251270,2026-02-10,14:15:00,57200,57400,57200,57300,5676,325210000,4843,833
251270,2026-02-10,14:20:00,57300,57500,57200,57400,8550,490730000,5686,2864
251270,2026-02-10,14:25:00,57300,57400,57300,57400,4930,282950000,4450,480
251270,2026-02-10,14:30:00,57300,57500,57200,57200,5741,329490000,3180,2561
251270,2026-02-10,14:35:00,57300,57300,57100,57300,4480,256290000,2902,1578
251270,2026-02-10,14:40:00,57300,57400,57200,57300,3727,213500000,2665,1062
251270,2026-02-10,14:45:00,57200,57300,57100,57200,4799,274480000,2660,2139
251270,2026-02-10,14:50:00,57200,57200,57000,57100,4446,253980000,2482,1964
251270,2026-02-10,14:55:00,57200,57300,57000,57300,5911,338040000,3094,2817
251270,2026-02-10,15:00:00,57200,57300,57100,57200,3596,205670000,2469,1127
251270,2026-02-10,15:05:00,57100,57300,56900,57100,4483,255750000,1350,3133
251270,2026-02-10,15:10:00,57100,57100,56900,56900,2363,134730000,1333,1030
251270,2026-02-10,15:15:00,57000,57000,56500,56700,8237,467330000,4178,4059
251270,2026-02-10,15:20:00,56700,56700,56300,56300,9755,550930000,3729,6026
251270,2026-02-10,15:30:00,56500,56500,56500,56500,13351,754330000,13281,0
251270,2026-02-11,09:05:00,57300,58400,57100,58200,20566,1187090000,17035,3531
251270,2026-02-11,09:10:00,58300,58600,57700,58400,15595,907850000,9192,6403
251270,2026-02-11,09:15:00,58300,58700,57900,58700,13044,760340000,8965,4079
251270,2026-02-11,09:20:00,58600,58900,58100,58600,16826,986500000,7701,9125
251270,2026-02-11,09:25:00,58600,58900,58300,58800,10073,590990000,7689,2384
251270,2026-02-11,09:30:00,58700,58800,58200,58400,7868,460760000,2254,5614
251270,2026-02-11,09:35:00,58400,58400,58000,58400,5087,296400000,1869,3218
251270,2026-02-11,09:40:00,58400,58400,58000,58200,5155,299870000,2754,2401
251270,2026-02-11,09:45:00,58200,58200,58000,58200,3113,180660000,1203,1910
251270,2026-02-11,09:50:00,58100,58200,57900,58100,2195,127480000,1129,1066
251270,2026-02-11,09:55:00,58200,58300,58100,58200,4162,242200000,2255,1907
251270,2026-02-11,10:00:00,58200,58300,57800,57900,5525,321070000,2501,3024
251270,2026-02-11,10:05:00,57900,58000,57500,57700,4337,250300000,1614,2723
251270,2026-02-11,10:10:00,57700,57800,57400,57500,3176,182850000,1221,1955
251270,2026-02-11,10:15:00,57500,57600,57300,57400,4485,257680000,1475,3010
251270,2026-02-11,10:20:00,57400,57600,57400,57500,3491,200690000,1391,2100
251270,2026-02-11,10:25:00,57600,57700,57400,57500,1768,101700000,842,926
251270,2026-02-11,10:30:00,57500,57600,57400,57600,2934,168510000,925,2009
251270,2026-02-11,10:35:00,57600,57600,57300,57600,3887,223360000,1076,2811
251270,2026-02-11,10:40:00,57600,57600,57400,57600,3088,177460000,1705,1383
251270,2026-02-11,10:45:00,57500,57800,57400,57800,4291,247400000,2304,1987
251270,2026-02-11,10:50:00,57800,57900,57600,57700,2368,136770000,1415,953
251270,2026-02-11,10:55:00,57600,57900,57600,57900,3243,187650000,2054,1189
251270,2026-02-11,11:00:00,57900,58000,57700,57700,1923,111250000,958,965
251270,2026-02-11,11:05:00,57700,58000,57700,58000,2528,146250000,1941,587
251270,2026-02-11,11:10:00,58000,58000,57700,57800,1520,87860000,856,664
251270,2026-02-11,11:15:00,57800,58400,57700,58000,5584,324330000,4268,1316
251270,2026-02-11,11:20:00,58000,58300,58000,58100,4068,236570000,3267,801
251270,2026-02-11,11:25:00,58000,58300,58000,58200,2615,152270000,1980,635
251270,2026-02-11,11:30:00,58300,58400,58100,58400,3201,186570000,2095,1106
251270,2026-02-11,11:35:00,58400,58400,58100,58300,2844,165790000,2043,801
251270,2026-02-11,11:40:00,58300,58400,57900,58100,3295,191630000,1191,2104
251270,2026-02-11,11:45:00,58200,58300,58000,58200,2690,156490000,1897,793
251270,2026-02-11,11:50:00,58100,58200,57900,58100,2771,161000000,1770,1001
251270,2026-02-11,11:55:00,58100,58200,57900,58200,2303,133810000,1494,809
251270,2026-02-11,12:00:00,58200,58200,57900,58000,3406,197850000,1643,1763
251270,2026-02-11,12:05:00,57900,58200,57900,57900,2879,167200000,1859,1020
251270,2026-02-11,12:10:00,58000,58200,57900,58100,2617,151990000,1944,673
251270,2026-02-11,12:15:00,58100,58200,58000,58100,2425,140970000,1932,493
251270,2026-02-11,12:20:00,58000,58300,57900,58000,3657,212360000,1812,1845
251270,2026-02-11,12:25:00,58000,58200,58000,58200,2268,131750000,1339,929
251270,2026-02-11,12:30:00,58200,58200,58000,58100,2506,145670000,1689,817
251270,2026-02-11,12:35:00,58100,58200,58000,58100,2871,166920000,1693,1178
251270,2026-02-11,12:40:00,58100,58300,58100,58200,1951,113510000,1407,544
251270,2026-02-11,12:45:00,58300,58300,58100,58200,2886,167970000,1465,1421
251270,2026-02-11,12:50:00,58300,58300,58000,58300,3923,228140000,2476,1447
251270,2026-02-11,12:55:00,58100,58300,58100,58200,2162,125860000,1364,798
251270,2026-02-11,13:00:00,58300,58300,58200,58200,2481,144600000,1826,655
251270,2026-02-11,13:05:00,58300,58400,58100,58100,2321,135290000,1522,799
251270,2026-02-11,13:10:00,58100,58300,58100,58200,2569,149510000,1795,774
251270,2026-02-11,13:15:00,58200,58200,58000,58200,2274,132240000,1483,791
251270,2026-02-11,13:20:00,58100,58300,57900,58200,2691,156290000,1313,1378
251270,2026-02-11,13:25:00,58100,58200,57900,58000,1941,112760000,952,989
251270,2026-02-11,13:30:00,58000,58300,57900,58000,2341,135940000,1621,720
251270,2026-02-11,13:35:00,58000,58100,57900,58000,2192,127140000,1549,643
251270,2026-02-11,13:40:00,58000,58000,57600,57700,4781,276090000,1756,3025
251270,2026-02-11,13:45:00,57800,58100,57700,58000,2479,143550000,1772,707
251270,2026-02-11,13:50:00,58000,58100,57800,58000,2332,135170000,1496,836
251270,2026-02-11,13:55:00,58000,58100,57700,58000,3095,179380000,1778,1317
251270,2026-02-11,14:00:00,58000,58200,57800,58000,3104,180270000,2135,969
251270,2026-02-11,14:05:00,58100,58200,58000,58100,1873,108830000,1024,849
251270,2026-02-11,14:10:00,58100,58200,58000,58100,2425,140840000,1321,1104
251270,2026-02-11,14:15:00,58100,58100,57700,57900,3283,190100000,1217,2066
251270,2026-02-11,14:20:00,58000,58100,57800,57900,2482,143810000,1595,887
251270,2026-02-11,14:25:00,57900,58100,57800,58000,2478,143590000,1598,880
251270,2026-02-11,14:30:00,57900,58100,57800,58100,2380,138070000,1349,1031
251270,2026-02-11,14:35:00,58000,58100,57800,58000,2328,134960000,1195,1133
251270,2026-02-11,14:40:00,58000,58100,57900,58100,3197,185500000,1529,1668
251270,2026-02-11,14:45:00,58100,58100,57800,57800,2523,146140000,1450,1073
251270,2026-02-11,14:50:00,57900,58000,57600,57600,6335,365900000,1467,4868
251270,2026-02-11,14:55:00,57600,57800,57600,57700,3070,177210000,1498,1572
251270,2026-02-11,15:00:00,57700,57800,57600,57700,2755,159040000,1857,898
251270,2026-02-11,15:05:00,57800,58100,57700,58000,8002,463690000,5571,2431
251270,2026-02-11,15:10:00,58000,58300,57900,58100,10502,610330000,5779,4723
251270,2026-02-11,15:15:00,58200,58200,57900,58000,5379,312530000,2935,2444
251270,2026-02-11,15:20:00,58100,58200,57600,58000,8146,471770000,4518,3628
251270,2026-02-11,15:30:00,57900,57900,57900,57900,7158,414440000,7152,0
251270,2026-02-12,09:05:00,57700,57800,56900,57400,15499,888170000,7796,7703
251270,2026-02-12,09:10:00,57400,57500,56900,57100,5852,334110000,2339,3513
251270,2026-02-12,09:15:00,57100,57100,56700,57000,5666,322230000,1226,4440
251270,2026-02-12,09:20:00,56900,57100,56800,56800,3102,176540000,1526,1576
251270,2026-02-12,09:25:00,56900,56900,56600,56700,6627,375990000,1708,4919
251270,2026-02-12,09:30:00,56700,56900,56300,56700,9248,523210000,824,8424
251270,2026-02-12,09:35:00,56800,56800,56500,56600,2924,165560000,483,2441
251270,2026-02-12,09:40:00,56600,57000,56600,57000,4277,242920000,2629,1648
251270,2026-02-12,09:45:00,57000,57000,56700,56900,3028,172290000,2219,809
251270,2026-02-12,09:50:00,56800,56900,56600,56900,2250,127750000,664,1586
251270,2026-02-12,09:55:00,56900,57100,56900,57100,2233,127310000,1424,809
251270,2026-02-12,10:00:00,57100,57200,56900,56900,945,53920000,321,624
251270,2026-02-12,10:05:00,57000,57000,56800,56800,1898,108010000,1018,880
251270,2026-02-12,10:10:00,56800,57000,56800,56800,2829,160900000,1452,1377
251270,2026-02-12,10:15:00,56900,56900,56700,56750,1322,75080000,236,1086
251270,2026-02-12,10:20:00,56700,57400,56700,57400,7404,422450000,5922,1482
251270,2026-02-12,10:25:00,57300,57700,57100,57700,8069,463830000,4848,3221
251270,2026-02-12,10:30:00,57600,57700,57300,57600,2811,161800000,1909,902
251270,2026-02-12,10:35:00,57600,57600,57300,57600,2424,139320000,840,1584
251270,2026-02-12,10:40:00,57400,57600,57300,57500,2921,167660000,766,2155
251270,2026-02-12,10:45:00,57400,57900,57400,57800,3560,205120000,2503,1057
251270,2026-02-12,10:50:00,57700,57800,57500,57600,2788,160580000,1075,1713
251270,2026-02-12,10:55:00,57600,57700,57300,57300,2150,123560000,1064,1086
251270,2026-02-12,11:00:00,57300,57400,57200,57200,1362,78020000,271,1091
251270,2026-02-12,11:05:00,57200,57300,57200,57200,1090,62420000,675,415
251270,2026-02-12,11:10:00,57300,57500,57200,57300,1595,91410000,817,778
251270,2026-02-12,11:15:00,57300,57400,56700,57000,17823,1014920000,10336,7487
251270,2026-02-12,11:20:00,57000,57200,56900,57100,1434,81670000,632,802
251270,2026-02-12,11:25:00,56900,57000,56900,57000,1185,67490000,560,625
251270,2026-02-12,11:30:00,56900,57000,56800,56800,1267,72140000,589,678
251270,2026-02-12,11:35:00,56900,57100,56800,57000,852,48520000,571,281
251270,2026-02-12,11:40:00,57000,57000,56900,56900,1028,58540000,507,521
251270,2026-02-12,11:45:00,56900,57000,56600,56700,2772,157410000,327,2445
251270,2026-02-12,11:50:00,56600,56700,56500,56600,3011,170420000,572,2439
251270,2026-02-12,11:55:00,56600,56700,56500,56550,5721,323850000,4111,1610
251270,2026-02-12,12:00:00,56600,56700,56500,56600,7716,436350000,3172,4544
251270,2026-02-12,12:05:00,56600,56800,56500,56750,4709,266530000,3678,1031
251270,2026-02-12,12:10:00,56800,56800,56500,56800,3598,203890000,720,2878
251270,2026-02-12,12:15:00,56800,56900,56700,56800,3023,171650000,1467,1556
251270,2026-02-12,12:20:00,56800,56900,56700,56800,693,39390000,359,334
251270,2026-02-12,12:25:00,56800,56900,56800,56800,988,56180000,649,339
251270,2026-02-12,12:30:00,56800,57000,56800,56950,1758,99960000,1075,683
251270,2026-02-12,12:35:00,57000,57200,56950,57000,2365,134960000,1721,644
251270,2026-02-12,12:40:00,57100,57100,56900,57000,1451,82670000,306,1145
251270,2026-02-12,12:45:00,56900,57000,56900,57000,921,52440000,414,507
251270,2026-02-12,12:50:00,57000,57000,56800,56900,1378,78430000,332,1046
251270,2026-02-12,12:55:00,56800,56900,56800,56800,1261,71680000,542,719
251270,2026-02-12,13:00:00,56800,56900,56800,56800,826,46930000,241,585
251270,2026-02-12,13:05:00,56800,56900,56800,56900,487,27690000,276,211
251270,2026-02-12,13:10:00,56900,57000,56800,56900,1642,93410000,1239,403
251270,2026-02-12,13:15:00,57000,57000,56900,57000,1250,71190000,633,617
251270,2026-02-12,13:20:00,57000,57100,56900,57000,1104,62930000,545,559
251270,2026-02-12,13:25:00,56900,57100,56900,57000,1974,112510000,1514,460
251270,2026-02-12,13:30:00,57100,57200,56900,57100,2877,164230000,1422,1455
251270,2026-02-12,13:35:00,57100,57200,56900,57000,1876,107020000,619,1257
251270,2026-02-12,13:40:00,56900,57000,56700,56900,3997,227240000,1810,2187
251270,2026-02-12,13:45:00,56900,57000,56800,56900,1730,98360000,749,981
251270,2026-02-12,13:50:00,57000,57000,56900,57000,1307,74440000,752,555
251270,2026-02-12,13:55:00,57000,57200,56900,57200,2104,120010000,1370,734
251270,2026-02-12,14:00:00,57100,57500,57000,57400,6941,398140000,4711,2230
251270,2026-02-12,14:05:00,57400,57500,57300,57400,4302,247000000,2371,1931
251270,2026-02-12,14:10:00,57400,57600,57300,57400,2658,152790000,1824,834
251270,2026-02-12,14:15:00,57400,57600,57300,57500,3305,189940000,2321,984
251270,2026-02-12,14:20:00,57600,57600,56900,57400,11943,682790000,5099,6844
251270,2026-02-12,14:25:00,57400,57500,56900,57200,22763,1297970000,6728,16035
251270,2026-02-12,14:30:00,57200,57300,56900,57100,20857,1189200000,9560,11297
251270,2026-02-12,14:35:00,57100,57300,57100,57300,2746,157060000,2324,422
251270,2026-02-12,14:40:00,57300,57400,57100,57300,3811,218220000,2899,912
251270,2026-02-12,14:45:00,57300,57400,57200,57300,3635,208280000,2723,912
251270,2026-02-12,14:50:00,57300,57400,57100,57300,3533,202230000,2299,1234
251270,2026-02-12,14:55:00,57300,57400,57100,57200,3524,201940000,1638,1886
251270,2026-02-12,15:00:00,57200,57400,57100,57200,3899,223290000,2322,1577
251270,2026-02-12,15:05:00,57100,57300,57000,57100,2285,130440000,577,1708
251270,2026-02-12,15:10:00,57100,57200,57000,57100,7192,410520000,4655,2537
251270,2026-02-12,15:15:00,57000,57300,57000,57200,6022,344290000,5262,760
251270,2026-02-12,15:20:00,57100,57200,57000,57000,2500,142810000,1368,1132
251270,2026-02-12,15:30:00,57000,57000,57000,57000,47041,2681330000,46926,0
251270,2026-02-13,09:05:00,57200,58100,57200,58000,9171,529160000,6950,2221
251270,2026-02-13,09:10:00,57900,58000,57500,57600,3098,178930000,1480,1618
251270,2026-02-13,09:15:00,57600,57600,56800,56900,4515,258040000,694,3821
251270,2026-02-13,09:20:00,57000,57300,56900,57200,3898,222490000,2000,1898
251270,2026-02-13,09:25:00,57100,57350,57100,57200,2380,136150000,1433,947
251270,2026-02-13,09:30:00,57200,57700,57100,57300,8093,463700000,5327,2766
251270,2026-02-13,09:35:00,57400,57400,57200,57200,2759,157980000,1472,1287
251270,2026-02-13,09:40:00,57200,57700,57100,57700,3978,227990000,2219,1759
251270,2026-02-13,09:45:00,57700,57800,57400,57600,6669,383740000,3845,2824
251270,2026-02-13,09:50:00,57600,57700,57300,57300,3832,220470000,2028,1804
251270,2026-02-13,09:55:00,57300,57500,57200,57500,3623,207910000,1474,2149
251270,2026-02-13,10:00:00,57500,57800,57400,57800,2797,161330000,2262,535
251270,2026-02-13,10:05:00,57800,57900,57700,57850,2712,156650000,1732,980
251270,2026-02-13,10:10:00,57900,58100,57800,57900,7123,412970000,4965,2158
251270,2026-02-13,10:15:00,57900,58200,57900,58100,4983,289140000,2652,2331
251270,2026-02-13,10:20:00,58100,58100,57700,57800,2482,143700000,1186,1296
251270,2026-02-13,10:25:00,57700,57900,57600,57700,1828,105640000,795,1033
251270,2026-02-13,10:30:00,57800,57800,57400,57600,2213,127470000,758,1455
251270,2026-02-13,10:35:00,57600,57700,57400,57500,3877,222870000,1698,2179
251270,2026-02-13,10:40:00,57500,57500,57200,57400,2656,152380000,1004,1652
251270,2026-02-13,10:45:00,57400,57500,57200,57500,2066,118520000,1149,917
251270,2026-02-13,10:50:00,57400,57500,57200,57500,2690,154260000,1441,1249
251270,2026-02-13,10:55:00,57500,57500,57200,57300,2601,149070000,618,1983
251270,2026-02-13,11:00:00,57300,57400,57100,57300,2275,130270000,1185,1090
251270,2026-02-13,11:05:00,57400,57700,57350,57400,3265,187670000,1856,1409
251270,2026-02-13,11:10:00,57400,57500,57200,57400,1718,98570000,853,865
251270,2026-02-13,11:15:00,57400,57500,57300,57500,1640,94180000,813,827
251270,2026-02-13,11:20:00,57300,57500,57300,57500,1547,88850000,908,639
251270,2026-02-13,11:25:00,57500,57500,57300,57500,1799,103320000,862,937
251270,2026-02-13,11:30:00,57500,57600,57400,57500,1308,75190000,690,618
251270,2026-02-13,11:35:00,57600,57600,57300,57500,1445,83040000,636,809
251270,2026-02-13,11:40:00,57500,57600,57300,57500,1322,75990000,673,649
251270,2026-02-13,11:45:00,57600,57600,57400,57600,1260,72460000,607,653
251270,2026-02-13,11:50:00,57600,57600,57400,57600,2453,140940000,604,1849
251270,2026-02-13,11:55:00,57500,57600,57300,57500,2662,152900000,978,1684
251270,2026-02-13,12:00:00,57400,57500,57200,57300,2828,162170000,1167,1661
251270,2026-02-13,12:05:00,57400,57500,57300,57400,1652,94790000,903,749
251270,2026-02-13,12:10:00,57300,57500,57200,57300,2878,164970000,601,2277
251270,2026-02-13,12:15:00,57300,57400,57200,57400,1729,99190000,1169,560
251270,2026-02-13,12:20:00,57400,57500,57300,57400,1127,64710000,895,232
251270,2026-02-13,12:25:00,57500,57500,57200,57400,2829,162300000,1409,1420
251270,2026-02-13,12:30:00,57400,57400,57100,57200,2599,148780000,840,1759
251270,2026-02-13,12:35:00,57200,57400,57200,57400,1440,82580000,979,461
251270,2026-02-13,12:40:00,57400,57500,57200,57400,1211,69480000,655,556
251270,2026-02-13,12:45:00,57400,57500,57300,57300,1427,81840000,741,686
251270,2026-02-13,12:50:00,57300,57500,57300,57300,887,50900000,653,234
251270,2026-02-13,12:55:00,57300,57500,57300,57400,1553,89150000,1052,501
251270,2026-02-13,13:00:00,57400,57500,57300,57500,1180,67780000,986,194
251270,2026-02-13,13:05:00,57450,57600,57300,57400,2123,121820000,645,1478
251270,2026-02-13,13:10:00,57600,57800,57300,57800,5294,305100000,3859,1435
251270,2026-02-13,13:15:00,57800,57900,57700,57900,3050,176370000,2507,543
251270,2026-02-13,13:20:00,57900,58000,57600,57700,4933,285170000,2375,2558
251270,2026-02-13,13:25:00,57800,58000,57700,57900,6085,351770000,2702,3383
251270,2026-02-13,13:30:00,57900,58000,57600,58000,3206,185550000,1322,1884
251270,2026-02-13,13:35:00,57900,58000,57700,57900,4757,275170000,2636,2121
251270,2026-02-13,13:40:00,57900,57900,57800,57900,2519,145850000,2386,133
251270,2026-02-13,13:45:00,57900,58000,57800,57900,2290,132590000,2082,208
251270,2026-02-13,13:50:00,57900,58000,57700,57900,5094,294610000,1925,3169
251270,2026-02-13,13:55:00,57800,57900,57600,57900,3709,214410000,1996,1713
251270,2026-02-13,14:00:00,57800,57900,57700,57800,2625,151880000,1932,693
251270,2026-02-13,14:05:00,57800,57900,57700,57900,2474,143060000,1267,1207
251270,2026-02-13,14:10:00,57700,57900,57600,57800,2715,156870000,1664,1051
251270,2026-02-13,14:15:00,57800,57900,57700,57800,3142,181690000,1449,1693
251270,2026-02-13,14:20:00,57700,57800,57600,57800,2718,157030000,2212,506
251270,2026-02-13,14:25:00,57800,57800,57600,57700,2790,161030000,1680,1110
251270,2026-02-13,14:30:00,57700,57700,57500,57500,3110,179320000,2148,962
251270,2026-02-13,14:35:00,57500,57600,57400,57500,2530,145610000,1731,799
251270,2026-02-13,14:40:00,57400,57500,57300,57400,4736,271980000,2858,1878
251270,2026-02-13,14:45:00,57400,57500,57300,57400,8188,470040000,5065,3123
251270,2026-02-13,14:50:00,57400,57500,57300,57500,5586,320680000,4024,1562
251270,2026-02-13,14:55:00,57400,57500,57200,57300,3871,222230000,2311,1560
251270,2026-02-13,15:00:00,57300,57500,57300,57300,3325,190860000,2451,874
251270,2026-02-13,15:05:00,57300,57500,57300,57400,3549,203800000,2409,1140
251270,2026-02-13,15:10:00,57400,57500,57400,57500,3700,212630000,2685,1015
251270,2026-02-13,15:15:00,57400,57500,57300,57500,2926,168030000,2003,923
251270,2026-02-13,15:20:00,57400,57700,57400,57400,4743,272860000,3817,926
251270,2026-02-13,15:30:00,57200,57200,57200,57200,15298,875050000,15293,0
251270,2026-02-19,09:05:00,57900,58600,57600,57800,11910,691830000,9374,2536
251270,2026-02-19,09:10:00,57900,58700,57900,58400,5053,295180000,3125,1928
251270,2026-02-19,09:15:00,58400,58900,58200,58500,7908,463300000,4817,3091
251270,2026-02-19,09:20:00,58500,58600,58200,58250,3625,211950000,1730,1895
251270,2026-02-19,09:25:00,58200,58700,58100,58400,4696,274330000,2928,1768
251270,2026-02-19,09:30:00,58400,58500,58100,58100,1618,94240000,195,1423
251270,2026-02-19,09:35:00,58200,58300,58000,58100,2309,134310000,1009,1300
251270,2026-02-19,09:40:00,58100,58100,57700,57800,3308,191390000,689,2619
251270,2026-02-19,09:45:00,57800,57800,57500,57600,2530,145880000,839,1691
251270,2026-02-19,09:50:00,57600,57700,57300,57500,6054,347960000,2025,4029
251270,2026-02-19,09:55:00,57500,57600,57400,57600,1634,93920000,1197,437
251270,2026-02-19,10:00:00,57600,57600,57200,57500,3792,217580000,578,3214
251270,2026-02-19,10:05:00,57600,57600,57500,57600,1180,67890000,580,600
251270,2026-02-19,10:10:00,57500,57700,57400,57700,3266,188050000,1729,1537
251270,2026-02-19,10:15:00,57600,57700,57600,57700,1170,67440000,586,584
251270,2026-02-19,10:20:00,57600,57700,57500,57600,1838,105830000,785,1053
251270,2026-02-19,10:25:00,57600,57700,57500,57600,2189,126080000,968,1221
251270,2026-02-19,10:30:00,57600,57700,57400,57600,1625,93550000,514,1111
251270,2026-02-19,10:35:00,57600,57700,57400,57500,888,51140000,376,512
251270,2026-02-19,10:40:00,57700,57700,57500,57600,1335,76900000,637,698
251270,2026-02-19,10:45:00,57600,57800,57500,57800,1956,112800000,1286,670
251270,2026-02-19,10:50:00,57700,57800,57600,57700,1100,63480000,397,703
251270,2026-02-19,10:55:00,57700,57700,57500,57600,2235,128750000,1362,873
251270,2026-02-19,11:00:00,57600,57700,57300,57400,4580,262890000,608,3972
251270,2026-02-19,11:05:00,57300,57500,57300,57500,861,49460000,519,342
251270,2026-02-19,11:10:00,57500,57500,57300,57500,1611,92510000,652,959
251270,2026-02-19,11:15:00,57400,57500,57300,57500,1110,63730000,429,681
251270,2026-02-19,11:20:00,57500,57700,57400,57600,2049,117870000,1652,397
251270,2026-02-19,11:25:00,57600,57600,57300,57600,905,52100000,428,477
251270,2026-02-19,11:30:00,57600,57600,57500,57600,702,40420000,474,228
251270,2026-02-19,11:35:00,57600,57700,57500,57600,1056,60870000,907,149
251270,2026-02-19,11:40:00,57700,57700,57500,57700,878,50600000,600,278
251270,2026-02-19,11:45:00,57700,57700,57500,57700,973,56060000,415,558
251270,2026-02-19,11:50:00,57600,57800,57500,57700,1966,113420000,945,1021
251270,2026-02-19,11:55:00,57800,57800,57600,57800,1157,66760000,547,610
251270,2026-02-19,12:00:00,57700,57800,57600,57700,867,50020000,435,432
251270,2026-02-19,12:05:00,57700,57800,57600,57600,1036,59760000,580,456
251270,2026-02-19,12:10:00,57700,57800,57400,57700,2703,155690000,1372,1331
251270,2026-02-19,12:15:00,57700,57800,57500,57700,771,44460000,453,318
251270,2026-02-19,12:20:00,57700,57700,57500,57500,804,46310000,385,419
251270,2026-02-19,12:25:00,57600,57600,57400,57600,1013,58270000,380,633
251270,2026-02-19,12:30:00,57600,57800,57500,57700,1049,60470000,710,339
251270,2026-02-19,12:35:00,57600,57700,57400,57600,932,53690000,385,547
251270,2026-02-19,12:40:00,57600,57700,57500,57500,1298,74740000,1013,285
251270,2026-02-19,12:45:00,57500,57700,57500,57700,798,45980000,293,505
251270,2026-02-19,12:50:00,57600,57700,57500,57700,1858,107040000,460,1398
251270,2026-02-19,12:55:00,57500,57700,57500,57700,798,45990000,560,238
251270,2026-02-19,13:00:00,57600,57700,57600,57700,727,41930000,489,238
251270,2026-02-19,13:05:00,57600,57800,57600,57700,1667,96180000,832,835
251270,2026-02-19,13:10:00,57800,57800,57500,57600,774,44630000,544,230
251270,2026-02-19,13:15:00,57600,57800,57500,57700,1232,71040000,780,452
251270,2026-02-19,13:20:00,57700,57800,57300,57600,4010,230570000,823,3187
251270,2026-02-19,13:25:00,57600,57600,57400,57600,2177,125090000,658,1519
251270,2026-02-19,13:30:00,57500,57600,57400,57600,1851,106420000,868,983
251270,2026-02-19,13:35:00,57600,57600,57300,57500,2186,125640000,736,1450
251270,2026-02-19,13:40:00,57500,57600,57400,57500,2290,131700000,835,1455
251270,2026-02-19,13:45:00,57600,57600,57500,57500,2030,116840000,1134,896
251270,2026-02-19,13:50:00,57550,57800,57500,57800,2535,146170000,1941,594
251270,2026-02-19,13:55:00,57700,57800,57600,57800,2999,173100000,1154,1845
251270,2026-02-19,14:00:00,57700,57800,57500,57700,1936,111660000,838,1098
251270,2026-02-19,14:05:00,57800,57800,57600,57700,1517,87580000,700,817
251270,2026-02-19,14:10:00,57700,57800,57500,57700,2233,128850000,1102,1131
251270,2026-02-19,14:15:00,57800,57800,57500,57700,2838,163740000,1180,1658
251270,2026-02-19,14:20:00,57800,57900,57700,57800,1779,102780000,1054,725
251270,2026-02-19,14:25:00,57700,57800,57600,57700,2209,127490000,1136,1073
251270,2026-02-19,14:30:00,57700,57800,57600,57800,1874,108180000,724,1150
251270,2026-02-19,14:35:00,57800,57800,57700,57700,1972,113860000,771,1201
251270,2026-02-19,14:40:00,57800,57800,57600,57700,2180,125830000,979,1201
251270,2026-02-19,14:45:00,57800,57800,57700,57800,2002,115630000,1188,814
251270,2026-02-19,14:50:00,57800,57800,57700,57800,1074,62060000,815,259
251270,2026-02-19,14:55:00,57700,57900,57700,57900,3252,187980000,2484,768
251270,2026-02-19,15:00:00,57800,57900,57500,57900,3305,190800000,637,2668
251270,2026-02-19,15:05:00,57800,57900,57700,57700,1408,81390000,248,1160
251270,2026-02-19,15:10:00,57800,57900,57700,57800,1916,110750000,1102,814
251270,2026-02-19,15:15:00,57700,57800,57700,57700,634,36600000,201,433
251270,2026-02-19,15:20:00,57700,57800,57500,57800,8822,508560000,4116,4706
251270,2026-02-19,15:30:00,57600,57600,57600,57600,10201,587570000,10200,0
251270,2026-02-20,09:05:00,57400,57500,57100,57400,4267,244350000,2434,1833
251270,2026-02-20,09:10:00,57500,57500,57200,57400,2760,158180000,1914,846
251270,2026-02-20,09:15:00,57400,57600,57300,57500,3141,180480000,2003,1138
251270,2026-02-20,09:20:00,57400,57500,57100,57200,2167,124070000,386,1781
251270,2026-02-20,09:25:00,57100,57400,57000,57300,4894,279900000,901,3993
251270,2026-02-20,09:30:00,57200,57300,57100,57100,1568,89610000,249,1319
251270,2026-02-20,09:35:00,57100,57300,57000,57200,2527,144500000,1121,1406
251270,2026-02-20,09:40:00,57300,57300,57100,57100,1120,64000000,173,947
251270,2026-02-20,09:45:00,57100,57200,57000,57100,5275,301060000,1776,3499
251270,2026-02-20,09:50:00,57200,57200,57000,57000,1819,103840000,653,1166
251270,2026-02-20,09:55:00,57000,57400,57000,57200,5621,321630000,3216,2405
251270,2026-02-20,10:00:00,57200,57300,57100,57200,1433,81980000,286,1147
251270,2026-02-20,10:05:00,57200,57300,57100,57300,3108,177780000,1195,1913
251270,2026-02-20,10:10:00,57200,57500,57200,57400,2288,131180000,1554,734
251270,2026-02-20,10:15:00,57400,57600,57400,57600,1062,61040000,727,335
251270,2026-02-20,10:20:00,57500,57600,57300,57400,1031,59270000,235,796
251270,2026-02-20,10:25:00,57400,57500,57400,57400,1098,63030000,372,726
251270,2026-02-20,10:30:00,57400,57500,57300,57400,749,42990000,229,520
251270,2026-02-20,10:35:00,57300,57500,57300,57500,930,53410000,688,242
251270,2026-02-20,10:40:00,57500,57500,57300,57500,3019,173290000,1389,1630
251270,2026-02-20,10:45:00,57500,57500,57200,57200,1006,57670000,183,823
251270,2026-02-20,10:50:00,57200,57300,57200,57200,281,16090000,148,133
251270,2026-02-20,10:55:00,57300,57300,57200,57300,257,14720000,196,61
251270,2026-02-20,11:00:00,57300,57300,57200,57300,299,17110000,107,192
251270,2026-02-20,11:05:00,57300,57300,57000,57100,2111,120640000,112,1999
251270,2026-02-20,11:10:00,57100,57200,57000,57100,1529,87280000,1223,306
251270,2026-02-20,11:15:00,57000,57100,57000,57000,500,28530000,299,201
251270,2026-02-20,11:20:00,57000,57100,57000,57100,540,30830000,456,84
251270,2026-02-20,11:25:00,57100,57100,56900,57000,2384,135900000,474,1910
251270,2026-02-20,11:30:00,57000,57100,56900,57000,842,47980000,560,282
251270,2026-02-20,11:35:00,57100,57100,57000,57000,670,38190000,84,586
251270,2026-02-20,11:40:00,57000,57100,56800,57000,1697,96600000,114,1583
251270,2026-02-20,11:45:00,57000,57100,57000,57100,944,53810000,485,459
251270,2026-02-20,11:50:00,57000,57100,56900,56900,1715,97620000,261,1454
251270,2026-02-20,11:55:00,56900,57000,56900,56900,526,29940000,145,381
251270,2026-02-20,12:00:00,57000,57100,56900,56900,893,50910000,680,213
251270,2026-02-20,12:05:00,57000,57100,57000,57000,234,13340000,122,112
251270,2026-02-20,12:10:00,57000,57000,56900,57000,741,42230000,342,399
251270,2026-02-20,12:15:00,57000,57100,56900,57000,766,43650000,524,242
251270,2026-02-20,12:20:00,57000,57100,56900,57100,231,13170000,114,117
251270,2026-02-20,12:25:00,56900,57100,56900,57100,512,29190000,132,380
251270,2026-02-20,12:30:00,56900,57100,56900,57000,415,23650000,222,193
251270,2026-02-20,12:35:00,57000,57100,56900,57000,385,21940000,264,121
251270,2026-02-20,12:40:00,57100,57100,57000,57000,521,29700000,123,398
251270,2026-02-20,12:45:00,57000,57100,57000,57000,445,25370000,118,327
251270,2026-02-20,12:50:00,57100,57100,57000,57100,334,19050000,148,186
251270,2026-02-20,12:55:00,57100,57200,57000,57200,1670,95340000,852,818
251270,2026-02-20,13:00:00,57200,57200,57000,57100,491,28030000,276,215
251270,2026-02-20,13:05:00,57100,57100,56900,57000,1893,107880000,331,1562
251270,2026-02-20,13:10:00,57100,57100,57000,57100,411,23450000,152,259
251270,2026-02-20,13:15:00,57100,57300,57000,57300,1834,104810000,1187,647
251270,2026-02-20,13:20:00,57300,57300,57200,57300,863,49430000,648,215
251270,2026-02-20,13:25:00,57300,57300,57100,57200,1724,98600000,746,978
251270,2026-02-20,13:30:00,57200,57400,57100,57200,1157,66280000,674,483
251270,2026-02-20,13:35:00,57200,57400,57100,57200,1119,64090000,813,306
251270,2026-02-20,13:40:00,57200,57400,57100,57200,1229,70350000,907,322
251270,2026-02-20,13:45:00,57200,57500,57100,57400,3232,185240000,2200,1032
251270,2026-02-20,13:50:00,57400,57500,57300,57400,1708,98070000,971,737
251270,2026-02-20,13:55:00,57500,57500,57200,57400,1244,71350000,498,746
251270,2026-02-20,14:00:00,57400,57500,57200,57200,1729,99170000,677,1052
251270,2026-02-20,14:05:00,57300,57400,57200,57300,804,46080000,698,106
251270,2026-02-20,14:10:00,57350,57400,57200,57300,1256,71970000,95,1161
251270,2026-02-20,14:15:00,57200,57300,57200,57250,974,55780000,708,266
251270,2026-02-20,14:20:00,57300,57400,57200,57200,1010,57900000,746,264
251270,2026-02-20,14:25:00,57300,57400,57200,57300,1132,64870000,537,595
251270,2026-02-20,14:30:00,57200,57300,57100,57200,2029,116060000,452,1577
251270,2026-02-20,14:35:00,57300,57300,57100,57250,872,49920000,617,255
251270,2026-02-20,14:40:00,57300,57400,57100,57200,2031,116320000,1322,709
251270,2026-02-20,14:45:00,57200,57300,57100,57300,1360,77820000,577,783
251270,2026-02-20,14:50:00,57300,57300,57100,57200,1753,100320000,885,868
251270,2026-02-20,14:55:00,57300,57300,57100,57300,1785,102140000,590,1195
251270,2026-02-20,15:00:00,57200,57300,57100,57300,1373,78590000,472,901
251270,2026-02-20,15:05:00,57300,57300,57100,57200,1349,77150000,606,743
251270,2026-02-20,15:10:00,57200,57400,57100,57200,2788,159680000,1884,904
251270,2026-02-20,15:15:00,57300,57400,57100,57200,2881,165000000,1196,1685
251270,2026-02-20,15:20:00,57400,57400,57200,57300,2481,142090000,1156,1325
251270,2026-02-20,15:30:00,57300,57300,57300,57300,6729,385570000,6729,0
251270,2026-02-23,09:05:00,57200,57300,56800,56900,5628,321180000,1476,4152
251270,2026-02-23,09:10:00,56900,57200,56700,56800,5335,303410000,2241,3094
251270,2026-02-23,09:15:00,56800,57200,56800,57100,3321,189380000,1365,1956
251270,2026-02-23,09:20:00,57200,57200,56900,56900,4155,236890000,3330,825
251270,2026-02-23,09:25:00,56900,57200,56800,56900,6174,351900000,3871,2303
251270,2026-02-23,09:30:00,56900,57000,56800,56800,995,56580000,56,939
251270,2026-02-23,09:35:00,56800,57100,56800,56900,4772,271730000,3346,1426
251270,2026-02-23,09:40:00,56900,57000,56600,56700,5262,298660000,2842,2420
251270,2026-02-23,09:45:00,56800,56800,56600,56800,5182,293720000,3060,2122
251270,2026-02-23,09:50:00,56800,57200,56800,57000,4016,228800000,1963,2053
251270,2026-02-23,09:55:00,57000,57000,56800,56800,1489,84660000,373,1116
251270,2026-02-23,10:00:00,56800,56900,56700,56800,1994,113210000,619,1375
251270,2026-02-23,10:05:00,56800,57000,56700,56900,3100,175980000,1984,1116
251270,2026-02-23,10:10:00,56900,57000,56900,56900,1144,65100000,8,1136
251270,2026-02-23,10:15:00,56900,57100,56800,57000,3259,185680000,2241,1018
251270,2026-02-23,10:20:00,56800,57000,56800,57000,2739,155960000,1555,1184
251270,2026-02-23,10:25:00,57100,57100,56800,56800,1383,78700000,139,1244
251270,2026-02-23,10:30:00,56900,57100,56900,57000,1253,71420000,549,704
251270,2026-02-23,10:35:00,57000,57100,56900,56900,2260,128780000,300,1960
251270,2026-02-23,10:40:00,56900,57100,56800,57000,4301,245100000,3103,1198
251270,2026-02-23,10:45:00,57100,57100,56900,56900,1202,68530000,289,913
251270,2026-02-23,10:50:00,56900,57000,56900,56900,2704,154120000,2351,353
251270,2026-02-23,10:55:00,56900,57000,56800,56800,1223,69530000,5,1218
251270,2026-02-23,11:00:00,56800,56800,56700,56700,440,24950000,10,430
251270,2026-02-23,11:05:00,56700,56900,56600,56600,3088,175300000,1478,1610
251270,2026-02-23,11:10:00,56800,56900,56600,56800,2096,119040000,1287,809
251270,2026-02-23,11:15:00,56800,56900,56700,56700,1849,105060000,694,1155
251270,2026-02-23,11:20:00,56700,56800,56600,56700,930,52720000,322,608
251270,2026-02-23,11:25:00,56600,56800,56600,56700,1634,92650000,1134,500
251270,2026-02-23,11:30:00,56700,56800,56700,56800,740,42000000,237,503
251270,2026-02-23,11:35:00,56700,57000,56700,56900,1503,85470000,1093,410
251270,2026-02-23,11:40:00,56900,57000,56800,56800,834,47470000,220,614
251270,2026-02-23,11:45:00,56800,57000,56800,56900,883,50240000,236,647
251270,2026-02-23,11:50:00,57000,57000,56800,56900,902,51330000,176,726
251270,2026-02-23,11:55:00,56900,57000,56800,57000,1188,67590000,607,581
251270,2026-02-23,12:00:00,57000,57000,56700,56900,1831,104160000,488,1343
251270,2026-02-23,12:05:00,56900,57000,56800,56900,438,24920000,43,395
251270,2026-02-23,12:10:00,56900,57200,56900,57000,2258,128810000,1626,632
251270,2026-02-23,12:15:00,57000,57100,57000,57000,600,34210000,42,558
251270,2026-02-23,12:20:00,57000,57100,56800,56800,2490,141620000,878,1612
251270,2026-02-23,12:25:00,56700,56800,56600,56700,1998,113250000,930,1068
251270,2026-02-23,12:30:00,56700,56800,56600,56700,1640,92960000,360,1280
251270,2026-02-23,12:35:00,56700,56800,56600,56700,1275,72290000,616,659
251270,2026-02-23,12:40:00,56700,56800,56600,56800,1246,70630000,386,860
251270,2026-02-23,12:45:00,56600,56800,56600,56700,1613,91430000,715,898
251270,2026-02-23,12:50:00,56700,57000,56600,56800,1943,110320000,1221,722
251270,2026-02-23,12:55:00,56800,56900,56800,56900,671,38130000,164,507
251270,2026-02-23,13:00:00,56800,56900,56700,56800,3027,171940000,1116,1911
251270,2026-02-23,13:05:00,56800,56900,56700,56700,1239,70340000,454,785
251270,2026-02-23,13:10:00,56700,56800,56700,56700,1274,72310000,713,561
251270,2026-02-23,13:15:00,56700,56800,56600,56600,945,53570000,177,768
251270,2026-02-23,13:20:00,56700,56800,56700,56700,760,43100000,84,676
251270,2026-02-23,13:25:00,56700,57000,56600,56900,3969,225580000,3244,725
251270,2026-02-23,13:30:00,56900,57000,56900,56900,1475,83950000,206,1269
251270,2026-02-23,13:35:00,56800,56900,56700,56700,2248,127680000,703,1545
251270,2026-02-23,13:40:00,56800,56800,56700,56800,682,38700000,342,340
251270,2026-02-23,13:45:00,56800,56800,56600,56700,1646,93340000,783,863
251270,2026-02-23,13:50:00,56600,56800,56600,56700,904,51300000,455,449
251270,2026-02-23,13:55:00,56700,56900,56700,56800,1758,99900000,1226,532
251270,2026-02-23,14:00:00,56800,56900,56800,56800,901,51230000,560,341
251270,2026-02-23,14:05:00,56900,56900,56800,56800,1714,97480000,1228,486
251270,2026-02-23,14:10:00,56800,56900,56800,56800,684,38890000,409,275
251270,2026-02-23,14:15:00,56800,56900,56700,56700,1198,68060000,246,952
251270,2026-02-23,14:20:00,56700,56800,56600,56700,2406,136430000,1143,1263
251270,2026-02-23,14:25:00,56700,56800,56600,56600,2525,143200000,1252,1273
251270,2026-02-23,14:30:00,56600,56800,56600,56700,965,54700000,208,757
251270,2026-02-23,14:35:00,56700,56800,56600,56600,1112,63020000,164,948
251270,2026-02-23,14:40:00,56600,56900,56600,56800,2535,143810000,2014,521
251270,2026-02-23,14:45:00,56700,56900,56700,56800,1297,73680000,505,792
251270,2026-02-23,14:50:00,56800,56900,56800,56800,808,45940000,386,422
251270,2026-02-23,14:55:00,56900,56900,56800,56800,1356,77090000,749,607
251270,2026-02-23,15:00:00,56800,56900,56700,56800,1983,112670000,459,1524
251270,2026-02-23,15:05:00,56800,57000,56800,56900,2162,122970000,1508,654
251270,2026-02-23,15:10:00,56900,57000,56800,56800,1618,92080000,140,1478
251270,2026-02-23,15:15:00,56800,57000,56800,56900,3145,178990000,1893,1252
251270,2026-02-23,15:20:00,56900,57000,56700,56800,2573,146310000,889,1684
251270,2026-02-23,15:30:00,56800,56800,56800,56800,7163,406860000,7143,0
251270,2026-02-24,09:05:00,57100,57300,56800,56900,2323,132490000,724,1599
251270,2026-02-24,09:10:00,56900,57000,56700,56900,2031,115500000,944,1087
251270,2026-02-24,09:15:00,56900,57200,56900,57100,1466,83670000,783,683
251270,2026-02-24,09:20:00,57100,57300,56900,57200,4601,262830000,1566,3035
251270,2026-02-24,09:25:00,57100,57200,56900,57000,1556,88890000,673,883
251270,2026-02-24,09:30:00,57000,57300,56800,57200,2350,134120000,1858,492
251270,2026-02-24,09:35:00,57200,57200,56900,57000,2571,146550000,1454,1117
251270,2026-02-24,09:40:00,57100,57300,57000,57300,3591,205360000,2661,930
251270,2026-02-24,09:45:00,57300,57600,57200,57600,5000,286890000,4522,478
251270,2026-02-24,09:50:00,57500,57600,57300,57600,4309,247600000,2596,1713
251270,2026-02-24,09:55:00,57500,57700,57500,57700,3138,180820000,1982,1156
251270,2026-02-24,10:00:00,57600,57600,57400,57600,1794,103230000,861,933
251270,2026-02-24,10:05:00,57600,57600,57400,57500,2032,116920000,1564,468
251270,2026-02-24,10:10:00,57500,57500,57300,57500,2360,135550000,1408,952
251270,2026-02-24,10:15:00,57400,57600,57300,57300,2624,150670000,1588,1036
251270,2026-02-24,10:20:00,57400,57400,57300,57400,1775,101800000,1126,649
251270,2026-02-24,10:25:00,57400,57500,57200,57300,1478,84780000,1040,438
251270,2026-02-24,10:30:00,57400,57500,57200,57400,1384,79390000,969,415
251270,2026-02-24,10:35:00,57500,57500,57300,57400,1762,101060000,917,845
251270,2026-02-24,10:40:00,57400,57500,57300,57500,1989,114230000,1432,557
251270,2026-02-24,10:45:00,57500,57700,57400,57600,7061,406670000,5803,1258
251270,2026-02-24,10:50:00,57600,57700,57500,57700,3181,183310000,2009,1172
251270,2026-02-24,10:55:00,57600,57700,57500,57600,1819,104810000,1124,695
251270,2026-02-24,11:00:00,57500,57700,57500,57600,1758,101260000,1339,419
251270,2026-02-24,11:05:00,57500,57600,57400,57500,2834,163030000,1348,1486
251270,2026-02-24,11:10:00,57500,57600,57400,57400,1644,94490000,1069,575
251270,2026-02-24,11:15:00,57500,57500,57300,57400,1663,95560000,1013,650
251270,2026-02-24,11:20:00,57400,57500,57300,57400,1820,104440000,1192,628
251270,2026-02-24,11:25:00,57400,57400,57200,57400,2107,120760000,916,1191
251270,2026-02-24,11:30:00,57300,57500,57200,57400,2770,158860000,1414,1356
251270,2026-02-24,11:35:00,57200,57400,57200,57400,1428,81890000,996,432
251270,2026-02-24,11:40:00,57400,57400,57200,57400,1358,77920000,1050,308
251270,2026-02-24,11:45:00,57300,57500,57200,57300,1628,93420000,923,705
251270,2026-02-24,11:50:00,57300,57400,57200,57400,2066,118400000,1203,863
251270,2026-02-24,11:55:00,57200,57400,57200,57400,1203,69010000,907,296
251270,2026-02-24,12:00:00,57300,57400,57200,57400,1620,92900000,1117,503
251270,2026-02-24,12:05:00,57400,57400,57200,57400,1475,84640000,1186,289
251270,2026-02-24,12:10:00,57400,57400,57200,57400,1500,86040000,988,512
251270,2026-02-24,12:15:00,57300,57500,57300,57500,1412,81030000,849,563
251270,2026-02-24,12:20:00,57400,57500,57300,57400,1993,114410000,969,1024
251270,2026-02-24,12:25:00,57400,57500,57300,57400,1711,98290000,903,808
251270,2026-02-24,12:30:00,57400,57400,57300,57300,1382,79310000,1128,254
251270,2026-02-24,12:35:00,57400,57500,57300,57400,1767,101440000,939,828
251270,2026-02-24,12:40:00,57400,57500,57300,57400,2323,133240000,1233,1090
251270,2026-02-24,12:45:00,57300,57500,57300,57400,2035,116820000,1205,830
251270,2026-02-24,12:50:00,57500,57500,57200,57400,1912,109640000,833,1079
251270,2026-02-24,12:55:00,57400,57500,57300,57400,1680,96450000,969,711
251270,2026-02-24,13:00:00,57500,57500,57300,57500,2722,156240000,1201,1521
251270,2026-02-24,13:05:00,57500,57600,57400,57400,2444,140490000,1684,760
251270,2026-02-24,13:10:00,57400,57600,57300,57500,2677,153870000,1292,1385
251270,2026-02-24,13:15:00,57500,57600,57400,57400,3068,176560000,2511,557
251270,2026-02-24,13:20:00,57500,57700,57400,57700,2612,150420000,1254,1358
251270,2026-02-24,13:25:00,57700,57700,57400,57600,1771,102010000,935,836
251270,2026-02-24,13:30:00,57600,57600,57400,57500,1441,82950000,915,526
251270,2026-02-24,13:35:00,57500,57700,57400,57600,1781,102500000,1102,679
251270,2026-02-24,13:40:00,57500,57600,57400,57600,2475,142440000,1408,1067
251270,2026-02-24,13:45:00,57500,57700,57400,57500,1911,110070000,1133,778
251270,2026-02-24,13:50:00,57500,57700,57500,57500,2096,120850000,1146,950
251270,2026-02-24,13:55:00,57500,57700,57500,57600,1681,96880000,989,692
251270,2026-02-24,14:00:00,57500,57700,57500,57700,2171,125100000,1456,715
251270,2026-02-24,14:05:00,57700,57700,57500,57600,2319,133600000,1449,870
251270,2026-02-24,14:10:00,57600,57700,57500,57600,1743,100350000,1115,628
251270,2026-02-24,14:15:00,57600,57700,57400,57600,1932,111290000,1208,724
251270,2026-02-24,14:20:00,57600,57700,57400,57500,2168,124750000,951,1217
251270,2026-02-24,14:25:00,57500,57600,57400,57600,1810,104140000,878,932
251270,2026-02-24,14:30:00,57600,57600,57400,57500,1922,110520000,976,946
251270,2026-02-24,14:35:00,57400,57500,57400,57500,1324,76120000,1178,146
251270,2026-02-24,14:40:00,57500,57600,57400,57500,2389,137350000,1299,1090
251270,2026-02-24,14:45:00,57400,57600,57400,57500,1968,113140000,1381,587
251270,2026-02-24,14:50:00,57500,57500,57400,57500,2857,164190000,1902,955
251270,2026-02-24,14:55:00,57500,57500,57400,57500,2065,118710000,1792,273
251270,2026-02-24,15:00:00,57400,57600,57400,57500,3046,175230000,1277,1769
251270,2026-02-24,15:05:00,57500,57600,57400,57500,3014,173370000,834,2180
251270,2026-02-24,15:10:00,57600,57600,57400,57600,3424,196910000,1338,2086
251270,2026-02-24,15:15:00,57600,57600,57400,57400,2987,171770000,1080,1907
251270,2026-02-24,15:20:00,57400,57600,57400,57400,5807,333770000,3449,2358
251270,2026-02-24,15:30:00,57500,57500,57500,57500,7340,422040000,7323,0
251270,2026-02-25,09:05:00,57700,57800,57400,57600,4566,263030000,2348,2218
251270,2026-02-25,09:10:00,57700,57700,57100,57100,3942,226270000,492,3450
251270,2026-02-25,09:15:00,57100,57200,57000,57000,3443,196500000,873,2570
251270,2026-02-25,09:20:00,56900,57100,56900,57000,2506,142800000,715,1791
251270,2026-02-25,09:25:00,57000,57100,56700,56800,7077,402030000,1483,5594
251270,2026-02-25,09:30:00,56600,56800,56600,56600,2321,131550000,1018,1303
251270,2026-02-25,09:35:00,56700,56800,56600,56700,2417,136940000,777,1640
251270,2026-02-25,09:40:00,56700,56800,56500,56700,3555,201390000,1880,1675
251270,2026-02-25,09:45:00,56800,56800,56600,56700,1447,82050000,641,806
251270,2026-02-25,09:50:00,56700,56900,56700,56800,2571,146040000,854,1717
251270,2026-02-25,09:55:00,56900,57000,56700,56800,1491,84690000,754,737
251270,2026-02-25,10:00:00,56800,57000,56700,56900,1549,88070000,817,732
251270,2026-02-25,10:05:00,56900,57000,56800,56900,1253,71340000,694,559
251270,2026-02-25,10:10:00,57000,57000,56900,57000,1113,63360000,351,762
251270,2026-02-25,10:15:00,56900,57100,56800,57000,1427,81250000,727,700
251270,2026-02-25,10:20:00,56900,57400,56900,57400,2611,149360000,2118,493
251270,2026-02-25,10:25:00,57400,57500,57200,57300,3241,186010000,1863,1378
251270,2026-02-25,10:30:00,57400,57600,57300,57500,2507,143990000,1778,729
251270,2026-02-25,10:35:00,57600,57600,57400,57600,2677,154050000,1383,1294
251270,2026-02-25,10:40:00,57600,57600,57500,57500,1305,75080000,431,874
251270,2026-02-25,10:45:00,57500,57600,57400,57500,1973,113500000,510,1463
251270,2026-02-25,10:50:00,57500,57700,57500,57600,1951,112340000,1196,755
251270,2026-02-25,10:55:00,57600,57700,57500,57600,2052,118260000,950,1102
251270,2026-02-25,11:00:00,57600,57600,57500,57500,672,38660000,283,389
251270,2026-02-25,11:05:00,57500,57600,57400,57600,2402,138050000,1118,1284
251270,2026-02-25,11:10:00,57500,57600,57400,57400,1528,87890000,563,965
251270,2026-02-25,11:15:00,57400,57600,57400,57500,1354,77870000,891,463
251270,2026-02-25,11:20:00,57400,57600,57400,57400,1755,100910000,873,882
251270,2026-02-25,11:25:00,57500,57600,57400,57500,1389,79910000,842,547
251270,2026-02-25,11:30:00,57500,57700,57400,57600,2489,143330000,1665,824
251270,2026-02-25,11:35:00,57700,57700,57500,57600,1058,60960000,667,391
251270,2026-02-25,11:40:00,57600,57700,57500,57600,1922,110600000,732,1190
251270,2026-02-25,11:45:00,57600,57600,57500,57500,1902,109440000,810,1092
251270,2026-02-25,11:50:00,57500,57600,57500,57500,1671,96130000,735,936
251270,2026-02-25,11:55:00,57500,57600,57400,57500,3045,175100000,1667,1378
251270,2026-02-25,12:00:00,57500,57600,57400,57400,2989,171840000,1749,1240
251270,2026-02-25,12:05:00,57400,57600,57400,57500,1721,99000000,1052,669
251270,2026-02-25,12:10:00,57500,57600,57500,57600,1090,62740000,651,439
251270,2026-02-25,12:15:00,57500,57600,57500,57500,1259,72450000,633,626
251270,2026-02-25,12:20:00,57500,57600,57500,57500,1247,71760000,525,722
251270,2026-02-25,12:25:00,57600,57600,57500,57500,1703,97990000,743,960
251270,2026-02-25,12:30:00,57500,57600,57500,57500,1077,61990000,594,483
251270,2026-02-25,12:35:00,57500,57600,57400,57500,2693,154880000,1277,1416
251270,2026-02-25,12:40:00,57600,57700,57400,57600,1470,84630000,1059,411
251270,2026-02-25,12:45:00,57500,57700,57500,57600,1633,94100000,1237,396
251270,2026-02-25,12:50:00,57600,57800,57600,57700,1395,80470000,914,481
251270,2026-02-25,12:55:00,57600,57800,57600,57600,1278,73750000,453,825
251270,2026-02-25,13:00:00,57600,57700,57600,57700,1099,63370000,618,481
251270,2026-02-25,13:05:00,57600,57700,57500,57600,1156,66580000,665,491
251270,2026-02-25,13:10:00,57600,57700,57500,57500,1566,90180000,649,917
251270,2026-02-25,13:15:00,57500,57600,57500,57500,1293,74430000,749,544
251270,2026-02-25,13:20:00,57500,57600,57500,57600,1549,89200000,1322,227
251270,2026-02-25,13:25:00,57600,57700,57500,57600,1382,79590000,690,692
251270,2026-02-25,13:30:00,57600,57700,57500,57700,1922,110710000,1114,808
251270,2026-02-25,13:35:00,57700,57700,57500,57700,2531,145870000,1830,701
251270,2026-02-25,13:40:00,57600,57700,57500,57600,2082,119940000,676,1406
251270,2026-02-25,13:45:00,57600,57800,57500,57800,2471,142450000,1329,1142
251270,2026-02-25,13:50:00,57700,57800,57500,57700,1718,99090000,855,863
251270,2026-02-25,13:55:00,57600,57800,57600,57800,1564,90270000,684,880
251270,2026-02-25,14:00:00,57700,57800,57600,57700,1713,98910000,846,867
251270,2026-02-25,14:05:00,57800,57900,57700,57900,3970,229420000,2400,1570
251270,2026-02-25,14:10:00,57900,57900,57700,57700,4162,240570000,1713,2449
251270,2026-02-25,14:15:00,57800,57900,57700,57800,1555,89860000,1065,490
251270,2026-02-25,14:20:00,57800,57900,57700,57800,2171,125470000,1537,634
251270,2026-02-25,14:25:00,57800,57900,57600,57700,2304,132980000,813,1491
251270,2026-02-25,14:30:00,57600,57700,57500,57600,2157,124260000,940,1217
251270,2026-02-25,14:35:00,57600,57600,57500,57600,4852,279120000,1127,3725
251270,2026-02-25,14:40:00,57500,57600,57400,57500,7194,413650000,4212,2982
251270,2026-02-25,14:45:00,57400,57500,57200,57300,5141,295090000,2093,3048
251270,2026-02-25,14:50:00,57400,57600,57200,57500,4728,271350000,1804,2924
251270,2026-02-25,14:55:00,57500,57600,57300,57400,5229,300350000,1615,3614
251270,2026-02-25,15:00:00,57400,57500,57300,57300,5195,298120000,1844,3351
251270,2026-02-25,15:05:00,57300,57600,57200,57300,6075,348720000,2581,3494
251270,2026-02-25,15:10:00,57300,57700,57300,57500,5312,305090000,2067,3245
251270,2026-02-25,15:15:00,57500,57700,57300,57500,5316,305630000,2376,2940
251270,2026-02-25,15:20:00,57500,57600,57300,57600,4575,262620000,2457,2118
251270,2026-02-25,15:30:00,57400,57400,57400,57400,5000,286990000,4995,0
251270,2026-02-26,09:05:00,57100,57600,56800,56900,13577,777220000,9810,3767
251270,2026-02-26,09:10:00,56900,57200,56900,57100,1511,86170000,691,820
251270,2026-02-26,09:15:00,57100,57200,56900,56900,2103,119950000,515,1588
251270,2026-02-26,09:20:00,56900,57000,56700,56800,8971,509780000,1966,7005
251270,2026-02-26,09:25:00,56700,56900,56600,56800,9477,537480000,2037,7440
251270,2026-02-26,09:30:00,56800,57800,56600,57000,18747,1078130000,14003,4744
251270,2026-02-26,09:35:00,56900,57000,56700,56700,5436,308730000,735,4701
251270,2026-02-26,09:40:00,56700,56800,56600,56700,2382,135030000,1095,1287
251270,2026-02-26,09:45:00,56700,56800,56100,56300,14850,837470000,1472,13378
251270,2026-02-26,09:50:00,56250,56300,55900,56200,7086,397600000,2368,4718
251270,2026-02-26,09:55:00,56200,56300,55900,56200,6171,346140000,1735,4436
251270,2026-02-26,10:00:00,56200,56400,55900,56100,4763,267320000,1113,3650
251270,2026-02-26,10:05:00,56100,56300,55900,56200,2927,164180000,495,2432
251270,2026-02-26,10:10:00,56200,56300,55900,56300,6666,374150000,2042,4624
251270,2026-02-26,10:15:00,56200,56600,56000,56300,5365,301690000,1401,3964
251270,2026-02-26,10:20:00,56300,56400,56000,56300,2980,167520000,1156,1824
251270,2026-02-26,10:25:00,56300,56300,56100,56100,2582,145100000,625,1957
251270,2026-02-26,10:30:00,56200,56200,55900,56000,3169,177530000,898,2271
251270,2026-02-26,10:35:00,55900,56000,55700,55700,4862,271590000,1416,3446
251270,2026-02-26,10:40:00,55800,55800,55700,55700,3032,168930000,533,2499
251270,2026-02-26,10:45:00,55700,55800,55700,55700,2250,125360000,642,1608
251270,2026-02-26,10:50:00,55750,55750,55600,55600,6122,340680000,1878,4244
251270,2026-02-26,10:55:00,55650,55800,55500,55700,4145,230650000,1265,2880
251270,2026-02-26,11:00:00,55600,55750,55600,55650,1790,99640000,1043,747
251270,2026-02-26,11:05:00,55700,55700,55400,55450,6029,334780000,777,5252
251270,2026-02-26,11:10:00,55450,55600,55400,55600,3099,171890000,1626,1473
251270,2026-02-26,11:15:00,55500,55700,55400,55500,4094,227490000,1476,2618
251270,2026-02-26,11:20:00,55500,55700,55300,55300,8675,480810000,1717,6958
251270,2026-02-26,11:25:00,55300,55800,55200,55500,5242,290490000,2112,3130
251270,2026-02-26,11:30:00,55400,55400,55200,55300,2927,161800000,755,2172
251270,2026-02-26,11:35:00,55300,55500,55200,55300,5298,292810000,1208,4090
251270,2026-02-26,11:40:00,55200,55500,55200,55500,4057,224160000,1424,2633
251270,2026-02-26,11:45:00,55400,55400,55100,55200,3314,183000000,834,2480
251270,2026-02-26,11:50:00,55250,55400,55100,55300,5667,312810000,1368,4299
251270,2026-02-26,11:55:00,55200,55400,55000,55200,5374,296560000,1005,4369
251270,2026-02-26,12:00:00,55250,55300,55100,55300,3505,193340000,749,2756
251270,2026-02-26,12:05:00,55200,55400,55100,55200,3424,189130000,1461,1963
251270,2026-02-26,12:10:00,55200,55400,55100,55250,4289,236890000,1109,3180
251270,2026-02-26,12:15:00,55200,55300,55100,55200,2481,136850000,862,1619
251270,2026-02-26,12:20:00,55200,55300,55100,55200,3765,207590000,1226,2539
251270,2026-02-26,12:25:00,55200,55300,55000,55100,1745,96180000,461,1284
251270,2026-02-26,12:30:00,55100,55200,55000,55150,2360,130040000,344,2016
251270,2026-02-26,12:35:00,55150,55200,54900,55050,12165,669460000,3005,9160
251270,2026-02-26,12:40:00,55050,55100,55000,55100,1948,107220000,661,1287
251270,2026-02-26,12:45:00,55100,55200,54900,55000,19186,1055270000,1975,17211
251270,2026-02-26,12:50:00,55050,55250,54900,55100,8744,481330000,3353,5391
251270,2026-02-26,12:55:00,55100,55100,54800,55000,4372,240320000,1055,3317
251270,2026-02-26,13:00:00,55100,55100,54900,55000,1234,67860000,472,762
251270,2026-02-26,13:05:00,55000,55200,55000,55000,3317,182690000,1864,1453
251270,2026-02-26,13:10:00,55000,55200,55000,55000,2047,112750000,1325,722
251270,2026-02-26,13:15:00,55050,55100,54900,54950,3034,166810000,1251,1783
251270,2026-02-26,13:20:00,54950,55100,54800,54900,4566,250840000,1598,2968
251270,2026-02-26,13:25:00,55000,55100,54900,55000,2305,126750000,1452,853
251270,2026-02-26,13:30:00,55050,55200,54900,55100,3333,183550000,2117,1216
251270,2026-02-26,13:35:00,55100,55200,54900,55150,1568,86370000,614,954
251270,2026-02-26,13:40:00,55150,55400,55100,55250,3479,192160000,2344,1135
251270,2026-02-26,13:45:00,55200,55300,55100,55200,2112,116530000,1410,702
251270,2026-02-26,13:50:00,55200,55300,55200,55200,1081,59700000,493,588
251270,2026-02-26,13:55:00,55250,55400,55100,55200,4339,239550000,2651,1688
251270,2026-02-26,14:00:00,55200,55400,55100,55300,2281,126090000,1373,908
251270,2026-02-26,14:05:00,55200,55400,55100,55150,2850,157310000,1298,1552
251270,2026-02-26,14:10:00,55150,55200,55000,55100,3980,219190000,1430,2550
251270,2026-02-26,14:15:00,55100,55200,54900,55000,5550,305310000,1953,3597
251270,2026-02-26,14:20:00,55000,55100,54800,54850,6901,378780000,1649,5252
251270,2026-02-26,14:25:00,54800,55000,54600,54600,9256,506690000,1968,7288
251270,2026-02-26,14:30:00,54600,54700,54400,54500,14670,800250000,4438,10232
251270,2026-02-26,14:35:00,54500,54700,54400,54500,7676,418480000,3022,4654
251270,2026-02-26,14:40:00,54500,54700,54400,54400,8416,458580000,2713,5703
251270,2026-02-26,14:45:00,54500,54800,54400,54500,8855,483210000,2352,6503
251270,2026-02-26,14:50:00,54500,54800,54400,54600,7888,430390000,2958,4930
251270,2026-02-26,14:55:00,54600,54800,54400,54600,8798,480170000,2887,5911
251270,2026-02-26,15:00:00,54500,54600,54300,54400,12764,694780000,4299,8465
251270,2026-02-26,15:05:00,54500,54500,54200,54300,14022,762280000,4075,9947
251270,2026-02-26,15:10:00,54300,54600,54200,54200,12121,659010000,2802,9319
251270,2026-02-26,15:15:00,54200,54600,54200,54300,12256,666500000,4569,7687
251270,2026-02-26,15:20:00,54300,54700,54300,54500,11576,630560000,4516,7060
251270,2026-02-26,15:30:00,54300,54300,54300,54300,12273,666410000,12251,0
251270,2026-02-27,09:05:00,54900,55000,54200,54300,5781,315830000,1992,3789
251270,2026-02-27,09:10:00,54300,54300,53400,53600,9063,487250000,2356,6707
251270,2026-02-27,09:15:00,53600,53600,53300,53400,4378,234080000,1285,3093
251270,2026-02-27,09:20:00,53400,53400,52900,53000,6016,319870000,2066,3950
251270,2026-02-27,09:25:00,53000,53100,52800,53000,3838,203090000,699,3139
251270,2026-02-27,09:30:00,53000,53200,52900,53000,2646,140380000,1002,1644
251270,2026-02-27,09:35:00,53100,53100,52700,52800,3740,197510000,987,2753
251270,2026-02-27,09:40:00,52700,52900,52600,52900,4399,232000000,1769,2630
251270,2026-02-27,09:45:00,53000,53200,52800,53000,7706,408750000,5740,1966
251270,2026-02-27,09:50:00,52900,53100,52900,53000,3157,167260000,1691,1466
251270,2026-02-27,09:55:00,53100,53100,52900,53000,1188,62920000,227,961
251270,2026-02-27,10:00:00,52900,53000,52700,52700,4859,256600000,1899,2960
251270,2026-02-27,10:05:00,52900,52900,52600,52700,6594,347460000,4560,2034
251270,2026-02-27,10:10:00,52700,52900,52500,52700,4383,231070000,1706,2677
251270,2026-02-27,10:15:00,52700,52700,52400,52600,6304,331090000,1715,4589
251270,2026-02-27,10:20:00,52700,52700,52200,52400,9518,499270000,2179,7339
251270,2026-02-27,10:25:00,52500,52700,52300,52500,8857,464940000,2191,6666
251270,2026-02-27,10:30:00,52500,52600,52300,52600,5040,264170000,886,4154
251270,2026-02-27,10:35:00,52500,52600,52200,52400,8000,418940000,831,7169
251270,2026-02-27,10:40:00,52300,52400,52000,52400,13125,684420000,2052,11073
251270,2026-02-27,10:45:00,52400,52400,52000,52300,6289,327970000,1810,4479
251270,2026-02-27,10:50:00,52400,52700,52000,52600,11506,601340000,4163,7343
251270,2026-02-27,10:55:00,52600,52800,52300,52700,9323,489410000,2336,6987
251270,2026-02-27,11:00:00,52600,52700,52200,52200,8177,428310000,2420,5757
251270,2026-02-27,11:05:00,52300,52600,52100,52400,20068,1049850000,8253,11815
251270,2026-02-27,11:10:00,52400,52500,52100,52300,20566,1074050000,8792,11774
251270,2026-02-27,11:15:00,52400,52400,52000,52100,17945,936160000,9147,8798
251270,2026-02-27,11:20:00,52100,52400,52000,52200,26181,1365500000,12973,13208
251270,2026-02-27,11:25:00,52200,52600,52100,52200,16038,837820000,7909,8129
251270,2026-02-27,11:30:00,52200,52400,51900,52100,10314,537810000,2769,7545
251270,2026-02-27,11:35:00,52100,52300,52000,52200,11767,613210000,3959,7808
251270,2026-02-27,11:40:00,52200,52400,52000,52400,10056,525100000,6305,3751
251270,2026-02-27,11:45:00,52400,52500,52100,52400,4310,225430000,1895,2415
251270,2026-02-27,11:50:00,52500,52500,52200,52400,3122,163450000,1233,1889
251270,2026-02-27,11:55:00,52500,52700,52300,52700,5368,281820000,4006,1362
251270,2026-02-27,12:00:00,52800,52800,52600,52800,3740,197270000,2114,1626
251270,2026-02-27,12:05:00,52800,52800,52600,52700,2671,140770000,895,1776
251270,2026-02-27,12:10:00,52600,52700,52600,52700,3936,207190000,1509,2427
251270,2026-02-27,12:15:00,52700,52700,52500,52700,4041,212600000,2373,1668
251270,2026-02-27,12:20:00,52700,52700,52500,52500,3358,176600000,1206,2152
251270,2026-02-27,12:25:00,52500,52700,52500,52700,2162,113720000,714,1448
251270,2026-02-27,12:30:00,52700,52800,52600,52700,2717,143080000,1534,1183
251270,2026-02-27,12:35:00,52700,52700,52600,52700,2436,128280000,1484,952
251270,2026-02-27,12:40:00,52700,52700,52600,52700,2260,118970000,921,1339
251270,2026-02-27,12:45:00,52700,52800,52600,52700,2269,119620000,1386,883
251270,2026-02-27,12:50:00,52700,52900,52700,52900,3894,205600000,2360,1534
251270,2026-02-27,12:55:00,52800,52900,52700,52700,3933,207870000,1500,2433
251270,2026-02-27,13:00:00,52700,52900,52600,52700,3195,168590000,1690,1505
251270,2026-02-27,13:05:00,52800,52800,52600,52700,2629,138440000,1104,1525
251270,2026-02-27,13:10:00,52700,52800,52600,52700,3392,178640000,1170,2222
251270,2026-02-27,13:15:00,52700,52800,52600,52600,1977,104090000,916,1061
251270,2026-02-27,13:20:00,52600,52700,52500,52550,3568,187670000,1482,2086
251270,2026-02-27,13:25:00,52550,52700,52500,52700,2984,156970000,2080,904
251270,2026-02-27,13:30:00,52600,52900,52600,52800,4153,218930000,2650,1503
251270,2026-02-27,13:35:00,52900,52900,52700,52700,2692,142000000,634,2058
251270,2026-02-27,13:40:00,52700,52800,52600,52700,3252,171480000,1809,1443
251270,2026-02-27,13:45:00,52800,52900,52700,52800,1929,101810000,1455,474
251270,2026-02-27,13:50:00,52900,53000,52700,52800,3824,202020000,2158,1666
251270,2026-02-27,13:55:00,52800,53000,52700,52800,2621,138450000,1714,907
251270,2026-02-27,14:00:00,52800,52900,52700,52800,2807,148240000,1859,948
251270,2026-02-27,14:05:00,52800,53000,52750,52900,3733,197350000,2250,1483
251270,2026-02-27,14:10:00,52900,53100,52800,52900,4943,261710000,2392,2551
251270,2026-02-27,14:15:00,53000,53000,52800,53000,3131,165840000,2056,1075
251270,2026-02-27,14:20:00,52900,53000,52800,52800,3605,190480000,760,2845
251270,2026-02-27,14:25:00,52900,52900,52700,52800,2952,155870000,1365,1587
251270,2026-02-27,14:30:00,52700,52900,52700,52800,3288,173520000,1690,1598
251270,2026-02-27,14:35:00,52700,52800,52700,52700,2580,136080000,1053,1527
251270,2026-02-27,14:40:00,52700,52900,52600,52800,4540,239590000,2583,1957
251270,2026-02-27,14:45:00,52800,53000,52600,52800,3971,209470000,2766,1205
251270,2026-02-27,14:50:00,52700,52900,52700,52700,3258,172000000,2306,952
251270,2026-02-27,14:55:00,52800,53100,52700,52800,5751,303820000,3792,1959
251270,2026-02-27,15:00:00,52700,52800,52500,52700,4570,240500000,1315,3255
251270,2026-02-27,15:05:00,52600,52700,52400,52500,4653,244340000,1322,3331
251270,2026-02-27,15:10:00,52500,52700,52400,52500,3877,203810000,1912,1965
251270,2026-02-27,15:15:00,52600,52600,52300,52500,5791,303790000,2876,2915
251270,2026-02-27,15:20:00,52500,52600,52300,52500,3817,200370000,1812,2005
251270,2026-02-27,15:30:00,52600,52600,52600,52600,19584,1030120000,19584,0
251270,2026-03-03,09:05:00,52300,52800,51800,52700,9547,498890000,6518,3029
251270,2026-03-03,09:10:00,52700,53300,52600,53100,10727,568720000,6470,4257
251270,2026-03-03,09:15:00,53000,53000,52300,52300,4792,252510000,828,3964
251270,2026-03-03,09:20:00,52300,52700,52200,52400,3464,181800000,1576,1888
251270,2026-03-03,09:25:00,52300,52400,52000,52000,2234,116630000,765,1469
251270,2026-03-03,09:30:00,52000,52200,51900,52000,1690,87870000,654,1036
251270,2026-03-03,09:35:00,52000,52300,51900,52200,2820,146870000,1817,1003
251270,2026-03-03,09:40:00,52200,52300,52000,52200,3924,204690000,1983,1941
251270,2026-03-03,09:45:00,52200,52200,52000,52000,1791,93210000,479,1312
251270,2026-03-03,09:50:00,52100,52300,51900,52100,3754,195600000,1571,2183
251270,2026-03-03,09:55:00,52100,52400,51900,52300,2646,137790000,900,1746
251270,2026-03-03,10:00:00,52300,52300,52100,52300,1407,73470000,601,806
251270,2026-03-03,10:05:00,52200,52500,52100,52200,1913,100070000,888,1025
251270,2026-03-03,10:10:00,52400,52400,52100,52100,1636,85410000,711,925
251270,2026-03-03,10:15:00,52200,52800,52200,52800,4135,216960000,3175,960
251270,2026-03-03,10:20:00,52600,52800,52300,52500,4449,233950000,1439,3010
251270,2026-03-03,10:25:00,52500,52800,52400,52700,2796,147040000,1889,907
251270,2026-03-03,10:30:00,52700,52800,52400,52600,3434,180750000,1538,1896
251270,2026-03-03,10:35:00,52650,52700,52400,52600,2825,148470000,1158,1667
251270,2026-03-03,10:40:00,52500,53100,52500,52900,4088,215600000,2731,1357
251270,2026-03-03,10:45:00,52900,53200,52800,53000,2328,123350000,1008,1320
251270,2026-03-03,10:50:00,52900,53000,52600,52800,2662,140580000,447,2215
251270,2026-03-03,10:55:00,52800,53000,52600,52900,2242,118300000,966,1276
251270,2026-03-03,11:00:00,52900,52900,52400,52500,3063,161120000,1018,2045
251270,2026-03-03,11:05:00,52500,52700,52100,52400,4698,246060000,1686,3012
251270,2026-03-03,11:10:00,52300,52700,52300,52400,2780,145940000,1269,1511
251270,2026-03-03,11:15:00,52400,52600,52300,52500,2651,138870000,990,1661
251270,2026-03-03,11:20:00,52400,52500,52100,52300,4216,220350000,1492,2724
251270,2026-03-03,11:25:00,52300,52600,52100,52400,3492,182530000,1637,1855
251270,2026-03-03,11:30:00,52300,52600,52200,52500,2902,152090000,1789,1113
251270,2026-03-03,11:35:00,52500,52700,52400,52700,2762,145110000,1547,1215
251270,2026-03-03,11:40:00,52600,52700,52500,52600,1669,87760000,746,923
251270,2026-03-03,11:45:00,52600,52600,52400,52600,2503,131350000,1176,1327
251270,2026-03-03,11:50:00,52500,52800,52300,52600,3500,183870000,2067,1433
251270,2026-03-03,11:55:00,52400,52600,52300,52500,1950,102200000,1447,503
251270,2026-03-03,12:00:00,52400,52500,52200,52300,4270,223420000,2458,1812
251270,2026-03-03,12:05:00,52400,52500,52200,52400,2809,146980000,1394,1415
251270,2026-03-03,12:10:00,52400,52500,52300,52400,2517,131720000,899,1618
251270,2026-03-03,12:15:00,52400,52400,52000,52300,3721,194000000,1022,2699
251270,2026-03-03,12:20:00,52300,52400,52100,52300,3428,179060000,1453,1975
251270,2026-03-03,12:25:00,52300,52300,51900,51900,4757,247680000,1878,2879
251270,2026-03-03,12:30:00,52100,52100,51800,52000,3685,191270000,1267,2418
251270,2026-03-03,12:35:00,52000,52200,51700,52000,4934,255840000,2629,2305
251270,2026-03-03,12:40:00,52000,52400,51900,52100,3199,166720000,1222,1977
251270,2026-03-03,12:45:00,52100,52300,51900,52100,2584,134580000,1438,1146
251270,2026-03-03,12:50:00,52000,52200,51800,52000,2357,122500000,693,1664
251270,2026-03-03,12:55:00,52000,52100,51800,52100,2259,117460000,631,1628
251270,2026-03-03,13:00:00,52000,52200,51900,52100,2257,117350000,1341,916
251270,2026-03-03,13:05:00,52100,52100,51800,52000,2828,146950000,1078,1750
251270,2026-03-03,13:10:00,51800,52000,51800,51800,3140,162850000,1478,1662
251270,2026-03-03,13:15:00,51900,52000,51700,51800,1689,87540000,736,953
251270,2026-03-03,13:20:00,51900,52000,51700,51900,2171,112530000,935,1236
251270,2026-03-03,13:25:00,51900,52100,51800,52000,2284,118710000,1369,915
251270,2026-03-03,13:30:00,52000,52000,51700,51800,2472,128210000,1193,1279
251270,2026-03-03,13:35:00,51900,52000,51700,51800,2288,118660000,1045,1243
251270,2026-03-03,13:40:00,51900,52100,51800,51900,1747,90610000,965,782
251270,2026-03-03,13:45:00,51800,52100,51700,51900,2385,123620000,1430,955
251270,2026-03-03,13:50:00,51800,52000,51700,51900,3299,170910000,1551,1748
251270,2026-03-03,13:55:00,51900,51900,51600,51600,2441,126190000,535,1906
251270,2026-03-03,14:00:00,51700,51900,51500,51600,5110,263850000,2799,2311
251270,2026-03-03,14:05:00,51600,51700,51500,51600,4432,228660000,1802,2630
251270,2026-03-03,14:10:00,51600,51700,51400,51600,8444,435010000,6296,2148
251270,2026-03-03,14:15:00,51600,51800,51400,51500,3399,175200000,1749,1650
251270,2026-03-03,14:20:00,51700,51700,51400,51500,2061,106220000,649,1412
251270,2026-03-03,14:25:00,51500,51600,51400,51600,2240,115370000,883,1357
251270,2026-03-03,14:30:00,51500,51600,51300,51400,2996,154090000,1047,1949
251270,2026-03-03,14:35:00,51500,51500,51300,51400,3219,165490000,929,2290
251270,2026-03-03,14:40:00,51400,51500,51200,51300,3019,154780000,1192,1827
251270,2026-03-03,14:45:00,51200,51400,51100,51400,4471,229020000,3126,1345
251270,2026-03-03,14:50:00,51400,51400,51200,51400,2022,103700000,1183,839
251270,2026-03-03,14:55:00,51300,51400,51200,51300,2660,136370000,1171,1489
251270,2026-03-03,15:00:00,51200,51500,51100,51400,7329,376100000,3020,4309
251270,2026-03-03,15:05:00,51400,51500,51200,51400,3952,203070000,1988,1964
251270,2026-03-03,15:10:00,51400,51500,51200,51300,2578,132320000,892,1686
251270,2026-03-03,15:15:00,51300,51400,51100,51300,6007,308180000,1736,4271
251270,2026-03-03,15:20:00,51300,51600,51300,51400,5340,274220000,2247,3093
251270,2026-03-03,15:30:00,51400,51400,51400,51400,29666,1524820000,29659,0
251270,2026-03-04,09:05:00,50600,50600,49000,49400,16849,838130000,7555,9294
251270,2026-03-04,09:10:00,49350,50000,49000,49950,8615,424790000,5144,3471
251270,2026-03-04,09:15:00,49750,49950,49100,49750,5308,262650000,2164,3144
251270,2026-03-04,09:20:00,49650,49650,48850,49000,14136,692520000,8036,6100
251270,2026-03-04,09:25:00,49000,49250,48800,48850,8427,412250000,3673,4754
251270,2026-03-04,09:30:00,48950,49150,48600,48700,10058,491760000,2347,7711
251270,2026-03-04,09:35:00,48700,48900,48400,48650,7888,383470000,3138,4750
251270,2026-03-04,09:40:00,48800,48800,48350,48400,5301,257450000,1467,3834
251270,2026-03-04,09:45:00,48450,48850,48400,48600,4403,213990000,2851,1552
251270,2026-03-04,09:50:00,48600,48800,48500,48550,3671,178500000,1493,2178
251270,2026-03-04,09:55:00,48600,49050,48600,48800,4950,241630000,1920,3030
251270,2026-03-04,10:00:00,48800,49150,48750,49000,2171,106200000,1134,1037
251270,2026-03-04,10:05:00,49000,49050,48700,48700,2820,137820000,1532,1288
251270,2026-03-04,10:10:00,48750,48750,48400,48500,2839,137800000,1209,1630
251270,2026-03-04,10:15:00,48550,48550,48300,48350,4382,212130000,1190,3192
251270,2026-03-04,10:20:00,48500,48500,48200,48350,3604,174000000,1584,2020
251270,2026-03-04,10:25:00,48400,48500,48150,48450,3781,182570000,1844,1937
251270,2026-03-04,10:30:00,48400,48800,48300,48600,3359,162750000,2234,1125
251270,2026-03-04,10:35:00,48500,48600,48300,48400,2905,140650000,1789,1116
251270,2026-03-04,10:40:00,48600,48950,48450,48850,3986,193910000,2185,1801
251270,2026-03-04,10:45:00,48850,48950,48600,48750,2382,116100000,1360,1022
251270,2026-03-04,10:50:00,48700,48750,48400,48450,2348,113940000,1207,1141
251270,2026-03-04,10:55:00,48400,48600,48300,48300,2143,103700000,1295,848
251270,2026-03-04,11:00:00,48300,48350,48050,48150,2914,140390000,1426,1488
251270,2026-03-04,11:05:00,48150,48250,48000,48050,5753,276570000,1691,4062
251270,2026-03-04,11:10:00,48050,48100,47850,47850,3895,186730000,1034,2861
251270,2026-03-04,11:15:00,47800,47850,47500,47550,6992,333230000,3544,3448
251270,2026-03-04,11:20:00,47550,47600,47350,47400,3935,186760000,1322,2613
251270,2026-03-04,11:50:00,47200,47250,47050,47100,5133,242260000,4087,1046
251270,2026-03-04,11:55:00,47050,47550,46600,46950,12063,567750000,6927,5136
251270,2026-03-04,12:00:00,47000,47350,46000,47150,7171,335400000,3402,3769
251270,2026-03-04,12:05:00,47100,47250,46300,46350,5712,266270000,2618,3094
251270,2026-03-04,12:10:00,46450,47050,46200,47000,6117,284250000,3770,2347
251270,2026-03-04,12:15:00,47000,47050,46150,46250,3744,173790000,1716,2028
251270,2026-03-04,12:20:00,46300,46350,45750,46250,7539,346920000,3413,4126
251270,2026-03-04,12:25:00,46300,46400,45800,46250,6405,295400000,2569,3836
251270,2026-03-04,12:30:00,46250,46250,45750,45750,3672,168790000,1219,2453
251270,2026-03-04,12:35:00,45750,46050,45450,45600,8202,374290000,2807,5395
251270,2026-03-04,12:40:00,45550,46150,45400,46000,3608,165280000,2524,1084
251270,2026-03-04,12:45:00,46000,46450,45900,46400,8582,396530000,6103,2479
251270,2026-03-04,12:50:00,46450,47000,46250,46650,4388,204400000,2644,1744
251270,2026-03-04,12:55:00,46700,47150,46650,46700,5383,252300000,2342,3041
251270,2026-03-04,13:00:00,46700,47300,46600,47200,6877,322760000,4040,2837
251270,2026-03-04,13:05:00,47200,47200,46800,47100,3984,187300000,2271,1713
251270,2026-03-04,13:10:00,47100,47300,46950,47100,3115,146630000,2078,1037
251270,2026-03-04,13:15:00,47100,47400,46950,47100,3684,173680000,2101,1583
251270,2026-03-04,13:20:00,47200,47350,46750,46750,3997,188180000,2677,1320
251270,2026-03-04,13:25:00,46800,47050,46600,46700,3427,160350000,2519,908
251270,2026-03-04,13:30:00,46750,46950,46550,46750,4268,199540000,2337,1931
251270,2026-03-04,13:35:00,46750,46900,46350,46650,3485,162210000,1987,1498
251270,2026-03-04,13:40:00,46750,46750,46200,46350,3304,153670000,2193,1111
251270,2026-03-04,13:45:00,46350,46850,46150,46850,3009,139790000,2100,909
251270,2026-03-04,13:50:00,46800,46850,46550,46650,2875,134250000,1804,1071
251270,2026-03-04,13:55:00,46700,46850,46100,46550,3416,159130000,1599,1817
251270,2026-03-04,14:00:00,46550,46700,46200,46450,3053,142050000,1565,1488
251270,2026-03-04,14:05:00,46450,46750,46350,46350,2797,130120000,1699,1098
251270,2026-03-04,14:10:00,46400,46750,46150,46500,3281,152060000,1708,1573
251270,2026-03-04,14:15:00,46500,46600,46200,46500,2865,132940000,1603,1262
251270,2026-03-04,14:20:00,46450,46500,46300,46350,3106,144140000,1865,1241
251270,2026-03-04,14:25:00,46350,46400,45900,45950,4904,226320000,1531,3373
251270,2026-03-04,14:30:00,45900,45950,45650,45650,3893,178280000,2218,1675
251270,2026-03-04,14:35:00,45800,45800,45550,45600,6656,303750000,3911,2745
251270,2026-03-04,14:40:00,45600,45900,45550,45750,7245,330890000,4353,2892
251270,2026-03-04,14:45:00,45750,46300,45750,46200,5681,261310000,3539,2142
251270,2026-03-04,14:50:00,46200,46350,46050,46150,5434,250900000,2368,3066
251270,2026-03-04,14:55:00,46150,46350,45950,46250,5323,245440000,2814,2509
251270,2026-03-04,15:00:00,46250,46300,45750,45800,4172,191860000,2014,2158
251270,2026-03-04,15:05:00,45750,45800,45500,45600,4919,224390000,1935,2984
251270,2026-03-04,15:10:00,45600,45950,45450,45600,8916,406750000,4605,4311
251270,2026-03-04,15:15:00,45500,45900,45400,45750,9031,412530000,3177,5854
251270,2026-03-04,15:20:00,45700,45900,45450,45700,8762,400020000,3573,5189
251270,2026-03-04,15:30:00,45750,45750,45750,45750,12181,557270000,12152,0
251270,2026-03-05,09:05:00,48100,48750,47800,48400,6317,304290000,3190,3127
251270,2026-03-05,09:10:00,48450,48750,47000,47000,8088,387130000,2321,5767
251270,2026-03-05,09:15:00,46950,48200,46950,47750,13385,637300000,6859,6526
251270,2026-03-05,09:20:00,47700,47850,47400,47850,6010,286190000,3484,2526
251270,2026-03-05,09:25:00,47825,47975,47400,47700,9005,429790000,3545,5460
251270,2026-03-05,09:30:00,47750,47750,47300,47300,12520,594570000,3449,9071
251270,2026-03-05,09:35:00,47350,47500,47100,47450,6948,328510000,3903,3045
251270,2026-03-05,09:40:00,47300,47500,47200,47400,7987,377770000,2409,5578
251270,2026-03-05,09:45:00,47400,47450,47150,47350,5618,265630000,2202,3416
251270,2026-03-05,09:50:00,47400,47700,47350,47700,3553,168780000,2612,941
251270,2026-03-05,09:55:00,47650,47700,47550,47650,2636,125570000,901,1735
251270,2026-03-05,10:00:00,47650,47750,47450,47650,4120,196220000,1285,2835
251270,2026-03-05,10:05:00,47700,47700,47200,47200,5035,239100000,843,4192
251270,2026-03-05,10:10:00,47300,47300,47050,47150,10338,487550000,5708,4630
251270,2026-03-05,10:15:00,47100,47150,46500,47050,19601,918360000,3058,16543
251270,2026-03-05,10:20:00,47050,47100,46800,47050,9367,439680000,5639,3728
251270,2026-03-05,10:25:00,47000,47150,46850,47050,4410,206960000,1967,2443
251270,2026-03-05,10:30:00,47050,47150,46950,46950,4532,213270000,2649,1883
251270,2026-03-05,10:35:00,47000,47100,46800,46850,7258,340940000,3752,3506
251270,2026-03-05,10:40:00,46850,46950,46700,46750,4213,197130000,1910,2303
251270,2026-03-05,10:45:00,46800,46850,46450,46500,6420,299460000,2873,3547
251270,2026-03-05,10:50:00,46500,46700,46400,46550,5814,270700000,3814,2000
251270,2026-03-05,10:55:00,46600,46700,46400,46600,6844,318490000,3449,3395
251270,2026-03-05,11:00:00,46500,46700,46400,46650,4161,193500000,2661,1500
251270,2026-03-05,11:05:00,46550,46800,46550,46550,4524,211100000,3264,1260
251270,2026-03-05,11:10:00,46550,46800,46500,46800,5556,258810000,3600,1956
251270,2026-03-05,11:15:00,46800,46850,46650,46800,5039,235420000,3268,1771
251270,2026-03-05,11:20:00,46850,47000,46700,46750,4575,214210000,2878,1697
251270,2026-03-05,11:25:00,46750,46900,46650,46750,6225,290910000,2855,3370
251270,2026-03-05,11:30:00,46750,46750,46550,46600,3958,184790000,1303,2655
251270,2026-03-05,11:35:00,46600,46800,46600,46700,4121,192310000,3090,1031
251270,2026-03-05,11:40:00,46750,47200,46700,47150,4714,221250000,3397,1317
251270,2026-03-05,11:45:00,47150,47250,47050,47150,2944,138780000,1955,989
251270,2026-03-05,11:50:00,47200,47300,47150,47200,2385,112690000,1043,1342
251270,2026-03-05,11:55:00,47250,47300,46700,47050,5469,257630000,2081,3388
251270,2026-03-05,12:00:00,47050,47150,46450,47000,16192,757070000,5308,10884
251270,2026-03-05,12:05:00,47050,47150,46900,47000,2817,132460000,1556,1261
251270,2026-03-05,12:10:00,47000,47150,47000,47150,3157,148680000,1661,1496
251270,2026-03-05,12:15:00,47150,47150,47050,47100,2674,125920000,1320,1354
251270,2026-03-05,12:20:00,47150,47250,47050,47100,3190,150410000,1446,1744
251270,2026-03-05,12:25:00,47100,47150,47000,47050,1932,90930000,795,1137
251270,2026-03-05,12:30:00,47050,47100,46450,46700,27011,1260790000,6143,20868
251270,2026-03-05,12:35:00,46700,46750,46500,46750,4252,198190000,2356,1896
251270,2026-03-05,12:40:00,46650,46750,46300,46450,26804,1243110000,15999,10805
251270,2026-03-05,12:45:00,46600,46700,46350,46600,26781,1243140000,19999,6782
251270,2026-03-05,12:50:00,46600,46600,46200,46250,5850,271470000,959,4891
251270,2026-03-05,12:55:00,46250,46300,46100,46250,4931,227860000,2985,1946
251270,2026-03-05,13:00:00,46250,46300,46050,46200,4413,203630000,1967,2446
251270,2026-03-05,13:05:00,46100,46200,45850,45900,6763,311300000,2654,4109
251270,2026-03-05,13:10:00,45900,46100,45850,45900,5480,251650000,2830,2650
251270,2026-03-05,13:15:00,45900,46050,45800,46000,4633,212680000,2557,2076
251270,2026-03-05,13:20:00,46050,46150,45950,46100,5481,252290000,2442,3039
251270,2026-03-05,13:25:00,46100,46250,46050,46200,4641,214210000,1849,2792
251270,2026-03-05,13:30:00,46200,46300,46050,46150,6094,281430000,3573,2521
251270,2026-03-05,13:35:00,46200,46200,46100,46100,4307,198830000,2163,2144
251270,2026-03-05,13:40:00,46100,46350,46100,46300,5681,262720000,3435,2246
251270,2026-03-05,13:45:00,46300,46700,46300,46700,8468,393910000,4320,4148
251270,2026-03-05,13:50:00,46700,46950,46550,46850,6178,288640000,3470,2708
251270,2026-03-05,13:55:00,46850,46900,46600,46750,4307,201520000,1732,2575
251270,2026-03-05,14:00:00,46700,46900,46650,46800,5385,252020000,3771,1614
251270,2026-03-05,14:05:00,46850,46850,46700,46800,3932,183900000,1746,2186
251270,2026-03-05,14:10:00,46800,47000,46750,46850,4531,212260000,2718,1813
251270,2026-03-05,14:15:00,46950,47250,46850,47200,4672,219590000,2949,1723
251270,2026-03-05,14:20:00,47200,47200,46950,47050,5214,245290000,1977,3237
251270,2026-03-05,14:25:00,47050,47150,46900,47100,6028,283540000,3205,2823
251270,2026-03-05,14:30:00,47150,47200,47000,47100,4543,213930000,1808,2735
251270,2026-03-05,14:35:00,47150,47250,46950,47100,4665,219580000,2238,2427
251270,2026-03-05,14:40:00,47150,47450,47050,47400,7771,367100000,5524,2247
251270,2026-03-05,14:45:00,47350,47800,47200,47550,7891,375040000,5197,2694
251270,2026-03-05,14:50:00,47550,47800,47350,47750,8883,423240000,5721,3162
251270,2026-03-05,14:55:00,47750,48400,47700,48250,13979,670530000,4844,9135
251270,2026-03-05,15:00:00,48200,48750,48050,48100,18170,876990000,7886,10284
251270,2026-03-05,15:05:00,48150,48250,47800,47950,15927,764640000,5199,10728
251270,2026-03-05,15:10:00,47900,48300,47900,48100,9272,445960000,4724,4548
251270,2026-03-05,15:15:00,48150,48600,47900,48500,15716,758640000,9673,6043
251270,2026-03-05,15:20:00,48550,48700,48300,48700,15039,730400000,10235,4804
251270,2026-03-05,15:30:00,48500,48500,48500,48500,21432,1039450000,21412,0
251270,2026-03-06,09:05:00,50900,55900,50900,55800,125506,6729870000,87669,37837
251270,2026-03-06,09:10:00,55800,55900,54200,55100,77823,4301760000,42506,35317
251270,2026-03-06,09:15:00,55200,55700,54700,55100,50449,2790030000,34878,15571
251270,2026-03-06,09:20:00,55200,56000,55000,55300,43325,2412800000,26248,17077
251270,2026-03-06,09:25:00,55400,55500,54200,54900,23746,1304650000,11821,11925
251270,2026-03-06,09:30:00,54900,55300,54200,54400,31741,1737290000,17908,13833
251270,2026-03-06,09:35:00,54800,54800,53900,54200,32736,1774490000,19066,13670
251270,2026-03-06,09:40:00,54300,54400,53900,54200,13422,726690000,8649,4773
251270,2026-03-06,09:45:00,54200,54900,54100,54800,12026,656170000,8217,3809
251270,2026-03-06,09:50:00,54700,55300,54300,55200,14343,787740000,8766,5577
251270,2026-03-06,09:55:00,55200,55600,55000,55200,27870,1540810000,15134,12736
251270,2026-03-06,10:00:00,55100,55100,54500,55000,22243,1219220000,8940,13303
251270,2026-03-06,10:05:00,54900,55600,54700,55600,18647,1028160000,8791,9856
251270,2026-03-06,10:10:00,55500,56000,55500,56000,28859,1611120000,21132,7727
251270,2026-03-06,10:15:00,56000,56300,55000,55400,26932,1504580000,11933,14999
251270,2026-03-06,10:20:00,55300,55800,55000,55200,12649,700380000,6507,6142
251270,2026-03-06,10:25:00,55200,55200,54500,54500,16006,878060000,7536,8470
251270,2026-03-06,10:30:00,54500,54800,53700,54300,26128,1414180000,12595,13533
251270,2026-03-06,10:35:00,54400,55000,54300,54700,9887,539570000,5209,4678
251270,2026-03-06,10:40:00,54700,54900,54100,54200,10542,575350000,5470,5072
251270,2026-03-06,10:45:00,54200,54700,54100,54100,11043,599430000,4577,6466
251270,2026-03-06,10:50:00,54000,54100,53400,53800,12512,673130000,5358,7154
251270,2026-03-06,10:55:00,53800,54200,53400,53600,19199,1030500000,12971,6228
251270,2026-03-06,11:00:00,53700,54100,53400,53700,10830,581250000,5817,5013
251270,2026-03-06,11:05:00,53700,54100,53500,53800,6385,343500000,3484,2901
251270,2026-03-06,11:10:00,53800,54000,53500,53600,8620,462960000,3494,5126
251270,2026-03-06,11:15:00,53600,54000,53500,53900,7044,378780000,4437,2607
251270,2026-03-06,11:20:00,54000,54200,53800,54100,9077,490030000,5813,3264
251270,2026-03-06,11:25:00,54000,54500,54000,54300,7752,421140000,5782,1970
251270,2026-03-06,11:30:00,54300,54700,54300,54600,8505,463360000,5551,2954
251270,2026-03-06,11:35:00,54600,54700,54200,54400,8479,461590000,4000,4479
251270,2026-03-06,11:40:00,54500,54500,54000,54300,8376,454440000,4699,3677
251270,2026-03-06,11:45:00,54300,54500,54100,54500,7843,426440000,6194,1649
251270,2026-03-06,11:50:00,54400,54600,54200,54300,6738,366460000,4470,2268
251270,2026-03-06,11:55:00,54400,54500,54100,54200,7239,393330000,4079,3160
251270,2026-03-06,12:00:00,54200,54500,54100,54400,5843,317440000,4109,1734
251270,2026-03-06,12:05:00,54300,54500,54200,54300,7340,399080000,4653,2687
251270,2026-03-06,12:10:00,54300,54500,54100,54400,6035,327990000,3975,2060
251270,2026-03-06,12:15:00,54400,54600,54200,54500,6714,365410000,4678,2036
251270,2026-03-06,12:20:00,54500,54500,54100,54300,7838,425470000,3568,4270
251270,2026-03-06,12:25:00,54300,54400,53900,54100,6655,360520000,3736,2919
251270,2026-03-06,12:30:00,54200,54400,54100,54400,5185,281410000,3508,1677
251270,2026-03-06,12:35:00,54400,54500,54000,54200,7285,395510000,3877,3408
251270,2026-03-06,12:40:00,54300,54400,54100,54400,7081,384830000,5013,2068
251270,2026-03-06,12:45:00,54400,54700,54200,54500,6633,361490000,4835,1798
251270,2026-03-06,12:50:00,54500,54600,54200,54400,7570,412300000,4665,2905
251270,2026-03-06,12:55:00,54500,54600,54100,54400,6693,364270000,3948,2745
251270,2026-03-06,13:00:00,54300,54600,54200,54500,5359,291740000,3400,1959
251270,2026-03-06,13:05:00,54500,54600,54100,54400,6396,347880000,3458,2938
251270,2026-03-06,13:10:00,54400,54500,54000,54400,5526,300230000,3316,2210
251270,2026-03-06,13:15:00,54300,54600,54100,54400,6997,380560000,3902,3095
251270,2026-03-06,13:20:00,54400,54500,54300,54400,6600,358950000,4503,2097
251270,2026-03-06,13:25:00,54400,54600,54300,54600,6710,365360000,3258,3452
251270,2026-03-06,13:30:00,54600,54700,54400,54600,5411,295320000,3440,1971
251270,2026-03-06,13:35:00,54600,54900,54400,54800,8501,464600000,5227,3274
251270,2026-03-06,13:40:00,54900,55000,54700,54800,6107,335030000,4237,1870
251270,2026-03-06,13:45:00,54800,55500,54800,55400,16146,890380000,10964,5182
251270,2026-03-06,13:50:00,55400,55500,55100,55200,11768,650900000,7676,4092
251270,2026-03-06,13:55:00,55200,55500,54900,55150,9655,533350000,5044,4611
251270,2026-03-06,14:00:00,55200,55200,54700,54800,9176,504020000,5058,4118
251270,2026-03-06,14:05:00,54800,54900,54500,54700,9477,518740000,5485,3992
251270,2026-03-06,14:10:00,54700,54800,54500,54700,11183,611230000,6101,5082
251270,2026-03-06,14:15:00,54700,54900,54400,54800,8211,448890000,5131,3080
251270,2026-03-06,14:20:00,54800,54800,54100,54500,9761,530970000,5041,4720
251270,2026-03-06,14:25:00,54500,54500,54100,54200,8788,476780000,5424,3364
251270,2026-03-06,14:30:00,54100,54300,54000,54200,9645,522020000,5125,4520
251270,2026-03-06,14:35:00,54200,54500,54100,54200,8180,443990000,4320,3860
251270,2026-03-06,14:40:00,54200,54600,54100,54400,8466,460250000,4540,3926
251270,2026-03-06,14:45:00,54400,54500,54100,54100,8844,480220000,3783,5061
251270,2026-03-06,14:50:00,54200,54400,53900,54100,19600,1059530000,5812,13788
251270,2026-03-06,14:55:00,54000,54300,53900,54100,15090,815970000,10416,4674
251270,2026-03-06,15:00:00,54000,54200,53800,54000,10371,560330000,6074,4297
251270,2026-03-06,15:05:00,54100,54300,53900,54100,10015,541910000,4743,5272
251270,2026-03-06,15:10:00,54200,54300,53800,54100,8577,463480000,3777,4800
251270,2026-03-06,15:15:00,54000,54100,53700,53900,11175,602240000,5481,5694
251270,2026-03-06,15:20:00,53700,54000,53500,53500,9379,503790000,4189,5190
251270,2026-03-06,15:30:00,54000,54000,54000,54000,10072,543880000,10069,0
251270,2026-03-09,09:05:00,51700,52500,50600,52300,12559,648330000,7341,5218
251270,2026-03-09,09:10:00,52300,54300,52100,54100,9670,513590000,7002,2668
251270,2026-03-09,09:15:00,54000,54300,52600,53700,9216,490860000,4209,5007
251270,2026-03-09,09:20:00,53700,53700,52600,52800,15939,843220000,12043,3896
251270,2026-03-09,09:25:00,52900,53100,52500,52900,5088,268650000,3117,1971
251270,2026-03-09,09:30:00,53000,53500,52900,53300,5812,309460000,2859,2953
251270,2026-03-09,09:35:00,53300,54100,53300,53900,7508,403540000,5259,2249
251270,2026-03-09,09:40:00,53900,54600,53900,54300,5347,290370000,4108,1239
251270,2026-03-09,09:45:00,54400,54700,53500,54400,11898,644540000,8724,3174
251270,2026-03-09,09:50:00,54400,54700,54300,54300,9129,497970000,5091,4038
251270,2026-03-09,09:55:00,54400,54500,53600,53800,8889,481390000,4040,4849
251270,2026-03-09,10:00:00,53800,54100,53600,54000,6961,374920000,2978,3983
251270,2026-03-09,10:05:00,53900,54200,53600,53900,6891,371630000,3114,3777
251270,2026-03-09,10:10:00,54000,54000,53200,53300,7300,390970000,3661,3639
251270,2026-03-09,10:15:00,53300,53900,53200,53800,4489,240390000,2456,2033
251270,2026-03-09,10:20:00,53900,54000,53400,53700,4949,265870000,1961,2988
251270,2026-03-09,10:25:00,53700,53800,53300,53600,5504,294830000,1930,3574
251270,2026-03-09,10:30:00,53600,53600,53100,53300,6536,348300000,2516,4020
251270,2026-03-09,10:35:00,53200,53400,53000,53200,2020,107500000,1039,981
251270,2026-03-09,11:05:00,54000,54000,52900,53200,17556,941220000,9857,7699
251270,2026-03-09,11:10:00,53100,53800,53000,53100,6211,331430000,3107,3104
251270,2026-03-09,11:15:00,53200,53600,52900,53100,5483,292160000,2448,3035
251270,2026-03-09,11:20:00,53100,53300,52600,53000,5788,306580000,2158,3630
251270,2026-03-09,11:25:00,53000,53300,52800,53200,4966,263570000,3022,1944
251270,2026-03-09,11:30:00,53100,53500,53000,53400,3970,211540000,2493,1477
251270,2026-03-09,11:35:00,53300,53500,53100,53200,5287,281720000,2393,2894
251270,2026-03-09,11:40:00,53100,53700,53100,53700,4347,232190000,2001,2346
251270,2026-03-09,11:45:00,53400,53900,53400,53500,4986,267430000,2369,2617
251270,2026-03-09,11:50:00,53500,53900,53400,53700,4714,252810000,2394,2320
251270,2026-03-09,11:55:00,53600,53900,53300,53600,5711,306260000,1739,3972
251270,2026-03-09,12:00:00,53600,54000,53300,53500,4770,256020000,1546,3224
251270,2026-03-09,12:05:00,53500,53800,53400,53600,5149,275910000,3165,1984
251270,2026-03-09,12:10:00,53400,54000,53400,53800,5330,286460000,2758,2572
251270,2026-03-09,12:15:00,53800,54200,53200,53900,7223,388910000,3929,3294
251270,2026-03-09,12:20:00,54100,54300,53900,54200,6282,340210000,3030,3252
251270,2026-03-09,12:25:00,54000,54500,53900,54200,11079,601490000,6884,4195
251270,2026-03-09,12:30:00,54300,54500,54100,54300,7329,398220000,3170,4159
251270,2026-03-09,12:35:00,54300,54600,53900,54400,8153,442850000,4970,3183
251270,2026-03-09,12:40:00,54500,54600,54200,54300,6196,337080000,2842,3354
251270,2026-03-09,12:45:00,54400,54600,54200,54300,7897,429480000,4320,3577
251270,2026-03-09,12:50:00,54300,54500,54100,54400,6626,359760000,3161,3465
251270,2026-03-09,12:55:00,54500,54600,54100,54400,6370,346390000,2561,3809
251270,2026-03-09,13:00:00,54100,54300,53900,53900,7260,392680000,2628,4632
251270,2026-03-09,13:05:00,54100,54400,53900,54300,5458,295660000,3033,2425
251270,2026-03-09,13:10:00,54300,54900,54000,54700,14744,803990000,11322,3422
251270,2026-03-09,13:15:00,54700,55200,54600,55000,13659,750880000,9767,3892
251270,2026-03-09,13:20:00,55000,55400,55000,55200,12241,674980000,7149,5092
251270,2026-03-09,13:25:00,55200,55300,54700,55300,10798,594550000,6618,4180
251270,2026-03-09,13:30:00,55100,55300,54800,54900,9488,522360000,4898,4590
251270,2026-03-09,13:35:00,55000,55100,54600,55100,9185,504700000,4003,5182
251270,2026-03-09,13:40:00,55100,55300,54800,55000,9347,515020000,4800,4547
251270,2026-03-09,13:45:00,55000,55300,54900,55300,10759,592790000,6739,4020
251270,2026-03-09,13:50:00,55200,55800,55100,55600,20985,1163630000,15236,5749
251270,2026-03-09,13:55:00,55500,55700,55300,55500,12451,691130000,4868,7583
251270,2026-03-09,14:00:00,55500,55600,55000,55100,10748,594320000,3526,7222
251270,2026-03-09,14:05:00,55200,55300,54800,55200,9164,504420000,3912,5252
251270,2026-03-09,14:10:00,55100,55500,55000,55200,8389,463950000,4571,3818
251270,2026-03-09,14:15:00,55200,55400,54900,55200,8360,461950000,2765,5595
251270,2026-03-09,14:20:00,55200,55400,55000,55300,8565,473460000,3762,4803
251270,2026-03-09,14:25:00,55300,55500,55100,55400,8688,480860000,3512,5176
251270,2026-03-09,14:30:00,55200,55500,55000,55100,10033,554350000,3287,6746
251270,2026-03-09,14:35:00,55200,55500,55100,55300,14195,785870000,9907,4288
251270,2026-03-09,14:40:00,55300,55500,54800,54900,11110,613250000,3252,7858
251270,2026-03-09,14:45:00,54900,55300,54800,55200,9456,520720000,4228,5228
251270,2026-03-09,14:50:00,55100,55200,54600,55100,9800,537980000,4947,4853
251270,2026-03-09,14:55:00,55100,55300,54800,55100,9063,498780000,3865,5198
251270,2026-03-09,15:00:00,54900,55300,54600,54900,9228,506810000,4262,4966
251270,2026-03-09,15:05:00,54800,55300,54700,55100,13290,730350000,3871,9419
251270,2026-03-09,15:10:00,55000,55300,54800,55200,18535,1018640000,3775,14760
251270,2026-03-09,15:15:00,55200,55300,54900,55100,10157,559910000,4894,5263
251270,2026-03-09,15:20:00,55100,55200,54900,54900,7814,430070000,2802,5012
251270,2026-03-09,15:30:00,55200,55200,55200,55200,7054,389390000,6854,0
251270,2026-03-10,09:05:00,56100,57200,55500,56400,21752,1225640000,16574,5178
251270,2026-03-10,09:10:00,56400,56600,55600,55800,6613,371360000,2492,4121
251270,2026-03-10,09:15:00,55800,56500,55500,56300,7831,439100000,4619,3212
251270,2026-03-10,09:20:00,56300,56600,56100,56100,4125,232550000,2433,1692
251270,2026-03-10,09:25:00,56200,56500,55700,55700,4188,234830000,1805,2383
251270,2026-03-10,09:30:00,55700,56100,55700,55800,3696,206670000,2098,1598
251270,2026-03-10,09:35:00,55800,55900,55600,55900,3668,204750000,2032,1636
251270,2026-03-10,09:40:00,56000,56300,55800,56100,5745,322120000,3183,2562
251270,2026-03-10,09:45:00,56100,56200,55600,55600,3069,171480000,909,2160
251270,2026-03-10,09:50:00,55600,56100,55600,56000,3419,190760000,2671,748
251270,2026-03-10,09:55:00,56000,56100,55600,55600,2006,112060000,712,1294
251270,2026-03-10,10:00:00,55600,55800,55400,55600,4343,241550000,2387,1956
251270,2026-03-10,10:05:00,55700,55900,55600,55700,3299,183770000,1962,1337
251270,2026-03-10,10:10:00,55700,55800,55400,55600,2287,127200000,1184,1103
251270,2026-03-10,10:15:00,55600,55700,55500,55600,2056,114290000,1190,866
251270,2026-03-10,10:20:00,55600,55600,55400,55500,1831,101690000,1036,795
251270,2026-03-10,10:25:00,55600,55600,55500,55600,1250,69470000,914,336
251270,2026-03-10,10:30:00,55500,55600,55300,55400,2840,157550000,1366,1474
251270,2026-03-10,10:35:00,55500,55500,55300,55500,1222,67770000,671,551
251270,2026-03-10,10:40:00,55500,55500,55400,55500,1223,67860000,1045,178
251270,2026-03-10,10:45:00,55500,55500,55200,55300,2329,128880000,580,1749
251270,2026-03-10,10:50:00,55300,55400,55100,55100,3743,206680000,1390,2353
251270,2026-03-10,10:55:00,55200,55400,55100,55400,2148,118710000,1382,766
251270,2026-03-10,11:00:00,55400,55400,55200,55400,2121,117310000,890,1231
251270,2026-03-10,11:05:00,55400,55400,55100,55100,2467,136220000,1041,1426
251270,2026-03-10,11:10:00,55100,55200,55000,55000,2729,150400000,1292,1437
251270,2026-03-10,11:15:00,55100,55100,54900,55000,2749,151290000,1169,1580
251270,2026-03-10,11:20:00,55100,55100,55000,55100,1380,75990000,1035,345
251270,2026-03-10,11:25:00,55100,55200,54800,54800,3793,208680000,1930,1863
251270,2026-03-10,11:30:00,54800,55000,54700,54700,5654,310180000,2788,2866
251270,2026-03-10,11:35:00,54700,54900,54700,54800,1768,96990000,1160,608
251270,2026-03-10,11:40:00,54900,55000,54700,54800,3198,175360000,1401,1797
251270,2026-03-10,11:45:00,54900,54900,54700,54700,1780,97600000,1046,734
251270,2026-03-10,11:50:00,54700,54800,54600,54600,2108,115270000,905,1203
251270,2026-03-10,11:55:00,54600,54800,54500,54700,2937,160450000,1813,1124
251270,2026-03-10,12:00:00,54700,54700,54500,54600,3668,200280000,2232,1436
251270,2026-03-10,12:05:00,54700,55000,54600,54800,2459,134850000,1351,1108
251270,2026-03-10,12:10:00,54900,55100,54800,54900,2419,133070000,1539,880
251270,2026-03-10,12:15:00,54900,55000,54800,55000,1516,83300000,984,532
251270,2026-03-10,12:20:00,55000,55000,54800,55000,1573,86400000,933,640
251270,2026-03-10,12:25:00,55000,55100,54900,55000,1776,97640000,1028,748
251270,2026-03-10,12:30:00,55000,55000,54700,54800,2354,129200000,1156,1198
251270,2026-03-10,12:35:00,54800,55000,54800,54900,1680,92190000,1149,531
251270,2026-03-10,12:40:00,54900,54900,54700,54700,2306,126400000,1000,1306
251270,2026-03-10,12:45:00,54800,54800,54400,54500,3948,215490000,1682,2266
251270,2026-03-10,12:50:00,54600,54600,54200,54300,3023,164280000,959,2064
251270,2026-03-10,12:55:00,54300,54600,54200,54500,4220,229450000,3059,1161
251270,2026-03-10,13:00:00,54500,54700,54400,54500,2609,142520000,1666,943
251270,2026-03-10,13:05:00,54600,54700,54400,54400,1904,103830000,944,960
251270,2026-03-10,13:10:00,54400,54700,54400,54500,2067,112780000,1227,840
251270,2026-03-10,13:15:00,54500,54700,54500,54700,1397,76330000,1137,260
251270,2026-03-10,13:20:00,54700,54900,54600,54800,2444,133850000,1736,708
251270,2026-03-10,13:25:00,54900,54900,54700,54800,2245,123110000,1074,1171
251270,2026-03-10,13:30:00,54800,54900,54800,54900,2248,123400000,2083,165
251270,2026-03-10,13:35:00,54900,55100,54900,55050,3029,166700000,2136,893
251270,2026-03-10,13:40:00,55100,55400,55000,55400,3199,176740000,1886,1313
251270,2026-03-10,13:45:00,55400,55400,55200,55250,2326,128670000,1142,1184
251270,2026-03-10,13:50:00,55300,55500,55200,55400,2830,156650000,1694,1136
251270,2026-03-10,13:55:00,55300,55400,55000,55200,3888,214730000,1407,2481
251270,2026-03-10,14:00:00,55300,55300,55100,55250,2495,137730000,1496,999
251270,2026-03-10,14:05:00,55250,55500,55250,55500,3825,211940000,2190,1635
251270,2026-03-10,14:10:00,55500,55500,55100,55400,2942,162940000,1246,1696
251270,2026-03-10,14:15:00,55400,55500,55100,55400,3099,171600000,1349,1750
251270,2026-03-10,14:20:00,55400,55500,55300,55400,2271,125880000,1392,879
251270,2026-03-10,14:25:00,55500,55500,55300,55300,2109,116900000,1230,879
251270,2026-03-10,14:30:00,55300,55500,55300,55400,2658,147240000,1896,762
251270,2026-03-10,14:35:00,55400,55450,55300,55350,1846,102250000,1028,818
251270,2026-03-10,14:40:00,55350,55400,55000,55000,4909,271110000,1493,3416
251270,2026-03-10,14:45:00,55000,55400,54900,55200,1882,104000000,1252,630
251270,2026-03-10,14:50:00,55200,55300,55100,55300,2099,115920000,1138,961
251270,2026-03-10,14:55:00,55200,55400,55200,55300,3016,166780000,1704,1312
251270,2026-03-10,15:00:00,55200,55400,55200,55200,3102,171450000,1596,1506
251270,2026-03-10,15:05:00,55350,55400,55200,55300,2056,113720000,1159,897
251270,2026-03-10,15:10:00,55400,55500,55300,55400,5877,325800000,3999,1878
251270,2026-03-10,15:15:00,55400,55500,55400,55400,3759,208440000,1946,1813
251270,2026-03-10,15:20:00,55500,55500,55100,55100,5202,287880000,789,4413
251270,2026-03-10,15:30:00,55200,55200,55200,55200,9703,535600000,9700,0
251270,2026-03-11,09:05:00,55400,55900,55200,55300,6230,346030000,5231,999
251270,2026-03-11,09:10:00,55300,55400,55100,55300,3664,202470000,710,2954
251270,2026-03-11,09:15:00,55300,55400,55200,55300,2101,116200000,1134,967
251270,2026-03-11,09:20:00,55200,55300,54800,54900,7104,391610000,2807,4297
251270,2026-03-11,09:25:00,54900,54900,54300,54800,9584,522620000,5178,4406
251270,2026-03-11,09:30:00,54800,54900,54300,54400,8726,476920000,3311,5415
251270,2026-03-11,09:35:00,54400,54500,54200,54400,5199,282710000,2582,2617
251270,2026-03-11,09:40:00,54400,54700,54200,54600,4706,256260000,3908,798
251270,2026-03-11,09:45:00,54600,54600,54400,54400,2865,156150000,852,2013
251270,2026-03-11,09:50:00,54400,54500,54300,54400,3299,179530000,2374,925
251270,2026-03-11,09:55:00,54400,54600,54300,54600,3821,208080000,2524,1297
251270,2026-03-11,10:00:00,54600,54600,54300,54400,2419,131730000,1412,1007
251270,2026-03-11,10:05:00,54500,54500,54400,54500,994,54110000,410,584
251270,2026-03-11,10:10:00,54500,54500,54400,54400,1725,93970000,1267,458
251270,2026-03-11,10:15:00,54400,54400,53800,53800,10839,586580000,2362,8477
251270,2026-03-11,10:20:00,53800,53900,53600,53700,6776,364180000,2783,3993
251270,2026-03-11,10:25:00,53700,53800,53600,53600,4474,240070000,1077,3397
251270,2026-03-11,10:30:00,53600,53800,53500,53600,6345,340380000,3024,3321
251270,2026-03-11,10:35:00,53700,53800,53500,53500,7717,413980000,2105,5612
251270,2026-03-11,10:40:00,53500,53600,53200,53300,10484,559820000,3319,7165
251270,2026-03-11,10:45:00,53400,53500,53100,53200,9653,514000000,4928,4725
251270,2026-03-11,10:50:00,53300,53600,53200,53400,5479,292690000,3713,1766
251270,2026-03-11,10:55:00,53400,53700,53400,53500,3073,164520000,1483,1590
251270,2026-03-11,11:00:00,53500,53600,53300,53500,5406,288870000,3609,1797
251270,2026-03-11,11:05:00,53500,53600,53400,53400,2395,128040000,1035,1360
251270,2026-03-11,11:10:00,53400,53500,53300,53400,3739,199530000,2002,1737
251270,2026-03-11,11:15:00,53300,53400,53200,53200,4201,223750000,2055,2146
251270,2026-03-11,11:20:00,53200,53400,53200,53300,3793,202050000,2042,1751
251270,2026-03-11,11:25:00,53300,53400,53200,53300,2974,158510000,1527,1447
251270,2026-03-11,11:30:00,53300,53400,53200,53300,3658,195000000,1708,1950
251270,2026-03-11,11:35:00,53400,53400,53200,53200,3751,199860000,1787,1964
251270,2026-03-11,11:40:00,53300,53400,53200,53200,2988,159120000,1229,1759
251270,2026-03-11,11:45:00,53300,53400,53200,53200,2900,154450000,1401,1499
251270,2026-03-11,11:50:00,53300,53300,53200,53200,2620,139490000,977,1643
251270,2026-03-11,11:55:00,53200,53600,53100,53400,6468,344730000,4402,2066
251270,2026-03-11,12:00:00,53400,53600,53400,53500,2157,115370000,1370,787
251270,2026-03-11,12:05:00,53600,53700,53500,53500,3821,204680000,2423,1398
251270,2026-03-11,12:10:00,53500,53700,53500,53600,1540,82490000,856,684
251270,2026-03-11,12:15:00,53500,53600,53500,53500,1415,75740000,393,1022
251270,2026-03-11,12:20:00,53600,53700,53500,53600,2995,160460000,2086,909
251270,2026-03-11,12:25:00,53600,53700,53400,53500,2980,159410000,647,2333
251270,2026-03-11,12:30:00,53400,53500,53400,53500,1938,103590000,1050,888
251270,2026-03-11,12:35:00,53500,53600,53400,53600,3938,210680000,2032,1906
251270,2026-03-11,12:40:00,53500,53600,53300,53300,4025,215070000,1252,2773
251270,2026-03-11,12:45:00,53300,53400,53300,53400,1704,90880000,522,1182
251270,2026-03-11,12:50:00,53400,53500,53300,53300,3518,187780000,2345,1173
251270,2026-03-11,12:55:00,53400,53400,53200,53200,3131,166890000,1338,1793
251270,2026-03-11,13:00:00,53200,53400,53200,53200,2993,159420000,1710,1283
251270,2026-03-11,13:05:00,53300,53400,53200,53200,1597,85000000,331,1266
251270,2026-03-11,13:10:00,53200,53300,52900,53000,10766,571210000,3807,6959
251270,2026-03-11,13:15:00,53000,53100,53000,53000,1982,105080000,318,1664
251270,2026-03-11,13:20:00,53100,53100,53000,53000,2984,158210000,549,2435
251270,2026-03-11,13:25:00,53000,53100,52900,52900,4721,250180000,1505,3216
251270,2026-03-11,13:30:00,52900,53000,52900,52900,2458,130080000,348,2110
251270,2026-03-11,13:35:00,53000,53400,52900,53400,7539,400510000,5849,1690
251270,2026-03-11,13:40:00,53300,53550,53300,53550,3552,189740000,2377,1175
251270,2026-03-11,13:45:00,53550,53600,53400,53500,5454,291810000,3353,2101
251270,2026-03-11,13:50:00,53600,53700,53500,53600,3202,171590000,1691,1511
251270,2026-03-11,13:55:00,53600,53700,53100,53200,7350,392510000,1598,5752
251270,2026-03-11,14:00:00,53200,53300,53000,53000,6571,348960000,1651,4920
251270,2026-03-11,14:05:00,53000,53300,53000,53200,7037,373660000,3218,3819
251270,2026-03-11,14:10:00,53200,53300,53100,53100,5607,298240000,2636,2971
251270,2026-03-11,14:15:00,53100,53200,53000,53100,5582,296440000,2417,3165
251270,2026-03-11,14:20:00,53000,53100,53000,53100,5945,315440000,2879,3066
251270,2026-03-11,14:25:00,53000,53100,52900,52900,5594,296550000,2467,3127
251270,2026-03-11,14:30:00,52900,53000,52800,52900,7409,392230000,3407,4002
251270,2026-03-11,14:35:00,52900,53000,52700,52700,7622,402870000,2703,4919
251270,2026-03-11,14:40:00,52700,52900,52500,52800,7887,415790000,2487,5400
251270,2026-03-11,14:45:00,52700,52800,52500,52500,8964,472210000,2441,6523
251270,2026-03-11,14:50:00,52600,52800,52500,52500,7873,413870000,2204,5669
251270,2026-03-11,14:55:00,52500,52700,52400,52400,6610,347010000,2387,4223
251270,2026-03-11,15:00:00,52500,52600,52300,52300,8345,437500000,2982,5363
251270,2026-03-11,15:05:00,52300,52400,52000,52200,11902,621180000,4303,7599
251270,2026-03-11,15:10:00,52200,52500,52000,52300,7443,389120000,4341,3102
251270,2026-03-11,15:15:00,52400,52400,52200,52400,6344,331850000,3545,2799
251270,2026-03-11,15:20:00,52300,52500,52200,52200,5902,308680000,3343,2559
251270,2026-03-11,15:30:00,52200,52200,52200,52200,16157,843400000,16157,0
251270,2026-03-12,09:05:00,52400,52700,52100,52600,2097,109920000,1050,1047
251270,2026-03-12,09:10:00,52700,52900,52400,52900,3454,181970000,2179,1275
251270,2026-03-12,09:15:00,52900,53400,52800,53200,7530,399910000,4301,3229
251270,2026-03-12,09:20:00,53100,53200,52400,52700,6663,352240000,2435,4228
251270,2026-03-12,09:25:00,52700,52700,52000,52100,4791,250150000,2024,2767
251270,2026-03-12,09:30:00,52100,52300,51700,51700,10588,550160000,2818,7770
251270,2026-03-12,09:35:00,51800,52500,51700,52100,8120,422630000,5290,2830
251270,2026-03-12,09:40:00,52100,53000,52100,52900,8778,460150000,5791,2987
251270,2026-03-12,09:45:00,52900,53000,52600,52900,6196,327060000,3102,3094
251270,2026-03-12,09:50:00,52900,52900,52400,52600,3701,194710000,1388,2313
251270,2026-03-12,09:55:00,52500,52600,52200,52400,10566,552930000,7806,2760
251270,2026-03-12,10:00:00,52400,52700,52200,52600,5775,302910000,3841,1934
251270,2026-03-12,10:05:00,52600,53100,52600,53000,6057,320420000,3574,2483
251270,2026-03-12,10:10:00,53000,53300,53000,53200,6541,347300000,4860,1681
251270,2026-03-12,10:15:00,53200,53400,53000,53100,6104,324630000,3118,2986
251270,2026-03-12,10:20:00,53100,53200,52900,53200,3560,188900000,1865,1695
251270,2026-03-12,10:25:00,53200,53400,53000,53200,5791,308250000,4022,1769
251270,2026-03-12,10:30:00,53300,53400,53100,53400,6196,330270000,3124,3072
251270,2026-03-12,10:35:00,53300,53500,53100,53400,7050,375970000,3888,3162
251270,2026-03-12,10:40:00,53500,53600,53300,53300,5554,296960000,3492,2062
251270,2026-03-12,10:45:00,53400,53600,53200,53500,3499,186970000,1541,1958
251270,2026-03-12,10:50:00,53400,53500,53200,53200,3798,202650000,2399,1399
251270,2026-03-12,10:55:00,53300,53300,53100,53200,4226,224810000,1735,2491
251270,2026-03-12,11:00:00,53200,53400,53100,53200,3325,177030000,1406,1919
251270,2026-03-12,11:05:00,53300,53500,53200,53500,3682,196470000,1702,1980
251270,2026-03-12,11:10:00,53300,53800,53300,53600,6112,327280000,4081,2031
251270,2026-03-12,11:15:00,53600,53700,53400,53500,4110,220260000,2293,1817
251270,2026-03-12,11:20:00,53500,53700,53400,53500,3884,207920000,1701,2183
251270,2026-03-12,11:25:00,53400,53500,53100,53100,4315,230050000,1838,2477
251270,2026-03-12,11:30:00,53100,53400,53100,53200,5152,274450000,3068,2084
251270,2026-03-12,11:35:00,53300,53300,53100,53100,3387,180210000,1764,1623
251270,2026-03-12,11:40:00,53100,53300,52900,53000,5649,300060000,2388,3261
251270,2026-03-12,11:45:00,53100,53200,53000,53100,3079,163460000,1325,1754
251270,2026-03-12,11:50:00,53100,53100,52800,52800,5920,313550000,3256,2664
251270,2026-03-12,11:55:00,52800,53000,52800,52800,3213,169850000,1079,2134
251270,2026-03-12,12:00:00,52800,53000,52800,52800,3213,169950000,1654,1559
251270,2026-03-12,12:05:00,52900,53100,52700,53000,3260,172370000,1587,1673
251270,2026-03-12,12:10:00,52900,53000,52800,52900,4031,213240000,1476,2555
251270,2026-03-12,12:15:00,53000,53000,52700,52800,3234,171120000,1860,1374
251270,2026-03-12,12:20:00,53000,53000,52700,53000,3184,168390000,1410,1774
251270,2026-03-12,12:25:00,53000,53100,52800,53000,4625,245150000,2333,2292
251270,2026-03-12,12:30:00,53100,53200,52700,52700,6092,322860000,3279,2813
251270,2026-03-12,12:35:00,52900,53000,52800,52800,3118,164930000,1570,1548
251270,2026-03-12,12:40:00,52800,53100,52800,52900,3150,166840000,1253,1897
251270,2026-03-12,12:45:00,52900,53100,52900,53000,3751,198740000,2048,1703
251270,2026-03-12,12:50:00,53000,53200,52800,52900,3238,171650000,1239,1999
251270,2026-03-12,12:55:00,53000,53200,52800,52900,3615,191550000,1528,2087
251270,2026-03-12,13:00:00,52900,53000,52700,52800,4631,244820000,2520,2111
251270,2026-03-12,13:05:00,52800,53000,52700,52900,3480,184140000,1751,1729
251270,2026-03-12,13:10:00,53000,53100,52700,52900,3769,199460000,1957,1812
251270,2026-03-12,13:15:00,52900,53000,52700,52900,3615,191210000,2151,1464
251270,2026-03-12,13:20:00,52900,53100,52700,53000,4532,239890000,2099,2433
251270,2026-03-12,13:25:00,53000,53100,52900,52900,3794,201130000,2015,1779
251270,2026-03-12,13:30:00,52900,53100,52900,52900,3908,207080000,1896,2012
251270,2026-03-12,13:35:00,52900,53300,52900,53200,3989,211980000,2758,1231
251270,2026-03-12,13:40:00,53200,53500,53200,53200,9367,499020000,3591,5776
251270,2026-03-12,13:45:00,53200,53400,53200,53200,4358,232210000,2486,1872
251270,2026-03-12,13:50:00,53200,53500,53200,53400,5245,279930000,3753,1492
251270,2026-03-12,13:55:00,53400,53500,53100,53400,5901,314820000,3202,2699
251270,2026-03-12,14:00:00,53400,53600,53200,53300,4522,241560000,2403,2119
251270,2026-03-12,14:05:00,53400,53900,53400,53800,8504,457020000,5979,2525
251270,2026-03-12,14:10:00,53800,54000,53700,53800,10710,576840000,8401,2309
251270,2026-03-12,14:15:00,53800,54400,53800,54200,11174,604610000,9175,1999
251270,2026-03-12,14:20:00,54200,54300,53900,54000,7698,416600000,4303,3395
251270,2026-03-12,14:25:00,54100,54200,53500,53600,9787,527630000,4514,5273
251270,2026-03-12,14:30:00,53600,53700,53100,53400,17122,913190000,9364,7758
251270,2026-03-12,14:35:00,53200,53400,53100,53200,14073,749450000,6090,7983
251270,2026-03-12,14:40:00,53200,53400,53000,53200,14938,794400000,8202,6736
251270,2026-03-12,14:45:00,53300,53500,53100,53300,13477,718070000,8286,5191
251270,2026-03-12,14:50:00,53200,53400,53000,53100,13593,723170000,7984,5609
251270,2026-03-12,14:55:00,53100,53400,53000,53200,13468,715770000,8447,5021
251270,2026-03-12,15:00:00,53300,53400,53000,53300,16366,869710000,8710,7656
251270,2026-03-12,15:05:00,53100,53300,52800,53100,14954,792940000,6890,8064
251270,2026-03-12,15:10:00,53000,53200,52700,52800,17052,902330000,8569,8483
251270,2026-03-12,15:15:00,52800,53100,52600,53000,17083,903050000,10630,6453
251270,2026-03-12,15:20:00,53000,53100,52600,52800,11971,632460000,9541,2430
251270,2026-03-12,15:30:00,52900,52900,52900,52900,91241,4826650000,91241,0
251270,2026-03-13,09:05:00,52300,54200,52100,54200,10401,553840000,7985,2416
251270,2026-03-13,09:10:00,54100,54500,53900,54200,14547,788390000,10157,4390
251270,2026-03-13,09:15:00,54300,54600,54100,54350,8633,469890000,5378,3255
251270,2026-03-13,09:20:00,54350,54700,53600,53800,11025,597380000,5721,5304
251270,2026-03-13,09:25:00,53800,53900,53200,53800,8461,453880000,4559,3902
251270,2026-03-13,09:30:00,53800,54000,53400,53800,10215,549320000,7634,2581
251270,2026-03-13,09:35:00,53800,54300,53700,54300,6989,377160000,5697,1292
251270,2026-03-13,09:40:00,54200,54500,54100,54500,4723,256330000,2941,1782
251270,2026-03-13,09:45:00,54400,54900,54300,54600,14827,808880000,9685,5142
251270,2026-03-13,09:50:00,54600,55300,54400,55000,16695,916630000,13750,2945
251270,2026-03-13,09:55:00,54900,55100,54600,55000,5224,286760000,3374,1850
251270,2026-03-13,10:00:00,55000,55000,54500,54600,5286,289790000,3680,1606
251270,2026-03-13,10:05:00,54700,54900,54500,54800,3801,208040000,1496,2305
251270,2026-03-13,10:10:00,54700,54900,54600,54700,3325,182180000,1563,1762
251270,2026-03-13,10:15:00,54600,54700,54300,54400,3282,178700000,1687,1595
251270,2026-03-13,10:20:00,54400,54800,54400,54700,2944,160680000,1894,1050
251270,2026-03-13,10:25:00,54700,55100,54600,55000,6217,341340000,3980,2237
251270,2026-03-13,10:30:00,55000,55100,54700,54800,3782,207870000,1542,2240
251270,2026-03-13,10:35:00,54800,54900,54600,54600,3474,190250000,1715,1759
251270,2026-03-13,10:40:00,54600,55000,54600,54800,5864,321490000,3350,2514
251270,2026-03-13,10:45:00,54900,55000,54600,54800,3237,177350000,2055,1182
251270,2026-03-13,10:50:00,54800,54800,54400,54700,3894,212920000,2228,1666
251270,2026-03-13,10:55:00,54700,54700,54500,54600,2988,163080000,1793,1195
251270,2026-03-13,11:00:00,54600,54600,54300,54400,4210,229130000,2057,2153
251270,2026-03-13,11:05:00,54400,54400,54000,54000,5158,279190000,2287,2871
251270,2026-03-13,11:10:00,54000,54100,53700,54000,5085,274130000,2719,2366
251270,2026-03-13,11:15:00,54000,54000,53800,54000,2998,161740000,2075,923
251270,2026-03-13,11:20:00,54000,54700,53900,54700,10900,593470000,5013,5887
251270,2026-03-13,11:25:00,54600,55800,54600,55600,37279,2062530000,31651,5628
251270,2026-03-13,11:30:00,55600,55600,55200,55200,7209,399670000,4411,2798
251270,2026-03-13,11:35:00,55200,55400,55200,55300,4649,257110000,2772,1877
251270,2026-03-13,11:40:00,55300,55300,55100,55200,4923,271750000,3419,1504
251270,2026-03-13,11:45:00,55100,55300,55000,55200,4928,271800000,3492,1436
251270,2026-03-13,11:50:00,55200,55400,55000,55200,3116,172200000,2115,1001
251270,2026-03-13,11:55:00,55200,55300,55000,55200,2572,142020000,1865,707
251270,2026-03-13,12:00:00,55200,55300,55000,55300,3189,176010000,1962,1227
251270,2026-03-13,12:05:00,55300,55400,55100,55200,4971,274640000,2600,2371
251270,2026-03-13,12:10:00,55200,55200,54900,55000,2947,162310000,1743,1204
251270,2026-03-13,12:15:00,55000,55400,54800,55300,8131,448210000,6919,1212
251270,2026-03-13,12:20:00,55200,55300,55100,55300,2562,141510000,1796,766
251270,2026-03-13,12:25:00,55300,55300,55000,55100,6577,362560000,5547,1030
251270,2026-03-13,12:30:00,55200,55300,54900,55200,7768,428370000,5944,1824
251270,2026-03-13,12:35:00,55100,55200,54800,54800,3800,209000000,2676,1124
251270,2026-03-13,12:40:00,55000,55100,54800,54900,3012,165500000,2009,1003
251270,2026-03-13,12:45:00,54900,55100,54900,55100,3484,191640000,2334,1150
251270,2026-03-13,12:50:00,55100,55200,54900,55000,4715,259960000,3689,1026
251270,2026-03-13,12:55:00,55000,55300,54900,55200,5361,295610000,3568,1793
251270,2026-03-13,13:00:00,55100,55200,55000,55200,4052,223470000,2319,1733
251270,2026-03-13,13:05:00,55200,55200,54900,55000,5366,295710000,2836,2530
251270,2026-03-13,13:10:00,55000,55200,54900,55000,5369,295730000,3883,1486
251270,2026-03-13,13:15:00,55100,55200,54900,55100,4246,233850000,2959,1287
251270,2026-03-13,13:20:00,55100,55200,54800,54900,4149,228160000,2968,1181
251270,2026-03-13,13:25:00,54900,55000,54700,54800,4368,239510000,3078,1290
251270,2026-03-13,13:30:00,54900,55000,54700,54800,4445,243710000,3414,1031
251270,2026-03-13,13:35:00,54800,54800,54400,54600,14467,789140000,8657,5810
251270,2026-03-13,13:40:00,54600,54700,54400,54600,4168,227370000,3095,1073
251270,2026-03-13,13:45:00,54600,54700,54400,54700,5325,290540000,3102,2223
251270,2026-03-13,13:50:00,54700,54800,54500,54700,6356,347510000,5068,1288
251270,2026-03-13,13:55:00,54800,54900,54600,54700,5062,277430000,3647,1415
251270,2026-03-13,14:00:00,54600,54900,54600,54700,2767,151520000,2012,755
251270,2026-03-13,14:05:00,54800,55100,54700,55000,4783,262850000,3770,1013
251270,2026-03-13,14:10:00,55100,55100,54800,54900,4229,232300000,2363,1866
251270,2026-03-13,14:15:00,54900,55000,54700,54900,4301,235790000,2600,1701
251270,2026-03-13,14:20:00,54900,55000,54700,54900,4199,230460000,2426,1773
251270,2026-03-13,14:25:00,54900,55100,54800,54900,4579,251550000,3087,1492
251270,2026-03-13,14:30:00,54900,55000,54600,54800,5835,319560000,4515,1320
251270,2026-03-13,14:35:00,54800,54900,54700,54700,3721,203890000,1943,1778
251270,2026-03-13,14:40:00,54800,54800,54600,54700,4222,230800000,1928,2294
251270,2026-03-13,14:45:00,54700,54800,54500,54700,2831,154640000,1517,1314
251270,2026-03-13,14:50:00,54700,54700,54500,54600,3551,193820000,1876,1675
251270,2026-03-13,14:55:00,54600,54700,54400,54600,3003,163870000,2273,730
251270,2026-03-13,15:00:00,54600,54700,54400,54600,3932,214530000,2673,1259
251270,2026-03-13,15:05:00,54500,54600,54400,54500,3026,164870000,2265,761
251270,2026-03-13,15:10:00,54500,54600,54300,54600,3145,171340000,2244,901
251270,2026-03-13,15:15:00,54500,54800,54500,54700,3670,200420000,2917,753
251270,2026-03-13,15:20:00,54700,54700,54400,54700,5622,306730000,3407,2215
251270,2026-03-13,15:30:00,54800,54800,54800,54800,25410,1392470000,25410,0
251270,2026-03-16,09:05:00,55100,55300,54000,54500,13266,722800000,4468,8798
251270,2026-03-16,09:10:00,54500,54900,54300,54400,8660,472780000,6288,2372
251270,2026-03-16,09:15:00,54300,54300,54000,54100,8049,435640000,3653,4396
251270,2026-03-16,09:20:00,54000,54300,53800,54000,10408,562910000,6259,4149
251270,2026-03-16,09:25:00,54100,54400,54000,54400,4352,236090000,3244,1108
251270,2026-03-16,09:30:00,54300,54500,54300,54500,3073,167310000,2556,517
251270,2026-03-16,09:35:00,54400,55100,54400,55100,6613,362540000,5791,822
251270,2026-03-16,09:40:00,55000,55000,54500,54600,5505,301920000,1522,3983
251270,2026-03-16,09:45:00,54700,54700,54400,54400,4351,237200000,1674,2677
251270,2026-03-16,09:50:00,54500,54600,54100,54200,2787,151420000,621,2166
251270,2026-03-16,09:55:00,54200,54300,54000,54100,5412,292790000,1805,3607
251270,2026-03-16,10:00:00,54200,54300,54000,54100,2435,131810000,701,1734
251270,2026-03-16,10:05:00,54200,54300,54000,54000,4784,258960000,1872,2912
251270,2026-03-16,10:10:00,54000,54100,54000,54000,2180,117800000,626,1554
251270,2026-03-16,10:15:00,54000,54100,53900,53900,2235,120740000,566,1669
251270,2026-03-16,10:20:00,53900,54100,53800,53900,2162,116570000,466,1696
251270,2026-03-16,10:25:00,53800,53900,53500,53600,3660,196510000,658,3002
251270,2026-03-16,10:30:00,53600,53700,53500,53500,4426,237310000,1147,3279
251270,2026-03-16,10:35:00,53600,53700,53300,53400,5768,308560000,2327,3441
251270,2026-03-16,10:40:00,53400,53600,53300,53400,4258,227400000,1240,3018
251270,2026-03-16,10:45:00,53400,53400,53100,53100,5116,272630000,1681,3435
251270,2026-03-16,10:50:00,53200,53400,53100,53100,3865,205620000,1385,2480
251270,2026-03-16,10:55:00,53200,53400,53200,53400,3002,159940000,1402,1600
251270,2026-03-16,11:00:00,53300,53400,53200,53300,2225,118670000,1230,995
251270,2026-03-16,11:05:00,53300,53400,53300,53300,1871,99770000,466,1405
251270,2026-03-16,11:10:00,53300,53400,53200,53300,2127,113330000,761,1366
251270,2026-03-16,11:15:00,53300,53500,53200,53300,3734,198990000,1692,2042
251270,2026-03-16,11:20:00,53400,53400,53300,53300,1553,82810000,325,1228
251270,2026-03-16,11:25:00,53300,53400,53200,53300,3097,165000000,1732,1365
251270,2026-03-16,11:30:00,53400,53400,53100,53200,5602,298170000,897,4705
251270,2026-03-16,11:35:00,53100,53300,53100,53200,1529,81280000,460,1069
251270,2026-03-16,11:40:00,53200,53300,53100,53100,2548,135450000,612,1936
251270,2026-03-16,11:45:00,53300,53300,53100,53200,1458,77520000,556,902
251270,2026-03-16,11:50:00,53100,53200,53000,53100,1423,75550000,122,1301
251270,2026-03-16,11:55:00,53100,53200,53100,53200,2181,115890000,525,1656
251270,2026-03-16,12:00:00,53200,53300,53100,53100,1713,91060000,537,1176
251270,2026-03-16,12:05:00,53100,53200,53100,53100,2112,112210000,269,1843
251270,2026-03-16,12:10:00,53100,53500,53100,53400,2766,147430000,1578,1188
251270,2026-03-16,12:15:00,53500,53500,53300,53300,2533,135280000,1275,1258
251270,2026-03-16,12:20:00,53400,53400,53200,53200,1386,73870000,204,1182
251270,2026-03-16,12:25:00,53300,53300,53200,53300,1142,60800000,147,995
251270,2026-03-16,12:30:00,53200,53400,53200,53300,2288,121820000,618,1670
251270,2026-03-16,12:35:00,53200,53500,53200,53400,1711,91350000,774,937
251270,2026-03-16,12:40:00,53500,53700,53300,53500,2059,110090000,1033,1026
251270,2026-03-16,12:45:00,53600,53700,53500,53600,1804,96710000,1067,737
251270,2026-03-16,12:50:00,53600,53700,53600,53700,1717,92130000,946,771
251270,2026-03-16,12:55:00,53600,53700,53500,53600,1871,100300000,577,1294
251270,2026-03-16,13:00:00,53500,53700,53500,53700,1557,83470000,373,1184
251270,2026-03-16,13:05:00,53600,53900,53500,53600,2578,138360000,818,1760
251270,2026-03-16,13:10:00,53600,53600,53300,53400,1758,94030000,409,1349
251270,2026-03-16,13:15:00,53400,53500,53300,53400,2069,110410000,769,1300
251270,2026-03-16,13:20:00,53300,53600,53300,53500,2220,118620000,962,1258
251270,2026-03-16,13:25:00,53500,53600,53400,53400,2286,122200000,1004,1282
251270,2026-03-16,13:30:00,53500,53600,53400,53500,1786,95520000,613,1173
251270,2026-03-16,13:35:00,53500,53600,53400,53500,1799,96200000,391,1408
251270,2026-03-16,13:40:00,53600,53600,53400,53500,1875,100250000,344,1531
251270,2026-03-16,13:45:00,53500,53600,53300,53300,1975,105530000,633,1342
251270,2026-03-16,13:50:00,53300,53400,53200,53200,2156,114870000,422,1734
251270,2026-03-16,13:55:00,53200,53500,53200,53300,2533,135170000,1510,1023
251270,2026-03-16,14:00:00,53300,53400,53300,53400,1805,96250000,506,1299
251270,2026-03-16,14:05:00,53300,53500,53300,53300,2019,107710000,965,1054
251270,2026-03-16,14:10:00,53300,53400,53300,53300,1631,86950000,217,1414
251270,2026-03-16,14:15:00,53300,53400,53200,53200,2119,112850000,230,1889
251270,2026-03-16,14:20:00,53300,53300,53100,53100,1484,78910000,292,1192
251270,2026-03-16,14:25:00,53100,53300,53100,53200,2226,118320000,533,1693
251270,2026-03-16,14:30:00,53100,53300,53000,53200,2630,139780000,783,1847
251270,2026-03-16,14:35:00,53100,53200,53000,53100,2073,110020000,564,1509
251270,2026-03-16,14:40:00,53200,53200,53000,53000,2797,148550000,916,1881
251270,2026-03-16,14:45:00,53000,53200,53000,53100,2162,114720000,596,1566
251270,2026-03-16,14:50:00,53100,53200,53000,53000,2434,129160000,331,2103
251270,2026-03-16,14:55:00,53000,53300,53000,53200,2386,126830000,1387,999
251270,2026-03-16,15:00:00,53100,53200,53100,53100,3450,183220000,1319,2131
251270,2026-03-16,15:05:00,53100,53200,53000,53100,2308,122660000,1240,1068
251270,2026-03-16,15:10:00,53200,53200,53000,53200,3564,189370000,1532,2032
251270,2026-03-16,15:15:00,53200,53200,53000,53100,2468,131000000,694,1774
251270,2026-03-16,15:20:00,53100,53300,53000,53300,7175,381190000,3526,3649
251270,2026-03-16,15:30:00,53200,53200,53200,53200,16125,857850000,16125,0
251270,2026-03-17,09:05:00,53500,53700,52900,53200,7323,390330000,3134,4189
251270,2026-03-17,09:10:00,53200,53800,53200,53600,7288,390750000,4233,3055
251270,2026-03-17,09:15:00,53600,53700,53300,53600,6122,327580000,1849,4273
251270,2026-03-17,09:20:00,53600,53900,53600,53650,3679,197760000,1994,1685
251270,2026-03-17,09:25:00,53650,53650,53300,53500,6159,329420000,2766,3393
251270,2026-03-17,09:30:00,53600,53700,53400,53550,3340,178980000,1156,2184
251270,2026-03-17,09:35:00,53550,53700,53500,53700,2936,157350000,1349,1587
251270,2026-03-17,09:40:00,53700,53700,53300,53300,7672,410010000,1368,6304
251270,2026-03-17,09:45:00,53300,53500,53200,53250,5422,289250000,2704,2718
251270,2026-03-17,09:50:00,53250,53300,53200,53300,1983,105590000,789,1194
251270,2026-03-17,09:55:00,53300,53300,53100,53100,2465,131070000,94,2371
251270,2026-03-17,10:00:00,53200,53300,52900,53150,61568,3264370000,52195,9373
251270,2026-03-17,10:05:00,53150,53150,52800,52950,9395,497500000,4549,4846
251270,2026-03-17,10:10:00,52950,52950,52700,52800,4689,247440000,1054,3635
251270,2026-03-17,10:15:00,52800,52900,52700,52800,2252,118980000,1128,1124
251270,2026-03-17,10:20:00,52850,53400,52800,53400,9948,527800000,5880,4068
251270,2026-03-17,10:25:00,53300,53800,53300,53700,5935,317890000,4772,1163
251270,2026-03-17,10:30:00,53600,53700,53500,53500,3594,192690000,1670,1924
251270,2026-03-17,10:35:00,53600,53700,53400,53700,2798,149930000,1903,895
251270,2026-03-17,10:40:00,53750,53800,53600,53600,1072,57540000,194,878
251270,2026-03-17,10:45:00,53650,53700,53500,53500,2875,153870000,1518,1357
251270,2026-03-17,10:50:00,53450,53700,53400,53600,3795,203250000,2283,1512
251270,2026-03-17,10:55:00,53600,53700,53500,53600,3622,193970000,1981,1641
251270,2026-03-17,11:00:00,53600,53700,53500,53550,3469,185920000,1533,1936
251270,2026-03-17,11:05:00,53550,53600,53400,53500,1626,86970000,192,1434
251270,2026-03-17,11:10:00,53500,53600,53400,53400,2083,111390000,726,1357
251270,2026-03-17,11:15:00,53400,53650,53400,53400,2581,138140000,1584,997
251270,2026-03-17,11:20:00,53400,53700,53400,53600,1616,86610000,928,688
251270,2026-03-17,11:25:00,53550,53650,53400,53500,2182,116780000,1096,1086
251270,2026-03-17,11:30:00,53600,53700,53400,53600,3030,162370000,2109,921
251270,2026-03-17,11:35:00,53600,53700,53500,53600,2260,121120000,697,1563
251270,2026-03-17,11:40:00,53600,53700,53500,53600,1161,62240000,272,889
251270,2026-03-17,11:45:00,53650,53750,53600,53700,3384,181610000,2033,1351
251270,2026-03-17,11:50:00,53650,53800,53600,53800,1996,107260000,1090,906
251270,2026-03-17,11:55:00,53800,53800,53700,53700,2872,154420000,1726,1146
251270,2026-03-17,12:00:00,53700,53800,53500,53700,1862,99960000,135,1727
251270,2026-03-17,12:05:00,53700,53850,53700,53800,2959,159140000,1613,1346
251270,2026-03-17,12:10:00,53850,53900,53800,53900,1865,100470000,1193,672
251270,2026-03-17,12:15:00,53900,54000,53800,53900,1805,97230000,609,1196
251270,2026-03-17,12:20:00,53900,54200,53800,53900,3927,212060000,2287,1640
251270,2026-03-17,12:25:00,53900,54000,53900,54000,684,36880000,84,600
251270,2026-03-17,12:30:00,53900,54000,53700,54000,3850,207360000,2171,1679
251270,2026-03-17,12:35:00,54000,54000,53800,53900,999,53870000,515,484
251270,2026-03-17,12:40:00,53900,54200,53700,54100,4004,216140000,2913,1091
251270,2026-03-17,12:45:00,54100,54200,54000,54100,2346,126850000,1113,1233
251270,2026-03-17,12:50:00,54000,54100,53900,53900,1726,93170000,797,929
251270,2026-03-17,12:55:00,54000,54100,53900,54100,1516,81880000,779,737
251270,2026-03-17,13:00:00,54000,54000,53800,53800,1380,74340000,361,1019
251270,2026-03-17,13:05:00,53900,54500,53800,54300,7210,391350000,5368,1842
251270,2026-03-17,13:10:00,54300,54400,54200,54300,1851,100570000,1047,804
251270,2026-03-17,13:15:00,54300,54400,54000,54100,4798,260470000,2592,2206
251270,2026-03-17,13:20:00,54200,54500,54100,54300,6768,367950000,4362,2406
251270,2026-03-17,13:25:00,54300,54500,54200,54300,2978,161990000,1343,1635
251270,2026-03-17,13:30:00,54300,54500,54300,54400,1861,101230000,1027,834
251270,2026-03-17,13:35:00,54300,54500,54200,54400,3331,181160000,1890,1441
251270,2026-03-17,13:40:00,54400,54900,54400,54800,5946,324990000,4763,1183
251270,2026-03-17,13:45:00,54800,55000,54700,54900,5516,302840000,3429,2087
251270,2026-03-17,13:50:00,54800,55000,54700,54900,2555,140380000,1460,1095
251270,2026-03-17,13:55:00,54900,54900,54700,54800,3389,185880000,1357,2032
251270,2026-03-17,14:00:00,54800,54900,54700,54700,3195,175090000,1638,1557
251270,2026-03-17,14:05:00,54700,54900,54500,54500,5091,278750000,2371,2720
251270,2026-03-17,14:10:00,54500,54900,54500,54800,2539,139060000,1565,974
251270,2026-03-17,14:15:00,54800,54900,54600,54800,2951,161720000,1182,1769
251270,2026-03-17,14:20:00,54800,54900,54600,54700,2717,148760000,1416,1301
251270,2026-03-17,14:25:00,54700,54800,54500,54700,3189,174320000,1685,1504
251270,2026-03-17,14:30:00,54500,54900,54500,54700,3371,184270000,1642,1729
251270,2026-03-17,14:35:00,54800,54900,54600,54900,3043,166800000,1848,1195
251270,2026-03-17,14:40:00,54900,55000,54600,54700,4204,230500000,2183,2021
251270,2026-03-17,14:45:00,54700,54900,54600,54800,3493,191400000,1642,1851
251270,2026-03-17,14:50:00,54900,54900,54400,54600,6374,348390000,2531,3843
251270,2026-03-17,14:55:00,54700,54800,54400,54700,4818,263350000,2716,2102
251270,2026-03-17,15:00:00,54800,54900,54400,54500,4123,225560000,1955,2168
251270,2026-03-17,15:05:00,54600,54800,54500,54600,4147,226660000,1857,2290
251270,2026-03-17,15:10:00,54700,54700,54400,54400,5296,289020000,2095,3201
251270,2026-03-17,15:15:00,54500,54700,54400,54600,5349,292250000,2525,2824
251270,2026-03-17,15:20:00,54700,54700,54400,54500,4977,271780000,2345,2632
251270,2026-03-17,15:30:00,54800,54800,54800,54800,6543,358550000,6542,0
251270,2026-03-18,09:05:00,55100,55100,54300,54400,9509,520640000,2752,6757
251270,2026-03-18,09:10:00,54400,54700,54100,54500,7465,406370000,2541,4924
251270,2026-03-18,09:15:00,54500,54600,54300,54400,6589,358700000,2622,3967
251270,2026-03-18,09:20:00,54400,54500,53300,53600,35410,1910390000,12865,22545
251270,2026-03-18,09:25:00,53600,53900,53500,53800,13132,705270000,6617,6515
251270,2026-03-18,09:30:00,53900,53900,53500,53500,11641,624480000,3167,8474
251270,2026-03-18,09:35:00,53500,53800,53400,53400,8659,463590000,1282,7377
251270,2026-03-18,09:40:00,53400,53700,53400,53700,8162,437290000,6854,1308
251270,2026-03-18,09:45:00,53800,53800,53400,53600,6971,373560000,2464,4507
251270,2026-03-18,09:50:00,53600,53700,53500,53700,4310,231070000,3897,413
251270,2026-03-18,09:55:00,53650,54000,53600,53900,6668,358770000,5023,1645
251270,2026-03-18,10:00:00,53800,53800,53600,53700,3169,170250000,1434,1735
251270,2026-03-18,10:05:00,53700,53800,53700,53700,3625,194980000,3241,384
251270,2026-03-18,10:10:00,53700,53700,53500,53500,5418,290500000,879,4539
251270,2026-03-18,10:15:00,53500,53700,53500,53600,4626,247930000,2699,1927
251270,2026-03-18,10:20:00,53600,53800,53600,53750,3441,184790000,2702,739
251270,2026-03-18,10:25:00,53800,53900,53700,53800,1550,83450000,1064,486
251270,2026-03-18,10:30:00,53900,53900,53600,53700,3254,174840000,1335,1919
251270,2026-03-18,10:35:00,53700,53700,53500,53500,3096,165990000,878,2218
251270,2026-03-18,10:40:00,53500,53600,53500,53600,2798,149880000,1806,992
251270,2026-03-18,10:45:00,53600,53900,53500,53600,3605,193420000,2454,1151
251270,2026-03-18,10:50:00,53700,53700,53400,53400,4561,244310000,1031,3530
251270,2026-03-18,10:55:00,53400,53600,53400,53500,2321,124140000,1118,1203
251270,2026-03-18,11:00:00,53500,53600,53400,53500,3119,166800000,792,2327
251270,2026-03-18,11:05:00,53400,53500,53400,53400,4612,246660000,3429,1183
251270,2026-03-18,11:10:00,53500,53600,53400,53400,3410,182370000,1481,1929
251270,2026-03-18,11:15:00,53500,53500,53400,53400,1750,93560000,1146,604
251270,2026-03-18,11:20:00,53500,53500,53300,53500,7851,419370000,4556,3295
251270,2026-03-18,11:25:00,53500,53500,53400,53400,3068,164070000,2175,893
251270,2026-03-18,11:30:00,53400,53500,53300,53500,5009,267580000,2508,2501
251270,2026-03-18,11:35:00,53400,53500,53400,53500,1920,102670000,1390,530
251270,2026-03-18,11:40:00,53500,53600,53400,53500,3211,171760000,2025,1186
251270,2026-03-18,11:45:00,53500,53600,53400,53500,2044,109370000,1325,719
251270,2026-03-18,11:50:00,53600,53700,53500,53500,5042,270290000,2825,2217
251270,2026-03-18,11:55:00,53500,53700,53500,53600,2692,144340000,1893,799
251270,2026-03-18,12:00:00,53700,53700,53500,53500,2013,107890000,655,1358
251270,2026-03-18,12:05:00,53500,53600,53400,53400,1823,97540000,437,1386
251270,2026-03-18,12:10:00,53400,53500,53300,53300,2710,144680000,792,1918
251270,2026-03-18,12:15:00,53400,53400,53300,53300,6376,340250000,3616,2760
251270,2026-03-18,12:20:00,53300,53400,53300,53300,1898,101250000,912,986
251270,2026-03-18,12:25:00,53300,53400,53300,53300,2439,130110000,1073,1366
251270,2026-03-18,12:30:00,53300,53400,53300,53400,2635,140650000,2013,622
251270,2026-03-18,12:35:00,53300,53400,53300,53300,2499,133380000,1916,583
251270,2026-03-18,12:40:00,53300,53400,53200,53300,3542,188920000,857,2685
251270,2026-03-18,12:45:00,53400,53400,53300,53300,2081,111020000,1026,1055
251270,2026-03-18,12:50:00,53400,53500,53300,53500,3850,205640000,2644,1206
251270,2026-03-18,12:55:00,53400,53500,53300,53300,2268,121150000,897,1371
251270,2026-03-18,13:00:00,53300,53400,53200,53400,7612,405780000,3295,4317
251270,2026-03-18,13:05:00,53400,53500,53300,53400,2993,159830000,2025,968
251270,2026-03-18,13:10:00,53400,53400,53300,53300,1919,102390000,1001,918
251270,2026-03-18,13:15:00,53300,53500,53300,53400,1672,89370000,970,702
251270,2026-03-18,13:20:00,53500,53500,53400,53400,1804,96450000,1145,659
251270,2026-03-18,13:25:00,53400,53500,53400,53400,2002,107010000,981,1021
251270,2026-03-18,13:30:00,53400,53600,53400,53500,5669,303240000,2475,3194
251270,2026-03-18,13:35:00,53400,53500,53300,53500,3795,202830000,2727,1068
251270,2026-03-18,13:40:00,53500,53500,53400,53400,2699,144330000,1904,795
251270,2026-03-18,13:45:00,53400,53600,53400,53500,2305,123380000,1352,953
251270,2026-03-18,13:50:00,53500,53600,53500,53500,1516,81160000,556,960
251270,2026-03-18,13:55:00,53500,53600,53500,53500,2605,139510000,1431,1174
251270,2026-03-18,14:00:00,53500,53700,53500,53600,5388,289000000,4188,1200
251270,2026-03-18,14:05:00,53700,53800,53600,53600,4706,252630000,2655,2051
251270,2026-03-18,14:10:00,53700,53800,53700,53700,4496,241740000,3041,1455
251270,2026-03-18,14:15:00,53700,53800,53600,53600,4200,225660000,2023,2177
251270,2026-03-18,14:20:00,53600,53700,53500,53600,5227,280310000,2716,2511
251270,2026-03-18,14:25:00,53600,53700,53500,53600,3689,197740000,1837,1852
251270,2026-03-18,14:30:00,53600,53700,53500,53500,4856,260300000,2187,2669
251270,2026-03-18,14:35:00,53500,53700,53400,53500,4537,243050000,2172,2365
251270,2026-03-18,14:40:00,53600,53600,53400,53500,8183,437710000,3665,4518
251270,2026-03-18,14:45:00,53500,53600,53400,53600,6463,346090000,4001,2462
251270,2026-03-18,14:50:00,53600,53800,53500,53700,4891,262420000,3008,1883
251270,2026-03-18,14:55:00,53700,53800,53600,53700,4459,239520000,2223,2236
251270,2026-03-18,15:00:00,53700,53800,53600,53800,4298,230870000,2805,1493
251270,2026-03-18,15:05:00,53800,53800,53600,53700,5242,281460000,3327,1915
251270,2026-03-18,15:10:00,53600,53800,53500,53600,7622,408780000,3579,4043
251270,2026-03-18,15:15:00,53600,53800,53600,53700,5324,285940000,4446,878
251270,2026-03-18,15:20:00,53700,53800,53400,53700,6488,348010000,2908,3580
251270,2026-03-18,15:30:00,53700,53700,53700,53700,12324,661790000,12315,0
251270,2026-03-19,09:05:00,52500,52600,52100,52100,8422,441210000,4630,3792
251270,2026-03-19,09:10:00,52100,52200,51500,51700,13993,725780000,5221,8772
251270,2026-03-19,09:15:00,51700,51700,51200,51400,13823,712230000,3824,9999
251270,2026-03-19,09:20:00,51400,51700,51300,51600,4152,213830000,2323,1829
251270,2026-03-19,09:25:00,51500,51700,51400,51600,6611,340630000,2273,4338
251270,2026-03-19,09:30:00,51600,51800,51500,51800,10968,566340000,4853,6115
251270,2026-03-19,09:35:00,51800,51800,51700,51700,2699,139680000,909,1790
251270,2026-03-19,09:40:00,51700,51800,51500,51600,4193,216510000,1770,2423
251270,2026-03-19,09:45:00,51600,51700,51500,51600,4145,213960000,1428,2717
251270,2026-03-19,09:50:00,51600,51800,51600,51800,2777,143490000,2033,744
251270,2026-03-19,09:55:00,51800,51900,51700,51800,3682,190770000,2317,1365
251270,2026-03-19,10:00:00,51900,52000,51700,51700,5612,290700000,460,5152
251270,2026-03-19,10:05:00,51700,51800,51600,51600,1585,81890000,104,1481
251270,2026-03-19,10:10:00,51600,51800,51600,51700,5084,262870000,3318,1766
251270,2026-03-19,10:15:00,51700,51800,51700,51800,700,36210000,336,364
251270,2026-03-19,10:20:00,51800,51800,51700,51700,1039,53720000,114,925
251270,2026-03-19,10:25:00,51700,51800,51600,51700,3181,164430000,1384,1797
251270,2026-03-19,10:30:00,51700,51800,51600,51600,2233,115430000,363,1870
251270,2026-03-19,10:35:00,51600,51700,51500,51500,2688,138690000,650,2038
251270,2026-03-19,10:40:00,51500,51700,51500,51600,1360,70180000,917,443
251270,2026-03-19,10:45:00,51600,51600,51500,51500,792,40810000,250,542
251270,2026-03-19,10:50:00,51500,51700,51500,51500,3080,158840000,2071,1009
251270,2026-03-19,10:55:00,51500,51700,51500,51600,1707,88050000,1165,542
251270,2026-03-19,11:00:00,51700,51700,51500,51600,4540,234370000,1692,2848
251270,2026-03-19,11:05:00,51600,51700,51500,51500,2326,120040000,853,1473
251270,2026-03-19,11:10:00,51600,51600,51400,51500,5829,300280000,2184,3645
251270,2026-03-19,11:15:00,51500,51700,51500,51500,2272,117170000,878,1394
251270,2026-03-19,11:20:00,51600,51750,51500,51650,2544,131470000,1555,989
251270,2026-03-19,11:25:00,51700,51800,51600,51700,4575,236530000,1164,3411
251270,2026-03-19,11:30:00,51700,51800,51600,51700,1555,80430000,585,970
251270,2026-03-19,11:35:00,51700,51800,51600,51600,1385,71540000,506,879
251270,2026-03-19,11:40:00,51700,51700,51500,51500,2805,144680000,350,2455
251270,2026-03-19,11:45:00,51500,51600,51500,51500,2049,105630000,1002,1047
251270,2026-03-19,11:50:00,51500,51600,51400,51600,3415,175960000,1207,2208
251270,2026-03-19,11:55:00,51500,51600,51300,51400,6021,309480000,747,5274
251270,2026-03-19,12:00:00,51400,51500,51400,51400,1167,60020000,340,827
251270,2026-03-19,12:05:00,51400,51500,51400,51400,1499,77070000,193,1306
251270,2026-03-19,12:10:00,51400,51500,51300,51300,3580,183960000,1400,2180
251270,2026-03-19,12:15:00,51300,51500,51300,51400,1343,69020000,357,986
251270,2026-03-19,12:20:00,51400,51500,51400,51400,1971,101330000,217,1754
251270,2026-03-19,12:25:00,51500,51500,51300,51500,1963,100870000,640,1323
251270,2026-03-19,12:30:00,51500,51500,51300,51400,4703,241430000,1286,3417
251270,2026-03-19,12:35:00,51400,51500,51300,51300,2236,114870000,857,1379
251270,2026-03-19,12:40:00,51300,51500,51300,51400,1680,86320000,1077,603
251270,2026-03-19,12:45:00,51400,51500,51300,51300,3109,159830000,2124,985
251270,2026-03-19,12:50:00,51300,51500,51300,51400,2874,147740000,1294,1580
251270,2026-03-19,12:55:00,51400,51500,51300,51400,3242,166750000,2232,1010
251270,2026-03-19,13:00:00,51400,51500,51400,51400,993,51040000,16,977
251270,2026-03-19,13:05:00,51400,51500,51300,51400,3327,170940000,1526,1801
251270,2026-03-19,13:10:00,51400,51500,51300,51300,1185,60900000,14,1171
251270,2026-03-19,13:15:00,51300,51400,51300,51300,2008,103070000,590,1418
251270,2026-03-19,13:20:00,51300,51400,51100,51200,12074,618850000,1948,10126
251270,2026-03-19,13:25:00,51100,51300,51100,51100,3024,154630000,894,2130
251270,2026-03-19,13:30:00,51100,51200,51000,51100,6781,346640000,1775,5006
251270,2026-03-19,13:35:00,51100,51100,50800,51000,6963,354880000,974,5989
251270,2026-03-19,13:40:00,51000,51000,50900,50900,4644,236530000,1602,3042
251270,2026-03-19,13:45:00,50900,51000,50800,51000,3848,195810000,1428,2420
251270,2026-03-19,13:50:00,50900,51000,50800,50900,3297,167720000,1199,2098
251270,2026-03-19,13:55:00,50800,50900,50800,50800,3461,175960000,963,2498
251270,2026-03-19,14:00:00,50800,50900,50700,50800,2198,111680000,906,1292
251270,2026-03-19,14:05:00,50900,50900,50700,50800,3579,181730000,737,2842
251270,2026-03-19,14:10:00,50800,50900,50600,50800,4223,214280000,1748,2475
251270,2026-03-19,14:15:00,50800,51000,50700,50900,2679,136190000,1075,1604
251270,2026-03-19,14:20:00,50900,51000,50800,50900,2408,122550000,786,1622
251270,2026-03-19,14:25:00,50900,51000,50900,50900,3084,157120000,1495,1589
251270,2026-03-19,14:30:00,50900,51100,50900,50900,2866,146060000,1122,1744
251270,2026-03-19,14:35:00,51000,51000,50500,50800,13555,686890000,2017,11538
251270,2026-03-19,14:40:00,50700,50800,50600,50600,2727,138140000,509,2218
251270,2026-03-19,14:45:00,50600,50800,50600,50600,4933,250000000,2976,1957
251270,2026-03-19,14:50:00,50600,50700,50500,50700,4979,251980000,1562,3417
251270,2026-03-19,14:55:00,50700,50700,50500,50600,4311,218220000,1628,2683
251270,2026-03-19,15:00:00,50600,50800,50600,50700,5552,281180000,2395,3157
251270,2026-03-19,15:05:00,50800,50800,50600,50800,3903,197870000,1509,2394
251270,2026-03-19,15:10:00,50700,50800,50700,50700,2210,112070000,162,2048
251270,2026-03-19,15:15:00,50700,50900,50700,50800,8636,438350000,3078,5558
251270,2026-03-19,15:20:00,50700,50900,50700,50900,4150,210650000,1939,2211
251270,2026-03-19,15:30:00,51000,51000,51000,51000,6758,344660000,6758,0
251270,2026-03-20,09:05:00,51400,51500,51100,51500,2180,111860000,1195,985
251270,2026-03-20,09:10:00,51400,52000,51100,51800,1842,94890000,1202,640
251270,2026-03-20,09:15:00,52000,52300,51700,51800,3674,191250000,2193,1481
251270,2026-03-20,09:20:00,51800,51900,51600,51600,1098,56800000,333,765
251270,2026-03-20,09:25:00,51600,51800,51600,51800,1456,75260000,537,919
251270,2026-03-20,09:30:00,51800,51900,51400,51600,3518,181750000,1190,2328
251270,2026-03-20,09:35:00,51700,51800,51500,51600,1833,94590000,850,983
251270,2026-03-20,09:40:00,51600,51900,51500,51800,3328,171950000,1182,2146
251270,2026-03-20,09:45:00,51800,52000,51800,52000,4208,218420000,3404,804
251270,2026-03-20,09:50:00,52100,52500,51900,52400,7648,399430000,6166,1482
251270,2026-03-20,09:55:00,52300,52400,52200,52200,4734,247380000,1674,3060
251270,2026-03-20,10:00:00,52250,52400,52100,52200,3788,198000000,1662,2126
251270,2026-03-20,10:05:00,52200,52500,52200,52400,3623,189730000,1218,2405
251270,2026-03-20,10:10:00,52300,52400,52200,52400,2172,113700000,1361,811
251270,2026-03-20,10:15:00,52350,52700,52350,52600,4554,239420000,3707,847
251270,2026-03-20,10:20:00,52600,52600,52400,52400,1973,103490000,185,1788
251270,2026-03-20,10:25:00,52400,52400,52100,52200,607,31720000,99,508
251270,2026-03-20,10:30:00,52100,52300,52100,52200,653,34090000,446,207
251270,2026-03-20,10:35:00,52250,52400,52200,52300,1030,53880000,829,201
251270,2026-03-20,10:40:00,52200,52400,52100,52100,2118,110600000,699,1419
251270,2026-03-20,10:45:00,52100,52200,52000,52100,2036,106080000,976,1060
251270,2026-03-20,10:50:00,52100,52200,51600,52100,2427,126200000,837,1590
251270,2026-03-20,10:55:00,52100,52100,51800,52000,2226,115740000,558,1668
251270,2026-03-20,11:00:00,51900,52100,51700,51900,4560,236530000,2055,2505
251270,2026-03-20,11:05:00,51900,52200,51800,51900,1445,75090000,606,839
251270,2026-03-20,11:10:00,52000,52100,51900,52100,932,48480000,431,501
251270,2026-03-20,11:15:00,52100,52200,52000,52000,724,37730000,256,468
251270,2026-03-20,11:20:00,52000,52100,52000,52100,364,18950000,191,173
251270,2026-03-20,11:25:00,52100,52100,52000,52000,738,38390000,174,564
251270,2026-03-20,11:30:00,52000,52100,52000,52000,625,32520000,185,440
251270,2026-03-20,11:35:00,52000,52100,51900,51900,1469,76310000,220,1249
251270,2026-03-20,11:40:00,51900,52000,51900,52000,173,8990000,98,75
251270,2026-03-20,11:45:00,51900,52100,51900,51900,558,28990000,261,297
251270,2026-03-20,11:50:00,51900,52000,51900,51900,338,17550000,82,256
251270,2026-03-20,11:55:00,51900,52100,51900,51900,1040,54060000,482,558
251270,2026-03-20,12:00:00,51900,52000,51900,51900,366,19010000,114,252
251270,2026-03-20,12:05:00,51900,52200,51800,52000,10334,536630000,8812,1522
251270,2026-03-20,12:10:00,52000,52100,51750,51900,2655,137880000,822,1833
251270,2026-03-20,12:15:00,51800,52000,51800,51900,1250,64860000,656,594
251270,2026-03-20,12:20:00,51900,52000,51900,51900,409,21250000,230,179
251270,2026-03-20,12:25:00,52000,52000,51900,51900,282,14650000,138,144
251270,2026-03-20,12:30:00,51900,52000,51900,51900,337,17510000,156,181
251270,2026-03-20,12:35:00,52000,52000,51900,51900,383,19890000,148,235
251270,2026-03-20,12:40:00,51900,52000,51900,52000,806,41900000,661,145
251270,2026-03-20,12:45:00,52000,52000,51900,52000,1999,103880000,1287,712
251270,2026-03-20,12:50:00,51900,52100,51900,52000,375,19490000,271,104
251270,2026-03-20,12:55:00,52000,52100,51900,52000,634,32970000,252,382
251270,2026-03-20,13:00:00,52100,52300,52000,52100,951,49620000,622,329
251270,2026-03-20,13:05:00,52200,52200,52100,52200,1251,65270000,902,349
251270,2026-03-20,13:10:00,52100,52200,52000,52000,901,46950000,82,819
251270,2026-03-20,13:15:00,52000,52100,52000,52000,456,23730000,152,304
251270,2026-03-20,13:20:00,52000,52100,51900,51900,808,41990000,35,773
251270,2026-03-20,13:25:00,51900,52100,51700,52000,2504,129960000,1267,1237
251270,2026-03-20,13:30:00,52000,52000,51800,52000,1430,74250000,289,1141
251270,2026-03-20,13:35:00,51900,52000,51800,51800,1093,56710000,75,1018
251270,2026-03-20,13:40:00,51900,51900,51700,51800,2080,107710000,726,1354
251270,2026-03-20,13:45:00,51700,52000,51700,51900,1812,94020000,1025,787
251270,2026-03-20,13:50:00,51900,52000,51800,51900,523,27140000,261,262
251270,2026-03-20,13:55:00,51900,52000,51800,52000,771,40030000,337,434
251270,2026-03-20,14:00:00,51900,52000,51800,51900,1165,60460000,620,545
251270,2026-03-20,14:05:00,51900,51900,51800,51800,1599,82970000,997,602
251270,2026-03-20,14:10:00,51900,52000,51800,52000,657,34100000,373,284
251270,2026-03-20,14:15:00,52000,52000,51900,51900,310,16090000,52,258
251270,2026-03-20,14:20:00,51900,52000,51900,51900,1760,91480000,1295,465
251270,2026-03-20,14:25:00,51900,52100,51900,52000,3082,160270000,2739,343
251270,2026-03-20,14:30:00,52000,52200,52000,52100,4602,239800000,2370,2232
251270,2026-03-20,14:35:00,52100,52200,52000,52000,3852,200670000,284,3568
251270,2026-03-20,14:40:00,52000,52200,52000,52100,2195,114360000,1889,306
251270,2026-03-20,14:45:00,52200,52300,52100,52300,2295,119790000,1667,628
251270,2026-03-20,14:50:00,52200,52300,52200,52300,2243,117160000,831,1412
251270,2026-03-20,14:55:00,52200,52300,52200,52200,1437,75120000,1078,359
251270,2026-03-20,15:00:00,52200,52300,52100,52100,6086,317690000,702,5384
251270,2026-03-20,15:05:00,52100,52250,52100,52200,3108,162160000,1724,1384
251270,2026-03-20,15:10:00,52100,52200,52100,52200,1829,95360000,709,1120
251270,2026-03-20,15:15:00,52150,52200,52000,52100,6784,353430000,2862,3922
251270,2026-03-20,15:20:00,52100,52100,51900,52000,6888,358230000,1651,5237
251270,2026-03-20,15:30:00,52300,52300,52300,52300,28077,1468420000,28077,0
251270,2026-03-23,09:05:00,51100,51100,50800,51000,9608,490070000,7013,2595
251270,2026-03-23,09:10:00,51000,51000,50500,50800,7618,386330000,2208,5410
251270,2026-03-23,09:15:00,50800,50900,50500,50700,3818,193460000,1812,2006
251270,2026-03-23,09:20:00,50800,51000,50500,50900,5079,257850000,3004,2075
251270,2026-03-23,09:25:00,50900,51400,50900,51100,4357,222820000,2342,2015
251270,2026-03-23,09:30:00,51000,51200,50900,51000,1865,95170000,1307,558
251270,2026-03-23,09:35:00,51000,51100,50600,50600,5235,265850000,2582,2653
251270,2026-03-23,09:40:00,50700,50700,50500,50700,1490,75440000,487,1003
251270,2026-03-23,09:45:00,50600,50700,50500,50600,1867,94510000,561,1306
251270,2026-03-23,09:50:00,50600,50700,50500,50500,1804,91270000,200,1604
251270,2026-03-23,09:55:00,50600,50700,50400,50500,4562,230490000,1273,3289
251270,2026-03-23,10:00:00,50600,50600,50400,50400,1760,88810000,895,865
251270,2026-03-23,10:05:00,50400,50400,50200,50200,4885,245810000,1249,3636
251270,2026-03-23,10:10:00,50300,50500,50200,50400,1663,83740000,997,666
251270,2026-03-23,10:15:00,50400,50500,50300,50400,1399,70480000,833,566
251270,2026-03-23,10:20:00,50400,50500,50300,50400,3167,159400000,1131,2036
251270,2026-03-23,10:25:00,50500,50600,50300,50300,1838,92670000,1132,706
251270,2026-03-23,10:30:00,50300,50500,50300,50400,1195,60210000,834,361
251270,2026-03-23,10:35:00,50400,50500,50400,50400,973,49060000,279,694
251270,2026-03-23,10:40:00,50500,50600,50400,50600,2123,107220000,2043,80
251270,2026-03-23,10:45:00,50500,50700,50500,50700,2167,109740000,1547,620
251270,2026-03-23,10:50:00,50700,50700,50400,50400,3826,193470000,494,3332
251270,2026-03-23,10:55:00,50400,50500,50300,50300,2264,114110000,370,1894
251270,2026-03-23,11:00:00,50400,50400,50300,50300,1386,69800000,865,521
251270,2026-03-23,11:05:00,50400,50500,50300,50400,1400,70560000,827,573
251270,2026-03-23,11:10:00,50400,50500,50300,50300,1305,65770000,484,821
251270,2026-03-23,11:15:00,50400,50500,50300,50400,4272,215060000,1346,2926
251270,2026-03-23,11:20:00,50300,50400,50300,50400,977,49200000,592,385
251270,2026-03-23,11:25:00,50400,50500,50300,50400,972,48970000,774,198
251270,2026-03-23,11:30:00,50400,50500,50300,50400,1773,89250000,533,1240
251270,2026-03-23,11:35:00,50400,50400,50300,50400,691,34770000,139,552
251270,2026-03-23,11:40:00,50400,50400,50200,50300,2233,112300000,125,2108
251270,2026-03-23,11:45:00,50300,50300,50200,50200,1253,62910000,119,1134
251270,2026-03-23,11:50:00,50300,50300,50200,50200,825,41430000,98,727
251270,2026-03-23,11:55:00,50300,50300,50100,50100,2651,133060000,277,2374
251270,2026-03-23,12:00:00,50100,50300,50100,50300,2699,135410000,1585,1114
251270,2026-03-23,12:05:00,50300,50300,50200,50200,475,23850000,77,398
251270,2026-03-23,12:10:00,50200,50300,50100,50200,1654,83020000,1123,531
251270,2026-03-23,12:15:00,50100,50200,50100,50100,758,37990000,75,683
251270,2026-03-23,12:20:00,50100,50200,50000,50000,4821,241310000,525,4296
251270,2026-03-23,12:25:00,50100,50100,50000,50100,2426,121510000,2083,343
251270,2026-03-23,12:30:00,50050,50100,50000,50100,458,22940000,420,38
251270,2026-03-23,12:35:00,50000,50200,50000,50100,1137,56960000,746,391
251270,2026-03-23,12:40:00,50200,50300,50100,50200,1676,84080000,1109,567
251270,2026-03-23,12:45:00,50200,50200,50100,50100,906,45410000,209,697
251270,2026-03-23,12:50:00,50100,50200,50100,50200,1202,60280000,604,598
251270,2026-03-23,12:55:00,50100,50200,50000,50100,917,45940000,160,757
251270,2026-03-23,13:00:00,50100,50100,50000,50050,943,47170000,217,726
251270,2026-03-23,13:05:00,50050,50100,50000,50000,1616,80840000,635,981
251270,2026-03-23,13:10:00,50100,50100,50000,50000,1537,76980000,1254,283
251270,2026-03-23,13:15:00,50000,50200,50000,50100,2349,117670000,2155,194
251270,2026-03-23,13:20:00,50100,50300,50100,50300,1557,78130000,1115,442
251270,2026-03-23,13:25:00,50100,50300,50100,50200,699,35110000,555,144
251270,2026-03-23,13:30:00,50200,50300,50100,50200,1637,82200000,689,948
251270,2026-03-23,13:35:00,50100,50200,50100,50100,2807,140810000,1793,1014
251270,2026-03-23,13:40:00,50100,50200,50100,50200,927,46480000,311,616
251270,2026-03-23,13:45:00,50200,50200,50000,50100,3197,160080000,616,2581
251270,2026-03-23,13:50:00,50100,50100,50000,50100,3607,180640000,2877,730
251270,2026-03-23,13:55:00,50000,50200,50000,50200,5519,276500000,4795,724
251270,2026-03-23,14:00:00,50100,50200,50000,50200,2224,111490000,1213,1011
251270,2026-03-23,14:05:00,50200,50300,50000,50100,2139,107320000,1259,880
251270,2026-03-23,14:10:00,50000,50200,50000,50100,2708,135650000,1739,969
251270,2026-03-23,14:15:00,50000,50200,50000,50100,2034,101860000,1413,621
251270,2026-03-23,14:20:00,50000,50200,50000,50100,2272,113780000,1616,656
251270,2026-03-23,14:25:00,50100,50200,50000,50100,2394,119880000,1550,844
251270,2026-03-23,14:30:00,50100,50100,50000,50000,2540,127090000,890,1650
251270,2026-03-23,14:35:00,50100,50100,50000,50000,2819,141040000,884,1935
251270,2026-03-23,14:40:00,50100,50100,50000,50100,2829,141600000,1454,1375
251270,2026-03-23,14:45:00,50100,50100,50000,50000,2085,104330000,823,1262
251270,2026-03-23,14:50:00,50100,50100,49850,49900,7761,387640000,2815,4946
251270,2026-03-23,14:55:00,49900,49900,49650,49700,5974,297410000,1719,4255
251270,2026-03-23,15:00:00,49750,49800,49700,49750,1718,85500000,1173,545
251270,2026-03-23,15:05:00,49800,49800,49700,49750,2378,118320000,917,1461
251270,2026-03-23,15:10:00,49750,49800,49700,49750,3013,149920000,777,2236
251270,2026-03-23,15:15:00,49750,49750,49550,49600,6865,340900000,3193,3672
251270,2026-03-23,15:20:00,49600,49750,49500,49550,6939,344140000,2998,3941
251270,2026-03-23,15:30:00,49700,49700,49700,49700,5680,282290000,5674,0
251270,2026-03-24,09:05:00,51000,51300,50400,50600,6572,334650000,4099,2473
251270,2026-03-24,09:10:00,50700,50900,50400,50800,3110,157580000,1323,1787
251270,2026-03-24,09:15:00,50800,51000,50600,50700,2719,138000000,520,2199
251270,2026-03-24,09:20:00,50700,50800,50400,50400,1958,99120000,251,1707
251270,2026-03-24,09:25:00,50400,50700,50300,50300,2949,148840000,1253,1696
251270,2026-03-24,09:30:00,50300,50700,50300,50700,1731,87460000,700,1031
251270,2026-03-24,09:35:00,50700,50700,50400,50600,1540,77820000,390,1150
251270,2026-03-24,09:40:00,50500,50700,50300,50500,2718,137080000,699,2019
251270,2026-03-24,09:45:00,50600,50600,50300,50300,2432,122670000,289,2143
251270,2026-03-24,09:50:00,50300,50600,50300,50400,1673,84470000,768,905
251270,2026-03-24,09:55:00,50400,50600,50400,50400,1377,69460000,417,960
251270,2026-03-24,10:00:00,50400,50500,50300,50400,2483,125010000,656,1827
251270,2026-03-24,10:05:00,50300,50500,50200,50300,931,46850000,125,806
251270,2026-03-24,10:10:00,50300,50400,50100,50300,1165,58560000,590,575
251270,2026-03-24,10:15:00,50300,50300,50100,50100,1019,51150000,40,979
251270,2026-03-24,10:20:00,50100,50300,50000,50100,1115,55870000,517,598
251270,2026-03-24,10:25:00,50100,50300,50000,50100,1675,84060000,732,943
251270,2026-03-24,10:30:00,50100,50300,50100,50100,1543,77480000,998,545
251270,2026-03-24,10:35:00,50100,50400,50000,50400,1241,62330000,580,661
251270,2026-03-24,10:40:00,50300,50500,50300,50400,2640,133070000,939,1701
251270,2026-03-24,10:45:00,50400,50700,50400,50600,2423,122550000,916,1507
251270,2026-03-24,10:50:00,50600,50600,50300,50300,2498,125900000,104,2394
251270,2026-03-24,10:55:00,50300,50400,50200,50300,1925,96870000,874,1051
251270,2026-03-24,11:00:00,50300,50400,50100,50200,1595,80060000,403,1192
251270,2026-03-24,11:05:00,50100,50300,50100,50300,1286,64560000,595,691
251270,2026-03-24,11:10:00,50300,50300,50100,50200,1313,65970000,197,1116
251270,2026-03-24,11:15:00,50200,50300,49950,49950,1871,93560000,305,1566
251270,2026-03-24,11:20:00,49950,50100,49950,50100,761,38070000,430,331
251270,2026-03-24,11:25:00,50100,50200,50000,50200,1010,50620000,442,568
251270,2026-03-24,11:30:00,50300,50400,50200,50200,602,30270000,412,190
251270,2026-03-24,11:35:00,50400,50400,50200,50300,617,31030000,189,428
251270,2026-03-24,11:40:00,50300,50400,50200,50300,615,30920000,332,283
251270,2026-03-24,11:45:00,50300,50300,50100,50200,698,35080000,41,657
251270,2026-03-24,11:50:00,50200,50500,50200,50500,1343,67640000,1123,220
251270,2026-03-24,11:55:00,50500,50600,50300,50600,1187,59980000,1008,179
251270,2026-03-24,12:00:00,50600,50800,50600,50700,1034,52410000,849,185
251270,2026-03-24,12:05:00,50600,50900,50500,50800,1924,97580000,724,1200
251270,2026-03-24,12:10:00,50800,50900,50800,50800,863,43860000,135,728
251270,2026-03-24,12:15:00,50800,50900,50800,50900,2560,130260000,2111,449
251270,2026-03-24,12:20:00,50800,51000,50800,50800,1699,86480000,1303,396
251270,2026-03-24,12:25:00,50900,51000,50800,50800,1614,82140000,1135,479
251270,2026-03-24,12:30:00,50900,51000,50800,51000,1557,79260000,1212,345
251270,2026-03-24,12:35:00,51000,51000,50800,51000,903,45970000,607,296
251270,2026-03-24,12:40:00,51000,51000,50800,50800,875,44490000,210,665
251270,2026-03-24,12:45:00,50800,51100,50800,51000,2206,112490000,1763,443
251270,2026-03-24,12:50:00,51000,51100,50800,50900,1961,99830000,191,1770
251270,2026-03-24,12:55:00,50900,50900,50700,50700,653,33140000,190,463
251270,2026-03-24,13:00:00,50700,50800,50700,50700,692,35100000,146,546
251270,2026-03-24,13:05:00,50700,51000,50700,50900,2889,147060000,2619,270
251270,2026-03-24,13:10:00,50900,51000,50800,50800,2686,136590000,276,2410
251270,2026-03-24,13:15:00,50800,50800,50700,50700,806,40900000,91,715
251270,2026-03-24,13:20:00,50700,50800,50600,50800,1265,64140000,835,430
251270,2026-03-24,13:25:00,50800,51000,50700,51000,1332,67710000,1126,206
251270,2026-03-24,13:30:00,50900,51000,50800,51000,917,46680000,256,661
251270,2026-03-24,13:35:00,51000,51000,50800,50900,999,50880000,348,651
251270,2026-03-24,13:40:00,50900,51000,50800,50900,1092,55580000,678,414
251270,2026-03-24,13:45:00,50900,50900,50800,50900,605,30770000,366,239
251270,2026-03-24,13:50:00,50900,50900,50800,50900,435,22130000,257,178
251270,2026-03-24,13:55:00,50800,51000,50800,50900,1929,98140000,1406,523
251270,2026-03-24,14:00:00,51000,51000,50900,50900,905,46130000,718,187
251270,2026-03-24,14:05:00,50900,50900,50700,50700,1678,85340000,70,1608
251270,2026-03-24,14:10:00,50700,50800,50400,50400,1331,67400000,189,1142
251270,2026-03-24,14:15:00,50500,50800,50500,50800,2670,135180000,2377,293
251270,2026-03-24,14:20:00,50600,51100,50600,51000,2870,146170000,2401,469
251270,2026-03-24,14:25:00,51000,51200,50900,50900,4449,227090000,1398,3051
251270,2026-03-24,14:30:00,50900,51000,50900,51000,1089,55470000,447,642
251270,2026-03-24,14:35:00,50700,50900,50700,50900,1309,66600000,872,437
251270,2026-03-24,14:40:00,51000,51100,50900,51100,1969,100420000,1542,427
251270,2026-03-24,14:45:00,51100,51200,51000,51100,3142,160530000,1315,1827
251270,2026-03-24,14:50:00,51150,51200,51000,51100,1227,62690000,431,796
251270,2026-03-24,14:55:00,51100,51100,51000,51000,597,30480000,316,281
251270,2026-03-24,15:00:00,51100,51200,51000,51000,5497,280950000,3495,2002
251270,2026-03-24,15:05:00,51000,51300,51000,51300,2280,116710000,1761,519
251270,2026-03-24,15:10:00,51300,51300,51100,51200,7130,365040000,3348,3782
251270,2026-03-24,15:15:00,51100,51200,51100,51200,1150,58820000,621,529
251270,2026-03-24,15:20:00,51100,51300,50800,51200,5590,286170000,3473,2117
251270,2026-03-24,15:30:00,51300,51300,51300,51300,8421,431990000,8421,0
251270,2026-03-25,09:05:00,51900,52000,51600,51900,7949,412040000,4397,3552
251270,2026-03-25,09:10:00,51800,52200,51700,52100,5470,284230000,2700,2770
251270,2026-03-25,09:15:00,52100,52200,51800,51800,3166,164400000,888,2278
251270,2026-03-25,09:20:00,52000,52000,51600,51700,3033,157130000,623,2410
251270,2026-03-25,09:25:00,51700,51800,51500,51500,3076,158910000,704,2372
251270,2026-03-25,09:30:00,51600,51900,51400,51700,2319,119650000,1064,1255
251270,2026-03-25,09:35:00,51800,52200,51600,52100,4886,253900000,3149,1737
251270,2026-03-25,09:40:00,52100,52300,52050,52200,3504,182720000,1683,1821
251270,2026-03-25,09:45:00,52200,52300,52100,52100,2768,144550000,956,1812
251270,2026-03-25,09:50:00,52200,52300,52100,52300,1489,77740000,571,918
251270,2026-03-25,09:55:00,52200,52200,51900,51900,1685,87760000,197,1488
251270,2026-03-25,10:00:00,51900,52000,51800,51900,2727,141620000,1256,1471
251270,2026-03-25,10:05:00,51900,52100,51800,52000,1023,53130000,700,323
251270,2026-03-25,10:10:00,51900,52000,51800,51900,3567,185000000,563,3004
251270,2026-03-25,10:15:00,51900,52000,51800,51900,1650,85600000,529,1121
251270,2026-03-25,10:20:00,51900,52000,51800,51800,867,44990000,294,573
251270,2026-03-25,10:25:00,51800,52000,51800,51900,1575,81680000,798,777
251270,2026-03-25,10:30:00,51800,52000,51700,52000,2136,110630000,252,1884
251270,2026-03-25,10:35:00,51800,51900,51700,51900,1896,98200000,427,1469
251270,2026-03-25,10:40:00,51900,52000,51800,51900,3167,164300000,1374,1793
251270,2026-03-25,10:45:00,51800,52000,51700,51700,1431,74150000,357,1074
251270,2026-03-25,10:50:00,51800,51900,51700,51800,1445,74840000,382,1063
251270,2026-03-25,10:55:00,51700,51900,51600,51900,1145,59250000,523,622
251270,2026-03-25,11:00:00,51700,51900,51700,51700,1091,56470000,299,792
251270,2026-03-25,11:05:00,51600,51800,51600,51600,1370,70820000,509,861
251270,2026-03-25,11:10:00,51700,51800,51500,51700,2366,122190000,1653,713
251270,2026-03-25,11:15:00,51800,51800,51400,51600,4319,223070000,594,3725
251270,2026-03-25,11:20:00,51700,51700,51500,51500,1252,64560000,602,650
251270,2026-03-25,11:25:00,51500,51700,51400,51600,1891,97480000,677,1214
251270,2026-03-25,11:30:00,51600,51900,51600,51700,1430,73960000,614,816
251270,2026-03-25,11:35:00,51700,51800,51600,51700,915,47310000,502,413
251270,2026-03-25,11:40:00,51700,51800,51600,51700,795,41090000,302,493
251270,2026-03-25,11:45:00,51600,51800,51600,51600,958,49510000,483,475
251270,2026-03-25,11:50:00,51600,51800,51600,51600,1066,55070000,532,534
251270,2026-03-25,11:55:00,51600,51800,51400,51600,1912,98650000,1038,874
251270,2026-03-25,12:00:00,51600,51600,51400,51500,2794,143950000,1158,1636
251270,2026-03-25,12:05:00,51500,51600,51300,51400,1240,63790000,314,926
251270,2026-03-25,12:10:00,51400,51600,51400,51500,1435,73880000,754,681
251270,2026-03-25,12:15:00,51600,51600,51500,51600,2504,129080000,1282,1222
251270,2026-03-25,12:20:00,51500,51600,51400,51500,1353,69750000,743,610
251270,2026-03-25,12:25:00,51600,51600,51500,51600,538,27730000,177,361
251270,2026-03-25,12:30:00,51600,51800,51500,51500,4355,224720000,2881,1474
251270,2026-03-25,12:35:00,51500,51600,51400,51500,771,39700000,128,643
251270,2026-03-25,12:40:00,51500,51600,51400,51400,1879,96750000,1204,675
251270,2026-03-25,12:45:00,51500,51600,51400,51400,564,29030000,196,368
251270,2026-03-25,12:50:00,51400,51600,51400,51400,723,37220000,334,389
251270,2026-03-25,12:55:00,51400,51600,51400,51400,909,46800000,539,370
251270,2026-03-25,13:00:00,51400,51600,51400,51400,703,36190000,475,228
251270,2026-03-25,13:05:00,51400,51500,51400,51400,549,28240000,173,376
251270,2026-03-25,13:10:00,51400,51500,51400,51500,538,27680000,227,311
251270,2026-03-25,13:15:00,51400,51500,51400,51400,740,38050000,162,578
251270,2026-03-25,13:20:00,51500,51500,51400,51400,1070,55040000,498,572
251270,2026-03-25,13:25:00,51400,51700,51400,51500,2237,115200000,791,1446
251270,2026-03-25,13:30:00,51500,51700,51500,51600,5626,289810000,4582,1044
251270,2026-03-25,13:35:00,51500,51600,51500,51500,1244,64090000,211,1033
251270,2026-03-25,13:40:00,51500,51600,51400,51400,1490,76670000,488,1002
251270,2026-03-25,13:45:00,51500,51700,51400,51600,1353,69800000,822,531
251270,2026-03-25,13:50:00,51650,51700,51500,51600,1122,57890000,482,640
251270,2026-03-25,13:55:00,51600,51700,51500,51600,1510,77920000,449,1061
251270,2026-03-25,14:00:00,51600,51700,51500,51600,1173,60550000,235,938
251270,2026-03-25,14:05:00,51600,51800,51500,51700,1626,84020000,1291,335
251270,2026-03-25,14:10:00,51600,51800,51600,51600,1235,63850000,439,796
251270,2026-03-25,14:15:00,51600,51800,51600,51600,1581,81680000,772,809
251270,2026-03-25,14:20:00,51700,51700,51500,51600,1244,64190000,399,845
251270,2026-03-25,14:25:00,51600,51700,51600,51600,1315,67890000,373,942
251270,2026-03-25,14:30:00,51700,51700,51400,51400,1832,94400000,249,1583
251270,2026-03-25,14:35:00,51400,51700,51400,51500,3124,160930000,971,2153
251270,2026-03-25,14:40:00,51400,51600,51400,51400,2377,122380000,968,1409
251270,2026-03-25,14:45:00,51400,51600,51400,51600,4668,240180000,2005,2663
251270,2026-03-25,14:50:00,51600,51700,51500,51500,4457,229860000,1402,3055
251270,2026-03-25,14:55:00,51500,51600,51500,51500,2240,115440000,957,1283
251270,2026-03-25,15:00:00,51600,51700,51400,51600,2714,139860000,1065,1649
251270,2026-03-25,15:05:00,51600,51600,51300,51500,1807,92960000,459,1348
251270,2026-03-25,15:10:00,51500,51600,51400,51400,2086,107390000,802,1284
251270,2026-03-25,15:15:00,51400,51600,51300,51500,2915,149950000,1890,1025
251270,2026-03-25,15:20:00,51600,51700,51300,51700,3455,177850000,1380,2075
251270,2026-03-25,15:30:00,51400,51400,51400,51400,13079,672260000,13079,0
251270,2026-03-26,09:05:00,52700,53200,52500,52900,13925,736410000,8437,5488
251270,2026-03-26,09:10:00,53000,53100,52500,52700,9211,486720000,5418,3793
251270,2026-03-26,09:15:00,52800,52900,52300,52700,3334,175350000,605,2729
251270,2026-03-26,09:20:00,52700,52700,52100,52300,4146,217490000,2406,1740
251270,2026-03-26,09:25:00,52300,52300,52000,52100,2372,123750000,616,1756
251270,2026-03-26,09:30:00,52200,52300,52000,52300,2408,125570000,1261,1147
251270,2026-03-26,09:35:00,52200,52200,52000,52100,3054,159150000,346,2708
251270,2026-03-26,09:40:00,52100,52100,51800,51900,4645,241540000,1219,3426
251270,2026-03-26,09:45:00,52000,52200,51800,51900,1700,88330000,832,868
251270,2026-03-26,09:50:00,52000,52000,51800,52000,1402,72760000,613,789
251270,2026-03-26,09:55:00,52000,52000,51800,52000,1474,76520000,462,1012
251270,2026-03-26,10:00:00,52000,52100,51900,52100,1598,83040000,871,727
251270,2026-03-26,10:05:00,52000,52200,52000,52100,1388,72290000,838,550
251270,2026-03-26,10:10:00,52100,52200,52000,52100,3925,204260000,2054,1871
251270,2026-03-26,10:15:00,52100,52100,52000,52000,1614,83950000,577,1037
251270,2026-03-26,10:20:00,52000,52100,51900,52000,1298,67500000,755,543
251270,2026-03-26,10:25:00,52000,52100,51900,52000,1244,64680000,583,661
251270,2026-03-26,10:30:00,51900,52100,51900,52000,1334,69350000,863,471
251270,2026-03-26,10:35:00,52000,52200,52000,52100,1230,64020000,690,540
251270,2026-03-26,10:40:00,52100,52100,52000,52100,641,33380000,487,154
251270,2026-03-26,10:45:00,52100,52200,52000,52200,2385,124260000,1740,645
251270,2026-03-26,10:50:00,52100,52400,52000,52400,1568,81820000,946,622
251270,2026-03-26,10:55:00,52400,52400,52100,52200,1199,62600000,257,942
251270,2026-03-26,11:00:00,52300,52300,52000,52200,1756,91560000,355,1401
251270,2026-03-26,11:05:00,52000,52200,52000,52100,1004,52340000,331,673
251270,2026-03-26,11:10:00,52200,52200,52000,52200,709,36950000,311,398
251270,2026-03-26,11:15:00,52200,52200,52000,52200,1266,65990000,449,817
251270,2026-03-26,11:20:00,52100,52200,52000,52100,1228,63990000,511,717
251270,2026-03-26,11:25:00,52100,52100,52000,52100,862,44860000,362,500
251270,2026-03-26,11:30:00,52100,52100,51800,51900,2594,134720000,192,2402
251270,2026-03-26,11:35:00,51900,51900,51700,51800,3218,166530000,757,2461
251270,2026-03-26,11:40:00,51700,51800,51600,51700,979,50620000,500,479
251270,2026-03-26,11:45:00,51700,51800,51600,51600,945,48850000,348,597
251270,2026-03-26,11:50:00,51700,51700,51600,51700,943,48740000,801,142
251270,2026-03-26,11:55:00,51700,51900,51600,51800,1958,101320000,1165,793
251270,2026-03-26,12:00:00,51700,51800,51600,51700,715,36920000,166,549
251270,2026-03-26,12:05:00,51600,51700,51500,51700,4498,232090000,3608,890
251270,2026-03-26,12:10:00,51700,51700,51500,51600,1786,92160000,607,1179
251270,2026-03-26,12:15:00,51600,51700,51500,51700,1715,88470000,1307,408
251270,2026-03-26,12:20:00,51700,51700,51500,51600,1259,64990000,729,530
251270,2026-03-26,12:25:00,51600,51600,51500,51600,587,30280000,459,128
251270,2026-03-26,12:30:00,51600,51600,51500,51600,1151,59370000,936,215
251270,2026-03-26,12:35:00,51600,51900,51500,51900,3021,156200000,2851,170
251270,2026-03-26,12:40:00,51900,51950,51800,51900,1498,77740000,1316,182
251270,2026-03-26,12:45:00,51900,51900,51800,51900,908,47110000,802,106
251270,2026-03-26,12:50:00,51900,51900,51800,51900,746,38700000,496,250
251270,2026-03-26,12:55:00,51900,51900,51800,51900,932,48350000,659,273
251270,2026-03-26,13:00:00,51900,51900,51800,51900,822,42630000,540,282
251270,2026-03-26,13:05:00,51900,51900,51800,51900,1624,84180000,524,1100
251270,2026-03-26,13:10:00,51900,51900,51800,51800,1098,56940000,607,491
251270,2026-03-26,13:15:00,51900,51900,51800,51900,588,30500000,422,166
251270,2026-03-26,13:20:00,51900,51900,51800,51900,589,30550000,436,153
251270,2026-03-26,13:25:00,51900,52200,51800,52000,2634,136880000,1515,1119
251270,2026-03-26,13:30:00,51900,52000,51900,52000,957,49710000,503,454
251270,2026-03-26,13:35:00,52000,52100,51900,52000,2666,138630000,1088,1578
251270,2026-03-26,13:40:00,52000,52000,51900,52000,3454,179590000,1668,1786
251270,2026-03-26,13:45:00,52000,52000,51800,51900,2553,132450000,425,2128
251270,2026-03-26,13:50:00,51900,51900,51800,51900,1911,99080000,1160,751
251270,2026-03-26,13:55:00,51900,52000,51900,52000,332,17250000,158,174
251270,2026-03-26,14:00:00,51900,52000,51900,52000,1012,52550000,281,731
251270,2026-03-26,14:05:00,52000,52000,51600,51700,2639,136690000,64,2575
251270,2026-03-26,14:10:00,51700,51800,51600,51800,3255,168270000,2872,383
251270,2026-03-26,14:15:00,51800,51800,51700,51800,450,23290000,254,196
251270,2026-03-26,14:20:00,51700,51800,51600,51700,1779,91940000,273,1506
251270,2026-03-26,14:25:00,51700,52000,51700,52000,3553,184130000,3306,247
251270,2026-03-26,14:30:00,52000,52100,51800,51900,1709,88730000,1184,525
251270,2026-03-26,14:35:00,51900,51900,51700,51900,3039,157500000,1179,1860
251270,2026-03-26,14:40:00,51900,51900,51800,51900,2352,121960000,1312,1040
251270,2026-03-26,14:45:00,51900,51900,51700,51700,2967,153600000,1654,1313
251270,2026-03-26,14:50:00,51700,51800,51600,51700,1935,99950000,1077,858
251270,2026-03-26,14:55:00,51700,51700,51500,51600,3715,191710000,2380,1335
251270,2026-03-26,15:00:00,51600,51600,51500,51600,2793,144030000,1746,1047
251270,2026-03-26,15:05:00,51500,51700,51500,51700,3640,187860000,2644,996
251270,2026-03-26,15:10:00,51700,51700,51400,51600,3255,167820000,1405,1850
251270,2026-03-26,15:15:00,51600,51600,51300,51400,3853,198110000,2482,1371
251270,2026-03-26,15:20:00,51400,51600,51300,51500,4690,241180000,3092,1598
251270,2026-03-26,15:30:00,51500,51500,51500,51500,9751,502170000,9751,0
251270,2026-03-27,09:05:00,50900,51100,50300,51000,7590,384610000,3166,4424
251270,2026-03-27,09:10:00,50900,51200,50800,50900,5910,301230000,2113,3797
251270,2026-03-27,09:15:00,51000,51300,50700,51300,4696,239730000,3519,1177
251270,2026-03-27,09:20:00,51200,51200,50700,50800,4556,232930000,2499,2057
251270,2026-03-27,09:25:00,50800,51500,50700,51300,8635,442460000,5261,3374
251270,2026-03-27,09:30:00,51400,51500,51300,51300,4794,246190000,2670,2124
251270,2026-03-27,09:35:00,51300,51600,51300,51600,4513,232230000,3217,1296
251270,2026-03-27,09:40:00,51600,51800,51400,51600,7742,399310000,4566,3176
251270,2026-03-27,09:45:00,51600,51700,51300,51300,3423,176230000,1162,2261
251270,2026-03-27,09:50:00,51300,51300,51000,51200,3335,170650000,898,2437
251270,2026-03-27,09:55:00,51100,51300,51000,51200,2254,115210000,801,1453
251270,2026-03-27,10:00:00,51200,51200,50900,51000,4341,221600000,1189,3152
251270,2026-03-27,10:05:00,51000,51200,50900,51000,2799,142890000,1119,1680
251270,2026-03-27,10:10:00,51000,51400,51000,51400,1643,84070000,805,838
251270,2026-03-27,10:15:00,51400,51600,51200,51600,3372,173590000,1788,1584
251270,2026-03-27,10:20:00,51600,51700,51400,51600,4616,238090000,2745,1871
251270,2026-03-27,10:25:00,51600,52000,51600,51900,6277,325270000,3991,2286
251270,2026-03-27,10:30:00,51800,51900,51700,51900,2800,145110000,1769,1031
251270,2026-03-27,10:35:00,51900,52100,51800,51900,3785,196490000,1642,2143
251270,2026-03-27,10:40:00,51900,52000,51800,51900,2350,122060000,1757,593
251270,2026-03-27,10:45:00,51900,52300,51800,52100,3335,173760000,2649,686
251270,2026-03-27,10:50:00,52200,52200,52000,52100,3216,167540000,2331,885
251270,2026-03-27,10:55:00,52000,52100,51800,51800,3815,198090000,1461,2354
251270,2026-03-27,11:00:00,51800,51950,51700,51700,3121,161710000,1750,1371
251270,2026-03-27,11:05:00,51800,52100,51800,52000,4676,243110000,3862,814
251270,2026-03-27,11:10:00,52100,52100,51700,51800,3248,168540000,874,2374
251270,2026-03-27,11:15:00,51700,51900,51600,51600,3396,175550000,1326,2070
251270,2026-03-27,11:20:00,51600,51800,51400,51800,1754,90610000,1222,532
251270,2026-03-27,11:25:00,51700,51800,51600,51600,1674,86560000,808,866
251270,2026-03-27,11:30:00,51700,51800,51500,51500,1770,91460000,1010,760
251270,2026-03-27,11:35:00,51600,51800,51600,51800,2371,122600000,1505,866
251270,2026-03-27,11:40:00,51700,51900,51700,51800,2588,133900000,2108,480
251270,2026-03-27,11:45:00,51800,51900,51700,51900,1875,97220000,1349,526
251270,2026-03-27,11:50:00,51900,51900,51700,51700,1777,92120000,861,916
251270,2026-03-27,11:55:00,51800,51900,51700,51800,5513,285660000,4635,878
251270,2026-03-27,12:00:00,51900,51900,51800,51800,2294,118980000,1341,953
251270,2026-03-27,12:05:00,51900,51900,51700,51800,2874,148880000,1663,1211
251270,2026-03-27,12:10:00,51700,51800,51600,51700,1807,93370000,734,1073
251270,2026-03-27,12:15:00,51600,51800,51600,51700,1275,65910000,618,657
251270,2026-03-27,12:20:00,51800,51800,51500,51500,1594,82340000,424,1170
251270,2026-03-27,12:25:00,51500,51700,51500,51600,791,40840000,480,311
251270,2026-03-27,12:30:00,51600,51700,51400,51600,2087,107630000,1036,1051
251270,2026-03-27,12:35:00,51500,51700,51500,51600,1558,80500000,1179,379
251270,2026-03-27,12:40:00,51600,51900,51600,51800,1533,79330000,531,1002
251270,2026-03-27,12:45:00,51900,51900,51600,51600,1475,76350000,558,917
251270,2026-03-27,12:50:00,51700,51700,51600,51700,1299,67130000,661,638
251270,2026-03-27,12:55:00,51700,51900,51700,51800,1984,102720000,1050,934
251270,2026-03-27,13:00:00,51700,51900,51700,51700,1560,80800000,837,723
251270,2026-03-27,13:05:00,51700,51800,51500,51800,1890,97720000,914,976
251270,2026-03-27,13:10:00,51700,51900,51700,51800,1095,56790000,976,119
251270,2026-03-27,13:15:00,51900,51900,51600,51600,1950,100980000,889,1061
251270,2026-03-27,13:20:00,51700,51900,51600,51900,1177,61010000,924,253
251270,2026-03-27,13:25:00,51900,52000,51600,51800,2720,140950000,1496,1224
251270,2026-03-27,13:30:00,51800,52000,51800,51900,1201,62310000,942,259
251270,2026-03-27,13:35:00,51900,51900,51700,51800,1746,90480000,850,896
251270,2026-03-27,13:40:00,51900,51900,51700,51800,1843,95510000,1116,727
251270,2026-03-27,13:45:00,51800,51900,51700,51900,2060,106760000,1427,633
251270,2026-03-27,13:50:00,51900,51900,51700,51800,1975,102390000,1447,528
251270,2026-03-27,13:55:00,51800,52000,51800,51900,1316,68340000,973,343
251270,2026-03-27,14:00:00,51900,52000,51800,51900,1409,73200000,1002,407
251270,2026-03-27,14:05:00,52000,52100,51800,51900,3359,174450000,1810,1549
251270,2026-03-27,14:10:00,52000,52000,51700,51700,2497,129620000,1098,1399
251270,2026-03-27,14:15:00,51700,52000,51700,51900,2652,137620000,1943,709
251270,2026-03-27,14:20:00,51900,52000,51900,51900,1602,83220000,847,755
251270,2026-03-27,14:25:00,51900,52000,51900,51900,1317,68440000,885,432
251270,2026-03-27,14:30:00,52000,52100,51900,52100,2760,143610000,1950,810
251270,2026-03-27,14:35:00,52100,52200,51900,52100,6160,321010000,4514,1646
251270,2026-03-27,14:40:00,52100,52200,52000,52100,3933,204810000,2755,1178
251270,2026-03-27,14:45:00,52100,52400,52100,52300,5733,299620000,3795,1938
251270,2026-03-27,14:50:00,52300,52400,52200,52300,2581,134980000,1231,1350
251270,2026-03-27,14:55:00,52300,52300,52000,52200,1997,104340000,1260,737
251270,2026-03-27,15:00:00,52300,52400,52100,52200,2239,116970000,1125,1114
251270,2026-03-27,15:05:00,52200,52300,52000,52200,2173,113390000,949,1224
251270,2026-03-27,15:10:00,52200,52300,52100,52100,1286,67060000,509,777
251270,2026-03-27,15:15:00,52200,52200,52000,52200,2267,118170000,1477,790
251270,2026-03-27,15:20:00,52200,52400,51900,52200,5617,293140000,3021,2596
251270,2026-03-27,15:30:00,52200,52200,52200,52200,4889,255200000,4888,0
251270,2026-03-30,09:05:00,50700,50900,50200,50900,8130,410970000,3904,4226
251270,2026-03-30,09:10:00,50800,51000,50500,50800,3562,180750000,1815,1747
251270,2026-03-30,09:15:00,50800,50800,50600,50700,2311,117240000,1681,630
251270,2026-03-30,09:20:00,50800,50900,50500,50700,3919,198590000,1308,2611
251270,2026-03-30,09:25:00,50600,50900,50600,50700,3595,182190000,1715,1880
251270,2026-03-30,09:30:00,50600,50800,50500,50600,1910,96660000,1280,630
251270,2026-03-30,09:35:00,50600,50600,50300,50300,3913,197670000,1459,2454
251270,2026-03-30,09:40:00,50500,50500,50200,50300,3803,191350000,1681,2122
251270,2026-03-30,09:45:00,50400,50400,50200,50400,4090,205840000,2151,1939
251270,2026-03-30,09:50:00,50300,50500,50300,50300,810,40830000,581,229
251270,2026-03-30,09:55:00,50400,50400,50200,50300,1739,87490000,1146,593
251270,2026-03-30,10:00:00,50400,50400,50200,50200,2978,149740000,1525,1453
251270,2026-03-30,10:05:00,50300,50400,50200,50200,2710,136250000,1293,1417
251270,2026-03-30,10:10:00,50200,50300,50100,50100,1723,86490000,787,936
251270,2026-03-30,10:15:00,50200,50300,50100,50200,1766,88680000,749,1017
251270,2026-03-30,10:20:00,50200,50200,50100,50200,975,48930000,836,139
251270,2026-03-30,10:25:00,50200,50200,50100,50100,2285,114520000,554,1731
251270,2026-03-30,10:30:00,50000,50200,50000,50200,1444,72380000,997,447
251270,2026-03-30,10:35:00,50200,50400,50100,50400,1424,71510000,1191,233
251270,2026-03-30,10:40:00,50400,50500,50300,50500,2745,138340000,1814,931
251270,2026-03-30,10:45:00,50500,50700,50500,50600,3534,178870000,1953,1581
251270,2026-03-30,10:50:00,50600,50900,50600,50900,2513,127580000,2363,150
251270,2026-03-30,10:55:00,50800,50900,50600,50600,2819,143030000,515,2304
251270,2026-03-30,11:00:00,50700,50700,50300,50400,2378,120190000,445,1933
251270,2026-03-30,11:05:00,50400,50500,50300,50500,1010,50930000,575,435
251270,2026-03-30,11:10:00,50500,50500,50200,50200,2733,137490000,796,1937
251270,2026-03-30,11:15:00,50300,50500,50200,50500,2370,119340000,1918,452
251270,2026-03-30,11:20:00,50400,50500,50300,50400,1265,63790000,646,619
251270,2026-03-30,11:25:00,50400,50400,50200,50200,2098,105500000,522,1576
251270,2026-03-30,11:30:00,50200,50400,50100,50300,1637,82370000,1397,240
251270,2026-03-30,11:35:00,50300,50400,50300,50300,735,37020000,485,250
251270,2026-03-30,11:40:00,50300,50400,50300,50400,618,31130000,459,159
251270,2026-03-30,11:45:00,50400,50500,50300,50300,1950,98330000,1170,780
251270,2026-03-30,11:50:00,50300,50600,50300,50600,968,48860000,843,125
251270,2026-03-30,11:55:00,50500,50700,50500,50600,2519,127520000,1771,748
251270,2026-03-30,12:00:00,50600,50700,50500,50600,1014,51300000,546,468
251270,2026-03-30,12:05:00,50500,50700,50400,50400,1297,65570000,660,637
251270,2026-03-30,12:10:00,50500,50600,50400,50600,1760,88960000,1370,390
251270,2026-03-30,12:15:00,50700,50700,50600,50700,865,43820000,537,328
251270,2026-03-30,12:20:00,50600,50700,50500,50600,1397,70770000,1064,333
251270,2026-03-30,12:25:00,50600,50800,50500,50600,1231,62400000,1054,177
251270,2026-03-30,12:30:00,50700,50800,50600,50600,676,34270000,552,124
251270,2026-03-30,12:35:00,50700,50700,50500,50500,1147,58080000,450,697
251270,2026-03-30,12:40:00,50500,50700,50500,50500,630,31880000,375,255
251270,2026-03-30,12:45:00,50500,50700,50500,50600,1644,83180000,1289,355
251270,2026-03-30,12:50:00,50600,50700,50400,50500,1459,73730000,811,648
251270,2026-03-30,12:55:00,50500,50600,50500,50500,571,28870000,355,216
251270,2026-03-30,13:00:00,50500,50600,50400,50500,1045,52770000,365,680
251270,2026-03-30,13:05:00,50500,50600,50300,50400,1648,83040000,646,1002
251270,2026-03-30,13:10:00,50400,50400,50300,50400,930,46850000,702,228
251270,2026-03-30,13:15:00,50400,50500,50300,50500,641,32340000,446,195
251270,2026-03-30,13:20:00,50400,50500,50300,50300,542,27340000,402,140
251270,2026-03-30,13:25:00,50400,50500,50300,50400,1182,59580000,973,209
251270,2026-03-30,13:30:00,50400,50500,50400,50500,754,38070000,631,123
251270,2026-03-30,13:35:00,50400,50600,50400,50500,1413,71350000,1213,200
251270,2026-03-30,13:40:00,50400,50500,50000,50100,6666,334500000,1629,5037
251270,2026-03-30,13:45:00,50100,50200,50000,50000,3390,169690000,1037,2353
251270,2026-03-30,13:50:00,50000,50100,50000,50000,2605,130310000,682,1923
251270,2026-03-30,13:55:00,50000,50100,49950,50100,2636,131850000,511,2125
251270,2026-03-30,14:00:00,50000,50100,49950,50000,2755,137830000,1056,1699
251270,2026-03-30,14:05:00,50000,50200,49850,49900,5585,279150000,1826,3759
251270,2026-03-30,14:10:00,49850,50000,49850,49900,5080,253700000,2415,2665
251270,2026-03-30,14:15:00,49900,50000,49800,49850,4929,245840000,1669,3260
251270,2026-03-30,14:20:00,49850,49850,49750,49800,3810,189710000,1162,2648
251270,2026-03-30,14:25:00,49750,49750,49650,49700,3852,191540000,1455,2397
251270,2026-03-30,14:30:00,49750,49850,49700,49750,4222,210040000,2301,1921
251270,2026-03-30,14:35:00,49750,49800,49600,49700,7292,362340000,2262,5030
251270,2026-03-30,14:40:00,49650,49700,49600,49650,2474,122840000,948,1526
251270,2026-03-30,14:45:00,49650,49700,49600,49650,3447,171200000,1167,2280
251270,2026-03-30,14:50:00,49600,49650,49500,49550,5995,297270000,1984,4011
251270,2026-03-30,14:55:00,49600,49600,49500,49600,4869,241320000,1421,3448
251270,2026-03-30,15:00:00,49575,49600,49500,49550,4406,218210000,1406,3000
251270,2026-03-30,15:05:00,49550,49600,49500,49575,4145,205320000,1111,3034
251270,2026-03-30,15:10:00,49550,49600,49450,49500,6230,308540000,2103,4127
251270,2026-03-30,15:15:00,49500,49550,49450,49500,5378,266170000,1708,3670
251270,2026-03-30,15:20:00,49525,49650,49450,49500,5050,250090000,2262,2788
251270,2026-03-30,15:30:00,49750,49750,49750,49750,12249,609380000,12248,0
251270,2026-03-31,09:05:00,49300,49750,49050,49700,4109,202500000,2265,1844
251270,2026-03-31,09:10:00,49800,50500,49750,50300,14023,701320000,8624,5399
251270,2026-03-31,09:15:00,50300,50300,49850,50200,7521,376660000,3722,3799
251270,2026-03-31,09:20:00,50200,50300,49800,49900,4291,214310000,1870,2421
251270,2026-03-31,09:25:00,49900,49900,49600,49750,3364,167340000,1205,2159
251270,2026-03-31,09:30:00,49750,50200,49700,49950,5427,270930000,3708,1719
251270,2026-03-31,09:35:00,50000,50000,49550,49650,5752,286290000,1731,4021
251270,2026-03-31,09:40:00,49600,49950,49600,49850,4883,243180000,2621,2262
251270,2026-03-31,09:45:00,49900,50300,49800,50300,3842,191930000,2351,1491
251270,2026-03-31,09:50:00,50300,50900,50200,50800,8852,447980000,4810,4042
251270,2026-03-31,09:55:00,50800,50800,50500,50600,4324,218990000,901,3423
251270,2026-03-31,10:00:00,50600,50600,50300,50500,1940,97940000,866,1074
251270,2026-03-31,10:05:00,50600,50600,50200,50300,2163,109110000,834,1329
251270,2026-03-31,10:10:00,50300,50300,50100,50300,2570,129030000,913,1657
251270,2026-03-31,10:15:00,50200,50300,50000,50000,1668,83600000,609,1059
251270,2026-03-31,10:20:00,50000,50400,50000,50100,2053,103010000,1220,833
251270,2026-03-31,10:25:00,50200,50500,50200,50500,1996,100400000,1590,406
251270,2026-03-31,10:30:00,50400,50500,50400,50400,1615,81450000,476,1139
251270,2026-03-31,10:35:00,50400,50800,50400,50600,4946,250170000,3079,1867
251270,2026-03-31,10:40:00,50600,50700,50400,50500,2631,133130000,1462,1169
251270,2026-03-31,10:45:00,50500,50500,50300,50300,1717,86570000,588,1129
251270,2026-03-31,10:50:00,50400,50600,50300,50500,2024,102160000,1264,760
251270,2026-03-31,10:55:00,50500,50600,50400,50500,1686,85190000,946,740
251270,2026-03-31,11:00:00,50500,50600,50400,50500,1424,71910000,915,509
251270,2026-03-31,11:05:00,50500,50600,50400,50400,1500,75790000,571,929
251270,2026-03-31,11:10:00,50500,50600,50400,50400,1521,76830000,787,734
251270,2026-03-31,11:15:00,50400,50600,50400,50600,2688,135780000,2163,525
251270,2026-03-31,11:20:00,50500,50600,50400,50400,1592,80450000,696,896
251270,2026-03-31,11:25:00,50400,50500,50400,50400,926,46750000,662,264
251270,2026-03-31,11:30:00,50500,50500,50300,50300,2325,117220000,619,1706
251270,2026-03-31,11:35:00,50300,50400,50100,50300,1941,97590000,941,1000
251270,2026-03-31,11:40:00,50300,50400,50200,50300,1158,58340000,952,206
251270,2026-03-31,11:45:00,50300,50300,50200,50200,898,45160000,479,419
251270,2026-03-31,11:50:00,50300,50400,50200,50300,957,48150000,868,89
251270,2026-03-31,11:55:00,50400,50500,50300,50300,1679,84600000,567,1112
251270,2026-03-31,12:00:00,50300,50400,50300,50400,664,33450000,445,219
251270,2026-03-31,12:05:00,50400,50400,50300,50300,777,39140000,628,149
251270,2026-03-31,12:10:00,50300,50600,50300,50500,1933,97540000,967,966
251270,2026-03-31,12:15:00,50500,50600,50400,50400,1168,59000000,556,612
251270,2026-03-31,12:20:00,50500,50500,50300,50400,717,36150000,481,236
251270,2026-03-31,12:25:00,50400,50400,50100,50300,1543,77540000,858,685
251270,2026-03-31,12:30:00,50300,50400,50200,50300,727,36560000,479,248
251270,2026-03-31,12:35:00,50200,50300,50000,50100,2519,126230000,584,1935
251270,2026-03-31,12:40:00,50000,50100,50000,50100,1281,64100000,756,525
251270,2026-03-31,12:45:00,50000,50100,49950,50000,1385,69310000,649,736
251270,2026-03-31,12:50:00,49950,50100,49900,49900,3678,183740000,1266,2412
251270,2026-03-31,12:55:00,49900,50100,49900,50100,1933,96630000,1458,475
251270,2026-03-31,13:00:00,50000,50100,49900,49950,1524,76220000,651,873
251270,2026-03-31,13:05:00,49900,50100,49900,50000,2911,145500000,1476,1435
251270,2026-03-31,13:10:00,49950,50200,49900,49950,2235,111720000,1394,841
251270,2026-03-31,13:15:00,50000,50200,49850,49950,2140,106970000,767,1373
251270,2026-03-31,13:20:00,50000,50000,49850,49900,1753,87500000,577,1176
251270,2026-03-31,13:25:00,49950,49950,49900,49900,1076,53730000,529,547
251270,2026-03-31,13:30:00,49900,49950,49850,49850,1201,59940000,569,632
251270,2026-03-31,13:35:00,49850,49950,49850,49950,943,47070000,683,260
251270,2026-03-31,13:40:00,49950,49950,49900,49900,1646,82170000,750,896
251270,2026-03-31,13:45:00,49900,49950,49800,49850,1700,84770000,369,1331
251270,2026-03-31,13:50:00,49850,49900,49750,49750,2724,135750000,858,1866
251270,2026-03-31,13:55:00,49800,49900,49700,49750,1483,73860000,655,828
251270,2026-03-31,14:00:00,49750,49750,49650,49700,1221,60720000,689,532
251270,2026-03-31,14:05:00,49700,49800,49600,49600,2984,148210000,836,2148
251270,2026-03-31,14:10:00,49650,49750,49600,49700,1681,83480000,687,994
251270,2026-03-31,14:15:00,49650,49750,49400,49450,3333,165380000,1139,2194
251270,2026-03-31,14:20:00,49450,49600,49250,49450,3975,196310000,1459,2516
251270,2026-03-31,14:25:00,49450,49600,49450,49500,2176,107690000,909,1267
251270,2026-03-31,14:30:00,49500,49600,49350,49450,3085,152770000,1818,1267
251270,2026-03-31,14:35:00,49450,49550,49350,49400,3510,173640000,1184,2326
251270,2026-03-31,14:40:00,49400,49450,49350,49450,2061,101840000,1144,917
251270,2026-03-31,14:45:00,49400,49450,49400,49400,1365,67460000,570,795
251270,2026-03-31,14:50:00,49450,49600,49450,49550,3032,150080000,2027,1005
251270,2026-03-31,14:55:00,49500,49600,49500,49550,2189,108470000,889,1300
251270,2026-03-31,15:00:00,49550,49600,49500,49500,1378,68270000,689,689
251270,2026-03-31,15:05:00,49500,49600,49250,49250,4056,200520000,430,3626
251270,2026-03-31,15:10:00,49250,49300,49150,49200,4391,216190000,1525,2866
251270,2026-03-31,15:15:00,49150,49200,49100,49100,4149,203910000,1403,2746
251270,2026-03-31,15:20:00,49150,49150,49000,49100,9363,459640000,2564,6799
251270,2026-03-31,15:30:00,49200,49200,49200,49200,19877,977950000,19877,0
251270,2026-04-01,09:05:00,50500,50600,50000,50100,4268,215100000,2472,1796
251270,2026-04-01,09:10:00,50000,50400,49950,50200,4210,211350000,2227,1983
251270,2026-04-01,09:15:00,50200,50500,50100,50200,5167,259840000,2400,2767
251270,2026-04-01,09:20:00,50200,50400,50100,50300,3884,195080000,1033,2851
251270,2026-04-01,09:25:00,50300,50600,50300,50400,2457,124090000,1760,697
251270,2026-04-01,09:30:00,50600,50700,50450,50600,1750,88540000,822,928
251270,2026-04-01,09:35:00,50700,50800,50600,50600,1932,97920000,708,1224
251270,2026-04-01,09:40:00,50600,50700,50400,50400,1655,83730000,440,1215
251270,2026-04-01,09:45:00,50500,50700,50400,50600,1716,86780000,1103,613
251270,2026-04-01,09:50:00,50700,50800,50600,50800,1211,61360000,749,462
251270,2026-04-01,09:55:00,50700,50900,50700,50900,1391,70680000,853,538
251270,2026-04-01,10:00:00,50800,51000,50800,50900,1664,84720000,901,763
251270,2026-04-01,10:05:00,50900,50900,50700,50800,1872,95140000,346,1526
251270,2026-04-01,10:10:00,50800,50800,50400,50700,3112,157550000,1100,2012
251270,2026-04-01,10:15:00,50700,50900,50600,50700,1266,64290000,546,720
251270,2026-04-01,10:20:00,50800,50900,50800,50800,1459,74200000,814,645
251270,2026-04-01,10:25:00,50800,50900,50700,50700,3013,153060000,1169,1844
251270,2026-04-01,10:30:00,50700,51100,50700,51000,3166,161140000,2008,1158
251270,2026-04-01,10:35:00,51000,51400,50900,51300,4356,222780000,3580,776
251270,2026-04-01,10:40:00,51300,51400,51200,51200,4656,238950000,1705,2951
251270,2026-04-01,10:45:00,51200,51400,51200,51200,919,47150000,449,470
251270,2026-04-01,10:50:00,51200,51400,51200,51200,1282,65750000,514,768
251270,2026-04-01,10:55:00,51200,51200,51100,51100,1006,51490000,311,695
251270,2026-04-01,11:00:00,51100,51300,51100,51300,2989,152900000,2472,517
251270,2026-04-01,11:05:00,51300,51500,51300,51500,5334,273950000,4270,1064
251270,2026-04-01,11:10:00,51500,51600,51400,51500,3013,155170000,2237,776
251270,2026-04-01,11:15:00,51600,51600,51500,51600,1387,71530000,975,412
251270,2026-04-01,11:20:00,51600,51800,51500,51700,4050,209020000,3479,571
251270,2026-04-01,11:25:00,51700,51800,51500,51800,2931,151540000,1260,1671
251270,2026-04-01,11:30:00,51800,51800,51700,51800,2647,136920000,908,1739
251270,2026-04-01,11:35:00,51700,51900,51600,51900,3785,195950000,1388,2397
251270,2026-04-01,11:40:00,51900,51900,51800,51800,3282,170090000,1399,1883
251270,2026-04-01,11:45:00,51800,51900,51800,51800,1322,68520000,456,866
251270,2026-04-01,11:50:00,51800,51900,51800,51800,2209,114500000,865,1344
251270,2026-04-01,11:55:00,51900,51900,51700,51800,1633,84580000,794,839
251270,2026-04-01,12:00:00,51700,51900,51600,51800,4180,216250000,3041,1139
251270,2026-04-01,12:05:00,51800,51800,51700,51700,970,50200000,441,529
251270,2026-04-01,12:10:00,51800,51900,51700,51800,2818,145990000,1552,1266
251270,2026-04-01,12:15:00,51800,51800,51600,51700,1587,82050000,565,1022
251270,2026-04-01,12:20:00,51600,51800,51600,51800,896,46360000,564,332
251270,2026-04-01,12:25:00,51750,51800,51600,51600,1308,67660000,510,798
251270,2026-04-01,12:30:00,51700,51700,51500,51700,1647,85040000,617,1030
251270,2026-04-01,12:35:00,51600,51800,51500,51800,1987,102720000,1138,849
251270,2026-04-01,12:40:00,51800,51900,51600,51700,2102,108690000,950,1152
251270,2026-04-01,12:45:00,51600,51700,51500,51500,1991,102690000,566,1425
251270,2026-04-01,12:50:00,51600,51700,51500,51600,1487,76720000,626,861
251270,2026-04-01,12:55:00,51500,51700,51400,51500,1804,92920000,604,1200
251270,2026-04-01,13:00:00,51500,51800,51500,51600,1431,73860000,1039,392
251270,2026-04-01,13:05:00,51700,51800,51600,51700,2212,114330000,944,1268
251270,2026-04-01,13:10:00,51700,51700,51500,51500,1321,68120000,419,902
251270,2026-04-01,13:15:00,51500,51600,51300,51400,3294,169570000,1430,1864
251270,2026-04-01,13:20:00,51400,51700,51400,51500,2066,106410000,905,1161
251270,2026-04-01,13:25:00,51500,51700,51400,51400,1970,101540000,725,1245
251270,2026-04-01,13:30:00,51400,51600,51400,51550,1767,91080000,885,882
251270,2026-04-01,13:35:00,51550,51600,51500,51600,1686,86880000,507,1179
251270,2026-04-01,13:40:00,51500,51700,51500,51500,2426,125110000,1349,1077
251270,2026-04-01,13:45:00,51700,51700,51400,51500,1766,91030000,709,1057
251270,2026-04-01,13:50:00,51500,51700,51400,51400,3060,157680000,1236,1824
251270,2026-04-01,13:55:00,51500,51700,51400,51500,2219,114360000,725,1494
251270,2026-04-01,14:00:00,51500,51700,51500,51500,5364,276690000,3261,2103
251270,2026-04-01,14:05:00,51500,51800,51500,51600,3311,170910000,1313,1998
251270,2026-04-01,14:10:00,51600,51700,51600,51600,1249,64510000,609,640
251270,2026-04-01,14:15:00,51700,51800,51700,51700,2779,143770000,1323,1456
251270,2026-04-01,14:20:00,51700,51900,51700,51800,3676,190280000,1822,1854
251270,2026-04-01,14:25:00,51700,51900,51600,51900,2544,131730000,979,1565
251270,2026-04-01,14:30:00,51800,51900,51800,51800,1561,80910000,508,1053
251270,2026-04-01,14:35:00,51900,51900,51600,51800,3996,206930000,1885,2111
251270,2026-04-01,14:40:00,51900,51900,51700,51700,2466,127740000,542,1924
251270,2026-04-01,14:45:00,51700,51800,51600,51600,2520,130290000,853,1667
251270,2026-04-01,14:50:00,51700,51800,51600,51700,1587,82080000,653,934
251270,2026-04-01,14:55:00,51700,52000,51700,51900,3790,196470000,2454,1336
251270,2026-04-01,15:00:00,51800,51900,51600,51700,3675,190200000,987,2688
251270,2026-04-01,15:05:00,51700,51900,51600,51800,3568,184620000,1930,1638
251270,2026-04-01,15:10:00,51600,51800,51600,51700,1843,95280000,303,1540
251270,2026-04-01,15:15:00,51700,51800,51600,51700,2810,145160000,125,2685
251270,2026-04-01,15:20:00,51700,51700,51200,51400,3398,174920000,1026,2372
251270,2026-04-01,15:30:00,51400,51400,51400,51400,6529,335590000,6529,0
251270,2026-04-02,09:05:00,51200,51700,51100,51100,3479,178530000,1962,1517
251270,2026-04-02,09:10:00,51100,51100,50800,51000,3429,174550000,1824,1605
251270,2026-04-02,09:15:00,51000,51000,50800,50900,4144,210720000,1904,2240
251270,2026-04-02,09:20:00,50900,51000,50700,50900,3826,194690000,2331,1495
251270,2026-04-02,09:25:00,50900,51100,50850,51000,4262,217160000,2573,1689
251270,2026-04-02,09:30:00,51000,51000,50900,51000,3086,157340000,2376,710
251270,2026-04-02,09:35:00,50950,51000,50800,50800,3536,180030000,646,2890
251270,2026-04-02,09:40:00,50800,50900,50700,50700,1987,100980000,660,1327
251270,2026-04-02,09:45:00,50700,51100,50700,51000,2974,151320000,1889,1085
251270,2026-04-02,09:50:00,51000,51100,50900,51000,2088,106610000,1610,478
251270,2026-04-02,09:55:00,51000,51100,50800,50900,3365,171470000,1427,1938
251270,2026-04-02,10:00:00,51100,51100,50800,50800,1873,95450000,713,1160
251270,2026-04-02,10:05:00,50900,51100,50700,50700,8620,438860000,3812,4808
251270,2026-04-02,10:10:00,50700,50800,50500,50700,4427,224320000,1656,2771
251270,2026-04-02,10:15:00,50600,51000,50600,50700,3371,171370000,1731,1640
251270,2026-04-02,10:20:00,50700,50800,50200,50300,8321,419460000,2162,6159
251270,2026-04-02,10:25:00,50200,50400,50200,50300,3583,180180000,1982,1601
251270,2026-04-02,10:30:00,50300,50300,49950,50200,7274,364340000,3000,4274
251270,2026-04-02,10:35:00,50200,50300,49800,50200,6778,338730000,2302,4476
251270,2026-04-02,10:40:00,50200,50300,49900,50300,5467,273880000,3032,2435
251270,2026-04-02,10:45:00,50100,50200,49900,49950,4843,242390000,1129,3714
251270,2026-04-02,10:50:00,49950,49950,49700,49850,10474,521680000,1941,8533
251270,2026-04-02,10:55:00,49850,49900,49600,49650,6533,325180000,1674,4859
251270,2026-04-02,11:00:00,49600,49800,49600,49700,2719,135140000,1532,1187
251270,2026-04-02,11:05:00,49700,49750,49550,49650,3481,172880000,1153,2328
251270,2026-04-02,11:10:00,49600,49650,49450,49450,6101,302210000,992,5109
251270,2026-04-02,11:15:00,49450,49500,49350,49350,3322,164240000,1062,2260
251270,2026-04-02,11:20:00,49350,49450,49350,49400,1840,90880000,905,935
251270,2026-04-02,11:25:00,49400,49500,49300,49350,3394,167590000,757,2637
251270,2026-04-02,11:30:00,49400,49400,49250,49250,2015,99400000,821,1194
251270,2026-04-02,11:35:00,49300,49400,49250,49300,2740,135060000,824,1916
251270,2026-04-02,11:40:00,49300,49500,49250,49350,3076,151840000,1921,1155
251270,2026-04-02,11:45:00,49300,49350,49250,49300,1286,63400000,557,729
251270,2026-04-02,11:50:00,49300,49450,49250,49350,1610,79390000,789,821
251270,2026-04-02,11:55:00,49300,49400,49250,49350,1713,84480000,736,977
251270,2026-04-02,12:00:00,49350,49400,49300,49350,1055,52080000,515,540
251270,2026-04-02,12:05:00,49350,49450,49250,49250,2868,141540000,878,1990
251270,2026-04-02,12:10:00,49300,49300,49250,49250,812,40020000,513,299
251270,2026-04-02,12:15:00,49250,49400,49200,49300,3141,154830000,1055,2086
251270,2026-04-02,12:20:00,49350,49450,49300,49400,2043,100850000,1098,945
251270,2026-04-02,12:25:00,49400,49450,49250,49450,1505,74260000,569,936
251270,2026-04-02,12:30:00,49450,49450,49300,49300,1180,58300000,478,702
251270,2026-04-02,12:35:00,49300,49400,49250,49350,1503,74170000,633,870
251270,2026-04-02,12:40:00,49400,49500,49250,49300,3728,184070000,1381,2347
251270,2026-04-02,12:45:00,49300,49400,49200,49300,4121,203190000,1331,2790
251270,2026-04-02,12:50:00,49300,49400,49200,49300,1974,97270000,604,1370
251270,2026-04-02,12:55:00,49250,49350,49150,49300,1741,85760000,700,1041
251270,2026-04-02,13:00:00,49250,49300,49250,49250,928,45730000,531,397
251270,2026-04-02,13:05:00,49250,49300,49150,49250,3357,165320000,1493,1864
251270,2026-04-02,13:10:00,49300,49400,49200,49350,1183,58310000,658,525
251270,2026-04-02,13:15:00,49350,49350,49250,49350,1505,74240000,662,843
251270,2026-04-02,13:20:00,49350,49450,49350,49400,1046,51690000,819,227
251270,2026-04-02,13:25:00,49400,49450,49300,49400,1531,75620000,778,753
251270,2026-04-02,13:30:00,49400,49500,49400,49500,1040,51420000,901,139
251270,2026-04-02,13:35:00,49500,49650,49450,49500,1429,70810000,590,839
251270,2026-04-02,13:40:00,49550,49550,49450,49500,1094,54170000,601,493
251270,2026-04-02,13:45:00,49550,49550,49400,49400,1422,70350000,469,953
251270,2026-04-02,13:50:00,49350,49450,49350,49400,938,46330000,795,143
251270,2026-04-02,13:55:00,49350,49500,49250,49250,2754,135920000,885,1869
251270,2026-04-02,14:00:00,49250,49450,49200,49300,938,46240000,555,383
251270,2026-04-02,14:05:00,49300,49400,49250,49300,1341,66160000,876,465
251270,2026-04-02,14:10:00,49300,49350,49250,49300,911,44930000,402,509
251270,2026-04-02,14:15:00,49300,49400,49250,49300,2034,100310000,608,1426
251270,2026-04-02,14:20:00,49250,49300,49150,49250,1797,88440000,705,1092
251270,2026-04-02,14:25:00,49250,49300,49200,49200,1113,54830000,454,659
251270,2026-04-02,14:30:00,49200,49250,49200,49250,1048,51590000,347,701
251270,2026-04-02,14:35:00,49250,49300,49150,49150,1645,80990000,838,807
251270,2026-04-02,14:40:00,49200,49200,49150,49150,2526,124230000,1029,1497
251270,2026-04-02,14:45:00,49200,49200,49000,49100,6080,298570000,827,5253
251270,2026-04-02,14:50:00,49100,49150,49000,49100,2413,118380000,790,1623
251270,2026-04-02,14:55:00,49050,49050,48650,48950,8722,426850000,2868,5854
251270,2026-04-02,15:00:00,48900,48950,48850,48850,1454,71090000,412,1042
251270,2026-04-02,15:05:00,48850,48900,48750,48800,2288,111730000,925,1363
251270,2026-04-02,15:10:00,48850,48950,48800,48950,3415,166820000,1055,2360
251270,2026-04-02,15:15:00,48950,49000,48850,48900,3083,150870000,1633,1450
251270,2026-04-02,15:20:00,48850,49000,48800,49000,1946,95160000,1059,887
251270,2026-04-02,15:30:00,49000,49000,49000,49000,7335,359410000,7335,0
251270,2026-04-03,09:05:00,49600,49650,49250,49450,7075,350370000,2791,4284
251270,2026-04-03,09:10:00,49350,50100,49350,49800,9241,460170000,6698,2543
251270,2026-04-03,09:15:00,49850,50300,49750,50100,3419,171180000,2552,867
251270,2026-04-03,09:20:00,50100,50200,49750,49800,2989,149330000,1164,1825
251270,2026-04-03,09:25:00,49750,49850,49550,49650,3433,170680000,1872,1561
251270,2026-04-03,09:30:00,49650,49700,49350,49650,4645,230270000,2541,2104
251270,2026-04-03,09:35:00,49700,49750,49600,49750,2368,117690000,1152,1216
251270,2026-04-03,09:40:00,49700,49800,49600,49750,2549,126640000,982,1567
251270,2026-04-03,09:45:00,49750,49950,49650,49900,3729,185510000,2215,1514
251270,2026-04-03,09:50:00,49900,49950,49750,49850,1745,87000000,819,926
251270,2026-04-03,09:55:00,49850,49950,49650,49650,2537,126280000,529,2008
251270,2026-04-03,10:00:00,49650,49850,49650,49850,1579,78610000,917,662
251270,2026-04-03,10:05:00,49850,50100,49800,49900,1595,79620000,990,605
251270,2026-04-03,10:10:00,49900,50100,49900,49900,1227,61310000,379,848
251270,2026-04-03,10:15:00,49900,50100,49750,49900,2141,106830000,1158,983
251270,2026-04-03,10:20:00,49850,49950,49850,49900,1094,54610000,552,542
251270,2026-04-03,10:25:00,49900,49950,49750,49800,1785,89020000,616,1169
251270,2026-04-03,10:30:00,49800,49950,49700,49800,1677,83500000,1123,554
251270,2026-04-03,10:35:00,49825,49900,49700,49700,1671,83190000,572,1099
251270,2026-04-03,10:40:00,49750,49850,49600,49750,2240,111440000,867,1373
251270,2026-04-03,10:45:00,49700,49800,49700,49800,1088,54130000,609,479
251270,2026-04-03,10:50:00,49800,49850,49650,49800,2530,125810000,1245,1285
251270,2026-04-03,10:55:00,49800,49850,49650,49750,2923,145470000,1451,1472
251270,2026-04-03,11:00:00,49750,50500,49750,50400,6439,322510000,4298,2141
251270,2026-04-03,11:05:00,50500,50500,50200,50200,5536,278890000,2042,3494
251270,2026-04-03,11:10:00,50200,50400,49850,50000,3294,165000000,1509,1785
251270,2026-04-03,11:15:00,50200,50600,50000,50500,6927,348960000,5510,1417
251270,2026-04-03,11:20:00,50600,50700,50400,50700,5907,298960000,3629,2278
251270,2026-04-03,11:25:00,50700,50700,50500,50600,5668,286940000,2410,3258
251270,2026-04-03,11:30:00,50500,50700,50500,50550,2142,108400000,977,1165
251270,2026-04-03,11:35:00,50600,50700,50500,50600,2074,105030000,1105,969
251270,2026-04-03,11:40:00,50600,50700,50600,50700,2473,125310000,1790,683
251270,2026-04-03,11:45:00,50700,50800,50600,50700,2768,140220000,1293,1475
251270,2026-04-03,11:50:00,50700,50800,50600,50800,3672,186190000,1195,2477
251270,2026-04-03,11:55:00,50700,50900,50700,50800,3520,178780000,1798,1722
251270,2026-04-03,12:00:00,50700,50900,50700,50800,2214,112560000,1434,780
251270,2026-04-03,12:05:00,50800,51000,50800,50900,3505,178610000,2290,1215
251270,2026-04-03,12:10:00,51000,51000,50900,51000,1862,94890000,1095,767
251270,2026-04-03,12:15:00,50900,51100,50900,50900,2072,105660000,1226,846
251270,2026-04-03,12:20:00,50900,51000,50900,51000,1709,87070000,878,831
251270,2026-04-03,12:25:00,51000,51200,50900,51200,7042,359480000,5374,1668
251270,2026-04-03,12:30:00,51200,51300,51100,51300,1975,101190000,1440,535
251270,2026-04-03,12:35:00,51300,51300,51100,51300,5082,260220000,1265,3817
251270,2026-04-03,12:40:00,51200,51300,51100,51200,1311,67130000,496,815
251270,2026-04-03,12:45:00,51200,51200,51000,51200,2698,137910000,562,2136
251270,2026-04-03,12:50:00,51000,51100,51000,51100,1907,97350000,626,1281
251270,2026-04-03,12:55:00,50900,51100,50900,51100,1020,52030000,668,352
251270,2026-04-03,13:00:00,51100,51100,50900,51000,1855,94640000,667,1188
251270,2026-04-03,13:05:00,50900,51100,50900,51100,1435,73210000,626,809
251270,2026-04-03,13:10:00,51000,51000,50800,50900,951,48430000,466,485
251270,2026-04-03,13:15:00,51000,51100,50700,50800,2015,102510000,611,1404
251270,2026-04-03,13:20:00,50800,50900,50800,50900,651,33120000,552,99
251270,2026-04-03,13:25:00,50900,51100,50600,51000,4475,227660000,2500,1975
251270,2026-04-03,13:30:00,51100,51300,50900,51100,7002,357720000,4731,2271
251270,2026-04-03,13:35:00,51100,51100,50900,50900,2576,131340000,1311,1265
251270,2026-04-03,13:40:00,50900,51000,50700,50800,3048,155180000,1649,1399
251270,2026-04-03,13:45:00,50800,51000,50700,50900,3576,181860000,2370,1206
251270,2026-04-03,13:50:00,50900,51000,50700,50900,3629,184550000,1843,1786
251270,2026-04-03,13:55:00,50900,51000,50700,50900,3541,180130000,1929,1612
251270,2026-04-03,14:00:00,50900,50900,50700,50800,2371,120620000,1616,755
251270,2026-04-03,14:05:00,50800,50900,50600,50700,2450,124280000,1112,1338
251270,2026-04-03,14:10:00,50600,50700,50200,50400,3071,155170000,1335,1736
251270,2026-04-03,14:15:00,50600,50700,50400,50600,2374,120170000,1423,951
251270,2026-04-03,14:20:00,50500,50700,50300,50300,1524,76950000,708,816
251270,2026-04-03,14:25:00,50400,50700,50300,50500,1791,90400000,758,1033
251270,2026-04-03,14:30:00,50400,50500,50200,50300,1703,85760000,348,1355
251270,2026-04-03,14:35:00,50300,50500,50200,50500,1831,92180000,1263,568
251270,2026-04-03,14:40:00,50300,50500,50300,50400,1737,87460000,921,816
251270,2026-04-03,14:45:00,50400,50500,50200,50200,1953,98320000,1126,827
251270,2026-04-03,14:50:00,50200,50600,50200,50200,6122,307770000,3026,3096
251270,2026-04-03,14:55:00,50300,50500,50200,50400,1686,84870000,945,741
251270,2026-04-03,15:00:00,50400,50400,50200,50200,1698,85340000,417,1281
251270,2026-04-03,15:05:00,50300,50300,50100,50200,2189,109920000,1033,1156
251270,2026-04-03,15:10:00,50200,50300,50100,50200,1873,94030000,1333,540
251270,2026-04-03,15:15:00,50200,50300,50200,50200,1456,73140000,485,971
251270,2026-04-03,15:20:00,50200,50500,50100,50200,3169,159320000,1162,2007
251270,2026-04-03,15:30:00,50000,50000,50000,50000,3681,184050000,3681,0
251270,2026-04-06,09:05:00,50200,50600,50000,50200,2774,139480000,1451,1323
251270,2026-04-06,09:10:00,50300,50400,50000,50100,1117,56090000,288,829
251270,2026-04-06,09:15:00,50100,50600,50100,50400,1434,72200000,319,1115
251270,2026-04-06,09:20:00,50400,50700,50200,50300,2009,101270000,944,1065
251270,2026-04-06,09:25:00,50300,50300,49950,50000,2150,107790000,440,1710
251270,2026-04-06,09:30:00,50000,50100,49900,50000,2177,108780000,533,1644
251270,2026-04-06,09:35:00,50000,50200,49900,49950,1471,73550000,748,723
251270,2026-04-06,09:40:00,49950,50100,49900,49950,1384,69160000,726,658
251270,2026-04-06,09:45:00,49950,50200,49950,50000,1418,71010000,910,508
251270,2026-04-06,09:50:00,50000,50100,49900,49950,3000,150050000,534,2466
251270,2026-04-06,09:55:00,49900,50300,49900,50200,2256,113030000,1354,902
251270,2026-04-06,10:00:00,50000,50300,50000,50100,1117,56050000,621,496
251270,2026-04-06,10:05:00,50100,50500,50100,50200,1150,57850000,587,563
251270,2026-04-06,10:10:00,50200,50400,50100,50200,1192,59910000,412,780
251270,2026-04-06,10:15:00,50200,50300,50100,50100,1055,53010000,498,557
251270,2026-04-06,10:20:00,50100,50300,50000,50100,1073,53800000,396,677
251270,2026-04-06,10:25:00,50000,50100,49900,50000,5599,279810000,2728,2871
251270,2026-04-06,10:30:00,49950,50100,49950,50000,3356,167810000,507,2849
251270,2026-04-06,10:35:00,50000,50100,49900,49900,2972,148500000,704,2268
251270,2026-04-06,10:40:00,49950,50200,49900,50000,1516,75770000,519,997
251270,2026-04-06,10:45:00,49950,50200,49900,50100,1541,77040000,482,1059
251270,2026-04-06,10:50:00,50000,50200,49900,49950,1881,94050000,485,1396
251270,2026-04-06,10:55:00,49950,50100,49900,49900,3481,173900000,807,2674
251270,2026-04-06,11:00:00,49900,49900,49750,49800,5163,257200000,2373,2790
251270,2026-04-06,11:05:00,49800,49900,49650,49650,3227,160660000,951,2276
251270,2026-04-06,11:10:00,49650,50100,49650,50100,1660,82790000,1181,479
251270,2026-04-06,11:15:00,50000,50500,50000,50400,3712,186580000,2000,1712
251270,2026-04-06,11:20:00,50400,50800,50200,50700,4217,212950000,2025,2192
251270,2026-04-06,11:25:00,50500,50600,50300,50400,3308,167010000,1744,1564
251270,2026-04-06,11:30:00,50400,50500,50200,50400,1589,80110000,606,983
251270,2026-04-06,11:35:00,50400,50600,50300,50400,1925,97000000,701,1224
251270,2026-04-06,11:40:00,50400,50500,50300,50300,1073,54050000,388,685
251270,2026-04-06,11:45:00,50300,50400,50000,50200,2326,116700000,836,1490
251270,2026-04-06,11:50:00,50200,50300,50000,50000,994,49870000,322,672
251270,2026-04-06,11:55:00,50000,50200,49950,50000,1655,82810000,670,985
251270,2026-04-06,12:00:00,50000,50200,49950,50000,2453,122760000,469,1984
251270,2026-04-06,12:05:00,49950,50200,49950,50100,751,37590000,422,329
251270,2026-04-06,12:10:00,50000,50200,49950,50000,759,38010000,373,386
251270,2026-04-06,12:15:00,50100,50200,50000,50100,807,40480000,432,375
251270,2026-04-06,12:20:00,50000,50100,49900,49950,1237,61870000,375,862
251270,2026-04-06,12:25:00,49900,50000,49900,50000,1673,83520000,617,1056
251270,2026-04-06,12:30:00,49950,50000,49950,50000,693,34640000,476,217
251270,2026-04-06,12:35:00,50000,50100,49900,49950,1112,55570000,719,393
251270,2026-04-06,12:40:00,50000,50100,50000,50000,740,37050000,465,275
251270,2026-04-06,12:45:00,50200,50200,50000,50000,719,36020000,453,266
251270,2026-04-06,12:50:00,50000,50200,49950,50100,794,39750000,469,325
251270,2026-04-06,12:55:00,50000,50200,49950,50000,1174,58730000,837,337
251270,2026-04-06,13:00:00,50000,50100,49950,50100,701,35090000,457,244
251270,2026-04-06,13:05:00,50000,50200,49950,49950,1318,66010000,803,515
251270,2026-04-06,13:10:00,50000,50200,49950,50100,798,39980000,420,378
251270,2026-04-06,13:15:00,50100,50100,49950,50100,876,43840000,439,437
251270,2026-04-06,13:20:00,50000,50200,49950,49950,608,30400000,388,220
251270,2026-04-06,13:25:00,50000,50000,49750,49850,4082,203590000,1984,2098
251270,2026-04-06,13:30:00,49850,49850,49750,49750,2260,112570000,1948,312
251270,2026-04-06,13:35:00,49800,49850,49750,49800,1686,83960000,978,708
251270,2026-04-06,13:40:00,49850,49950,49800,49850,991,49450000,560,431
251270,2026-04-06,13:45:00,49850,50000,49850,49900,837,41770000,373,464
251270,2026-04-06,13:50:00,49950,50000,49900,50000,872,43580000,645,227
251270,2026-04-06,13:55:00,50000,50000,49900,49900,942,47070000,439,503
251270,2026-04-06,14:00:00,49900,50000,49800,49800,991,49440000,215,776
251270,2026-04-06,14:05:00,49800,49900,49800,49800,1241,61860000,530,711
251270,2026-04-06,14:10:00,49900,49900,49800,49900,1372,68440000,382,990
251270,2026-04-06,14:15:00,49900,50000,49850,49900,1251,62470000,589,662
251270,2026-04-06,14:20:00,49900,50000,49800,49850,1733,86540000,521,1212
251270,2026-04-06,14:25:00,49850,50000,49850,49950,817,40840000,620,197
251270,2026-04-06,14:30:00,49950,50100,49800,49850,3569,178460000,691,2878
251270,2026-04-06,14:35:00,49850,49900,49800,49900,1681,83840000,1014,667
251270,2026-04-06,14:40:00,49850,49900,49850,49900,764,38120000,693,71
251270,2026-04-06,14:45:00,49900,49900,49850,49900,2611,130190000,753,1858
251270,2026-04-06,14:50:00,49850,49950,49750,49800,4345,216750000,1191,3154
251270,2026-04-06,14:55:00,49850,49900,49800,49800,2349,117070000,604,1745
251270,2026-04-06,15:00:00,49850,49850,49800,49800,517,25760000,286,231
251270,2026-04-06,15:05:00,49850,49850,49750,49750,1130,56280000,285,845
251270,2026-04-06,15:10:00,49750,49850,49750,49850,1923,95730000,1256,667
251270,2026-04-06,15:15:00,49800,49850,49750,49800,1059,52750000,273,786
251270,2026-04-06,15:20:00,49800,49850,49750,49750,1303,64860000,523,780
251270,2026-04-06,15:30:00,49700,49700,49700,49700,6845,340190000,6845,0
251270,2026-04-07,09:05:00,49600,49900,49250,49450,10279,508790000,3505,6774
251270,2026-04-07,09:10:00,49450,49450,49000,49100,10194,501220000,2436,7758
251270,2026-04-07,09:15:00,49050,49600,49050,49550,2535,125150000,1235,1300
251270,2026-04-07,09:20:00,49600,49650,49350,49550,3286,162690000,1306,1980
251270,2026-04-07,09:25:00,49550,49650,49450,49500,2382,117980000,1433,949
251270,2026-04-07,09:30:00,49500,49650,49400,49600,3375,167140000,2108,1267
251270,2026-04-07,09:35:00,49650,49650,49500,49600,2139,105980000,1087,1052
251270,2026-04-07,09:40:00,49600,49650,49500,49600,2311,114560000,876,1435
251270,2026-04-07,09:45:00,49600,49700,49500,49600,2463,122140000,987,1476
251270,2026-04-07,09:50:00,49600,49700,49550,49650,2099,104120000,965,1134
251270,2026-04-07,09:55:00,49650,49800,49500,49650,2054,101940000,1031,1023
251270,2026-04-07,10:00:00,49600,49750,49550,49750,1897,94200000,1098,799
251270,2026-04-07,10:05:00,49650,49750,49550,49650,3252,161370000,934,2318
251270,2026-04-07,10:10:00,49600,49700,49500,49600,2480,123000000,1174,1306
251270,2026-04-07,10:15:00,49550,49600,49400,49450,3581,177200000,677,2904
251270,2026-04-07,10:20:00,49450,49500,49350,49500,2326,114920000,1216,1110
251270,2026-04-07,10:25:00,49450,49500,49300,49300,1976,97600000,562,1414
251270,2026-04-07,10:30:00,49300,49450,49300,49350,1823,89950000,746,1077
251270,2026-04-07,10:35:00,49350,49500,49250,49300,2203,108730000,1102,1101
251270,2026-04-07,10:40:00,49300,49450,49200,49250,2121,104510000,709,1412
251270,2026-04-07,10:45:00,49250,49300,49150,49250,3032,149190000,1402,1630
251270,2026-04-07,10:50:00,49150,49450,49150,49300,2601,128300000,1169,1432
251270,2026-04-07,10:55:00,49250,49350,49150,49150,3188,157020000,915,2273
251270,2026-04-07,11:00:00,49100,49250,49000,49000,3984,195610000,939,3045
251270,2026-04-07,11:05:00,49000,49250,49000,49050,3780,185500000,2335,1445
251270,2026-04-07,11:10:00,49050,49250,49050,49200,1995,98070000,932,1063
251270,2026-04-07,11:15:00,49200,49250,49050,49100,1912,93940000,974,938
251270,2026-04-07,11:20:00,49050,49250,48950,49050,3395,166420000,778,2617
251270,2026-04-07,11:25:00,49050,49100,48950,49100,1879,92120000,739,1140
251270,2026-04-07,11:30:00,49100,49150,49000,49050,3140,154170000,1134,2006
251270,2026-04-07,11:35:00,49050,49150,48950,49100,2058,100920000,1021,1037
251270,2026-04-07,11:40:00,49100,49100,48950,49000,1898,93020000,860,1038
251270,2026-04-07,11:45:00,49000,49100,48950,49100,1621,79480000,673,948
251270,2026-04-07,11:50:00,49100,49150,49050,49050,1782,87490000,889,893
251270,2026-04-07,11:55:00,49000,49200,49000,49100,2143,105190000,1184,959
251270,2026-04-07,12:00:00,49100,49200,49000,49150,1602,78670000,812,790
251270,2026-04-07,12:05:00,49000,49200,49000,49000,1313,64450000,688,625
251270,2026-04-07,12:10:00,49050,49200,49000,49150,1362,66840000,604,758
251270,2026-04-07,12:15:00,49150,49250,49000,49200,2071,101790000,1357,714
251270,2026-04-07,12:20:00,49200,49250,48950,48950,1742,85510000,587,1155
251270,2026-04-07,12:25:00,48950,49150,48950,49100,2078,101860000,1150,928
251270,2026-04-07,12:30:00,49150,49200,49000,49100,1876,92090000,933,943
251270,2026-04-07,12:35:00,49100,49150,48900,49000,2959,145080000,1232,1727
251270,2026-04-07,12:40:00,49050,49100,48900,49000,2426,118890000,927,1499
251270,2026-04-07,12:45:00,49000,49050,48750,49000,2533,123910000,813,1720
251270,2026-04-07,12:50:00,48950,48950,48850,48950,2030,99300000,1210,820
251270,2026-04-07,12:55:00,48900,49050,48850,48900,1657,81060000,839,818
251270,2026-04-07,13:00:00,48850,49050,48800,48850,2275,111260000,1294,981
251270,2026-04-07,13:05:00,48850,48900,48800,48800,1759,85950000,1029,730
251270,2026-04-07,13:10:00,48800,48950,48750,48850,1876,91590000,750,1126
251270,2026-04-07,13:15:00,48850,48900,48650,48700,2847,138750000,1083,1764
251270,2026-04-07,13:20:00,48650,48750,48550,48550,2345,114020000,769,1576
251270,2026-04-07,13:25:00,48550,48700,48550,48650,2096,101860000,792,1304
251270,2026-04-07,13:30:00,48650,48650,48550,48600,2562,124470000,1027,1535
251270,2026-04-07,13:35:00,48550,48650,48550,48550,3180,154560000,1400,1780
251270,2026-04-07,13:40:00,48550,48600,48500,48600,3365,163370000,1811,1554
251270,2026-04-07,13:45:00,48550,48600,48500,48500,1596,77470000,964,632
251270,2026-04-07,13:50:00,48500,48600,48500,48550,2267,109970000,483,1784
251270,2026-04-07,13:55:00,48500,48600,48450,48500,3337,161950000,1540,1797
251270,2026-04-07,14:00:00,48500,48650,48500,48550,1582,76850000,608,974
251270,2026-04-07,14:05:00,48550,48650,48550,48600,3581,174020000,1521,2060
251270,2026-04-07,14:10:00,48600,48650,48550,48600,1499,72850000,635,864
251270,2026-04-07,14:15:00,48600,48650,48500,48550,2043,99180000,684,1359
251270,2026-04-07,14:20:00,48500,48750,48500,48650,1974,95960000,1233,741
251270,2026-04-07,14:25:00,48600,48750,48600,48650,4152,202110000,1902,2250
251270,2026-04-07,14:30:00,48650,48650,48550,48550,1647,80040000,768,879
251270,2026-04-07,14:35:00,48600,48650,48550,48600,1831,88950000,981,850
251270,2026-04-07,14:40:00,48550,48700,48550,48600,1732,84150000,840,892
251270,2026-04-07,14:45:00,48600,48700,48550,48550,1460,70930000,714,746
251270,2026-04-07,14:50:00,48550,48600,48450,48450,2759,133870000,1165,1594
251270,2026-04-07,14:55:00,48550,48650,48450,48550,2905,140920000,2022,883
251270,2026-04-07,15:00:00,48550,48650,48500,48550,1716,83300000,859,857
251270,2026-04-07,15:05:00,48600,48700,48550,48650,2774,134870000,1309,1465
251270,2026-04-07,15:10:00,48600,48750,48500,48600,4676,227410000,1786,2890
251270,2026-04-07,15:15:00,48550,48700,48500,48700,2992,145380000,1971,1021
251270,2026-04-07,15:20:00,48650,48950,48600,48750,2413,117720000,1842,571
251270,2026-04-07,15:30:00,48700,48700,48700,48700,6713,326930000,6713,0
251270,2026-04-08,09:05:00,50400,50900,50300,50400,9003,455380000,5047,3956
251270,2026-04-08,09:10:00,50300,50700,50200,50600,3972,200680000,2489,1483
251270,2026-04-08,09:15:00,50600,50800,50500,50600,3830,194120000,1926,1904
251270,2026-04-08,09:20:00,50600,50900,50500,50500,4973,251900000,3773,1200
251270,2026-04-08,09:25:00,50500,50800,50400,50400,2633,133330000,851,1782
251270,2026-04-08,09:30:00,50400,50600,50300,50400,2693,135760000,859,1834
251270,2026-04-08,09:35:00,50400,50500,50200,50300,2182,109820000,854,1328
251270,2026-04-08,09:40:00,50300,50500,50200,50400,2706,136230000,1377,1329
251270,2026-04-08,09:45:00,50400,50500,50200,50300,1717,86510000,390,1327
251270,2026-04-08,09:50:00,50300,50700,50200,50700,2295,115670000,1144,1151
251270,2026-04-08,09:55:00,50600,50700,50500,50600,1384,70010000,446,938
251270,2026-04-08,10:00:00,50500,50500,50300,50300,1728,87160000,635,1093
251270,2026-04-08,10:05:00,50300,50400,50200,50200,1855,93270000,465,1390
251270,2026-04-08,10:10:00,50200,50500,50100,50200,2051,103110000,1003,1048
251270,2026-04-08,10:15:00,50200,50500,50100,50200,1577,79210000,679,898
251270,2026-04-08,10:20:00,50200,50400,50200,50300,1311,65940000,543,768
251270,2026-04-08,10:25:00,50300,50400,50200,50300,889,44710000,495,394
251270,2026-04-08,10:30:00,50400,50500,50300,50400,1603,80810000,1171,432
251270,2026-04-08,10:35:00,50400,50600,50400,50600,1847,93280000,1350,497
251270,2026-04-08,10:40:00,50600,50700,50500,50600,975,49350000,303,672
251270,2026-04-08,10:45:00,50600,50600,50200,50600,3986,201190000,877,3109
251270,2026-04-08,10:50:00,50500,50600,50400,50500,1303,65770000,664,639
251270,2026-04-08,10:55:00,50500,50600,50300,50400,1352,68200000,420,932
251270,2026-04-08,11:00:00,50400,50500,50300,50400,1682,84790000,402,1280
251270,2026-04-08,11:05:00,50300,50600,50300,50500,1843,92980000,1232,611
251270,2026-04-08,11:10:00,50500,50700,50400,50500,1488,75210000,576,912
251270,2026-04-08,11:15:00,50500,50500,50400,50400,903,45570000,365,538
251270,2026-04-08,11:20:00,50500,50600,50400,50400,1923,97000000,574,1349
251270,2026-04-08,11:25:00,50400,50700,50300,50400,1746,88160000,692,1054
251270,2026-04-08,11:30:00,50400,50700,50400,50500,962,48590000,351,611
251270,2026-04-08,11:35:00,50600,50700,50500,50600,1168,59080000,361,807
251270,2026-04-08,11:40:00,50600,50700,50400,50500,2967,149810000,737,2230
251270,2026-04-08,11:45:00,50400,50500,50300,50400,1144,57650000,174,970
251270,2026-04-08,11:50:00,50400,50500,50300,50400,1000,50420000,348,652
251270,2026-04-08,11:55:00,50400,50500,50300,50400,1582,79700000,923,659
251270,2026-04-08,12:00:00,50400,50800,50400,50700,3012,152540000,1380,1632
251270,2026-04-08,12:05:00,50600,50700,50600,50600,1013,51300000,383,630
251270,2026-04-08,12:10:00,50700,50800,50600,50600,1512,76570000,549,963
251270,2026-04-08,12:15:00,50500,50700,50500,50600,1299,65670000,675,624
251270,2026-04-08,12:20:00,50500,50700,50500,50600,1848,93490000,397,1451
251270,2026-04-08,12:25:00,50500,50700,50500,50600,1393,70440000,498,895
251270,2026-04-08,12:30:00,50500,50600,50500,50500,1658,83760000,391,1267
251270,2026-04-08,12:35:00,50500,50700,50500,50500,2517,127270000,838,1679
251270,2026-04-08,12:40:00,50500,50600,50400,50400,1024,51740000,493,531
251270,2026-04-08,12:45:00,50400,50600,50400,50400,1234,62280000,572,662
251270,2026-04-08,12:50:00,50400,50500,50300,50500,3367,169700000,561,2806
251270,2026-04-08,12:55:00,50400,50500,50300,50300,886,44640000,387,499
251270,2026-04-08,13:00:00,50300,50500,50300,50300,699,35220000,195,504
251270,2026-04-08,13:05:00,50300,50500,50300,50400,1379,69570000,641,738
251270,2026-04-08,13:10:00,50400,50500,50200,50300,2045,102900000,415,1630
251270,2026-04-08,13:15:00,50300,50400,50300,50400,1140,57390000,531,609
251270,2026-04-08,13:20:00,50300,50400,50200,50200,1070,53860000,411,659
251270,2026-04-08,13:25:00,50200,50400,50200,50200,1219,61290000,351,868
251270,2026-04-08,13:30:00,50200,50300,50100,50200,1437,72190000,636,801
251270,2026-04-08,13:35:00,50200,50200,50100,50200,1321,66270000,492,829
251270,2026-04-08,13:40:00,50200,50300,50100,50200,3235,162270000,701,2534
251270,2026-04-08,13:45:00,50100,50200,50000,50000,3212,160880000,1013,2199
251270,2026-04-08,13:50:00,50100,50200,50000,50000,1817,90970000,921,896
251270,2026-04-08,13:55:00,50000,50300,50000,50100,2094,104910000,1123,971
251270,2026-04-08,14:00:00,50100,50200,50000,50100,2280,114230000,807,1473
251270,2026-04-08,14:05:00,50000,50400,50000,50200,3062,153750000,1529,1533
251270,2026-04-08,14:10:00,50200,50300,50100,50200,2908,145920000,836,2072
251270,2026-04-08,14:15:00,50100,50200,50100,50100,1929,96690000,508,1421
251270,2026-04-08,14:20:00,50100,50200,50100,50100,1846,92520000,412,1434
251270,2026-04-08,14:25:00,50100,50200,50100,50100,1704,85410000,565,1139
251270,2026-04-08,14:30:00,50100,50200,50100,50100,1893,94880000,414,1479
251270,2026-04-08,14:35:00,50100,50200,50100,50100,1619,81150000,529,1090
251270,2026-04-08,14:40:00,50100,50200,50100,50100,2708,135740000,769,1939
251270,2026-04-08,14:45:00,50100,50200,50100,50100,1050,52650000,448,602
251270,2026-04-08,14:50:00,50100,50200,50000,50100,2556,128100000,1223,1333
251270,2026-04-08,14:55:00,50100,50200,50000,50000,1094,54790000,588,506
251270,2026-04-08,15:00:00,50100,50500,50000,50400,2280,114540000,1351,929
251270,2026-04-08,15:05:00,50400,50400,50300,50300,1147,57740000,139,1008
251270,2026-04-08,15:10:00,50200,50300,50200,50200,1493,74960000,95,1398
251270,2026-04-08,15:15:00,50200,50300,50100,50200,1514,76010000,1056,458
251270,2026-04-08,15:20:00,50200,50300,50100,50200,1603,80420000,357,1246
251270,2026-04-08,15:30:00,50200,50200,50200,50200,5210,261540000,5210,0
251270,2026-04-09,09:05:00,50300,51000,50300,50700,6321,320660000,5406,915
251270,2026-04-09,09:10:00,50800,50900,50500,50600,4186,212260000,2927,1259
251270,2026-04-09,09:15:00,50700,51000,50600,51000,4300,218590000,3422,878
251270,2026-04-09,09:20:00,51000,51100,50800,50900,9919,505420000,7366,2553
251270,2026-04-09,09:25:00,51000,51500,50900,51400,10371,530290000,8559,1812
251270,2026-04-09,09:30:00,51400,51500,50900,50900,5422,277430000,1897,3525
251270,2026-04-09,09:35:00,51000,51000,50500,50700,2054,104330000,789,1265
251270,2026-04-09,09:40:00,50600,50800,50400,50400,2396,121060000,727,1669
251270,2026-04-09,09:45:00,50500,50500,50000,50100,6051,303850000,1066,4985
251270,2026-04-09,09:50:00,50100,50100,49750,49750,5935,296270000,1310,4625
251270,2026-04-09,09:55:00,49750,50000,49750,49950,2484,123920000,1343,1141
251270,2026-04-09,10:00:00,49950,49950,49700,49800,10784,537450000,2912,7872
251270,2026-04-09,10:05:00,49800,49800,49600,49700,4934,245250000,1546,3388
251270,2026-04-09,10:10:00,49750,49750,49450,49500,10655,528940000,2207,8448
251270,2026-04-09,10:15:00,49550,49600,49400,49500,3191,157940000,972,2219
251270,2026-04-09,10:20:00,49550,49600,49400,49500,3596,178020000,1807,1789
251270,2026-04-09,10:25:00,49500,49750,49500,49650,4173,207130000,2581,1592
251270,2026-04-09,10:30:00,49650,49800,49600,49600,1806,89800000,712,1094
251270,2026-04-09,10:35:00,49600,49800,49550,49700,1592,79060000,771,821
251270,2026-04-09,10:40:00,49700,49850,49650,49650,2568,127700000,788,1780
251270,2026-04-09,10:45:00,49650,49800,49600,49700,1706,84730000,608,1098
251270,2026-04-09,10:50:00,49650,49800,49600,49750,1702,84610000,784,918
251270,2026-04-09,10:55:00,49650,49850,49600,49800,2462,122480000,1217,1245
251270,2026-04-09,11:00:00,49800,49800,49600,49700,2234,111030000,1012,1222
251270,2026-04-09,11:05:00,49700,49800,49600,49600,1704,84710000,558,1146
251270,2026-04-09,11:10:00,49600,49750,49550,49650,1680,83410000,711,969
251270,2026-04-09,11:15:00,49650,49800,49600,49750,2450,121720000,584,1866
251270,2026-04-09,11:20:00,49750,49800,49650,49800,1381,68650000,501,880
251270,2026-04-09,11:25:00,49750,49800,49650,49650,1829,90970000,896,933
251270,2026-04-09,11:30:00,49650,49700,49600,49600,1686,83700000,738,948
251270,2026-04-09,11:35:00,49600,49700,49550,49650,1342,66600000,536,806
251270,2026-04-09,11:40:00,49650,49750,49600,49700,1556,77270000,516,1040
251270,2026-04-09,11:45:00,49700,49800,49650,49750,2342,116490000,787,1555
251270,2026-04-09,11:50:00,49750,49800,49650,49650,1528,75950000,747,781
251270,2026-04-09,11:55:00,49650,49800,49600,49800,1593,79170000,808,785
251270,2026-04-09,12:00:00,49700,49850,49700,49850,1303,64870000,527,776
251270,2026-04-09,12:05:00,49850,49900,49750,49750,2597,129330000,1487,1110
251270,2026-04-09,12:10:00,49850,49850,49750,49800,1225,61010000,627,598
251270,2026-04-09,12:15:00,49850,49850,49750,49800,1423,70840000,822,601
251270,2026-04-09,12:20:00,49800,49850,49750,49800,1579,78640000,827,752
251270,2026-04-09,12:25:00,49800,49900,49800,49800,1440,71770000,485,955
251270,2026-04-09,12:30:00,49800,50000,49800,49900,1264,63080000,589,675
251270,2026-04-09,12:35:00,50000,50200,49900,50100,2889,144560000,1289,1600
251270,2026-04-09,12:40:00,50100,50200,50000,50200,2330,116860000,1147,1183
251270,2026-04-09,12:45:00,50000,50100,50000,50000,1630,81590000,735,895
251270,2026-04-09,12:50:00,50000,50100,50000,50100,1725,86320000,736,989
251270,2026-04-09,12:55:00,50000,50100,50000,50000,1847,92450000,974,873
251270,2026-04-09,13:00:00,50100,50200,50000,50100,1586,79410000,892,694
251270,2026-04-09,13:05:00,50100,50200,50000,50000,1122,56200000,410,712
251270,2026-04-09,13:10:00,50000,50200,50000,50000,1575,78900000,515,1060
251270,2026-04-09,13:15:00,50000,50100,50000,50000,1319,66020000,642,677
251270,2026-04-09,13:20:00,50000,50100,49950,50000,3113,155680000,1744,1369
251270,2026-04-09,13:25:00,50000,50200,49950,50000,3652,182870000,2075,1577
251270,2026-04-09,13:30:00,50000,50300,50000,50200,3297,165370000,1402,1895
251270,2026-04-09,13:35:00,50200,50300,50100,50200,2554,128350000,1585,969
251270,2026-04-09,13:40:00,50200,50300,50200,50200,1543,77530000,664,879
251270,2026-04-09,13:45:00,50200,50400,50100,50300,2104,105720000,1454,650
251270,2026-04-09,13:50:00,50300,50400,50200,50200,2046,102860000,1065,981
251270,2026-04-09,13:55:00,50200,50400,50100,50400,2564,128920000,1459,1105
251270,2026-04-09,14:00:00,50300,50400,50100,50300,2860,143790000,1422,1438
251270,2026-04-09,14:05:00,50200,50400,50100,50300,2433,122210000,1346,1087
251270,2026-04-09,14:10:00,50200,50400,50100,50200,2028,101990000,1097,931
251270,2026-04-09,14:15:00,50300,50300,50100,50100,1991,100010000,892,1099
251270,2026-04-09,14:20:00,50200,50400,50100,50200,1704,85600000,902,802
251270,2026-04-09,14:25:00,50200,50300,50000,50100,1456,73050000,543,913
251270,2026-04-09,14:30:00,50100,50200,50000,50200,1695,84980000,987,708
251270,2026-04-09,14:35:00,50000,50300,49950,50100,1618,81080000,898,720
251270,2026-04-09,14:40:00,50000,50200,49950,50000,2229,111560000,893,1336
251270,2026-04-09,14:45:00,50100,50200,49950,50100,2313,115730000,1128,1185
251270,2026-04-09,14:50:00,50100,50300,50000,50100,1884,94520000,1098,786
251270,2026-04-09,14:55:00,50200,50200,49950,50000,2579,129110000,839,1740
251270,2026-04-09,15:00:00,50100,50200,49950,49950,2439,122010000,807,1632
251270,2026-04-09,15:05:00,49950,50400,49950,50200,2951,148120000,1515,1436
251270,2026-04-09,15:10:00,50200,50400,50000,50300,2270,113920000,634,1636
251270,2026-04-09,15:15:00,50200,50400,50100,50200,2822,141850000,522,2300
251270,2026-04-09,15:20:00,50300,50400,50000,50300,3525,177000000,961,2564
251270,2026-04-09,15:30:00,50000,50000,50000,50000,32580,1629000000,32580,0
251270,2026-04-10,09:05:00,50100,50500,50000,50100,4710,236590000,3617,1093
251270,2026-04-10,09:10:00,50200,50800,50100,50400,12883,651280000,9448,3435
251270,2026-04-10,09:15:00,50400,50400,49850,49850,9399,471030000,5330,4069
251270,2026-04-10,09:20:00,49900,50200,49850,50100,8812,440270000,6935,1877
251270,2026-04-10,09:25:00,50000,50100,49950,50000,3121,156050000,2276,845
251270,2026-04-10,09:30:00,50000,50300,49950,50200,7634,382250000,7182,452
251270,2026-04-10,09:35:00,50300,50400,50100,50200,5777,290440000,3745,2032
251270,2026-04-10,09:40:00,50100,50300,50100,50300,4358,218840000,3544,814
251270,2026-04-10,09:45:00,50300,50300,50200,50200,2718,136650000,2086,632
251270,2026-04-10,09:50:00,50200,50200,50000,50100,5033,252320000,1610,3423
251270,2026-04-10,09:55:00,50000,50100,49900,49950,2284,114170000,540,1744
251270,2026-04-10,10:00:00,49900,50250,49900,50200,19316,965350000,17139,2177
251270,2026-04-10,10:05:00,50200,50200,49950,49950,1220,61080000,491,729
251270,2026-04-10,10:10:00,50000,50000,49850,49850,3700,184820000,1782,1918
251270,2026-04-10,10:15:00,49850,49900,49850,49850,6187,308720000,6040,147
251270,2026-04-10,10:20:00,49850,50100,49850,50000,8865,442610000,8185,680
251270,2026-04-10,10:25:00,50100,50100,50000,50100,1538,77020000,1201,337
251270,2026-04-10,10:30:00,50000,50100,50000,50100,2095,104930000,1875,220
251270,2026-04-10,10:35:00,50000,50100,50000,50100,6244,312810000,6119,125
251270,2026-04-10,10:40:00,50100,50100,50000,50000,1669,83610000,1506,163
251270,2026-04-10,10:45:00,50000,50100,49900,50000,13360,667480000,9139,4221
251270,2026-04-10,10:50:00,50000,50000,49950,49950,2651,132490000,1496,1155
251270,2026-04-10,10:55:00,50000,50000,49650,49850,15369,765020000,9402,5967
251270,2026-04-10,11:00:00,49800,49900,49800,49800,3168,157880000,2165,1003
251270,2026-04-10,11:05:00,49850,50200,49800,50100,5975,298350000,5439,536
251270,2026-04-10,11:10:00,50100,50100,49950,50100,1576,78870000,1002,574
251270,2026-04-10,11:15:00,50100,50100,49950,50000,1304,65280000,573,731
251270,2026-04-10,11:20:00,50100,50100,50000,50000,962,48150000,530,432
251270,2026-04-10,11:25:00,50000,50100,49950,49950,3603,180070000,677,2926
251270,2026-04-10,11:30:00,49950,50000,49900,49900,1122,56060000,603,519
251270,2026-04-10,11:35:00,49900,50000,49900,49900,4103,204940000,3348,755
251270,2026-04-10,11:40:00,49950,50100,49900,49950,3706,185170000,2210,1496
251270,2026-04-10,11:45:00,50000,50100,49900,49900,3554,177510000,2479,1075
251270,2026-04-10,11:50:00,49950,50100,49850,49850,8627,430670000,6796,1831
251270,2026-04-10,11:55:00,49900,50100,49850,49950,13978,697980000,13432,546
251270,2026-04-10,12:00:00,49950,50000,49950,50000,3446,172280000,2969,477
251270,2026-04-10,12:05:00,50000,50300,49950,50200,8300,415160000,8147,153
251270,2026-04-10,12:10:00,50100,50200,50100,50200,882,44260000,739,143
251270,2026-04-10,12:15:00,50100,50200,50100,50200,828,41560000,767,61
251270,2026-04-10,12:20:00,50200,50300,50100,50200,2174,109170000,1851,323
251270,2026-04-10,12:25:00,50300,50300,50100,50200,1476,74120000,824,652
251270,2026-04-10,12:30:00,50200,50200,50100,50200,592,29710000,544,48
251270,2026-04-10,12:35:00,50200,50200,50100,50200,1332,66860000,1268,64
251270,2026-04-10,12:40:00,50200,50200,50100,50100,808,40540000,556,252
251270,2026-04-10,12:45:00,50100,50200,50000,50200,4346,217760000,2522,1824
251270,2026-04-10,12:50:00,50100,50200,50100,50200,561,28150000,517,44
251270,2026-04-10,12:55:00,50100,50300,50100,50200,4078,204720000,3437,641
251270,2026-04-10,13:00:00,50100,50300,50100,50200,1874,94110000,1042,832
251270,2026-04-10,13:05:00,50300,50300,50100,50100,2015,101150000,1558,457
251270,2026-04-10,13:10:00,50200,50300,50100,50100,1422,71380000,1138,284
251270,2026-04-10,13:15:00,50100,50300,50000,50300,6081,304940000,1943,4138
251270,2026-04-10,13:20:00,50100,50200,50000,50100,1083,54250000,675,408
251270,2026-04-10,13:25:00,50100,50100,50000,50000,1702,85180000,714,988
251270,2026-04-10,13:30:00,50000,50100,50000,50000,899,45000000,556,343
251270,2026-04-10,13:35:00,50000,50100,50000,50000,1001,50120000,673,328
251270,2026-04-10,13:40:00,50000,50100,49900,49900,3127,156320000,560,2567
251270,2026-04-10,13:45:00,49900,49950,49900,49900,1778,88770000,1122,656
251270,2026-04-10,13:50:00,49950,50200,49950,50100,7223,361080000,6537,686
251270,2026-04-10,13:55:00,50100,50100,50000,50000,1431,71660000,1085,346
251270,2026-04-10,14:00:00,50000,50200,50000,50200,1797,90030000,1384,413
251270,2026-04-10,14:05:00,50100,50200,50000,50200,1574,78890000,1223,351
251270,2026-04-10,14:10:00,50200,50200,50100,50200,984,49340000,381,603
251270,2026-04-10,14:15:00,50200,50200,50100,50200,1764,88440000,690,1074
251270,2026-04-10,14:20:00,50200,50200,50000,50100,4105,205650000,2810,1295
251270,2026-04-10,14:25:00,50200,50350,50100,50250,2391,120060000,1391,1000
251270,2026-04-10,14:30:00,50200,50300,50100,50300,2075,104230000,1455,620
251270,2026-04-10,14:35:00,50100,50400,50100,50300,2544,127860000,1482,1062
251270,2026-04-10,14:40:00,50300,50400,50200,50250,3016,151720000,2010,1006
251270,2026-04-10,14:45:00,50300,50300,50200,50200,1642,82520000,931,711
251270,2026-04-10,14:50:00,50300,50300,50200,50300,1644,82610000,785,859
251270,2026-04-10,14:55:00,50300,50300,50200,50200,1863,93590000,699,1164
251270,2026-04-10,15:00:00,50300,50300,50200,50200,3469,174420000,2705,764
251270,2026-04-10,15:05:00,50300,50400,50100,50300,4666,234670000,3198,1468
251270,2026-04-10,15:10:00,50100,50400,50100,50200,3522,176990000,2298,1224
251270,2026-04-10,15:15:00,50300,50400,50100,50200,2781,139770000,1854,927
251270,2026-04-10,15:20:00,50200,50300,50100,50200,2354,118170000,1775,579
251270,2026-04-10,15:30:00,50300,50300,50300,50300,5124,257740000,5123,0
251270,2026-04-13,09:05:00,50000,50100,49800,50100,3927,196080000,1699,2228
251270,2026-04-13,09:10:00,50100,50200,50000,50000,2275,113870000,782,1493
251270,2026-04-13,09:15:00,50100,50200,49950,49950,1886,94370000,1533,353
251270,2026-04-13,09:20:00,50200,50200,49900,50000,922,46160000,628,294
251270,2026-04-13,09:25:00,50000,50100,49750,49800,1989,99220000,713,1276
251270,2026-04-13,09:30:00,49800,49850,49650,49750,7937,394650000,3691,4246
251270,2026-04-13,09:35:00,49800,49900,49650,49900,3527,175460000,1707,1820
251270,2026-04-13,09:40:00,49900,50100,49900,50000,1207,60310000,481,726
251270,2026-04-13,09:45:00,50000,50100,49950,50000,877,43870000,629,248
251270,2026-04-13,09:50:00,50000,50100,49900,50100,762,38120000,541,221
251270,2026-04-13,09:55:00,50100,50100,49850,49950,2509,125380000,806,1703
251270,2026-04-13,10:00:00,49900,50000,49800,49950,2141,106790000,1592,549
251270,2026-04-13,10:05:00,49950,50100,49950,50100,1555,77740000,1376,179
251270,2026-04-13,10:10:00,50100,50200,50000,50200,804,40290000,634,170
251270,2026-04-13,10:15:00,50200,50200,50000,50000,1045,52380000,454,591
251270,2026-04-13,10:20:00,50000,50200,50000,50100,1953,97810000,1483,470
251270,2026-04-13,10:25:00,50100,50400,50000,50400,1841,92420000,1774,67
251270,2026-04-13,10:30:00,50400,50500,50300,50400,1142,57620000,1030,112
251270,2026-04-13,10:35:00,50500,50600,50500,50600,3421,172820000,2551,870
251270,2026-04-13,10:40:00,50500,50600,50500,50600,6468,326730000,3796,2672
251270,2026-04-13,10:45:00,50600,50800,50600,50600,5955,301930000,4042,1913
251270,2026-04-13,10:50:00,50700,50800,50500,50700,6324,320200000,3662,2662
251270,2026-04-13,10:55:00,50700,50900,50600,50900,7964,404640000,6388,1576
251270,2026-04-13,11:00:00,50800,51000,50800,51000,1634,83220000,1053,581
251270,2026-04-13,11:05:00,50900,51100,50900,51100,2055,104860000,1501,554
251270,2026-04-13,11:10:00,51100,51700,51100,51300,10510,539470000,8667,1843
251270,2026-04-13,11:15:00,51300,51600,51200,51300,9159,470330000,4707,4452
251270,2026-04-13,11:20:00,51300,51500,51200,51500,1733,89090000,1394,339
251270,2026-04-13,11:25:00,51500,51500,51100,51200,2502,128380000,905,1597
251270,2026-04-13,11:30:00,51200,51300,51000,51200,2302,117810000,812,1490
251270,2026-04-13,11:35:00,51200,51300,51100,51200,1502,76940000,990,512
251270,2026-04-13,11:40:00,51200,51300,51100,51200,2077,106380000,1549,528
251270,2026-04-13,11:45:00,51100,51300,51100,51200,822,42040000,422,400
251270,2026-04-13,11:50:00,51100,51200,51000,51000,1792,91520000,480,1312
251270,2026-04-13,11:55:00,51000,51200,51000,51100,1563,79810000,669,894
251270,2026-04-13,12:00:00,51000,51500,51000,51400,5397,277010000,3668,1729
251270,2026-04-13,12:05:00,51300,51500,51200,51200,1314,67410000,732,582
251270,2026-04-13,12:10:00,51300,51300,51000,51100,3079,157510000,809,2270
251270,2026-04-13,12:15:00,51100,51100,50900,51000,2164,110410000,569,1595
251270,2026-04-13,12:20:00,51100,51100,50900,50900,932,47550000,522,410
251270,2026-04-13,12:25:00,51000,51200,50900,51100,1198,61160000,611,587
251270,2026-04-13,12:30:00,51100,51200,50900,51100,2697,137640000,1766,931
251270,2026-04-13,12:35:00,51100,51400,51100,51300,3093,158660000,2443,650
251270,2026-04-13,12:40:00,51300,51400,51100,51200,1229,62990000,618,611
251270,2026-04-13,12:45:00,51200,51300,51100,51200,894,45740000,546,348
251270,2026-04-13,12:50:00,51200,51200,51000,51200,773,39550000,431,342
251270,2026-04-13,12:55:00,51200,51300,51100,51300,759,38840000,447,312
251270,2026-04-13,13:00:00,51200,51300,51000,51200,1437,73560000,648,789
251270,2026-04-13,13:05:00,51200,51300,51200,51300,1242,63650000,600,642
251270,2026-04-13,13:10:00,51200,51200,51100,51100,773,39550000,500,273
251270,2026-04-13,13:15:00,51200,51300,51100,51200,1072,54880000,547,525
251270,2026-04-13,13:20:00,51200,51300,51000,51200,831,42540000,309,522
251270,2026-04-13,13:25:00,51200,51200,51000,51100,2221,113360000,1283,938
251270,2026-04-13,13:30:00,51100,51100,50800,51000,1615,82280000,643,972
251270,2026-04-13,13:35:00,51000,51100,50700,50800,2194,111620000,873,1321
251270,2026-04-13,13:40:00,50700,50800,50300,50500,4792,242110000,1689,3103
251270,2026-04-13,13:45:00,50500,50500,50400,50400,3094,156080000,2315,779
251270,2026-04-13,13:50:00,50400,50500,50400,50500,1351,68180000,895,456
251270,2026-04-13,13:55:00,50400,50500,50300,50400,4788,241300000,3665,1123
251270,2026-04-13,14:00:00,50500,50600,50400,50500,4334,218840000,2241,2093
251270,2026-04-13,14:05:00,50500,50500,50400,50500,1150,58020000,656,494
251270,2026-04-13,14:10:00,50400,50500,50400,50500,1173,59200000,758,415
251270,2026-04-13,14:15:00,50400,50500,50300,50300,2412,121510000,637,1775
251270,2026-04-13,14:20:00,50300,50400,50300,50300,934,47030000,479,455
251270,2026-04-13,14:25:00,50400,50400,50300,50400,3759,189420000,3409,350
251270,2026-04-13,14:30:00,50300,50400,50200,50300,4610,231920000,2865,1745
251270,2026-04-13,14:35:00,50300,50300,50200,50300,8059,405320000,7294,765
251270,2026-04-13,14:40:00,50300,50400,50300,50300,1319,66430000,907,412
251270,2026-04-13,14:45:00,50300,50400,50200,50200,1800,90550000,541,1259
251270,2026-04-13,14:50:00,50250,50400,50200,50300,7084,356340000,6287,797
251270,2026-04-13,14:55:00,50300,50400,50300,50300,1345,67720000,650,695
251270,2026-04-13,15:00:00,50300,50400,50200,50300,4543,228360000,1277,3266
251270,2026-04-13,15:05:00,50200,50300,50200,50200,3118,156770000,2461,657
251270,2026-04-13,15:10:00,50200,50300,50200,50300,1627,81720000,455,1172
251270,2026-04-13,15:15:00,50200,50300,50200,50200,1813,91140000,1195,618
251270,2026-04-13,15:20:00,50200,50500,50200,50300,5284,265870000,4486,798
251270,2026-04-13,15:30:00,50200,50200,50200,50200,15086,757320000,15085,0
251270,2026-04-14,09:05:00,50500,50900,50500,50800,4502,227760000,2909,1593
251270,2026-04-14,09:10:00,50800,51000,50700,51000,3671,186780000,2213,1458
251270,2026-04-14,09:15:00,50900,51500,50900,51300,13897,713170000,8807,5090
251270,2026-04-14,09:20:00,51400,51500,51100,51400,10247,525830000,3866,6381
251270,2026-04-14,09:25:00,51400,51500,51300,51400,10141,521050000,5001,5140
251270,2026-04-14,09:30:00,51400,51600,51200,51500,6590,338450000,3374,3216
251270,2026-04-14,09:35:00,51500,51500,51200,51400,3754,192950000,1279,2475
251270,2026-04-14,09:40:00,51300,51400,51200,51300,3779,193610000,771,3008
251270,2026-04-14,09:45:00,51300,51500,51200,51400,5723,293680000,3571,2152
251270,2026-04-14,09:50:00,51400,51500,51400,51400,2433,125110000,1205,1228
251270,2026-04-14,09:55:00,51400,51500,51300,51400,2925,150340000,1722,1203
251270,2026-04-14,10:00:00,51300,51500,51300,51400,6346,326200000,3743,2603
251270,2026-04-14,10:05:00,51500,51500,51300,51400,2465,126750000,670,1795
251270,2026-04-14,10:10:00,51400,51500,51300,51300,1575,80920000,689,886
251270,2026-04-14,10:15:00,51300,51400,51300,51400,1220,62600000,424,796
251270,2026-04-14,10:20:00,51400,51400,51200,51200,2218,113720000,1143,1075
251270,2026-04-14,10:25:00,51200,51200,51100,51200,3207,163990000,1644,1563
251270,2026-04-14,10:30:00,51200,51300,51100,51100,1077,55210000,577,500
251270,2026-04-14,10:35:00,51200,51200,50900,51100,2583,131840000,838,1745
251270,2026-04-14,10:40:00,51000,51200,51000,51200,3279,167550000,946,2333
251270,2026-04-14,10:45:00,51000,51200,51000,51000,1178,60170000,641,537
251270,2026-04-14,10:50:00,51000,51300,51000,51100,2478,126660000,1310,1168
251270,2026-04-14,10:55:00,51100,51200,51000,51100,1042,53240000,698,344
251270,2026-04-14,11:00:00,51100,51200,50900,51000,1268,64740000,704,564
251270,2026-04-14,11:05:00,50900,51100,50900,50900,922,47000000,630,292
251270,2026-04-14,11:10:00,51000,51100,50900,51000,1545,78790000,692,853
251270,2026-04-14,11:15:00,50900,51100,50900,51000,1478,75380000,1135,343
251270,2026-04-14,11:20:00,51000,51200,51000,51100,1103,56360000,658,445
251270,2026-04-14,11:25:00,51100,51100,51000,51000,1075,54910000,659,416
251270,2026-04-14,11:30:00,51100,51200,51000,51200,1650,84320000,1222,428
251270,2026-04-14,11:35:00,51100,51300,51100,51100,965,49390000,714,251
251270,2026-04-14,11:40:00,51100,51200,51000,51100,1094,55950000,565,529
251270,2026-04-14,11:45:00,51000,51200,51000,51000,939,47970000,482,457
251270,2026-04-14,11:50:00,51100,51200,51000,51000,1561,79700000,624,937
251270,2026-04-14,11:55:00,51000,51100,50800,50900,1743,88860000,613,1130
251270,2026-04-14,12:00:00,50800,51100,50800,51000,2798,142540000,2502,296
251270,2026-04-14,12:05:00,51000,51100,50900,50900,1668,85040000,862,806
251270,2026-04-14,12:10:00,51000,51000,50900,50900,1031,52560000,795,236
251270,2026-04-14,12:15:00,51000,51100,50900,50900,1201,61240000,935,266
251270,2026-04-14,12:20:00,51000,51000,50800,50800,1832,93320000,701,1131
251270,2026-04-14,12:25:00,50900,51000,50800,50900,975,49630000,432,543
251270,2026-04-14,12:30:00,51000,51000,50800,51000,797,40570000,298,499
251270,2026-04-14,12:35:00,51000,51000,50700,50800,1441,73260000,478,963
251270,2026-04-14,12:40:00,50900,51100,50800,51000,1559,79470000,1248,311
251270,2026-04-14,12:45:00,51000,51000,50900,50900,680,34660000,554,126
251270,2026-04-14,12:50:00,50900,51000,50900,50900,786,40080000,637,149
251270,2026-04-14,12:55:00,50900,51100,50900,51000,830,42320000,653,177
251270,2026-04-14,13:00:00,51100,51100,50900,51000,1046,53360000,550,496
251270,2026-04-14,13:05:00,51000,51000,50900,50950,739,37680000,589,150
251270,2026-04-14,13:10:00,51000,51000,50900,50900,1565,79700000,568,997
251270,2026-04-14,13:15:00,50950,51000,50900,51000,792,40380000,653,139
251270,2026-04-14,13:20:00,51000,51200,50900,51100,1720,87790000,1427,293
251270,2026-04-14,13:25:00,51100,51200,51000,51100,1150,58770000,807,343
251270,2026-04-14,13:30:00,51100,51100,50900,51000,1905,97210000,901,1004
251270,2026-04-14,13:35:00,51100,51100,51000,51100,814,41580000,664,150
251270,2026-04-14,13:40:00,51100,51100,51000,51100,991,50600000,656,335
251270,2026-04-14,13:45:00,51100,51100,51000,51100,1404,71730000,1239,165
251270,2026-04-14,13:50:00,51100,51200,51000,51100,1746,89200000,1077,669
251270,2026-04-14,13:55:00,51100,51200,51000,51000,1098,56070000,684,414
251270,2026-04-14,14:00:00,51000,51100,50900,50900,890,45400000,769,121
251270,2026-04-14,14:05:00,51000,51100,50700,50900,3143,159970000,879,2264
251270,2026-04-14,14:10:00,50900,51000,50800,50800,1314,66900000,430,884
251270,2026-04-14,14:15:00,50800,50900,50800,50900,839,42680000,618,221
251270,2026-04-14,14:20:00,50800,50900,50800,50800,2274,115600000,969,1305
251270,2026-04-14,14:25:00,50800,50900,50800,50800,840,42720000,547,293
251270,2026-04-14,14:30:00,50800,50900,50800,50800,1094,55660000,718,376
251270,2026-04-14,14:35:00,50800,51000,50800,50800,1107,56320000,607,500
251270,2026-04-14,14:40:00,50800,51000,50800,50950,1210,61580000,862,348
251270,2026-04-14,14:45:00,51000,51000,50800,50900,1095,55770000,548,547
251270,2026-04-14,14:50:00,50900,51000,50900,50900,1122,57200000,832,290
251270,2026-04-14,14:55:00,50900,51000,50800,50900,2102,107020000,653,1449
251270,2026-04-14,15:00:00,50900,50900,50800,50800,768,39050000,379,389
251270,2026-04-14,15:05:00,50800,50900,50800,50800,743,37800000,483,260
251270,2026-04-14,15:10:00,50800,50900,50800,50900,1014,51560000,556,458
251270,2026-04-14,15:15:00,50800,50900,50800,50800,667,33920000,346,321
251270,2026-04-14,15:20:00,50800,50900,50800,50800,2414,122730000,1150,1264
251270,2026-04-14,15:30:00,50700,50700,50700,50700,3317,168170000,3317,0
251270,2026-04-15,09:05:00,51300,51700,51200,51500,9982,513620000,8454,1528
251270,2026-04-15,09:10:00,51500,51500,51100,51200,2954,151630000,1762,1192
251270,2026-04-15,09:15:00,51200,51500,51200,51200,2805,143930000,1127,1678
251270,2026-04-15,09:20:00,51200,51300,51100,51200,1894,97050000,1115,779
251270,2026-04-15,09:25:00,51300,51300,51100,51200,2677,137200000,1237,1440
251270,2026-04-15,09:30:00,51200,51300,51200,51200,6365,326450000,5624,741
251270,2026-04-15,09:35:00,51200,51400,51200,51300,2267,116320000,1326,941
251270,2026-04-15,09:40:00,51300,51400,51100,51100,2570,131650000,317,2253
251270,2026-04-15,09:45:00,51200,51200,50800,50900,3053,155680000,1205,1848
251270,2026-04-15,09:50:00,50900,51000,50800,50800,2044,104030000,1164,880
251270,2026-04-15,09:55:00,50800,51000,50800,50900,2077,105770000,1312,765
251270,2026-04-15,10:00:00,50900,51000,50800,51000,2819,143720000,2565,254
251270,2026-04-15,10:05:00,51000,51300,50900,51200,4733,241830000,3661,1072
251270,2026-04-15,10:10:00,51200,51300,51100,51100,1861,95280000,778,1083
251270,2026-04-15,10:15:00,51100,51300,51100,51200,2174,111270000,721,1453
251270,2026-04-15,10:20:00,51200,51400,51100,51200,3184,163270000,1875,1309
251270,2026-04-15,10:25:00,51100,51300,51000,51200,2046,104640000,843,1203
251270,2026-04-15,10:30:00,51100,51200,51000,51000,627,32040000,365,262
251270,2026-04-15,10:35:00,51000,51200,51000,51100,1725,88210000,443,1282
251270,2026-04-15,10:40:00,51100,51200,51000,51000,1814,92610000,586,1228
251270,2026-04-15,10:45:00,51000,51300,51000,51100,2070,105890000,1469,601
251270,2026-04-15,10:50:00,51100,51200,51000,51100,1377,70350000,553,824
251270,2026-04-15,10:55:00,51100,51200,51000,51100,2983,152670000,1180,1803
251270,2026-04-15,11:00:00,51100,51300,51100,51200,754,38640000,362,392
251270,2026-04-15,11:05:00,51200,51300,51200,51300,649,33270000,445,204
251270,2026-04-15,11:10:00,51200,51300,51100,51200,2806,143720000,762,2044
251270,2026-04-15,11:15:00,51300,51300,51100,51200,1242,63600000,504,738
251270,2026-04-15,11:20:00,51300,51300,51200,51200,1273,65270000,491,782
251270,2026-04-15,11:25:00,51200,51400,51200,51300,824,42290000,431,393
251270,2026-04-15,11:30:00,51300,51400,51300,51300,1000,51360000,571,429
251270,2026-04-15,11:35:00,51300,51500,51200,51400,1448,74350000,949,499
251270,2026-04-15,11:40:00,51400,51400,51300,51400,1578,81100000,841,737
251270,2026-04-15,11:45:00,51500,51500,51300,51300,1241,63770000,550,691
251270,2026-04-15,11:50:00,51300,51400,51200,51200,895,45950000,444,451
251270,2026-04-15,11:55:00,51200,51400,51200,51200,1292,66280000,703,589
251270,2026-04-15,12:00:00,51200,51400,51100,51300,1968,100880000,1261,707
251270,2026-04-15,12:05:00,51300,51400,51100,51100,1990,101960000,445,1545
251270,2026-04-15,12:10:00,51200,51300,51100,51200,1454,74390000,699,755
251270,2026-04-15,12:15:00,51200,51300,51100,51100,1351,69170000,683,668
251270,2026-04-15,12:20:00,51100,51200,51100,51200,738,37770000,559,179
251270,2026-04-15,12:25:00,51200,51300,51100,51200,1132,57970000,388,744
251270,2026-04-15,12:30:00,51200,51200,51000,51000,1718,87850000,511,1207
251270,2026-04-15,12:35:00,51100,51100,51000,51100,920,47000000,576,344
251270,2026-04-15,12:40:00,51100,51200,51000,51000,1819,92890000,625,1194
251270,2026-04-15,12:45:00,51000,51200,50900,51000,2265,115690000,756,1509
251270,2026-04-15,12:50:00,51100,51300,51000,51200,1126,57570000,523,603
251270,2026-04-15,12:55:00,51300,51300,51000,51100,1090,55730000,611,479
251270,2026-04-15,13:00:00,51100,51300,51100,51200,1251,64040000,637,614
251270,2026-04-15,13:05:00,51200,51300,51000,51100,1234,63120000,719,515
251270,2026-04-15,13:10:00,51100,51300,51000,51100,1445,73940000,632,813
251270,2026-04-15,13:15:00,51100,51300,51100,51200,1263,64650000,849,414
251270,2026-04-15,13:20:00,51300,51300,51100,51200,1089,55750000,534,555
251270,2026-04-15,13:25:00,51100,51300,51100,51100,1099,56280000,839,260
251270,2026-04-15,13:30:00,51200,51300,51100,51200,2031,104030000,1149,882
251270,2026-04-15,13:35:00,51200,51300,51000,51100,2031,103880000,676,1355
251270,2026-04-15,13:40:00,51100,51200,51000,51200,883,45180000,485,398
251270,2026-04-15,13:45:00,51100,51200,51000,51100,1074,54910000,483,591
251270,2026-04-15,13:50:00,51100,51200,51000,51100,840,42970000,547,293
251270,2026-04-15,13:55:00,51100,51200,51100,51100,989,50590000,573,416
251270,2026-04-15,14:00:00,51200,51200,50900,51100,3172,161900000,860,2312
251270,2026-04-15,14:05:00,51000,51100,50900,51000,2348,119850000,1258,1090
251270,2026-04-15,14:10:00,50900,51000,50800,50900,3490,177620000,749,2741
251270,2026-04-15,14:15:00,50900,51000,50800,51000,3029,154120000,1295,1734
251270,2026-04-15,14:20:00,51000,51100,50900,51000,1915,97640000,610,1305
251270,2026-04-15,14:25:00,51000,51100,50700,50800,1799,91500000,671,1128
251270,2026-04-15,14:30:00,50800,50900,50700,50800,1640,83340000,813,827
251270,2026-04-15,14:35:00,50800,51000,50700,50900,1603,81510000,919,684
251270,2026-04-15,14:40:00,50900,51100,50800,51000,1547,78790000,850,697
251270,2026-04-15,14:45:00,51000,51100,50700,51000,2779,141460000,1335,1444
251270,2026-04-15,14:50:00,50900,51100,50900,50900,2023,103180000,1031,992
251270,2026-04-15,14:55:00,50900,51100,50900,50900,1835,93600000,1124,711
251270,2026-04-15,15:00:00,51000,51200,50900,50900,1756,89600000,613,1143
251270,2026-04-15,15:05:00,50900,51100,50900,51000,982,50090000,569,413
251270,2026-04-15,15:10:00,51000,51100,50900,51000,1195,60930000,381,814
251270,2026-04-15,15:15:00,51000,51000,50800,50900,1613,82200000,550,1063
251270,2026-04-15,15:20:00,50900,51100,50800,50900,2289,116530000,1196,1093
251270,2026-04-15,15:30:00,50800,50800,50800,50800,4201,213400000,4189,0
251270,2026-04-16,09:05:00,51400,51600,51300,51400,5013,258110000,4134,808
251270,2026-04-16,09:10:00,51400,52000,51400,51900,9350,484010000,6732,2618
251270,2026-04-16,09:15:00,51900,52500,51900,52500,12230,638410000,9831,2399
251270,2026-04-16,09:20:00,52500,52600,52200,52500,12629,661860000,7751,4878
251270,2026-04-16,09:25:00,52400,52500,52100,52100,5261,275340000,1974,3287
251270,2026-04-16,09:30:00,52100,52200,51800,52100,2761,143580000,1047,1714
251270,2026-04-16,09:35:00,52000,52200,52000,52100,2306,120200000,1520,786
251270,2026-04-16,09:40:00,52000,52300,51900,52300,5375,280120000,4283,1092
251270,2026-04-16,09:45:00,52100,52300,52000,52100,2942,153310000,1697,1245
251270,2026-04-16,09:50:00,52100,52100,51900,52000,1521,79080000,1128,393
251270,2026-04-16,09:55:00,51900,52200,51900,52100,2436,126840000,1582,854
251270,2026-04-16,10:00:00,52100,52100,51800,51900,6847,355380000,2394,4453
251270,2026-04-16,10:05:00,51700,51900,51700,51700,1940,100480000,1187,753
251270,2026-04-16,10:10:00,51700,52000,51700,51800,4665,241850000,3658,1007
251270,2026-04-16,10:15:00,51900,52100,51900,51900,1572,81790000,1199,373
251270,2026-04-16,10:20:00,52000,52100,51900,52100,1223,63650000,746,477
251270,2026-04-16,10:25:00,52100,52200,51900,52000,2089,108700000,1118,971
251270,2026-04-16,10:30:00,52000,52100,51900,52000,1065,55410000,713,352
251270,2026-04-16,10:35:00,52000,52100,51900,52000,1574,81910000,647,927
251270,2026-04-16,10:40:00,52000,52000,51900,52000,977,50770000,621,356
251270,2026-04-16,10:45:00,52000,52200,51900,52000,1489,77510000,1133,356
251270,2026-04-16,10:50:00,52000,52100,51900,52000,1145,59530000,659,486
251270,2026-04-16,10:55:00,52000,52100,51800,52000,1631,84780000,868,763
251270,2026-04-16,11:00:00,51900,52000,51900,51900,1132,58840000,776,356
251270,2026-04-16,11:05:00,51900,52000,51700,51800,2607,135110000,846,1761
251270,2026-04-16,11:10:00,51700,51900,51700,51700,772,39980000,438,334
251270,2026-04-16,11:15:00,51700,51900,51700,51800,1014,52520000,704,310
251270,2026-04-16,11:20:00,51850,52000,51800,51800,843,43750000,439,404
251270,2026-04-16,11:25:00,51800,52100,51700,52000,816,42390000,560,256
251270,2026-04-16,11:30:00,52000,52100,51800,52000,994,51660000,851,143
251270,2026-04-16,11:35:00,52000,52100,52000,52000,902,46960000,569,333
251270,2026-04-16,11:40:00,52050,52100,51900,52000,881,45870000,634,247
251270,2026-04-16,11:45:00,52100,52150,51900,52000,1033,53750000,709,324
251270,2026-04-16,11:50:00,52000,52100,51800,52000,2029,105290000,517,1512
251270,2026-04-16,11:55:00,51800,52000,51700,51800,906,47000000,535,371
251270,2026-04-16,12:00:00,51800,52000,51700,51800,906,46990000,588,318
251270,2026-04-16,12:05:00,51800,52000,51700,51800,1118,57960000,629,489
251270,2026-04-16,12:10:00,51850,52000,51800,51800,908,47110000,680,228
251270,2026-04-16,12:15:00,51800,51950,51700,51800,1080,55980000,549,531
251270,2026-04-16,12:20:00,51800,51950,51700,51700,587,30430000,240,347
251270,2026-04-16,12:25:00,51800,51900,51800,51800,739,38320000,588,151
251270,2026-04-16,12:30:00,51800,52000,51800,51900,1216,63080000,888,328
251270,2026-04-16,12:35:00,51900,52000,51800,51900,1156,60040000,592,564
251270,2026-04-16,12:40:00,52000,52000,51900,51950,768,39910000,561,207
251270,2026-04-16,12:45:00,51950,52000,51800,51800,1101,57170000,376,725
251270,2026-04-16,12:50:00,51900,52000,51800,52000,781,40540000,481,300
251270,2026-04-16,12:55:00,51900,52000,51700,51800,1171,60780000,506,665
251270,2026-04-16,13:00:00,51800,51900,51700,51800,2707,140290000,2294,413
251270,2026-04-16,13:05:00,51850,52000,51700,51900,794,41210000,552,242
251270,2026-04-16,13:10:00,51850,52000,51800,52000,1126,58480000,977,149
251270,2026-04-16,13:15:00,52000,52100,51900,52100,3612,187920000,2689,923
251270,2026-04-16,13:20:00,52000,52200,52000,52100,1602,83460000,1181,421
251270,2026-04-16,13:25:00,52150,52200,51900,52000,2445,127360000,770,1675
251270,2026-04-16,13:30:00,52050,52100,52000,52000,1042,54240000,657,385
251270,2026-04-16,13:35:00,52000,52200,51900,52000,1459,75960000,841,618
251270,2026-04-16,13:40:00,52000,52200,52000,52100,957,49850000,782,175
251270,2026-04-16,13:45:00,52000,52200,51900,52000,1441,75080000,742,699
251270,2026-04-16,13:50:00,52050,52100,51800,52000,1459,75860000,745,714
251270,2026-04-16,13:55:00,51950,52100,51800,52100,1931,100310000,898,1033
251270,2026-04-16,14:00:00,52000,52200,51900,51900,1371,71360000,974,397
251270,2026-04-16,14:05:00,51900,52000,51700,51900,2641,137040000,1536,1105
251270,2026-04-16,14:10:00,52000,52100,51800,51800,1812,94130000,874,938
251270,2026-04-16,14:15:00,51900,52000,51800,51900,1196,62100000,775,421
251270,2026-04-16,14:20:00,51900,52100,51800,51900,1340,69630000,732,608
251270,2026-04-16,14:25:00,52000,52100,51900,52000,1160,60320000,730,430
251270,2026-04-16,14:30:00,51900,52100,51900,51900,1161,60400000,646,515
251270,2026-04-16,14:35:00,51900,52100,51900,52000,2523,131230000,1742,781
251270,2026-04-16,14:40:00,52050,52100,51800,51950,6763,351490000,1148,5615
251270,2026-04-16,14:45:00,51900,52000,51800,51850,1451,75310000,904,547
251270,2026-04-16,14:50:00,51800,51950,51800,51800,1164,60400000,955,209
251270,2026-04-16,14:55:00,51900,52100,51800,51900,1412,73340000,719,693
251270,2026-04-16,15:00:00,52000,52000,51900,51900,975,50670000,740,235
251270,2026-04-16,15:05:00,51950,52000,51900,51900,618,32120000,475,143
251270,2026-04-16,15:10:00,51900,52000,51900,52000,1172,60900000,733,439
251270,2026-04-16,15:15:00,51900,52000,51800,51900,1544,80230000,927,617
251270,2026-04-16,15:20:00,52000,52100,51700,51800,3133,162540000,883,2250
251270,2026-04-16,15:30:00,51900,51900,51900,51900,7293,378510000,7293,0
251270,2026-04-17,09:05:00,52200,52200,51700,52100,6630,344220000,5185,1445
251270,2026-04-17,09:10:00,52000,52100,51900,52000,2077,107940000,930,1147
251270,2026-04-17,09:15:00,52000,52100,51800,52000,1976,102610000,1246,730
251270,2026-04-17,09:20:00,52000,52100,52000,52100,734,38210000,586,148
251270,2026-04-17,09:25:00,52100,52100,51800,51900,1549,80450000,642,907
251270,2026-04-17,09:30:00,51800,51900,51600,51600,2970,153750000,1019,1951
251270,2026-04-17,09:35:00,51700,51700,51500,51500,1999,103030000,499,1500
251270,2026-04-17,09:40:00,51500,51600,51400,51500,2836,146010000,1823,1013
251270,2026-04-17,09:45:00,51400,51500,51300,51300,3720,191030000,772,2948
251270,2026-04-17,09:50:00,51300,51500,51300,51400,2023,103980000,1596,427
251270,2026-04-17,09:55:00,51400,51600,51400,51400,1470,75670000,878,592
251270,2026-04-17,10:00:00,51500,51500,51300,51400,1516,77950000,972,544
251270,2026-04-17,10:05:00,51400,51500,51300,51300,929,47760000,543,386
251270,2026-04-17,10:10:00,51400,51600,51300,51600,3437,176650000,1248,2189
251270,2026-04-17,10:15:00,51500,51600,51400,51600,1227,63240000,926,301
251270,2026-04-17,10:20:00,51600,51700,51500,51700,902,46570000,688,214
251270,2026-04-17,10:25:00,51700,51700,51400,51400,2165,111700000,894,1271
251270,2026-04-17,10:30:00,51500,51600,51400,51500,930,47900000,789,141
251270,2026-04-17,10:35:00,51500,51600,51400,51500,1327,68370000,589,738
251270,2026-04-17,10:40:00,51400,51600,51400,51600,973,50110000,492,481
251270,2026-04-17,10:45:00,51500,51700,51400,51600,705,36360000,459,246
251270,2026-04-17,10:50:00,51500,51700,51500,51700,911,47000000,738,173
251270,2026-04-17,10:55:00,51600,51600,51300,51400,1808,93080000,760,1048
251270,2026-04-17,11:00:00,51400,51500,51300,51300,1146,58930000,410,736
251270,2026-04-17,11:05:00,51300,51400,51100,51200,7633,391240000,1581,6052
251270,2026-04-17,11:10:00,51300,51300,51000,51200,3683,188390000,1177,2506
251270,2026-04-17,11:15:00,51200,51300,51200,51200,426,21830000,221,205
251270,2026-04-17,11:20:00,51250,51400,51200,51300,1676,85990000,1034,642
251270,2026-04-17,11:25:00,51400,51400,51200,51300,1947,99980000,1581,366
251270,2026-04-17,11:30:00,51300,51500,51300,51300,1216,62510000,913,303
251270,2026-04-17,11:35:00,51300,51500,51300,51400,1249,64200000,856,393
251270,2026-04-17,11:40:00,51400,51400,51300,51300,443,22760000,336,107
251270,2026-04-17,11:45:00,51300,51400,51100,51200,5240,268500000,973,4267
251270,2026-04-17,11:50:00,51300,51400,51200,51300,766,39290000,631,135
251270,2026-04-17,11:55:00,51300,51400,51300,51300,543,27900000,405,138
251270,2026-04-17,12:00:00,51300,51400,51300,51300,567,29130000,485,82
251270,2026-04-17,12:05:00,51300,51400,51200,51300,1532,78600000,721,811
251270,2026-04-17,12:10:00,51300,51400,51200,51200,1473,75560000,575,898
251270,2026-04-17,12:15:00,51200,51400,51200,51400,682,34980000,583,99
251270,2026-04-17,12:20:00,51300,51500,51200,51200,1087,55780000,418,669
251270,2026-04-17,12:25:00,51200,51300,51200,51300,561,28770000,468,93
251270,2026-04-17,12:30:00,51300,51500,51300,51400,1538,79010000,1249,289
251270,2026-04-17,12:35:00,51400,51500,51400,51500,706,36330000,465,241
251270,2026-04-17,12:40:00,51400,51500,51400,51400,583,30020000,502,81
251270,2026-04-17,12:45:00,51400,51500,51400,51400,627,32280000,507,120
251270,2026-04-17,12:50:00,51500,51600,51400,51500,1802,92800000,1301,501
251270,2026-04-17,12:55:00,51400,51500,51400,51500,684,35210000,604,80
251270,2026-04-17,13:00:00,51500,51600,51400,51500,453,23350000,294,159
251270,2026-04-17,13:05:00,51500,51600,51500,51600,537,27700000,442,95
251270,2026-04-17,13:10:00,51600,51700,51500,51600,2305,118960000,913,1392
251270,2026-04-17,13:15:00,51600,51700,51500,51700,965,49830000,520,445
251270,2026-04-17,13:20:00,51600,51700,51500,51500,969,50030000,583,386
251270,2026-04-17,13:25:00,51600,51700,51500,51600,1314,67840000,752,562
251270,2026-04-17,13:30:00,51700,51700,51500,51500,684,35330000,402,282
251270,2026-04-17,13:35:00,51500,51700,51400,51500,3361,173000000,1930,1431
251270,2026-04-17,13:40:00,51500,51700,51300,51500,1992,102520000,1051,941
251270,2026-04-17,13:45:00,51600,51600,51500,51500,527,27190000,455,72
251270,2026-04-17,13:50:00,51500,51800,51500,51600,1877,96890000,1584,293
251270,2026-04-17,13:55:00,51700,51700,51600,51700,1286,66470000,1069,217
251270,2026-04-17,14:00:00,51600,51700,51600,51600,912,47140000,832,80
251270,2026-04-17,14:05:00,51600,51700,51600,51600,1536,79400000,1443,93
251270,2026-04-17,14:10:00,51700,51700,51600,51700,938,48490000,852,86
251270,2026-04-17,14:15:00,51600,51700,51600,51600,1247,64460000,1154,93
251270,2026-04-17,14:20:00,51700,51700,51600,51700,991,51220000,903,88
251270,2026-04-17,14:25:00,51700,51700,51500,51600,3145,162310000,1057,2088
251270,2026-04-17,14:30:00,51600,51600,51500,51500,1164,60050000,1075,89
251270,2026-04-17,14:35:00,51600,51600,51500,51600,938,48400000,854,84
251270,2026-04-17,14:40:00,51600,51600,51500,51500,1423,73400000,1201,222
251270,2026-04-17,14:45:00,51500,51600,51500,51600,1801,92880000,1255,546
251270,2026-04-17,14:50:00,51500,51600,51500,51500,1829,94310000,1215,614
251270,2026-04-17,14:55:00,51500,51600,51500,51500,1211,62460000,935,276
251270,2026-04-17,15:00:00,51600,51800,51500,51800,3606,186180000,3408,198
251270,2026-04-17,15:05:00,51700,51800,51500,51600,1697,87680000,639,1058
251270,2026-04-17,15:10:00,51600,51700,51500,51600,1708,88140000,331,1377
251270,2026-04-17,15:15:00,51600,51800,51400,51500,2260,116630000,995,1265
251270,2026-04-17,15:20:00,51600,51700,51400,51700,5394,278000000,2748,2646
251270,2026-04-17,15:30:00,51600,51600,51600,51600,8811,454650000,8811,0
251270,2026-04-20,09:05:00,52500,53200,51700,53000,21077,1107520000,14335,6742
251270,2026-04-20,09:10:00,53000,53000,52500,52600,12242,645400000,6169,6073
251270,2026-04-20,09:15:00,52700,52800,52300,52300,5643,296410000,2855,2788
251270,2026-04-20,09:20:00,52400,52800,52400,52600,4036,212360000,2290,1746
251270,2026-04-20,09:25:00,52600,52700,52300,52400,4180,219580000,1762,2418
251270,2026-04-20,09:30:00,52400,52400,52100,52300,3881,202890000,1723,2158
251270,2026-04-20,09:35:00,52300,52400,52100,52200,2628,137310000,1386,1242
251270,2026-04-20,09:40:00,52300,52400,52200,52300,1001,52350000,668,333
251270,2026-04-20,09:45:00,52200,52300,52100,52200,2692,140540000,1053,1639
251270,2026-04-20,09:50:00,52300,52300,52200,52200,1309,68410000,795,514
251270,2026-04-20,09:55:00,52300,52400,52100,52200,2556,133430000,1524,1032
251270,2026-04-20,10:00:00,52200,52400,52100,52300,2707,141660000,1634,1073
251270,2026-04-20,10:05:00,52300,52400,52200,52200,728,38100000,350,378
251270,2026-04-20,10:10:00,52300,52500,52100,52300,3591,187820000,1840,1751
251270,2026-04-20,10:15:00,52300,52400,52200,52400,1899,99330000,1632,267
251270,2026-04-20,10:20:00,52200,52400,52200,52400,1132,59190000,851,281
251270,2026-04-20,10:25:00,52200,52300,52000,52100,3076,160380000,1043,2033
251270,2026-04-20,10:30:00,52100,52300,52000,52100,1030,53690000,659,371
251270,2026-04-20,10:35:00,52100,52300,52000,52200,1786,93100000,847,939
251270,2026-04-20,10:40:00,52100,52200,52100,52100,1962,102310000,847,1115
251270,2026-04-20,10:45:00,52100,52200,52100,52200,1104,57620000,720,384
251270,2026-04-20,10:50:00,52100,52200,52000,52000,1502,78300000,747,755
251270,2026-04-20,10:55:00,52100,52300,52000,52200,1160,60500000,365,795
251270,2026-04-20,11:00:00,52200,52300,52000,52100,1049,54730000,485,564
251270,2026-04-20,11:05:00,52100,52200,52100,52200,572,29860000,521,51
251270,2026-04-20,11:10:00,52200,52300,52100,52100,718,37500000,402,316
251270,2026-04-20,11:15:00,52100,52200,52100,52200,2636,137590000,2289,347
251270,2026-04-20,11:20:00,52100,52300,52000,52100,1296,67620000,448,848
251270,2026-04-20,11:25:00,52100,52100,52000,52100,504,26250000,417,87
251270,2026-04-20,11:30:00,52000,52100,51900,52000,1981,103000000,362,1619
251270,2026-04-20,11:35:00,52000,52100,51800,52000,1464,76100000,803,661
251270,2026-04-20,11:40:00,51900,52100,51900,51900,1124,58410000,675,449
251270,2026-04-20,11:45:00,51900,52000,51800,51900,1426,74050000,682,744
251270,2026-04-20,11:50:00,52000,52100,51900,52100,491,25540000,468,23
251270,2026-04-20,11:55:00,51950,52000,51800,51900,2269,117780000,692,1577
251270,2026-04-20,12:00:00,51800,52100,51800,52100,1848,95930000,983,865
251270,2026-04-20,12:05:00,52000,52100,51900,52000,1350,70230000,839,511
251270,2026-04-20,12:10:00,52100,52100,51900,51900,1258,65430000,657,601
251270,2026-04-20,12:15:00,51900,52100,51900,51900,703,36580000,465,238
251270,2026-04-20,12:20:00,52100,52100,51900,51900,973,50600000,400,573
251270,2026-04-20,12:25:00,51900,52000,51900,52000,441,22930000,403,38
251270,2026-04-20,12:30:00,51900,52000,51900,51900,370,19240000,343,27
251270,2026-04-20,12:35:00,52000,52200,51900,52000,4079,212260000,2592,1487
251270,2026-04-20,12:40:00,52100,52100,52000,52100,547,28480000,410,137
251270,2026-04-20,12:45:00,52000,52100,52000,52000,879,45770000,599,280
251270,2026-04-20,12:50:00,52000,52100,52000,52100,801,41690000,419,382
251270,2026-04-20,12:55:00,52000,52100,52000,52000,413,21510000,321,92
251270,2026-04-20,13:00:00,52000,52100,51900,51900,2705,140510000,604,2101
251270,2026-04-20,13:05:00,51900,52000,51800,51900,819,42540000,567,252
251270,2026-04-20,13:10:00,51900,52000,51800,51800,1052,54630000,401,651
251270,2026-04-20,13:15:00,51900,51900,51700,51900,3284,170150000,479,2805
251270,2026-04-20,13:20:00,51800,51900,51700,51800,859,44510000,166,693
251270,2026-04-20,13:25:00,51800,51900,51700,51800,1199,62140000,665,534
251270,2026-04-20,13:30:00,51800,52000,51700,51800,1706,88450000,924,782
251270,2026-04-20,13:35:00,51800,51900,51800,51800,790,40960000,415,375
251270,2026-04-20,13:40:00,51900,51900,51700,51800,1004,52040000,716,288
251270,2026-04-20,13:45:00,51700,51900,51700,51700,591,30640000,329,262
251270,2026-04-20,13:50:00,51700,51900,51700,51800,471,24430000,326,145
251270,2026-04-20,13:55:00,51800,51900,51500,51800,4837,250110000,1405,3432
251270,2026-04-20,14:00:00,51800,51900,51500,51800,693,35890000,547,146
251270,2026-04-20,14:05:00,51900,51900,51700,51800,1644,85180000,697,947
251270,2026-04-20,14:10:00,51700,51800,51600,51600,2169,112230000,784,1385
251270,2026-04-20,14:15:00,51600,51800,51600,51750,1154,59680000,1027,127
251270,2026-04-20,14:20:00,51750,51850,51700,51700,1456,75360000,770,686
251270,2026-04-20,14:25:00,51750,51800,51700,51750,568,29410000,446,122
251270,2026-04-20,14:30:00,51800,51800,51600,51800,1485,76820000,606,879
251270,2026-04-20,14:35:00,51700,51800,51500,51650,3275,169110000,664,2611
251270,2026-04-20,14:40:00,51700,51700,51600,51600,885,45750000,808,77
251270,2026-04-20,14:45:00,51650,51700,51500,51550,2010,103730000,420,1590
251270,2026-04-20,14:50:00,51550,51700,51500,51650,2291,118200000,1968,323
251270,2026-04-20,14:55:00,51650,51700,51300,51600,5609,288770000,856,4753
251270,2026-04-20,15:00:00,51600,51700,51500,51500,1063,54850000,940,123
251270,2026-04-20,15:05:00,51500,51700,51500,51550,1972,101750000,1808,164
251270,2026-04-20,15:10:00,51550,51600,51550,51600,880,45400000,787,93
251270,2026-04-20,15:15:00,51550,51650,51500,51600,2418,124770000,2227,191
251270,2026-04-20,15:20:00,51600,51600,51500,51600,3713,191520000,1342,2371
251270,2026-04-20,15:30:00,51500,51500,51500,51500,4688,241430000,4688,0
251270,2026-04-21,09:05:00,51800,51900,51200,51200,7741,398920000,2135,5606
251270,2026-04-21,09:10:00,51300,51400,51100,51200,5805,297490000,2113,3692
251270,2026-04-21,09:15:00,51300,51300,50700,50800,11853,605120000,1904,9949
251270,2026-04-21,09:20:00,50800,51000,50700,50800,6841,347940000,1882,4959
251270,2026-04-21,09:25:00,50800,51000,50700,50850,4004,203400000,2075,1929
251270,2026-04-21,09:30:00,50850,51000,50700,50900,8165,415300000,2045,6120
251270,2026-04-21,09:35:00,50800,51000,50700,50800,3715,188920000,1223,2492
251270,2026-04-21,09:40:00,50900,50900,50700,50800,4502,228690000,1067,3435
251270,2026-04-21,09:45:00,50800,50900,50600,50700,5885,298340000,1289,4596
251270,2026-04-21,09:50:00,50600,50800,50500,50600,7305,369720000,3292,4013
251270,2026-04-21,09:55:00,50700,50800,50500,50800,5828,294940000,1881,3947
251270,2026-04-21,10:00:00,50800,50800,50500,50500,8019,406070000,1025,6994
251270,2026-04-21,10:05:00,50500,50700,50500,50600,5825,294820000,1660,4165
251270,2026-04-21,10:10:00,50600,50700,50600,50700,2861,144890000,1210,1651
251270,2026-04-21,10:15:00,50600,50700,50500,50500,7023,355270000,2550,4473
251270,2026-04-21,10:20:00,50500,50600,50200,50400,10146,511460000,2725,7421
251270,2026-04-21,10:25:00,50400,50500,50200,50400,4119,207370000,946,3173
251270,2026-04-21,10:30:00,50500,50600,50300,50300,2040,102830000,645,1395
251270,2026-04-21,10:35:00,50400,50500,50200,50300,8714,438550000,1125,7589
251270,2026-04-21,10:40:00,50350,50400,50200,50200,8708,437870000,2449,6259
251270,2026-04-21,10:45:00,50200,50400,50200,50300,3938,198050000,2506,1432
251270,2026-04-21,10:50:00,50400,50400,50200,50300,1789,90030000,568,1221
251270,2026-04-21,10:55:00,50300,50400,50200,50300,2355,118490000,638,1717
251270,2026-04-21,11:00:00,50400,50500,50300,50400,2199,110700000,704,1495
251270,2026-04-21,11:05:00,50300,50400,50300,50300,1487,74880000,683,804
251270,2026-04-21,11:10:00,50300,50400,50300,50400,1430,71990000,591,839
251270,2026-04-21,11:15:00,50300,50400,50300,50300,1761,88680000,543,1218
251270,2026-04-21,11:20:00,50400,50550,50200,50550,2708,136450000,700,2008
251270,2026-04-21,11:25:00,50500,50600,50500,50600,1510,76320000,646,864
251270,2026-04-21,11:30:00,50700,50800,50500,50600,2011,101780000,878,1133
251270,2026-04-21,11:35:00,50600,50700,50600,50600,2191,111010000,476,1715
251270,2026-04-21,11:40:00,50600,50800,50500,50600,3529,178950000,847,2682
251270,2026-04-21,11:45:00,50700,50800,50700,50700,1903,96590000,955,948
251270,2026-04-21,11:50:00,50700,50900,50700,50700,1921,97520000,657,1264
251270,2026-04-21,11:55:00,50700,50800,50500,50600,3657,185320000,582,3075
251270,2026-04-21,12:00:00,50600,50700,50500,50600,2127,107650000,573,1554
251270,2026-04-21,12:05:00,50600,50700,50500,50600,2261,114430000,628,1633
251270,2026-04-21,12:10:00,50600,50700,50500,50500,1746,88360000,476,1270
251270,2026-04-21,12:15:00,50500,50700,50500,50600,1534,77620000,703,831
251270,2026-04-21,12:20:00,50600,50800,50600,50600,1708,86550000,451,1257
251270,2026-04-21,12:25:00,50600,50700,50600,50600,1880,95170000,406,1474
251270,2026-04-21,12:30:00,50600,50700,50500,50500,3123,158000000,607,2516
251270,2026-04-21,12:35:00,50500,50700,50500,50500,1912,96690000,888,1024
251270,2026-04-21,12:40:00,50500,50700,50500,50600,1189,60110000,185,1004
251270,2026-04-21,12:45:00,50600,50700,50500,50600,1059,53530000,272,787
251270,2026-04-21,12:50:00,50700,50700,50500,50500,1536,77660000,505,1031
251270,2026-04-21,12:55:00,50550,50700,50500,50600,1720,87020000,655,1065
251270,2026-04-21,13:00:00,50600,50700,50600,50600,1679,85040000,806,873
251270,2026-04-21,13:05:00,50600,50700,50400,50400,5576,281770000,555,5021
251270,2026-04-21,13:10:00,50400,50500,50400,50400,2350,118480000,389,1961
251270,2026-04-21,13:15:00,50400,50500,50400,50400,1263,63700000,435,828
251270,2026-04-21,13:20:00,50400,50600,50400,50400,2017,101800000,812,1205
251270,2026-04-21,13:25:00,50400,50600,50400,50400,1345,67930000,509,836
251270,2026-04-21,13:30:00,50400,50600,50400,50500,1802,90990000,353,1449
251270,2026-04-21,13:35:00,50500,50600,50400,50400,1312,66240000,193,1119
251270,2026-04-21,13:40:00,50400,50600,50400,50400,1364,68880000,517,847
251270,2026-04-21,13:45:00,50500,50600,50300,50300,2764,139400000,814,1950
251270,2026-04-21,13:50:00,50300,50600,50300,50500,1496,75470000,579,917
251270,2026-04-21,13:55:00,50500,50600,50400,50400,1284,64770000,386,898
251270,2026-04-21,14:00:00,50400,50600,50400,50500,1306,65920000,405,901
251270,2026-04-21,14:05:00,50400,50600,50400,50500,991,50080000,502,489
251270,2026-04-21,14:10:00,50500,50700,50400,50600,1769,89390000,1068,701
251270,2026-04-21,14:15:00,50600,50700,50500,50500,1040,52620000,430,610
251270,2026-04-21,14:20:00,50600,50700,50500,50500,1000,50580000,328,672
251270,2026-04-21,14:25:00,50500,50600,50500,50500,1194,60380000,595,599
251270,2026-04-21,14:30:00,50500,50600,50500,50500,1401,70850000,972,429
251270,2026-04-21,14:35:00,50600,50700,50600,50600,1156,58550000,581,575
251270,2026-04-21,14:40:00,50600,50700,50500,50500,1804,91270000,514,1290
251270,2026-04-21,14:45:00,50500,50700,50500,50500,733,37110000,385,348
251270,2026-04-21,14:50:00,50600,50800,50500,50800,1524,77160000,539,985
251270,2026-04-21,14:55:00,50800,50800,50500,50600,1134,57360000,704,430
251270,2026-04-21,15:00:00,50600,50700,50500,50500,1168,59060000,277,891
251270,2026-04-21,15:05:00,50500,50700,50500,50500,1335,67540000,684,651
251270,2026-04-21,15:10:00,50500,50600,50500,50500,1647,83210000,372,1275
251270,2026-04-21,15:15:00,50550,50600,50500,50500,921,46550000,388,533
251270,2026-04-21,15:20:00,50500,50600,50400,50500,4068,205460000,1575,2493
251270,2026-04-21,15:30:00,50600,50600,50600,50600,5895,298290000,5889,0
251270,2026-04-22,09:05:00,50400,50700,50300,50400,3958,199480000,1399,2559
251270,2026-04-22,09:10:00,50400,50700,50300,50400,2595,130960000,642,1953
251270,2026-04-22,09:15:00,50400,50500,50300,50300,3111,156780000,818,2293
251270,2026-04-22,09:20:00,50400,50800,50400,50700,1619,81980000,1242,377
251270,2026-04-22,09:25:00,50700,50800,50500,50600,841,42610000,475,366
251270,2026-04-22,09:30:00,50600,50700,50500,50600,1890,95660000,649,1241
251270,2026-04-22,09:35:00,50600,50800,50500,50800,6740,341250000,6061,679
251270,2026-04-22,09:40:00,50800,50800,50500,50500,5930,300550000,4339,1591
251270,2026-04-22,09:45:00,50600,50700,50500,50600,1852,93710000,481,1371
251270,2026-04-22,09:50:00,50600,50700,50500,50700,857,43390000,535,322
251270,2026-04-22,09:55:00,50600,50800,50600,50800,953,48340000,498,455
251270,2026-04-22,10:00:00,50700,50800,50500,50600,1234,62500000,525,709
251270,2026-04-22,10:05:00,50700,50700,50500,50600,1500,75910000,720,780
251270,2026-04-22,10:10:00,50600,50700,50500,50700,1598,80890000,872,726
251270,2026-04-22,10:15:00,50600,50800,50600,50600,1859,94250000,792,1067
251270,2026-04-22,10:20:00,50600,50800,50600,50700,1750,88690000,1024,726
251270,2026-04-22,10:25:00,50700,50900,50700,50700,1599,81180000,997,602
251270,2026-04-22,10:30:00,50800,50800,50500,50500,2112,106950000,729,1383
251270,2026-04-22,10:35:00,50600,50800,50400,50500,2547,128720000,415,2132
251270,2026-04-22,10:40:00,50500,50700,50400,50400,1363,68870000,986,377
251270,2026-04-22,10:45:00,50400,50600,50400,50600,4213,212840000,960,3253
251270,2026-04-22,10:50:00,50500,50700,50500,50600,1076,54440000,890,186
251270,2026-04-22,10:55:00,50700,50800,50600,50600,1081,54800000,730,351
251270,2026-04-22,11:00:00,50600,50700,50500,50500,1276,64610000,560,716
251270,2026-04-22,11:05:00,50500,50800,50500,50700,2718,137690000,1672,1046
251270,2026-04-22,11:10:00,50700,50800,50600,50800,2874,145740000,1545,1329
251270,2026-04-22,11:15:00,50800,50800,50600,50600,2379,120600000,560,1819
251270,2026-04-22,11:20:00,50700,50800,50600,50700,800,40580000,723,77
251270,2026-04-22,11:25:00,50700,50800,50700,50800,1418,72010000,1120,298
251270,2026-04-22,11:30:00,50700,50800,50700,50700,1018,51670000,559,459
251270,2026-04-22,11:35:00,50800,50900,50700,50800,1531,77850000,1081,450
251270,2026-04-22,11:40:00,50900,50900,50800,50800,714,36320000,472,242
251270,2026-04-22,11:45:00,50800,50900,50800,50800,1980,100700000,1164,816
251270,2026-04-22,11:50:00,50800,50900,50800,50900,562,28600000,454,108
251270,2026-04-22,11:55:00,50800,50900,50800,50900,1241,63100000,603,638
251270,2026-04-22,12:00:00,50800,50900,50800,50800,705,35870000,543,162
251270,2026-04-22,12:05:00,50900,51000,50800,51000,832,42320000,468,364
251270,2026-04-22,12:10:00,50900,51000,50800,50900,1042,53050000,289,753
251270,2026-04-22,12:15:00,51000,51000,50900,50900,831,42340000,409,422
251270,2026-04-22,12:20:00,51000,51000,50900,50900,999,50880000,317,682
251270,2026-04-22,12:25:00,51000,51000,50900,50900,679,34610000,465,214
251270,2026-04-22,12:30:00,50900,51000,50900,50900,1925,98030000,638,1287
251270,2026-04-22,12:35:00,50900,51200,50900,51100,2964,151230000,1920,1044
251270,2026-04-22,12:40:00,51000,51300,51000,51300,8568,438110000,7125,1443
251270,2026-04-22,12:45:00,51200,51300,51100,51100,2725,139450000,1489,1236
251270,2026-04-22,12:50:00,51200,51200,51000,51100,4152,212170000,1575,2577
251270,2026-04-22,12:55:00,51100,51200,51000,51100,1429,73050000,519,910
251270,2026-04-22,13:00:00,51000,51300,51000,51200,1303,66650000,915,388
251270,2026-04-22,13:05:00,51200,51300,51100,51200,2585,132340000,706,1879
251270,2026-04-22,13:10:00,51200,51400,51100,51200,3796,194750000,2426,1370
251270,2026-04-22,13:15:00,51200,51300,51200,51200,805,41260000,481,324
251270,2026-04-22,13:20:00,51200,51400,51200,51200,3886,199300000,1472,2414
251270,2026-04-22,13:25:00,51200,51300,51200,51300,874,44810000,599,275
251270,2026-04-22,13:30:00,51300,51300,51200,51200,1066,54670000,921,145
251270,2026-04-22,13:35:00,51300,51300,51100,51100,1711,87640000,482,1229
251270,2026-04-22,13:40:00,51200,51300,51100,51200,1108,56740000,920,188
251270,2026-04-22,13:45:00,51200,51300,51200,51200,822,42130000,440,382
251270,2026-04-22,13:50:00,51200,51300,51200,51200,832,42660000,574,258
251270,2026-04-22,13:55:00,51200,51300,51100,51100,1344,68850000,390,954
251270,2026-04-22,14:00:00,51100,51100,50900,50900,4901,250090000,1804,3097
251270,2026-04-22,14:05:00,50900,51000,50900,50900,946,48210000,611,335
251270,2026-04-22,14:10:00,51000,51000,50900,50900,858,43740000,671,187
251270,2026-04-22,14:15:00,50900,51000,50900,51000,1086,55340000,649,437
251270,2026-04-22,14:20:00,50900,51000,50900,50900,897,45700000,423,474
251270,2026-04-22,14:25:00,51000,51000,50900,50900,1164,59320000,740,424
251270,2026-04-22,14:30:00,51000,51000,50900,50900,1217,62020000,733,484
251270,2026-04-22,14:35:00,50950,51000,50800,50800,4523,230190000,1048,3475
251270,2026-04-22,14:40:00,50800,50900,50800,50800,1417,72080000,975,442
251270,2026-04-22,14:45:00,50800,50900,50800,50900,1783,90710000,1266,517
251270,2026-04-22,14:50:00,50900,50900,50700,50700,4569,232260000,2121,2448
251270,2026-04-22,14:55:00,50700,50800,50700,50700,2381,120760000,413,1968
251270,2026-04-22,15:00:00,50800,50800,50700,50700,2258,114550000,728,1530
251270,2026-04-22,15:05:00,50800,50800,50700,50800,1495,75820000,210,1285
251270,2026-04-22,15:10:00,50750,51100,50700,50900,31219,1586430000,28526,2693
251270,2026-04-22,15:15:00,50900,51000,50800,50900,2905,147780000,1007,1898
251270,2026-04-22,15:20:00,50800,51000,50700,51000,4212,214230000,2371,1841
251270,2026-04-22,15:30:00,51100,51100,51100,51100,3958,202250000,3958,0
251270,2026-04-23,09:05:00,51500,51500,50900,51100,6246,319810000,1738,4508
251270,2026-04-23,09:10:00,51000,51100,50900,51000,1436,73250000,297,1139
251270,2026-04-23,09:15:00,51000,51000,50500,50700,11730,594250000,2854,8876
251270,2026-04-23,09:20:00,50600,50800,50500,50800,4246,215150000,2992,1254
251270,2026-04-23,09:25:00,50900,50900,50500,50700,3007,152350000,936,2071
251270,2026-04-23,09:30:00,50600,50700,50500,50500,3300,166980000,939,2361
251270,2026-04-23,09:35:00,50500,50700,50400,50500,4957,250450000,690,4267
251270,2026-04-23,09:40:00,50500,50600,50400,50400,6303,318080000,1035,5268
251270,2026-04-23,09:45:00,50600,50600,50100,50200,13294,668430000,1927,11367
251270,2026-04-23,09:50:00,50200,50200,49900,49950,14438,722600000,1889,12549
251270,2026-04-23,09:55:00,49925,50300,49900,50200,7220,361710000,3831,3389
251270,2026-04-23,10:00:00,50100,50200,49900,49900,9026,451400000,1473,7553
251270,2026-04-23,10:05:00,49850,49950,49800,49900,8221,410070000,2434,5787
251270,2026-04-23,10:10:00,49900,50000,49850,49950,3550,177210000,1696,1854
251270,2026-04-23,10:15:00,49950,49950,49750,49800,12968,646350000,1735,11233
251270,2026-04-23,10:20:00,49850,49900,49700,49850,6515,324250000,1550,4965
251270,2026-04-23,10:25:00,49850,49850,49800,49800,3563,177580000,1653,1910
251270,2026-04-23,10:30:00,49800,50100,49700,49900,12097,602910000,4733,7364
251270,2026-04-23,10:35:00,49950,50000,49850,49900,2936,146610000,838,2098
251270,2026-04-23,10:40:00,49900,50100,49850,50100,2195,109610000,1301,894
251270,2026-04-23,10:45:00,50100,50200,50000,50100,2333,116880000,485,1848
251270,2026-04-23,10:50:00,50000,50200,49950,50000,2464,123370000,756,1708
251270,2026-04-23,10:55:00,50000,50200,50000,50000,2422,121320000,1021,1401
251270,2026-04-23,11:00:00,50100,50200,50000,50100,1681,84180000,706,975
251270,2026-04-23,11:05:00,50000,50200,49950,50100,3554,177820000,805,2749
251270,2026-04-23,11:10:00,50100,50300,50000,50200,2580,129320000,1320,1260
251270,2026-04-23,11:15:00,50200,50200,50000,50000,1559,78050000,654,905
251270,2026-04-23,11:20:00,49950,50000,49900,49950,2053,102540000,1045,1008
251270,2026-04-23,11:25:00,49950,50200,49950,50100,1867,93420000,1230,637
251270,2026-04-23,11:30:00,50100,50200,50000,50100,3820,191440000,1074,2746
251270,2026-04-23,11:35:00,50000,50100,49950,50000,1686,84280000,441,1245
251270,2026-04-23,11:40:00,49950,50300,49900,50000,3576,178710000,2201,1375
251270,2026-04-23,11:45:00,49950,50000,49900,50000,1434,71630000,710,724
251270,2026-04-23,11:50:00,50000,50100,49900,50100,2827,141260000,2003,824
251270,2026-04-23,11:55:00,50000,50100,50000,50000,1101,55090000,414,687
251270,2026-04-23,12:00:00,50000,50100,49900,49950,1989,99400000,653,1336
251270,2026-04-23,12:05:00,49900,50000,49900,50000,3526,176010000,1115,2411
251270,2026-04-23,12:10:00,50000,50000,49850,49850,1498,74750000,550,948
251270,2026-04-23,12:15:00,49900,49900,49750,49800,5393,268690000,1973,3420
251270,2026-04-23,12:20:00,49800,49850,49750,49750,3566,177590000,1019,2547
251270,2026-04-23,12:25:00,49800,49800,49750,49750,2354,117150000,921,1433
251270,2026-04-23,12:30:00,49750,49850,49750,49850,2032,101180000,1408,624
251270,2026-04-23,12:35:00,49800,49850,49750,49850,2706,134750000,1116,1590
251270,2026-04-23,12:40:00,49850,49850,49700,49750,2625,130650000,936,1689
251270,2026-04-23,12:45:00,49750,49750,49600,49600,6725,334120000,1102,5623
251270,2026-04-23,12:50:00,49650,49650,49550,49600,5684,281960000,2503,3181
251270,2026-04-23,12:55:00,49600,49650,49550,49650,3282,162790000,1559,1723
251270,2026-04-23,13:00:00,49650,49700,49600,49650,2238,111090000,1180,1058
251270,2026-04-23,13:05:00,49650,49700,49600,49700,1410,70020000,568,842
251270,2026-04-23,13:10:00,49650,49700,49600,49650,1588,78820000,712,876
251270,2026-04-23,13:15:00,49600,49700,49600,49650,2902,144060000,974,1928
251270,2026-04-23,13:20:00,49700,49700,49600,49650,1820,90370000,909,911
251270,2026-04-23,13:25:00,49650,49700,49600,49650,1964,97520000,778,1186
251270,2026-04-23,13:30:00,49650,49700,49600,49700,1758,87280000,1060,698
251270,2026-04-23,13:35:00,49700,49750,49600,49700,1529,75940000,545,984
251270,2026-04-23,13:40:00,49750,49800,49700,49750,1459,72560000,647,812
251270,2026-04-23,13:45:00,49750,49750,49650,49750,1678,83420000,836,842
251270,2026-04-23,13:50:00,49750,49800,49700,49800,2339,116360000,921,1418
251270,2026-04-23,13:55:00,49750,49850,49700,49700,2485,123660000,1428,1057
251270,2026-04-23,14:00:00,49700,49800,49700,49800,2375,118130000,1531,844
251270,2026-04-23,14:05:00,49750,49850,49750,49850,2741,136460000,1514,1227
251270,2026-04-23,14:10:00,49800,49850,49750,49850,1047,52160000,636,411
251270,2026-04-23,14:15:00,49850,49950,49800,49950,1452,72430000,1048,404
251270,2026-04-23,14:20:00,49900,49950,49850,49900,1114,55590000,454,660
251270,2026-04-23,14:25:00,49850,49900,49850,49900,1010,50370000,482,528
251270,2026-04-23,14:30:00,49850,49900,49800,49850,2803,139680000,1084,1719
251270,2026-04-23,14:35:00,49800,49850,49700,49750,3958,196950000,1736,2222
251270,2026-04-23,14:40:00,49700,49750,49650,49650,2988,148440000,596,2392
251270,2026-04-23,14:45:00,49650,49700,49600,49650,8244,409400000,5507,2737
251270,2026-04-23,14:50:00,49650,49750,49550,49600,5204,258250000,2469,2735
251270,2026-04-23,14:55:00,49650,49700,49550,49600,5910,293190000,2366,3544
251270,2026-04-23,15:00:00,49650,49650,49550,49600,4145,205590000,1949,2196
251270,2026-04-23,15:05:00,49600,49650,49550,49550,3895,193190000,905,2990
251270,2026-04-23,15:10:00,49550,49600,49550,49550,6448,319530000,456,5992
251270,2026-04-23,15:15:00,49550,49600,49500,49500,7787,385550000,1112,6675
251270,2026-04-23,15:20:00,49500,49600,49500,49550,8058,399250000,4065,3993
251270,2026-04-23,15:30:00,49650,49650,49650,49650,6914,343280000,6914,0
251270,2026-04-24,09:05:00,49900,50100,49800,49850,2012,100470000,912,1100
251270,2026-04-24,09:10:00,49900,50100,49850,50000,7587,379170000,3119,4468
251270,2026-04-24,09:15:00,50000,50200,49950,50200,2998,150130000,1892,1106
251270,2026-04-24,09:20:00,50200,50300,50050,50100,3980,199730000,1434,2546
251270,2026-04-24,09:25:00,50100,50200,50100,50100,1309,65630000,1125,184
251270,2026-04-24,09:30:00,50100,50200,49950,50000,2494,124880000,513,1981
251270,2026-04-24,09:35:00,50000,50100,50000,50100,1062,53160000,657,405
251270,2026-04-24,09:40:00,50100,50200,50000,50000,948,47490000,865,83
251270,2026-04-24,09:45:00,50100,50200,50000,50100,1485,74400000,1051,434
251270,2026-04-24,09:50:00,50000,50200,50000,50100,1463,73300000,550,913
251270,2026-04-24,09:55:00,50100,50200,50000,50100,968,48500000,490,478
251270,2026-04-24,10:00:00,50100,50300,50100,50300,1640,82320000,1390,250
251270,2026-04-24,10:05:00,50200,50700,50200,50600,8181,412970000,5796,2385
251270,2026-04-24,10:10:00,50700,50800,50500,50500,3327,168340000,1111,2216
251270,2026-04-24,10:15:00,50500,50700,50500,50700,4788,242250000,2972,1816
251270,2026-04-24,10:20:00,50700,50700,50600,50600,1603,81170000,957,646
251270,2026-04-24,10:25:00,50600,50700,50600,50700,1166,59060000,581,585
251270,2026-04-24,10:30:00,50700,50700,50600,50700,1444,73140000,764,680
251270,2026-04-24,10:35:00,50700,50700,50600,50700,830,42060000,650,180
251270,2026-04-24,10:40:00,50700,50800,50600,50700,5376,272530000,2938,2438
251270,2026-04-24,10:45:00,50700,50800,50700,50700,928,47090000,478,450
251270,2026-04-24,10:50:00,50800,50800,50700,50800,2903,147450000,2615,288
251270,2026-04-24,10:55:00,50800,50800,50700,50800,881,44740000,754,127
251270,2026-04-24,11:00:00,50800,50800,50600,50600,1843,93480000,406,1437
251270,2026-04-24,11:05:00,50700,50700,50400,50500,4067,205380000,887,3180
251270,2026-04-24,11:10:00,50400,50500,50300,50300,3427,172670000,666,2761
251270,2026-04-24,11:15:00,50300,50400,50300,50300,2819,141880000,799,2020
251270,2026-04-24,11:20:00,50300,50400,50100,50200,1445,72630000,444,1001
251270,2026-04-24,11:25:00,50200,50400,50200,50400,1549,77840000,755,794
251270,2026-04-24,11:30:00,50300,50400,50100,50300,1599,80340000,317,1282
251270,2026-04-24,11:35:00,50300,50300,50200,50200,1160,58270000,332,828
251270,2026-04-24,11:40:00,50200,50300,50100,50300,1384,69460000,450,934
251270,2026-04-24,11:45:00,50200,50300,50100,50100,1361,68260000,237,1124
251270,2026-04-24,11:50:00,50200,50300,50100,50100,1304,65420000,476,828
251270,2026-04-24,11:55:00,50200,50300,50100,50300,1367,68570000,646,721
251270,2026-04-24,12:00:00,50200,50300,50100,50100,1249,62650000,260,989
251270,2026-04-24,12:05:00,50100,50300,50000,50200,1260,63210000,349,911
251270,2026-04-24,12:10:00,50300,50300,50200,50200,1266,63600000,479,787
251270,2026-04-24,12:15:00,50200,50300,50100,50100,3182,159520000,447,2735
251270,2026-04-24,12:20:00,50100,50200,50000,50000,1505,75410000,821,684
251270,2026-04-24,12:25:00,50100,50200,50000,50000,1128,56500000,343,785
251270,2026-04-24,12:30:00,50000,50200,50000,50000,2004,100340000,1102,902
251270,2026-04-24,12:35:00,50100,50200,50000,50000,7386,369610000,3823,3563
251270,2026-04-24,12:40:00,50000,50300,50000,50200,5962,298740000,4520,1442
251270,2026-04-24,12:45:00,50200,50300,50100,50200,1252,62810000,648,604
251270,2026-04-24,12:50:00,50200,50400,50100,50200,2067,103910000,1110,957
251270,2026-04-24,12:55:00,50100,50500,50100,50300,1104,55500000,411,693
251270,2026-04-24,13:00:00,50200,50400,50200,50200,1392,69950000,471,921
251270,2026-04-24,13:05:00,50200,50500,50200,50300,4136,208200000,1999,2137
251270,2026-04-24,13:10:00,50300,50400,50200,50400,1193,60020000,380,813
251270,2026-04-24,13:15:00,50300,50400,50300,50300,1267,63770000,468,799
251270,2026-04-24,13:20:00,50300,50500,50300,50300,1373,69190000,549,824
251270,2026-04-24,13:25:00,50300,50500,50300,50300,1206,60710000,504,702
251270,2026-04-24,13:30:00,50300,50500,50300,50300,1184,59610000,330,854
251270,2026-04-24,13:35:00,50300,50500,50300,50300,1271,64010000,364,907
251270,2026-04-24,13:40:00,50400,50500,50300,50300,1425,71760000,341,1084
251270,2026-04-24,13:45:00,50300,50400,50200,50300,1636,82320000,323,1313
251270,2026-04-24,13:50:00,50400,50500,50300,50300,1567,78920000,612,955
251270,2026-04-24,13:55:00,50300,50400,50300,50300,1706,85860000,595,1111
251270,2026-04-24,14:00:00,50400,50500,50300,50500,2805,141440000,1521,1284
251270,2026-04-24,14:05:00,50500,50600,50300,50300,3474,175320000,659,2815
251270,2026-04-24,14:10:00,50300,50400,50200,50400,1530,76960000,957,573
251270,2026-04-24,14:15:00,50400,50500,50200,50400,2510,126480000,1514,996
251270,2026-04-24,14:20:00,50300,50500,50300,50400,1997,100680000,1129,868
251270,2026-04-24,14:25:00,50400,50700,50400,50600,4243,214550000,3086,1157
251270,2026-04-24,14:30:00,50600,50600,50400,50500,1555,78540000,800,755
251270,2026-04-24,14:35:00,50500,50600,50400,50500,1413,71380000,688,725
251270,2026-04-24,14:40:00,50400,50600,50300,50500,1837,92700000,808,1029
251270,2026-04-24,14:45:00,50500,50600,50400,50400,1290,65070000,554,736
251270,2026-04-24,14:50:00,50400,50600,50400,50500,1641,82770000,638,1003
251270,2026-04-24,14:55:00,50500,50600,50300,50400,1193,60170000,307,886
251270,2026-04-24,15:00:00,50400,50600,50400,50500,1827,92230000,833,994
251270,2026-04-24,15:05:00,50600,50600,50400,50400,1546,78000000,598,948
251270,2026-04-24,15:10:00,50500,50500,50300,50500,1610,81110000,766,844
251270,2026-04-24,15:15:00,50400,50500,50300,50400,1898,95690000,1107,791
251270,2026-04-24,15:20:00,50400,50500,50200,50400,3121,157230000,2239,882
251270,2026-04-24,15:30:00,50400,50400,50400,50400,4145,208910000,4145,0
251270,2026-04-27,09:05:00,50700,50800,50500,50600,2630,133250000,1337,1293
251270,2026-04-27,09:10:00,50700,50800,50400,50500,3619,182970000,1517,2102
251270,2026-04-27,09:15:00,50600,50700,50400,50400,3708,187230000,2011,1697
251270,2026-04-27,09:20:00,50350,50500,50300,50500,2266,114200000,708,1558
251270,2026-04-27,09:25:00,50400,50500,50300,50500,2631,132630000,1532,1099
251270,2026-04-27,09:30:00,50400,50500,50300,50500,2307,116270000,1064,1243
251270,2026-04-27,09:35:00,50500,50500,50400,50500,816,41170000,422,394
251270,2026-04-27,09:40:00,50400,50400,50300,50400,1160,58430000,603,557
251270,2026-04-27,09:45:00,50400,50600,50300,50600,1037,52300000,652,385
251270,2026-04-27,09:50:00,50500,50600,50400,50500,789,39860000,441,348
251270,2026-04-27,09:55:00,50500,50600,50400,50600,1188,60010000,881,307
251270,2026-04-27,10:00:00,50600,50700,50500,50600,3229,163380000,1031,2198
251270,2026-04-27,10:05:00,50700,50700,50600,50700,502,25450000,457,45
251270,2026-04-27,10:10:00,50700,50800,50600,50700,3296,167110000,2220,1076
251270,2026-04-27,10:15:00,50700,50800,50600,50600,2754,139440000,1051,1703
251270,2026-04-27,10:20:00,50600,50700,50500,50700,2089,105750000,905,1184
251270,2026-04-27,10:25:00,50600,50800,50600,50700,3696,187340000,2530,1166
251270,2026-04-27,10:30:00,50700,50700,50600,50700,2640,133820000,2310,330
251270,2026-04-27,10:35:00,50700,50800,50700,50700,2520,127800000,1966,554
251270,2026-04-27,10:40:00,50700,50900,50700,50900,3559,180920000,2416,1143
251270,2026-04-27,10:45:00,50900,50900,50700,50800,1684,85620000,943,741
251270,2026-04-27,10:50:00,50700,50900,50600,50800,2729,138610000,1471,1258
251270,2026-04-27,10:55:00,50800,50900,50700,50700,1601,81240000,635,966
251270,2026-04-27,11:00:00,50800,50800,50600,50700,653,33160000,478,175
251270,2026-04-27,11:05:00,50800,50800,50700,50800,604,30670000,509,95
251270,2026-04-27,11:10:00,50700,51000,50700,50900,5351,272120000,3673,1678
251270,2026-04-27,11:15:00,50800,50900,50700,50700,743,37740000,343,400
251270,2026-04-27,11:20:00,50800,50800,50500,50600,3230,163540000,945,2285
251270,2026-04-27,11:25:00,50600,50700,50600,50600,605,30650000,409,196
251270,2026-04-27,11:30:00,50700,50700,50500,50550,1383,69940000,708,675
251270,2026-04-27,11:35:00,50500,50700,50500,50600,835,42250000,779,56
251270,2026-04-27,11:40:00,50500,50700,50500,50600,1424,72010000,736,688
251270,2026-04-27,11:45:00,50600,50700,50500,50600,1128,57080000,868,260
251270,2026-04-27,11:50:00,50500,50600,50300,50500,11192,565000000,3422,7770
251270,2026-04-27,11:55:00,50400,50600,50400,50500,1450,73250000,1225,225
251270,2026-04-27,12:00:00,50500,50600,50400,50400,1920,96910000,482,1438
251270,2026-04-27,12:05:00,50500,50600,50400,50400,456,23030000,316,140
251270,2026-04-27,12:10:00,50400,50500,50400,50500,2228,112470000,1022,1206
251270,2026-04-27,12:15:00,50500,50600,50500,50500,652,32980000,489,163
251270,2026-04-27,12:20:00,50500,50600,50500,50500,954,48230000,544,410
251270,2026-04-27,12:25:00,50500,50500,50400,50400,2065,104230000,650,1415
251270,2026-04-27,12:30:00,50400,50400,50300,50300,2896,145870000,547,2349
251270,2026-04-27,12:35:00,50400,50400,50300,50300,1010,50870000,727,283
251270,2026-04-27,12:40:00,50300,50400,50300,50300,1023,51520000,550,473
251270,2026-04-27,12:45:00,50400,50500,50300,50300,3018,152080000,1301,1717
251270,2026-04-27,12:50:00,50400,50500,50300,50400,509,25670000,466,43
251270,2026-04-27,12:55:00,50300,50500,50300,50400,2043,102980000,1255,788
251270,2026-04-27,13:00:00,50400,50500,50300,50400,1132,57060000,998,134
251270,2026-04-27,13:05:00,50400,50400,50200,50200,4229,212710000,929,3300
251270,2026-04-27,13:10:00,50300,50300,50200,50300,524,26350000,453,71
251270,2026-04-27,13:15:00,50300,50300,50100,50100,3145,157920000,798,2347
251270,2026-04-27,13:20:00,50100,50300,50100,50100,2134,107120000,1412,722
251270,2026-04-27,13:25:00,50200,50400,50100,50200,1237,62140000,692,545
251270,2026-04-27,13:30:00,50200,50300,50200,50300,1053,52910000,610,443
251270,2026-04-27,13:35:00,50200,50300,50200,50200,1049,52720000,608,441
251270,2026-04-27,13:40:00,50300,50300,50100,50200,8181,410370000,695,7486
251270,2026-04-27,13:45:00,50100,50200,50100,50100,2203,110420000,413,1790
251270,2026-04-27,13:50:00,50100,50100,50000,50050,1735,86890000,719,1016
251270,2026-04-27,13:55:00,50100,50200,50000,50200,4650,233050000,3812,838
251270,2026-04-27,14:00:00,50100,50300,50100,50200,993,49840000,578,415
251270,2026-04-27,14:05:00,50200,50200,50100,50200,735,36890000,480,255
251270,2026-04-27,14:10:00,50200,50300,50100,50300,1139,57160000,899,240
251270,2026-04-27,14:15:00,50200,50300,50000,50100,4978,249530000,1791,3187
251270,2026-04-27,14:20:00,50100,50200,50000,50000,1910,95720000,823,1087
251270,2026-04-27,14:25:00,50000,50100,49950,50000,5916,295850000,1682,4234
251270,2026-04-27,14:30:00,50000,50200,50000,50100,3330,166880000,2492,838
251270,2026-04-27,14:35:00,50100,50100,49950,50000,4498,224940000,2039,2459
251270,2026-04-27,14:40:00,50000,50100,49900,50000,6681,333940000,1288,5393
251270,2026-04-27,14:45:00,49950,50100,49950,49950,1966,98340000,1033,933
251270,2026-04-27,14:50:00,50000,50100,49950,50000,953,47660000,685,268
251270,2026-04-27,14:55:00,50000,50100,49950,50000,2358,117900000,1602,756
251270,2026-04-27,15:00:00,50100,50200,50000,50200,1605,80390000,1446,159
251270,2026-04-27,15:05:00,50100,50200,50000,50100,3454,173040000,1758,1696
251270,2026-04-27,15:10:00,50000,50100,49950,50100,3791,189620000,1061,2730
251270,2026-04-27,15:15:00,50000,50100,49950,49950,2363,118160000,246,2117
251270,2026-04-27,15:20:00,49950,50000,49900,49950,5404,270010000,3171,2233
251270,2026-04-27,15:30:00,50000,50000,50000,50000,7951,397550000,7951,0
251270,2026-04-28,09:05:00,50200,50800,50000,50700,11956,604240000,11202,754
251270,2026-04-28,09:10:00,50700,50800,50400,50600,3144,159240000,2226,918
251270,2026-04-28,09:15:00,50600,50600,50400,50500,1348,68190000,995,353
251270,2026-04-28,09:20:00,50600,50700,50500,50600,1825,92360000,869,956
251270,2026-04-28,09:25:00,50700,50700,50400,50400,1754,88730000,601,1153
251270,2026-04-28,09:30:00,50500,50600,50300,50500,1810,91330000,1443,367
251270,2026-04-28,09:35:00,50500,50700,50400,50500,3739,189180000,2076,1663
251270,2026-04-28,09:40:00,50500,50600,50500,50600,2133,107800000,1314,819
251270,2026-04-28,09:45:00,50500,50600,50500,50500,711,35970000,561,150
251270,2026-04-28,09:50:00,50500,50600,50500,50500,1760,88940000,634,1126
251270,2026-04-28,09:55:00,50550,50700,50500,50500,2856,144380000,2176,680
251270,2026-04-28,10:00:00,50600,50600,50500,50600,768,38850000,649,119
251270,2026-04-28,10:05:00,50600,50700,50500,50600,2180,110280000,1810,370
251270,2026-04-28,10:10:00,50600,50700,50500,50500,1524,77130000,339,1185
251270,2026-04-28,10:15:00,50500,50600,50400,50500,4662,235330000,1447,3215
251270,2026-04-28,10:20:00,50600,50600,50500,50500,1053,53220000,456,597
251270,2026-04-28,10:25:00,50550,50600,50450,50600,1940,98000000,1196,744
251270,2026-04-28,10:30:00,50600,50700,50500,50700,1420,71860000,1132,288
251270,2026-04-28,10:35:00,50600,50700,50600,50600,948,48020000,467,481
251270,2026-04-28,10:40:00,50600,50600,50500,50500,1437,72680000,426,1011
251270,2026-04-28,10:45:00,50500,50600,50400,50500,1899,95900000,645,1254
251270,2026-04-28,10:50:00,50400,50600,50400,50400,786,39700000,523,263
251270,2026-04-28,10:55:00,50500,50500,50400,50500,2420,122200000,782,1638
251270,2026-04-28,11:00:00,50400,50500,50400,50400,691,34880000,522,169
251270,2026-04-28,11:05:00,50500,50500,50400,50400,4400,221810000,857,3543
251270,2026-04-28,11:10:00,50400,50600,50400,50500,1229,62080000,1014,215
251270,2026-04-28,11:15:00,50500,50600,50500,50500,477,24130000,359,118
251270,2026-04-28,11:20:00,50600,50700,50500,50600,2700,136650000,2041,659
251270,2026-04-28,11:25:00,50600,50800,50600,50700,2007,101760000,1846,161
251270,2026-04-28,11:30:00,50750,50800,50700,50700,1525,77360000,878,647
251270,2026-04-28,11:35:00,50700,51000,50600,50900,8409,427150000,7201,1208
251270,2026-04-28,11:40:00,50900,50900,50700,50700,2759,140210000,761,1998
251270,2026-04-28,11:45:00,50800,50800,50700,50700,1318,66950000,973,345
251270,2026-04-28,11:50:00,50800,50900,50700,50800,1163,59090000,812,351
251270,2026-04-28,11:55:00,50800,50800,50600,50600,1110,56290000,409,701
251270,2026-04-28,12:00:00,50600,50700,50500,50600,2114,106980000,515,1599
251270,2026-04-28,12:05:00,50600,50700,50500,50600,616,31180000,280,336
251270,2026-04-28,12:10:00,50700,50700,50500,50500,983,49710000,456,527
251270,2026-04-28,12:15:00,50500,50700,50500,50700,3019,152720000,2373,646
251270,2026-04-28,12:20:00,50700,50700,50500,50600,2627,132770000,712,1915
251270,2026-04-28,12:25:00,50600,50700,50500,50700,1154,58420000,804,350
251270,2026-04-28,12:30:00,50600,50700,50500,50700,1005,50900000,429,576
251270,2026-04-28,12:35:00,50700,50800,50600,50600,747,37880000,239,508
251270,2026-04-28,12:40:00,50600,50800,50600,50700,612,31040000,571,41
251270,2026-04-28,12:45:00,50700,50700,50600,50600,516,26160000,472,44
251270,2026-04-28,12:50:00,50600,50700,50600,50700,698,35370000,485,213
251270,2026-04-28,12:55:00,50700,50700,50500,50600,1378,69750000,437,941
251270,2026-04-28,13:00:00,50700,50700,50400,50500,1386,70070000,324,1062
251270,2026-04-28,13:05:00,50600,50700,50500,50700,1009,51000000,423,586
251270,2026-04-28,13:10:00,50500,50600,50500,50500,781,39480000,360,421
251270,2026-04-28,13:15:00,50500,50700,50500,50600,1164,58850000,402,762
251270,2026-04-28,13:20:00,50500,50600,50400,50500,1261,63690000,784,477
251270,2026-04-28,13:25:00,50450,50600,50400,50600,1356,68520000,380,976
251270,2026-04-28,13:30:00,50500,50600,50400,50600,1311,66270000,555,756
251270,2026-04-28,13:35:00,50500,50600,50400,50500,2765,139640000,839,1926
251270,2026-04-28,13:40:00,50500,50600,50500,50600,1120,56600000,509,611
251270,2026-04-28,13:45:00,50500,50600,50500,50500,956,48350000,517,439
251270,2026-04-28,13:50:00,50600,50700,50500,50600,917,46390000,572,345
251270,2026-04-28,13:55:00,50500,50700,50500,50500,1205,60950000,829,376
251270,2026-04-28,14:00:00,50500,50700,50500,50500,2194,111000000,1300,894
251270,2026-04-28,14:05:00,50600,50600,50400,50500,5018,253340000,1118,3900
251270,2026-04-28,14:10:00,50400,50500,50400,50400,1977,99690000,471,1506
251270,2026-04-28,14:15:00,50400,50500,50400,50500,670,33830000,596,74
251270,2026-04-28,14:20:00,50400,50500,50400,50400,744,37560000,595,149
251270,2026-04-28,14:25:00,50400,50500,50400,50500,779,39310000,563,216
251270,2026-04-28,14:30:00,50400,50500,50300,50400,5227,263130000,556,4671
251270,2026-04-28,14:35:00,50300,50400,50300,50400,1125,56630000,393,732
251270,2026-04-28,14:40:00,50300,50400,50300,50300,1187,59810000,1013,174
251270,2026-04-28,14:45:00,50300,50600,50300,50400,1340,67610000,898,442
251270,2026-04-28,14:50:00,50500,50600,50400,50400,1210,61090000,650,560
251270,2026-04-28,14:55:00,50400,50600,50400,50500,1643,82990000,438,1205
251270,2026-04-28,15:00:00,50500,50600,50500,50500,628,31730000,171,457
251270,2026-04-28,15:05:00,50600,50600,50500,50500,1154,58290000,370,784
251270,2026-04-28,15:10:00,50600,50600,50400,50500,760,38370000,135,625
251270,2026-04-28,15:15:00,50400,50600,50400,50600,1911,96510000,1256,655
251270,2026-04-28,15:20:00,50600,50600,50400,50500,3621,182850000,1418,2203
251270,2026-04-28,15:30:00,50600,50600,50600,50600,4294,217270000,4281,0
251270,2026-04-29,09:05:00,50800,51700,50800,51700,17843,914910000,15401,2442
251270,2026-04-29,09:10:00,51600,52100,51500,51900,26390,1368060000,15051,11339
251270,2026-04-29,09:15:00,51900,52100,51600,51900,15247,790930000,8449,6798
251270,2026-04-29,09:20:00,51900,52200,51700,51700,19307,1003040000,11660,7647
251270,2026-04-29,09:25:00,51600,52000,51600,51700,5695,295210000,3693,2002
251270,2026-04-29,09:30:00,51700,51800,51300,51400,20424,1052960000,7116,13308
251270,2026-04-29,09:35:00,51400,51800,51400,51700,5217,269230000,3375,1842
251270,2026-04-29,09:40:00,51600,51800,51500,51700,8618,445550000,7235,1383
251270,2026-04-29,09:45:00,51700,51800,51400,51400,3915,201550000,1367,2548
251270,2026-04-29,09:50:00,51300,51600,51200,51400,10540,541130000,2846,7694
251270,2026-04-29,09:55:00,51300,51500,51300,51400,4694,240920000,1116,3578
251270,2026-04-29,10:00:00,51400,51400,51200,51300,3382,173550000,1464,1918
251270,2026-04-29,10:05:00,51300,51400,51100,51400,2886,147840000,1049,1837
251270,2026-04-29,10:10:00,51300,51400,50900,51100,6667,340550000,1554,5113
251270,2026-04-29,10:15:00,51100,51500,50900,51300,3890,199310000,2555,1335
251270,2026-04-29,10:20:00,51400,51500,51100,51200,5844,299640000,1950,3894
251270,2026-04-29,10:25:00,51100,51200,51000,51200,2604,133120000,1164,1440
251270,2026-04-29,10:30:00,51200,51400,51100,51200,6704,343710000,4832,1872
251270,2026-04-29,10:35:00,51200,51400,51100,51300,4495,230540000,2924,1571
251270,2026-04-29,10:40:00,51300,51600,51200,51600,5173,266170000,4002,1171
251270,2026-04-29,10:45:00,51600,51700,51400,51600,5602,288880000,3763,1839
251270,2026-04-29,10:50:00,51600,51700,51400,51600,4066,209700000,2680,1386
251270,2026-04-29,10:55:00,51600,51800,51500,51500,4899,252800000,3476,1423
251270,2026-04-29,11:00:00,51500,51900,51500,51800,5706,295440000,3732,1974
251270,2026-04-29,11:05:00,51800,51900,51600,51600,8972,464280000,4771,4201
251270,2026-04-29,11:10:00,51600,51900,51500,51500,7651,395010000,5122,2529
251270,2026-04-29,11:15:00,51500,51600,51400,51500,3942,203020000,2170,1772
251270,2026-04-29,11:20:00,51500,51600,51400,51500,4728,243530000,2247,2481
251270,2026-04-29,11:25:00,51500,51700,51400,51500,3964,204240000,1788,2176
251270,2026-04-29,11:30:00,51500,51700,51400,51500,4387,226090000,1330,3057
251270,2026-04-29,11:35:00,51400,51700,51400,51700,2595,133980000,1510,1085
251270,2026-04-29,11:40:00,51600,51900,51500,51800,4513,233550000,1924,2589
251270,2026-04-29,11:45:00,51800,51900,51700,51800,4207,217980000,1331,2876
251270,2026-04-29,11:50:00,51800,51900,51700,51700,3693,191320000,1218,2475
251270,2026-04-29,11:55:00,51700,51900,51700,51900,5244,271660000,3021,2223
251270,2026-04-29,12:00:00,51900,51900,51700,51800,2337,121090000,1008,1329
251270,2026-04-29,12:05:00,51900,51900,51700,51700,2345,121530000,1021,1324
251270,2026-04-29,12:10:00,51700,51900,51600,51600,3278,169630000,1224,2054
251270,2026-04-29,12:15:00,51700,51800,51500,51800,1821,94060000,835,986
251270,2026-04-29,12:20:00,51700,51800,51500,51600,4094,211520000,1628,2466
251270,2026-04-29,12:25:00,51600,51700,51500,51700,2226,114980000,793,1433
251270,2026-04-29,12:30:00,51700,51700,51500,51600,1802,92980000,567,1235
251270,2026-04-29,12:35:00,51600,51800,51500,51600,1902,98150000,874,1028
251270,2026-04-29,12:40:00,51600,51700,51500,51600,2300,118710000,900,1400
251270,2026-04-29,12:45:00,51600,51700,51400,51600,4671,240930000,931,3740
251270,2026-04-29,12:50:00,51600,51700,51600,51600,2042,105440000,682,1360
251270,2026-04-29,12:55:00,51600,51700,51500,51700,1870,96570000,863,1007
251270,2026-04-29,13:00:00,51700,51700,51500,51500,2237,115390000,950,1287
251270,2026-04-29,13:05:00,51500,51700,51400,51500,1772,91310000,592,1180
251270,2026-04-29,13:10:00,51400,51600,51300,51400,1672,85990000,706,966
251270,2026-04-29,13:15:00,51400,51600,51200,51500,2577,132420000,831,1746
251270,2026-04-29,13:20:00,51600,51800,51500,51700,5987,309280000,2609,3378
251270,2026-04-29,13:25:00,51700,51900,51600,51700,7804,403490000,3565,4239
251270,2026-04-29,13:30:00,51700,51800,51500,51600,5673,293090000,1432,4241
251270,2026-04-29,13:35:00,51600,51600,51400,51500,2240,115310000,1049,1191
251270,2026-04-29,13:40:00,51500,51700,51400,51500,3288,169520000,1506,1782
251270,2026-04-29,13:45:00,51500,51600,51400,51600,2911,149880000,1288,1623
251270,2026-04-29,13:50:00,51600,51700,51500,51600,3369,173790000,1885,1484
251270,2026-04-29,13:55:00,51600,51700,51500,51500,2630,135580000,937,1693
251270,2026-04-29,14:00:00,51500,51600,51400,51400,5993,308630000,1396,4597
251270,2026-04-29,14:05:00,51400,51600,51400,51500,2481,127720000,1217,1264
251270,2026-04-29,14:10:00,51500,51600,51400,51400,2214,113900000,994,1220
251270,2026-04-29,14:15:00,51400,51600,51300,51600,3942,203120000,2473,1469
251270,2026-04-29,14:20:00,51500,51700,51500,51600,2505,129170000,1610,895
251270,2026-04-29,14:25:00,51600,51600,51400,51400,1935,99670000,898,1037
251270,2026-04-29,14:30:00,51500,51600,51400,51500,3896,200600000,2123,1773
251270,2026-04-29,14:35:00,51400,51500,51400,51400,2137,109960000,1177,960
251270,2026-04-29,14:40:00,51500,51500,51400,51400,2880,148210000,1806,1074
251270,2026-04-29,14:45:00,51500,51600,51400,51600,3792,195300000,2657,1135
251270,2026-04-29,14:50:00,51600,51600,51500,51600,2094,107970000,1329,765
251270,2026-04-29,14:55:00,51600,51600,51400,51500,2737,141020000,1396,1341
251270,2026-04-29,15:00:00,51600,51600,51300,51300,7603,391240000,3456,4147
251270,2026-04-29,15:05:00,51400,51500,51300,51500,2650,136230000,1383,1267
251270,2026-04-29,15:10:00,51500,51500,51300,51400,2703,138840000,1672,1031
251270,2026-04-29,15:15:00,51400,51400,51300,51400,3127,160630000,2180,947
251270,2026-04-29,15:20:00,51400,51500,51200,51300,5608,287620000,3632,1976
251270,2026-04-29,15:30:00,51300,51300,51300,51300,11459,587840000,11444,0
251270,2026-04-30,09:05:00,51000,51300,50700,50800,10554,537380000,3244,7310
251270,2026-04-30,09:10:00,50800,51100,50600,50900,6198,314590000,3906,2292
251270,2026-04-30,09:15:00,50900,50900,50700,50700,3202,162620000,1742,1460
251270,2026-04-30,09:20:00,50800,50900,50600,50700,7548,382750000,3527,4021
251270,2026-04-30,09:25:00,50800,50800,50700,50700,2048,103910000,780,1268
251270,2026-04-30,09:30:00,50700,50900,50600,50900,4510,229070000,4101,409
251270,2026-04-30,09:35:00,50800,51200,50800,51000,2957,150910000,2011,946
251270,2026-04-30,09:40:00,51100,51200,50800,50900,3970,202380000,1247,2723
251270,2026-04-30,09:45:00,51000,51000,50700,50800,2002,101840000,439,1563
251270,2026-04-30,09:50:00,50700,50800,50500,50800,7008,354990000,3476,3532
251270,2026-04-30,09:55:00,50800,50800,50600,50700,4105,208140000,2973,1132
251270,2026-04-30,10:00:00,50700,50900,50700,50800,2287,116170000,1327,960
251270,2026-04-30,10:05:00,50700,50800,50600,50700,1246,63200000,256,990
251270,2026-04-30,10:10:00,50800,50800,50700,50700,1167,59220000,513,654
251270,2026-04-30,10:15:00,50700,50800,50600,50700,1755,89010000,1337,418
251270,2026-04-30,10:20:00,50700,50900,50700,50800,1528,77620000,1038,490
251270,2026-04-30,10:25:00,50900,50900,50600,50800,5378,272840000,2445,2933
251270,2026-04-30,10:30:00,50700,50800,50700,50800,1850,93850000,530,1320
251270,2026-04-30,10:35:00,50600,50900,50600,50800,3431,174190000,3037,394
251270,2026-04-30,10:40:00,50800,50900,50600,50700,6310,320090000,2996,3314
251270,2026-04-30,10:45:00,50800,50900,50700,50900,794,40370000,676,118
251270,2026-04-30,10:50:00,50800,51000,50700,50800,5035,256220000,2705,2330
251270,2026-04-30,10:55:00,50900,51000,50800,50900,880,44830000,350,530
251270,2026-04-30,11:00:00,50900,51000,50700,51000,2034,103460000,835,1199
251270,2026-04-30,11:05:00,51000,51000,50800,50800,1692,86160000,528,1164
251270,2026-04-30,11:10:00,50800,51000,50800,50900,1124,57200000,709,415
251270,2026-04-30,11:15:00,50900,50900,50800,50900,1169,59460000,711,458
251270,2026-04-30,11:20:00,50900,50900,50700,50700,3256,165400000,1189,2067
251270,2026-04-30,11:25:00,50700,50800,50700,50700,1466,74450000,1231,235
251270,2026-04-30,11:30:00,50800,50800,50600,50600,2906,147410000,883,2023
251270,2026-04-30,11:35:00,50600,50700,50500,50500,3968,200640000,1030,2938
251270,2026-04-30,11:40:00,50500,50700,50500,50600,3647,184570000,1783,1864
251270,2026-04-30,11:45:00,50700,50800,50500,50600,4002,202560000,1077,2925
251270,2026-04-30,11:50:00,50600,50700,50500,50500,3030,153280000,806,2224
251270,2026-04-30,11:55:00,50500,50600,50400,50500,2614,132010000,1644,970
251270,2026-04-30,12:00:00,50500,50600,50400,50600,2895,146220000,1145,1750
251270,2026-04-30,12:05:00,50500,50500,50300,50400,5070,255550000,1168,3902
251270,2026-04-30,12:10:00,50300,50500,50300,50500,1876,94650000,1327,549
251270,2026-04-30,12:15:00,50400,50500,50300,50400,1399,70510000,410,989
251270,2026-04-30,12:20:00,50300,50400,50300,50300,1709,86090000,1337,372
251270,2026-04-30,12:25:00,50300,50500,50300,50500,1484,74820000,1167,317
251270,2026-04-30,12:30:00,50400,50500,50400,50400,521,26290000,362,159
251270,2026-04-30,12:35:00,50400,50600,50400,50400,2740,138260000,762,1978
251270,2026-04-30,12:40:00,50400,50500,50300,50400,1134,57220000,497,637
251270,2026-04-30,12:45:00,50400,50500,50400,50400,932,47040000,649,283
251270,2026-04-30,12:50:00,50400,50600,50400,50500,970,48970000,462,508
251270,2026-04-30,12:55:00,50500,50600,50400,50500,717,36220000,350,367
251270,2026-04-30,13:00:00,50500,50600,50400,50400,886,44780000,484,402
251270,2026-04-30,13:05:00,50400,50600,50300,50300,1876,94590000,476,1400
251270,2026-04-30,13:10:00,50300,50500,50300,50300,1716,86500000,1411,305
251270,2026-04-30,13:15:00,50300,50500,50300,50300,1323,66670000,901,422
251270,2026-04-30,13:20:00,50300,50400,50300,50300,720,36260000,520,200
251270,2026-04-30,13:25:00,50400,50400,50200,50200,3922,197280000,927,2995
251270,2026-04-30,13:30:00,50200,50400,50200,50200,1740,87510000,1107,633
251270,2026-04-30,13:35:00,50200,50400,50200,50200,2292,115220000,805,1487
251270,2026-04-30,13:40:00,50200,50300,50200,50200,3939,197880000,1058,2881
251270,2026-04-30,13:45:00,50300,50300,50100,50200,3281,164700000,1398,1883
251270,2026-04-30,13:50:00,50200,50300,50100,50200,2180,109460000,733,1447
251270,2026-04-30,13:55:00,50200,50300,50200,50200,2053,103110000,421,1632
251270,2026-04-30,14:00:00,50200,50200,50100,50100,1382,69290000,519,863
251270,2026-04-30,14:05:00,50100,50200,50000,50000,5236,262270000,664,4572
251270,2026-04-30,14:10:00,50000,50100,50000,50000,2383,119190000,474,1909
251270,2026-04-30,14:15:00,50100,50200,49950,50000,2754,137860000,1167,1587
251270,2026-04-30,14:20:00,50000,50100,49950,50000,2376,118810000,1020,1356
251270,2026-04-30,14:25:00,50000,50100,50000,50000,1045,52310000,561,484
251270,2026-04-30,14:30:00,50100,50100,50000,50000,1105,55300000,559,546
251270,2026-04-30,14:35:00,50000,50100,50000,50000,1704,85250000,435,1269
251270,2026-04-30,14:40:00,50100,50100,50000,50000,1599,80070000,1190,409
251270,2026-04-30,14:45:00,50000,50100,50000,50000,1233,61720000,769,464
251270,2026-04-30,14:50:00,50000,50200,50000,50100,1542,77310000,1047,495
251270,2026-04-30,14:55:00,50100,50200,50000,50000,1715,85970000,846,869
251270,2026-04-30,15:00:00,50100,50100,49900,49900,5745,287090000,1074,4671
251270,2026-04-30,15:05:00,49900,49975,49800,49800,9725,485260000,2980,6745
251270,2026-04-30,15:10:00,49800,49900,49700,49800,12248,610190000,4462,7786
251270,2026-04-30,15:15:00,49750,49800,49750,49800,5463,271950000,3387,2076
251270,2026-04-30,15:20:00,49750,49850,49550,49650,9381,465940000,4163,5218
251270,2026-04-30,15:30:00,49650,49650,49650,49650,15894,789130000,15883,0
251270,2026-05-04,09:05:00,50600,50600,50200,50200,4792,241720000,3052,1740
251270,2026-05-04,09:10:00,50300,50500,50200,50500,2733,137700000,1495,1238
251270,2026-05-04,09:15:00,50500,50700,50400,50400,4073,206000000,2045,2028
251270,2026-05-04,09:20:00,50500,50500,50300,50400,1631,82160000,704,927
251270,2026-05-04,09:25:00,50400,50400,50200,50400,2518,126760000,1219,1299
251270,2026-05-04,09:30:00,50400,50600,50300,50500,1636,82650000,1263,373
251270,2026-05-04,09:35:00,50500,50700,50400,50600,2323,117470000,1366,957
251270,2026-05-04,09:40:00,50700,50700,50500,50600,1784,90340000,676,1108
251270,2026-05-04,09:45:00,50700,50800,50600,50650,9955,504800000,5927,4028
251270,2026-05-04,09:50:00,50600,50700,50600,50600,2108,106760000,1089,1019
251270,2026-05-04,09:55:00,50600,50700,50500,50500,2517,127330000,866,1651
251270,2026-05-04,10:00:00,50500,50600,50500,50500,1460,73870000,1101,359
251270,2026-05-04,10:05:00,50500,50700,50500,50500,1836,92940000,800,1036
251270,2026-05-04,10:10:00,50500,50600,50500,50500,1232,62330000,1141,91
251270,2026-05-04,10:15:00,50600,50600,50300,50400,4078,205850000,730,3348
251270,2026-05-04,10:20:00,50300,50500,50200,50400,4214,212160000,1061,3153
251270,2026-05-04,10:25:00,50400,50600,50300,50300,2199,110850000,1274,925
251270,2026-05-04,10:30:00,50300,50400,50100,50200,2163,108680000,418,1745
251270,2026-05-04,10:35:00,50200,50300,50100,50300,966,48530000,424,542
251270,2026-05-04,10:40:00,50200,50400,50200,50300,700,35230000,378,322
251270,2026-05-04,10:45:00,50300,50400,50200,50400,1858,93480000,660,1198
251270,2026-05-04,10:50:00,50200,50400,50200,50300,1202,60470000,357,845
251270,2026-05-04,10:55:00,50400,50400,50200,50400,1904,95690000,350,1554
251270,2026-05-04,11:00:00,50300,50400,50200,50200,5753,289520000,3688,2065
251270,2026-05-04,11:05:00,50200,50400,50200,50300,1091,54880000,499,592
251270,2026-05-04,11:10:00,50200,50400,50200,50300,1130,56880000,430,700
251270,2026-05-04,11:15:00,50300,50400,50100,50200,3173,159450000,470,2703
251270,2026-05-04,11:20:00,50300,50300,50100,50100,2818,141400000,1437,1381
251270,2026-05-04,11:25:00,50200,50300,50100,50100,1193,59890000,1050,143
251270,2026-05-04,11:30:00,50200,50200,50000,50000,2503,125470000,693,1810
251270,2026-05-04,11:35:00,50100,50100,50000,50100,805,40320000,378,427
251270,2026-05-04,11:40:00,50000,50100,50000,50100,1013,50730000,434,579
251270,2026-05-04,11:45:00,50000,50200,50000,50100,1903,95220000,428,1475
251270,2026-05-04,11:50:00,50100,50100,49850,49900,4586,229100000,667,3919
251270,2026-05-04,11:55:00,49900,50100,49850,49950,1780,88940000,925,855
251270,2026-05-04,12:00:00,49950,50100,49950,50100,1096,54830000,533,563
251270,2026-05-04,12:05:00,49950,50100,49950,50100,742,37170000,612,130
251270,2026-05-04,12:10:00,50100,50200,50000,50000,1326,66430000,347,979
251270,2026-05-04,12:15:00,50000,50100,50000,50100,737,36920000,395,342
251270,2026-05-04,12:20:00,50100,50200,50100,50200,888,44530000,448,440
251270,2026-05-04,12:25:00,50200,50200,50100,50100,531,26650000,439,92
251270,2026-05-04,12:30:00,50100,50100,50000,50000,1555,77900000,650,905
251270,2026-05-04,12:35:00,50100,50100,50000,50100,683,34200000,555,128
251270,2026-05-04,12:40:00,50100,50100,49900,49950,3099,154950000,838,2261
251270,2026-05-04,12:45:00,49950,49950,49900,49950,851,42500000,792,59
251270,2026-05-04,12:50:00,49950,50000,49900,50000,1541,76990000,715,826
251270,2026-05-04,12:55:00,49950,50000,49950,50000,579,28950000,319,260
251270,2026-05-04,13:00:00,50100,50100,49950,50000,1516,75830000,421,1095
251270,2026-05-04,13:05:00,50000,50100,49950,50000,1188,59420000,378,810
251270,2026-05-04,13:10:00,49950,50000,49800,49900,4253,212210000,760,3493
251270,2026-05-04,13:15:00,49850,49900,49800,49850,1895,94450000,520,1375
251270,2026-05-04,13:20:00,49800,49850,49700,49750,2790,138910000,1092,1698
251270,2026-05-04,13:25:00,49750,49825,49700,49750,4127,205320000,1042,3085
251270,2026-05-04,13:30:00,49725,49775,49650,49700,5128,254860000,2164,2964
251270,2026-05-04,13:35:00,49750,49800,49700,49700,4467,222260000,1410,3057
251270,2026-05-04,13:40:00,49700,49750,49600,49650,4502,223630000,898,3604
251270,2026-05-04,13:45:00,49650,49700,49650,49650,1817,90260000,509,1308
251270,2026-05-04,13:50:00,49650,49700,49650,49700,1573,78130000,643,930
251270,2026-05-04,13:55:00,49650,49700,49650,49650,2964,147280000,2242,722
251270,2026-05-04,14:00:00,49700,49750,49650,49700,2484,123460000,1329,1155
251270,2026-05-04,14:05:00,49700,49750,49650,49650,1895,94150000,359,1536
251270,2026-05-04,14:10:00,49650,49750,49650,49650,1790,88930000,455,1335
251270,2026-05-04,14:15:00,49650,49750,49650,49700,2982,148190000,788,2194
251270,2026-05-04,14:20:00,49700,49800,49650,49700,2130,105860000,649,1481
251270,2026-05-04,14:25:00,49700,49700,49650,49700,3074,152720000,1014,2060
251270,2026-05-04,14:30:00,49675,49750,49600,49750,4610,228860000,1504,3106
251270,2026-05-04,14:35:00,49700,49750,49650,49700,3779,187810000,832,2947
251270,2026-05-04,14:40:00,49750,49750,49700,49700,2283,113520000,483,1800
251270,2026-05-04,14:45:00,49700,49800,49650,49650,1983,98600000,562,1421
251270,2026-05-04,14:50:00,49650,49700,49650,49650,2197,109170000,1737,460
251270,2026-05-04,14:55:00,49650,49700,49600,49600,3323,165020000,865,2458
251270,2026-05-04,15:00:00,49650,49650,49600,49600,5779,286890000,1432,4347
251270,2026-05-04,15:05:00,49600,49650,49500,49500,7899,391410000,2361,5538
251270,2026-05-04,15:10:00,49500,49600,49350,49425,7706,381350000,1597,6109
251270,2026-05-04,15:15:00,49425,49550,49400,49500,4914,243130000,3227,1687
251270,2026-05-04,15:20:00,49500,49500,49400,49500,4428,218960000,1667,2761
251270,2026-05-04,15:30:00,49500,49500,49500,49500,4992,247100000,4992,0
251270,2026-05-06,09:05:00,49350,49400,48500,48500,23872,1168680000,4951,18921
251270,2026-05-06,09:10:00,48500,48850,48450,48600,10417,505830000,4028,6389
251270,2026-05-06,09:15:00,48650,48900,48500,48850,5122,249390000,2678,2444
251270,2026-05-06,09:20:00,48900,49200,48850,49000,3880,190210000,1661,2219
251270,2026-05-06,09:25:00,49000,49050,48700,48700,4948,241760000,878,4070
251270,2026-05-06,09:30:00,48750,48900,48600,48850,3562,173650000,1773,1789
251270,2026-05-06,09:35:00,48850,49200,48850,49100,3944,193280000,2573,1371
251270,2026-05-06,09:40:00,49100,49100,48850,48950,2305,112890000,395,1910
251270,2026-05-06,09:45:00,48975,49100,48900,49050,2592,126980000,1226,1366
251270,2026-05-06,09:50:00,49050,49100,48950,49100,1777,87110000,1244,533
251270,2026-05-06,09:55:00,49100,49450,49050,49150,7213,355180000,4391,2822
251270,2026-05-06,10:00:00,49150,49250,49100,49150,3340,164300000,1678,1662
251270,2026-05-06,10:05:00,49200,49300,48900,49100,4719,231550000,2074,2645
251270,2026-05-06,10:10:00,49100,49200,49050,49150,1884,92550000,1357,527
251270,2026-05-06,10:15:00,49150,49250,49050,49100,2953,145280000,925,2028
251270,2026-05-06,10:20:00,49100,49150,49000,49000,3660,179650000,1197,2463
251270,2026-05-06,10:25:00,49050,49150,49050,49050,1456,71490000,799,657
251270,2026-05-06,10:30:00,49050,49200,49050,49100,1992,97860000,719,1273
251270,2026-05-06,10:35:00,49150,49150,48850,48950,5259,257790000,2513,2746
251270,2026-05-06,10:40:00,48950,49100,48950,49000,1282,62830000,740,542
251270,2026-05-06,10:45:00,49000,49150,48950,48950,2122,103970000,439,1683
251270,2026-05-06,10:50:00,48950,49000,48900,48900,1019,49900000,596,423
251270,2026-05-06,10:55:00,48900,49050,48850,48950,1938,94890000,473,1465
251270,2026-05-06,11:00:00,48950,49050,48900,48900,1385,67820000,367,1018
251270,2026-05-06,11:05:00,48900,49000,48900,49000,1850,90560000,661,1189
251270,2026-05-06,11:10:00,49050,49050,48900,48950,1623,79490000,449,1174
251270,2026-05-06,11:15:00,49000,49100,48950,49000,1923,94300000,842,1081
251270,2026-05-06,11:20:00,49050,49150,49000,49050,798,39170000,482,316
251270,2026-05-06,11:25:00,49150,49150,49050,49100,790,38800000,320,470
251270,2026-05-06,11:30:00,49150,49150,49050,49050,1047,51390000,458,589
251270,2026-05-06,11:35:00,49000,49050,48950,48950,1195,58570000,422,773
251270,2026-05-06,11:40:00,48950,49100,48950,48950,1178,57790000,653,525
251270,2026-05-06,11:45:00,48950,49050,48950,49000,2221,108880000,674,1547
251270,2026-05-06,11:50:00,48950,49100,48950,49100,1375,67410000,471,904
251270,2026-05-06,11:55:00,49050,49050,48950,49000,1418,69500000,356,1062
251270,2026-05-06,12:00:00,49000,49100,49000,49000,1018,49910000,569,449
251270,2026-05-06,12:05:00,49000,49100,48950,49000,1768,86670000,836,932
251270,2026-05-06,12:10:00,49000,49050,49000,49000,757,37120000,373,384
251270,2026-05-06,12:15:00,49000,49100,49000,49050,1063,52120000,289,774
251270,2026-05-06,12:20:00,49100,49100,49050,49050,718,35250000,514,204
251270,2026-05-06,12:25:00,49100,49100,49000,49000,1105,54220000,624,481
251270,2026-05-06,12:30:00,49000,49100,48950,48950,2122,103980000,702,1420
251270,2026-05-06,12:35:00,48950,49000,48900,49000,3151,154270000,1265,1886
251270,2026-05-06,12:40:00,49000,49100,48950,49100,809,39680000,399,410
251270,2026-05-06,12:45:00,49100,49100,49000,49050,883,43330000,462,421
251270,2026-05-06,12:50:00,49050,49100,48950,49050,3168,155340000,529,2639
251270,2026-05-06,12:55:00,49050,49150,49050,49050,1799,88340000,986,813
251270,2026-05-06,13:00:00,49050,49200,49050,49200,1327,65230000,1137,190
251270,2026-05-06,13:05:00,49100,49150,49000,49050,2021,99240000,408,1613
251270,2026-05-06,13:10:00,49050,49100,49000,49000,2593,127190000,489,2104
251270,2026-05-06,13:15:00,49000,49150,49000,49000,1006,49360000,531,475
251270,2026-05-06,13:20:00,49025,49100,48950,49000,1563,76620000,547,1016
251270,2026-05-06,13:25:00,49000,49050,48900,48900,1852,90710000,615,1237
251270,2026-05-06,13:30:00,48950,49050,48900,49000,1000,48990000,612,388
251270,2026-05-06,13:35:00,49000,49100,48950,49000,1537,75390000,715,822
251270,2026-05-06,13:40:00,49000,49050,48900,48900,1710,83730000,806,904
251270,2026-05-06,13:45:00,48900,49050,48900,48950,1346,65920000,662,684
251270,2026-05-06,13:50:00,48950,49000,48800,48800,2150,105090000,475,1675
251270,2026-05-06,13:55:00,48800,48900,48750,48750,2393,116780000,760,1633
251270,2026-05-06,14:00:00,48750,48900,48750,48750,1741,84990000,1027,714
251270,2026-05-06,14:05:00,48800,48850,48700,48700,3632,177140000,1231,2401
251270,2026-05-06,14:10:00,48800,48800,48700,48700,3099,151020000,1207,1892
251270,2026-05-06,14:15:00,48700,48750,48600,48600,4547,221320000,765,3782
251270,2026-05-06,14:20:00,48600,48650,48550,48600,4178,203070000,2042,2136
251270,2026-05-06,14:25:00,48550,48650,48500,48550,6141,298300000,1927,4214
251270,2026-05-06,14:30:00,48550,48650,48500,48550,3430,166620000,1397,2033
251270,2026-05-06,14:35:00,48500,48600,48500,48600,987,47940000,552,435
251270,2026-05-06,14:40:00,48550,48600,48550,48550,1621,78760000,1208,413
251270,2026-05-06,14:45:00,48550,48700,48550,48650,2227,108250000,1043,1184
251270,2026-05-06,14:50:00,48700,48800,48600,48650,1998,97330000,1059,939
251270,2026-05-06,14:55:00,48700,48700,48600,48600,2115,102940000,869,1246
251270,2026-05-06,15:00:00,48650,48650,48600,48600,1933,94010000,1431,502
251270,2026-05-06,15:05:00,48650,48650,48550,48600,2810,136580000,617,2193
251270,2026-05-06,15:10:00,48600,48600,48550,48600,1931,93810000,1235,696
251270,2026-05-06,15:15:00,48550,48600,48550,48550,1880,91340000,1319,561
251270,2026-05-06,15:20:00,48600,48600,48500,48500,6256,303770000,3514,2742
251270,2026-05-06,15:30:00,48450,48450,48450,48450,13907,673780000,13894,0
251270,2026-05-07,09:05:00,48600,48750,47500,47600,14607,701650000,3999,10608
251270,2026-05-07,09:10:00,47650,47800,47200,47450,14565,691980000,2547,12018
251270,2026-05-07,09:15:00,47400,47550,47200,47350,9250,437780000,3843,5407
251270,2026-05-07,09:20:00,47350,47600,47300,47400,6522,309020000,1594,4928
251270,2026-05-07,09:25:00,47400,47650,47400,47650,3348,159240000,2155,1193
251270,2026-05-07,09:30:00,47700,48000,47650,47800,3969,189920000,1745,2224
251270,2026-05-07,09:35:00,47800,47800,47350,47450,9029,429540000,3451,5578
251270,2026-05-07,09:40:00,47500,47600,47300,47500,5783,274160000,2312,3471
251270,2026-05-07,09:45:00,47400,47550,47400,47500,819,38900000,617,202
251270,2026-05-07,09:50:00,47550,47600,47400,47450,1873,88920000,564,1309
251270,2026-05-07,09:55:00,47475,47475,47250,47375,9559,452600000,2338,7221
251270,2026-05-07,10:00:00,47375,47500,47325,47400,1831,86810000,955,876
251270,2026-05-07,10:05:00,47350,47400,47200,47200,5073,240020000,921,4152
251270,2026-05-07,10:10:00,47225,47250,47100,47100,6526,307880000,1537,4989
251270,2026-05-07,10:15:00,47100,47200,47100,47200,2654,125180000,1484,1170
251270,2026-05-07,10:20:00,47200,47250,47150,47200,2069,97640000,947,1122
251270,2026-05-07,10:25:00,47200,47250,47050,47050,5991,282390000,712,5279
251270,2026-05-07,10:30:00,47100,47200,47050,47150,3069,144570000,2070,999
251270,2026-05-07,10:35:00,47150,47200,47150,47150,1403,66180000,504,899
251270,2026-05-07,10:40:00,47150,47250,47100,47150,2194,103470000,1126,1068
251270,2026-05-07,10:45:00,47200,47350,47150,47200,3137,148360000,1734,1403
251270,2026-05-07,10:50:00,47200,47250,47200,47225,1318,62230000,459,859
251270,2026-05-07,10:55:00,47225,47250,46950,47100,17146,807000000,6156,10990
251270,2026-05-07,11:00:00,47100,47150,47050,47100,5109,240670000,2879,2230
251270,2026-05-07,11:05:00,47050,47150,47050,47100,1676,78970000,851,825
251270,2026-05-07,11:10:00,47150,47250,47050,47050,3686,173620000,969,2717
251270,2026-05-07,11:15:00,47050,47100,46900,46950,8617,405050000,631,7986
251270,2026-05-07,11:20:00,46950,47000,46850,46900,3159,148220000,588,2571
251270,2026-05-07,11:25:00,46950,46950,46900,46950,1325,62180000,650,675
251270,2026-05-07,11:30:00,46950,47050,46900,47000,2326,109340000,1520,806
251270,2026-05-07,11:35:00,47000,47100,46900,46900,2548,119720000,730,1818
251270,2026-05-07,11:40:00,46900,46950,46900,46950,1098,51520000,386,712
251270,2026-05-07,11:45:00,46950,47000,46850,46850,2897,135910000,844,2053
251270,2026-05-07,11:50:00,46900,46950,46750,46800,3052,143000000,411,2641
251270,2026-05-07,11:55:00,46775,46850,46750,46800,1814,84890000,702,1112
251270,2026-05-07,12:00:00,46800,46850,46800,46800,1201,56240000,604,597
251270,2026-05-07,12:05:00,46800,46850,46800,46850,1417,66350000,591,826
251270,2026-05-07,12:10:00,46900,46950,46800,46850,1844,86430000,1137,707
251270,2026-05-07,12:15:00,46900,47000,46900,47000,1212,56910000,635,577
251270,2026-05-07,12:20:00,46950,47100,46950,47050,1883,88530000,1183,700
251270,2026-05-07,12:25:00,47050,47100,46975,47050,1381,64980000,376,1005
251270,2026-05-07,12:30:00,47050,47100,47000,47050,974,45840000,333,641
251270,2026-05-07,12:35:00,47050,47150,47000,47050,1694,79730000,738,956
251270,2026-05-07,12:40:00,47050,47300,47050,47275,2114,99660000,1269,845
251270,2026-05-07,12:45:00,47250,47300,47150,47200,1893,89380000,634,1259
251270,2026-05-07,12:50:00,47200,47300,47200,47300,1654,78170000,979,675
251270,2026-05-07,12:55:00,47300,47400,47300,47350,1656,78410000,821,835
251270,2026-05-07,13:00:00,47350,47400,47300,47350,1655,78360000,637,1018
251270,2026-05-07,13:05:00,47400,47400,47300,47350,1454,68860000,684,770
251270,2026-05-07,13:10:00,47350,47400,47350,47350,1252,59310000,591,661
251270,2026-05-07,13:15:00,47350,47450,47300,47400,2033,96340000,761,1272
251270,2026-05-07,13:20:00,47400,47450,47300,47300,1391,65910000,281,1110
251270,2026-05-07,13:25:00,47325,47400,47300,47300,1034,48950000,553,481
251270,2026-05-07,13:30:00,47325,47400,47300,47300,1498,70910000,662,836
251270,2026-05-07,13:35:00,47325,47400,47300,47300,1223,57870000,429,794
251270,2026-05-07,13:40:00,47300,47350,47250,47300,1463,69190000,556,907
251270,2026-05-07,13:45:00,47300,47350,47250,47250,1495,70690000,724,771
251270,2026-05-07,13:50:00,47250,47350,47250,47250,1185,56050000,452,733
251270,2026-05-07,13:55:00,47250,47300,47200,47200,1512,71480000,703,809
251270,2026-05-07,14:00:00,47200,47300,47200,47250,2036,96180000,657,1379
251270,2026-05-07,14:05:00,47250,47250,47100,47200,2627,123940000,745,1882
251270,2026-05-07,14:10:00,47150,47150,47050,47075,1874,88300000,897,977
251270,2026-05-07,14:15:00,47050,47100,46950,46950,3770,177310000,1265,2505
251270,2026-05-07,14:20:00,46950,47000,46900,46900,2663,125050000,630,2033
251270,2026-05-07,14:25:00,46925,47050,46900,47000,1953,91720000,1285,668
251270,2026-05-07,14:30:00,47000,47150,47000,47100,1833,86240000,921,912
251270,2026-05-07,14:35:00,47050,47100,47050,47050,3054,143730000,814,2240
251270,2026-05-07,14:40:00,47050,47100,47000,47050,2913,137060000,892,2021
251270,2026-05-07,14:45:00,47050,47100,47000,47050,1376,64770000,654,722
251270,2026-05-07,14:50:00,47050,47150,46950,47000,6950,326710000,1154,5796
251270,2026-05-07,14:55:00,46950,47050,46950,47000,3514,165160000,947,2567
251270,2026-05-07,15:00:00,47025,47150,46950,47000,4660,219180000,2103,2557
251270,2026-05-07,15:05:00,47025,47050,46950,46950,3548,166690000,881,2667
251270,2026-05-07,15:10:00,46950,47050,46950,47000,2252,105820000,1577,675
251270,2026-05-07,15:15:00,47000,47025,46950,46950,2191,102940000,713,1478
251270,2026-05-07,15:20:00,46950,47050,46950,47000,5589,262770000,1948,3641
251270,2026-05-07,15:30:00,47100,47100,47100,47100,10880,512440000,10875,0
251270,2026-05-08,09:05:00,47550,47600,45800,45900,26901,1256270000,6523,20378
251270,2026-05-08,09:10:00,45950,45950,44750,44850,59128,2673540000,21221,37907
251270,2026-05-08,09:15:00,44800,45050,44650,44850,26796,1201250000,9125,17671
251270,2026-05-08,09:20:00,44850,44900,43750,43850,60906,2697600000,13538,47368
251270,2026-05-08,09:25:00,43850,43900,43550,43900,38292,1674600000,17560,20732
251270,2026-05-08,09:30:00,43950,43950,43600,43750,26676,1166960000,9657,17019
251270,2026-05-08,09:35:00,43750,43900,42800,42800,64131,2781910000,11849,52282
251270,2026-05-08,09:40:00,42950,43200,42850,43100,27851,1198180000,14922,12929
251270,2026-05-08,09:45:00,43100,43100,42800,42850,37370,1605840000,13745,23625
251270,2026-05-08,09:50:00,42850,42900,42550,42800,37138,1586030000,19505,17633
251270,2026-05-08,09:55:00,42800,42850,42400,42500,44689,1902720000,13757,30932
251270,2026-05-08,10:00:00,42450,42550,42150,42300,27237,1154080000,7814,19423
251270,2026-05-08,10:05:00,42300,42450,42250,42300,28480,1206800000,14190,14290
251270,2026-05-08,10:10:00,42300,42450,42250,42400,25385,1074570000,13494,11891
251270,2026-05-08,10:15:00,42400,42600,42400,42500,15966,678920000,10242,5724
251270,2026-05-08,10:20:00,42550,42550,42400,42500,18172,771740000,11690,6482
251270,2026-05-08,10:25:00,42500,42550,42450,42500,13344,567260000,5261,8083
251270,2026-05-08,10:30:00,42450,42550,42400,42550,10180,432450000,6295,3885
251270,2026-05-08,10:35:00,42550,42750,42450,42750,20005,852670000,14634,5371
251270,2026-05-08,10:40:00,42700,43250,42700,43050,16949,728770000,11538,5411
251270,2026-05-08,10:45:00,43000,43050,42900,43000,11007,473330000,3776,7231
251270,2026-05-08,10:50:00,43000,43100,42950,43100,6417,276190000,3657,2760
251270,2026-05-08,10:55:00,43050,43150,42750,42800,12244,525270000,4111,8133
251270,2026-05-08,11:00:00,42800,42850,42750,42800,3177,136030000,1913,1264
251270,2026-05-08,11:05:00,42800,42900,42750,42900,4397,188320000,2233,2164
251270,2026-05-08,11:10:00,42900,43100,42850,43000,5093,218630000,3444,1649
251270,2026-05-08,11:15:00,42975,43000,42800,42800,10650,456840000,2409,8241
251270,2026-05-08,11:20:00,42800,42850,42750,42850,5793,247830000,2063,3730
251270,2026-05-08,11:25:00,42850,42900,42700,42800,5505,235530000,2324,3181
251270,2026-05-08,11:30:00,42800,42850,42700,42850,6357,271960000,2202,4155
251270,2026-05-08,11:35:00,42800,42850,42750,42800,3523,150750000,1193,2330
251270,2026-05-08,11:40:00,42850,42900,42800,42850,3605,154420000,1501,2104
251270,2026-05-08,11:45:00,42800,42950,42800,42800,4519,193830000,1375,3144
251270,2026-05-08,11:50:00,42800,42900,42800,42800,7650,327630000,2274,5376
251270,2026-05-08,11:55:00,42850,42950,42800,42900,3018,129430000,1080,1938
251270,2026-05-08,12:00:00,42900,43050,42850,43000,6022,258670000,2639,3383
251270,2026-05-08,12:05:00,42950,43050,42950,42950,3007,129230000,1052,1955
251270,2026-05-08,12:10:00,43000,43050,42950,43000,3879,166740000,1459,2420
251270,2026-05-08,12:15:00,43000,43050,42950,43000,3086,132690000,1146,1940
251270,2026-05-08,12:20:00,43000,43100,42950,43000,5157,221810000,1576,3581
251270,2026-05-08,12:25:00,43000,43050,42950,43050,5421,233110000,2708,2713
251270,2026-05-08,12:30:00,42950,43050,42900,43000,5012,215360000,1916,3096
251270,2026-05-08,12:35:00,43000,43000,42950,42950,2542,109210000,654,1888
251270,2026-05-08,12:40:00,42950,43000,42900,42950,5327,228750000,1947,3380
251270,2026-05-08,12:45:00,42950,43050,42950,43000,6533,280870000,2225,4308
251270,2026-05-08,12:50:00,43000,43000,42850,42900,4901,210400000,1551,3350
251270,2026-05-08,12:55:00,42900,42950,42850,42900,9977,428080000,4467,5510
251270,2026-05-08,13:00:00,42900,43000,42900,42900,4496,193010000,2043,2453
251270,2026-05-08,13:05:00,42900,42950,42800,42850,23007,986150000,4399,18608
251270,2026-05-08,13:10:00,42800,42900,42800,42850,4190,179540000,1553,2637
251270,2026-05-08,13:15:00,42850,42900,42800,42850,12840,549990000,4832,8008
251270,2026-05-08,13:20:00,42800,42850,42750,42750,4517,193260000,1591,2926
251270,2026-05-08,13:25:00,42800,42800,42650,42650,8960,382740000,2392,6568
251270,2026-05-08,13:30:00,42650,42700,42600,42650,8523,363560000,3846,4677
251270,2026-05-08,13:35:00,42650,42700,42600,42650,7733,329730000,4417,3316
251270,2026-05-08,13:40:00,42650,42650,42600,42600,6116,260710000,2918,3198
251270,2026-05-08,13:45:00,42650,42700,42550,42550,8086,344550000,2626,5460
251270,2026-05-08,13:50:00,42600,42600,42500,42550,14695,625200000,7945,6750
251270,2026-05-08,13:55:00,42550,42600,42500,42600,6370,271110000,2954,3416
251270,2026-05-08,14:00:00,42550,42700,42550,42650,6477,275910000,4282,2195
251270,2026-05-08,14:05:00,42600,42750,42550,42650,6584,280740000,4507,2077
251270,2026-05-08,14:10:00,42650,42750,42600,42650,5217,222630000,3344,1873
251270,2026-05-08,14:15:00,42650,42850,42650,42750,5110,218510000,2782,2328
251270,2026-05-08,14:20:00,42750,42850,42700,42800,5056,216370000,2619,2437
251270,2026-05-08,14:25:00,42800,42950,42750,42850,10165,435560000,7060,3105
251270,2026-05-08,14:30:00,42900,43050,42800,42800,6799,291580000,4239,2560
251270,2026-05-08,14:35:00,42850,43000,42800,42850,6489,278330000,3475,3014
251270,2026-05-08,14:40:00,42850,42900,42850,42900,4966,212900000,2178,2788
251270,2026-05-08,14:45:00,42850,42950,42750,42750,6623,283760000,1713,4910
251270,2026-05-08,14:50:00,42750,42850,42700,42800,8110,346690000,4042,4068
251270,2026-05-08,14:55:00,42750,42800,42700,42700,5548,237030000,2242,3306
251270,2026-05-08,15:00:00,42750,42850,42700,42800,6425,274800000,3455,2970
251270,2026-05-08,15:05:00,42800,42950,42800,42850,5113,219240000,2970,2143
251270,2026-05-08,15:10:00,42850,42900,42850,42900,1587,68030000,491,1096
251270,2026-05-08,15:15:00,42875,42950,42850,42900,5739,246160000,4652,1087
251270,2026-05-08,15:20:00,42900,42950,42900,42950,5088,218490000,3046,2042
251270,2026-05-08,15:30:00,43000,43000,43000,43000,20440,878920000,20362,0
251270,2026-05-11,09:05:00,43050,43100,42750,42800,10260,440210000,4212,6048
251270,2026-05-11,09:10:00,42800,42900,42700,42900,6277,268890000,4425,1852
251270,2026-05-11,09:15:00,42900,43200,42800,43150,10774,462610000,8474,2300
251270,2026-05-11,09:20:00,43200,43400,43200,43350,5994,259500000,3802,2192
251270,2026-05-11,09:25:00,43400,43400,43250,43300,5252,227530000,2998,2254
251270,2026-05-11,09:30:00,43250,43300,43100,43200,3399,146800000,1470,1929
251270,2026-05-11,09:35:00,43200,43300,43200,43250,3034,131210000,1337,1697
251270,2026-05-11,09:40:00,43250,43250,43150,43150,4482,193630000,2930,1552
251270,2026-05-11,09:45:00,43150,43200,43050,43050,2737,118030000,836,1901
251270,2026-05-11,09:50:00,43050,43100,43000,43050,4692,201950000,2481,2211
251270,2026-05-11,09:55:00,43050,43350,43050,43200,5095,220150000,3219,1876
251270,2026-05-11,10:00:00,43200,43300,43100,43300,7449,321830000,4999,2450
251270,2026-05-11,10:05:00,43300,43400,43200,43400,5642,244460000,4440,1202
251270,2026-05-11,10:10:00,43400,43500,43300,43500,5562,241540000,3792,1770
251270,2026-05-11,10:15:00,43500,43600,43400,43500,3090,134460000,1760,1330
251270,2026-05-11,10:20:00,43500,43600,43450,43500,2676,116460000,1170,1506
251270,2026-05-11,10:25:00,43500,43550,43350,43450,3669,159410000,1736,1933
251270,2026-05-11,10:30:00,43400,43450,43350,43400,1604,69620000,517,1087
251270,2026-05-11,10:35:00,43400,43400,43150,43200,2670,115670000,660,2010
251270,2026-05-11,10:40:00,43200,43250,43150,43150,3802,164250000,1982,1820
251270,2026-05-11,10:45:00,43150,43250,43150,43150,1709,73820000,1080,629
251270,2026-05-11,10:50:00,43150,43200,43050,43050,3010,129830000,923,2087
251270,2026-05-11,10:55:00,43100,43150,43000,43050,2949,127010000,1471,1478
251270,2026-05-11,11:00:00,43000,43100,43000,43050,1934,83270000,1253,681
251270,2026-05-11,11:05:00,43000,43100,43000,43050,2152,92640000,1612,540
251270,2026-05-11,11:10:00,43050,43100,43000,43000,3197,137550000,1158,2039
251270,2026-05-11,11:15:00,43000,43050,42900,42950,4519,194140000,1691,2828
251270,2026-05-11,11:20:00,43000,43000,42900,42950,1598,68630000,802,796
251270,2026-05-11,11:25:00,43000,43050,42950,43000,2021,86880000,1058,963
251270,2026-05-11,11:30:00,43000,43100,42950,43000,1794,77140000,684,1110
251270,2026-05-11,11:35:00,42950,43000,42900,42900,1911,82130000,624,1287
251270,2026-05-11,11:40:00,42950,42950,42850,42950,1784,76560000,553,1231
251270,2026-05-11,11:45:00,42950,43000,42800,42900,2394,102650000,637,1757
251270,2026-05-11,11:50:00,42900,42950,42850,42950,1688,72430000,438,1250
251270,2026-05-11,11:55:00,42900,43000,42900,42950,1699,73000000,717,982
251270,2026-05-11,12:00:00,42950,43000,42850,42950,1711,73510000,1063,648
251270,2026-05-11,12:05:00,43000,43000,42950,42950,1307,56180000,883,424
251270,2026-05-11,12:10:00,42950,43050,42950,43000,2369,101850000,1723,646
251270,2026-05-11,12:15:00,42950,43000,42950,42950,1143,49130000,579,564
251270,2026-05-11,12:20:00,43000,43050,42950,43000,1762,75730000,777,985
251270,2026-05-11,12:25:00,42950,43100,42950,42950,2467,106100000,647,1820
251270,2026-05-11,12:30:00,42950,43100,42950,42950,1595,68600000,777,818
251270,2026-05-11,12:35:00,42950,43100,42950,43000,1723,74150000,647,1076
251270,2026-05-11,12:40:00,42950,43050,42950,42950,1931,83020000,402,1529
251270,2026-05-11,12:45:00,43000,43050,42950,43000,1910,82130000,713,1197
251270,2026-05-11,12:50:00,43000,43100,42950,43000,1784,76720000,1085,699
251270,2026-05-11,12:55:00,42950,43050,42950,42975,1276,54850000,681,595
251270,2026-05-11,13:00:00,43000,43050,42950,42950,2038,87630000,1229,809
251270,2026-05-11,13:05:00,42950,42950,42800,42850,6761,290190000,1213,5548
251270,2026-05-11,13:10:00,42900,43000,42850,42900,2284,98000000,1286,998
251270,2026-05-11,13:15:00,42900,42950,42850,42900,1851,79410000,703,1148
251270,2026-05-11,13:20:00,42900,42950,42900,42950,1140,48940000,612,528
251270,2026-05-11,13:25:00,42925,42950,42850,42850,2564,110030000,1027,1537
251270,2026-05-11,13:30:00,42900,43000,42850,42950,1559,66890000,680,879
251270,2026-05-11,13:35:00,42900,43000,42900,42950,1934,83070000,821,1113
251270,2026-05-11,13:40:00,42950,43000,42900,42950,2241,96280000,1003,1238
251270,2026-05-11,13:45:00,42900,42950,42900,42900,1128,48430000,810,318
251270,2026-05-11,13:50:00,42950,43000,42900,42900,1620,69570000,637,983
251270,2026-05-11,13:55:00,42900,43000,42900,42950,1583,67980000,913,670
251270,2026-05-11,14:00:00,42950,43050,42950,43000,2203,94740000,1072,1131
251270,2026-05-11,14:05:00,43000,43050,42900,42950,2485,106840000,793,1692
251270,2026-05-11,14:10:00,42950,43000,42900,42900,1976,84870000,1093,883
251270,2026-05-11,14:15:00,42900,43000,42900,42900,1752,75230000,960,792
251270,2026-05-11,14:20:00,42900,43000,42900,42900,2272,97580000,1194,1078
251270,2026-05-11,14:25:00,42900,43000,42900,42900,2269,97420000,1413,856
251270,2026-05-11,14:30:00,42900,42950,42800,42850,5234,224350000,3050,2184
251270,2026-05-11,14:35:00,42800,42850,42800,42850,1638,70130000,640,998
251270,2026-05-11,14:40:00,42800,42850,42700,42700,6610,282750000,710,5900
251270,2026-05-11,14:45:00,42700,42750,42700,42700,4185,178830000,1697,2488
251270,2026-05-11,14:50:00,42700,42750,42700,42700,4663,199230000,2356,2307
251270,2026-05-11,14:55:00,42700,42750,42700,42700,4624,197540000,1845,2779
251270,2026-05-11,15:00:00,42750,42750,42600,42600,3972,169420000,421,3551
251270,2026-05-11,15:05:00,42650,42650,42600,42600,2732,116390000,125,2607
251270,2026-05-11,15:10:00,42600,42700,42600,42650,3712,158310000,2494,1218
251270,2026-05-11,15:15:00,42650,42700,42650,42700,3297,140730000,2261,1036
251270,2026-05-11,15:20:00,42650,42800,42600,42750,6197,264590000,4019,2178
251270,2026-05-11,15:30:00,42750,42750,42750,42750,10664,455880000,10664,0
251270,2026-05-12,09:05:00,42700,42750,42500,42700,10199,434430000,3084,7115
251270,2026-05-12,09:10:00,42750,42850,42550,42550,4242,180880000,1301,2941
251270,2026-05-12,09:15:00,42600,42600,42350,42450,7264,308560000,3486,3778
251270,2026-05-12,09:20:00,42450,42550,42400,42400,3532,150020000,1744,1788
251270,2026-05-12,09:25:00,42400,42500,42350,42450,4002,169720000,1871,2131
251270,2026-05-12,09:30:00,42450,42550,42300,42350,5126,217410000,1335,3791
251270,2026-05-12,09:35:00,42350,42350,41950,42050,20012,841880000,12828,7184
251270,2026-05-12,09:40:00,42050,42100,41950,41975,4725,198480000,1620,3105
251270,2026-05-12,09:45:00,41950,42100,41900,42000,3960,166280000,1762,2198
251270,2026-05-12,09:50:00,42000,42100,42000,42000,2740,115150000,739,2001
251270,2026-05-12,09:55:00,42000,42050,42000,42050,1921,80730000,924,997
251270,2026-05-12,10:00:00,42050,42050,42000,42050,1901,79890000,928,973
251270,2026-05-12,10:05:00,42000,42050,41950,41950,2718,114230000,1400,1318
251270,2026-05-12,10:10:00,41950,42050,41900,41950,5027,211020000,1582,3445
251270,2026-05-12,10:15:00,41900,41950,41800,41850,4675,195750000,1106,3569
251270,2026-05-12,10:20:00,41800,41850,41750,41800,3087,129010000,1680,1407
251270,2026-05-12,10:25:00,41850,41900,41700,41800,4476,187090000,1623,2853
251270,2026-05-12,10:30:00,41800,41900,41750,41800,4013,167890000,1709,2304
251270,2026-05-12,10:35:00,41800,41850,41700,41700,7161,298980000,3614,3547
251270,2026-05-12,10:40:00,41650,41800,41500,41550,11694,486850000,2080,9614
251270,2026-05-12,10:45:00,41550,41550,41250,41300,10948,452830000,4251,6697
251270,2026-05-12,10:50:00,41300,41550,41250,41550,7631,315270000,5226,2405
251270,2026-05-12,10:55:00,41450,41550,41200,41300,5758,238050000,1602,4156
251270,2026-05-12,11:00:00,41300,41450,41200,41350,7623,314770000,4806,2817
251270,2026-05-12,11:05:00,41350,41550,41250,41450,5050,208920000,3299,1751
251270,2026-05-12,11:10:00,41400,41750,41400,41700,2926,121500000,2284,642
251270,2026-05-12,11:15:00,41700,41800,41550,41700,3679,153350000,2199,1480
251270,2026-05-12,11:20:00,41700,41750,41550,41700,4724,196780000,2931,1793
251270,2026-05-12,11:25:00,41700,41800,41600,41800,4000,166730000,2005,1995
251270,2026-05-12,11:30:00,41800,41950,41750,41850,2923,122260000,1985,938
251270,2026-05-12,11:35:00,41900,41900,41700,41700,1632,68240000,963,669
251270,2026-05-12,11:40:00,41750,41850,41700,41750,2277,95090000,1536,741
251270,2026-05-12,11:45:00,41750,41850,41700,41850,2138,89300000,1415,723
251270,2026-05-12,11:50:00,41800,41800,41600,41650,4926,205370000,1636,3290
251270,2026-05-12,11:55:00,41600,41700,41600,41700,2929,122000000,1573,1356
251270,2026-05-12,12:00:00,41650,41700,41600,41650,2588,107840000,1532,1056
251270,2026-05-12,12:05:00,41600,41700,41500,41500,4502,187360000,1597,2905
251270,2026-05-12,12:10:00,41600,41600,41500,41550,1678,69700000,1126,552
251270,2026-05-12,12:15:00,41500,41600,41500,41600,1521,63200000,860,661
251270,2026-05-12,12:20:00,41550,41650,41550,41550,2423,100790000,1523,900
251270,2026-05-12,12:25:00,41600,41600,41500,41550,2063,85710000,1208,855
251270,2026-05-12,12:30:00,41600,41650,41500,41650,2332,96890000,1576,756
251270,2026-05-12,12:35:00,41600,41650,41550,41650,1860,77410000,1204,656
251270,2026-05-12,12:40:00,41600,41750,41600,41750,4128,171970000,1808,2320
251270,2026-05-12,12:45:00,41750,41750,41650,41650,2772,115640000,1812,960
251270,2026-05-12,12:50:00,41650,41700,41600,41650,3085,128510000,1929,1156
251270,2026-05-12,12:55:00,41650,41750,41600,41700,2590,107950000,1797,793
251270,2026-05-12,13:00:00,41700,41750,41600,41600,1873,78110000,1203,670
251270,2026-05-12,13:05:00,41650,41700,41600,41650,2086,86890000,1396,690
251270,2026-05-12,13:10:00,41650,41800,41600,41800,5738,239540000,4156,1582
251270,2026-05-12,13:15:00,41750,41750,41600,41600,1881,78390000,787,1094
251270,2026-05-12,13:20:00,41550,41600,41500,41550,2031,84400000,1280,751
251270,2026-05-12,13:25:00,41500,41600,41450,41600,2006,83310000,1097,909
251270,2026-05-12,13:30:00,41600,41750,41550,41650,3894,162220000,2277,1617
251270,2026-05-12,13:35:00,41700,41700,41650,41700,1682,70110000,1093,589
251270,2026-05-12,13:40:00,41700,41700,41650,41700,2638,109970000,1946,692
251270,2026-05-12,13:45:00,41700,41800,41700,41800,6724,280680000,2961,3763
251270,2026-05-12,13:50:00,41800,41800,41650,41650,2121,88480000,662,1459
251270,2026-05-12,13:55:00,41650,41750,41600,41700,5250,218720000,3493,1757
251270,2026-05-12,14:00:00,41650,41750,41650,41750,2959,123360000,1386,1573
251270,2026-05-12,14:05:00,41700,41750,41650,41750,1876,78250000,815,1061
251270,2026-05-12,14:10:00,41700,41750,41700,41750,1940,80950000,940,1000
251270,2026-05-12,14:15:00,41750,41750,41700,41750,2051,85590000,1294,757
251270,2026-05-12,14:20:00,41750,41800,41550,41700,3363,140160000,1416,1947
251270,2026-05-12,14:25:00,41700,41800,41700,41800,4324,180500000,2796,1528
251270,2026-05-12,14:30:00,41750,41850,41750,41800,3324,138960000,2212,1112
251270,2026-05-12,14:35:00,41800,41850,41650,41700,2621,109460000,1143,1478
251270,2026-05-12,14:40:00,41700,41900,41650,41800,2557,106760000,1690,867
251270,2026-05-12,14:45:00,41800,41850,41700,41800,3375,140950000,2054,1321
251270,2026-05-12,14:50:00,41800,41950,41700,41950,2982,124680000,1955,1027
251270,2026-05-12,14:55:00,41950,42000,41850,41900,4295,179970000,2069,2226
251270,2026-05-12,15:00:00,41900,42050,41850,42000,2968,124440000,1968,1000
251270,2026-05-12,15:05:00,42000,42050,41900,42050,2811,118080000,1752,1059
251270,2026-05-12,15:10:00,42000,42050,41950,42050,3148,132250000,1527,1621
251270,2026-05-12,15:15:00,42000,42050,41850,42000,5427,227690000,3056,2371
251270,2026-05-12,15:20:00,42000,42050,41900,41900,3770,158290000,2460,1310
251270,2026-05-12,15:30:00,41950,41950,41950,41950,10060,422010000,7944,0
251270,2026-05-13,09:05:00,43000,43400,42800,43200,12689,546220000,9885,2804
251270,2026-05-13,09:10:00,43200,43300,42750,42800,7117,306460000,3266,3851
251270,2026-05-13,09:15:00,42850,42850,42350,42500,7058,300540000,3078,3980
251270,2026-05-13,09:20:00,42500,42700,42400,42400,6534,277910000,2311,4223
251270,2026-05-13,09:25:00,42400,42400,42000,42000,7207,304470000,2558,4649
251270,2026-05-13,09:30:00,42050,42050,41850,41850,6942,291610000,2891,4051
251270,2026-05-13,09:35:00,41900,42000,41850,41950,5768,241810000,2394,3374
251270,2026-05-13,09:40:00,41950,41950,41800,41900,2624,109830000,1438,1186
251270,2026-05-13,09:45:00,41900,41900,41850,41850,2131,89230000,751,1380
251270,2026-05-13,09:50:00,41900,41900,41750,41800,8796,368020000,2858,5938
251270,2026-05-13,09:55:00,41800,41800,41600,41650,3595,149990000,786,2809
251270,2026-05-13,10:00:00,41650,41850,41600,41700,3019,125990000,1255,1764
251270,2026-05-13,10:05:00,41850,41850,41650,41800,2906,121370000,1092,1814
251270,2026-05-13,10:10:00,41750,41900,41750,41900,2859,119610000,2179,680
251270,2026-05-13,10:15:00,41900,42100,41850,42000,2451,102860000,1056,1395
251270,2026-05-13,10:20:00,42000,42000,41900,41900,1559,65410000,651,908
251270,2026-05-13,10:25:00,41950,42150,41900,42150,2380,100010000,1537,843
251270,2026-05-13,10:30:00,42150,42450,42150,42400,2117,89570000,1161,956
251270,2026-05-13,10:35:00,42450,42450,42150,42250,2617,110620000,851,1766
251270,2026-05-13,10:40:00,42250,42250,42150,42150,1459,61570000,582,877
251270,2026-05-13,10:45:00,42150,42300,42100,42150,3934,166020000,1534,2400
251270,2026-05-13,10:50:00,42150,42200,42050,42150,2541,107070000,1434,1107
251270,2026-05-13,10:55:00,42200,42250,42150,42250,1875,79110000,812,1063
251270,2026-05-13,11:00:00,42250,42450,42250,42350,2274,96260000,691,1583
251270,2026-05-13,11:05:00,42350,42400,42300,42350,1686,71390000,734,952
251270,2026-05-13,11:10:00,42300,42400,42250,42250,1819,76970000,858,961
251270,2026-05-13,11:15:00,42250,42300,42150,42200,2295,96950000,1059,1236
251270,2026-05-13,11:20:00,42200,42350,42150,42250,2998,126620000,1839,1159
251270,2026-05-13,11:25:00,42250,42300,42200,42300,1394,58890000,560,834
251270,2026-05-13,11:30:00,42300,42300,42200,42250,1453,61410000,940,513
251270,2026-05-13,11:35:00,42300,42300,42150,42200,2359,99650000,675,1684
251270,2026-05-13,11:40:00,42200,42250,42200,42200,1576,66550000,863,713
251270,2026-05-13,11:45:00,42200,42250,42150,42200,1509,63720000,983,526
251270,2026-05-13,11:50:00,42200,42350,42200,42250,2070,87460000,868,1202
251270,2026-05-13,11:55:00,42300,42350,42250,42300,1227,51930000,680,547
251270,2026-05-13,12:00:00,42300,42350,42150,42200,1418,59940000,606,812
251270,2026-05-13,12:05:00,42200,42300,42200,42300,2137,90280000,1019,1118
251270,2026-05-13,12:10:00,42300,42300,42150,42150,2164,91370000,529,1635
251270,2026-05-13,12:15:00,42150,42250,42100,42200,1378,58100000,654,724
251270,2026-05-13,12:20:00,42200,42300,42200,42200,1378,58210000,655,723
251270,2026-05-13,12:25:00,42250,42350,42200,42200,1631,68930000,587,1044
251270,2026-05-13,12:30:00,42200,42350,42200,42350,1066,45090000,609,457
251270,2026-05-13,12:35:00,42300,42350,42150,42150,1930,81600000,515,1415
251270,2026-05-13,12:40:00,42200,42250,42150,42200,1630,68770000,743,887
251270,2026-05-13,12:45:00,42200,42300,42150,42150,1891,79870000,786,1105
251270,2026-05-13,12:50:00,42150,42250,42150,42150,1396,58910000,490,906
251270,2026-05-13,12:55:00,42200,42250,42150,42150,2217,93510000,916,1301
251270,2026-05-13,13:00:00,42200,42200,41950,41950,2834,119240000,509,2325
251270,2026-05-13,13:05:00,41950,42000,41650,41850,6084,254810000,2182,3902
251270,2026-05-13,13:10:00,41850,41900,41800,41800,1412,59090000,602,810
251270,2026-05-13,13:15:00,41850,41900,41750,41800,3457,144580000,1879,1578
251270,2026-05-13,13:20:00,41750,41900,41750,41850,3839,160620000,2241,1598
251270,2026-05-13,13:25:00,41900,42000,41850,41900,2467,103390000,1174,1293
251270,2026-05-13,13:30:00,41950,41950,41850,41850,2523,105710000,854,1669
251270,2026-05-13,13:35:00,41850,41950,41850,41900,1309,54830000,552,757
251270,2026-05-13,13:40:00,41850,41900,41850,41900,1308,54770000,644,664
251270,2026-05-13,13:45:00,41850,41900,41850,41900,1966,82310000,1035,931
251270,2026-05-13,13:50:00,41900,42000,41850,41950,1452,60900000,889,563
251270,2026-05-13,13:55:00,41950,42000,41950,42000,1761,73930000,1025,736
251270,2026-05-13,14:00:00,41950,42100,41950,42100,1861,78230000,892,969
251270,2026-05-13,14:05:00,42100,42150,42050,42100,1843,77550000,999,844
251270,2026-05-13,14:10:00,42100,42200,42050,42200,2668,112360000,1401,1267
251270,2026-05-13,14:15:00,42150,42200,41950,42050,4321,181630000,1231,3090
251270,2026-05-13,14:20:00,42000,42050,41950,41950,3275,137460000,963,2312
251270,2026-05-13,14:25:00,41950,42000,41800,41850,4443,186190000,990,3453
251270,2026-05-13,14:30:00,41850,41900,41800,41850,3174,132750000,988,2186
251270,2026-05-13,14:35:00,41850,41900,41800,41900,3909,163520000,1775,2134
251270,2026-05-13,14:40:00,41900,42000,41850,41900,3131,131200000,1128,2003
251270,2026-05-13,14:45:00,41950,41950,41800,41850,3146,131680000,1121,2025
251270,2026-05-13,14:50:00,41850,41900,41800,41850,2878,120480000,1282,1596
251270,2026-05-13,14:55:00,41850,41950,41800,41850,3720,155690000,1455,2265
251270,2026-05-13,15:00:00,41850,41950,41800,41850,3103,129880000,1426,1677
251270,2026-05-13,15:05:00,41900,42000,41850,41950,2069,86730000,1102,967
251270,2026-05-13,15:10:00,42000,42000,41850,42000,1786,74920000,714,1072
251270,2026-05-13,15:15:00,42000,42000,41900,41950,2601,109100000,1727,874
251270,2026-05-13,15:20:00,42000,42100,41850,41950,4275,179290000,2188,2087
251270,2026-05-13,15:30:00,42000,42000,42000,42000,7378,309880000,7378,0
251270,2026-05-14,09:05:00,42050,42700,41950,42700,7509,317790000,5716,1793
251270,2026-05-14,09:10:00,42700,42950,42450,42700,8190,349730000,3542,4648
251270,2026-05-14,09:15:00,42700,42850,42600,42650,7322,312880000,4090,3232
251270,2026-05-14,09:20:00,42650,42700,42000,42100,5073,214650000,1294,3779
251270,2026-05-14,09:25:00,42100,42250,42050,42050,4379,184410000,1901,2478
251270,2026-05-14,09:30:00,42100,42100,41850,41900,5462,229000000,2219,3243
251270,2026-05-14,09:35:00,41900,42050,41900,42000,2420,101620000,1443,977
251270,2026-05-14,09:40:00,42000,42300,42000,42200,2537,106890000,1656,881
251270,2026-05-14,09:45:00,42150,42250,42100,42150,1773,74810000,521,1252
251270,2026-05-14,09:50:00,42100,42200,42050,42150,3174,133680000,1203,1971
251270,2026-05-14,09:55:00,42100,42200,41950,42150,3099,130410000,756,2343
251270,2026-05-14,10:00:00,42100,42450,42100,42300,4210,178020000,2187,2023
251270,2026-05-14,10:05:00,42250,42400,42200,42300,3004,127000000,1564,1440
251270,2026-05-14,10:10:00,42300,42450,42300,42400,2970,125930000,1605,1365
251270,2026-05-14,10:15:00,42350,42450,42300,42400,3144,133250000,1740,1404
251270,2026-05-14,10:20:00,42400,42550,42350,42400,2544,107960000,1248,1296
251270,2026-05-14,10:25:00,42400,42500,42350,42500,2828,119970000,1413,1415
251270,2026-05-14,10:30:00,42400,42550,42400,42450,1571,66690000,812,759
251270,2026-05-14,10:35:00,42500,42550,42450,42500,2040,86680000,901,1139
251270,2026-05-14,10:40:00,42450,42550,42400,42500,2288,97190000,707,1581
251270,2026-05-14,10:45:00,42450,42500,42400,42450,1780,75560000,899,881
251270,2026-05-14,10:50:00,42400,42450,42150,42200,3176,134330000,1243,1933
251270,2026-05-14,10:55:00,42250,42300,42100,42100,2733,115240000,1186,1547
251270,2026-05-14,11:00:00,42100,42250,42050,42150,3534,148850000,1221,2313
251270,2026-05-14,11:05:00,42100,42250,42100,42150,2047,86370000,876,1171
251270,2026-05-14,11:10:00,42150,42300,42150,42250,1789,75550000,788,1001
251270,2026-05-14,11:15:00,42250,42350,42200,42300,1870,79090000,1165,705
251270,2026-05-14,11:20:00,42300,42350,42200,42250,2100,88800000,899,1201
251270,2026-05-14,11:25:00,42250,42300,42200,42250,2883,121780000,1056,1827
251270,2026-05-14,11:30:00,42250,42350,42200,42300,2261,95580000,890,1371
251270,2026-05-14,11:35:00,42300,42400,42250,42400,1625,68770000,764,861
251270,2026-05-14,11:40:00,42400,42500,42350,42500,2855,121150000,1823,1032
251270,2026-05-14,11:45:00,42500,42550,42450,42450,1683,71530000,761,922
251270,2026-05-14,11:50:00,42500,42550,42450,42550,1778,75540000,584,1194
251270,2026-05-14,11:55:00,42450,42600,42400,42450,2115,89830000,670,1445
251270,2026-05-14,12:00:00,42500,42600,42450,42550,2031,86330000,1201,830
251270,2026-05-14,12:05:00,42550,42650,42450,42550,3244,138030000,2186,1058
251270,2026-05-14,12:10:00,42600,42650,42500,42550,2252,95940000,1484,768
251270,2026-05-14,12:15:00,42550,42650,42550,42600,1386,59020000,576,810
251270,2026-05-14,12:20:00,42600,42650,42500,42600,1442,61400000,756,686
251270,2026-05-14,12:25:00,42600,42750,42550,42700,5757,245660000,1788,3969
251270,2026-05-14,12:30:00,42700,42750,42600,42650,1344,57330000,733,611
251270,2026-05-14,12:35:00,42650,42750,42600,42700,2275,97050000,1270,1005
251270,2026-05-14,12:40:00,42700,42850,42600,42750,2946,125890000,1744,1202
251270,2026-05-14,12:45:00,42750,42800,42700,42750,3351,143210000,1840,1511
251270,2026-05-14,12:50:00,42750,42800,42700,42700,1601,68420000,643,958
251270,2026-05-14,12:55:00,42750,42750,42650,42700,1859,79390000,724,1135
251270,2026-05-14,13:00:00,42650,42750,42650,42700,2331,99500000,1236,1095
251270,2026-05-14,13:05:00,42700,42850,42650,42800,5880,251360000,3923,1957
251270,2026-05-14,13:10:00,42800,42850,42750,42850,2528,108190000,819,1709
251270,2026-05-14,13:15:00,42800,42950,42800,42950,5122,219640000,3355,1767
251270,2026-05-14,13:20:00,42950,42950,42850,42900,4120,176840000,2508,1612
251270,2026-05-14,13:25:00,42900,42950,42850,42900,2201,94460000,1093,1108
251270,2026-05-14,13:30:00,42900,43150,42900,43150,10142,436150000,8488,1654
251270,2026-05-14,13:35:00,43150,43150,43050,43050,3643,156960000,1710,1933
251270,2026-05-14,13:40:00,43050,43100,43000,43100,4269,183790000,2575,1694
251270,2026-05-14,13:45:00,43100,43200,43000,43150,4518,194730000,2831,1687
251270,2026-05-14,13:50:00,43200,43200,43100,43100,3528,152180000,2200,1328
251270,2026-05-14,13:55:00,43100,43150,43050,43150,2800,120730000,1279,1521
251270,2026-05-14,14:00:00,43100,43250,43100,43200,4420,190840000,3259,1161
251270,2026-05-14,14:05:00,43200,43300,43150,43200,7010,302870000,3233,3777
251270,2026-05-14,14:10:00,43200,43250,42900,42950,5387,232200000,2041,3346
251270,2026-05-14,14:15:00,42950,43050,42900,43050,3367,144790000,1938,1429
251270,2026-05-14,14:20:00,43050,43050,42950,43000,2450,105310000,1431,1019
251270,2026-05-14,14:25:00,43000,43100,42950,43100,3351,144120000,2379,972
251270,2026-05-14,14:30:00,43050,43250,43050,43200,3878,167270000,2720,1158
251270,2026-05-14,14:35:00,43150,43300,43150,43150,3549,153410000,1924,1625
251270,2026-05-14,14:40:00,43200,43250,43200,43200,3391,146540000,1559,1832
251270,2026-05-14,14:45:00,43250,43250,43150,43200,2785,120270000,1492,1293
251270,2026-05-14,14:50:00,43200,43250,43150,43200,3506,151440000,1926,1580
251270,2026-05-14,14:55:00,43200,43250,43100,43200,3286,141900000,2186,1100
251270,2026-05-14,15:00:00,43250,43300,43200,43200,4854,209860000,1605,3249
251270,2026-05-14,15:05:00,43250,43350,43150,43250,3451,149270000,2929,522
251270,2026-05-14,15:10:00,43300,43350,43250,43250,3289,142450000,1991,1298
251270,2026-05-14,15:15:00,43250,43350,43200,43250,4263,184550000,2069,2194
251270,2026-05-14,15:20:00,43250,43350,43200,43200,5723,247700000,3684,2039
251270,2026-05-14,15:30:00,44050,44050,44050,44050,76574,3373080000,76574,0
251270,2026-05-15,09:05:00,44050,44150,43750,44100,4833,212480000,2864,1969
251270,2026-05-15,09:10:00,44000,44450,43950,44350,2886,127650000,1902,984
251270,2026-05-15,09:15:00,44350,44350,44100,44100,2476,109440000,1098,1378
251270,2026-05-15,09:20:00,44150,44150,44050,44150,2258,99570000,1189,1069
251270,2026-05-15,09:25:00,44150,44150,43950,44000,1426,62810000,650,776
251270,2026-05-15,09:30:00,44000,44050,43850,43900,2370,104130000,1251,1119
251270,2026-05-15,09:35:00,43900,44000,43850,43900,2112,92740000,1246,866
251270,2026-05-15,09:40:00,43900,43950,43550,43650,7017,307400000,1428,5589
251270,2026-05-15,09:45:00,43650,43650,43400,43600,3044,132510000,1052,1992
251270,2026-05-15,09:50:00,43650,43800,43600,43700,2679,117040000,1738,941
251270,2026-05-15,09:55:00,43700,43750,43500,43600,4301,187620000,698,3603
251270,2026-05-15,10:00:00,43600,43900,43550,43850,5193,227000000,2769,2424
251270,2026-05-15,10:05:00,43900,43900,43700,43900,3985,174720000,1522,2463
251270,2026-05-15,10:10:00,43900,44100,43850,44050,6338,279070000,2449,3889
251270,2026-05-15,10:15:00,44050,44150,44000,44050,5030,221700000,2099,2931
251270,2026-05-15,10:20:00,44050,44100,43750,44100,11942,524330000,6780,5162
251270,2026-05-15,10:25:00,44100,44200,43900,44050,5074,223700000,2192,2882
251270,2026-05-15,10:30:00,44050,44100,43900,43900,1571,69140000,630,941
251270,2026-05-15,10:35:00,43900,43950,43800,43950,1551,68080000,697,854
251270,2026-05-15,10:40:00,43950,44050,43850,43850,1931,84920000,1087,844
251270,2026-05-15,10:45:00,44000,44000,43850,43950,1448,63600000,820,628
251270,2026-05-15,10:50:00,43950,43950,43850,43850,1276,55990000,518,758
251270,2026-05-15,10:55:00,43900,43950,43650,43800,2945,128920000,1733,1212
251270,2026-05-15,11:00:00,43800,43850,43550,43700,2396,104700000,1341,1055
251270,2026-05-15,11:05:00,43700,43800,43500,43750,2368,103410000,1487,881
251270,2026-05-15,11:10:00,43750,43800,43550,43800,2894,126390000,1327,1567
251270,2026-05-15,11:15:00,43800,43950,43650,43750,3345,146420000,1575,1770
251270,2026-05-15,11:20:00,43800,43850,43300,43600,4884,213100000,1993,2891
251270,2026-05-15,11:25:00,43550,43800,43400,43600,4327,188660000,2043,2284
251270,2026-05-15,11:30:00,43650,43750,43500,43500,2729,118990000,628,2101
251270,2026-05-15,11:35:00,43500,43700,43350,43600,3350,145890000,1371,1979
251270,2026-05-15,11:40:00,43650,43900,43600,43900,3739,163750000,2590,1149
251270,2026-05-15,11:45:00,43850,43950,43800,43900,2013,88340000,964,1049
251270,2026-05-15,11:50:00,43950,43950,43750,43850,2399,105300000,1410,989
251270,2026-05-15,11:55:00,43850,43950,43800,43900,1568,68830000,589,979
251270,2026-05-15,12:00:00,43950,44100,43900,44050,3337,146810000,2058,1279
251270,2026-05-15,12:05:00,44050,44100,43950,44100,2549,112270000,1677,872
251270,2026-05-15,12:10:00,44000,44200,44000,44050,1811,79890000,963,848
251270,2026-05-15,12:15:00,44075,44150,44050,44150,2109,93050000,1254,855
251270,2026-05-15,12:20:00,44150,44250,44100,44200,2768,122270000,2130,638
251270,2026-05-15,12:25:00,44200,44300,44200,44250,1871,82800000,1143,728
251270,2026-05-15,12:30:00,44250,44350,44200,44300,1900,84130000,1226,674
251270,2026-05-15,12:35:00,44300,44350,44150,44200,1682,74460000,827,855
251270,2026-05-15,12:40:00,44200,44400,44200,44400,1855,82230000,1420,435
251270,2026-05-15,12:45:00,44375,44700,44300,44650,12540,558430000,5542,6998
251270,2026-05-15,12:50:00,44625,44750,44550,44700,3464,154720000,1651,1813
251270,2026-05-15,12:55:00,44700,44800,44675,44750,1829,81820000,1003,826
251270,2026-05-15,13:00:00,44700,44800,44550,44600,4096,183100000,1847,2249
251270,2026-05-15,13:05:00,44600,44700,44500,44600,2526,112730000,1309,1217
251270,2026-05-15,13:10:00,44600,44700,44550,44700,2513,112170000,1691,822
251270,2026-05-15,13:15:00,44650,44700,44550,44600,1606,71690000,898,708
251270,2026-05-15,13:20:00,44650,44700,44450,44450,2769,123360000,1049,1720
251270,2026-05-15,13:25:00,44500,44500,44250,44300,4773,211720000,1608,3165
251270,2026-05-15,13:30:00,44300,44450,44100,44200,4434,196360000,975,3459
251270,2026-05-15,13:35:00,44200,44300,44000,44100,3359,148370000,813,2546
251270,2026-05-15,13:40:00,44150,44150,43900,43950,6995,307680000,2203,4792
251270,2026-05-15,13:45:00,43900,43950,43700,43700,3773,165320000,2090,1683
251270,2026-05-15,13:50:00,43700,43900,43650,43650,2694,117870000,1136,1558
251270,2026-05-15,13:55:00,43700,43750,43600,43650,3698,161530000,1143,2555
251270,2026-05-15,14:00:00,43650,43700,43550,43600,3030,132160000,896,2134
251270,2026-05-15,14:05:00,43600,43800,43500,43600,3794,165590000,1367,2427
251270,2026-05-15,14:10:00,43600,43700,43450,43550,3560,155040000,1557,2003
251270,2026-05-15,14:15:00,43500,43550,43400,43550,3061,133110000,1587,1474
251270,2026-05-15,14:20:00,43550,43650,43450,43450,3151,137120000,1205,1946
251270,2026-05-15,14:25:00,43450,43650,43400,43650,3536,153950000,1691,1845
251270,2026-05-15,14:30:00,43650,43900,43500,43600,3250,141850000,1323,1927
251270,2026-05-15,14:35:00,43600,43650,43350,43350,3351,145620000,741,2610
251270,2026-05-15,14:40:00,43350,43450,43250,43300,3803,164860000,1614,2189
251270,2026-05-15,14:45:00,43300,43400,43150,43150,3612,156190000,1244,2368
251270,2026-05-15,14:50:00,43150,43350,43000,43000,4640,200090000,1961,2679
251270,2026-05-15,14:55:00,43050,43100,42800,42950,4685,201340000,1342,3343
251270,2026-05-15,15:00:00,42950,43050,42750,42850,4996,214310000,2091,2905
251270,2026-05-15,15:05:00,42850,43000,42800,42950,4069,174560000,2049,2020
251270,2026-05-15,15:10:00,42850,43050,42850,43000,3574,153460000,2285,1289
251270,2026-05-15,15:15:00,42950,43000,42850,43000,3727,159960000,1886,1841
251270,2026-05-15,15:20:00,42900,43250,42900,43200,2916,125570000,2011,905
251270,2026-05-15,15:30:00,43200,43200,43200,43200,4494,194140000,4250,0
251270,2026-05-18,09:05:00,43450,43550,42700,42750,4641,200400000,2657,1984
251270,2026-05-18,09:10:00,42800,43000,42550,42600,6730,287200000,1944,4786
251270,2026-05-18,09:15:00,42600,42850,42150,42200,7826,332570000,2487,5339
251270,2026-05-18,09:20:00,42200,42350,42100,42150,7933,334640000,2950,4983
251270,2026-05-18,09:25:00,42150,42700,42150,42250,4944,209650000,1959,2985
251270,2026-05-18,09:30:00,42225,42250,42050,42200,6286,264840000,1921,4365
251270,2026-05-18,09:35:00,42200,42250,41900,42100,3494,147020000,898,2596
251270,2026-05-18,09:40:00,42100,42200,41950,42150,1358,57150000,737,621
251270,2026-05-18,09:45:00,42150,42200,41800,41850,3025,126970000,1088,1937
251270,2026-05-18,09:50:00,41850,41850,41650,41800,3137,131050000,1504,1633
251270,2026-05-18,09:55:00,41800,42100,41800,42100,2178,91470000,1000,1178
251270,2026-05-18,10:00:00,42050,42400,42050,42400,2911,122990000,2235,676
251270,2026-05-18,10:05:00,42400,42650,42400,42550,1488,63300000,1046,442
251270,2026-05-18,10:10:00,42500,42650,42450,42650,2477,105400000,1120,1357
251270,2026-05-18,10:15:00,42650,42650,42200,42200,2737,116280000,1390,1347
251270,2026-05-18,10:20:00,42150,42450,42150,42300,1372,58040000,929,443
251270,2026-05-18,10:25:00,42300,42450,42200,42450,1572,66520000,938,634
251270,2026-05-18,10:30:00,42450,42600,42300,42500,1091,46370000,714,377
251270,2026-05-18,10:35:00,42500,42650,42450,42600,2367,100750000,1835,532
251270,2026-05-18,10:40:00,42600,42700,42350,42450,1684,71580000,1015,669
251270,2026-05-18,10:45:00,42450,42750,42450,42750,1195,50960000,747,448
251270,2026-05-18,10:50:00,42750,42750,42450,42500,1875,79810000,868,1007
251270,2026-05-18,10:55:00,42450,42600,42400,42450,1695,72080000,1418,277
251270,2026-05-18,11:00:00,42450,42550,42350,42400,981,41680000,757,224
251270,2026-05-18,11:05:00,42350,42450,42150,42350,2135,90380000,881,1254
251270,2026-05-18,11:10:00,42350,42450,42250,42250,788,33350000,392,396
251270,2026-05-18,11:15:00,42250,42700,42250,42400,788,33390000,285,503
251270,2026-05-18,11:20:00,42350,42650,42300,42400,1027,43570000,568,459
251270,2026-05-18,11:25:00,42450,42550,42350,42550,998,42380000,653,345
251270,2026-05-18,11:30:00,42500,42550,42350,42500,1134,48170000,773,361
251270,2026-05-18,11:35:00,42500,42550,42350,42550,990,42030000,477,513
251270,2026-05-18,11:40:00,42500,42550,42350,42400,1380,58590000,659,721
251270,2026-05-18,11:45:00,42400,42450,42300,42450,1545,65500000,668,877
251270,2026-05-18,11:50:00,42350,42550,42350,42400,804,34150000,498,306
251270,2026-05-18,11:55:00,42450,42500,42300,42500,977,41450000,474,503
251270,2026-05-18,12:00:00,42300,42550,42250,42550,1697,72060000,1031,666
251270,2026-05-18,12:05:00,42550,42600,42300,42450,1677,71290000,995,682
251270,2026-05-18,12:10:00,42450,42650,42400,42500,984,41800000,637,347
251270,2026-05-18,12:15:00,42450,42650,42450,42550,739,31460000,423,316
251270,2026-05-18,12:20:00,42600,42650,42300,42600,1036,44090000,422,614
251270,2026-05-18,12:25:00,42400,42600,42250,42550,1254,53320000,689,565
251270,2026-05-18,12:30:00,42550,42600,42250,42550,1532,65060000,657,875
251270,2026-05-18,12:35:00,42550,42650,42400,42500,1086,46230000,610,476
251270,2026-05-18,12:40:00,42500,42600,42350,42600,1292,54920000,516,776
251270,2026-05-18,12:45:00,42600,42650,42250,42550,1126,47910000,491,635
251270,2026-05-18,12:50:00,42650,42700,42550,42700,1097,46760000,733,364
251270,2026-05-18,12:55:00,42700,42700,42400,42500,1251,53320000,544,707
251270,2026-05-18,13:00:00,42500,42650,42400,42500,1203,51240000,587,616
251270,2026-05-18,13:05:00,42500,42650,42450,42650,1500,63820000,925,575
251270,2026-05-18,13:10:00,42600,42650,42500,42500,1974,84080000,761,1213
251270,2026-05-18,13:15:00,42500,42650,42500,42650,1281,54560000,655,626
251270,2026-05-18,13:20:00,42650,42700,42550,42700,1353,57730000,1015,338
251270,2026-05-18,13:25:00,42600,42650,42400,42400,2177,92580000,753,1424
251270,2026-05-18,13:30:00,42450,42550,42400,42400,2303,97790000,952,1351
251270,2026-05-18,13:35:00,42400,42500,42350,42400,949,40250000,492,457
251270,2026-05-18,13:40:00,42450,42650,42350,42400,1520,64630000,960,560
251270,2026-05-18,13:45:00,42550,42700,42500,42600,1402,59740000,738,664
251270,2026-05-18,13:50:00,42600,42700,42300,42500,1556,66160000,317,1239
251270,2026-05-18,13:55:00,42500,42550,42450,42450,1293,54960000,565,728
251270,2026-05-18,14:00:00,42450,42550,42350,42450,1757,74630000,991,766
251270,2026-05-18,14:05:00,42450,42750,42300,42700,2004,85320000,958,1046
251270,2026-05-18,14:10:00,42700,42800,42400,42750,1655,70680000,912,743
251270,2026-05-18,14:15:00,42750,42750,42500,42600,1717,73180000,702,1015
251270,2026-05-18,14:20:00,42500,42600,42400,42400,1950,82850000,743,1207
251270,2026-05-18,14:25:00,42400,42600,42400,42600,1728,73470000,958,770
251270,2026-05-18,14:30:00,42600,42700,42500,42550,1836,78220000,1021,815
251270,2026-05-18,14:35:00,42600,42700,42500,42550,2020,86060000,972,1048
251270,2026-05-18,14:40:00,42550,42800,42550,42800,2028,86610000,1080,948
251270,2026-05-18,14:45:00,42750,42800,42700,42800,1545,66080000,989,556
251270,2026-05-18,14:50:00,42700,42800,42600,42700,1888,80610000,775,1113
251270,2026-05-18,14:55:00,42700,42750,42650,42750,1910,81620000,1274,636
251270,2026-05-18,15:00:00,42750,42800,42650,42700,1943,82980000,1289,654
251270,2026-05-18,15:05:00,42600,42650,42450,42500,1418,60360000,413,1005
251270,2026-05-18,15:10:00,42500,42550,42450,42550,1834,77960000,1599,235
251270,2026-05-18,15:15:00,42550,42550,42350,42350,1743,73960000,866,877
251270,2026-05-18,15:20:00,42400,42450,42200,42200,3862,163530000,1828,2034
251270,2026-05-18,15:30:00,42350,42350,42350,42350,4783,202560000,4783,0
251270,2026-05-19,09:05:00,43600,44000,42400,42750,5765,247010000,3623,2142
251270,2026-05-19,09:10:00,42750,42950,42600,42800,4056,173620000,1770,2286
251270,2026-05-19,09:15:00,42800,43700,42800,43600,14984,648550000,11707,3277
251270,2026-05-19,09:20:00,43600,43800,43350,43400,11772,512570000,4311,7461
251270,2026-05-19,09:25:00,43350,43600,43250,43400,7432,322570000,3649,3783
251270,2026-05-19,09:30:00,43400,43450,43300,43400,1320,57290000,750,570
251270,2026-05-19,09:35:00,43400,43700,43350,43650,2627,114430000,1982,645
251270,2026-05-19,09:40:00,43650,43700,43550,43650,2927,127730000,2347,580
251270,2026-05-19,09:45:00,43550,43800,43350,43350,7197,313920000,2981,4216
251270,2026-05-19,09:50:00,43350,43450,43250,43250,4673,202480000,1928,2745
251270,2026-05-19,09:55:00,43250,43300,43000,43150,3768,162700000,823,2945
251270,2026-05-19,10:00:00,43100,43100,42950,42950,1627,69970000,928,699
251270,2026-05-19,10:05:00,42950,43000,42750,42800,3747,160660000,1357,2390
251270,2026-05-19,10:10:00,42800,42850,42700,42750,3160,135130000,1884,1276
251270,2026-05-19,10:15:00,42800,42950,42800,42950,3427,146930000,2668,759
251270,2026-05-19,10:20:00,42950,42950,42750,42850,2541,108830000,1689,852
251270,2026-05-19,10:25:00,42900,42900,42800,42850,1593,68280000,1208,385
251270,2026-05-19,10:30:00,42900,42950,42750,42800,1850,79280000,1010,840
251270,2026-05-19,10:35:00,42800,42800,42600,42700,3132,133740000,948,2184
251270,2026-05-19,10:40:00,42750,42900,42700,42900,4398,188560000,4040,358
251270,2026-05-19,10:45:00,42900,43050,42750,42850,4442,190400000,2436,2006
251270,2026-05-19,10:50:00,42950,42950,42650,42700,2813,120470000,1165,1648
251270,2026-05-19,10:55:00,42800,42800,42550,42650,2606,111130000,1525,1081
251270,2026-05-19,11:00:00,42650,42650,42450,42550,3066,130420000,1172,1894
251270,2026-05-19,11:05:00,42500,42550,42350,42400,3529,149800000,1221,2308
251270,2026-05-19,11:10:00,42400,42500,42400,42450,2289,97140000,1711,578
251270,2026-05-19,11:15:00,42450,42500,42350,42400,2896,122840000,1736,1160
251270,2026-05-19,11:20:00,42400,42650,42400,42550,3231,137190000,2085,1146
251270,2026-05-19,11:25:00,42550,42600,42400,42400,1897,80630000,1183,714
251270,2026-05-19,11:30:00,42500,42600,42450,42600,1334,56730000,1187,147
251270,2026-05-19,11:35:00,42600,42600,42400,42450,1650,70220000,1128,522
251270,2026-05-19,11:40:00,42550,42650,42550,42600,1472,62680000,1215,257
251270,2026-05-19,11:45:00,42600,42800,42550,42700,1651,70490000,1255,396
251270,2026-05-19,11:50:00,42750,42800,42550,42700,1592,68000000,1168,424
251270,2026-05-19,11:55:00,42550,42700,42550,42650,1387,59180000,1064,323
251270,2026-05-19,12:00:00,42700,42700,42500,42650,1401,59720000,827,574
251270,2026-05-19,12:05:00,42650,42700,42500,42500,2311,98360000,792,1519
251270,2026-05-19,12:10:00,42650,42650,42500,42600,1381,58820000,517,864
251270,2026-05-19,12:15:00,42600,42650,42450,42500,2598,110580000,586,2012
251270,2026-05-19,12:20:00,42500,42800,42500,42750,1140,48670000,873,267
251270,2026-05-19,12:25:00,42750,42850,42700,42800,1758,75230000,1055,703
251270,2026-05-19,12:30:00,42800,42900,42700,42800,2716,116340000,1439,1277
251270,2026-05-19,12:35:00,42850,42900,42750,42800,1973,84540000,839,1134
251270,2026-05-19,12:40:00,42900,42900,42700,42700,2080,88990000,648,1432
251270,2026-05-19,12:45:00,42750,42800,42650,42650,1793,76590000,570,1223
251270,2026-05-19,12:50:00,42700,42800,42550,42550,2955,126020000,895,2060
251270,2026-05-19,12:55:00,42750,42800,42500,42800,2672,113880000,1446,1226
251270,2026-05-19,13:00:00,42800,42850,42600,42850,1997,85350000,1438,559
251270,2026-05-19,13:05:00,42800,42800,42600,42750,1768,75540000,1303,465
251270,2026-05-19,13:10:00,42750,42750,42650,42750,1430,61110000,817,613
251270,2026-05-19,13:15:00,42750,42750,42650,42700,2315,98880000,1017,1298
251270,2026-05-19,13:20:00,42700,42750,42500,42600,1707,72810000,759,948
251270,2026-05-19,13:25:00,42600,42600,42550,42600,1379,58720000,943,436
251270,2026-05-19,13:30:00,42550,42600,42500,42600,1541,65580000,1272,269
251270,2026-05-19,13:35:00,42600,42650,42500,42650,2410,102680000,1762,648
251270,2026-05-19,13:40:00,42650,42700,42550,42600,2307,98340000,1699,608
251270,2026-05-19,13:45:00,42550,42750,42550,42650,2607,111200000,1992,615
251270,2026-05-19,13:50:00,42650,42700,42600,42650,1808,77150000,1570,238
251270,2026-05-19,13:55:00,42600,42750,42600,42700,2002,85440000,1604,398
251270,2026-05-19,14:00:00,42650,42750,42600,42750,2139,91260000,1662,477
251270,2026-05-19,14:05:00,42750,42850,42650,42700,1804,77130000,1216,588
251270,2026-05-19,14:10:00,42700,42800,42500,42750,2091,89260000,1577,514
251270,2026-05-19,14:15:00,42700,42850,42700,42800,1747,74730000,1385,362
251270,2026-05-19,14:20:00,42800,42850,42650,42750,1839,78580000,1467,372
251270,2026-05-19,14:25:00,42750,42750,42550,42600,1861,79360000,1077,784
251270,2026-05-19,14:30:00,42600,42700,42550,42650,2323,99030000,1371,952
251270,2026-05-19,14:35:00,42600,42750,42600,42650,2536,108200000,1317,1219
251270,2026-05-19,14:40:00,42700,42900,42650,42900,2116,90520000,1818,298
251270,2026-05-19,14:45:00,42900,43200,42800,43000,4876,209880000,3417,1459
251270,2026-05-19,14:50:00,43100,43150,43000,43050,2401,103460000,1853,548
251270,2026-05-19,14:55:00,43050,43100,42950,43000,2420,104090000,1579,841
251270,2026-05-19,15:00:00,43000,43050,42900,43000,1332,57240000,1078,254
251270,2026-05-19,15:05:00,43000,43100,43000,43000,1587,68300000,892,695
251270,2026-05-19,15:10:00,43050,43050,42900,42900,1352,58100000,747,605
251270,2026-05-19,15:15:00,42950,42950,42750,42800,1916,82080000,860,1056
251270,2026-05-19,15:20:00,42850,42950,42650,42950,3026,129670000,1565,1461
251270,2026-05-19,15:30:00,43000,43000,43000,43000,9157,393750000,9157,0
251270,2026-05-20,09:05:00,43600,43600,43050,43400,4538,197180000,2710,1828
251270,2026-05-20,09:10:00,43400,43450,42500,42550,4706,201740000,783,3923
251270,2026-05-20,09:15:00,42550,42700,42300,42300,3361,143060000,1950,1411
251270,2026-05-20,09:20:00,42350,42400,42000,42050,7524,317530000,4887,2637
251270,2026-05-20,09:25:00,42050,42200,41800,42200,4387,184270000,2668,1719
251270,2026-05-20,09:30:00,42150,42300,42050,42200,3214,135520000,1368,1846
251270,2026-05-20,09:35:00,42250,42400,42100,42350,1473,62260000,835,638
251270,2026-05-20,09:40:00,42350,42550,42100,42300,1803,76310000,897,906
251270,2026-05-20,09:45:00,42300,42300,42000,42150,1906,80330000,1029,877
251270,2026-05-20,09:50:00,42150,42400,42100,42350,2122,89640000,1485,637
251270,2026-05-20,09:55:00,42350,42600,42250,42350,3382,143440000,2602,780
251270,2026-05-20,10:00:00,42500,42500,42300,42450,1832,77740000,912,920
251270,2026-05-20,10:05:00,42500,42700,42250,42550,3582,152140000,2164,1418
251270,2026-05-20,10:10:00,42700,42900,42500,42800,1648,70370000,919,729
251270,2026-05-20,10:15:00,42800,42850,42600,42750,1407,60170000,714,693
251270,2026-05-20,10:20:00,42750,42750,42350,42600,1602,68210000,770,832
251270,2026-05-20,10:25:00,42650,42650,42300,42400,2089,88700000,1254,835
251270,2026-05-20,10:30:00,42400,42400,42050,42200,2922,123260000,1183,1739
251270,2026-05-20,10:35:00,42200,42200,42000,42000,2747,115560000,873,1874
251270,2026-05-20,10:40:00,42000,42300,42000,42150,2587,109140000,2014,573
251270,2026-05-20,10:45:00,42200,42200,42100,42150,1553,65470000,1045,508
251270,2026-05-20,10:50:00,42150,42200,42050,42200,2922,123160000,1928,994
251270,2026-05-20,10:55:00,42250,42500,42200,42450,2301,97540000,1191,1110
251270,2026-05-20,11:00:00,42400,42550,42350,42350,2036,86360000,948,1088
251270,2026-05-20,11:05:00,42350,42350,42200,42350,1293,54690000,645,648
251270,2026-05-20,11:10:00,42350,42350,42100,42100,1412,59650000,863,549
251270,2026-05-20,11:15:00,42150,42300,42050,42150,1442,60810000,951,491
251270,2026-05-20,11:20:00,42200,42300,42150,42250,1173,49560000,730,443
251270,2026-05-20,11:25:00,42250,42300,42150,42200,1223,51650000,617,606
251270,2026-05-20,11:30:00,42250,42300,42100,42150,1378,58150000,731,647
251270,2026-05-20,11:35:00,42100,42150,41800,41950,4795,201080000,1914,2881
251270,2026-05-20,11:40:00,41950,42200,41850,41950,4192,176120000,1754,2438
251270,2026-05-20,11:45:00,41950,42150,41850,42100,2251,94560000,1487,764
251270,2026-05-20,11:50:00,42000,42100,41900,42000,1367,57460000,848,519
251270,2026-05-20,11:55:00,41900,42050,41850,41900,2418,101360000,683,1735
251270,2026-05-20,12:00:00,41900,42100,41850,41950,1177,49440000,705,472
251270,2026-05-20,12:05:00,41950,42150,41900,42000,1291,54240000,978,313
251270,2026-05-20,12:10:00,42000,42250,41950,42150,1870,78690000,1038,832
251270,2026-05-20,12:15:00,42200,42250,41950,42050,2228,93700000,1684,544
251270,2026-05-20,12:20:00,41950,42200,41950,42000,1653,69550000,725,928
251270,2026-05-20,12:25:00,42250,42250,41950,42050,1814,76310000,1235,579
251270,2026-05-20,12:30:00,42000,42250,42000,42200,2382,100330000,1224,1158
251270,2026-05-20,12:35:00,42200,42250,41950,42050,2204,92800000,1384,820
251270,2026-05-20,12:40:00,42050,42350,42050,42150,2139,90160000,1411,728
251270,2026-05-20,12:45:00,42150,42350,42000,42150,1538,64860000,1013,525
251270,2026-05-20,12:50:00,42150,42150,41950,42000,2366,99420000,2019,347
251270,2026-05-20,12:55:00,42000,42200,42000,42000,1198,50420000,773,425
251270,2026-05-20,13:00:00,42000,42200,42000,42050,1586,66810000,987,599
251270,2026-05-20,13:05:00,42100,42200,42000,42050,1404,59120000,866,538
251270,2026-05-20,13:10:00,42050,42150,42000,42150,1693,71240000,1308,385
251270,2026-05-20,13:15:00,42200,42200,42100,42200,1118,47150000,823,295
251270,2026-05-20,13:20:00,42150,42200,42000,42100,1710,72010000,1173,537
251270,2026-05-20,13:25:00,42150,42250,42100,42250,1515,63890000,796,719
251270,2026-05-20,13:30:00,42300,42300,42050,42250,1406,59320000,911,495
251270,2026-05-20,13:35:00,42250,42250,42100,42200,1119,47190000,890,229
251270,2026-05-20,13:40:00,42150,42200,42100,42150,1197,50470000,808,389
251270,2026-05-20,13:45:00,42150,42250,42150,42250,1169,49330000,951,218
251270,2026-05-20,13:50:00,42200,42300,42150,42200,1082,45700000,876,206
251270,2026-05-20,13:55:00,42200,42300,42050,42050,1694,71400000,836,858
251270,2026-05-20,14:00:00,42050,42150,42000,42150,2151,90440000,1172,979
251270,2026-05-20,14:05:00,42050,42300,42050,42200,1967,82850000,1061,906
251270,2026-05-20,14:10:00,42200,42250,41950,42100,2511,105920000,899,1612
251270,2026-05-20,14:15:00,42200,42250,42000,42200,1026,43260000,576,450
251270,2026-05-20,14:20:00,42150,42200,41950,42000,1911,80460000,1017,894
251270,2026-05-20,14:25:00,42050,42150,42050,42100,1214,51100000,668,546
251270,2026-05-20,14:30:00,42100,42150,41950,42050,1263,53160000,707,556
251270,2026-05-20,14:35:00,42100,42150,41900,41950,2823,118610000,1075,1748
251270,2026-05-20,14:40:00,42000,42200,41950,42150,2380,100080000,1751,629
251270,2026-05-20,14:45:00,42150,42200,41950,42000,1752,73730000,710,1042
251270,2026-05-20,14:50:00,42050,42100,41900,42050,1945,81760000,850,1095
251270,2026-05-20,14:55:00,42100,42150,41950,42000,2235,93950000,724,1511
251270,2026-05-20,15:00:00,42000,42100,41950,42050,1491,62680000,629,862
251270,2026-05-20,15:05:00,42050,42050,41900,41950,3172,133150000,1275,1897
251270,2026-05-20,15:10:00,42000,42050,41900,42000,1959,82240000,1397,562
251270,2026-05-20,15:15:00,42050,42150,41950,41950,1246,52340000,212,1034
251270,2026-05-20,15:20:00,41950,42000,41900,42000,1750,73430000,1050,700
251270,2026-05-20,15:30:00,41950,41950,41950,41950,4821,202240000,4736,0
251270,2026-05-21,09:05:00,42550,43250,42300,42400,6309,268980000,1675,4634
251270,2026-05-21,09:10:00,42400,42650,42250,42650,5162,219440000,3408,1754
251270,2026-05-21,09:15:00,42600,42800,42500,42650,4532,193270000,2333,2199
251270,2026-05-21,09:20:00,42650,42750,42600,42600,3646,155420000,756,2890
251270,2026-05-21,09:25:00,42600,42650,42550,42600,1128,48070000,673,455
251270,2026-05-21,09:30:00,42600,42750,42500,42700,7467,318080000,3565,3902
251270,2026-05-21,09:35:00,42750,42950,42650,42700,1592,68180000,1009,583
251270,2026-05-21,09:40:00,42700,42800,42550,42600,2558,109080000,862,1696
251270,2026-05-21,09:45:00,42550,42600,42400,42500,5244,222970000,1151,4093
251270,2026-05-21,09:50:00,42500,42700,42400,42550,3353,142700000,1892,1461
251270,2026-05-21,09:55:00,42550,42700,42500,42600,1921,81810000,856,1065
251270,2026-05-21,10:00:00,42650,42800,42650,42800,3288,140520000,2110,1178
251270,2026-05-21,10:05:00,42800,42900,42700,42850,2504,107100000,1717,787
251270,2026-05-21,10:10:00,42900,42950,42650,42650,2273,97350000,607,1666
251270,2026-05-21,10:15:00,42650,42750,42650,42700,975,41650000,643,332
251270,2026-05-21,10:20:00,42700,42850,42600,42700,1801,76880000,1092,709
251270,2026-05-21,10:25:00,42850,42900,42550,42600,2309,98470000,784,1525
251270,2026-05-21,10:30:00,42600,42600,42200,42300,13398,567690000,1672,11726
251270,2026-05-21,10:35:00,42350,42450,42100,42250,4594,194100000,1605,2989
251270,2026-05-21,10:40:00,42250,42250,42150,42200,2261,95410000,803,1458
251270,2026-05-21,10:45:00,42200,42350,42200,42250,1929,81520000,925,1004
251270,2026-05-21,10:50:00,42250,42450,42200,42350,2579,109100000,1208,1371
251270,2026-05-21,10:55:00,42350,42350,42200,42250,1673,70700000,693,980
251270,2026-05-21,11:00:00,42250,42350,42200,42350,2671,112970000,1257,1414
251270,2026-05-21,11:05:00,42300,42400,42250,42300,3694,156240000,737,2957
251270,2026-05-21,11:10:00,42300,42300,42200,42200,3253,137360000,867,2386
251270,2026-05-21,11:15:00,42200,42300,42100,42200,7036,296670000,5187,1849
251270,2026-05-21,11:20:00,42150,42200,42150,42150,1968,82980000,669,1299
251270,2026-05-21,11:25:00,42150,42150,42000,42000,2285,96140000,730,1555
251270,2026-05-21,11:30:00,42000,42050,41900,42000,4231,177580000,1716,2515
251270,2026-05-21,11:35:00,41950,42000,41850,41900,2797,117300000,1017,1780
251270,2026-05-21,11:40:00,41950,42100,41900,41950,2495,104690000,1342,1153
251270,2026-05-21,11:45:00,41950,42050,41900,42050,2217,93070000,1254,963
251270,2026-05-21,11:50:00,42050,42100,41800,42000,4689,196570000,934,3755
251270,2026-05-21,11:55:00,42000,42100,41950,42000,1747,73400000,987,760
251270,2026-05-21,12:00:00,42000,42150,41950,42050,2057,86490000,1030,1027
251270,2026-05-21,12:05:00,42050,42100,41950,42050,1918,80660000,1023,895
251270,2026-05-21,12:10:00,42025,42100,41950,42050,1755,73760000,850,905
251270,2026-05-21,12:15:00,42000,42100,41900,41950,1692,71050000,596,1096
251270,2026-05-21,12:20:00,41950,42050,41900,42000,2123,89110000,1053,1070
251270,2026-05-21,12:25:00,42000,42050,41900,42000,1881,78960000,1072,809
251270,2026-05-21,12:30:00,42000,42050,41900,42000,1707,71660000,828,879
251270,2026-05-21,12:35:00,42000,42050,41950,42000,1858,78020000,920,938
251270,2026-05-21,12:40:00,41950,42000,41900,41950,2195,92120000,828,1367
251270,2026-05-21,12:45:00,41950,42050,41900,41950,2916,122360000,925,1991
251270,2026-05-21,12:50:00,42000,42050,41900,42000,2275,95490000,1066,1209
251270,2026-05-21,12:55:00,42000,42050,41950,42050,2466,103600000,1260,1206
251270,2026-05-21,13:00:00,42000,42050,41950,42000,1891,79390000,852,1039
251270,2026-05-21,13:05:00,42050,42050,41950,42050,2036,85530000,1027,1009
251270,2026-05-21,13:10:00,42050,42050,41900,42000,2507,105200000,806,1701
251270,2026-05-21,13:15:00,41950,42000,41850,41950,3572,149810000,1674,1898
251270,2026-05-21,13:20:00,41950,42000,41850,41950,2605,109270000,1319,1286
251270,2026-05-21,13:25:00,42000,42000,41900,41900,2309,96890000,786,1523
251270,2026-05-21,13:30:00,41900,42050,41850,41950,1847,77510000,920,927
251270,2026-05-21,13:35:00,41950,42000,41850,41950,2027,85000000,961,1066
251270,2026-05-21,13:40:00,41900,41950,41900,41900,2182,91480000,847,1335
251270,2026-05-21,13:45:00,41900,42000,41850,41950,2074,86940000,1125,949
251270,2026-05-21,13:50:00,41950,42000,41850,41900,3528,147980000,930,2598
251270,2026-05-21,13:55:00,41900,41900,41800,41850,4751,198870000,1203,3548
251270,2026-05-21,14:00:00,41850,41900,41800,41850,5371,224800000,2511,2860
251270,2026-05-21,14:05:00,41850,41950,41850,41850,2286,95720000,920,1366
251270,2026-05-21,14:10:00,41900,41900,41750,41750,10460,437380000,1063,9397
251270,2026-05-21,14:15:00,41750,41750,41600,41600,12447,519350000,1446,11001
251270,2026-05-21,14:20:00,41650,41850,41600,41700,3184,132770000,1665,1519
251270,2026-05-21,14:25:00,41700,41800,41700,41750,1871,78070000,812,1059
251270,2026-05-21,14:30:00,41750,41850,41700,41750,2526,105470000,1152,1374
251270,2026-05-21,14:35:00,41750,41900,41700,41800,2092,87430000,1274,818
251270,2026-05-21,14:40:00,41850,41850,41750,41800,1722,71990000,763,959
251270,2026-05-21,14:45:00,41800,41850,41750,41850,1840,76910000,776,1064
251270,2026-05-21,14:50:00,41850,41900,41750,41800,2748,114900000,1433,1315
251270,2026-05-21,14:55:00,41800,41850,41750,41800,2337,97650000,1305,1032
251270,2026-05-21,15:00:00,41800,41850,41700,41800,3019,126120000,1214,1805
251270,2026-05-21,15:05:00,41750,41850,41700,41750,1048,43780000,790,258
251270,2026-05-21,15:10:00,41750,41800,41700,41750,3080,128570000,2017,1063
251270,2026-05-21,15:15:00,41750,41800,41700,41800,1191,49730000,920,271
251270,2026-05-21,15:20:00,41775,41900,41600,41900,5611,234080000,3521,2090
251270,2026-05-21,15:30:00,41900,41900,41900,41900,4308,180510000,4302,0
251270,2026-05-22,09:05:00,41950,42450,41950,42300,10333,436040000,9486,847
251270,2026-05-22,09:10:00,42300,42400,42200,42300,2996,126810000,1805,1191
251270,2026-05-22,09:15:00,42350,42400,42050,42400,3480,146910000,1465,2015
251270,2026-05-22,09:20:00,42400,42950,42300,42750,9203,392660000,4067,5136
251270,2026-05-22,09:25:00,42700,42800,42600,42700,2290,97770000,1684,606
251270,2026-05-22,09:30:00,42700,43000,42650,42650,4126,176660000,2657,1469
251270,2026-05-22,09:35:00,42650,42950,42650,42750,1729,74000000,1162,567
251270,2026-05-22,09:40:00,42800,43000,42700,42900,1946,83460000,1144,802
251270,2026-05-22,09:45:00,42900,43200,42800,43100,5674,244000000,4540,1134
251270,2026-05-22,09:50:00,43050,43150,42900,43000,1628,70130000,1008,620
251270,2026-05-22,09:55:00,43100,43100,42850,43050,1826,78540000,722,1104
251270,2026-05-22,10:00:00,42950,43150,42950,43100,3342,143950000,2178,1164
251270,2026-05-22,10:05:00,43100,43150,42950,43000,1866,80420000,834,1032
251270,2026-05-22,10:10:00,43000,43050,42900,43000,1865,80210000,1355,510
251270,2026-05-22,10:15:00,43050,43150,42900,42900,2826,121550000,1188,1638
251270,2026-05-22,10:20:00,42900,43000,42800,42900,1568,67300000,631,937
251270,2026-05-22,10:25:00,42950,43050,42850,42950,1110,47680000,543,567
251270,2026-05-22,10:30:00,43050,43050,42850,42900,1552,66640000,918,634
251270,2026-05-22,10:35:00,42900,43100,42900,43100,4235,182130000,2608,1627
251270,2026-05-22,10:40:00,43000,43100,42950,43050,1795,77240000,856,939
251270,2026-05-22,10:45:00,43050,43100,42950,43100,1588,68370000,768,820
251270,2026-05-22,10:50:00,43000,43050,42850,43000,1740,74750000,1078,662
251270,2026-05-22,10:55:00,42950,43050,42850,42900,1049,45060000,493,556
251270,2026-05-22,11:00:00,42900,43000,42850,43000,2224,95480000,1218,1006
251270,2026-05-22,11:05:00,42900,43050,42900,43050,1392,59850000,996,396
251270,2026-05-22,11:10:00,42950,43100,42950,43050,1345,57890000,863,482
251270,2026-05-22,11:15:00,43050,43050,42950,43000,1082,46550000,613,469
251270,2026-05-22,11:20:00,42950,43100,42950,42950,1057,45480000,670,387
251270,2026-05-22,11:25:00,42950,43050,42850,43000,1206,51860000,749,457
251270,2026-05-22,11:30:00,42900,43050,42850,43000,1460,62780000,1045,415
251270,2026-05-22,11:35:00,43000,43050,42900,43000,1641,70570000,1152,489
251270,2026-05-22,11:40:00,43000,43050,42900,43000,1438,61840000,904,534
251270,2026-05-22,11:45:00,43000,43100,42950,43050,1391,59860000,832,559
251270,2026-05-22,11:50:00,43000,43150,43000,43050,1018,43850000,827,191
251270,2026-05-22,11:55:00,43100,43200,43000,43150,2003,86380000,856,1147
251270,2026-05-22,12:00:00,43150,43200,43150,43150,1143,49360000,739,404
251270,2026-05-22,12:05:00,43150,43200,43100,43150,996,42990000,631,365
251270,2026-05-22,12:10:00,43150,43200,43050,43050,1372,59220000,803,569
251270,2026-05-22,12:15:00,43050,43200,43050,43150,1217,52510000,625,592
251270,2026-05-22,12:20:00,43150,43200,43100,43150,1906,82250000,776,1130
251270,2026-05-22,12:25:00,43200,43200,43100,43100,862,37210000,639,223
251270,2026-05-22,12:30:00,43150,43250,43100,43150,1683,72700000,1279,404
251270,2026-05-22,12:35:00,43150,43250,43100,43200,1184,51170000,672,512
251270,2026-05-22,12:40:00,43250,43400,43150,43350,4041,175010000,3617,424
251270,2026-05-22,12:45:00,43400,43400,43250,43250,1352,58610000,708,644
251270,2026-05-22,12:50:00,43250,43350,43200,43350,2257,97670000,1115,1142
251270,2026-05-22,12:55:00,43300,43350,43200,43350,1596,69110000,854,742
251270,2026-05-22,13:00:00,43400,43400,43200,43300,992,43000000,675,317
251270,2026-05-22,13:05:00,43300,43400,43300,43350,1138,49320000,687,451
251270,2026-05-22,13:10:00,43400,43400,43350,43400,1275,55310000,867,408
251270,2026-05-22,13:15:00,43400,43450,43300,43300,1275,55300000,624,651
251270,2026-05-22,13:20:00,43300,43400,43250,43400,1178,51060000,920,258
251270,2026-05-22,13:25:00,43300,43400,43250,43400,1127,48850000,745,382
251270,2026-05-22,13:30:00,43400,43400,43300,43350,1220,52900000,767,453
251270,2026-05-22,13:35:00,43350,43400,43300,43350,2153,93390000,1379,774
251270,2026-05-22,13:40:00,43400,43500,43350,43450,2833,123020000,2178,655
251270,2026-05-22,13:45:00,43450,43500,43400,43450,2567,111560000,1905,662
251270,2026-05-22,13:50:00,43450,43500,43400,43450,1089,47320000,676,413
251270,2026-05-22,13:55:00,43400,43500,43400,43450,1242,53990000,882,360
251270,2026-05-22,14:00:00,43450,43600,43400,43450,2453,106740000,1326,1127
251270,2026-05-22,14:05:00,43400,43600,43400,43500,2224,96680000,1201,1023
251270,2026-05-22,14:10:00,43500,43500,43400,43500,1462,63520000,654,808
251270,2026-05-22,14:15:00,43450,43600,43400,43600,1705,74140000,515,1190
251270,2026-05-22,14:20:00,43550,43600,43450,43550,1362,59300000,675,687
251270,2026-05-22,14:25:00,43550,43800,43450,43600,7332,320160000,4329,3003
251270,2026-05-22,14:30:00,43650,43650,43550,43650,1415,61700000,756,659
251270,2026-05-22,14:35:00,43600,43700,43550,43600,1796,78330000,770,1026
251270,2026-05-22,14:40:00,43600,43700,43450,43500,1931,84090000,682,1249
251270,2026-05-22,14:45:00,43550,43650,43550,43550,1328,57880000,643,685
251270,2026-05-22,14:50:00,43600,43700,43500,43600,1640,71500000,1017,623
251270,2026-05-22,14:55:00,43650,43700,43500,43600,3796,165430000,1647,2149
251270,2026-05-22,15:00:00,43600,43600,43350,43350,3235,140690000,671,2564
251270,2026-05-22,15:05:00,43350,43500,43200,43300,6982,302350000,770,6212
251270,2026-05-22,15:10:00,43250,43300,43200,43250,1617,69940000,590,1027
251270,2026-05-22,15:15:00,43250,43450,43200,43350,1614,69830000,1091,523
251270,2026-05-22,15:20:00,43350,43550,43250,43350,2838,123130000,2123,715
251270,2026-05-22,15:30:00,43400,43400,43400,43400,5893,255750000,5891,0
251270,2026-05-26,09:05:00,43750,44000,43300,43400,5961,260780000,3841,2120
251270,2026-05-26,09:10:00,43400,43400,43100,43200,8319,359300000,3876,4443
251270,2026-05-26,09:15:00,43200,43400,42900,43000,4427,190860000,793,3634
251270,2026-05-26,09:20:00,43000,43050,42800,43050,4166,178860000,2015,2151
251270,2026-05-26,09:25:00,43100,43400,43050,43300,4227,182650000,2286,1941
251270,2026-05-26,09:30:00,43300,43400,43200,43350,3877,167860000,2442,1435
251270,2026-05-26,09:35:00,43300,43300,42850,42900,4948,213150000,827,4121
251270,2026-05-26,09:40:00,42900,43100,42400,42400,7977,340380000,2942,5035
251270,2026-05-26,09:45:00,42450,42550,42300,42400,6361,269740000,861,5500
251270,2026-05-26,09:50:00,42400,42400,42150,42200,4469,188960000,746,3723
251270,2026-05-26,09:55:00,42250,42350,42150,42150,4073,171900000,1137,2936
251270,2026-05-26,10:00:00,42150,42200,42100,42100,3440,144980000,1185,2255
251270,2026-05-26,10:05:00,42100,42300,42100,42200,3777,159350000,990,2787
251270,2026-05-26,10:10:00,42200,42250,42150,42150,2660,112260000,919,1741
251270,2026-05-26,10:15:00,42150,42300,42150,42300,3119,131630000,1355,1764
251270,2026-05-26,10:20:00,42300,42450,42250,42350,2555,108130000,1172,1383
251270,2026-05-26,10:25:00,42400,42450,42250,42300,2299,97380000,882,1417
251270,2026-05-26,10:30:00,42300,42400,42200,42200,2530,106990000,754,1776
251270,2026-05-26,10:35:00,42250,42300,42100,42150,2459,103690000,881,1578
251270,2026-05-26,10:40:00,42150,42150,41900,41900,5758,242120000,1122,4636
251270,2026-05-26,10:45:00,41900,42000,41850,41950,3027,126890000,733,2294
251270,2026-05-26,10:50:00,41950,42100,41900,41950,3179,133360000,1338,1841
251270,2026-05-26,10:55:00,42000,42200,41950,42100,2578,108420000,1262,1316
251270,2026-05-26,11:00:00,42100,42150,42000,42100,2337,98360000,1047,1290
251270,2026-05-26,11:05:00,42100,42100,42000,42100,1984,83450000,943,1041
251270,2026-05-26,11:10:00,42050,42200,42000,42100,2568,108050000,1158,1410
251270,2026-05-26,11:15:00,42100,42200,42100,42100,3907,164690000,2260,1647
251270,2026-05-26,11:20:00,42050,42200,42050,42100,2420,101870000,937,1483
251270,2026-05-26,11:25:00,42050,42200,42050,42100,2296,96610000,687,1609
251270,2026-05-26,11:30:00,42100,42200,42000,42050,1863,78370000,622,1241
251270,2026-05-26,11:35:00,42050,42250,42050,42150,2348,98930000,1325,1023
251270,2026-05-26,11:40:00,42200,42300,42100,42150,1980,83520000,847,1133
251270,2026-05-26,11:45:00,42150,42250,42050,42200,2525,106440000,1296,1229
251270,2026-05-26,11:50:00,42150,42250,42100,42150,1994,84060000,1010,984
251270,2026-05-26,11:55:00,42150,42250,42100,42200,2430,102480000,1295,1135
251270,2026-05-26,12:00:00,42200,42250,42100,42150,1956,82490000,810,1146
251270,2026-05-26,12:05:00,42150,42300,42150,42200,2441,102970000,1244,1197
251270,2026-05-26,12:10:00,42200,42350,42200,42250,2540,107340000,1192,1348
251270,2026-05-26,12:15:00,42250,42400,42150,42250,2094,88510000,1087,1007
251270,2026-05-26,12:20:00,42250,42350,42200,42250,2082,88000000,861,1221
251270,2026-05-26,12:25:00,42250,42400,42250,42250,2364,100030000,1203,1161
251270,2026-05-26,12:30:00,42300,42400,42250,42350,2334,98750000,890,1444
251270,2026-05-26,12:35:00,42350,42400,42250,42400,2442,103450000,952,1490
251270,2026-05-26,12:40:00,42450,42450,42350,42450,3122,132400000,1855,1267
251270,2026-05-26,12:45:00,42450,42500,42350,42400,2345,99470000,1050,1295
251270,2026-05-26,12:50:00,42450,42450,42300,42400,2549,108000000,1037,1512
251270,2026-05-26,12:55:00,42300,42450,42300,42400,2065,87470000,1109,956
251270,2026-05-26,13:00:00,42400,42400,42300,42300,2416,102270000,1147,1269
251270,2026-05-26,13:05:00,42300,42350,42200,42350,2374,100380000,1199,1175
251270,2026-05-26,13:10:00,42300,42350,42200,42300,2417,102160000,1271,1146
251270,2026-05-26,13:15:00,42250,42350,42200,42350,2323,98190000,985,1338
251270,2026-05-26,13:20:00,42300,42350,42200,42350,2879,121730000,1298,1581
251270,2026-05-26,13:25:00,42250,42300,42200,42200,2634,111250000,1557,1077
251270,2026-05-26,13:30:00,42200,42300,42150,42250,2558,107960000,1274,1284
251270,2026-05-26,13:35:00,42250,42250,42050,42150,2701,113830000,1479,1222
251270,2026-05-26,13:40:00,42150,42250,42050,42050,2435,102570000,841,1594
251270,2026-05-26,13:45:00,42100,42200,42050,42100,2467,103930000,812,1655
251270,2026-05-26,13:50:00,42100,42200,42100,42100,2810,118390000,1688,1122
251270,2026-05-26,13:55:00,42100,42200,42050,42100,2639,111150000,1092,1547
251270,2026-05-26,14:00:00,42100,42250,42100,42150,1983,83620000,1064,919
251270,2026-05-26,14:05:00,42150,42250,42100,42100,3168,133600000,2108,1060
251270,2026-05-26,14:10:00,42150,42300,42100,42200,2559,107970000,1205,1354
251270,2026-05-26,14:15:00,42200,42300,42150,42200,2295,96950000,1122,1173
251270,2026-05-26,14:20:00,42200,42250,42100,42200,2524,106490000,1488,1036
251270,2026-05-26,14:25:00,42200,42200,42100,42150,3174,133770000,963,2211
251270,2026-05-26,14:30:00,42200,42200,42050,42150,2301,96900000,972,1329
251270,2026-05-26,14:35:00,42150,42200,42050,42150,2731,115080000,1624,1107
251270,2026-05-26,14:40:00,42150,42200,42000,42050,2506,105470000,1209,1297
251270,2026-05-26,14:45:00,42050,42200,42050,42150,2440,102750000,1457,983
251270,2026-05-26,14:50:00,42200,42200,42050,42050,2662,112160000,1652,1010
251270,2026-05-26,14:55:00,42100,42250,42050,42100,2233,93960000,977,1256
251270,2026-05-26,15:00:00,42050,42200,42000,42000,2049,86180000,353,1696
251270,2026-05-26,15:05:00,42000,42050,41950,41950,4288,180060000,2157,2131
251270,2026-05-26,15:10:00,41950,42100,41950,42050,2543,106850000,1176,1367
251270,2026-05-26,15:15:00,42100,42150,42000,42100,2317,97420000,1134,1183
251270,2026-05-26,15:20:00,42050,42150,42000,42050,2358,99130000,1384,974
251270,2026-05-26,15:30:00,42000,42000,42000,42000,5238,219990000,5237,0
251270,2026-05-27,09:05:00,42000,42250,41900,42100,4771,200640000,3094,1677
251270,2026-05-27,09:10:00,42100,42200,41550,41600,10870,455170000,4515,6355
251270,2026-05-27,09:15:00,41600,42000,41500,41850,10325,431370000,6899,3426
251270,2026-05-27,09:20:00,41700,42250,41700,41950,4452,187050000,3022,1430
251270,2026-05-27,09:25:00,41950,42250,41950,42250,6352,267880000,3726,2626
251270,2026-05-27,09:30:00,42250,42450,42200,42450,6502,275400000,4281,2221
251270,2026-05-27,09:35:00,42400,42550,42350,42500,4276,181480000,2773,1503
251270,2026-05-27,09:40:00,42500,42500,42300,42350,4087,173170000,2287,1800
251270,2026-05-27,09:45:00,42300,42400,42200,42250,4772,201890000,1003,3769
251270,2026-05-27,09:50:00,42250,42300,41850,42000,3564,149940000,1555,2009
251270,2026-05-27,09:55:00,42000,42100,41900,42050,2065,86740000,1464,601
251270,2026-05-27,10:00:00,42050,42100,41900,42000,5128,215250000,2548,2580
251270,2026-05-27,10:05:00,41900,42250,41900,42100,7406,311400000,6207,1199
251270,2026-05-27,10:10:00,42050,42250,41900,42150,4361,183550000,1780,2581
251270,2026-05-27,10:15:00,42100,42300,42050,42150,1730,72990000,1193,537
251270,2026-05-27,10:20:00,42150,42400,42150,42350,1904,80500000,1284,620
251270,2026-05-27,10:25:00,42350,42400,42150,42200,3799,160630000,2296,1503
251270,2026-05-27,10:30:00,42350,42350,42150,42150,2165,91400000,1319,846
251270,2026-05-27,10:35:00,42150,42250,42100,42150,7768,327180000,1424,6344
251270,2026-05-27,10:40:00,42150,42250,42000,42250,13670,575060000,9844,3826
251270,2026-05-27,10:45:00,42250,42300,42000,42050,4359,183570000,1222,3137
251270,2026-05-27,10:50:00,42050,42250,42050,42200,2229,93970000,1203,1026
251270,2026-05-27,10:55:00,42250,42300,42100,42300,2025,85480000,1145,880
251270,2026-05-27,11:00:00,42250,42300,42000,42050,2544,107240000,1113,1431
251270,2026-05-27,11:05:00,42100,42200,41950,42000,4319,181570000,2556,1763
251270,2026-05-27,11:10:00,42050,42100,41950,42000,2299,96630000,1472,827
251270,2026-05-27,11:15:00,42050,42100,41850,41900,3210,134730000,946,2264
251270,2026-05-27,11:20:00,41950,42050,41850,41850,2522,105750000,871,1651
251270,2026-05-27,11:25:00,41900,41950,41750,41850,3404,142420000,865,2539
251270,2026-05-27,11:30:00,41850,42000,41750,41850,2262,94680000,859,1403
251270,2026-05-27,11:35:00,41850,42000,41750,41850,2502,104720000,1171,1331
251270,2026-05-27,11:40:00,41850,42000,41750,41850,2950,123410000,1332,1618
251270,2026-05-27,11:45:00,41750,42000,41750,41850,2089,87490000,1105,984
251270,2026-05-27,11:50:00,41900,42000,41800,41800,2049,85800000,1042,1007
251270,2026-05-27,11:55:00,41850,42000,41750,41800,2344,98140000,1283,1061
251270,2026-05-27,12:00:00,41800,41950,41800,41850,1865,78070000,1120,745
251270,2026-05-27,12:05:00,41850,41900,41750,41900,2333,97580000,1285,1048
251270,2026-05-27,12:10:00,41850,42000,41800,41950,1828,76560000,1038,790
251270,2026-05-27,12:15:00,41950,42000,41850,41900,1845,77290000,1082,763
251270,2026-05-27,12:20:00,41900,42000,41850,41900,2197,92120000,970,1227
251270,2026-05-27,12:25:00,41900,41950,41800,41900,2191,91760000,1044,1147
251270,2026-05-27,12:30:00,41850,41900,41750,41800,2463,103010000,1056,1407
251270,2026-05-27,12:35:00,41800,41850,41700,41750,4328,180740000,1286,3042
251270,2026-05-27,12:40:00,41750,41850,41650,41750,1701,71030000,705,996
251270,2026-05-27,12:45:00,41800,41850,41650,41750,1886,78730000,863,1023
251270,2026-05-27,12:50:00,41700,41850,41650,41700,2013,84020000,1000,1013
251270,2026-05-27,12:55:00,41700,41700,41450,41500,4914,204200000,1794,3120
251270,2026-05-27,13:00:00,41450,41500,41300,41350,5392,223240000,1925,3467
251270,2026-05-27,13:05:00,41350,41400,41300,41350,3603,148940000,1867,1736
251270,2026-05-27,13:10:00,41400,41450,41300,41450,3418,141450000,1888,1530
251270,2026-05-27,13:15:00,41450,41500,41300,41350,5025,208000000,2184,2841
251270,2026-05-27,13:20:00,41350,41450,41300,41300,3650,150830000,1262,2388
251270,2026-05-27,13:25:00,41300,41350,41000,41150,15781,650730000,2711,13070
251270,2026-05-27,13:30:00,41150,41250,41100,41200,3001,123610000,1960,1041
251270,2026-05-27,13:35:00,41200,41200,41050,41150,5590,229820000,2843,2747
251270,2026-05-27,13:40:00,41150,41200,41050,41100,3626,149130000,2578,1048
251270,2026-05-27,13:45:00,41100,41200,41050,41100,2407,99030000,1698,709
251270,2026-05-27,13:50:00,41150,41200,41050,41150,3180,130780000,2102,1078
251270,2026-05-27,13:55:00,41150,41250,41100,41100,3094,127330000,1537,1557
251270,2026-05-27,14:00:00,41100,41250,41100,41100,2350,96710000,1298,1052
251270,2026-05-27,14:05:00,41150,41200,41050,41150,3331,136940000,1211,2120
251270,2026-05-27,14:10:00,41100,41150,41050,41100,2540,104410000,1356,1184
251270,2026-05-27,14:15:00,41100,41100,41050,41050,3059,125660000,1608,1451
251270,2026-05-27,14:20:00,41050,41200,41000,41100,4625,189910000,3388,1237
251270,2026-05-27,14:25:00,41150,41250,41050,41150,5080,209030000,3463,1617
251270,2026-05-27,14:30:00,41150,41250,41100,41150,3206,132050000,2373,833
251270,2026-05-27,14:35:00,41150,41300,41150,41150,3540,145850000,2150,1390
251270,2026-05-27,14:40:00,41150,41250,41100,41150,3558,146580000,2529,1029
251270,2026-05-27,14:45:00,41150,41350,41150,41300,6227,257170000,5295,932
251270,2026-05-27,14:50:00,41350,41350,41250,41300,2372,98000000,1556,816
251270,2026-05-27,14:55:00,41300,41300,41150,41200,4285,176700000,3275,1010
251270,2026-05-27,15:00:00,41200,41250,41050,41150,4592,188940000,2061,2531
251270,2026-05-27,15:05:00,41150,41300,41100,41250,2307,94970000,1439,868
251270,2026-05-27,15:10:00,41250,41250,41150,41200,3815,157200000,2021,1794
251270,2026-05-27,15:15:00,41200,41250,41150,41200,2842,117070000,2178,664
251270,2026-05-27,15:20:00,41150,41300,41100,41300,6074,249970000,4777,1297
251270,2026-05-27,15:30:00,41250,41250,41250,41250,4243,175020000,4243,0
251270,2026-05-28,09:05:00,41650,42200,41400,42100,10457,437840000,8520,1937
251270,2026-05-28,09:10:00,42150,42300,41900,42150,13647,575780000,9635,4012
251270,2026-05-28,09:15:00,42150,42350,42150,42200,17927,757640000,14722,3205
251270,2026-05-28,09:20:00,42250,42500,42200,42400,6961,295100000,5174,1787
251270,2026-05-28,09:25:00,42400,42600,42300,42350,8570,364010000,5239,3331
251270,2026-05-28,09:30:00,42400,42500,42150,42350,5782,244730000,4255,1527
251270,2026-05-28,09:35:00,42350,42650,42350,42650,8603,366240000,5833,2770
251270,2026-05-28,09:40:00,42650,43000,42500,42950,15151,646530000,10952,4199
251270,2026-05-28,09:45:00,42900,42950,42550,42550,6589,281800000,1781,4808
251270,2026-05-28,09:50:00,42550,42600,42100,42300,5936,251650000,2620,3316
251270,2026-05-28,09:55:00,42300,42350,42000,42100,5921,249760000,3304,2617
251270,2026-05-28,10:00:00,42100,42150,41850,41850,3470,145880000,1769,1701
251270,2026-05-28,10:05:00,41850,42050,41800,41900,5435,227970000,3494,1941
251270,2026-05-28,10:10:00,41900,42000,41850,42000,3516,147430000,2317,1199
251270,2026-05-28,10:15:00,42000,42050,41900,42000,3333,139890000,1931,1402
251270,2026-05-28,10:20:00,42050,42050,41850,41900,2894,121480000,1593,1301
251270,2026-05-28,10:25:00,41900,41900,41650,41750,4765,199000000,1491,3274
251270,2026-05-28,10:30:00,41700,41800,41700,41700,3105,129620000,1772,1333
251270,2026-05-28,10:35:00,41650,41700,41600,41650,2805,116840000,1614,1191
251270,2026-05-28,10:40:00,41650,41700,41600,41700,2942,122530000,2024,918
251270,2026-05-28,10:45:00,41700,41800,41650,41750,2905,121190000,2223,682
251270,2026-05-28,10:50:00,41750,41750,41600,41650,2968,123700000,1626,1342
251270,2026-05-28,10:55:00,41650,41750,41650,41750,2709,113040000,1946,763
251270,2026-05-28,11:00:00,41750,41800,41650,41750,2208,92140000,1310,898
251270,2026-05-28,11:05:00,41750,41850,41700,41800,2886,120600000,1991,895
251270,2026-05-28,11:10:00,41800,41850,41650,41700,2912,121600000,1387,1525
251270,2026-05-28,11:15:00,41700,41750,41550,41600,3406,141920000,1614,1792
251270,2026-05-28,11:20:00,41600,41650,41550,41600,3019,125650000,1951,1068
251270,2026-05-28,11:25:00,41550,41600,41500,41550,2776,115370000,2219,557
251270,2026-05-28,11:30:00,41550,41650,41500,41550,2673,111140000,1569,1104
251270,2026-05-28,11:35:00,41550,41600,41500,41500,2637,109650000,1663,974
251270,2026-05-28,11:40:00,41550,41600,41550,41600,2139,88930000,1457,682
251270,2026-05-28,11:45:00,41550,41550,41400,41450,3553,147420000,1262,2291
251270,2026-05-28,11:50:00,41500,41500,41400,41400,3367,139590000,2261,1106
251270,2026-05-28,11:55:00,41400,41500,41300,41500,4747,196580000,2754,1993
251270,2026-05-28,12:00:00,41450,41500,41350,41400,3441,142670000,1720,1721
251270,2026-05-28,12:05:00,41450,41500,41350,41400,1990,82430000,1041,949
251270,2026-05-28,12:10:00,41450,41500,41350,41450,2007,83220000,1240,767
251270,2026-05-28,12:15:00,41450,41500,41350,41450,2079,86150000,1101,978
251270,2026-05-28,12:20:00,41400,41500,41350,41400,2201,91200000,1031,1170
251270,2026-05-28,12:25:00,41400,41450,41350,41350,2526,104560000,1386,1140
251270,2026-05-28,12:30:00,41400,41450,41250,41300,2625,108520000,933,1692
251270,2026-05-28,12:35:00,41300,41350,41200,41250,3161,130550000,1456,1705
251270,2026-05-28,12:40:00,41300,41350,41100,41150,5259,217020000,2607,2652
251270,2026-05-28,12:45:00,41200,41250,40950,40950,3128,128490000,1358,1770
251270,2026-05-28,12:50:00,41050,41050,40950,41000,2341,96050000,1745,596
251270,2026-05-28,12:55:00,41050,41100,41000,41050,3218,132180000,2514,704
251270,2026-05-28,13:00:00,41050,41100,40850,40900,8279,339190000,4822,3457
251270,2026-05-28,13:05:00,40900,40950,40750,40800,4632,189110000,1292,3340
251270,2026-05-28,13:10:00,40800,40850,40700,40750,2139,87240000,1147,992
251270,2026-05-28,13:15:00,40750,40800,40600,40650,4553,185260000,1979,2574
251270,2026-05-28,13:20:00,40600,40650,40400,40450,3139,127290000,1648,1491
251270,2026-05-28,13:25:00,40400,40500,40350,40400,5355,216400000,2905,2450
251270,2026-05-28,13:30:00,40350,40450,40200,40450,5349,215940000,3122,2227
251270,2026-05-28,13:35:00,40400,40450,40350,40400,2436,98420000,1774,662
251270,2026-05-28,13:40:00,40350,40600,40350,40600,3796,153700000,3410,386
251270,2026-05-28,13:45:00,40550,40600,40500,40600,2500,101440000,1612,888
251270,2026-05-28,13:50:00,40550,40600,40500,40550,2944,119350000,1546,1398
251270,2026-05-28,13:55:00,40550,40600,40500,40600,1562,63390000,1253,309
251270,2026-05-28,14:00:00,40550,40650,40550,40600,2024,82190000,1534,490
251270,2026-05-28,14:05:00,40600,40650,40600,40650,1692,68770000,1458,234
251270,2026-05-28,14:10:00,40650,40850,40600,40850,3119,127040000,2273,846
251270,2026-05-28,14:15:00,40850,40900,40850,40900,1688,69030000,1279,409
251270,2026-05-28,14:20:00,40900,40900,40850,40850,1477,60400000,1272,205
251270,2026-05-28,14:25:00,40900,41000,40900,40950,2951,120900000,1681,1270
251270,2026-05-28,14:30:00,40900,41100,40900,41050,3898,159800000,3042,856
251270,2026-05-28,14:35:00,41100,41250,41050,41250,3237,133210000,2515,722
251270,2026-05-28,14:40:00,41250,41250,41200,41200,2001,82510000,1325,676
251270,2026-05-28,14:45:00,41250,41250,41150,41150,2107,86830000,1458,649
251270,2026-05-28,14:50:00,41150,41250,41100,41150,3148,129680000,2135,1013
251270,2026-05-28,14:55:00,41150,41300,41050,41250,5119,210690000,3631,1488
251270,2026-05-28,15:00:00,41250,41400,41200,41350,4077,168410000,1661,2416
251270,2026-05-28,15:05:00,41350,41450,41300,41450,2490,102970000,1815,675
251270,2026-05-28,15:10:00,41450,41550,41450,41450,3223,133720000,2120,1103
251270,2026-05-28,15:15:00,41450,41600,41450,41550,2598,107860000,1940,658
251270,2026-05-28,15:20:00,41550,41650,41450,41650,3297,136940000,1925,1372
251270,2026-05-28,15:30:00,41550,41550,41550,41550,3685,153120000,3685,0
