ticker,trade_date,trade_time,open_price,high_price,low_price,close_price,volume,turnover,bid_size_total,ask_size_total
010120,2026-01-02,10:05:00,93100,93300,90300,90700,34820,3184070000,2876,4073
010120,2026-01-02,10:10:00,90700,91200,90300,91200,26950,2441360000,2954,2436
010120,2026-01-02,10:15:00,91200,91500,91100,91400,12640,1154620000,1589,939
010120,2026-01-02,10:20:00,91500,91700,91300,91600,18700,1710480000,1590,2150
010120,2026-01-02,10:25:00,91500,93200,91300,93100,16765,1542860000,1858,1495
010120,2026-01-02,10:30:00,92900,94300,92800,93700,34430,3217660000,4933,1953
010120,2026-01-02,10:35:00,93700,95400,93700,95200,52640,4985770000,6573,3955
010120,2026-01-02,10:40:00,95200,95700,94400,94700,31805,3028030000,3290,3071
010120,2026-01-02,10:45:00,94700,94900,94500,94800,8730,826940000,984,762
010120,2026-01-02,10:50:00,94800,95100,94600,94700,13220,1254680000,1368,1276
010120,2026-01-02,10:55:00,94700,95400,94500,95200,21500,2044460000,2773,1527
010120,2026-01-02,11:00:00,95100,95700,95100,95600,21230,2027060000,2914,1332
010120,2026-01-02,11:05:00,95600,95800,95300,95600,18645,1782140000,2507,1222
010120,2026-01-02,11:10:00,95500,95800,95200,95200,11340,1083330000,1452,816
010120,2026-01-02,11:15:00,95200,95400,95000,95100,5105,485860000,290,731
010120,2026-01-02,11:20:00,95100,95200,95000,95100,7130,678200000,848,578
010120,2026-01-02,11:25:00,95100,95200,94900,95100,5835,554660000,540,627
010120,2026-01-02,11:30:00,95100,95400,95000,95200,5835,555440000,610,557
010120,2026-01-02,11:35:00,95200,95500,95200,95400,4685,446870000,612,325
010120,2026-01-02,11:40:00,95500,95800,95400,95600,13500,1291550000,1912,788
010120,2026-01-02,11:45:00,95600,95700,95200,95400,3615,345120000,356,367
010120,2026-01-02,11:50:00,95400,95500,95300,95300,4650,443450000,414,516
010120,2026-01-02,11:55:00,95300,95400,95300,95300,2795,266500000,282,277
010120,2026-01-02,12:00:00,95400,95600,95300,95500,6085,580830000,703,514
010120,2026-01-02,12:05:00,95400,95600,95300,95500,4310,411680000,421,441
010120,2026-01-02,12:10:00,95500,95800,95500,95800,8755,837500000,1295,456
010120,2026-01-02,12:15:00,95800,95800,95600,95700,3485,333550000,266,431
010120,2026-01-02,12:20:00,95700,95800,95700,95800,4070,389610000,222,592
010120,2026-01-02,12:25:00,95700,96000,95700,96000,18740,1796680000,3111,637
010120,2026-01-02,12:30:00,95900,96000,95600,95700,5975,572420000,498,697
010120,2026-01-02,12:35:00,95800,96000,95800,96000,5755,551800000,805,346
010120,2026-01-02,12:40:00,96000,96100,95900,96000,17165,1647800000,2595,838
010120,2026-01-02,12:45:00,96000,96100,95900,96100,4230,406090000,460,386
010120,2026-01-02,12:50:00,96000,96100,95900,95900,4060,389660000,534,278
010120,2026-01-02,12:55:00,95900,96200,95900,96200,14790,1421320000,2325,633
010120,2026-01-02,13:00:00,96100,96600,96000,96500,12465,1200550000,1960,533
010120,2026-01-02,13:05:00,96500,96900,96400,96500,24780,2396480000,3689,1267
010120,2026-01-02,13:10:00,96500,96800,96400,96700,4890,472210000,487,491
010120,2026-01-02,13:15:00,96800,97400,96600,97300,26245,2545590000,4218,1031
010120,2026-01-02,13:20:00,97400,98400,97400,97600,35490,3471320000,4750,2348
010120,2026-01-02,13:25:00,97600,97700,97200,97500,15825,1541570000,1801,1364
010120,2026-01-02,13:30:00,97600,97600,97500,97500,5790,564900000,674,484
010120,2026-01-02,13:35:00,97600,98000,97400,97900,14925,1457850000,2238,747
010120,2026-01-02,13:40:00,97900,97900,97500,97600,8540,834580000,916,792
010120,2026-01-02,13:45:00,97600,98300,97600,98300,19865,1946940000,2746,1227
010120,2026-01-02,13:50:00,98200,98400,98000,98300,20010,1964300000,2235,1767
010120,2026-01-02,13:55:00,98400,98700,98300,98500,24835,2445790000,3363,1604
010120,2026-01-02,14:00:00,98500,99000,98400,99000,29715,2934100000,4282,1661
010120,2026-01-02,14:05:00,98900,99000,98500,98600,14800,1462550000,1232,1728
010120,2026-01-02,14:10:00,98600,98800,98400,98700,10140,999480000,956,1072
010120,2026-01-02,14:15:00,98600,99000,98600,98800,13635,1347940000,1424,1303
010120,2026-01-02,14:20:00,98800,99000,98700,98900,12545,1240340000,1712,797
010120,2026-01-02,14:25:00,99000,99100,98900,99100,18640,1845060000,2597,1131
010120,2026-01-02,14:30:00,99000,99300,98800,99100,17320,1716440000,2016,1448
010120,2026-01-02,14:35:00,99000,99600,98800,99600,24500,2432020000,4149,751
010120,2026-01-02,14:40:00,99600,99800,99200,99600,22535,2243410000,2071,2436
010120,2026-01-02,14:45:00,99600,99800,99200,99500,17025,1694030000,2053,1352
010120,2026-01-02,14:50:00,99500,99500,99100,99200,12965,1287370000,1405,1188
010120,2026-01-02,14:55:00,99300,99400,99100,99200,13950,1384770000,1626,1164
010120,2026-01-02,15:00:00,99300,99300,98900,99100,14145,1401540000,1578,1251
010120,2026-01-02,15:05:00,99100,99100,98700,98750,16240,1605720000,1378,1870
010120,2026-01-02,15:10:00,98700,98800,98300,98600,22230,2190910000,2601,1845
010120,2026-01-02,15:15:00,98600,98700,98200,98400,13180,1298040000,1328,1308
010120,2026-01-02,15:20:00,98300,98400,98000,98100,16930,1662740000,1890,1496
010120,2026-01-02,15:30:00,98500,98500,98500,98500,31835,3135740000,6354,0
010120,2026-01-05,09:05:00,98300,101000,97200,99900,58660,5804550000,7428,4303
010120,2026-01-05,09:10:00,99850,100000,99200,99300,29345,2921970000,2461,3408
010120,2026-01-05,09:15:00,99300,100600,99300,99900,30440,3045220000,3387,2701
010120,2026-01-05,09:20:00,100000,101000,99700,100800,24500,2458270000,3744,1156
010120,2026-01-05,09:25:00,100800,101000,100200,100600,27015,2719260000,2595,2808
010120,2026-01-05,09:30:00,100600,101000,100200,100200,35340,3561670000,5176,1892
010120,2026-01-05,09:35:00,100400,100800,99500,99500,18435,1844640000,919,2768
010120,2026-01-05,09:40:00,99600,99800,99100,99500,21290,2116100000,1854,2404
010120,2026-01-05,09:45:00,99500,99900,99100,99900,17935,1785120000,1795,1792
010120,2026-01-05,09:50:00,99900,100000,99250,99800,13230,1317590000,1249,1397
010120,2026-01-05,09:55:00,99800,99900,99400,99400,9405,937190000,598,1283
010120,2026-01-05,10:00:00,99500,99600,99200,99600,10840,1077280000,982,1186
010120,2026-01-05,10:05:00,99600,100000,99400,99500,8900,887650000,1011,769
010120,2026-01-05,10:10:00,99500,99600,99100,99500,9425,935580000,628,1257
010120,2026-01-05,10:15:00,99500,100400,99200,100100,17935,1790030000,2663,924
010120,2026-01-05,10:20:00,100000,100400,99900,100000,7560,757370000,823,689
010120,2026-01-05,10:25:00,100000,100600,100000,100400,9750,978740000,1372,578
010120,2026-01-05,10:30:00,100400,101000,100400,101000,17890,1803030000,2590,988
010120,2026-01-05,10:35:00,101000,101400,100400,101200,27050,2732960000,3805,1605
010120,2026-01-05,10:40:00,101200,101200,100800,101000,7080,714950000,729,687
010120,2026-01-05,10:45:00,101000,101000,100600,100600,6210,626170000,526,716
010120,2026-01-05,10:50:00,100800,100800,100400,100600,5565,560340000,587,526
010120,2026-01-05,10:55:00,100600,100800,100400,100800,3840,386320000,552,216
010120,2026-01-05,11:00:00,100800,101000,100600,100800,5810,585530000,748,414
010120,2026-01-05,11:05:00,100600,100800,100600,100600,6875,692480000,863,512
010120,2026-01-05,11:10:00,100800,100800,100400,100400,6615,666040000,644,679
010120,2026-01-05,11:15:00,100600,100800,100200,100400,5090,511490000,281,737
010120,2026-01-05,11:20:00,100200,100600,100200,100400,3125,313850000,297,328
010120,2026-01-05,11:25:00,100400,100600,100000,100400,6845,686020000,446,923
010120,2026-01-05,11:30:00,100200,100200,100000,100000,1715,171640000,155,188
010120,2026-01-05,11:35:00,100000,100400,100000,100000,4575,458180000,654,261
010120,2026-01-05,11:40:00,100200,100200,100000,100200,2840,284230000,219,349
010120,2026-01-05,11:45:00,100000,100400,99900,100000,6405,641060000,653,628
010120,2026-01-05,11:50:00,100200,100200,100000,100200,4810,481430000,439,523
010120,2026-01-05,11:55:00,100000,100400,100000,100000,5020,502900000,563,441
010120,2026-01-05,12:00:00,100100,100400,100000,100200,4585,459020000,516,401
010120,2026-01-05,12:05:00,100000,100400,100000,100200,3300,330530000,459,201
010120,2026-01-05,12:10:00,100200,100400,100000,100200,5445,546010000,937,152
010120,2026-01-05,12:15:00,100200,100400,100200,100400,2325,233210000,256,209
010120,2026-01-05,12:20:00,100400,100400,100200,100200,2715,272200000,161,382
010120,2026-01-05,12:25:00,100200,100400,100200,100400,2395,240220000,254,225
010120,2026-01-05,12:30:00,100200,100400,100000,100100,5855,586540000,522,649
010120,2026-01-05,12:35:00,100100,100400,100000,100200,3150,315690000,284,346
010120,2026-01-05,12:40:00,100200,100400,100200,100400,5050,506220000,218,792
010120,2026-01-05,12:45:00,100200,100400,100000,100200,3975,398120000,336,459
010120,2026-01-05,12:50:00,100000,100200,99700,99800,11310,1130080000,883,1379
010120,2026-01-05,12:55:00,99800,99900,99600,99900,4745,473180000,325,624
010120,2026-01-05,13:00:00,99700,100000,99700,99800,3560,355380000,510,202
010120,2026-01-05,13:05:00,99800,100000,99700,99800,6280,627150000,563,693
010120,2026-01-05,13:10:00,99800,99900,99800,99900,5090,508360000,757,261
010120,2026-01-05,13:15:00,99900,100000,99800,100000,4905,490190000,622,359
010120,2026-01-05,13:20:00,100000,100400,99900,100200,13510,1352370000,2360,342
010120,2026-01-05,13:25:00,100200,100400,100000,100200,6790,680700000,402,956
010120,2026-01-05,13:30:00,100000,100800,100000,100600,13185,1323280000,1918,719
010120,2026-01-05,13:35:00,100600,101000,100600,100800,16965,1711390000,2858,535
010120,2026-01-05,13:40:00,100800,101200,100800,101000,18710,1889040000,2541,1201
010120,2026-01-05,13:45:00,100800,101200,100800,100800,7160,722900000,1052,380
010120,2026-01-05,13:50:00,100800,101000,100800,100800,5160,520740000,616,416
010120,2026-01-05,13:55:00,100800,101200,100800,101200,7920,799920000,1269,315
010120,2026-01-05,14:00:00,101000,101400,101000,101400,21780,2202900000,3171,1185
010120,2026-01-05,14:05:00,101400,101400,101000,101200,7935,803250000,782,805
010120,2026-01-05,14:10:00,101200,101400,101000,101000,6655,673220000,1061,270
010120,2026-01-05,14:15:00,101200,101200,101000,101000,5420,547880000,477,607
010120,2026-01-05,14:20:00,101000,101200,101000,101200,5280,533670000,387,669
010120,2026-01-05,14:25:00,101000,101200,101000,101000,5520,557910000,383,721
010120,2026-01-05,14:30:00,101100,101200,100800,101000,10265,1036420000,710,1343
010120,2026-01-05,14:35:00,100800,101200,100800,101000,5050,509970000,793,217
010120,2026-01-05,14:40:00,101000,101400,101000,101400,25945,2626840000,4485,704
010120,2026-01-05,14:45:00,101400,101400,101200,101400,8510,862520000,1303,399
010120,2026-01-05,14:50:00,101400,101800,101200,101600,40850,4147210000,7243,927
010120,2026-01-05,14:55:00,101600,102000,101600,101600,20595,2095850000,2537,1582
010120,2026-01-05,15:00:00,101800,101800,101200,101200,19435,1973470000,1764,2123
010120,2026-01-05,15:05:00,101200,101400,101200,101400,7960,806420000,862,730
010120,2026-01-05,15:10:00,101400,101600,101200,101400,10195,1033160000,1332,707
010120,2026-01-05,15:15:00,101400,101600,101200,101600,13535,1372280000,1173,1534
010120,2026-01-05,15:20:00,101400,101800,101400,101600,15705,1594570000,2075,1066
010120,2026-01-05,15:30:00,101600,101600,101600,101600,39725,4036060000,7736,0
010120,2026-01-06,09:05:00,101200,101400,95100,95400,150950,14702910000,10564,19626
010120,2026-01-06,09:10:00,95300,96100,94600,96000,102515,9764950000,7528,12975
010120,2026-01-06,09:15:00,96000,96200,95000,95200,74815,7146690000,4276,10687
010120,2026-01-06,09:20:00,95200,95300,94300,94400,102340,9694420000,4736,15732
010120,2026-01-06,09:25:00,94400,94700,93700,93900,101250,9534580000,5489,14761
010120,2026-01-06,09:30:00,93800,94700,93600,94700,69325,6512790000,4022,9843
010120,2026-01-06,09:35:00,94700,95500,94600,95300,33695,3202780000,3846,2893
010120,2026-01-06,09:40:00,95300,96000,95200,95900,33455,3198950000,4095,2596
010120,2026-01-06,09:45:00,95800,96100,95400,95900,40710,3896570000,3093,5049
010120,2026-01-06,09:50:00,96000,96100,95500,95700,28275,2706550000,2650,3005
010120,2026-01-06,09:55:00,95700,95800,95400,95500,19860,1898720000,1891,2081
010120,2026-01-06,10:00:00,95600,95600,95400,95400,17280,1649760000,1438,2018
010120,2026-01-06,10:05:00,95500,95900,95200,95700,27805,2655340000,2159,3402
010120,2026-01-06,10:10:00,95700,96100,95600,96000,16525,1583350000,1913,1392
010120,2026-01-06,10:15:00,96100,96100,95700,95900,17390,1668690000,1606,1872
010120,2026-01-06,10:20:00,95900,96000,95700,95800,12055,1155810000,1026,1385
010120,2026-01-06,10:25:00,95900,96000,95800,95900,9350,896740000,866,1004
010120,2026-01-06,10:30:00,96000,96000,95800,95900,11375,1090870000,938,1337
010120,2026-01-06,10:35:00,95900,96600,95800,96500,21185,2037060000,2478,1759
010120,2026-01-06,10:40:00,96600,97000,96400,97000,22270,2154290000,2632,1822
010120,2026-01-06,10:45:00,97000,97300,96800,97000,19975,1938740000,2371,1624
010120,2026-01-06,10:50:00,97100,97200,96800,97000,17020,1649960000,1385,2019
010120,2026-01-06,10:55:00,96900,97500,96900,97300,25215,2451500000,2646,2397
010120,2026-01-06,11:00:00,97300,97700,97200,97500,9185,894440000,1236,601
010120,2026-01-06,11:05:00,97600,97700,97300,97400,14110,1375140000,990,1832
010120,2026-01-06,11:10:00,97500,97600,97300,97400,8320,810840000,936,728
010120,2026-01-06,11:15:00,97500,97600,97400,97500,10340,1008190000,903,1165
010120,2026-01-06,11:20:00,97500,97600,97400,97500,6480,631730000,621,675
010120,2026-01-06,11:25:00,97500,97800,97450,97700,8490,828780000,1135,563
010120,2026-01-06,11:30:00,97700,98100,97600,98100,17110,1674330000,2072,1350
010120,2026-01-06,11:35:00,98100,98100,97600,97600,9985,977650000,635,1362
010120,2026-01-06,11:40:00,97700,97700,97200,97200,15365,1496100000,797,2276
010120,2026-01-06,11:45:00,97200,97800,97100,97800,10295,1002700000,1325,734
010120,2026-01-06,11:50:00,97600,97900,97500,97700,4955,484350000,557,434
010120,2026-01-06,11:55:00,97800,98100,97700,98100,7140,699360000,882,546
010120,2026-01-06,12:00:00,98000,98100,97800,97900,5420,530490000,543,541
010120,2026-01-06,12:05:00,97900,97900,97800,97900,5145,503460000,564,465
010120,2026-01-06,12:10:00,97800,98200,97800,98200,10520,1031530000,1380,724
010120,2026-01-06,12:15:00,98200,98400,98100,98200,14235,1398570000,1469,1378
010120,2026-01-06,12:20:00,98200,98200,97900,97900,7515,736200000,629,874
010120,2026-01-06,12:25:00,97900,98100,97800,97800,7100,694950000,398,1022
010120,2026-01-06,12:30:00,97800,98000,97700,97900,5600,548010000,613,507
010120,2026-01-06,12:35:00,97900,98000,97700,97700,5930,580070000,527,659
010120,2026-01-06,12:40:00,97700,97800,97700,97700,5195,507810000,531,508
010120,2026-01-06,12:45:00,97800,98000,97700,97900,7950,777770000,789,801
010120,2026-01-06,12:50:00,97900,97900,97800,97800,5060,495120000,498,514
010120,2026-01-06,12:55:00,97900,98000,97800,97900,8370,819250000,836,838
010120,2026-01-06,13:00:00,98000,98200,97800,98200,11825,1159770000,1860,505
010120,2026-01-06,13:05:00,98200,98200,98100,98100,6230,611570000,797,449
010120,2026-01-06,13:10:00,98100,98200,97800,97900,10670,1046100000,791,1343
010120,2026-01-06,13:15:00,98000,98200,97900,98100,6655,652390000,794,537
010120,2026-01-06,13:20:00,98100,98500,98100,98400,12885,1267110000,1704,873
010120,2026-01-06,13:25:00,98300,98500,98200,98400,7215,709910000,772,671
010120,2026-01-06,13:30:00,98500,98800,98400,98700,17400,1715180000,1921,1559
010120,2026-01-06,13:35:00,98700,98800,98400,98400,12805,1262580000,1151,1410
010120,2026-01-06,13:40:00,98400,98500,98100,98300,9575,941350000,728,1187
010120,2026-01-06,13:45:00,98200,98300,98000,98200,9170,899570000,793,1041
010120,2026-01-06,13:50:00,98200,98300,97900,98100,11910,1168450000,1008,1374
010120,2026-01-06,13:55:00,98200,98200,97900,97900,11840,1160670000,761,1607
010120,2026-01-06,14:00:00,97900,98000,97700,97900,10245,1002760000,721,1328
010120,2026-01-06,14:05:00,97900,98000,97500,97700,11520,1125350000,615,1689
010120,2026-01-06,14:10:00,97700,97800,97500,97700,14120,1377320000,871,1953
010120,2026-01-06,14:15:00,97600,98100,97500,98000,7370,721480000,851,623
010120,2026-01-06,14:20:00,98000,98100,97900,97900,6665,653310000,591,742
010120,2026-01-06,14:25:00,98000,98000,97600,97900,9485,927980000,1019,878
010120,2026-01-06,14:30:00,98000,98100,97800,97900,5895,577350000,599,580
010120,2026-01-06,14:35:00,97900,98000,97800,97800,7495,733760000,638,861
010120,2026-01-06,14:40:00,97800,97900,97500,97600,11335,1107290000,1027,1240
010120,2026-01-06,14:45:00,97700,97800,97500,97700,6745,658800000,648,701
010120,2026-01-06,14:50:00,97700,97800,97500,97600,8820,861300000,806,958
010120,2026-01-06,14:55:00,97500,97900,97500,97900,9790,955900000,1084,874
010120,2026-01-06,15:00:00,97900,97900,97600,97800,8255,806640000,742,909
010120,2026-01-06,15:05:00,97700,98300,97700,98300,9445,925670000,1475,414
010120,2026-01-06,15:10:00,98200,98300,98000,98200,6725,660420000,604,741
010120,2026-01-06,15:15:00,98200,98300,98100,98200,9310,914550000,1217,645
010120,2026-01-06,15:20:00,98200,98400,98000,98200,8860,870200000,722,1050
010120,2026-01-06,15:30:00,98400,98400,98400,98400,39100,3847440000,7793,0
010120,2026-01-07,09:05:00,97600,98300,97000,97300,60830,5939800000,6318,5848
010120,2026-01-07,09:10:00,97300,97400,96800,97000,45085,4375980000,2901,6116
010120,2026-01-07,09:15:00,97000,97000,96000,96500,51800,4996080000,2554,7806
010120,2026-01-07,09:20:00,96600,96600,96300,96600,21420,2066350000,1616,2668
010120,2026-01-07,09:25:00,96700,97200,96400,96400,21185,2049730000,1417,2820
010120,2026-01-07,09:30:00,96400,96400,96000,96100,20595,1980640000,1075,3044
010120,2026-01-07,09:35:00,96100,96500,96100,96300,15465,1488090000,1228,1865
010120,2026-01-07,09:40:00,96300,96300,95900,96100,25670,2465590000,663,4471
010120,2026-01-07,09:45:00,96100,96200,95800,96100,13925,1335690000,808,1977
010120,2026-01-07,09:50:00,96100,96500,95900,96500,14050,1351670000,1498,1312
010120,2026-01-07,09:55:00,96500,96800,96200,96300,11020,1063010000,987,1217
010120,2026-01-07,10:00:00,96200,96300,95800,95800,12665,1216430000,651,1882
010120,2026-01-07,10:05:00,95900,96400,95800,95900,14335,1375800000,1099,1768
010120,2026-01-07,10:10:00,95900,96000,95800,96000,8685,832620000,732,1005
010120,2026-01-07,10:15:00,95900,96000,95800,95800,5920,567330000,196,988
010120,2026-01-07,10:20:00,95900,96100,95800,96100,10055,963850000,927,1084
010120,2026-01-07,10:25:00,96100,96400,95900,96200,6160,592640000,656,576
010120,2026-01-07,10:30:00,96100,96500,96000,96500,7380,710530000,712,764
010120,2026-01-07,10:35:00,96400,97300,96400,97200,18215,1765480000,2373,1270
010120,2026-01-07,10:40:00,97200,97300,96800,96800,10005,971850000,915,1086
010120,2026-01-07,10:45:00,96800,96900,96200,96300,8195,790800000,461,1178
010120,2026-01-07,10:50:00,96300,96300,96100,96200,7150,687590000,280,1150
010120,2026-01-07,10:55:00,96200,96500,96000,96300,7645,735930000,662,867
010120,2026-01-07,11:00:00,96300,96400,96100,96300,5575,536390000,293,822
010120,2026-01-07,11:05:00,96300,96300,96000,96200,7000,672970000,309,1091
010120,2026-01-07,11:10:00,96200,96300,96100,96300,6385,613970000,299,978
010120,2026-01-07,11:15:00,96300,96400,96200,96400,4320,415930000,348,516
010120,2026-01-07,11:20:00,96400,96400,96200,96300,3425,329870000,332,353
010120,2026-01-07,11:25:00,96400,96500,96200,96200,4365,420350000,241,632
010120,2026-01-07,11:30:00,96200,96300,96100,96300,9635,926200000,804,1123
010120,2026-01-07,11:35:00,96200,96400,96100,96100,3245,312110000,268,381
010120,2026-01-07,11:40:00,96200,96400,96100,96300,4070,391720000,568,246
010120,2026-01-07,11:45:00,96300,96400,96100,96200,3940,379070000,229,559
010120,2026-01-07,11:50:00,96200,96400,96200,96300,5000,481380000,136,864
010120,2026-01-07,11:55:00,96400,96400,96200,96300,2245,216180000,180,269
010120,2026-01-07,12:00:00,96300,96500,96200,96500,4290,413350000,652,206
010120,2026-01-07,12:05:00,96500,96600,96300,96400,4280,412910000,333,523
010120,2026-01-07,12:10:00,96400,96600,96300,96500,2745,264730000,219,330
010120,2026-01-07,12:15:00,96600,96600,96300,96400,4005,386260000,275,526
010120,2026-01-07,12:20:00,96300,96500,96300,96400,4245,408970000,202,647
010120,2026-01-07,12:25:00,96300,96600,96300,96500,4390,423450000,448,430
010120,2026-01-07,12:30:00,96500,96700,96400,96700,3625,350150000,462,263
010120,2026-01-07,12:35:00,96700,96800,96500,96600,2650,256100000,306,224
010120,2026-01-07,12:40:00,96500,96700,96500,96500,4000,386270000,390,410
010120,2026-01-07,12:45:00,96500,96600,96400,96500,4005,386340000,285,516
010120,2026-01-07,12:50:00,96400,96500,96300,96400,10455,1007980000,256,1835
010120,2026-01-07,12:55:00,96300,96400,96100,96100,10445,1004830000,112,1977
010120,2026-01-07,13:00:00,96100,96200,95900,95900,23610,2266920000,711,4011
010120,2026-01-07,13:05:00,96000,96000,95400,95400,32755,3132710000,1128,5423
010120,2026-01-07,13:10:00,95500,95500,95000,95100,29205,2781300000,1286,4555
010120,2026-01-07,13:15:00,95100,95300,94900,94900,26295,2499570000,1416,3843
010120,2026-01-07,13:20:00,94900,95000,94800,94900,11730,1113480000,710,1636
010120,2026-01-07,13:25:00,94800,94900,94400,94500,33850,3200970000,3761,3009
010120,2026-01-07,13:30:00,94500,94800,94500,94600,9215,872110000,934,909
010120,2026-01-07,13:35:00,94500,95100,94500,95000,8675,822860000,940,795
010120,2026-01-07,13:40:00,95000,95600,94900,95600,11930,1134680000,2003,383
010120,2026-01-07,13:45:00,95600,95600,95400,95600,2990,285620000,243,355
010120,2026-01-07,13:50:00,95500,95700,95400,95600,4660,445250000,442,490
010120,2026-01-07,13:55:00,95500,95600,95400,95400,4530,432440000,206,700
010120,2026-01-07,14:00:00,95400,95500,95300,95300,4200,400500000,146,694
010120,2026-01-07,14:05:00,95300,95400,95200,95300,4345,413860000,263,606
010120,2026-01-07,14:10:00,95200,95300,95000,95200,8455,804420000,340,1351
010120,2026-01-07,14:15:00,95200,95400,95100,95200,8165,777350000,794,839
010120,2026-01-07,14:20:00,95200,95300,95000,95000,6560,624030000,449,863
010120,2026-01-07,14:25:00,95100,95200,95000,95100,5610,533310000,450,672
010120,2026-01-07,14:30:00,95100,95200,95000,95100,7140,678890000,430,998
010120,2026-01-07,14:35:00,95100,95200,95000,95100,5445,517910000,354,735
010120,2026-01-07,14:40:00,95100,95100,94900,94900,7120,676390000,330,1094
010120,2026-01-07,14:45:00,95000,95100,94800,94800,8715,827160000,345,1398
010120,2026-01-07,14:50:00,94800,94900,94700,94700,10480,993250000,559,1537
010120,2026-01-07,14:55:00,94700,94700,94600,94600,9800,927530000,754,1206
010120,2026-01-07,15:00:00,94600,94700,94600,94700,12280,1162070000,766,1690
010120,2026-01-07,15:05:00,94600,94800,94600,94700,10810,1023590000,1245,917
010120,2026-01-07,15:10:00,94800,95000,94700,95000,8685,823550000,998,739
010120,2026-01-07,15:15:00,95000,95300,94900,95300,7530,716350000,957,549
010120,2026-01-07,15:20:00,95200,95300,95100,95100,6695,637150000,558,781
010120,2026-01-07,15:30:00,95100,95100,95100,95100,35985,3422170000,7181,0
010120,2026-01-08,09:05:00,95100,95800,94600,95200,13610,1293540000,1468,1254
010120,2026-01-08,09:10:00,95200,95400,94900,95200,8955,851970000,774,1017
010120,2026-01-08,09:15:00,95200,95700,95000,95400,9365,893210000,725,1148
010120,2026-01-08,09:20:00,95300,95800,95200,95600,18860,1801820000,1945,1827
010120,2026-01-08,09:25:00,95600,96100,95400,96000,15390,1474490000,1801,1277
010120,2026-01-08,09:30:00,96000,96200,95800,95900,17760,1705280000,1290,2262
010120,2026-01-08,09:35:00,95900,96100,95500,96000,14280,1367530000,960,1896
010120,2026-01-08,09:40:00,95900,96200,95900,96200,8285,796310000,1223,434
010120,2026-01-08,09:45:00,96200,96800,96100,96300,27140,2619150000,3273,2155
010120,2026-01-08,09:50:00,96300,96600,96300,96500,5650,545110000,434,696
010120,2026-01-08,09:55:00,96400,96600,96000,96000,14670,1412060000,645,2289
010120,2026-01-08,10:00:00,96000,96000,95700,95800,9445,905670000,805,1084
010120,2026-01-08,10:05:00,95800,96100,95700,96000,9105,873550000,1032,789
010120,2026-01-08,10:10:00,96000,96000,95300,95300,18015,1721500000,1636,1967
010120,2026-01-08,10:15:00,95400,95600,95200,95600,12630,1204760000,1234,1292
010120,2026-01-08,10:20:00,95600,95700,95100,95400,21840,2081090000,2335,2033
010120,2026-01-08,10:25:00,95400,95600,95300,95400,5890,562380000,602,576
010120,2026-01-08,10:30:00,95500,95600,95100,95200,9715,926100000,653,1290
010120,2026-01-08,10:35:00,95400,95400,95000,95100,18995,1807040000,2248,1551
010120,2026-01-08,10:40:00,95100,95300,94900,95100,18965,1802830000,1314,2479
010120,2026-01-08,10:45:00,95100,95200,94900,94900,5410,514430000,221,861
010120,2026-01-08,10:50:00,94900,95000,94700,94800,15070,1428840000,626,2388
010120,2026-01-08,10:55:00,94700,94900,94700,94700,5250,497490000,332,718
010120,2026-01-08,11:00:00,94800,95000,94700,94900,4535,430080000,461,446
010120,2026-01-08,11:05:00,94900,94900,94500,94600,12075,1143420000,762,1653
010120,2026-01-08,11:10:00,94600,94800,94600,94700,3695,349740000,280,459
010120,2026-01-08,11:15:00,94700,94800,94400,94400,10660,1008030000,468,1664
010120,2026-01-08,11:20:00,94500,94700,94400,94600,14340,1354900000,1824,1044
010120,2026-01-08,11:25:00,94700,94800,94600,94600,3875,366680000,205,570
010120,2026-01-08,11:30:00,94600,94700,94500,94600,4575,432800000,156,759
010120,2026-01-08,11:35:00,94600,94800,94500,94800,4135,391320000,483,344
010120,2026-01-08,11:40:00,94700,94900,94700,94900,5970,566220000,463,731
010120,2026-01-08,11:45:00,94800,94900,94700,94700,9570,907190000,835,1079
010120,2026-01-08,11:50:00,94600,94700,94500,94700,5690,538390000,320,818
010120,2026-01-08,11:55:00,94700,94900,94500,94600,5640,533940000,212,916
010120,2026-01-08,12:00:00,94600,94800,94500,94600,3855,364820000,282,489
010120,2026-01-08,12:05:00,94500,94900,94500,94900,3255,308420000,258,393
010120,2026-01-08,12:10:00,94800,95100,94800,95100,3190,302830000,276,362
010120,2026-01-08,12:15:00,95100,95600,95000,95600,9795,933970000,1532,427
010120,2026-01-08,12:20:00,95600,95600,95500,95600,5915,565220000,698,485
010120,2026-01-08,12:25:00,95600,95800,95500,95700,8200,784150000,1238,402
010120,2026-01-08,12:30:00,95800,96300,95600,96200,16445,1577840000,2198,1091
010120,2026-01-08,12:35:00,96100,96400,96100,96100,10955,1053990000,937,1254
010120,2026-01-08,12:40:00,96200,96300,95800,95900,7145,686210000,541,888
010120,2026-01-08,12:45:00,96000,96000,95700,95800,6725,644590000,659,686
010120,2026-01-08,12:50:00,95900,96200,95600,96100,13030,1248180000,1607,999
010120,2026-01-08,12:55:00,96000,96400,96000,96400,12305,1184950000,1290,1171
010120,2026-01-08,13:00:00,96300,96400,96100,96200,6890,663330000,426,952
010120,2026-01-08,13:05:00,96200,96300,96000,96200,4550,437310000,417,493
010120,2026-01-08,13:10:00,96200,96800,96200,96600,20400,1969560000,3230,850
010120,2026-01-08,13:15:00,96700,96800,96300,96500,29865,2886760000,2661,3312
010120,2026-01-08,13:20:00,96500,96700,96400,96600,12585,1214950000,977,1540
010120,2026-01-08,13:25:00,96600,96800,96600,96700,9985,965270000,1261,736
010120,2026-01-08,13:30:00,96800,96900,96700,96900,9825,951000000,1312,653
010120,2026-01-08,13:35:00,96900,96900,96700,96700,13875,1343510000,1297,1478
010120,2026-01-08,13:40:00,96800,96900,96700,96900,8095,783540000,1233,386
010120,2026-01-08,13:45:00,96800,97000,96800,96900,12210,1183300000,1491,951
010120,2026-01-08,13:50:00,96900,97000,96800,96900,17575,1703890000,2774,741
010120,2026-01-08,13:55:00,96900,97000,96800,96900,8560,829600000,594,1118
010120,2026-01-08,14:00:00,96800,96900,96800,96800,4770,462010000,560,394
010120,2026-01-08,14:05:00,96800,97000,96700,96900,8810,853280000,816,946
010120,2026-01-08,14:10:00,96900,97000,96900,96900,6770,656270000,553,801
010120,2026-01-08,14:15:00,96900,97100,96900,97000,10650,1033040000,1142,988
010120,2026-01-08,14:20:00,97000,97100,96900,97000,7390,717170000,768,710
010120,2026-01-08,14:25:00,97100,97300,97000,97200,12445,1209350000,1983,506
010120,2026-01-08,14:30:00,97200,97200,97000,97200,9510,923610000,1221,681
010120,2026-01-08,14:35:00,97100,97200,96800,96900,8030,779250000,584,1022
010120,2026-01-08,14:40:00,96800,97000,96800,96800,6210,601650000,517,725
010120,2026-01-08,14:45:00,96900,96900,96600,96600,12285,1188510000,585,1872
010120,2026-01-08,14:50:00,96700,96700,96600,96600,6465,624790000,539,754
010120,2026-01-08,14:55:00,96600,96700,96400,96400,12005,1158860000,1050,1351
010120,2026-01-08,15:00:00,96500,96500,96200,96200,13185,1270300000,1296,1341
010120,2026-01-08,15:05:00,96200,96400,96200,96400,7855,756500000,803,768
010120,2026-01-08,15:10:00,96300,96500,96200,96400,8710,839310000,961,781
010120,2026-01-08,15:15:00,96300,96400,96200,96200,9150,881110000,429,1401
010120,2026-01-08,15:20:00,96300,96300,96000,96100,17130,1645820000,929,2497
010120,2026-01-08,15:30:00,96500,96500,96500,96500,122500,11821250000,24411,0
010120,2026-01-09,09:05:00,96700,96700,95600,96000,23740,2281810000,2079,2669
010120,2026-01-09,09:10:00,96000,96300,95200,95250,28700,2743580000,1981,3759
010120,2026-01-09,09:15:00,95200,96200,95200,96100,10960,1048230000,1551,641
010120,2026-01-09,09:20:00,96100,96600,95700,95700,10890,1048700000,852,1326
010120,2026-01-09,09:25:00,95700,95800,95300,95500,11395,1087810000,794,1485
010120,2026-01-09,09:30:00,95400,95900,95300,95400,14200,1355750000,945,1895
010120,2026-01-09,09:35:00,95400,95700,95300,95500,10355,988420000,879,1192
010120,2026-01-09,09:40:00,95500,96000,95300,95700,7520,719770000,687,817
010120,2026-01-09,09:45:00,95700,95900,95600,95700,5575,533560000,387,728
010120,2026-01-09,09:50:00,95700,96100,95600,95900,6550,627210000,477,833
010120,2026-01-09,09:55:00,95900,96000,95700,95700,2755,264020000,137,414
010120,2026-01-09,10:00:00,95700,95800,95600,95700,4950,473730000,186,804
010120,2026-01-09,10:05:00,95800,96000,95500,95700,13785,1319170000,1712,1045
010120,2026-01-09,10:10:00,95800,96000,95500,95500,5615,537200000,316,807
010120,2026-01-09,10:15:00,95600,95600,95300,95400,9760,931540000,638,1314
010120,2026-01-09,10:20:00,95400,95500,95000,95000,23810,2266230000,959,3803
010120,2026-01-09,10:25:00,95100,95100,94700,94700,15155,1438230000,1038,1993
010120,2026-01-09,10:30:00,94800,95100,94700,95000,5105,484630000,590,431
010120,2026-01-09,10:35:00,94900,95000,94800,94900,6560,622180000,284,1028
010120,2026-01-09,10:40:00,94900,95000,94800,94900,3505,332580000,358,343
010120,2026-01-09,10:45:00,94900,95300,94900,95200,4655,442280000,508,423
010120,2026-01-09,10:50:00,95100,95600,95100,95400,3250,309710000,427,223
010120,2026-01-09,10:55:00,95400,95600,95400,95600,3625,346200000,337,388
010120,2026-01-09,11:00:00,95500,95800,95500,95700,4480,428460000,590,306
010120,2026-01-09,11:05:00,95600,95800,95600,95700,7735,740400000,833,714
010120,2026-01-09,11:10:00,95700,95800,95700,95700,2110,202020000,197,225
010120,2026-01-09,11:15:00,95750,95750,95500,95600,3705,354320000,277,464
010120,2026-01-09,11:20:00,95550,95600,95400,95500,2145,204920000,183,246
010120,2026-01-09,11:25:00,95500,95600,95500,95600,1960,187230000,67,325
010120,2026-01-09,11:30:00,95500,95600,95500,95600,1500,143300000,105,195
010120,2026-01-09,11:35:00,95600,95600,95400,95450,3110,296870000,72,550
010120,2026-01-09,11:40:00,95450,95600,95300,95300,3605,344040000,297,424
010120,2026-01-09,11:45:00,95300,95600,95300,95600,3450,328970000,309,381
010120,2026-01-09,11:50:00,95500,95500,95300,95400,2010,191850000,145,257
010120,2026-01-09,11:55:00,95400,95500,95300,95400,2255,215200000,198,253
010120,2026-01-09,12:00:00,95400,95500,95300,95400,3630,346100000,257,469
010120,2026-01-09,12:05:00,95300,95500,95300,95500,1590,151690000,154,164
010120,2026-01-09,12:10:00,95500,95700,95300,95700,2525,241070000,332,173
010120,2026-01-09,12:15:00,95700,95800,95600,95600,1920,183680000,104,280
010120,2026-01-09,12:20:00,95600,95800,95500,95700,4430,423590000,693,193
010120,2026-01-09,12:25:00,95700,95800,95700,95700,3395,325030000,329,350
010120,2026-01-09,12:30:00,95800,95800,95600,95700,3170,303320000,281,353
010120,2026-01-09,12:35:00,95700,95800,95600,95700,3870,370450000,431,343
010120,2026-01-09,12:40:00,95800,95800,95600,95750,3325,318230000,247,418
010120,2026-01-09,12:45:00,95700,95800,95700,95700,2250,215360000,69,381
010120,2026-01-09,12:50:00,95700,95800,95600,95700,2795,267460000,175,384
010120,2026-01-09,12:55:00,95700,95700,95500,95500,2245,214530000,83,366
010120,2026-01-09,13:00:00,95500,95700,95500,95600,2770,264690000,272,282
010120,2026-01-09,13:05:00,95600,95700,95500,95500,1835,175360000,100,267
010120,2026-01-09,13:10:00,95500,95600,95400,95400,2935,280180000,93,494
010120,2026-01-09,13:15:00,95400,95500,95400,95500,2800,267150000,75,485
010120,2026-01-09,13:20:00,95500,95500,95100,95200,11535,1098160000,193,2114
010120,2026-01-09,13:25:00,95200,95500,95100,95200,6500,619020000,844,456
010120,2026-01-09,13:30:00,95100,95300,95000,95200,8555,813590000,848,863
010120,2026-01-09,13:35:00,95200,95500,95100,95300,3685,351290000,297,440
010120,2026-01-09,13:40:00,95400,95500,95300,95300,3125,297960000,273,352
010120,2026-01-09,13:45:00,95300,95500,95200,95300,4565,435060000,369,544
010120,2026-01-09,13:50:00,95300,95400,95100,95100,6100,580780000,357,863
010120,2026-01-09,13:55:00,95100,95500,95100,95400,5380,512360000,734,342
010120,2026-01-09,14:00:00,95400,95400,95200,95300,3500,333450000,150,550
010120,2026-01-09,14:05:00,95400,95600,95300,95400,5165,492900000,605,428
010120,2026-01-09,14:10:00,95400,95500,95300,95400,3745,357170000,268,481
010120,2026-01-09,14:15:00,95400,95600,95100,95200,14820,1411430000,539,2425
010120,2026-01-09,14:20:00,95100,95200,95100,95100,5125,487600000,434,591
010120,2026-01-09,14:25:00,95100,95300,95100,95200,4730,450110000,450,496
010120,2026-01-09,14:30:00,95100,95200,95100,95100,8275,787210000,514,1141
010120,2026-01-09,14:35:00,95200,95200,94800,94900,23570,2238210000,841,3873
010120,2026-01-09,14:40:00,94800,95100,94700,95000,18705,1773940000,1447,2294
010120,2026-01-09,14:45:00,95000,95100,94900,94900,4175,396510000,355,480
010120,2026-01-09,14:50:00,94900,95000,94800,94900,9215,874500000,313,1530
010120,2026-01-09,14:55:00,94800,94900,94800,94800,6205,588390000,293,948
010120,2026-01-09,15:00:00,94800,95200,94800,95100,8425,800310000,929,756
010120,2026-01-09,15:05:00,95000,95200,95000,95000,7245,688700000,493,956
010120,2026-01-09,15:10:00,95100,95100,95000,95100,5365,509900000,445,628
010120,2026-01-09,15:15:00,95100,95200,95000,95100,10105,960430000,668,1353
010120,2026-01-09,15:20:00,95100,95200,94900,95100,9285,882570000,302,1555
010120,2026-01-09,15:30:00,95200,95200,95200,95200,48745,4640520000,9733,0
010120,2026-01-12,09:05:00,98200,101000,98200,99100,142845,14249470000,19562,9007
010120,2026-01-12,09:10:00,99200,99500,98500,99400,45885,4545540000,4917,4260
010120,2026-01-12,09:15:00,99400,99400,98400,99200,29925,2962480000,3076,2909
010120,2026-01-12,09:20:00,99100,99900,98800,99600,41865,4169760000,4854,3519
010120,2026-01-12,09:25:00,99600,101200,99400,100200,95635,9612540000,15507,3620
010120,2026-01-12,09:30:00,100200,100400,99400,99800,30005,2995350000,2076,3925
010120,2026-01-12,09:35:00,99900,100400,99700,100200,24495,2449550000,2162,2737
010120,2026-01-12,09:40:00,100000,100600,99600,99700,26425,2649650000,2862,2423
010120,2026-01-12,09:45:00,99600,100200,99600,100200,17565,1754030000,2217,1296
010120,2026-01-12,09:50:00,100200,101200,100200,101200,45295,4566720000,5980,3079
010120,2026-01-12,09:55:00,101200,102600,101000,102200,118735,12088250000,19101,4646
010120,2026-01-12,10:00:00,102200,102200,100600,100800,38115,3852530000,2654,4969
010120,2026-01-12,10:05:00,100800,100800,100000,100400,23415,2348760000,1430,3253
010120,2026-01-12,10:10:00,100600,100800,100400,100800,11170,1123900000,1330,904
010120,2026-01-12,10:15:00,100800,101400,100400,101200,15585,1572300000,1974,1143
010120,2026-01-12,10:20:00,101200,101400,100600,101200,12050,1219520000,1372,1038
010120,2026-01-12,10:25:00,101000,101400,100600,101000,15135,1529480000,1613,1414
010120,2026-01-12,10:30:00,101000,101400,100800,101300,12550,1269270000,1946,564
010120,2026-01-12,10:35:00,101400,101600,101000,101500,14870,1507210000,2109,865
010120,2026-01-12,10:40:00,101600,101800,101200,101200,16250,1649650000,2298,952
010120,2026-01-12,10:45:00,101200,101400,101000,101200,17505,1771580000,1174,2327
010120,2026-01-12,10:50:00,101000,101200,100400,100800,11520,1162740000,1064,1240
010120,2026-01-12,10:55:00,100800,101000,100400,100600,10670,1074500000,928,1206
010120,2026-01-12,11:00:00,100600,101200,100400,100600,13675,1378990000,1237,1498
010120,2026-01-12,11:05:00,100800,101000,100400,100800,9600,966790000,867,1053
010120,2026-01-12,11:10:00,101000,101200,100800,101000,11265,1137810000,1453,800
010120,2026-01-12,11:15:00,101000,101400,100800,101400,19055,1926990000,3150,661
010120,2026-01-12,11:20:00,101400,101400,100600,100600,15120,1528360000,1388,1636
010120,2026-01-12,11:25:00,100800,100800,100600,100800,6435,647940000,534,753
010120,2026-01-12,11:30:00,100600,101000,100400,101000,10320,1039500000,1223,841
010120,2026-01-12,11:35:00,100800,101400,100600,101400,11630,1175680000,1919,407
010120,2026-01-12,11:40:00,101200,101600,101000,101200,13470,1365090000,1196,1498
010120,2026-01-12,11:45:00,101400,101600,101000,101200,8855,897650000,1355,416
010120,2026-01-12,11:50:00,101200,101600,101200,101600,8665,878430000,939,794
010120,2026-01-12,11:55:00,101600,101600,101000,101200,9840,996810000,880,1088
010120,2026-01-12,12:00:00,101200,101400,101200,101400,6180,626090000,920,316
010120,2026-01-12,12:05:00,101300,101400,101200,101300,7100,719260000,725,695
010120,2026-01-12,12:10:00,101400,101400,101000,101300,9425,954480000,672,1213
010120,2026-01-12,12:15:00,101200,101400,101000,101200,15330,1551100000,1654,1412
010120,2026-01-12,12:20:00,101200,101200,101000,101200,6835,691370000,1021,346
010120,2026-01-12,12:25:00,101200,101400,101000,101200,8900,900910000,1130,650
010120,2026-01-12,12:30:00,101200,101200,101000,101200,8940,903940000,985,803
010120,2026-01-12,12:35:00,101200,101200,101000,101000,4520,457120000,570,334
010120,2026-01-12,12:40:00,101200,101200,100400,100600,20005,2016260000,960,3041
010120,2026-01-12,12:45:00,100800,101000,100600,100800,7265,731830000,707,746
010120,2026-01-12,12:50:00,100800,100800,100400,100500,7060,710280000,592,820
010120,2026-01-12,12:55:00,100600,100600,100000,100400,14485,1453200000,865,2032
010120,2026-01-12,13:00:00,100400,100600,100200,100600,5530,555580000,551,555
010120,2026-01-12,13:05:00,100400,100600,100000,100000,8895,892560000,702,1077
010120,2026-01-12,13:10:00,100200,100200,99800,99900,11555,1155140000,534,1777
010120,2026-01-12,13:15:00,99900,99900,99600,99600,13810,1377480000,583,2179
010120,2026-01-12,13:20:00,99600,99700,99400,99600,17250,1718140000,1075,2375
010120,2026-01-12,13:25:00,99600,99900,99500,99900,9340,930790000,1071,797
010120,2026-01-12,13:30:00,99800,100000,99500,99700,11570,1153720000,1142,1172
010120,2026-01-12,13:35:00,99600,99800,99600,99800,5095,508150000,529,490
010120,2026-01-12,13:40:00,99800,100200,99700,100200,10660,1066200000,1625,507
010120,2026-01-12,13:45:00,100200,100400,99900,100400,7805,781960000,749,812
010120,2026-01-12,13:50:00,100400,100600,99800,100000,11000,1101260000,900,1300
010120,2026-01-12,13:55:00,100000,100200,99700,100100,6760,676300000,574,778
010120,2026-01-12,14:00:00,100000,100600,99900,100600,9345,936750000,1427,442
010120,2026-01-12,14:05:00,100600,100600,100000,100200,6970,699780000,789,605
010120,2026-01-12,14:10:00,100200,100400,99800,100200,6985,698700000,799,598
010120,2026-01-12,14:15:00,100000,100400,99900,100000,4980,498640000,546,450
010120,2026-01-12,14:20:00,100000,100400,99900,100000,8220,822640000,877,767
010120,2026-01-12,14:25:00,100000,100000,99800,99900,12950,1294740000,2162,428
010120,2026-01-12,14:30:00,99900,99900,99400,99500,10665,1062810000,641,1492
010120,2026-01-12,14:35:00,99400,99600,99200,99200,12300,1222560000,868,1592
010120,2026-01-12,14:40:00,99200,99300,98500,98500,17185,1699650000,497,2940
010120,2026-01-12,14:45:00,98600,98600,98000,98000,17510,1719590000,1316,2186
010120,2026-01-12,14:50:00,98000,98100,97400,97600,28310,2765920000,1592,4070
010120,2026-01-12,14:55:00,97500,98400,97500,98300,20765,2035440000,2916,1237
010120,2026-01-12,15:00:00,98400,98700,98300,98500,11700,1152360000,1569,771
010120,2026-01-12,15:05:00,98600,98900,98500,98900,10260,1013280000,1223,829
010120,2026-01-12,15:10:00,98900,98900,98600,98900,7880,778380000,734,842
010120,2026-01-12,15:15:00,98800,99150,98800,98900,11085,1097390000,1274,943
010120,2026-01-12,15:20:00,98900,99100,98700,98900,10855,1073900000,991,1180
010120,2026-01-12,15:30:00,99200,99200,99200,99200,33175,3290960000,6585,0
010120,2026-01-13,09:05:00,101400,101600,96700,97000,122915,12085800000,9798,14785
010120,2026-01-13,09:10:00,97000,97800,96500,97400,49135,4776400000,4334,5493
010120,2026-01-13,09:15:00,97300,98500,97300,98300,37310,3661230000,3070,4392
010120,2026-01-13,09:20:00,98200,99600,98200,99500,28090,2781040000,3382,2236
010120,2026-01-13,09:25:00,99500,99600,98800,99000,16210,1606290000,1421,1821
010120,2026-01-13,09:30:00,99000,99600,99000,99100,13280,1318250000,1201,1455
010120,2026-01-13,09:35:00,99000,99200,98400,99000,19790,1953720000,1144,2814
010120,2026-01-13,09:40:00,99100,99200,98600,98800,10855,1073120000,759,1412
010120,2026-01-13,09:45:00,98800,99200,98700,99200,8270,817960000,986,668
010120,2026-01-13,09:50:00,99200,99300,99000,99000,9615,953570000,823,1100
010120,2026-01-13,09:55:00,99000,99100,98200,98500,16920,1669370000,743,2641
010120,2026-01-13,10:00:00,98400,98500,97500,97500,35160,3445130000,2254,4778
010120,2026-01-13,10:05:00,97500,97800,97300,97600,32920,3213130000,1455,5129
010120,2026-01-13,10:10:00,97650,97900,97500,97800,16670,1627300000,1117,2217
010120,2026-01-13,10:15:00,97800,98200,97700,97800,13765,1347200000,1310,1443
010120,2026-01-13,10:20:00,97800,97900,97600,97700,18060,1765000000,999,2613
010120,2026-01-13,10:25:00,97700,98400,97600,98300,15640,1533770000,2388,740
010120,2026-01-13,10:30:00,98300,98800,98200,98600,10955,1079760000,1050,1141
010120,2026-01-13,10:35:00,98600,99000,98500,98800,11100,1096550000,1428,792
010120,2026-01-13,10:40:00,98700,98900,98400,98500,16330,1610960000,1198,2068
010120,2026-01-13,10:45:00,98500,98500,98300,98400,9865,970640000,873,1100
010120,2026-01-13,10:50:00,98400,98400,98100,98200,4240,416400000,239,609
010120,2026-01-13,10:55:00,98100,98200,98000,98000,4415,433170000,174,709
010120,2026-01-13,11:00:00,98100,98100,98000,98000,4245,416200000,355,494
010120,2026-01-13,11:05:00,98100,98500,98000,98100,10245,1006280000,1203,846
010120,2026-01-13,11:10:00,98000,98200,97800,97900,5925,580940000,279,906
010120,2026-01-13,11:15:00,97850,97900,97700,97800,10185,995720000,754,1283
010120,2026-01-13,11:20:00,97850,98100,97500,97600,12775,1248780000,491,2064
010120,2026-01-13,11:25:00,97600,97600,97300,97500,16485,1606410000,682,2615
010120,2026-01-13,11:30:00,97600,97600,97500,97500,2675,260960000,294,241
010120,2026-01-13,11:35:00,97500,97800,97500,97600,7615,743340000,770,753
010120,2026-01-13,11:40:00,97700,97900,97600,97800,7275,710480000,588,867
010120,2026-01-13,11:45:00,97800,98000,97600,97700,5295,517970000,585,474
010120,2026-01-13,11:50:00,97700,97800,97600,97700,2730,266750000,240,306
010120,2026-01-13,11:55:00,97800,97800,97600,97600,3545,346250000,230,479
010120,2026-01-13,12:00:00,97700,97900,97600,97700,7260,709290000,720,732
010120,2026-01-13,12:05:00,97900,97900,97700,97800,3930,384330000,214,572
010120,2026-01-13,12:10:00,97800,98200,97800,98100,6165,603900000,874,359
010120,2026-01-13,12:15:00,98100,98400,98000,98200,4485,440560000,379,518
010120,2026-01-13,12:20:00,98250,98300,98100,98150,3300,324070000,153,507
010120,2026-01-13,12:25:00,98150,98800,98100,98700,10135,998810000,1437,590
010120,2026-01-13,12:30:00,98700,98700,98600,98600,4270,421170000,291,563
010120,2026-01-13,12:35:00,98700,98900,98600,98700,9815,969240000,1025,938
010120,2026-01-13,12:40:00,98800,98800,98400,98400,4145,408460000,207,622
010120,2026-01-13,12:45:00,98400,98500,98100,98400,5890,579070000,459,719
010120,2026-01-13,12:50:00,98400,98500,98300,98500,5020,494070000,268,736
010120,2026-01-13,12:55:00,98400,98700,98300,98500,10250,1009220000,1362,688
010120,2026-01-13,13:00:00,98500,98500,98300,98400,4715,464120000,350,593
010120,2026-01-13,13:05:00,98400,98400,98200,98200,3820,375490000,166,598
010120,2026-01-13,13:10:00,98300,98500,98100,98400,8115,797260000,1031,592
010120,2026-01-13,13:15:00,98500,98500,98400,98400,5550,546370000,472,638
010120,2026-01-13,13:20:00,98400,98500,98300,98300,6430,632830000,242,1044
010120,2026-01-13,13:25:00,98400,98500,98200,98350,4650,457490000,395,535
010120,2026-01-13,13:30:00,98350,98400,98200,98400,5830,573100000,274,892
010120,2026-01-13,13:35:00,98300,98500,98200,98300,5735,564240000,425,722
010120,2026-01-13,13:40:00,98300,98500,98200,98400,15150,1488840000,1811,1219
010120,2026-01-13,13:45:00,98500,98500,98200,98300,6385,628120000,278,999
010120,2026-01-13,13:50:00,98400,98500,98200,98300,7525,740120000,383,1122
010120,2026-01-13,13:55:00,98400,98700,98400,98600,8455,832940000,1263,428
010120,2026-01-13,14:00:00,98600,98700,98500,98600,4835,476870000,310,657
010120,2026-01-13,14:05:00,98500,98700,98500,98600,3775,372350000,376,379
010120,2026-01-13,14:10:00,98700,99000,98600,99000,17230,1702850000,2456,990
010120,2026-01-13,14:15:00,98900,99000,98800,98900,3890,384690000,494,284
010120,2026-01-13,14:20:00,98900,99000,98800,98900,7255,717650000,854,597
010120,2026-01-13,14:25:00,98900,99300,98800,99200,14555,1441700000,1947,964
010120,2026-01-13,14:30:00,99300,99400,99200,99300,9220,915720000,1126,718
010120,2026-01-13,14:35:00,99300,99400,99000,99100,8465,839490000,433,1260
010120,2026-01-13,14:40:00,99100,99100,98900,99000,6255,619250000,457,794
010120,2026-01-13,14:45:00,99000,99100,98900,99100,7510,743370000,542,960
010120,2026-01-13,14:50:00,99100,99300,99000,99200,11720,1161290000,1341,1003
010120,2026-01-13,14:55:00,99200,99400,99200,99400,9635,956900000,1200,727
010120,2026-01-13,15:00:00,99300,99400,99200,99300,7565,751360000,421,1092
010120,2026-01-13,15:05:00,99200,99400,99200,99300,9525,946080000,1205,700
010120,2026-01-13,15:10:00,99400,99400,99200,99300,8175,812200000,861,774
010120,2026-01-13,15:15:00,99400,99400,99200,99300,10080,1001050000,760,1256
010120,2026-01-13,15:20:00,99200,99400,99200,99300,8950,888640000,985,805
010120,2026-01-13,15:30:00,99300,99300,99300,99300,34805,3456140000,6959,0
010120,2026-01-14,09:05:00,100400,102000,99500,102000,59210,5950100000,7312,4530
010120,2026-01-14,09:10:00,102000,106000,101800,105900,290805,30275540000,39194,18967
010120,2026-01-14,09:15:00,105800,110400,105800,110400,429225,46720130000,53131,32714
010120,2026-01-14,09:20:00,109000,110800,107000,107400,258875,28148400000,23564,28211
010120,2026-01-14,09:25:00,107600,108400,106400,107600,141005,15178370000,13135,15066
010120,2026-01-14,09:30:00,107600,107800,105600,106000,120505,12823040000,7396,16705
010120,2026-01-14,09:35:00,106000,106800,105400,106800,93845,9954540000,7976,10793
010120,2026-01-14,09:40:00,106800,106800,104400,105000,100615,10596070000,6308,13815
010120,2026-01-14,09:45:00,105000,105800,104800,104800,49265,5189250000,4699,5154
010120,2026-01-14,09:50:00,104800,105800,104800,105000,30265,3186920000,2738,3315
010120,2026-01-14,09:55:00,105000,106200,104800,105800,45075,4760780000,4860,4155
010120,2026-01-14,10:00:00,105800,105800,104600,104800,32410,3405790000,2011,4471
010120,2026-01-14,10:05:00,104800,105400,104800,105400,17390,1827840000,1351,2127
010120,2026-01-14,10:10:00,105400,106200,105200,106000,40735,4309300000,4965,3182
010120,2026-01-14,10:15:00,106000,106400,105200,105200,32375,3429270000,3381,3094
010120,2026-01-14,10:20:00,105200,105800,104600,105200,25355,2665490000,1672,3399
010120,2026-01-14,10:25:00,105000,106200,105000,106000,22695,2395780000,2774,1765
010120,2026-01-14,10:30:00,105800,106200,105600,105800,17195,1820720000,1618,1821
010120,2026-01-14,10:35:00,105800,106200,105800,105800,18390,1948940000,2532,1146
010120,2026-01-14,10:40:00,105800,106000,105200,105400,16615,1756900000,1547,1776
010120,2026-01-14,10:45:00,105400,105600,105000,105200,13660,1438600000,1276,1456
010120,2026-01-14,10:50:00,105200,105200,104600,104600,25570,2679850000,890,4224
010120,2026-01-14,10:55:00,104600,105200,104400,104600,19875,2081800000,1819,2156
010120,2026-01-14,11:00:00,104600,105600,104600,105600,16805,1765600000,1807,1554
010120,2026-01-14,11:05:00,105400,106600,105400,106400,49475,5242270000,7063,2832
010120,2026-01-14,11:10:00,106400,107200,106000,106200,63345,6759080000,7985,4684
010120,2026-01-14,11:15:00,106400,107000,106000,106400,25390,2704700000,2765,2313
010120,2026-01-14,11:20:00,106500,107400,106000,106000,39110,4180270000,5041,2781
010120,2026-01-14,11:25:00,106000,106400,105600,106000,19170,2030280000,1319,2515
010120,2026-01-14,11:30:00,106000,106600,105600,106200,11500,1219640000,1116,1184
010120,2026-01-14,11:35:00,106400,106600,106000,106200,8140,864790000,666,962
010120,2026-01-14,11:40:00,106400,106400,106000,106200,9285,985560000,765,1092
010120,2026-01-14,11:45:00,106200,106800,106200,106600,11020,1173640000,1460,744
010120,2026-01-14,11:50:00,106800,107000,106600,106600,15570,1663490000,1771,1343
010120,2026-01-14,11:55:00,106600,106800,106600,106600,7970,850220000,606,988
010120,2026-01-14,12:00:00,106600,107000,106400,106600,10450,1114800000,1258,832
010120,2026-01-14,12:05:00,106600,106800,106200,106600,10150,1080680000,453,1577
010120,2026-01-14,12:10:00,106600,107000,106400,107000,8160,871500000,948,684
010120,2026-01-14,12:15:00,106800,107400,106800,107400,19620,2103390000,3019,905
010120,2026-01-14,12:20:00,107200,107400,107200,107400,15300,1642130000,1969,1091
010120,2026-01-14,12:25:00,107200,107600,107100,107600,32585,3498980000,3553,2964
010120,2026-01-14,12:30:00,107400,107600,107000,107400,21355,2292110000,2302,1969
010120,2026-01-14,12:35:00,107200,107400,107200,107200,6015,645170000,353,850
010120,2026-01-14,12:40:00,107200,107400,107000,107000,12250,1313110000,1041,1409
010120,2026-01-14,12:45:00,107000,107200,106600,106800,18795,2007680000,1384,2375
010120,2026-01-14,12:50:00,106800,107000,106600,106800,7610,812980000,434,1088
010120,2026-01-14,12:55:00,106800,107400,106800,107400,11715,1255020000,1771,572
010120,2026-01-14,13:00:00,107200,107400,106800,107000,8895,952380000,398,1381
010120,2026-01-14,13:05:00,107000,107000,106600,106600,10130,1081090000,176,1850
010120,2026-01-14,13:10:00,106600,107000,106400,106800,19735,2103040000,1578,2369
010120,2026-01-14,13:15:00,107000,107000,106400,106400,13025,1388040000,918,1687
010120,2026-01-14,13:20:00,106400,106600,106000,106200,13155,1398210000,887,1744
010120,2026-01-14,13:25:00,106200,106600,106200,106600,8410,895170000,821,861
010120,2026-01-14,13:30:00,106600,106800,106200,106600,9915,1056030000,1040,943
010120,2026-01-14,13:35:00,106600,107000,106600,106900,7510,801560000,832,670
010120,2026-01-14,13:40:00,106900,107000,106600,106700,6445,688250000,539,750
010120,2026-01-14,13:45:00,106700,107000,106400,106800,10975,1170970000,1016,1179
010120,2026-01-14,13:50:00,107000,107000,106600,106600,5720,610510000,363,781
010120,2026-01-14,13:55:00,106600,106800,106400,106600,7925,844930000,677,908
010120,2026-01-14,14:00:00,106800,106800,106400,106500,9910,1056570000,1063,919
010120,2026-01-14,14:05:00,106500,107000,106200,106600,27085,2889010000,2560,2857
010120,2026-01-14,14:10:00,106600,106800,106600,106600,10815,1153610000,818,1345
010120,2026-01-14,14:15:00,106800,107200,106600,107200,25280,2705570000,4067,989
010120,2026-01-14,14:20:00,107200,108000,107000,107800,48435,5214490000,7757,1930
010120,2026-01-14,14:25:00,107800,108200,107600,108200,37340,4032710000,5636,1832
010120,2026-01-14,14:30:00,108200,108700,108000,108000,50995,5526420000,7147,3052
010120,2026-01-14,14:35:00,108000,108400,108000,108400,33450,3618800000,3683,3007
010120,2026-01-14,14:40:00,108400,108600,107400,107600,28205,3043910000,1909,3732
010120,2026-01-14,14:45:00,107600,107800,107400,107800,15885,1709540000,1452,1725
010120,2026-01-14,14:50:00,107800,107800,106600,107200,40635,4353300000,2709,5418
010120,2026-01-14,14:55:00,107200,108000,107000,107800,24755,2659170000,2908,2043
010120,2026-01-14,15:00:00,107600,107800,107400,107400,15670,1686130000,1283,1851
010120,2026-01-14,15:05:00,107400,108400,107400,108100,35295,3813750000,5403,1656
010120,2026-01-14,15:10:00,108200,108200,107600,108000,28000,3023380000,2973,2627
010120,2026-01-14,15:15:00,107800,108200,107800,107900,30570,3302180000,3124,2990
010120,2026-01-14,15:20:00,107800,108200,107600,107800,24145,2602570000,1600,3229
010120,2026-01-14,15:30:00,107800,107800,107800,107800,57150,6160770000,11397,0
010120,2026-01-15,09:05:00,107200,108600,105800,108600,81505,8744670000,9515,6783
010120,2026-01-15,09:10:00,108600,110200,107600,109400,138255,15084930000,17037,10614
010120,2026-01-15,09:15:00,109400,110400,107600,107600,133570,14641150000,12705,14009
010120,2026-01-15,09:20:00,107800,108800,107400,107600,57790,6241450000,4929,6629
010120,2026-01-15,09:25:00,107600,107600,105600,106800,73045,7784110000,4806,9803
010120,2026-01-15,09:30:00,106800,106800,105800,106000,33345,3547750000,2233,4436
010120,2026-01-15,09:35:00,106000,106600,105800,106400,22135,2348290000,1568,2859
010120,2026-01-15,09:40:00,106400,107200,106200,106800,20860,2225290000,2188,1984
010120,2026-01-15,09:45:00,106800,108000,106600,107000,25060,2683800000,3010,2002
010120,2026-01-15,09:50:00,107000,107400,106400,106800,22170,2367590000,1878,2556
010120,2026-01-15,09:55:00,106600,106800,106200,106400,12855,1368850000,775,1796
010120,2026-01-15,10:00:00,106200,106600,106200,106400,11080,1179140000,869,1347
010120,2026-01-15,10:05:00,106400,106600,105400,105800,30640,3244050000,1333,4795
010120,2026-01-15,10:10:00,105800,106000,105200,105400,23745,2507560000,746,4003
010120,2026-01-15,10:15:00,105400,106000,105400,105800,23010,2427170000,1695,2907
010120,2026-01-15,10:20:00,105800,106000,105600,105600,8175,863970000,554,1081
010120,2026-01-15,10:25:00,105600,106600,105600,106000,9710,1029840000,1021,921
010120,2026-01-15,10:30:00,106200,106400,105600,105600,18175,1926670000,1019,2616
010120,2026-01-15,10:35:00,105600,105800,105200,105200,18420,1943330000,545,3139
010120,2026-01-15,10:40:00,105200,105800,105200,105400,14355,1512620000,1188,1683
010120,2026-01-15,10:45:00,105400,106000,105200,105800,8275,874320000,817,838
010120,2026-01-15,10:50:00,105800,106200,105600,106000,7760,822460000,750,802
010120,2026-01-15,10:55:00,106000,106200,105600,105800,8610,911810000,398,1324
010120,2026-01-15,11:00:00,105800,106000,105600,105600,5690,601650000,373,765
010120,2026-01-15,11:05:00,105600,106000,105600,106000,8045,850220000,570,1039
010120,2026-01-15,11:10:00,105800,106200,105800,105800,12430,1317470000,922,1564
010120,2026-01-15,11:15:00,105800,106000,105600,105800,6205,656700000,359,882
010120,2026-01-15,11:20:00,105800,105800,105400,105400,13110,1384060000,547,2075
010120,2026-01-15,11:25:00,105400,105600,105000,105000,22550,2373220000,1048,3462
010120,2026-01-15,11:30:00,105000,105400,104800,105400,14470,1520360000,1209,1685
010120,2026-01-15,11:35:00,105200,105600,105200,105200,6030,635170000,462,744
010120,2026-01-15,11:40:00,105300,105400,105200,105200,5020,528310000,254,750
010120,2026-01-15,11:45:00,105200,105400,105000,105400,6450,678720000,300,990
010120,2026-01-15,11:50:00,105400,105400,105000,105000,7335,771280000,638,829
010120,2026-01-15,11:55:00,105200,105200,105000,105200,6910,726230000,487,895
010120,2026-01-15,12:00:00,105400,105400,105000,105000,7710,811590000,486,1056
010120,2026-01-15,12:05:00,105200,105400,105000,105200,5770,606650000,385,769
010120,2026-01-15,12:10:00,105400,105400,105200,105200,4045,425810000,277,532
010120,2026-01-15,12:15:00,105300,105600,105200,105400,6260,659150000,545,707
010120,2026-01-15,12:20:00,105200,105400,105000,105000,6270,659320000,485,769
010120,2026-01-15,12:25:00,105000,105400,104800,104800,15670,1646700000,1129,2005
010120,2026-01-15,12:30:00,105000,105000,104800,104800,9600,1007000000,872,1048
010120,2026-01-15,12:35:00,104800,105000,104600,104600,15565,1629290000,358,2755
010120,2026-01-15,12:40:00,104600,105200,104600,105000,14485,1518040000,1423,1474
010120,2026-01-15,12:45:00,105000,105000,104600,104600,9980,1045840000,792,1204
010120,2026-01-15,12:50:00,104600,104800,104400,104600,10130,1059710000,381,1645
010120,2026-01-15,12:55:00,104600,104800,104400,104400,6610,691470000,243,1079
010120,2026-01-15,13:00:00,104400,104600,104400,104400,12645,1320450000,331,2198
010120,2026-01-15,13:05:00,104400,105000,104400,104800,8720,912740000,1207,537
010120,2026-01-15,13:10:00,104600,104800,104600,104800,8600,900010000,455,1265
010120,2026-01-15,13:15:00,104800,104800,104600,104600,4095,428540000,209,610
010120,2026-01-15,13:20:00,104600,104800,104200,104200,21650,2260330000,800,3530
010120,2026-01-15,13:25:00,104200,104400,103600,104400,48135,5005820000,1842,7785
010120,2026-01-15,13:30:00,104200,104600,103800,103800,11040,1150510000,891,1317
010120,2026-01-15,13:35:00,103800,104000,103400,103400,24745,2564340000,621,4328
010120,2026-01-15,13:40:00,103400,104200,103400,104000,14480,1502850000,1752,1144
010120,2026-01-15,13:45:00,104000,104600,103800,104200,14525,1512700000,1194,1711
010120,2026-01-15,13:50:00,104200,104400,104000,104000,8640,899990000,674,1054
010120,2026-01-15,13:55:00,104000,104200,104000,104200,7415,771900000,542,941
010120,2026-01-15,14:00:00,104000,104200,103800,104000,9860,1025990000,631,1341
010120,2026-01-15,14:05:00,104000,104200,103400,103400,21215,2201750000,1158,3085
010120,2026-01-15,14:10:00,103600,104000,103400,104000,15725,1630040000,1553,1592
010120,2026-01-15,14:15:00,104000,104200,103800,104000,10505,1092370000,1104,997
010120,2026-01-15,14:20:00,104000,104400,104000,104000,17860,1861700000,1242,2330
010120,2026-01-15,14:25:00,104200,104400,104000,104200,11940,1244790000,1308,1080
010120,2026-01-15,14:30:00,104400,104600,104200,104600,10370,1082010000,1163,911
010120,2026-01-15,14:35:00,104400,104800,104400,104600,14820,1550630000,1549,1415
010120,2026-01-15,14:40:00,104600,104600,104000,104400,15065,1571420000,1172,1841
010120,2026-01-15,14:45:00,104400,105000,104400,105000,13295,1392260000,1044,1615
010120,2026-01-15,14:50:00,104800,105200,104800,105200,13395,1407100000,1483,1196
010120,2026-01-15,14:55:00,105200,105200,104800,105000,20650,2168270000,1827,2303
010120,2026-01-15,15:00:00,105000,105000,104600,104600,13110,1374020000,819,1803
010120,2026-01-15,15:05:00,104600,105200,104400,105000,10340,1084590000,980,1088
010120,2026-01-15,15:10:00,105200,105200,104800,105200,8895,934410000,634,1145
010120,2026-01-15,15:15:00,105200,105400,105000,105200,11335,1191740000,1204,1063
010120,2026-01-15,15:20:00,105200,105400,104800,105200,17945,1885760000,1793,1796
010120,2026-01-15,15:30:00,105200,105200,105200,105200,32970,3468440000,6564,0
010120,2026-01-16,09:05:00,107200,107400,105000,105400,56240,5975760000,3605,7643
010120,2026-01-16,09:10:00,105400,106000,105200,105200,31260,3297840000,2476,3776
010120,2026-01-16,09:15:00,105200,105400,104600,104600,24130,2534240000,1330,3496
010120,2026-01-16,09:20:00,104800,105400,104600,105400,12020,1263290000,1200,1204
010120,2026-01-16,09:25:00,105400,105800,105000,105600,16085,1695860000,1788,1429
010120,2026-01-16,09:30:00,105600,105800,104800,105000,14390,1513950000,1053,1825
010120,2026-01-16,09:35:00,104800,105200,104600,104800,9755,1021850000,612,1339
010120,2026-01-16,09:40:00,104800,104800,103800,104400,23350,2435390000,755,3915
010120,2026-01-16,09:45:00,104600,104600,104200,104400,6375,665640000,273,1002
010120,2026-01-16,09:50:00,104400,104600,104000,104200,8645,901260000,457,1272
010120,2026-01-16,09:55:00,104200,105400,104000,105400,9240,967340000,1275,573
010120,2026-01-16,10:00:00,105300,105600,105000,105200,18540,1952840000,1966,1742
010120,2026-01-16,10:05:00,105400,105800,105200,105600,11720,1234440000,1167,1177
010120,2026-01-16,10:10:00,105800,106000,105600,106000,10340,1093680000,1768,300
010120,2026-01-16,10:15:00,106000,106200,105600,106000,15975,1692710000,2121,1074
010120,2026-01-16,10:20:00,106000,106200,105800,106000,8585,909950000,840,877
010120,2026-01-16,10:25:00,106000,106000,105600,105600,7155,756450000,448,983
010120,2026-01-16,10:30:00,105600,106200,105600,105600,12240,1295690000,1663,785
010120,2026-01-16,10:35:00,105600,105800,105400,105400,5395,569580000,316,763
010120,2026-01-16,10:40:00,105600,105800,105200,105400,5215,550320000,398,645
010120,2026-01-16,10:45:00,105400,105400,105200,105400,4675,492090000,301,634
010120,2026-01-16,10:50:00,105400,105400,104600,104800,8850,929760000,729,1041
010120,2026-01-16,10:55:00,104800,105000,104600,104800,8800,922370000,748,1012
010120,2026-01-16,11:00:00,104800,105400,104600,104800,7380,773840000,840,636
010120,2026-01-16,11:05:00,105000,105200,105000,105000,4390,461490000,573,305
010120,2026-01-16,11:10:00,105200,106000,105000,106000,14475,1530430000,2188,707
010120,2026-01-16,11:15:00,105800,106000,105600,105800,8985,950940000,1200,597
010120,2026-01-16,11:20:00,105800,106400,105800,106400,22610,2399440000,3264,1258
010120,2026-01-16,11:25:00,106200,106600,106000,106400,10990,1167300000,1234,964
010120,2026-01-16,11:30:00,106200,106600,105600,106400,11065,1174510000,1239,974
010120,2026-01-16,11:35:00,106200,107000,106000,107000,13970,1488240000,2026,768
010120,2026-01-16,11:40:00,106800,107000,106400,106600,11855,1265160000,1365,1006
010120,2026-01-16,11:45:00,106600,106800,106200,106800,6780,722530000,897,459
010120,2026-01-16,11:50:00,106800,107000,106400,106400,8660,924360000,1153,579
010120,2026-01-16,11:55:00,106600,106800,106400,106800,6065,646020000,664,549
010120,2026-01-16,12:00:00,106600,106800,106400,106600,4190,446560000,501,337
010120,2026-01-16,12:05:00,106600,106600,105800,106200,14345,1523780000,878,1991
010120,2026-01-16,12:10:00,106000,106200,105600,106000,10015,1060090000,646,1357
010120,2026-01-16,12:15:00,105800,106600,105800,106200,5335,566620000,690,377
010120,2026-01-16,12:20:00,106200,106200,105800,106200,8150,864030000,484,1146
010120,2026-01-16,12:25:00,106200,106200,105800,105900,3455,366240000,380,311
010120,2026-01-16,12:30:00,106000,106200,105800,106200,7790,825890000,622,936
010120,2026-01-16,12:35:00,106400,106600,106200,106400,8905,947750000,1111,670
010120,2026-01-16,12:40:00,106200,106400,106000,106400,2945,312910000,235,354
010120,2026-01-16,12:45:00,106200,106400,105800,106000,6445,683310000,222,1067
010120,2026-01-16,12:50:00,106000,106000,105800,105800,6715,711180000,717,626
010120,2026-01-16,12:55:00,105800,106000,105200,105400,9805,1034940000,714,1247
010120,2026-01-16,13:00:00,105400,105600,105400,105600,3470,366170000,433,261
010120,2026-01-16,13:05:00,105400,105800,105200,105400,5825,614210000,327,838
010120,2026-01-16,13:10:00,105200,105400,105000,105200,9285,976810000,562,1295
010120,2026-01-16,13:15:00,105000,105200,104400,104600,15545,1627550000,1133,1976
010120,2026-01-16,13:20:00,104600,105200,104600,104800,7035,737090000,393,1014
010120,2026-01-16,13:25:00,104900,105000,104400,104600,7380,772440000,353,1123
010120,2026-01-16,13:30:00,104800,104800,104400,104600,7960,831650000,391,1201
010120,2026-01-16,13:35:00,104400,104600,103800,103900,24240,2522280000,549,4299
010120,2026-01-16,13:40:00,103800,104200,103600,104000,17095,1774730000,1412,2007
010120,2026-01-16,13:45:00,104000,104600,103800,104400,7785,810690000,841,716
010120,2026-01-16,13:50:00,104400,105000,104200,104800,4520,472790000,549,355
010120,2026-01-16,13:55:00,105000,105200,104400,105000,9735,1019980000,676,1271
010120,2026-01-16,14:00:00,105000,105200,104800,105000,5260,551940000,553,499
010120,2026-01-16,14:05:00,105200,105200,104800,105200,2095,220030000,234,185
010120,2026-01-16,14:10:00,105200,105800,105000,105600,8350,880070000,1165,505
010120,2026-01-16,14:15:00,105800,106000,105600,105800,10040,1062100000,863,1145
010120,2026-01-16,14:20:00,105600,107600,105500,107400,55795,5957710000,9214,1945
010120,2026-01-16,14:25:00,107400,107800,106000,106400,31180,3336020000,3052,3184
010120,2026-01-16,14:30:00,106400,106600,106200,106200,7260,772910000,583,869
010120,2026-01-16,14:35:00,106200,106600,106200,106400,7245,770100000,602,847
010120,2026-01-16,14:40:00,106400,106400,106000,106000,7635,810970000,379,1148
010120,2026-01-16,14:45:00,106200,106200,105200,105600,12115,1279850000,358,2065
010120,2026-01-16,14:50:00,105600,106000,105200,105800,6170,651450000,685,549
010120,2026-01-16,14:55:00,105800,106000,105600,105800,3430,362590000,279,407
010120,2026-01-16,15:00:00,105800,105800,105400,105800,6635,700830000,556,771
010120,2026-01-16,15:05:00,105800,106000,105600,106000,7670,811110000,890,644
010120,2026-01-16,15:10:00,105800,106000,105600,105600,10915,1155620000,998,1185
010120,2026-01-16,15:15:00,105600,106200,105600,106000,10405,1101950000,1392,689
010120,2026-01-16,15:20:00,106000,106400,106000,106400,12585,1336760000,1456,1061
010120,2026-01-16,15:30:00,106600,106600,106600,106600,52685,5616220000,10416,0
010120,2026-01-19,09:05:00,106600,109000,105400,107800,79525,8532230000,10193,5706
010120,2026-01-19,09:10:00,107800,108800,106600,107600,54710,5892730000,6485,4457
010120,2026-01-19,09:15:00,107400,108000,107000,107200,27505,2955060000,2675,2826
010120,2026-01-19,09:20:00,107400,108400,107200,108200,31175,3363700000,4183,2052
010120,2026-01-19,09:25:00,108400,108400,107400,108000,36375,3924970000,3785,3490
010120,2026-01-19,09:30:00,108000,108000,107000,107200,31845,3416180000,2848,3521
010120,2026-01-19,09:35:00,107000,107600,106400,106400,15790,1690010000,1051,2107
010120,2026-01-19,09:40:00,106200,107000,106200,106200,18495,1971110000,1719,1980
010120,2026-01-19,09:45:00,106200,107000,106000,107000,12840,1366460000,1266,1302
010120,2026-01-19,09:50:00,107000,107200,106600,107200,7050,753860000,705,705
010120,2026-01-19,09:55:00,107200,107200,106200,106400,17040,1820430000,891,2517
010120,2026-01-19,10:00:00,106400,106600,106200,106400,15060,1602130000,1309,1703
010120,2026-01-19,10:05:00,106400,106600,106200,106600,9020,959680000,771,1033
010120,2026-01-19,10:10:00,106600,107000,106200,106800,7770,828310000,1013,541
010120,2026-01-19,10:15:00,106800,107200,106600,107000,8230,881280000,1161,485
010120,2026-01-19,10:20:00,107200,107600,106800,107200,11560,1239430000,1421,891
010120,2026-01-19,10:25:00,107000,107400,106800,107000,4980,533420000,221,775
010120,2026-01-19,10:30:00,106800,107000,106600,106600,4285,457770000,260,597
010120,2026-01-19,10:35:00,106600,107000,106600,106800,10020,1070340000,1321,683
010120,2026-01-19,10:40:00,106800,107000,106600,106600,9675,1032700000,377,1558
010120,2026-01-19,10:45:00,106600,106600,106200,106600,8890,946020000,591,1187
010120,2026-01-19,10:50:00,106400,107000,106400,106800,10910,1164240000,1372,810
010120,2026-01-19,10:55:00,106800,107400,106400,107000,13250,1415300000,1347,1303
010120,2026-01-19,11:00:00,107000,107200,107000,107200,4065,435240000,366,447
010120,2026-01-19,11:05:00,107200,107200,106600,106800,5170,552590000,450,584
010120,2026-01-19,11:10:00,106800,107000,106600,107000,4570,488310000,644,270
010120,2026-01-19,11:15:00,107000,107200,106800,107000,6825,730940000,748,617
010120,2026-01-19,11:20:00,107000,107200,106800,107000,4560,487750000,200,712
010120,2026-01-19,11:25:00,107200,107200,107000,107200,3330,356730000,418,248
010120,2026-01-19,11:30:00,107000,107200,106800,107000,5540,592890000,306,802
010120,2026-01-19,11:35:00,107200,107200,107000,107200,4270,457410000,522,332
010120,2026-01-19,11:40:00,107200,107400,107000,107200,8680,930960000,1236,500
010120,2026-01-19,11:45:00,107200,107400,107000,107400,6745,723260000,592,757
010120,2026-01-19,11:50:00,107200,107400,107000,107200,4985,534380000,414,583
010120,2026-01-19,11:55:00,107200,107200,106800,106800,4945,528980000,84,905
010120,2026-01-19,12:00:00,107000,107200,106800,107000,4065,435010000,412,401
010120,2026-01-19,12:05:00,106800,107000,106800,107000,4100,438070000,191,629
010120,2026-01-19,12:10:00,107000,107200,106800,107000,4775,511050000,618,337
010120,2026-01-19,12:15:00,107200,107200,106800,106800,2845,304210000,257,312
010120,2026-01-19,12:20:00,107000,107000,106800,106800,2690,287480000,188,350
010120,2026-01-19,12:25:00,107000,107000,106800,106800,4775,510260000,294,661
010120,2026-01-19,12:30:00,107000,107000,106600,106600,9380,1001250000,379,1497
010120,2026-01-19,12:35:00,106600,107000,106600,106800,6230,664770000,410,836
010120,2026-01-19,12:40:00,106800,107000,106800,106800,2055,219580000,108,303
010120,2026-01-19,12:45:00,107000,107600,106800,107600,8275,886820000,1455,200
010120,2026-01-19,12:50:00,107600,107600,107400,107400,4215,453010000,330,513
010120,2026-01-19,12:55:00,107400,107600,107200,107200,4750,510170000,153,797
010120,2026-01-19,13:00:00,107200,107400,107000,107000,5070,543290000,180,834
010120,2026-01-19,13:05:00,107000,107200,106800,106800,5270,563620000,459,595
010120,2026-01-19,13:10:00,106800,107200,106800,107000,4260,455770000,308,544
010120,2026-01-19,13:15:00,107000,107200,106800,106800,3625,387460000,203,522
010120,2026-01-19,13:20:00,106800,107200,106800,106800,5590,597760000,453,665
010120,2026-01-19,13:25:00,107000,107200,106600,106600,8120,867640000,650,974
010120,2026-01-19,13:30:00,106600,106800,106600,106600,4290,457760000,401,457
010120,2026-01-19,13:35:00,106600,106600,106400,106400,9765,1039870000,321,1632
010120,2026-01-19,13:40:00,106400,106800,106400,106800,5520,588460000,398,706
010120,2026-01-19,13:45:00,106600,107000,106600,106600,5820,621100000,483,681
010120,2026-01-19,13:50:00,106800,107000,106600,106800,4540,484930000,288,620
010120,2026-01-19,13:55:00,106800,107000,106600,106600,7730,824730000,473,1073
010120,2026-01-19,14:00:00,106600,107000,106600,106800,5845,624320000,279,890
010120,2026-01-19,14:05:00,106600,107000,106600,106600,4900,523070000,375,605
010120,2026-01-19,14:10:00,106800,107000,106600,106600,5240,558930000,333,715
010120,2026-01-19,14:15:00,106800,107000,106600,106800,6815,727750000,162,1201
010120,2026-01-19,14:20:00,107000,107000,106600,106600,10450,1114560000,213,1877
010120,2026-01-19,14:25:00,106800,107000,106400,106800,10025,1068670000,357,1648
010120,2026-01-19,14:30:00,106800,107000,106600,106800,8095,864150000,308,1311
010120,2026-01-19,14:35:00,106800,107000,106800,106800,3725,397910000,83,662
010120,2026-01-19,14:40:00,107000,107000,106600,106800,7290,778300000,390,1068
010120,2026-01-19,14:45:00,106800,107000,106400,106800,8015,854780000,282,1321
010120,2026-01-19,14:50:00,106800,107000,106600,106800,7180,767110000,685,751
010120,2026-01-19,14:55:00,106800,107000,106600,106600,9095,971800000,850,969
010120,2026-01-19,15:00:00,106600,106800,106600,106600,7050,751780000,254,1156
010120,2026-01-19,15:05:00,106600,106800,106600,106600,6470,689960000,250,1044
010120,2026-01-19,15:10:00,106800,106800,106600,106800,5550,592210000,577,533
010120,2026-01-19,15:15:00,106800,107000,106600,106800,9295,992170000,1019,840
010120,2026-01-19,15:20:00,107000,107000,106800,106800,16200,1732020000,1486,1754
010120,2026-01-19,15:30:00,106600,106600,106600,106600,30030,3201190000,5979,0
010120,2026-01-20,09:05:00,105600,105600,104200,104600,50580,5295630000,4417,5698
010120,2026-01-20,09:10:00,104800,105000,103800,104000,37730,3935360000,1688,5858
010120,2026-01-20,09:15:00,104100,104200,102000,102600,77305,7955930000,4136,11325
010120,2026-01-20,09:20:00,102700,102800,101200,101600,71900,7322690000,6184,8196
010120,2026-01-20,09:25:00,102000,103200,101400,103000,49000,5006020000,4790,5010
010120,2026-01-20,09:30:00,102800,103000,101800,102200,28820,2947000000,2095,3669
010120,2026-01-20,09:35:00,102000,103200,102000,102600,16255,1666100000,1777,1474
010120,2026-01-20,09:40:00,102800,103600,102600,103600,23175,2389270000,3422,1213
010120,2026-01-20,09:45:00,103400,104800,103400,104200,26910,2805060000,2392,2990
010120,2026-01-20,09:50:00,104200,104400,103000,103200,15880,1645560000,1045,2131
010120,2026-01-20,09:55:00,103200,103400,102800,103200,17320,1783780000,1321,2143
010120,2026-01-20,10:00:00,103000,103400,102800,103000,10410,1073210000,906,1176
010120,2026-01-20,10:05:00,102800,103000,102400,103000,18350,1884570000,1252,2418
010120,2026-01-20,10:10:00,103000,103000,102000,102400,27335,2800020000,1422,4045
010120,2026-01-20,10:15:00,102200,102400,102000,102200,14950,1527230000,477,2513
010120,2026-01-20,10:20:00,102000,102500,102000,102000,18220,1862040000,1036,2608
010120,2026-01-20,10:25:00,102000,102800,102000,102600,14015,1434490000,1500,1303
010120,2026-01-20,10:30:00,102600,103200,102400,103000,15940,1637010000,1827,1361
010120,2026-01-20,10:35:00,103000,103400,102600,103000,13485,1390860000,1499,1198
010120,2026-01-20,10:40:00,103200,103200,103000,103000,6110,630180000,838,384
010120,2026-01-20,10:45:00,103100,103400,103000,103400,12425,1280780000,807,1678
010120,2026-01-20,10:50:00,103200,104000,103200,103800,16205,1681440000,2613,628
010120,2026-01-20,10:55:00,103800,104000,103600,103800,9935,1032190000,989,998
010120,2026-01-20,11:00:00,103800,104200,103800,103800,8390,872150000,909,769
010120,2026-01-20,11:05:00,104000,104400,103800,103800,14845,1544360000,1562,1407
010120,2026-01-20,11:10:00,104000,104000,103600,103800,8365,867590000,315,1358
010120,2026-01-20,11:15:00,103800,104200,103600,103800,9265,962140000,704,1149
010120,2026-01-20,11:20:00,103600,104000,103200,103600,10940,1132540000,497,1691
010120,2026-01-20,11:25:00,103400,103800,103200,103800,6875,711520000,557,818
010120,2026-01-20,11:30:00,103800,104000,103600,103800,9630,999900000,969,957
010120,2026-01-20,11:35:00,103800,104200,103600,104000,6160,640190000,602,630
010120,2026-01-20,11:40:00,104000,104200,104000,104200,5345,556410000,536,533
010120,2026-01-20,11:45:00,104000,104400,104000,104400,5950,620070000,612,578
010120,2026-01-20,11:50:00,104200,104400,104200,104200,3745,390450000,268,481
010120,2026-01-20,11:55:00,104200,104400,104000,104400,10965,1142060000,1016,1177
010120,2026-01-20,12:00:00,104200,104400,104200,104400,5290,551640000,425,633
010120,2026-01-20,12:05:00,104400,104600,104200,104400,6610,689940000,781,541
010120,2026-01-20,12:10:00,104400,104600,104400,104500,4585,479070000,370,547
010120,2026-01-20,12:15:00,104600,104600,104400,104400,4575,478090000,365,550
010120,2026-01-20,12:20:00,104400,104600,104400,104400,9535,996620000,1057,850
010120,2026-01-20,12:25:00,104400,104800,104400,104600,8680,908180000,592,1144
010120,2026-01-20,12:30:00,104800,104800,104400,104600,9090,951120000,794,1024
010120,2026-01-20,12:35:00,104600,105000,104600,104800,7600,796670000,646,874
010120,2026-01-20,12:40:00,104600,104800,104600,104600,5015,524810000,235,768
010120,2026-01-20,12:45:00,104600,104800,104400,104400,5815,607700000,226,937
010120,2026-01-20,12:50:00,104400,104600,104400,104600,7285,761310000,719,738
010120,2026-01-20,12:55:00,104600,105000,104600,104800,8840,926490000,510,1258
010120,2026-01-20,13:00:00,104800,105400,104800,105400,12055,1266210000,1894,517
010120,2026-01-20,13:05:00,105200,105600,105200,105400,14030,1478580000,1541,1265
010120,2026-01-20,13:10:00,105200,105400,104800,105000,13710,1441580000,754,1988
010120,2026-01-20,13:15:00,105200,105200,104800,105200,14105,1482080000,1421,1400
010120,2026-01-20,13:20:00,105200,105400,104800,105000,7800,820080000,441,1119
010120,2026-01-20,13:25:00,105200,105400,105000,105200,8315,874140000,495,1168
010120,2026-01-20,13:30:00,105200,105800,105200,105600,19530,2062310000,2790,1116
010120,2026-01-20,13:35:00,105800,105800,105600,105600,7425,785140000,1054,431
010120,2026-01-20,13:40:00,105800,105800,105400,105400,11615,1227180000,720,1603
010120,2026-01-20,13:45:00,105600,105800,105200,105400,17795,1876270000,2138,1421
010120,2026-01-20,13:50:00,105600,105800,105400,105600,5810,613180000,480,682
010120,2026-01-20,13:55:00,105800,106000,105600,106000,12845,1359160000,1218,1351
010120,2026-01-20,14:00:00,105800,106000,105600,105600,8440,892800000,536,1152
010120,2026-01-20,14:05:00,105600,106000,105600,105800,11685,1235420000,1157,1180
010120,2026-01-20,14:10:00,105800,106400,105800,106200,13955,1480020000,2015,776
010120,2026-01-20,14:15:00,106200,106400,105800,105800,9770,1036440000,1292,662
010120,2026-01-20,14:20:00,105800,106200,105800,105800,8185,867330000,745,892
010120,2026-01-20,14:25:00,105800,106200,105800,106000,8150,863330000,826,804
010120,2026-01-20,14:30:00,105800,106000,105800,105800,6475,685400000,340,955
010120,2026-01-20,14:35:00,105800,106000,105800,105800,8105,857970000,463,1158
010120,2026-01-20,14:40:00,105800,106000,105600,105600,13085,1384950000,669,1948
010120,2026-01-20,14:45:00,105800,105800,105200,105600,23065,2430320000,1457,3156
010120,2026-01-20,14:50:00,105500,105800,105200,105600,10495,1107820000,1049,1050
010120,2026-01-20,14:55:00,105600,105800,105400,105400,15645,1652410000,1192,1937
010120,2026-01-20,15:00:00,105400,105600,105400,105400,6920,730150000,807,577
010120,2026-01-20,15:05:00,105400,105800,105400,105600,10905,1151660000,1094,1087
010120,2026-01-20,15:10:00,105600,105800,105400,105400,8200,865790000,507,1133
010120,2026-01-20,15:15:00,105400,105600,105000,105200,17055,1794850000,1076,2335
010120,2026-01-20,15:20:00,105400,105400,104600,104800,18955,1987520000,913,2878
010120,2026-01-20,15:30:00,105000,105000,105000,105000,33060,3471300000,6548,0
010120,2026-01-21,09:05:00,101400,103200,101200,101800,41095,4188000000,4807,3406
010120,2026-01-21,09:10:00,101800,102400,101600,101800,33725,3439850000,3237,3508
010120,2026-01-21,09:15:00,101800,103000,101200,102000,34095,3478440000,3232,3587
010120,2026-01-21,09:20:00,102000,102800,101600,102400,22065,2254580000,2237,2176
010120,2026-01-21,09:25:00,102200,102400,101800,101800,25895,2641570000,2021,3158
010120,2026-01-21,09:30:00,102000,102600,101800,102200,12115,1239250000,1678,745
010120,2026-01-21,09:35:00,102200,103000,102000,102600,14755,1513360000,2187,764
010120,2026-01-21,09:40:00,102800,102800,102200,102600,14640,1499610000,922,2006
010120,2026-01-21,09:45:00,102600,102800,101000,101200,32295,3284580000,664,5795
010120,2026-01-21,09:50:00,101000,101800,101000,101600,17825,1806980000,1753,1812
010120,2026-01-21,09:55:00,101600,101800,101200,101400,17640,1790690000,722,2806
010120,2026-01-21,10:00:00,101300,101400,101000,101000,18715,1893850000,1406,2337
010120,2026-01-21,10:05:00,101000,102000,101000,101400,18580,1882900000,1762,1954
010120,2026-01-21,10:10:00,101400,101600,101200,101600,10910,1106620000,645,1537
010120,2026-01-21,10:15:00,101400,101600,101000,101400,18325,1855240000,1150,2515
010120,2026-01-21,10:20:00,101200,101600,101200,101400,8095,820230000,503,1116
010120,2026-01-21,10:25:00,101200,101600,101200,101600,16290,1651090000,1834,1424
010120,2026-01-21,10:30:00,101600,101800,101200,101600,8135,825320000,688,939
010120,2026-01-21,10:35:00,101400,102200,101400,102000,11990,1220620000,1343,1055
010120,2026-01-21,10:40:00,102000,102200,101600,101700,7650,779320000,363,1167
010120,2026-01-21,10:45:00,101600,101800,101400,101600,12920,1312470000,570,2014
010120,2026-01-21,10:50:00,101600,101800,101400,101600,5920,601560000,335,849
010120,2026-01-21,10:55:00,101400,102000,101400,101400,13745,1397000000,1208,1541
010120,2026-01-21,11:00:00,101400,101800,101400,101800,6925,703310000,841,544
010120,2026-01-21,11:05:00,101800,101800,101400,101400,13235,1343410000,329,2318
010120,2026-01-21,11:10:00,101400,101600,101000,101200,27780,2813680000,1266,4290
010120,2026-01-21,11:15:00,101200,101400,101000,101200,5375,543970000,248,827
010120,2026-01-21,11:20:00,101200,101400,100600,100600,22155,2236470000,252,4179
010120,2026-01-21,11:25:00,100800,100800,100400,100400,19205,1931100000,1079,2762
010120,2026-01-21,11:30:00,100400,100600,99800,99800,32785,3281300000,747,5810
010120,2026-01-21,11:35:00,99800,99900,99200,99300,30625,3050090000,939,5186
010120,2026-01-21,11:40:00,99300,99600,99100,99200,22475,2231040000,1698,2797
010120,2026-01-21,11:45:00,99300,99500,99100,99200,17730,1759800000,1240,2306
010120,2026-01-21,11:50:00,99200,99700,99200,99600,15030,1492210000,1379,1627
010120,2026-01-21,11:55:00,99600,99900,99600,99800,12385,1235240000,1523,954
010120,2026-01-21,12:00:00,99800,100200,99700,99900,14020,1401910000,1433,1371
010120,2026-01-21,12:05:00,100000,100200,99700,100200,8235,823320000,814,833
010120,2026-01-21,12:10:00,100200,100600,100000,100200,14000,1404050000,912,1888
010120,2026-01-21,12:15:00,100200,100600,100000,100200,5620,563040000,688,436
010120,2026-01-21,12:20:00,100200,100800,100000,100600,6085,611130000,560,657
010120,2026-01-21,12:25:00,100600,100800,100200,100600,6440,647230000,547,741
010120,2026-01-21,12:30:00,100400,100600,100200,100200,6295,631500000,432,827
010120,2026-01-21,12:35:00,100200,100400,100200,100200,5615,562840000,219,904
010120,2026-01-21,12:40:00,100200,100400,100200,100200,4685,469840000,400,537
010120,2026-01-21,12:45:00,100400,100600,100200,100400,9385,942900000,997,880
010120,2026-01-21,12:50:00,100400,100600,100200,100200,6975,699900000,566,829
010120,2026-01-21,12:55:00,100200,100400,100000,100000,11210,1123230000,675,1567
010120,2026-01-21,13:00:00,100200,100200,99700,99700,20780,2076310000,299,3857
010120,2026-01-21,13:05:00,99700,100200,99700,99800,9800,978710000,799,1161
010120,2026-01-21,13:10:00,99900,99900,99700,99800,7800,777890000,180,1380
010120,2026-01-21,13:15:00,99800,100200,99700,100000,11445,1143760000,1010,1279
010120,2026-01-21,13:20:00,100000,100200,99800,100000,9235,922880000,855,992
010120,2026-01-21,13:25:00,100000,100000,99800,99800,4980,497560000,225,771
010120,2026-01-21,13:30:00,99800,100200,99800,100200,8915,891390000,1306,477
010120,2026-01-21,13:35:00,100200,100600,100000,100400,6435,645520000,925,362
010120,2026-01-21,13:40:00,100500,100600,100400,100600,4145,416520000,360,469
010120,2026-01-21,13:45:00,100600,100600,100400,100400,6170,619910000,444,790
010120,2026-01-21,13:50:00,100400,100600,100000,100400,9085,910880000,321,1496
010120,2026-01-21,13:55:00,100400,100400,100000,100000,8580,858910000,191,1525
010120,2026-01-21,14:00:00,100000,100200,99900,100000,8275,827900000,440,1215
010120,2026-01-21,14:05:00,100000,100400,100000,100300,10780,1079590000,1054,1102
010120,2026-01-21,14:10:00,100400,100400,100200,100200,6595,661120000,308,1011
010120,2026-01-21,14:15:00,100200,100800,100200,100600,10795,1084420000,1562,597
010120,2026-01-21,14:20:00,100600,100800,100400,100600,8495,855420000,872,827
010120,2026-01-21,14:25:00,100600,100800,100400,100400,7085,712820000,365,1052
010120,2026-01-21,14:30:00,100400,100600,100200,100400,9895,993350000,901,1078
010120,2026-01-21,14:35:00,100400,101000,100400,101000,10790,1086790000,1096,1062
010120,2026-01-21,14:40:00,100800,101000,100600,100800,10775,1086370000,538,1617
010120,2026-01-21,14:45:00,100800,101200,100600,101000,13470,1359480000,1367,1327
010120,2026-01-21,14:50:00,100800,101200,100800,101000,10100,1020470000,659,1361
010120,2026-01-21,14:55:00,101000,101400,101000,101000,13610,1376860000,1628,1094
010120,2026-01-21,15:00:00,101200,101200,100800,101000,8255,833980000,453,1198
010120,2026-01-21,15:05:00,101000,101200,100600,100800,13405,1351170000,889,1792
010120,2026-01-21,15:10:00,101000,101000,100600,101000,9210,928460000,509,1333
010120,2026-01-21,15:15:00,100800,101000,100800,101000,12670,1277730000,622,1912
010120,2026-01-21,15:20:00,100800,101000,100400,100800,17010,1714270000,934,2468
010120,2026-01-21,15:30:00,101200,101200,101200,101200,44865,4540340000,8921,0
010120,2026-01-22,09:05:00,104400,107600,103200,104800,142380,14982570000,17348,11128
010120,2026-01-22,09:10:00,104800,104800,103800,103800,41405,4322470000,4457,3824
010120,2026-01-22,09:15:00,103800,104800,102600,102800,42485,4409810000,3333,5164
010120,2026-01-22,09:20:00,103000,104200,102600,103800,25650,2651850000,3046,2084
010120,2026-01-22,09:25:00,103800,104600,103800,103800,28590,2981520000,3317,2401
010120,2026-01-22,09:30:00,103800,104600,103400,104200,26825,2791270000,3789,1576
010120,2026-01-22,09:35:00,104200,104200,103000,103000,14345,1486090000,895,1974
010120,2026-01-22,09:40:00,103000,103400,102600,102800,19620,2020880000,1236,2688
010120,2026-01-22,09:45:00,102800,103600,102600,103400,13280,1368010000,1518,1138
010120,2026-01-22,09:50:00,103400,104000,103400,104000,12520,1299320000,1668,836
010120,2026-01-22,09:55:00,103800,104200,103200,103400,12800,1328550000,1205,1355
010120,2026-01-22,10:00:00,103200,103600,103000,103400,11050,1140210000,749,1461
010120,2026-01-22,10:05:00,103200,103600,103200,103400,10260,1061260000,1213,839
010120,2026-01-22,10:10:00,103400,103600,103000,103200,8330,860040000,957,709
010120,2026-01-22,10:15:00,103200,103600,103200,103200,10255,1059540000,1216,835
010120,2026-01-22,10:20:00,103400,104600,103100,103600,39205,4079200000,5113,2728
010120,2026-01-22,10:25:00,103600,104200,103600,104000,9175,954010000,1162,673
010120,2026-01-22,10:30:00,104000,104400,104000,104000,10330,1076090000,1235,831
010120,2026-01-22,10:35:00,104000,104600,104000,104400,10465,1091950000,1328,765
010120,2026-01-22,10:40:00,104400,105200,104400,105000,30960,3247360000,3796,2396
010120,2026-01-22,10:45:00,104800,105200,104400,104600,9460,992160000,841,1051
010120,2026-01-22,10:50:00,104400,104600,104200,104400,4535,473700000,437,470
010120,2026-01-22,10:55:00,104200,104800,104200,104400,9035,944840000,1189,618
010120,2026-01-22,11:00:00,104600,104800,104400,104800,6010,629000000,720,482
010120,2026-01-22,11:05:00,104600,104800,104400,104400,6310,659460000,811,451
010120,2026-01-22,11:10:00,104400,104800,104000,104000,6230,650850000,699,547
010120,2026-01-22,11:15:00,104000,104800,104000,104600,8580,896460000,1115,601
010120,2026-01-22,11:20:00,104600,105000,104600,104800,16245,1700800000,1869,1380
010120,2026-01-22,11:25:00,104800,105000,104600,104600,5335,558680000,318,749
010120,2026-01-22,11:30:00,104600,104800,104000,104600,7020,733350000,610,794
010120,2026-01-22,11:35:00,104400,104600,104000,104000,10665,1112380000,560,1573
010120,2026-01-22,11:40:00,104000,104200,103800,104000,6925,719880000,326,1059
010120,2026-01-22,11:45:00,103800,104200,103800,104000,9075,943910000,505,1310
010120,2026-01-22,11:50:00,104200,104400,104000,104200,5240,545490000,390,658
010120,2026-01-22,11:55:00,104400,104600,104200,104400,5940,620420000,501,687
010120,2026-01-22,12:00:00,104400,104800,104400,104600,7945,831090000,1083,506
010120,2026-01-22,12:05:00,104800,105200,104600,105200,21735,2281810000,4070,277
010120,2026-01-22,12:10:00,105200,105200,104800,105200,11600,1218390000,989,1331
010120,2026-01-22,12:15:00,105200,105400,105000,105400,10585,1112830000,1190,927
010120,2026-01-22,12:20:00,105200,105400,105200,105400,6095,641840000,655,564
010120,2026-01-22,12:25:00,105400,105600,105200,105400,11750,1238170000,1719,631
010120,2026-01-22,12:30:00,105400,105400,105200,105400,6090,641140000,623,595
010120,2026-01-22,12:35:00,105300,105400,105000,105200,13070,1374980000,1209,1405
010120,2026-01-22,12:40:00,105200,105200,104600,104800,8455,887180000,482,1209
010120,2026-01-22,12:45:00,104800,105000,104400,104800,6310,660710000,544,718
010120,2026-01-22,12:50:00,104700,104800,104400,104400,9985,1044920000,595,1402
010120,2026-01-22,12:55:00,104400,104600,104200,104600,5450,568670000,651,439
010120,2026-01-22,13:00:00,104500,104600,104000,104200,8785,916230000,755,1002
010120,2026-01-22,13:05:00,104200,104400,104000,104000,5215,543150000,300,743
010120,2026-01-22,13:10:00,103800,104000,103600,104000,9215,957420000,955,888
010120,2026-01-22,13:15:00,104000,104000,103400,103600,8090,839270000,527,1091
010120,2026-01-22,13:20:00,103600,104000,103600,104000,9245,959000000,916,933
010120,2026-01-22,13:25:00,104000,104400,104000,104000,5705,594250000,503,638
010120,2026-01-22,13:30:00,104000,104600,103800,104400,11755,1224210000,1586,765
010120,2026-01-22,13:35:00,104400,104800,104200,104600,11225,1173060000,1467,778
010120,2026-01-22,13:40:00,104600,104800,104400,104400,6040,631310000,562,646
010120,2026-01-22,13:45:00,104600,104800,104400,104600,6170,644900000,706,528
010120,2026-01-22,13:50:00,104600,104800,104200,104500,6105,637720000,624,597
010120,2026-01-22,13:55:00,104600,104600,104200,104400,4670,487890000,514,420
010120,2026-01-22,14:00:00,104400,104600,104200,104400,5040,526550000,413,595
010120,2026-01-22,14:05:00,104600,104600,104200,104200,7780,812190000,749,807
010120,2026-01-22,14:10:00,104400,104400,104000,104200,6590,686970000,745,573
010120,2026-01-22,14:15:00,104200,104400,103800,104000,8435,877820000,779,908
010120,2026-01-22,14:20:00,104000,104200,103600,103600,8000,831410000,551,1049
010120,2026-01-22,14:25:00,103800,103800,103400,103600,9775,1012640000,466,1489
010120,2026-01-22,14:30:00,103600,104000,103400,103600,10735,1113650000,1324,823
010120,2026-01-22,14:35:00,103800,103800,103400,103600,8665,897940000,752,981
010120,2026-01-22,14:40:00,103600,103800,103200,103600,11020,1140680000,1113,1091
010120,2026-01-22,14:45:00,103800,104000,103600,103800,9375,972500000,1016,859
010120,2026-01-22,14:50:00,103600,104000,103200,103800,11895,1232650000,994,1385
010120,2026-01-22,14:55:00,103800,104000,103200,103200,11710,1212460000,962,1380
010120,2026-01-22,15:00:00,103200,103600,103000,103200,13200,1362860000,1155,1485
010120,2026-01-22,15:05:00,103200,103600,103000,103400,11165,1153930000,918,1315
010120,2026-01-22,15:10:00,103400,103600,103000,103000,12990,1342440000,978,1620
010120,2026-01-22,15:15:00,103000,103400,103000,103000,12175,1255370000,773,1662
010120,2026-01-22,15:20:00,103200,103400,103000,103200,9190,948310000,768,1070
010120,2026-01-22,15:30:00,103400,103400,103400,103400,40215,4158230000,8043,0
010120,2026-01-23,09:05:00,103800,103800,101000,102400,38760,3967210000,2622,5122
010120,2026-01-23,09:10:00,102400,103000,101400,102800,22815,2333320000,1427,3136
010120,2026-01-23,09:15:00,102800,103200,102000,103000,14225,1459450000,1214,1631
010120,2026-01-23,09:20:00,103000,104400,102600,104200,31570,3273750000,3336,2978
010120,2026-01-23,09:25:00,104100,104800,103200,103400,19770,2058540000,2165,1789
010120,2026-01-23,09:30:00,103600,103600,102800,103200,13195,1362430000,895,1744
010120,2026-01-23,09:35:00,103400,103800,103200,103200,11795,1220660000,915,1444
010120,2026-01-23,09:40:00,103400,103800,103400,103600,8430,872850000,708,978
010120,2026-01-23,09:45:00,103600,104400,103600,104000,8280,861330000,1400,256
010120,2026-01-23,09:50:00,104200,104200,103000,103000,19000,1966290000,315,3485
010120,2026-01-23,09:55:00,103400,103600,103000,103200,4135,426900000,337,490
010120,2026-01-23,10:00:00,103300,103400,103000,103000,7670,791550000,279,1255
010120,2026-01-23,10:05:00,103000,103800,103000,103600,4875,503550000,646,329
010120,2026-01-23,10:10:00,103600,103800,103200,103400,8045,831650000,537,1072
010120,2026-01-23,10:15:00,103200,103400,103000,103000,7620,785810000,193,1331
010120,2026-01-23,10:20:00,103000,103400,102800,103000,5695,586650000,554,585
010120,2026-01-23,10:25:00,103000,103400,103000,103000,3150,324590000,109,521
010120,2026-01-23,10:30:00,103000,103000,102800,102800,8870,912310000,394,1380
010120,2026-01-23,10:35:00,103000,103000,102400,102600,13425,1378050000,439,2246
010120,2026-01-23,10:40:00,102400,102600,101800,101800,16930,1729750000,439,2947
010120,2026-01-23,10:45:00,101800,102000,101600,101800,12350,1257100000,566,1904
010120,2026-01-23,10:50:00,101800,102000,101400,101400,12085,1226660000,144,2273
010120,2026-01-23,10:55:00,101400,101800,101400,101600,13785,1401250000,1569,1188
010120,2026-01-23,11:00:00,101600,101800,101200,101400,11125,1128980000,466,1759
010120,2026-01-23,11:05:00,101400,101600,101200,101400,7885,799410000,355,1222
010120,2026-01-23,11:10:00,101400,101400,101000,101000,16485,1667040000,498,2799
010120,2026-01-23,11:15:00,101200,102000,101000,101800,15120,1534520000,1251,1773
010120,2026-01-23,11:20:00,101800,102000,101800,101800,3050,310620000,131,479
010120,2026-01-23,11:25:00,102000,102000,101800,101800,2420,246450000,90,394
010120,2026-01-23,11:30:00,102000,102400,101800,102200,6805,694180000,741,620
010120,2026-01-23,11:35:00,102200,102600,102200,102400,5510,564080000,420,682
010120,2026-01-23,11:40:00,102200,102400,102000,102000,2755,281460000,58,493
010120,2026-01-23,11:45:00,102000,102200,102000,102200,4910,501060000,165,817
010120,2026-01-23,11:50:00,102000,102200,102000,102000,3475,354490000,46,649
010120,2026-01-23,11:55:00,102000,102200,102000,102000,2715,277030000,105,438
010120,2026-01-23,12:00:00,102200,102200,101800,102000,2685,273520000,84,453
010120,2026-01-23,12:05:00,101800,102200,101600,102000,6280,639580000,818,438
010120,2026-01-23,12:10:00,102200,102200,102000,102000,3180,324530000,173,463
010120,2026-01-23,12:15:00,102000,102200,101800,101800,4155,423930000,253,578
010120,2026-01-23,12:20:00,101800,102200,101800,102000,9925,1012790000,1266,719
010120,2026-01-23,12:25:00,102000,102200,102000,102000,4100,418610000,419,401
010120,2026-01-23,12:30:00,102000,102400,102000,102400,8865,906560000,772,1001
010120,2026-01-23,12:35:00,102200,102600,102200,102400,4795,491270000,690,269
010120,2026-01-23,12:40:00,102400,102600,102200,102600,11595,1187670000,1207,1112
010120,2026-01-23,12:45:00,102400,102800,102400,102600,4175,428600000,581,254
010120,2026-01-23,12:50:00,102600,103200,102600,103000,11025,1133750000,1129,1076
010120,2026-01-23,12:55:00,103000,103200,103000,103200,4490,463100000,629,269
010120,2026-01-23,13:00:00,103200,103400,103000,103000,6260,645900000,455,797
010120,2026-01-23,13:05:00,103000,103200,103000,103000,6935,714970000,663,724
010120,2026-01-23,13:10:00,103000,103200,102800,102800,7130,734760000,604,822
010120,2026-01-23,13:15:00,103000,103000,102400,102400,7385,758190000,284,1193
010120,2026-01-23,13:20:00,102400,102600,102200,102200,6825,698860000,192,1173
010120,2026-01-23,13:25:00,102400,102400,102200,102400,4985,510010000,547,450
010120,2026-01-23,13:30:00,102400,102400,102200,102400,5900,603690000,712,468
010120,2026-01-23,13:35:00,102200,102400,102000,102200,14025,1433360000,427,2378
010120,2026-01-23,13:40:00,102000,102200,101800,101800,8995,917770000,500,1299
010120,2026-01-23,13:45:00,101800,102000,101600,101600,6490,660830000,249,1049
010120,2026-01-23,13:50:00,101600,101800,101600,101600,10975,1115930000,893,1302
010120,2026-01-23,13:55:00,101600,101800,101200,101400,13090,1328770000,390,2228
010120,2026-01-23,14:00:00,101200,101400,101000,101000,12640,1278940000,446,2082
010120,2026-01-23,14:05:00,101000,101200,100600,100600,30300,3057490000,1184,4876
010120,2026-01-23,14:10:00,100800,101400,100400,101400,27155,2737310000,2681,2750
010120,2026-01-23,14:15:00,101400,101400,101200,101400,8040,814720000,1067,541
010120,2026-01-23,14:20:00,101200,101800,101200,101600,11675,1185530000,762,1573
010120,2026-01-23,14:25:00,101400,101800,101200,101600,11380,1154350000,1445,831
010120,2026-01-23,14:30:00,101600,101800,101400,101700,5600,568760000,603,517
010120,2026-01-23,14:35:00,101600,101800,101600,101600,5010,509380000,386,616
010120,2026-01-23,14:40:00,101800,101800,101400,101800,9830,999140000,1002,964
010120,2026-01-23,14:45:00,101800,101800,101600,101700,6160,626230000,397,835
010120,2026-01-23,14:50:00,101600,101800,101600,101600,10100,1026650000,514,1506
010120,2026-01-23,14:55:00,101600,101800,101400,101600,13805,1402470000,626,2135
010120,2026-01-23,15:00:00,101600,102000,101400,101800,14135,1436580000,965,1862
010120,2026-01-23,15:05:00,101600,102200,101600,101800,13255,1350300000,1344,1307
010120,2026-01-23,15:10:00,101800,102000,101800,101800,8815,898200000,838,925
010120,2026-01-23,15:15:00,101800,102000,101800,102000,12930,1318060000,1779,807
010120,2026-01-23,15:20:00,102000,102200,101800,102000,15225,1554010000,1833,1212
010120,2026-01-23,15:30:00,101800,101800,101800,101800,56450,5746610000,11280,0
010120,2026-01-26,09:05:00,101200,101600,100000,100800,25315,2552360000,2499,2564
010120,2026-01-26,09:10:00,101000,101400,100800,101400,7550,763580000,793,717
010120,2026-01-26,09:15:00,101400,101800,101000,101600,10060,1020740000,993,1019
010120,2026-01-26,09:20:00,101600,102000,101200,101400,20195,2056390000,2140,1899
010120,2026-01-26,09:25:00,101400,101600,100600,101000,19595,1982910000,1378,2541
010120,2026-01-26,09:30:00,101000,101400,100600,100800,10285,1037260000,632,1425
010120,2026-01-26,09:35:00,100800,101400,100800,101400,10270,1037580000,688,1366
010120,2026-01-26,09:40:00,101200,101500,100800,101000,5710,576860000,443,699
010120,2026-01-26,09:45:00,101000,101200,100800,101000,7975,805180000,620,975
010120,2026-01-26,09:50:00,101000,101600,100800,101400,4960,502180000,464,528
010120,2026-01-26,09:55:00,101400,101800,100800,101000,14335,1449470000,712,2155
010120,2026-01-26,10:00:00,101000,101400,100800,101200,7020,709360000,672,732
010120,2026-01-26,10:05:00,101000,101800,101000,101400,4055,411130000,440,371
010120,2026-01-26,10:10:00,101600,102200,101400,102000,17010,1733660000,2118,1284
010120,2026-01-26,10:15:00,101800,101800,101000,101000,13280,1346350000,399,2257
010120,2026-01-26,10:20:00,101200,101400,100800,100800,7625,770400000,271,1254
010120,2026-01-26,10:25:00,100800,101200,100800,100800,7250,731550000,552,898
010120,2026-01-26,10:30:00,100800,101000,100600,100800,11040,1112170000,465,1743
010120,2026-01-26,10:35:00,100600,100800,100200,100200,19055,1912340000,432,3379
010120,2026-01-26,10:40:00,100200,100400,100000,100200,21435,2145740000,883,3404
010120,2026-01-26,10:45:00,100200,100200,99800,99800,25735,2573040000,859,4288
010120,2026-01-26,10:50:00,99800,99900,99200,99400,35090,3492200000,999,6019
010120,2026-01-26,10:55:00,99400,99800,99200,99600,21085,2096220000,1201,3016
010120,2026-01-26,11:00:00,99700,99900,99600,99700,9735,970980000,622,1325
010120,2026-01-26,11:05:00,99800,99800,99400,99500,18275,1819620000,676,2979
010120,2026-01-26,11:10:00,99500,99600,99400,99500,8715,866780000,546,1197
010120,2026-01-26,11:15:00,99400,99500,99300,99400,9830,977250000,510,1456
010120,2026-01-26,11:20:00,99400,99400,99300,99300,6075,603580000,668,547
010120,2026-01-26,11:25:00,99400,99600,99300,99500,8155,810330000,762,869
010120,2026-01-26,11:30:00,99600,99700,99400,99700,5000,497910000,529,471
010120,2026-01-26,11:35:00,99800,99800,99500,99600,5040,501940000,252,756
010120,2026-01-26,11:40:00,99600,99700,99500,99600,6255,623070000,359,892
010120,2026-01-26,11:45:00,99500,99800,99500,99600,8500,846700000,650,1050
010120,2026-01-26,11:50:00,99600,99600,99400,99400,7590,755350000,580,938
010120,2026-01-26,11:55:00,99400,99600,99300,99400,10020,996120000,332,1672
010120,2026-01-26,12:00:00,99300,99500,99300,99300,4495,446600000,457,442
010120,2026-01-26,12:05:00,99300,99400,99200,99400,9775,970710000,497,1458
010120,2026-01-26,12:10:00,99300,99500,99300,99300,7070,702630000,754,660
010120,2026-01-26,12:15:00,99300,99400,99200,99300,15440,1532260000,379,2709
010120,2026-01-26,12:20:00,99300,99300,99100,99100,13750,1363770000,694,2056
010120,2026-01-26,12:25:00,99100,99300,99100,99200,8905,882890000,592,1189
010120,2026-01-26,12:30:00,99200,99300,99000,99200,7865,779430000,544,1029
010120,2026-01-26,12:35:00,99100,99200,99000,99100,9425,934110000,240,1645
010120,2026-01-26,12:40:00,99100,99200,99000,99150,9255,916750000,342,1509
010120,2026-01-26,12:45:00,99100,99200,99100,99200,4720,467990000,457,487
010120,2026-01-26,12:50:00,99200,99200,98900,99000,29190,2890260000,578,5260
010120,2026-01-26,12:55:00,99000,99000,98900,99000,7245,716880000,703,746
010120,2026-01-26,13:00:00,99000,99000,98800,98900,14025,1386580000,876,1929
010120,2026-01-26,13:05:00,98800,98900,98800,98800,6800,672080000,481,879
010120,2026-01-26,13:10:00,98900,98900,98800,98800,4820,476370000,305,659
010120,2026-01-26,13:15:00,98800,99000,98700,98800,15065,1488580000,1017,1996
010120,2026-01-26,13:20:00,98800,99000,98800,98900,6770,669570000,409,945
010120,2026-01-26,13:25:00,98900,99100,98800,99000,7410,733050000,352,1130
010120,2026-01-26,13:30:00,99100,99300,99100,99100,4220,418410000,344,500
010120,2026-01-26,13:35:00,99100,99200,99000,99000,6430,637170000,311,975
010120,2026-01-26,13:40:00,99100,99100,98900,99000,8370,828670000,561,1113
010120,2026-01-26,13:45:00,99000,99200,98900,99100,4855,480820000,435,536
010120,2026-01-26,13:50:00,99100,99200,98900,98900,7475,740040000,305,1190
010120,2026-01-26,13:55:00,98900,99000,98800,98800,9915,980510000,606,1377
010120,2026-01-26,14:00:00,98800,99000,98800,98800,8295,820500000,431,1228
010120,2026-01-26,14:05:00,98900,98900,98600,98700,22900,2261180000,943,3637
010120,2026-01-26,14:10:00,98700,98800,98600,98700,9465,934000000,360,1533
010120,2026-01-26,14:15:00,98600,98800,98400,98500,17600,1734570000,677,2843
010120,2026-01-26,14:20:00,98500,100400,98500,99700,63995,6369960000,7052,5747
010120,2026-01-26,14:25:00,99800,100000,98900,98900,23555,2342700000,1475,3236
010120,2026-01-26,14:30:00,98900,99100,98700,99000,13670,1351320000,505,2229
010120,2026-01-26,14:35:00,99000,99300,98900,99000,9210,912490000,525,1317
010120,2026-01-26,14:40:00,99000,99300,99000,99200,8930,885060000,541,1245
010120,2026-01-26,14:45:00,99200,99400,99000,99200,7445,738330000,403,1086
010120,2026-01-26,14:50:00,99200,99800,99200,99600,7970,793570000,818,776
010120,2026-01-26,14:55:00,99600,99800,99600,99600,7485,746230000,571,926
010120,2026-01-26,15:00:00,99600,99600,99400,99400,7345,730620000,603,866
010120,2026-01-26,15:05:00,99400,99900,99400,99800,8015,798790000,582,1021
010120,2026-01-26,15:10:00,99800,99900,99600,99800,9730,970480000,688,1258
010120,2026-01-26,15:15:00,99800,100400,99800,100000,14920,1492850000,2048,936
010120,2026-01-26,15:20:00,100000,100200,100000,100200,9195,920840000,1185,654
010120,2026-01-26,15:30:00,100200,100200,100200,100200,32830,3289550000,6528,0
010120,2026-01-27,09:05:00,100600,100600,98500,98700,44800,4456650000,2784,6165
010120,2026-01-27,09:10:00,98500,98700,97100,97700,43085,4211040000,2219,6398
010120,2026-01-27,09:15:00,97700,99300,97600,99100,22010,2169470000,2401,2001
010120,2026-01-27,09:20:00,99300,101000,99200,100200,20000,2000820000,2619,1381
010120,2026-01-27,09:25:00,100400,101000,100000,100200,16435,1651690000,2275,1012
010120,2026-01-27,09:30:00,100400,101000,100200,100200,16355,1644350000,1833,1438
010120,2026-01-27,09:35:00,100200,101000,100200,100800,14945,1503940000,1713,1276
010120,2026-01-27,09:40:00,100800,101000,100400,100600,5570,560610000,506,608
010120,2026-01-27,09:45:00,100600,101200,100600,101000,12140,1224810000,1502,926
010120,2026-01-27,09:50:00,101200,101200,100400,101000,11980,1209070000,1077,1319
010120,2026-01-27,09:55:00,101000,101400,100600,101200,15960,1613340000,1857,1335
010120,2026-01-27,10:00:00,101000,101200,100600,100800,5915,596420000,473,710
010120,2026-01-27,10:05:00,100600,101000,100600,100800,9720,979330000,1107,837
010120,2026-01-27,10:10:00,100600,101000,100400,101000,7240,729350000,671,777
010120,2026-01-27,10:15:00,100800,101000,100400,100800,7650,771300000,639,891
010120,2026-01-27,10:20:00,100600,100800,100400,100800,9915,997930000,1031,952
010120,2026-01-27,10:25:00,100800,101000,100200,100200,6035,605750000,310,897
010120,2026-01-27,10:30:00,100200,100600,100200,100400,4185,420080000,330,507
010120,2026-01-27,10:35:00,100400,100800,100200,100400,3760,377630000,266,486
010120,2026-01-27,10:40:00,100400,100600,100200,100200,4880,489880000,179,797
010120,2026-01-27,10:45:00,100400,100800,100200,100400,5795,582680000,771,388
010120,2026-01-27,10:50:00,100400,101000,100400,100800,6915,696620000,801,582
010120,2026-01-27,10:55:00,101000,106200,100800,105000,279210,29094800000,37131,18711
010120,2026-01-27,11:00:00,105200,108000,103800,106600,271790,28893250000,35591,18767
010120,2026-01-27,11:05:00,106600,108200,105800,108000,187830,20125150000,27165,10401
010120,2026-01-27,11:10:00,108200,111200,108000,110600,262565,28716240000,41510,11003
010120,2026-01-27,11:15:00,110700,111400,108000,110000,297770,32745320000,28958,30596
010120,2026-01-27,11:20:00,110000,111000,109400,110000,172375,19008800000,22627,11848
010120,2026-01-27,11:25:00,110000,111200,109600,109800,129965,14385070000,14920,11073
010120,2026-01-27,11:30:00,109800,110200,108400,109000,94110,10263890000,6494,12328
010120,2026-01-27,11:35:00,108800,109600,108000,108800,64745,7037910000,6475,6474
010120,2026-01-27,11:40:00,108800,109200,108000,108400,40975,4454280000,3344,4851
010120,2026-01-27,11:45:00,108400,109800,108200,109800,56665,6188550000,7232,4101
010120,2026-01-27,11:50:00,109800,109800,109200,109400,41030,4493960000,4432,3774
010120,2026-01-27,11:55:00,109200,109800,108600,109000,26850,2930450000,3180,2190
010120,2026-01-27,12:00:00,109000,109600,108800,109200,24255,2649750000,3840,1011
010120,2026-01-27,12:05:00,109400,109400,108000,108200,54425,5902720000,3787,7098
010120,2026-01-27,12:10:00,108200,109000,107600,108800,30240,3274950000,3639,2409
010120,2026-01-27,12:15:00,108800,109000,108200,108400,18860,2050050000,1909,1863
010120,2026-01-27,12:20:00,108400,108600,107600,108000,30445,3288360000,2693,3396
010120,2026-01-27,12:25:00,108000,108600,107600,108000,14815,1601510000,1449,1514
010120,2026-01-27,12:30:00,107800,108200,107600,107800,18500,1996600000,1864,1836
010120,2026-01-27,12:35:00,107800,108000,107200,107600,28015,3011890000,2107,3496
010120,2026-01-27,12:40:00,107600,107800,107400,107800,14775,1589530000,1447,1508
010120,2026-01-27,12:45:00,107800,108400,107600,107800,19850,2143770000,2169,1801
010120,2026-01-27,12:50:00,107800,108000,107400,107600,28690,3087040000,3601,2137
010120,2026-01-27,12:55:00,107600,108200,107200,108000,18070,1945930000,1871,1743
010120,2026-01-27,13:00:00,107800,108200,107800,108200,21915,2366630000,3062,1321
010120,2026-01-27,13:05:00,108200,108200,107200,107800,21585,2322820000,1618,2699
010120,2026-01-27,13:10:00,107800,108200,107800,107800,16885,1823060000,2342,1035
010120,2026-01-27,13:15:00,107900,109400,107600,109200,53530,5815720000,8840,1866
010120,2026-01-27,13:20:00,109200,109600,109000,109600,38610,4224570000,5237,2485
010120,2026-01-27,13:25:00,109400,109600,109000,109200,30475,3332850000,3676,2419
010120,2026-01-27,13:30:00,109400,109400,108000,108400,34765,3773900000,2473,4480
010120,2026-01-27,13:35:00,108400,108600,108000,108200,12910,1398450000,1399,1183
010120,2026-01-27,13:40:00,108400,108600,108400,108600,11890,1290200000,1794,584
010120,2026-01-27,13:45:00,108600,108600,108200,108400,17790,1929300000,2745,813
010120,2026-01-27,13:50:00,108200,108600,108000,108000,17195,1861990000,2356,1083
010120,2026-01-27,13:55:00,108200,108400,107800,108000,21585,2333340000,2548,1769
010120,2026-01-27,14:00:00,108000,108600,107800,108200,17235,1863950000,2194,1253
010120,2026-01-27,14:05:00,108200,108600,107800,108400,31885,3447450000,4597,1780
010120,2026-01-27,14:10:00,108600,108600,108000,108200,10950,1187520000,1356,834
010120,2026-01-27,14:15:00,108400,108600,108200,108600,10035,1088420000,1260,747
010120,2026-01-27,14:20:00,108600,108800,108400,108800,15420,1674440000,2368,716
010120,2026-01-27,14:25:00,108600,109000,108600,108800,19840,2158220000,2263,1705
010120,2026-01-27,14:30:00,109000,109000,108600,108800,14285,1555620000,1737,1120
010120,2026-01-27,14:35:00,109000,109000,108000,108400,22830,2474960000,1702,2864
010120,2026-01-27,14:40:00,108400,108400,107800,107800,19985,2158520000,1335,2662
010120,2026-01-27,14:45:00,107800,108200,107800,108200,13340,1441080000,1826,842
010120,2026-01-27,14:50:00,108100,108200,108000,108000,14795,1599010000,1258,1701
010120,2026-01-27,14:55:00,108000,108200,107600,107800,25625,2766080000,2515,2610
010120,2026-01-27,15:00:00,107800,108200,107600,108200,23835,2574020000,3269,1498
010120,2026-01-27,15:05:00,108200,108600,108000,108300,19790,2143500000,2649,1309
010120,2026-01-27,15:10:00,108400,108400,108000,108200,19185,2077080000,1448,2389
010120,2026-01-27,15:15:00,108200,108400,108000,108000,26590,2878790000,2952,2366
010120,2026-01-27,15:20:00,108000,108200,107400,107600,37050,3997190000,2629,4781
010120,2026-01-27,15:30:00,107400,107400,107400,107400,92155,9897440000,18273,0
010120,2026-01-28,09:05:00,112000,115000,109600,110000,460810,51946010000,49602,42560
010120,2026-01-28,09:10:00,109800,112200,108600,112000,162460,17898800000,17719,14773
010120,2026-01-28,09:15:00,112200,113200,111200,111800,105720,11869770000,11921,9223
010120,2026-01-28,09:20:00,112000,112000,109600,109600,48125,5335230000,2950,6675
010120,2026-01-28,09:25:00,109600,109800,107800,108200,93340,10149740000,4154,14514
010120,2026-01-28,09:30:00,108200,108800,107400,108200,59560,6427170000,3718,8194
010120,2026-01-28,09:35:00,108400,109400,108000,109200,23930,2604710000,2870,1916
010120,2026-01-28,09:40:00,109200,109400,108400,108400,21515,2341650000,1341,2962
010120,2026-01-28,09:45:00,108600,109200,108400,109200,15105,1642920000,1500,1521
010120,2026-01-28,09:50:00,109000,110000,109000,109200,24835,2720640000,2575,2392
010120,2026-01-28,09:55:00,109000,109800,108600,109800,32305,3522980000,4271,2190
010120,2026-01-28,10:00:00,109800,110000,109400,109400,16760,1838110000,1857,1495
010120,2026-01-28,10:05:00,109400,109600,108800,109000,15875,1733780000,1314,1861
010120,2026-01-28,10:10:00,109200,109200,108400,108800,20985,2279860000,1205,2992
010120,2026-01-28,10:15:00,108600,109600,108600,109200,18160,1984390000,2071,1561
010120,2026-01-28,10:20:00,109200,109200,108600,108800,11415,1241640000,967,1316
010120,2026-01-28,10:25:00,108800,109000,108200,108800,19895,2158000000,1292,2687
010120,2026-01-28,10:30:00,108600,109200,108400,109200,9830,1068900000,1201,765
010120,2026-01-28,10:35:00,109000,109400,108800,109400,8330,908330000,689,977
010120,2026-01-28,10:40:00,109400,109400,109000,109400,9545,1043520000,1323,586
010120,2026-01-28,10:45:00,109400,109800,109400,109400,15700,1721160000,2300,840
010120,2026-01-28,10:50:00,109400,109600,108800,109000,10815,1181050000,690,1473
010120,2026-01-28,10:55:00,109000,109400,108800,108800,8620,939750000,667,1057
010120,2026-01-28,11:00:00,108800,109600,108600,109400,7825,853810000,694,871
010120,2026-01-28,11:05:00,109400,109600,109000,109200,10530,1150360000,1024,1082
010120,2026-01-28,11:10:00,109200,109600,108800,109600,7740,845160000,846,702
010120,2026-01-28,11:15:00,109600,109600,108800,109600,13610,1488320000,1309,1413
010120,2026-01-28,11:20:00,109600,109600,109000,109200,11155,1220950000,1264,967
010120,2026-01-28,11:25:00,109200,109200,108800,109000,10680,1164550000,1128,1008
010120,2026-01-28,11:30:00,109000,109400,108600,109200,15300,1667440000,1205,1855
010120,2026-01-28,11:35:00,109000,109400,108800,109400,4950,540200000,681,309
010120,2026-01-28,11:40:00,109200,109600,109200,109200,8930,977150000,1251,535
010120,2026-01-28,11:45:00,109400,109600,109000,109200,8810,963370000,1064,698
010120,2026-01-28,11:50:00,109400,109600,109200,109600,8055,880840000,1207,404
010120,2026-01-28,11:55:00,109600,109800,109400,109600,16420,1799970000,2251,1033
010120,2026-01-28,12:00:00,109600,109800,109200,109200,10630,1164980000,1488,638
010120,2026-01-28,12:05:00,109400,109800,109200,109800,6610,724380000,1013,309
010120,2026-01-28,12:10:00,109800,109800,109200,109200,10875,1189720000,1266,909
010120,2026-01-28,12:15:00,109400,109800,109200,109800,10780,1180680000,1360,796
010120,2026-01-28,12:20:00,109800,109800,109400,109800,8880,973110000,1150,626
010120,2026-01-28,12:25:00,109800,111000,109600,110600,45790,5047960000,7576,1582
010120,2026-01-28,12:30:00,110800,111000,110400,110400,14475,1600950000,1694,1201
010120,2026-01-28,12:35:00,110400,110600,109600,109800,13845,1525370000,1476,1293
010120,2026-01-28,12:40:00,109800,110800,109800,110600,13120,1447900000,1791,833
010120,2026-01-28,12:45:00,110600,111200,110200,111200,13475,1492470000,2004,691
010120,2026-01-28,12:50:00,111200,111600,110800,111400,22805,2537810000,2947,1614
010120,2026-01-28,12:55:00,111400,111400,111000,111400,9535,1061530000,1388,519
010120,2026-01-28,13:00:00,111400,111600,111200,111200,13250,1476500000,1616,1034
010120,2026-01-28,13:05:00,111400,111400,110400,111000,14985,1661400000,1728,1269
010120,2026-01-28,13:10:00,111000,111200,110800,111000,11030,1224610000,1424,782
010120,2026-01-28,13:15:00,111200,111200,110400,110800,23015,2551470000,2009,2594
010120,2026-01-28,13:20:00,111000,111200,110800,111000,12235,1357580000,1493,954
010120,2026-01-28,13:25:00,111200,111400,110800,111200,15730,1749480000,2448,698
010120,2026-01-28,13:30:00,111200,112000,111200,112000,23720,2648190000,3821,923
010120,2026-01-28,13:35:00,112000,112800,111800,112600,45710,5128860000,6237,2905
010120,2026-01-28,13:40:00,112600,113000,111800,112000,37665,4238390000,4830,2703
010120,2026-01-28,13:45:00,112200,112800,111800,112600,23100,2595460000,2711,1909
010120,2026-01-28,13:50:00,112600,112600,112000,112400,12605,1415630000,1122,1399
010120,2026-01-28,13:55:00,112300,113600,112200,113200,46985,5311030000,7715,1682
010120,2026-01-28,14:00:00,113300,113400,112400,112400,18505,2086040000,1885,1816
010120,2026-01-28,14:05:00,112400,112800,112200,112800,12420,1395830000,1238,1246
010120,2026-01-28,14:10:00,112600,112800,112400,112600,10525,1185260000,1229,876
010120,2026-01-28,14:15:00,112400,113600,112400,113400,24490,2772280000,3898,1000
010120,2026-01-28,14:20:00,113400,113400,112800,113400,15425,1745770000,1566,1519
010120,2026-01-28,14:25:00,113400,113400,112800,113000,14475,1636820000,1324,1571
010120,2026-01-28,14:30:00,113000,113600,112400,113600,23240,2625160000,2077,2571
010120,2026-01-28,14:35:00,113600,114800,113400,114600,84900,9687060000,13563,3417
010120,2026-01-28,14:40:00,114600,116400,114400,116300,130910,15105150000,22319,3863
010120,2026-01-28,14:45:00,116200,116400,114400,115000,77825,8975220000,5792,9773
010120,2026-01-28,14:50:00,114800,115200,114000,114200,25810,2958120000,2200,2962
010120,2026-01-28,14:55:00,114400,114800,113800,114000,21735,2481450000,1662,2685
010120,2026-01-28,15:00:00,113800,114400,113600,114200,20440,2327110000,1958,2130
010120,2026-01-28,15:05:00,114200,114600,114000,114200,20565,2351620000,3018,1095
010120,2026-01-28,15:10:00,114200,114600,114000,114200,21640,2475560000,2944,1384
010120,2026-01-28,15:15:00,114200,114600,114000,114200,17810,2034260000,1884,1678
010120,2026-01-28,15:20:00,114000,114600,113600,114200,20980,2392620000,2620,1576
010120,2026-01-28,15:30:00,114400,114400,114400,114400,51480,5889300000,10259,0
010120,2026-01-29,09:05:00,113800,114800,111600,114800,80280,9107890000,7727,8326
010120,2026-01-29,09:10:00,114600,114800,112800,113800,38865,4419950000,3102,4671
010120,2026-01-29,09:15:00,114000,114000,111600,111800,57555,6491050000,3892,7619
010120,2026-01-29,09:20:00,111800,112000,110400,110400,74985,8321910000,5276,9721
010120,2026-01-29,09:25:00,110400,110800,110000,110200,44745,4935530000,2690,6259
010120,2026-01-29,09:30:00,110000,110600,109200,109600,49865,5473910000,3368,6605
010120,2026-01-29,09:35:00,109600,109800,108200,109200,54515,5932930000,3581,7322
010120,2026-01-29,09:40:00,109200,110600,108800,109800,47670,5223160000,5265,4269
010120,2026-01-29,09:45:00,109800,110400,109200,110400,21085,2310540000,2159,2058
010120,2026-01-29,09:50:00,110400,110800,110000,110200,23800,2628070000,2134,2626
010120,2026-01-29,09:55:00,110200,110400,109400,109600,21095,2314490000,1877,2342
010120,2026-01-29,10:00:00,109600,110200,109600,110200,10595,1164330000,1272,847
010120,2026-01-29,10:05:00,110000,110400,109200,109400,23540,2584830000,2430,2278
010120,2026-01-29,10:10:00,109600,110000,109000,109200,16860,1843350000,1086,2286
010120,2026-01-29,10:15:00,109000,109200,108600,108800,22600,2459970000,973,3547
010120,2026-01-29,10:20:00,108600,108800,108200,108600,20995,2278060000,869,3330
010120,2026-01-29,10:25:00,108600,109000,108200,108400,15970,1733300000,969,2225
010120,2026-01-29,10:30:00,108400,109200,108200,109200,16860,1828220000,1349,2023
010120,2026-01-29,10:35:00,109200,109800,109000,109600,11515,1261170000,1496,807
010120,2026-01-29,10:40:00,109600,110000,109200,110000,7545,827370000,632,877
010120,2026-01-29,10:45:00,110000,110800,109800,110200,22695,2504800000,2432,2107
010120,2026-01-29,10:50:00,110200,110600,109800,110200,9870,1086980000,986,988
010120,2026-01-29,10:55:00,110200,110400,109800,110400,8105,892310000,731,890
010120,2026-01-29,11:00:00,110200,110600,109600,110600,15865,1747270000,1205,1968
010120,2026-01-29,11:05:00,110400,111000,110000,110600,16345,1808750000,2256,1013
010120,2026-01-29,11:10:00,110600,111000,110000,110200,15200,1681710000,1234,1806
010120,2026-01-29,11:15:00,110200,110400,109600,110000,11780,1295330000,812,1544
010120,2026-01-29,11:20:00,110000,110400,109800,110000,7085,779210000,489,928
010120,2026-01-29,11:25:00,110000,110400,109800,110200,6960,765850000,566,826
010120,2026-01-29,11:30:00,110200,110200,110000,110200,5020,552670000,474,530
010120,2026-01-29,11:35:00,110200,110200,109800,110000,5240,576620000,467,581
010120,2026-01-29,11:40:00,110200,110200,109800,110000,5630,619220000,749,377
010120,2026-01-29,11:45:00,110000,110000,109400,109800,13230,1451410000,793,1853
010120,2026-01-29,11:50:00,109800,110000,109600,109800,8780,963100000,631,1125
010120,2026-01-29,11:55:00,109800,110400,109800,110200,5150,567200000,702,328
010120,2026-01-29,12:00:00,110400,110800,110200,110400,5425,599420000,626,459
010120,2026-01-29,12:05:00,110400,110800,110000,110800,4575,505210000,418,497
010120,2026-01-29,12:10:00,110800,110800,110400,110400,2655,293520000,403,128
010120,2026-01-29,12:15:00,110400,110800,110400,110800,3800,420170000,452,308
010120,2026-01-29,12:20:00,110600,110800,110600,110800,4520,500280000,366,538
010120,2026-01-29,12:25:00,110800,111000,110600,111000,6675,739860000,1160,175
010120,2026-01-29,12:30:00,110800,111200,110800,111200,5945,660220000,914,275
010120,2026-01-29,12:35:00,111200,111200,111000,111100,12325,1368320000,1355,1110
010120,2026-01-29,12:40:00,111200,111200,111000,111100,5065,562680000,657,356
010120,2026-01-29,12:45:00,111100,111200,110800,111200,10280,1140630000,894,1162
010120,2026-01-29,12:50:00,111200,111200,110800,111000,10240,1135690000,1184,864
010120,2026-01-29,12:55:00,111000,111200,110800,111200,4935,547690000,745,242
010120,2026-01-29,13:00:00,111200,111800,111000,111400,11815,1316220000,1920,443
010120,2026-01-29,13:05:00,111600,111600,111000,111200,4950,550940000,570,420
010120,2026-01-29,13:10:00,111200,111400,111000,111200,5350,594740000,553,517
010120,2026-01-29,13:15:00,111200,111400,111000,111200,5445,605250000,751,338
010120,2026-01-29,13:20:00,111200,111600,111000,111600,4045,450420000,579,230
010120,2026-01-29,13:25:00,111600,111600,111400,111600,3530,393720000,483,223
010120,2026-01-29,13:30:00,111600,111600,111200,111600,4505,502240000,528,373
010120,2026-01-29,13:35:00,111600,111600,111200,111400,5990,667550000,505,693
010120,2026-01-29,13:40:00,111600,111600,111200,111200,4845,539170000,376,593
010120,2026-01-29,13:45:00,111400,111400,111200,111400,4010,446520000,609,193
010120,2026-01-29,13:50:00,111400,111600,111200,111600,4035,449310000,578,229
010120,2026-01-29,13:55:00,111600,111600,111200,111600,7740,862880000,1046,502
010120,2026-01-29,14:00:00,111600,111600,111000,111400,18980,2112550000,1038,2758
010120,2026-01-29,14:05:00,111200,111400,111000,111400,4300,478220000,443,417
010120,2026-01-29,14:10:00,111400,111400,111200,111400,5330,592930000,244,822
010120,2026-01-29,14:15:00,111200,111400,111200,111300,4215,468960000,246,597
010120,2026-01-29,14:20:00,111300,111800,111200,111800,8390,935410000,1200,478
010120,2026-01-29,14:25:00,111600,111800,111400,111600,8675,968290000,688,1047
010120,2026-01-29,14:30:00,111600,111800,111400,111800,4695,524050000,417,522
010120,2026-01-29,14:35:00,111800,111800,111600,111800,4950,553050000,627,363
010120,2026-01-29,14:40:00,111600,111800,111600,111800,4600,513700000,333,587
010120,2026-01-29,14:45:00,111600,111800,111600,111600,7350,821440000,1178,292
010120,2026-01-29,14:50:00,111600,111800,111400,111700,12725,1420160000,1085,1460
010120,2026-01-29,14:55:00,111700,112000,111600,111600,7585,847570000,888,629
010120,2026-01-29,15:00:00,111800,111800,111600,111600,10240,1144220000,1106,942
010120,2026-01-29,15:05:00,111800,111800,111600,111600,7875,879600000,746,829
010120,2026-01-29,15:10:00,111600,112000,111600,112000,10710,1196990000,1592,550
010120,2026-01-29,15:15:00,112000,112000,111600,111800,12990,1452140000,1296,1302
010120,2026-01-29,15:20:00,112000,112000,111400,112000,19935,2227090000,1549,2438
010120,2026-01-29,15:30:00,111400,111400,111400,111400,68050,7580770000,13605,0
010120,2026-01-30,09:05:00,111000,111000,109200,110400,33155,3646140000,2938,3693
010120,2026-01-30,09:10:00,110400,111400,110000,111200,18565,2058560000,1968,1745
010120,2026-01-30,09:15:00,111200,112000,110600,111800,18440,2051630000,1917,1771
010120,2026-01-30,09:20:00,112000,113200,111600,112000,33775,3798000000,4326,2429
010120,2026-01-30,09:25:00,111800,112600,111600,112400,11880,1332530000,1214,1162
010120,2026-01-30,09:30:00,112400,113200,112400,112600,22855,2576950000,2477,2094
010120,2026-01-30,09:35:00,112600,113200,111800,112000,21985,2471670000,2189,2208
010120,2026-01-30,09:40:00,112000,112800,111600,112800,8885,995470000,909,868
010120,2026-01-30,09:45:00,112800,113000,111900,112200,12780,1437550000,1337,1219
010120,2026-01-30,09:50:00,112200,112400,111800,111800,8775,983570000,712,1043
010120,2026-01-30,09:55:00,112000,112200,111600,111900,11990,1341000000,1123,1275
010120,2026-01-30,10:00:00,111800,112600,111800,112600,9685,1087370000,1404,533
010120,2026-01-30,10:05:00,112600,112800,111800,112000,12245,1373120000,880,1569
010120,2026-01-30,10:10:00,111800,112200,111400,112000,16695,1864360000,1091,2248
010120,2026-01-30,10:15:00,112000,112200,111200,111600,23515,2627760000,1543,3160
010120,2026-01-30,10:20:00,111600,112600,111600,112400,9730,1091610000,1217,729
010120,2026-01-30,10:25:00,112400,113200,112000,112400,20325,2290620000,2626,1439
010120,2026-01-30,10:30:00,112400,112400,112000,112200,7050,790660000,563,847
010120,2026-01-30,10:35:00,112200,113000,112000,113000,10335,1164270000,1166,901
010120,2026-01-30,10:40:00,112800,113600,112200,112400,38630,4368030000,5071,2655
010120,2026-01-30,10:45:00,112400,112800,112000,112000,8760,983740000,641,1111
010120,2026-01-30,10:50:00,112000,112200,111400,111600,15290,1707180000,776,2282
010120,2026-01-30,10:55:00,111600,112200,111000,112200,10205,1139210000,1238,803
010120,2026-01-30,11:00:00,112000,112400,112000,112400,5245,588550000,741,308
010120,2026-01-30,11:05:00,112400,112400,111600,112000,8010,897380000,904,698
010120,2026-01-30,11:10:00,112000,112200,111800,112000,6515,729960000,712,591
010120,2026-01-30,11:15:00,112000,112000,111200,112000,9970,1113280000,1060,934
010120,2026-01-30,11:20:00,112000,112600,111400,112200,9250,1035720000,1222,628
010120,2026-01-30,11:25:00,112200,112400,111200,111200,9850,1101510000,676,1294
010120,2026-01-30,11:30:00,111200,111600,110600,111000,15685,1741860000,986,2151
010120,2026-01-30,11:35:00,111000,111000,110200,111000,13100,1449220000,1132,1488
010120,2026-01-30,11:40:00,111000,111800,111000,111400,12605,1402970000,1507,1014
010120,2026-01-30,11:45:00,111400,111800,111200,111600,6675,744330000,838,497
010120,2026-01-30,11:50:00,111800,112000,111600,112000,5655,632650000,852,279
010120,2026-01-30,11:55:00,112000,112200,111800,112000,4810,538930000,607,355
010120,2026-01-30,12:00:00,112100,112400,112000,112400,6045,678280000,846,363
010120,2026-01-30,12:05:00,112400,112800,112200,112700,9965,1121090000,1093,900
010120,2026-01-30,12:10:00,112800,113000,112600,113000,9850,1111700000,1310,660
010120,2026-01-30,12:15:00,113000,113400,112800,113200,14685,1660800000,2336,601
010120,2026-01-30,12:20:00,113200,113600,112800,113400,19700,2229970000,2655,1285
010120,2026-01-30,12:25:00,113600,114400,113400,113800,45880,5223860000,5545,3631
010120,2026-01-30,12:30:00,114000,114000,113600,113800,8350,950080000,775,895
010120,2026-01-30,12:35:00,113600,113800,113000,113200,10385,1178890000,1144,933
010120,2026-01-30,12:40:00,113000,113200,112600,113000,9535,1077060000,590,1317
010120,2026-01-30,12:45:00,112800,113000,112600,112800,5650,637340000,676,454
010120,2026-01-30,12:50:00,112800,113000,112400,112600,6315,711920000,417,846
010120,2026-01-30,12:55:00,112600,112800,112200,112600,6325,711460000,855,410
010120,2026-01-30,13:00:00,112400,112600,112200,112400,4345,488670000,458,411
010120,2026-01-30,13:05:00,112400,112600,112200,112600,5155,579310000,615,416
010120,2026-01-30,13:10:00,112600,112800,112400,112800,5795,652570000,920,239
010120,2026-01-30,13:15:00,112800,113000,112600,112600,5620,633570000,554,570
010120,2026-01-30,13:20:00,112600,112800,112200,112200,6770,761030000,551,803
010120,2026-01-30,13:25:00,112200,112800,112000,112600,7390,831810000,1045,433
010120,2026-01-30,13:30:00,112600,112800,112200,112800,6985,785930000,695,702
010120,2026-01-30,13:35:00,112600,113000,112400,112800,6840,770800000,803,565
010120,2026-01-30,13:40:00,112400,113000,112400,112800,6820,768930000,816,548
010120,2026-01-30,13:45:00,113000,113000,112600,112800,10670,1204490000,1078,1056
010120,2026-01-30,13:50:00,112800,113400,112600,113000,10565,1193020000,1771,342
010120,2026-01-30,13:55:00,113200,113400,112800,113200,5635,637810000,511,616
010120,2026-01-30,14:00:00,113200,113200,112600,112800,6855,774510000,588,783
010120,2026-01-30,14:05:00,112800,113200,112600,113000,6520,736390000,591,713
010120,2026-01-30,14:10:00,112800,113600,112600,113600,12415,1406960000,2010,473
010120,2026-01-30,14:15:00,113600,113800,113200,113400,8810,1000360000,1105,657
010120,2026-01-30,14:20:00,113600,113600,113200,113200,5755,652570000,624,527
010120,2026-01-30,14:25:00,113400,114600,113200,114600,47420,5407250000,8473,1011
010120,2026-01-30,14:30:00,114600,115600,114400,115200,45135,5191570000,6512,2515
010120,2026-01-30,14:35:00,115200,115200,114200,114800,19485,2237380000,1680,2217
010120,2026-01-30,14:40:00,114800,115200,114600,114800,13700,1575700000,1057,1683
010120,2026-01-30,14:45:00,114800,115000,114200,114400,13495,1546230000,1100,1599
010120,2026-01-30,14:50:00,114200,114400,113600,113800,13465,1535750000,1066,1627
010120,2026-01-30,14:55:00,113800,114400,113800,114200,11395,1299310000,1310,969
010120,2026-01-30,15:00:00,114200,114400,114000,114200,12455,1423150000,1101,1390
010120,2026-01-30,15:05:00,114000,114400,114000,114000,9885,1128450000,1014,963
010120,2026-01-30,15:10:00,114200,114200,113800,114000,16300,1857620000,1312,1948
010120,2026-01-30,15:15:00,114000,114400,113600,113600,19825,2261050000,1614,2351
010120,2026-01-30,15:20:00,113600,113800,112800,113200,17750,2010850000,1533,2017
010120,2026-01-30,15:30:00,113200,113200,113200,113200,65650,7431570000,13104,0
010120,2026-02-02,09:05:00,110000,110400,106800,108000,57990,6285380000,5331,6261
010120,2026-02-02,09:10:00,108000,108400,106800,108400,48570,5218950000,4416,5298
010120,2026-02-02,09:15:00,108600,110000,107800,109800,22245,2425800000,2279,2170
010120,2026-02-02,09:20:00,109800,111000,109600,110200,23960,2641190000,2372,2420
010120,2026-02-02,09:25:00,110200,111600,110000,111400,25025,2773140000,2463,2542
010120,2026-02-02,09:30:00,111600,113000,111200,112800,32775,3670580000,3469,3086
010120,2026-02-02,09:35:00,113000,113000,110800,111000,21360,2383780000,1997,2275
010120,2026-02-02,09:40:00,111000,111400,110400,110600,18925,2100280000,1769,2016
010120,2026-02-02,09:45:00,110600,112200,110600,111800,25875,2885360000,2720,2455
010120,2026-02-02,09:50:00,111600,114200,111600,114000,30900,3492290000,4896,1284
010120,2026-02-02,09:55:00,113800,115600,113600,114000,48870,5605160000,5476,4298
010120,2026-02-02,10:00:00,114000,114200,112800,113400,17480,1981790000,1696,1800
010120,2026-02-02,10:05:00,113400,114200,113200,113400,9785,1111910000,1098,859
010120,2026-02-02,10:10:00,113400,114400,113200,113200,11815,1345040000,1402,961
010120,2026-02-02,10:15:00,113200,113600,112000,112600,26935,3036420000,2472,2915
010120,2026-02-02,10:20:00,112400,113400,112200,113000,6370,719090000,817,457
010120,2026-02-02,10:25:00,113000,113000,112200,112400,5770,648890000,399,755
010120,2026-02-02,10:30:00,112400,112600,111800,112000,6340,711460000,306,962
010120,2026-02-02,10:35:00,112000,112000,111000,111000,13295,1482650000,772,1887
010120,2026-02-02,10:40:00,111000,111400,110600,110800,7020,779540000,466,938
010120,2026-02-02,10:45:00,110600,110800,109600,109600,18015,1986580000,845,2758
010120,2026-02-02,10:50:00,109600,110200,109200,109900,11635,1275960000,886,1441
010120,2026-02-02,10:55:00,109800,110600,109800,110400,8160,899000000,828,804
010120,2026-02-02,11:00:00,110200,111000,109600,109800,22650,2498030000,2473,2057
010120,2026-02-02,11:05:00,109800,110600,109600,109600,8915,980850000,785,998
010120,2026-02-02,11:10:00,109800,109800,109200,109200,11310,1238150000,849,1413
010120,2026-02-02,11:15:00,109200,109400,108800,109000,18230,1988100000,981,2665
010120,2026-02-02,11:20:00,109000,109200,107800,108000,22520,2442530000,956,3548
010120,2026-02-02,11:25:00,108000,108600,107600,108600,13230,1429700000,1243,1403
010120,2026-02-02,11:30:00,108600,109000,108600,109000,6105,663850000,595,626
010120,2026-02-02,11:35:00,108800,109200,108400,108600,10270,1118870000,770,1284
010120,2026-02-02,11:40:00,108600,109600,108600,109400,8200,893930000,867,773
010120,2026-02-02,11:45:00,109400,109800,108400,108600,8290,904660000,819,839
010120,2026-02-02,11:50:00,108600,108600,108000,108000,6400,692950000,297,983
010120,2026-02-02,11:55:00,108200,108200,107200,107400,19115,2055180000,807,3016
010120,2026-02-02,12:00:00,107500,107600,107000,107200,12325,1322030000,438,2027
010120,2026-02-02,12:05:00,107200,107800,107000,107200,13455,1444290000,1330,1361
010120,2026-02-02,12:10:00,107200,108200,107200,107600,10000,1076130000,1164,836
010120,2026-02-02,12:15:00,107600,107800,107200,107400,5120,550630000,340,684
010120,2026-02-02,12:20:00,107200,107800,107200,107200,7660,823270000,460,1072
010120,2026-02-02,12:25:00,107400,107400,106800,106800,20765,2222190000,344,3809
010120,2026-02-02,12:30:00,107000,107200,106400,106600,14785,1578990000,540,2417
010120,2026-02-02,12:35:00,106400,107200,106400,107000,10805,1153190000,836,1325
010120,2026-02-02,12:40:00,107200,107200,106400,106600,12460,1329360000,999,1493
010120,2026-02-02,12:45:00,106600,106600,105800,105800,22480,2385150000,389,4107
010120,2026-02-02,12:50:00,105800,106200,105200,105800,16835,1778420000,1234,2133
010120,2026-02-02,12:55:00,105800,106000,105000,105400,12155,1279980000,640,1791
010120,2026-02-02,13:00:00,105400,105800,105000,105400,9865,1039320000,687,1286
010120,2026-02-02,13:05:00,105600,105800,104600,104800,11125,1169370000,581,1644
010120,2026-02-02,13:10:00,104800,105000,104200,104400,15040,1571690000,695,2313
010120,2026-02-02,13:15:00,104400,105200,104200,104800,12165,1269930000,762,1671
010120,2026-02-02,13:20:00,104800,106800,104800,106800,10260,1086340000,1220,832
010120,2026-02-02,13:25:00,106800,107600,106200,107200,11040,1179090000,992,1216
010120,2026-02-02,13:30:00,107200,108000,107200,107800,16745,1801010000,1277,2072
010120,2026-02-02,13:35:00,107600,108000,107200,107400,6540,703270000,427,881
010120,2026-02-02,13:40:00,107600,108000,107400,107800,6350,683250000,491,779
010120,2026-02-02,13:45:00,108000,108000,107600,107600,7365,793680000,441,1032
010120,2026-02-02,13:50:00,107600,108000,107600,107600,5470,589310000,430,664
010120,2026-02-02,13:55:00,107600,107800,106600,107200,12325,1320810000,766,1699
010120,2026-02-02,14:00:00,107400,108000,107000,107600,10170,1093560000,926,1108
010120,2026-02-02,14:05:00,107600,107600,107000,107200,5960,639450000,501,691
010120,2026-02-02,14:10:00,107200,107600,106800,106800,5535,592880000,482,625
010120,2026-02-02,14:15:00,106800,107200,106600,107000,5715,610750000,572,571
010120,2026-02-02,14:20:00,106800,107600,106400,106400,8350,892120000,422,1248
010120,2026-02-02,14:25:00,106600,106600,106200,106200,6075,646060000,364,851
010120,2026-02-02,14:30:00,106200,106400,105800,105800,12465,1321990000,610,1883
010120,2026-02-02,14:35:00,106000,106200,105800,105800,10780,1141910000,1196,960
010120,2026-02-02,14:40:00,106000,106200,105600,105600,8815,932800000,468,1295
010120,2026-02-02,14:45:00,105800,106000,105200,105400,7745,818300000,516,1033
010120,2026-02-02,14:50:00,105200,105600,104800,105200,22245,2339360000,1900,2549
010120,2026-02-02,14:55:00,105400,105800,104800,105000,14425,1518570000,1319,1566
010120,2026-02-02,15:00:00,104800,105600,104400,105400,65575,6874230000,8065,5050
010120,2026-02-02,15:05:00,105400,105800,104800,105000,33530,3528820000,4308,2398
010120,2026-02-02,15:10:00,104800,105400,104600,104800,22140,2323560000,2800,1628
010120,2026-02-02,15:15:00,105000,105400,104800,105000,14705,1544330000,1337,1604
010120,2026-02-02,15:20:00,104800,105200,104800,105000,10695,1123260000,874,1265
010120,2026-02-02,15:30:00,105200,105200,105200,105200,34255,3603620000,6832,0
010120,2026-02-03,09:05:00,109200,113600,108800,113000,127010,14184770000,15799,9603
010120,2026-02-03,09:10:00,113000,113200,111600,112000,48615,5470050000,5417,4306
010120,2026-02-03,09:15:00,112200,113600,109200,113400,68110,7665600000,8561,5061
010120,2026-02-03,09:20:00,113400,115200,113200,114800,95570,10933290000,15208,3906
010120,2026-02-03,09:25:00,115000,116400,114600,116000,101320,11692860000,15574,4690
010120,2026-02-03,09:30:00,116200,117200,114400,114800,82070,9517820000,8762,7652
010120,2026-02-03,09:35:00,114600,115800,114000,115800,40885,4703840000,4516,3661
010120,2026-02-03,09:40:00,115800,116600,115600,115600,32210,3738700000,3707,2735
010120,2026-02-03,09:45:00,115600,117600,115200,116600,67645,7879620000,9525,4004
010120,2026-02-03,09:50:00,116800,117500,116200,117000,37940,4435670000,4342,3246
010120,2026-02-03,09:55:00,117000,118000,116400,117800,42295,4966240000,6456,2003
010120,2026-02-03,10:00:00,117800,118400,116800,117600,51960,6120400000,6130,4262
010120,2026-02-03,10:05:00,117600,117600,115800,116800,29535,3447280000,1907,4000
010120,2026-02-03,10:10:00,116400,117200,116400,116800,13215,1543000000,1258,1385
010120,2026-02-03,10:15:00,116800,117800,116600,117600,21360,2503820000,2739,1533
010120,2026-02-03,10:20:00,117400,118000,117400,118000,23030,2713350000,2793,1813
010120,2026-02-03,10:25:00,118000,118200,116600,116800,48085,5656310000,5312,4305
010120,2026-02-03,10:30:00,117000,117800,116800,117600,14745,1732170000,1829,1120
010120,2026-02-03,10:35:00,117600,117800,117000,117400,15515,1822130000,1524,1579
010120,2026-02-03,10:40:00,117600,118200,117400,117800,17470,2057780000,2493,1001
010120,2026-02-03,10:45:00,118000,118200,117800,118000,15685,1851620000,1441,1696
010120,2026-02-03,10:50:00,118000,119000,117800,118800,47975,5689440000,7879,1716
010120,2026-02-03,10:55:00,118800,119400,118800,119200,51790,6170970000,8005,2353
010120,2026-02-03,11:00:00,119200,120000,119000,120000,38435,4595100000,5758,1929
010120,2026-02-03,11:05:00,120000,120000,119400,120000,39780,4767480000,5560,2396
010120,2026-02-03,11:10:00,120400,122000,120200,121000,110575,13414700000,14250,7865
010120,2026-02-03,11:15:00,121000,121800,120600,121600,33450,4055220000,4090,2600
010120,2026-02-03,11:20:00,121600,122600,120400,121000,57175,6966880000,6552,4883
010120,2026-02-03,11:25:00,121000,122000,121000,121600,25020,3043760000,2569,2435
010120,2026-02-03,11:30:00,121600,122000,121200,122000,16880,2051290000,1758,1618
010120,2026-02-03,11:35:00,121800,122400,121600,121600,29095,3548210000,3638,2181
010120,2026-02-03,11:40:00,121800,122200,121200,121400,29770,3622980000,2759,3195
010120,2026-02-03,11:45:00,121400,121600,121000,121400,21195,2570140000,1884,2355
010120,2026-02-03,11:50:00,121200,121600,120800,121400,20305,2461630000,2457,1604
010120,2026-02-03,11:55:00,121400,122400,121200,122000,38255,4664220000,5621,2030
010120,2026-02-03,12:00:00,121800,122400,121600,122000,19110,2332660000,2198,1624
010120,2026-02-03,12:05:00,122200,122200,121600,121800,9495,1157790000,1220,679
010120,2026-02-03,12:10:00,121800,122200,121600,122000,19685,2401200000,2450,1487
010120,2026-02-03,12:15:00,122000,122400,122000,122200,8705,1064490000,985,756
010120,2026-02-03,12:20:00,122400,122600,122200,122400,24365,2981680000,3270,1603
010120,2026-02-03,12:25:00,122200,122800,121800,122000,20775,2541180000,2425,1730
010120,2026-02-03,12:30:00,122000,122400,121800,121800,10390,1268190000,998,1080
010120,2026-02-03,12:35:00,122000,122200,121400,122000,14585,1776890000,1433,1484
010120,2026-02-03,12:40:00,121800,122000,121600,121800,10400,1266590000,1166,914
010120,2026-02-03,12:45:00,121600,122000,121400,121400,11390,1386290000,988,1290
010120,2026-02-03,12:50:00,121400,121800,121000,121400,11935,1448070000,883,1504
010120,2026-02-03,12:55:00,121000,121800,121000,121200,11345,1377870000,1048,1221
010120,2026-02-03,13:00:00,121200,122000,121200,121800,11075,1348060000,1576,639
010120,2026-02-03,13:05:00,122000,122600,121800,122600,12695,1552090000,2077,462
010120,2026-02-03,13:10:00,122600,123000,122400,122800,38520,4727990000,5956,1748
010120,2026-02-03,13:15:00,122600,123000,122000,122600,17240,2111970000,1529,1919
010120,2026-02-03,13:20:00,122600,123000,122200,122200,20250,2485450000,1907,2143
010120,2026-02-03,13:25:00,122200,122800,121600,122000,13435,1642370000,982,1705
010120,2026-02-03,13:30:00,121800,122600,121600,122200,10655,1300080000,897,1234
010120,2026-02-03,13:35:00,122200,122600,121600,121600,13965,1704750000,1206,1587
010120,2026-02-03,13:40:00,121800,121800,120800,121200,25655,3107770000,1708,3423
010120,2026-02-03,13:45:00,121200,121800,121000,121600,9015,1094650000,924,879
010120,2026-02-03,13:50:00,121600,122000,121200,121600,13145,1597930000,1389,1240
010120,2026-02-03,13:55:00,121400,121600,121000,121000,12875,1561550000,878,1697
010120,2026-02-03,14:00:00,121200,121600,121000,121000,12145,1472170000,942,1487
010120,2026-02-03,14:05:00,121000,121400,120800,121200,12445,1507190000,1359,1130
010120,2026-02-03,14:10:00,121000,121400,119800,120200,33860,4077290000,1933,4839
010120,2026-02-03,14:15:00,120200,120600,119600,120200,14135,1698060000,1186,1641
010120,2026-02-03,14:20:00,120200,121000,120000,121000,10305,1242570000,1395,666
010120,2026-02-03,14:25:00,121000,121200,120600,120800,9445,1141650000,1040,849
010120,2026-02-03,14:30:00,120800,121200,120000,120000,14215,1714070000,1009,1834
010120,2026-02-03,14:35:00,120000,121000,120000,120800,9725,1170020000,977,968
010120,2026-02-03,14:40:00,120800,121000,120400,120600,9325,1126290000,850,1015
010120,2026-02-03,14:45:00,120800,121000,120600,120800,9135,1103790000,948,879
010120,2026-02-03,14:50:00,120800,121200,120600,120800,11465,1386790000,1469,824
010120,2026-02-03,14:55:00,120800,121600,120800,121200,9045,1096560000,1103,706
010120,2026-02-03,15:00:00,121200,121400,120600,120800,10375,1255990000,774,1301
010120,2026-02-03,15:05:00,121000,121200,120400,121200,14070,1699270000,1154,1660
010120,2026-02-03,15:10:00,121100,121200,120800,121000,11380,1377280000,694,1582
010120,2026-02-03,15:15:00,121200,121600,121000,121600,14940,1811850000,1457,1531
010120,2026-02-03,15:20:00,121400,121800,121200,121600,24650,2997330000,3110,1820
010120,2026-02-03,15:30:00,122400,122400,122400,122400,69220,8472520000,13750,0
010120,2026-02-04,09:05:00,122200,127400,121000,127400,144030,17943650000,18817,9988
010120,2026-02-04,09:10:00,127400,129200,126000,128200,88970,11359770000,9827,7967
010120,2026-02-04,09:15:00,128400,130000,127400,127800,103515,13330540000,10599,10104
010120,2026-02-04,09:20:00,127800,131200,127200,131200,78995,10228890000,9751,6048
010120,2026-02-04,09:25:00,131200,131600,127600,127600,64410,8319560000,5113,7769
010120,2026-02-04,09:30:00,127600,128400,125600,128200,66860,8501010000,4672,8700
010120,2026-02-04,09:35:00,128200,128400,126800,128000,43965,5615210000,3842,4951
010120,2026-02-04,09:40:00,128200,128400,127200,127800,21070,2690880000,2433,1781
010120,2026-02-04,09:45:00,127800,128600,127000,127000,28790,3687590000,2628,3130
010120,2026-02-04,09:50:00,127000,127800,127000,127200,11550,1470140000,1116,1194
010120,2026-02-04,09:55:00,127200,127800,126800,127000,15360,1953590000,1504,1568
010120,2026-02-04,10:00:00,126800,127400,126200,126400,17265,2189510000,1399,2054
010120,2026-02-04,10:05:00,126200,128200,126200,127800,16235,2066350000,2058,1189
010120,2026-02-04,10:10:00,127600,127800,126400,126600,13205,1675510000,1382,1259
010120,2026-02-04,10:15:00,126800,126800,126000,126200,11410,1441620000,764,1518
010120,2026-02-04,10:20:00,126400,126800,126200,126400,8385,1061660000,896,781
010120,2026-02-04,10:25:00,126200,127200,126200,127000,13155,1667200000,1270,1361
010120,2026-02-04,10:30:00,127000,128200,126800,127600,15545,1983750000,1739,1370
010120,2026-02-04,10:35:00,127600,127800,127000,127400,14305,1821420000,1757,1104
010120,2026-02-04,10:40:00,127400,127400,126600,127000,13115,1665980000,1158,1465
010120,2026-02-04,10:45:00,127000,128000,126800,127800,18210,2322570000,2142,1500
010120,2026-02-04,10:50:00,127600,128800,127400,128000,25660,3292090000,2959,2173
010120,2026-02-04,10:55:00,128000,129000,127800,128400,22495,2893000000,2067,2432
010120,2026-02-04,11:00:00,128400,129000,128200,128200,13545,1742360000,1056,1653
010120,2026-02-04,11:05:00,128400,128600,128200,128200,6385,819450000,556,721
010120,2026-02-04,11:10:00,128400,128800,128200,128800,14110,1813710000,1231,1591
010120,2026-02-04,11:15:00,128800,128800,127800,128000,11540,1480930000,836,1472
010120,2026-02-04,11:20:00,128000,128000,127200,127600,12890,1643990000,1290,1288
010120,2026-02-04,11:25:00,127600,128000,127000,127000,12330,1571390000,998,1468
010120,2026-02-04,11:30:00,127200,128000,127000,127400,11595,1477470000,1171,1148
010120,2026-02-04,11:35:00,127400,128000,127200,127400,7995,1020030000,690,909
010120,2026-02-04,11:40:00,127400,127600,127200,127400,6985,890260000,621,776
010120,2026-02-04,11:45:00,127200,127600,127000,127400,8040,1023760000,1021,587
010120,2026-02-04,11:50:00,127400,127800,127200,127400,7420,945820000,766,718
010120,2026-02-04,11:55:00,127400,127800,127200,127400,8770,1117760000,881,873
010120,2026-02-04,12:00:00,127400,127400,126400,126600,12225,1551620000,799,1646
010120,2026-02-04,12:05:00,126600,126800,126000,126400,18210,2299940000,1438,2204
010120,2026-02-04,12:10:00,126400,126600,126000,126200,8910,1124680000,877,905
010120,2026-02-04,12:15:00,126400,127000,126200,126600,6725,851630000,694,651
010120,2026-02-04,12:20:00,126600,126600,125400,125800,18940,2384910000,992,2796
010120,2026-02-04,12:25:00,125800,126800,125800,126600,10275,1295880000,1033,1022
010120,2026-02-04,12:30:00,126600,126800,126400,126600,3810,482200000,422,340
010120,2026-02-04,12:35:00,126600,126800,126200,126400,6340,801840000,306,962
010120,2026-02-04,12:40:00,126400,126400,125400,126400,10070,1268940000,666,1348
010120,2026-02-04,12:45:00,126200,126200,125400,125400,8330,1047990000,242,1424
010120,2026-02-04,12:50:00,125200,125600,124600,124800,18205,2272550000,1260,2381
010120,2026-02-04,12:55:00,124800,125200,124600,125000,7365,918910000,430,1043
010120,2026-02-04,13:00:00,125000,125400,125000,125000,10940,1370070000,1531,657
010120,2026-02-04,13:05:00,125000,125600,125000,125400,6145,769300000,458,771
010120,2026-02-04,13:10:00,125400,126200,125200,125400,12010,1508330000,1286,1116
010120,2026-02-04,13:15:00,125600,126000,125200,125400,5845,734060000,371,798
010120,2026-02-04,13:20:00,125400,125600,124800,125000,7865,985270000,506,1067
010120,2026-02-04,13:25:00,125000,125800,124800,125400,17140,2147350000,1689,1739
010120,2026-02-04,13:30:00,125400,126400,125200,126200,14040,1767470000,1352,1456
010120,2026-02-04,13:35:00,126200,126800,126200,126400,15240,1928270000,1788,1260
010120,2026-02-04,13:40:00,126600,126800,125800,126200,13390,1691820000,1087,1591
010120,2026-02-04,13:45:00,126200,126400,126000,126200,6400,808100000,434,846
010120,2026-02-04,13:50:00,126200,126400,126000,126400,8480,1070050000,712,984
010120,2026-02-04,13:55:00,126400,126400,125800,125800,6860,864260000,453,919
010120,2026-02-04,14:00:00,125800,126000,125600,126000,12035,1514380000,731,1676
010120,2026-02-04,14:05:00,125800,126400,125800,126200,14705,1855830000,1626,1315
010120,2026-02-04,14:10:00,126200,126600,126200,126400,9530,1203950000,784,1122
010120,2026-02-04,14:15:00,126200,126600,126000,126000,10785,1361900000,601,1556
010120,2026-02-04,14:20:00,126200,126600,126000,126600,15630,1975120000,1338,1788
010120,2026-02-04,14:25:00,126400,127200,126400,126800,14450,1832720000,1343,1547
010120,2026-02-04,14:30:00,126800,127600,126600,127200,25440,3233570000,2233,2855
010120,2026-02-04,14:35:00,127200,127200,126800,127000,8385,1065090000,842,835
010120,2026-02-04,14:40:00,127200,127800,127000,127000,14440,1839440000,1597,1291
010120,2026-02-04,14:45:00,127200,128000,127000,127600,15845,2021670000,1959,1210
010120,2026-02-04,14:50:00,127800,128400,127600,128000,24840,3178790000,2782,2186
010120,2026-02-04,14:55:00,127800,128200,127600,128000,11175,1429660000,1005,1230
010120,2026-02-04,15:00:00,127800,128000,127400,127400,10640,1358760000,859,1269
010120,2026-02-04,15:05:00,127600,128200,127200,128000,18335,2343680000,1483,2184
010120,2026-02-04,15:10:00,128200,128200,127400,127800,13710,1753000000,996,1746
010120,2026-02-04,15:15:00,128000,128000,127200,127400,15370,1961260000,1094,1980
010120,2026-02-04,15:20:00,127400,128000,127200,127400,18060,2303130000,1594,2018
010120,2026-02-04,15:30:00,127800,127800,127800,127800,37270,4763090000,7403,0
010120,2026-02-05,09:05:00,124200,127600,123600,127000,66955,8424440000,8842,4546
010120,2026-02-05,09:10:00,127000,127000,124600,125600,31045,3904400000,2254,3955
010120,2026-02-05,09:15:00,125400,127000,125400,127000,12920,1634360000,1594,990
010120,2026-02-05,09:20:00,127000,127000,124400,124600,25710,3219440000,1589,3553
010120,2026-02-05,09:25:00,124400,124600,123400,124100,32855,4073810000,2135,4436
010120,2026-02-05,09:30:00,124000,125400,124000,124800,13730,1711920000,1137,1609
010120,2026-02-05,09:35:00,124800,125200,124200,124600,11000,1373050000,959,1241
010120,2026-02-05,09:40:00,124400,124600,124200,124600,8575,1066930000,652,1063
010120,2026-02-05,09:45:00,124400,124600,124000,124000,10065,1249840000,714,1299
010120,2026-02-05,09:50:00,124000,125000,123800,124000,14980,1859820000,1267,1729
010120,2026-02-05,09:55:00,124200,124600,123600,124200,13920,1725320000,753,2031
010120,2026-02-05,10:00:00,124200,124200,123400,123600,12475,1544220000,717,1778
010120,2026-02-05,10:05:00,123400,124000,123400,123600,11105,1373440000,655,1566
010120,2026-02-05,10:10:00,123600,124000,123000,123800,15050,1857380000,676,2334
010120,2026-02-05,10:15:00,123800,124000,123600,123800,5195,643420000,397,642
010120,2026-02-05,10:20:00,123800,124400,123600,123600,8660,1073870000,596,1136
010120,2026-02-05,10:25:00,123600,123800,123400,123400,11730,1448620000,422,1924
010120,2026-02-05,10:30:00,123400,124000,123200,123800,13065,1613130000,772,1841
010120,2026-02-05,10:35:00,123800,124000,123600,123800,5015,621100000,462,541
010120,2026-02-05,10:40:00,123800,124000,123600,124000,3820,472950000,333,431
010120,2026-02-05,10:45:00,123800,124600,123800,124400,6470,803630000,866,428
010120,2026-02-05,10:50:00,124400,124400,123800,123800,6955,862870000,645,746
010120,2026-02-05,10:55:00,123800,124000,123200,123200,11140,1376550000,232,1996
010120,2026-02-05,11:00:00,123200,123200,122800,122800,21230,2613160000,1077,3169
010120,2026-02-05,11:05:00,123000,123200,122400,122800,16930,2078600000,1550,1836
010120,2026-02-05,11:10:00,122800,122800,122000,122200,20140,2461180000,1048,2980
010120,2026-02-05,11:15:00,122300,122400,121800,122000,16330,1992550000,1153,2113
010120,2026-02-05,11:20:00,122000,122200,121200,121400,11980,1457200000,685,1711
010120,2026-02-05,11:25:00,121600,122000,121400,121800,8190,995660000,909,729
010120,2026-02-05,11:30:00,121800,122400,121600,122200,6765,825260000,628,725
010120,2026-02-05,11:35:00,122200,122800,121600,122000,8790,1075260000,586,1172
010120,2026-02-05,11:40:00,122000,122600,121600,122200,4670,570690000,509,425
010120,2026-02-05,11:45:00,122200,122600,122200,122400,5655,691560000,556,575
010120,2026-02-05,11:50:00,122400,122400,121400,121400,9660,1177360000,798,1134
010120,2026-02-05,11:55:00,121400,122000,121400,121400,8980,1090900000,682,1114
010120,2026-02-05,12:00:00,121400,121400,120600,120600,16350,1979460000,1045,2225
010120,2026-02-05,12:05:00,120600,121000,120400,120600,8555,1031740000,592,1119
010120,2026-02-05,12:10:00,120600,120800,120400,120600,9350,1127480000,520,1350
010120,2026-02-05,12:15:00,120600,121000,120400,120800,10350,1250030000,768,1302
010120,2026-02-05,12:20:00,120800,121000,120400,120800,7465,900940000,696,797
010120,2026-02-05,12:25:00,120800,121600,120800,121200,10040,1217200000,781,1227
010120,2026-02-05,12:30:00,121200,121400,120600,120800,6490,785190000,354,944
010120,2026-02-05,12:35:00,120600,120800,120400,120600,4705,567600000,261,680
010120,2026-02-05,12:40:00,120600,120800,120400,120400,6975,841260000,958,437
010120,2026-02-05,12:45:00,120400,121000,120400,120600,8660,1044560000,954,778
010120,2026-02-05,12:50:00,120400,120600,120000,120200,14325,1723480000,701,2164
010120,2026-02-05,12:55:00,120000,120200,119600,119800,23335,2796360000,1088,3579
010120,2026-02-05,13:00:00,120000,120000,119400,119600,16930,2025060000,388,2998
010120,2026-02-05,13:05:00,119600,121000,119400,120000,22180,2667760000,2402,2034
010120,2026-02-05,13:10:00,120200,120400,119800,119800,7975,957170000,310,1285
010120,2026-02-05,13:15:00,119800,120000,119200,119600,15840,1894890000,870,2298
010120,2026-02-05,13:20:00,119200,119600,119000,119200,13425,1600930000,1324,1361
010120,2026-02-05,13:25:00,119200,119400,119000,119200,9510,1133460000,675,1227
010120,2026-02-05,13:30:00,119200,120400,119000,120400,11415,1364360000,1271,1012
010120,2026-02-05,13:35:00,120400,121400,120200,121200,13965,1686350000,1587,1206
010120,2026-02-05,13:40:00,121300,121400,120400,120600,9035,1092740000,612,1195
010120,2026-02-05,13:45:00,120600,121800,120400,121400,12015,1454580000,1300,1103
010120,2026-02-05,13:50:00,121600,122000,121000,121400,11375,1382060000,963,1312
010120,2026-02-05,13:55:00,121200,122200,121200,122200,7475,908720000,788,707
010120,2026-02-05,14:00:00,122000,122200,121400,121600,8220,1000570000,646,998
010120,2026-02-05,14:05:00,121800,122000,121200,121400,10720,1302930000,774,1370
010120,2026-02-05,14:10:00,121400,121800,121200,121200,10270,1247630000,735,1319
010120,2026-02-05,14:15:00,121400,121600,121000,121000,10080,1223850000,795,1221
010120,2026-02-05,14:20:00,121200,121200,120600,120600,8535,1031630000,490,1217
010120,2026-02-05,14:25:00,120800,120800,120200,120400,7135,859590000,281,1146
010120,2026-02-05,14:30:00,120200,121000,120200,120800,15260,1839690000,1653,1399
010120,2026-02-05,14:35:00,120800,121000,120600,120800,7360,889060000,542,930
010120,2026-02-05,14:40:00,120800,121600,120600,121400,14410,1745030000,1550,1332
010120,2026-02-05,14:45:00,121600,121600,121200,121200,7965,965810000,388,1205
010120,2026-02-05,14:50:00,121200,121400,120800,121200,14200,1718940000,1517,1323
010120,2026-02-05,14:55:00,121400,121400,121000,121000,9060,1098120000,306,1506
010120,2026-02-05,15:00:00,121200,121200,121000,121000,8870,1073700000,477,1297
010120,2026-02-05,15:05:00,121200,121400,120600,120800,11885,1438780000,1108,1269
010120,2026-02-05,15:10:00,120800,123200,120600,122000,36520,4450150000,4774,2530
010120,2026-02-05,15:15:00,122000,125800,121200,125400,86635,10743620000,10113,7214
010120,2026-02-05,15:20:00,125600,125600,123200,123800,64460,8025070000,4999,7893
010120,2026-02-05,15:30:00,123800,123800,123800,123800,60415,7479370000,12002,0
010120,2026-02-06,09:05:00,118600,118800,112000,112800,98510,11332090000,8239,11463
010120,2026-02-06,09:10:00,112800,115400,111600,115400,49010,5549410000,4965,4837
010120,2026-02-06,09:15:00,115600,116600,112800,113600,62085,7107290000,5538,6879
010120,2026-02-06,09:20:00,113800,114800,113200,113600,37320,4249090000,3981,3483
010120,2026-02-06,09:25:00,113800,116000,113000,115000,25325,2876140000,2488,2577
010120,2026-02-06,09:30:00,115000,116000,113800,114000,33955,3909990000,3459,3332
010120,2026-02-06,09:35:00,113800,116000,113800,115200,19165,2204900000,1956,1877
010120,2026-02-06,09:40:00,115200,116000,114600,114800,21650,2496140000,1747,2583
010120,2026-02-06,09:45:00,114600,115600,114600,115200,18800,2165870000,1406,2354
010120,2026-02-06,09:50:00,115000,115400,114200,114200,19095,2190490000,1054,2765
010120,2026-02-06,09:55:00,114200,115000,113800,114400,23960,2738850000,1653,3139
010120,2026-02-06,10:00:00,114600,115800,114400,115400,14100,1623800000,1294,1526
010120,2026-02-06,10:05:00,115400,116500,115000,115400,23625,2735270000,2522,2203
010120,2026-02-06,10:10:00,115200,116600,115200,116000,16940,1963040000,1589,1799
010120,2026-02-06,10:15:00,116000,116000,114400,115000,19350,2229980000,911,2959
010120,2026-02-06,10:20:00,115000,115000,114000,114000,16745,1917410000,926,2423
010120,2026-02-06,10:25:00,114000,115000,114000,114200,14900,1705030000,1381,1599
010120,2026-02-06,10:30:00,114200,114400,113800,114000,17205,1961950000,850,2591
010120,2026-02-06,10:35:00,114000,114800,113800,113800,15260,1742750000,1424,1628
010120,2026-02-06,10:40:00,113800,114600,113800,114400,11080,1265500000,1166,1050
010120,2026-02-06,10:45:00,114400,115000,114000,114800,17655,2020410000,1789,1742
010120,2026-02-06,10:50:00,114800,115600,114800,115400,11120,1280220000,1017,1207
010120,2026-02-06,10:55:00,115400,116400,115400,116400,15225,1766670000,1352,1693
010120,2026-02-06,11:00:00,116400,116600,116000,116400,16115,1874880000,1307,1916
010120,2026-02-06,11:05:00,116400,117600,116400,117400,15825,1852520000,2170,995
010120,2026-02-06,11:10:00,117600,117600,116600,117200,13175,1543050000,1011,1624
010120,2026-02-06,11:15:00,117200,118200,116800,117800,14410,1693510000,1850,1032
010120,2026-02-06,11:20:00,117800,118200,117400,118000,9800,1154630000,814,1146
010120,2026-02-06,11:25:00,117800,118200,117400,118000,11620,1368360000,1046,1278
010120,2026-02-06,11:30:00,118200,118400,117800,118200,7365,869860000,652,821
010120,2026-02-06,11:35:00,118200,118600,118000,118600,6135,725740000,689,538
010120,2026-02-06,11:40:00,118400,118800,118200,118400,11820,1401710000,1119,1245
010120,2026-02-06,11:45:00,118200,119000,117800,118000,16135,1909430000,1168,2059
010120,2026-02-06,11:50:00,118200,118400,117600,118200,7220,851370000,508,936
010120,2026-02-06,11:55:00,118000,118200,117600,117800,5920,698980000,673,511
010120,2026-02-06,12:00:00,117800,117800,117400,117400,4580,538400000,280,636
010120,2026-02-06,12:05:00,117400,118000,117000,117600,10745,1260380000,1129,1020
010120,2026-02-06,12:10:00,117600,118000,117400,118000,4155,489070000,328,503
010120,2026-02-06,12:15:00,118000,118000,117400,117600,4435,521820000,339,548
010120,2026-02-06,12:20:00,117400,117600,117200,117400,3985,468030000,259,538
010120,2026-02-06,12:25:00,117400,117600,117000,117000,4260,500030000,321,531
010120,2026-02-06,12:30:00,117000,117400,117000,117200,3995,468290000,320,479
010120,2026-02-06,12:35:00,117200,117800,117200,117600,3925,461290000,323,462
010120,2026-02-06,12:40:00,117600,118000,117400,117600,4025,473510000,284,521
010120,2026-02-06,12:45:00,117400,117600,116800,117000,6625,775730000,187,1138
010120,2026-02-06,12:50:00,117000,117800,116800,117600,8210,962870000,754,888
010120,2026-02-06,12:55:00,117400,118200,117400,118200,4855,572390000,581,390
010120,2026-02-06,13:00:00,118200,118600,118200,118200,5700,674510000,618,522
010120,2026-02-06,13:05:00,118400,118400,117600,117800,6665,786330000,452,881
010120,2026-02-06,13:10:00,118000,118000,117400,117400,6450,759150000,333,957
010120,2026-02-06,13:15:00,117600,118000,117400,117800,7040,827740000,544,864
010120,2026-02-06,13:20:00,117800,118200,117600,118200,4980,587100000,444,552
010120,2026-02-06,13:25:00,118200,118200,117200,117200,7120,837450000,421,1003
010120,2026-02-06,13:30:00,117200,117800,117200,117600,4910,577210000,506,476
010120,2026-02-06,13:35:00,117600,117600,117200,117200,7195,844370000,356,1083
010120,2026-02-06,13:40:00,117400,117400,116800,117000,10700,1251700000,580,1560
010120,2026-02-06,13:45:00,116800,117000,116600,116800,14815,1730540000,913,2050
010120,2026-02-06,13:50:00,116800,117200,116800,116800,8075,944790000,511,1104
010120,2026-02-06,13:55:00,116800,117200,116400,117000,10470,1222570000,781,1313
010120,2026-02-06,14:00:00,117000,117000,116600,117000,7600,887210000,549,971
010120,2026-02-06,14:05:00,117000,117400,116800,117200,7500,877880000,658,842
010120,2026-02-06,14:10:00,117200,117600,116800,116800,6175,723200000,323,912
010120,2026-02-06,14:15:00,116800,117200,116600,117000,8065,942200000,740,873
010120,2026-02-06,14:20:00,117200,117600,116800,116800,7670,898440000,609,925
010120,2026-02-06,14:25:00,117000,117400,116600,117200,10715,1252410000,757,1386
010120,2026-02-06,14:30:00,117200,117800,116800,117800,8685,1018340000,790,947
010120,2026-02-06,14:35:00,117600,118000,117600,118000,7965,938810000,1086,507
010120,2026-02-06,14:40:00,118000,118600,117900,118400,12620,1492140000,1360,1164
010120,2026-02-06,14:45:00,118300,118400,118200,118400,9775,1156920000,1401,554
010120,2026-02-06,14:50:00,118400,118400,117800,118000,10470,1236850000,767,1327
010120,2026-02-06,14:55:00,117800,118400,117800,118400,11065,1307560000,1118,1095
010120,2026-02-06,15:00:00,118400,118800,118200,118600,14865,1762140000,1555,1418
010120,2026-02-06,15:05:00,118600,119200,118600,119200,9780,1162710000,1341,615
010120,2026-02-06,15:10:00,119200,119200,118400,119000,13445,1598540000,1086,1603
010120,2026-02-06,15:15:00,118800,119200,118800,119200,7800,928710000,928,632
010120,2026-02-06,15:20:00,119000,119600,118800,119200,22650,2700860000,1952,2578
010120,2026-02-06,15:30:00,119000,119000,119000,119000,31015,3690790000,5955,0
010120,2026-02-09,09:05:00,126200,126200,124200,125800,58170,7291860000,6653,4979
010120,2026-02-09,09:10:00,125600,125800,124600,125400,31090,3894670000,3587,2631
010120,2026-02-09,09:15:00,125400,127800,125200,127800,50050,6320350000,7916,2094
010120,2026-02-09,09:20:00,127800,128800,126600,127800,50675,6462430000,6108,4027
010120,2026-02-09,09:25:00,127600,128200,127000,127200,40235,5136660000,3780,4267
010120,2026-02-09,09:30:00,127200,127600,126800,127000,22085,2810450000,2383,2034
010120,2026-02-09,09:35:00,126800,127800,126600,127400,23075,2938790000,2896,1719
010120,2026-02-09,09:40:00,127600,127800,127400,127800,18925,2415840000,2842,943
010120,2026-02-09,09:45:00,127600,127800,127200,127600,17470,2228230000,2299,1195
010120,2026-02-09,09:50:00,127800,128400,127600,128000,25000,3199730000,3940,1060
010120,2026-02-09,09:55:00,128200,129000,127800,129000,37940,4879610000,6062,1526
010120,2026-02-09,10:00:00,129000,130000,128800,130000,42275,5472380000,7283,1172
010120,2026-02-09,10:05:00,130000,130600,127800,127800,55060,7134210000,5474,5538
010120,2026-02-09,10:10:00,128000,128400,127400,127800,18115,2318010000,1352,2271
010120,2026-02-09,10:15:00,127600,128400,127000,127600,18215,2324460000,1729,1914
010120,2026-02-09,10:20:00,127600,128400,127400,128200,6230,797920000,793,453
010120,2026-02-09,10:25:00,128400,128400,128000,128200,6475,830620000,719,576
010120,2026-02-09,10:30:00,128200,128600,127800,127800,9715,1246270000,1069,874
010120,2026-02-09,10:35:00,128000,128200,127400,127600,7565,966910000,691,822
010120,2026-02-09,10:40:00,127800,128000,127000,127200,12825,1633710000,1535,1030
010120,2026-02-09,10:45:00,127200,128200,127000,128000,10175,1298760000,1411,624
010120,2026-02-09,10:50:00,128000,128200,127400,127800,6970,890470000,743,651
010120,2026-02-09,10:55:00,128000,128200,127800,128000,6430,823280000,883,403
010120,2026-02-09,11:00:00,128000,128200,127800,128200,8885,1137280000,975,802
010120,2026-02-09,11:05:00,128200,128200,127800,128200,8180,1046800000,948,688
010120,2026-02-09,11:10:00,128200,128200,127600,127800,5130,656240000,434,592
010120,2026-02-09,11:15:00,128000,128200,127800,128200,8490,1087370000,1229,469
010120,2026-02-09,11:20:00,128000,128200,127800,128000,5590,715640000,526,592
010120,2026-02-09,11:25:00,128000,128000,127600,127800,5620,718570000,379,745
010120,2026-02-09,11:30:00,127800,128000,127200,127800,11150,1423250000,1030,1200
010120,2026-02-09,11:35:00,128000,128400,127800,128200,8045,1030760000,1177,432
010120,2026-02-09,11:40:00,128400,128400,128000,128000,4710,603840000,366,576
010120,2026-02-09,11:45:00,128200,128200,127600,127800,4220,539580000,372,472
010120,2026-02-09,11:50:00,127800,128400,127800,128200,5660,724540000,759,373
010120,2026-02-09,11:55:00,128200,128400,127600,128000,7815,999160000,987,576
010120,2026-02-09,12:00:00,127800,128000,127400,127400,5210,665400000,428,614
010120,2026-02-09,12:05:00,127600,128000,127400,127800,5490,700680000,617,481
010120,2026-02-09,12:10:00,127600,128400,127600,128200,5165,660730000,663,370
010120,2026-02-09,12:15:00,128000,128400,127800,127800,7800,999630000,925,635
010120,2026-02-09,12:20:00,128000,128200,127800,128000,5275,675110000,544,511
010120,2026-02-09,12:25:00,128000,128200,127800,128000,3700,473740000,432,308
010120,2026-02-09,12:30:00,128000,128200,127600,127800,5055,646590000,380,631
010120,2026-02-09,12:35:00,127600,128200,127600,128000,7280,931170000,1196,260
010120,2026-02-09,12:40:00,127800,128000,127600,127800,4405,563120000,489,392
010120,2026-02-09,12:45:00,127800,128000,127600,127800,3950,505190000,455,335
010120,2026-02-09,12:50:00,128000,128200,127600,128000,6265,801350000,689,564
010120,2026-02-09,12:55:00,128000,129000,128000,128200,18845,2421350000,2673,1096
010120,2026-02-09,13:00:00,128000,128400,127800,128000,4125,528270000,331,494
010120,2026-02-09,13:05:00,127800,128200,127800,128200,4940,632040000,556,432
010120,2026-02-09,13:10:00,128200,128200,127800,128000,4890,625580000,589,389
010120,2026-02-09,13:15:00,127800,128200,127800,128000,6595,843720000,670,649
010120,2026-02-09,13:20:00,127800,128200,127800,128200,4920,629670000,584,400
010120,2026-02-09,13:25:00,128200,128200,127800,128200,6305,807600000,740,521
010120,2026-02-09,13:30:00,128000,128800,128000,128600,9965,1280320000,1350,643
010120,2026-02-09,13:35:00,128600,128800,128000,128000,10580,1359000000,739,1377
010120,2026-02-09,13:40:00,128200,128600,128000,128400,10500,1345810000,1452,648
010120,2026-02-09,13:45:00,128400,128800,128200,128800,9555,1227990000,1243,668
010120,2026-02-09,13:50:00,128800,129000,128600,128800,15725,2026920000,2322,823
010120,2026-02-09,13:55:00,128800,129000,128600,128800,8885,1144200000,841,936
010120,2026-02-09,14:00:00,128800,129400,128800,129400,13565,1752080000,1771,942
010120,2026-02-09,14:05:00,129400,130600,129200,130600,64815,8425090000,11251,1712
010120,2026-02-09,14:10:00,130400,131000,130400,130800,36640,4793530000,5103,2225
010120,2026-02-09,14:15:00,131000,132800,130600,130800,82660,10889000000,10951,5581
010120,2026-02-09,14:20:00,130800,131400,130400,131200,18135,2372550000,1833,1794
010120,2026-02-09,14:25:00,131000,132000,131000,131200,24625,3234380000,2450,2475
010120,2026-02-09,14:30:00,131000,131000,130200,130200,13150,1717840000,1122,1508
010120,2026-02-09,14:35:00,130200,130600,129800,130200,14050,1829410000,1226,1584
010120,2026-02-09,14:40:00,130200,130600,130000,130000,11570,1507430000,1471,843
010120,2026-02-09,14:45:00,130000,130200,129800,130000,11625,1510870000,1120,1205
010120,2026-02-09,14:50:00,130000,130000,128400,129400,22050,2847210000,1820,2590
010120,2026-02-09,14:55:00,129400,130000,129400,129600,10495,1361520000,1374,725
010120,2026-02-09,15:00:00,129500,129800,129200,129200,11350,1470840000,1164,1106
010120,2026-02-09,15:05:00,129400,129600,128600,129200,25060,3230440000,3020,1992
010120,2026-02-09,15:10:00,129200,129500,129000,129200,10900,1409270000,1462,718
010120,2026-02-09,15:15:00,129200,129400,128800,128800,12485,1611710000,1482,1015
010120,2026-02-09,15:20:00,129000,129000,128200,129000,18105,2329990000,1837,1784
010120,2026-02-09,15:30:00,129200,129200,129200,129200,31915,4123410000,6317,0
010120,2026-02-10,09:05:00,129800,132800,129000,131800,93950,12316970000,9930,8860
010120,2026-02-10,09:10:00,131800,132600,130200,130400,38490,5062400000,3489,4209
010120,2026-02-10,09:15:00,130400,132000,129800,131200,28555,3735320000,2713,2998
010120,2026-02-10,09:20:00,131400,133200,131000,133200,34455,4548320000,4905,1986
010120,2026-02-10,09:25:00,133200,133600,131000,131600,32190,4260000000,2818,3620
010120,2026-02-10,09:30:00,131600,131800,130000,131400,18185,2381350000,1103,2534
010120,2026-02-10,09:35:00,131400,132000,131200,131600,13810,1818120000,1235,1527
010120,2026-02-10,09:40:00,131600,132600,131200,132600,12545,1654890000,1564,945
010120,2026-02-10,09:45:00,132600,133800,131200,131800,39685,5272780000,4587,3350
010120,2026-02-10,09:50:00,131600,132000,130800,131000,16545,2174360000,1290,2019
010120,2026-02-10,09:55:00,131200,131400,130200,130800,17400,2272430000,1296,2184
010120,2026-02-10,10:00:00,131000,131600,130400,131000,11365,1489190000,1006,1267
010120,2026-02-10,10:05:00,131000,131400,130000,130400,12315,1607820000,868,1595
010120,2026-02-10,10:10:00,130400,130600,130000,130400,8025,1046380000,702,903
010120,2026-02-10,10:15:00,130200,130600,129800,130200,9575,1246230000,684,1231
010120,2026-02-10,10:20:00,130000,130200,129400,129600,11000,1427790000,705,1495
010120,2026-02-10,10:25:00,129600,129800,129200,129800,6985,904940000,664,733
010120,2026-02-10,10:30:00,130000,130000,129000,129000,13880,1796940000,1105,1671
010120,2026-02-10,10:35:00,129000,129200,128000,128200,15345,1970050000,923,2146
010120,2026-02-10,10:40:00,128000,129800,127800,129600,14975,1924960000,1376,1619
010120,2026-02-10,10:45:00,129800,129800,128800,128900,9835,1269320000,807,1160
010120,2026-02-10,10:50:00,128800,129200,128600,129200,6125,790390000,718,507
010120,2026-02-10,10:55:00,129000,129200,128200,128600,9085,1168960000,615,1202
010120,2026-02-10,11:00:00,128600,128600,128200,128600,5725,735100000,484,661
010120,2026-02-10,11:05:00,128600,128600,127800,128200,11995,1537040000,1023,1376
010120,2026-02-10,11:10:00,128400,128400,127800,127800,8945,1145480000,698,1091
010120,2026-02-10,11:15:00,127800,128200,127800,128200,4440,568550000,646,242
010120,2026-02-10,11:20:00,128000,128600,127800,128000,11505,1473730000,1164,1137
010120,2026-02-10,11:25:00,128000,128200,127800,128000,3915,501300000,414,369
010120,2026-02-10,11:30:00,128000,128200,127800,128000,3815,488290000,496,267
010120,2026-02-10,11:35:00,128000,128600,128000,128200,6545,838770000,626,683
010120,2026-02-10,11:40:00,128200,128200,127600,127800,7225,923820000,455,990
010120,2026-02-10,11:45:00,127800,127800,127200,127400,6285,801440000,533,724
010120,2026-02-10,11:50:00,127200,127400,127200,127200,7685,977860000,336,1201
010120,2026-02-10,11:55:00,127200,128200,126600,127600,15130,1926430000,1557,1469
010120,2026-02-10,12:00:00,127600,127800,127000,127400,6480,824580000,616,680
010120,2026-02-10,12:05:00,127400,128200,127000,128200,4035,514660000,607,200
010120,2026-02-10,12:10:00,128200,128200,127600,128000,3200,409310000,314,326
010120,2026-02-10,12:15:00,128000,128600,127800,128600,6675,856340000,946,389
010120,2026-02-10,12:20:00,128600,128600,127800,128000,3090,395830000,422,196
010120,2026-02-10,12:25:00,127800,128000,127800,128000,2230,285210000,218,228
010120,2026-02-10,12:30:00,128000,128400,127200,127800,11670,1491350000,1106,1228
010120,2026-02-10,12:35:00,128000,128600,127800,128200,7425,951920000,1148,337
010120,2026-02-10,12:40:00,128200,128200,128000,128100,2190,280680000,364,74
010120,2026-02-10,12:45:00,128200,128200,128000,128200,2600,333210000,411,109
010120,2026-02-10,12:50:00,128100,128400,128000,128300,3935,504650000,622,165
010120,2026-02-10,12:55:00,128400,128600,128200,128600,3250,417280000,596,54
010120,2026-02-10,13:00:00,128600,128800,128200,128600,7290,937270000,1074,384
010120,2026-02-10,13:05:00,128600,128600,127600,127800,5020,643260000,373,631
010120,2026-02-10,13:10:00,127600,127800,127400,127600,4785,610310000,209,748
010120,2026-02-10,13:15:00,127600,127800,127400,127600,5665,722520000,710,423
010120,2026-02-10,13:20:00,127600,127800,127200,127400,6975,888930000,409,986
010120,2026-02-10,13:25:00,127400,127600,127200,127400,4400,560350000,502,378
010120,2026-02-10,13:30:00,127600,128000,127400,128000,6670,851430000,775,559
010120,2026-02-10,13:35:00,127800,128400,127800,128000,8770,1124330000,858,896
010120,2026-02-10,13:40:00,128000,128000,127400,127600,7345,938440000,558,911
010120,2026-02-10,13:45:00,127700,127800,127200,127200,7255,924790000,571,880
010120,2026-02-10,13:50:00,127400,127800,127400,127800,4585,585260000,447,470
010120,2026-02-10,13:55:00,127600,127800,127600,127600,2650,338320000,186,344
010120,2026-02-10,14:00:00,127600,127800,127600,127800,3600,459700000,338,382
010120,2026-02-10,14:05:00,127600,127800,127600,127800,4560,582290000,411,501
010120,2026-02-10,14:10:00,127600,127800,127400,127600,6835,871860000,417,950
010120,2026-02-10,14:15:00,127600,127800,127400,127600,7795,994390000,1117,442
010120,2026-02-10,14:20:00,127800,127800,127200,127400,7120,908340000,438,986
010120,2026-02-10,14:25:00,127200,127600,127200,127600,6700,853250000,635,705
010120,2026-02-10,14:30:00,127400,127600,127200,127400,6795,865860000,527,832
010120,2026-02-10,14:35:00,127400,127800,127400,127800,7135,910290000,582,845
010120,2026-02-10,14:40:00,127600,128000,127600,127800,7005,895090000,701,700
010120,2026-02-10,14:45:00,127600,127800,127400,127400,4825,615360000,209,756
010120,2026-02-10,14:50:00,127600,127600,127200,127400,11795,1502520000,1035,1324
010120,2026-02-10,14:55:00,127400,127800,127400,127400,8755,1116810000,561,1190
010120,2026-02-10,15:00:00,127400,128400,127400,128000,12345,1578160000,1125,1344
010120,2026-02-10,15:05:00,128000,128400,128000,128400,3455,443060000,290,401
010120,2026-02-10,15:10:00,128200,128400,127600,127600,8045,1030060000,546,1063
010120,2026-02-10,15:15:00,127600,127800,127400,127400,4700,599260000,275,665
010120,2026-02-10,15:20:00,127600,128400,127400,128000,14345,1835450000,1384,1485
010120,2026-02-10,15:30:00,127400,127400,127400,127400,27740,3534080000,5535,0
010120,2026-02-11,09:05:00,129000,129000,126200,126400,31480,4020350000,2523,3773
010120,2026-02-11,09:10:00,126800,128200,126600,127400,15320,1954130000,993,2071
010120,2026-02-11,09:15:00,127400,128000,126400,127400,11125,1416680000,717,1508
010120,2026-02-11,09:20:00,127400,128400,127000,128000,10335,1320130000,841,1226
010120,2026-02-11,09:25:00,128000,129600,127400,129400,23590,3038920000,2705,2013
010120,2026-02-11,09:30:00,129600,131600,129000,130200,38380,5014260000,5429,2247
010120,2026-02-11,09:35:00,130200,131000,129800,130200,15225,1984620000,2027,1018
010120,2026-02-11,09:40:00,130400,130600,129800,130200,6420,836590000,556,728
010120,2026-02-11,09:45:00,130400,130600,129800,130400,7070,920650000,602,812
010120,2026-02-11,09:50:00,130400,131000,130000,130000,10210,1333340000,1068,974
010120,2026-02-11,09:55:00,130200,130800,130000,130400,6795,886170000,814,545
010120,2026-02-11,10:00:00,130600,131200,130400,131000,9640,1262380000,1291,637
010120,2026-02-11,10:05:00,131000,131400,130800,131000,12330,1617240000,1664,802
010120,2026-02-11,10:10:00,131000,131400,130600,131200,9650,1264370000,1393,537
010120,2026-02-11,10:15:00,131200,131400,130800,131000,5605,734480000,455,666
010120,2026-02-11,10:20:00,131000,131200,130800,131000,3835,502670000,399,368
010120,2026-02-11,10:25:00,131000,131400,131000,131200,6770,888190000,820,534
010120,2026-02-11,10:30:00,131200,131400,131200,131200,3795,498230000,327,432
010120,2026-02-11,10:35:00,131200,131400,130400,130600,6240,816000000,554,694
010120,2026-02-11,10:40:00,130600,130600,130400,130400,3650,476370000,336,394
010120,2026-02-11,10:45:00,130400,131000,130200,130800,4760,621120000,490,462
010120,2026-02-11,10:50:00,130700,131000,130600,130800,4190,548140000,396,442
010120,2026-02-11,10:55:00,130800,131000,130600,131000,4170,545680000,332,502
010120,2026-02-11,11:00:00,130900,131200,130600,131200,5720,748810000,610,534
010120,2026-02-11,11:05:00,131100,131800,131000,131600,21145,2780220000,2428,1801
010120,2026-02-11,11:10:00,131600,132000,131400,131800,14270,1880020000,2100,754
010120,2026-02-11,11:15:00,131700,132600,131600,132400,24795,3274440000,4160,799
010120,2026-02-11,11:20:00,132400,133400,132400,133200,25375,3372750000,3843,1232
010120,2026-02-11,11:25:00,133000,133200,132800,133200,19790,2634860000,2826,1132
010120,2026-02-11,11:30:00,133000,134000,133000,133900,27285,3645620000,4566,891
010120,2026-02-11,11:35:00,134000,134200,133200,133400,17550,2349080000,2169,1341
010120,2026-02-11,11:40:00,133400,133600,133000,133200,11480,1530740000,999,1297
010120,2026-02-11,11:45:00,133400,133400,132800,133000,12670,1686190000,1103,1431
010120,2026-02-11,11:50:00,133000,133800,132800,133600,17305,2307100000,2676,785
010120,2026-02-11,11:55:00,133400,133800,133200,133400,4605,614840000,456,465
010120,2026-02-11,12:00:00,133600,134000,133400,133800,6585,880670000,989,328
010120,2026-02-11,12:05:00,133800,133800,133500,133600,6320,844960000,630,634
010120,2026-02-11,12:10:00,133600,133800,133400,133600,4320,577530000,456,408
010120,2026-02-11,12:15:00,133800,133800,133000,133200,6920,922930000,448,936
010120,2026-02-11,12:20:00,133200,133600,132800,133400,7170,954680000,825,609
010120,2026-02-11,12:25:00,133400,133600,133200,133600,3455,461120000,331,360
010120,2026-02-11,12:30:00,133600,133800,133600,133800,4575,611720000,592,323
010120,2026-02-11,12:35:00,133800,134000,133600,133800,7730,1035030000,1232,314
010120,2026-02-11,12:40:00,134000,134600,133800,134600,20395,2737630000,3172,907
010120,2026-02-11,12:45:00,134400,134600,134200,134400,9910,1332040000,561,1421
010120,2026-02-11,12:50:00,134600,135000,134400,134800,14015,1889280000,2153,650
010120,2026-02-11,12:55:00,135000,135000,133800,134000,13515,1816280000,595,2108
010120,2026-02-11,13:00:00,133800,134600,133800,134400,9230,1239020000,1290,556
010120,2026-02-11,13:05:00,134400,134600,134400,134600,4210,566190000,408,434
010120,2026-02-11,13:10:00,134600,134600,134400,134600,6055,814250000,429,782
010120,2026-02-11,13:15:00,134600,134600,133800,133800,10950,1468970000,843,1347
010120,2026-02-11,13:20:00,134000,134600,133800,134600,7125,957370000,918,507
010120,2026-02-11,13:25:00,134600,134800,133800,133800,11480,1543000000,1552,744
010120,2026-02-11,13:30:00,134000,134200,133600,134000,8215,1100210000,609,1034
010120,2026-02-11,13:35:00,134000,134200,133800,134000,5645,756600000,419,710
010120,2026-02-11,13:40:00,133800,134000,133600,133600,6415,858510000,479,804
010120,2026-02-11,13:45:00,133800,134000,133600,133600,9370,1253170000,950,924
010120,2026-02-11,13:50:00,133800,134200,133600,133600,9680,1295440000,960,976
010120,2026-02-11,13:55:00,133600,134200,133400,134000,7025,941670000,953,452
010120,2026-02-11,14:00:00,134200,134600,134000,134400,8460,1136630000,1268,424
010120,2026-02-11,14:05:00,134400,134800,134400,134600,7725,1039900000,851,694
010120,2026-02-11,14:10:00,134400,134800,134200,134400,7560,1017820000,843,669
010120,2026-02-11,14:15:00,134200,134800,133800,134000,8365,1123520000,871,802
010120,2026-02-11,14:20:00,133800,134600,133800,134400,11085,1487610000,1411,806
010120,2026-02-11,14:25:00,134600,134800,134200,134400,8965,1205700000,1169,624
010120,2026-02-11,14:30:00,134400,134800,134400,134800,9450,1271610000,1418,472
010120,2026-02-11,14:35:00,134600,134800,134200,134400,7810,1051350000,994,568
010120,2026-02-11,14:40:00,134400,134600,134200,134200,8455,1136270000,751,940
010120,2026-02-11,14:45:00,134200,134400,133600,133800,10145,1359250000,607,1422
010120,2026-02-11,14:50:00,133800,134000,133200,133400,13725,1831280000,577,2168
010120,2026-02-11,14:55:00,133600,133800,133200,133600,7845,1047440000,708,861
010120,2026-02-11,15:00:00,133600,133800,133200,133400,8245,1099580000,741,908
010120,2026-02-11,15:05:00,133200,133800,133200,133600,8555,1143240000,855,856
010120,2026-02-11,15:10:00,133800,133800,133400,133600,7220,964530000,654,790
010120,2026-02-11,15:15:00,133600,133600,133000,133400,8235,1098020000,683,964
010120,2026-02-11,15:20:00,133400,133400,132600,133000,10790,1433930000,875,1283
010120,2026-02-11,15:30:00,133400,133400,133400,133400,53335,7114880000,10643,0
010120,2026-02-12,09:05:00,136600,137000,134000,135000,49645,6728490000,4698,5231
010120,2026-02-12,09:10:00,135000,135000,132600,133800,28780,3846610000,1895,3861
010120,2026-02-12,09:15:00,133600,134400,133200,134000,15805,2112920000,1660,1501
010120,2026-02-12,09:20:00,134000,134800,134000,134200,11685,1569530000,1486,851
010120,2026-02-12,09:25:00,134000,135000,133800,134400,13500,1812580000,1628,1072
010120,2026-02-12,09:30:00,134400,135000,134000,135000,10370,1396100000,1315,759
010120,2026-02-12,09:35:00,134800,136200,134800,135800,19310,2620230000,2860,1002
010120,2026-02-12,09:40:00,135800,136000,134800,134800,13695,1852110000,923,1816
010120,2026-02-12,09:45:00,134800,134800,133800,133800,13135,1763130000,537,2090
010120,2026-02-12,09:50:00,133800,134400,133600,134000,11860,1587850000,607,1765
010120,2026-02-12,09:55:00,133800,134400,133600,133600,10265,1374980000,748,1305
010120,2026-02-12,10:00:00,133600,134200,133400,133800,11045,1477460000,606,1603
010120,2026-02-12,10:05:00,133600,134400,133600,134000,6935,929950000,431,956
010120,2026-02-12,10:10:00,134000,134200,133400,133800,6060,811000000,336,876
010120,2026-02-12,10:15:00,133600,133800,132600,132800,12680,1688480000,342,2194
010120,2026-02-12,10:20:00,132600,133000,132600,133000,8855,1175050000,627,1144
010120,2026-02-12,10:25:00,133000,133800,132800,133600,4765,634360000,423,530
010120,2026-02-12,10:30:00,133600,134400,133600,134200,5805,777740000,592,569
010120,2026-02-12,10:35:00,134200,134600,133800,133800,5440,730310000,271,817
010120,2026-02-12,10:40:00,133800,134000,133800,133800,4205,562750000,133,708
010120,2026-02-12,10:45:00,134000,134400,133800,134200,7215,967740000,809,634
010120,2026-02-12,10:50:00,134000,134800,134000,134600,6640,893570000,622,706
010120,2026-02-12,10:55:00,134600,135000,134400,134800,8630,1163230000,907,819
010120,2026-02-12,11:00:00,134800,135400,134600,135000,9215,1243950000,731,1112
010120,2026-02-12,11:05:00,135000,135200,134400,134600,8215,1107010000,647,996
010120,2026-02-12,11:10:00,134600,135600,134600,135400,12430,1678610000,1447,1039
010120,2026-02-12,11:15:00,135400,135600,134600,135000,6580,889470000,566,750
010120,2026-02-12,11:20:00,135000,135200,134400,135000,6280,845970000,480,776
010120,2026-02-12,11:25:00,134800,135000,134800,134800,3645,491510000,219,510
010120,2026-02-12,11:30:00,134800,134800,134400,134400,5405,727300000,356,725
010120,2026-02-12,11:35:00,134400,134600,133800,133800,7200,965950000,292,1148
010120,2026-02-12,11:40:00,133800,134600,133800,134200,7310,980270000,508,954
010120,2026-02-12,11:45:00,134200,134400,133800,133800,7905,1058770000,244,1337
010120,2026-02-12,11:50:00,133800,134200,133800,133800,4040,540920000,202,606
010120,2026-02-12,11:55:00,133800,134200,133600,133800,6620,885930000,547,777
010120,2026-02-12,12:00:00,133600,134000,133600,133600,3160,422810000,278,354
010120,2026-02-12,12:05:00,133600,134000,133600,133600,4950,661830000,304,686
010120,2026-02-12,12:10:00,133600,134000,133200,133200,9275,1239990000,708,1147
010120,2026-02-12,12:15:00,133200,133400,133200,133200,3390,451620000,71,607
010120,2026-02-12,12:20:00,133200,133600,133200,133200,5625,749770000,514,611
010120,2026-02-12,12:25:00,133200,133400,133000,133200,6395,851040000,372,907
010120,2026-02-12,12:30:00,133000,133600,133000,133400,5410,720320000,560,522
010120,2026-02-12,12:35:00,133400,134000,133200,133800,6225,831290000,369,876
010120,2026-02-12,12:40:00,133600,133800,133400,133400,2475,330580000,67,428
010120,2026-02-12,12:45:00,133400,133600,133400,133400,3540,472430000,205,503
010120,2026-02-12,12:50:00,133400,133800,133400,133600,3145,420100000,147,482
010120,2026-02-12,12:55:00,133600,133800,133400,133600,3545,473640000,188,521
010120,2026-02-12,13:00:00,133600,134000,133400,134000,4475,598090000,237,658
010120,2026-02-12,13:05:00,133800,133800,133200,133400,4725,630480000,213,732
010120,2026-02-12,13:10:00,133400,133400,132800,133000,6315,840230000,190,1073
010120,2026-02-12,13:15:00,133000,133400,132800,133200,5025,668810000,224,781
010120,2026-02-12,13:20:00,133200,133600,133000,133200,3975,529840000,222,573
010120,2026-02-12,13:25:00,133200,133600,133200,133200,5420,722810000,258,826
010120,2026-02-12,13:30:00,133200,134000,133200,133200,7840,1046400000,583,985
010120,2026-02-12,13:35:00,133200,133600,133200,133200,5080,677140000,336,680
010120,2026-02-12,13:40:00,133200,133600,133200,133400,5395,719500000,316,763
010120,2026-02-12,13:45:00,133200,133400,133000,133000,7540,1004570000,279,1229
010120,2026-02-12,13:50:00,133000,133600,133000,133200,6900,918990000,822,558
010120,2026-02-12,13:55:00,133000,133200,132800,133000,7195,956810000,292,1147
010120,2026-02-12,14:00:00,132800,133200,132600,132800,6710,891640000,402,940
010120,2026-02-12,14:05:00,132800,133400,132600,133400,6400,852030000,502,778
010120,2026-02-12,14:10:00,133200,133800,133200,133200,5035,671720000,341,666
010120,2026-02-12,14:15:00,133200,133800,133200,133400,7105,948800000,423,998
010120,2026-02-12,14:20:00,133400,134000,133400,133800,10395,1389770000,855,1224
010120,2026-02-12,14:25:00,133800,134000,133600,133800,8400,1123700000,441,1239
010120,2026-02-12,14:30:00,133800,134000,133400,133800,8460,1131270000,412,1280
010120,2026-02-12,14:35:00,133600,134000,133400,133600,6670,891280000,345,989
010120,2026-02-12,14:40:00,133600,134000,133400,133800,7045,942040000,594,815
010120,2026-02-12,14:45:00,133800,134200,133400,133600,8325,1113490000,605,1060
010120,2026-02-12,14:50:00,133600,134000,133400,133600,6325,844980000,275,990
010120,2026-02-12,14:55:00,133600,133800,133200,133600,6795,907500000,514,845
010120,2026-02-12,15:00:00,133400,133800,133200,133400,11340,1514250000,1041,1227
010120,2026-02-12,15:05:00,133400,133800,133200,133400,6165,822940000,331,902
010120,2026-02-12,15:10:00,133200,133600,133200,133600,8455,1128620000,727,964
010120,2026-02-12,15:15:00,133600,134800,133400,134400,21620,2898220000,3451,873
010120,2026-02-12,15:20:00,134600,134600,133600,133600,5435,727570000,313,774
010120,2026-02-12,15:30:00,134200,134200,134200,134200,192625,25850260000,38469,0
010120,2026-02-13,09:05:00,131400,133200,131400,131600,30610,4036980000,3507,2615
010120,2026-02-13,09:10:00,131400,132600,131200,132400,23425,3088940000,1735,2950
010120,2026-02-13,09:15:00,132200,132400,131600,131800,16295,2151030000,1128,2131
010120,2026-02-13,09:20:00,131800,132000,131000,131200,17940,2358270000,565,3023
010120,2026-02-13,09:25:00,131200,132400,131200,131200,13080,1721870000,1096,1520
010120,2026-02-13,09:30:00,131200,131400,131000,131000,10970,1438930000,783,1411
010120,2026-02-13,09:35:00,131000,131800,131000,131200,12660,1662720000,1082,1450
010120,2026-02-13,09:40:00,131200,131800,131200,131600,6665,875960000,803,530
010120,2026-02-13,09:45:00,131600,131600,130800,130800,12220,1601050000,389,2055
010120,2026-02-13,09:50:00,131000,131400,130600,130800,13610,1782660000,1354,1368
010120,2026-02-13,09:55:00,130800,130800,130000,130400,15345,1999170000,757,2312
010120,2026-02-13,10:00:00,130400,130800,130200,130600,8040,1049720000,1048,560
010120,2026-02-13,10:05:00,130600,130600,130000,130400,11890,1548570000,1024,1354
010120,2026-02-13,10:10:00,130200,130800,130200,130600,8975,1171070000,1322,473
010120,2026-02-13,10:15:00,130600,131200,130200,131200,11195,1462090000,1445,794
010120,2026-02-13,10:20:00,131200,131400,131000,131400,5565,730280000,754,359
010120,2026-02-13,10:25:00,131400,131600,130800,131400,10405,1364160000,1140,941
010120,2026-02-13,10:30:00,131400,131400,130600,131000,8500,1113290000,730,970
010120,2026-02-13,10:35:00,130800,131000,130600,130800,5645,737740000,456,673
010120,2026-02-13,10:40:00,130800,130800,130600,130600,5455,712670000,246,845
010120,2026-02-13,10:45:00,130600,131200,130400,131000,7600,993770000,1191,329
010120,2026-02-13,10:50:00,131200,131800,130800,131500,10555,1386040000,1150,961
010120,2026-02-13,10:55:00,131500,132400,131400,132000,17710,2337740000,2412,1130
010120,2026-02-13,11:00:00,131800,132000,131400,132000,5635,742160000,728,399
010120,2026-02-13,11:05:00,131800,132400,131600,132000,11080,1463290000,1255,961
010120,2026-02-13,11:10:00,131800,132200,131600,131800,6915,911830000,776,607
010120,2026-02-13,11:15:00,132000,132200,131600,132200,8120,1071230000,929,695
010120,2026-02-13,11:20:00,132200,132400,132000,132300,7030,929730000,949,457
010120,2026-02-13,11:25:00,132200,132300,131600,132000,9780,1290440000,806,1150
010120,2026-02-13,11:30:00,131800,132000,131600,132000,4130,544670000,552,274
010120,2026-02-13,11:35:00,132000,132200,131800,132200,6685,882390000,917,420
010120,2026-02-13,11:40:00,132200,132600,132200,132400,4705,622860000,544,397
010120,2026-02-13,11:45:00,132400,132400,131800,132200,6725,888040000,871,474
010120,2026-02-13,11:50:00,132200,132200,131800,131800,2445,322800000,163,326
010120,2026-02-13,11:55:00,131800,132000,131600,131800,4880,643130000,536,440
010120,2026-02-13,12:00:00,131600,131800,131600,131600,2475,325880000,167,328
010120,2026-02-13,12:05:00,131800,132400,131600,132200,8480,1118030000,1233,463
010120,2026-02-13,12:10:00,132200,132200,132000,132200,2810,371110000,200,362
010120,2026-02-13,12:15:00,132200,132200,131800,131800,2405,317510000,225,256
010120,2026-02-13,12:20:00,131800,132000,131600,131900,4610,607680000,601,321
010120,2026-02-13,12:25:00,131900,132000,131600,131800,3570,470690000,291,423
010120,2026-02-13,12:30:00,131800,132200,131600,132200,10160,1339990000,1733,299
010120,2026-02-13,12:35:00,132000,133200,132000,133000,7735,1026300000,1126,421
010120,2026-02-13,12:40:00,133000,133200,132400,132400,5480,727580000,140,956
010120,2026-02-13,12:45:00,132400,133200,132400,132800,7750,1028540000,1080,470
010120,2026-02-13,12:50:00,132800,133200,132800,132800,5385,715930000,713,364
010120,2026-02-13,12:55:00,133000,133200,132800,133000,6130,815330000,873,353
010120,2026-02-13,13:00:00,132800,133000,132800,133000,5420,720280000,501,583
010120,2026-02-13,13:05:00,132800,133600,132800,133600,8095,1077720000,1225,394
010120,2026-02-13,13:10:00,133600,133800,133400,133400,6000,801750000,738,462
010120,2026-02-13,13:15:00,133400,134000,133400,133400,12170,1626680000,1217,1217
010120,2026-02-13,13:20:00,133400,133600,133000,133400,9665,1289430000,1173,760
010120,2026-02-13,13:25:00,133400,133800,133400,133600,5360,715930000,748,324
010120,2026-02-13,13:30:00,133800,133800,133600,133600,9075,1213400000,971,844
010120,2026-02-13,13:35:00,133800,134000,133200,133200,9140,1222310000,842,986
010120,2026-02-13,13:40:00,133200,133800,133200,133800,5740,766810000,849,299
010120,2026-02-13,13:45:00,133800,133800,133200,133300,9380,1251400000,473,1403
010120,2026-02-13,13:50:00,133400,133400,133000,133200,2910,387710000,203,379
010120,2026-02-13,13:55:00,133000,133200,132800,132800,6945,923490000,534,855
010120,2026-02-13,14:00:00,133000,133600,132800,133000,12210,1626310000,1779,663
010120,2026-02-13,14:05:00,133000,133200,132800,132800,7360,978380000,411,1061
010120,2026-02-13,14:10:00,132800,133000,132600,132600,7985,1060770000,738,859
010120,2026-02-13,14:15:00,132600,132800,132400,132600,10780,1428740000,565,1591
010120,2026-02-13,14:20:00,132400,132600,132000,132200,12520,1656240000,1574,930
010120,2026-02-13,14:25:00,132400,132400,132200,132200,7255,960110000,998,453
010120,2026-02-13,14:30:00,132200,132400,132000,132200,10325,1364260000,573,1492
010120,2026-02-13,14:35:00,132000,132200,131800,132000,10385,1370550000,412,1665
010120,2026-02-13,14:40:00,132000,132000,131600,131800,8530,1123800000,659,1047
010120,2026-02-13,14:45:00,131600,131800,131400,131400,13250,1743750000,670,1980
010120,2026-02-13,14:50:00,131400,131800,131200,131800,15585,2048210000,2278,839
010120,2026-02-13,14:55:00,131700,132000,131600,131600,9690,1276680000,971,967
010120,2026-02-13,15:00:00,131600,132200,131600,132000,10870,1433600000,1536,638
010120,2026-02-13,15:05:00,131800,132200,131800,132200,10295,1359380000,1608,451
010120,2026-02-13,15:10:00,132200,132400,132000,132200,9335,1233860000,1082,785
010120,2026-02-13,15:15:00,132200,132400,132000,132400,10325,1365320000,1736,329
010120,2026-02-13,15:20:00,132400,132600,132000,132600,12515,1655560000,1263,1240
010120,2026-02-13,15:30:00,132200,132200,132200,132200,47965,6340960000,9585,0
010120,2026-02-19,09:05:00,135000,135000,133400,133600,28455,3818350000,3030,2661
010120,2026-02-19,09:10:00,133800,134600,133800,134600,16770,2252550000,1903,1451
010120,2026-02-19,09:15:00,134600,134800,133400,134600,22355,2998750000,2800,1671
010120,2026-02-19,09:20:00,134800,135400,134400,134600,19410,2619880000,2483,1399
010120,2026-02-19,09:25:00,134600,135400,134400,135000,11840,1596480000,1637,731
010120,2026-02-19,09:30:00,134800,135000,134400,135000,6895,928670000,821,558
010120,2026-02-19,09:35:00,134800,136000,134800,135800,17155,2324270000,2340,1091
010120,2026-02-19,09:40:00,135800,135800,134800,135000,8200,1107830000,800,840
010120,2026-02-19,09:45:00,135000,135800,134800,135600,10785,1460280000,1248,909
010120,2026-02-19,09:50:00,135600,135800,135400,135600,4740,642750000,499,449
010120,2026-02-19,09:55:00,135600,135600,135000,135200,4860,657700000,445,527
010120,2026-02-19,10:00:00,135200,135600,135200,135200,3710,502250000,386,356
010120,2026-02-19,10:05:00,135600,135600,134800,135200,11505,1555810000,1161,1140
010120,2026-02-19,10:10:00,135200,135400,134400,134600,4510,608330000,319,583
010120,2026-02-19,10:15:00,134600,134600,134000,134000,6335,850490000,570,697
010120,2026-02-19,10:20:00,134200,134600,134000,134400,3095,415890000,241,378
010120,2026-02-19,10:25:00,134400,134600,134200,134400,3520,473320000,232,472
010120,2026-02-19,10:30:00,134600,134600,134000,134000,4910,659440000,409,573
010120,2026-02-19,10:35:00,134000,134200,133600,133600,4575,612660000,357,558
010120,2026-02-19,10:40:00,133800,133800,133200,133400,6340,846600000,422,846
010120,2026-02-19,10:45:00,133500,134800,133400,134600,8585,1151890000,1030,687
010120,2026-02-19,10:50:00,134800,135000,134600,134800,4790,645460000,238,720
010120,2026-02-19,10:55:00,134800,135400,134600,135400,4675,631130000,432,503
010120,2026-02-19,11:00:00,135200,135600,135200,135400,5935,803340000,508,679
010120,2026-02-19,11:05:00,135400,135600,134800,135200,3420,462500000,348,336
010120,2026-02-19,11:10:00,135200,135400,135200,135300,2890,391030000,214,364
010120,2026-02-19,11:15:00,135300,135600,135300,135600,5185,702260000,570,467
010120,2026-02-19,11:20:00,135400,135800,135400,135800,6615,896720000,796,527
010120,2026-02-19,11:25:00,135600,135800,135400,135400,4010,543740000,226,576
010120,2026-02-19,11:30:00,135600,135800,135200,135200,4180,566080000,390,446
010120,2026-02-19,11:35:00,135200,135600,135200,135600,2805,379920000,186,375
010120,2026-02-19,11:40:00,135600,135600,135400,135600,1565,212030000,135,178
010120,2026-02-19,11:45:00,135600,135600,135400,135600,2025,274380000,187,218
010120,2026-02-19,11:50:00,135600,135800,135400,135600,8445,1144900000,1019,670
010120,2026-02-19,11:55:00,135600,135800,135400,135600,2525,342080000,124,381
010120,2026-02-19,12:00:00,135600,135600,135200,135200,2685,363350000,177,360
010120,2026-02-19,12:05:00,135400,135400,135000,135200,3140,424530000,318,310
010120,2026-02-19,12:10:00,135200,135200,134500,134600,3410,459700000,139,543
010120,2026-02-19,12:15:00,134800,135000,134600,134800,2805,378060000,286,275
010120,2026-02-19,12:20:00,134800,134800,134400,134600,2080,280030000,217,199
010120,2026-02-19,12:25:00,134600,134800,134500,134800,2015,271340000,159,244
010120,2026-02-19,12:30:00,134800,135000,134600,134800,2635,355060000,275,252
010120,2026-02-19,12:35:00,134800,135200,134600,134600,2940,396560000,294,294
010120,2026-02-19,12:40:00,134600,134800,134400,134600,2695,362810000,157,382
010120,2026-02-19,12:45:00,134800,134800,134600,134600,2270,305650000,113,341
010120,2026-02-19,12:50:00,134800,135200,134600,134800,3065,413380000,241,372
010120,2026-02-19,12:55:00,135000,135300,134800,135200,3315,447740000,421,242
010120,2026-02-19,13:00:00,135000,135400,135000,135200,1965,265590000,133,260
010120,2026-02-19,13:05:00,135400,135400,135000,135000,1885,254850000,203,174
010120,2026-02-19,13:10:00,135200,135200,134600,135000,2780,375180000,175,381
010120,2026-02-19,13:15:00,135000,135200,134600,134800,3840,517960000,388,380
010120,2026-02-19,13:20:00,134800,135200,134000,135200,10620,1429620000,714,1410
010120,2026-02-19,13:25:00,135200,135400,134600,134600,3560,480330000,278,434
010120,2026-02-19,13:30:00,135000,135000,134400,134600,1885,253960000,150,227
010120,2026-02-19,13:35:00,134600,135000,134400,134600,2155,290120000,217,214
010120,2026-02-19,13:40:00,134800,134800,134000,134400,8325,1118690000,629,1036
010120,2026-02-19,13:45:00,134600,134800,134200,134400,3670,493630000,323,411
010120,2026-02-19,13:50:00,134600,134600,134200,134400,2270,305140000,197,257
010120,2026-02-19,13:55:00,134400,134600,134000,134400,4320,580180000,550,314
010120,2026-02-19,14:00:00,134600,134600,134200,134200,1970,264600000,143,251
010120,2026-02-19,14:05:00,134200,134400,134200,134200,3145,422210000,151,478
010120,2026-02-19,14:10:00,134400,134400,134000,134200,3215,431380000,252,391
010120,2026-02-19,14:15:00,134400,134400,134200,134200,2690,361100000,97,441
010120,2026-02-19,14:20:00,134200,134800,134200,134400,4430,595600000,493,393
010120,2026-02-19,14:25:00,134400,134600,134000,134400,2640,354420000,173,355
010120,2026-02-19,14:30:00,134200,134600,134200,134600,3195,429260000,333,306
010120,2026-02-19,14:35:00,134400,134600,134200,134600,3810,512140000,264,498
010120,2026-02-19,14:40:00,134600,134800,134400,134800,3465,466190000,333,360
010120,2026-02-19,14:45:00,134800,134800,134400,134800,2655,357510000,235,296
010120,2026-02-19,14:50:00,134600,135000,134600,134800,6740,908480000,729,619
010120,2026-02-19,14:55:00,134800,135200,134600,134800,5900,795950000,555,625
010120,2026-02-19,15:00:00,135000,135000,134600,134800,2940,396300000,197,391
010120,2026-02-19,15:05:00,134800,135000,134600,134800,1990,268390000,163,235
010120,2026-02-19,15:10:00,134800,135200,134800,134800,3515,474460000,346,357
010120,2026-02-19,15:15:00,135000,135200,134800,134800,4995,674110000,496,503
010120,2026-02-19,15:20:00,134800,135200,134600,135200,5785,781040000,755,402
010120,2026-02-19,15:30:00,135200,135200,135200,135200,39140,5291730000,7824,0
010120,2026-02-20,09:05:00,134200,135800,133800,135600,27990,3773140000,3389,2202
010120,2026-02-20,09:10:00,135600,135600,134200,135000,11575,1559750000,1052,1263
010120,2026-02-20,09:15:00,135000,135400,134800,135200,11320,1529250000,1222,1042
010120,2026-02-20,09:20:00,135200,135400,134700,134700,8435,1138910000,861,826
010120,2026-02-20,09:25:00,134700,136200,134600,135800,17370,2355480000,2444,1030
010120,2026-02-20,09:30:00,136000,137200,135800,136800,23920,3267160000,3233,1551
010120,2026-02-20,09:35:00,136800,137000,135600,136400,12985,1771600000,1646,951
010120,2026-02-20,09:40:00,136400,136600,135800,136000,7150,973540000,564,866
010120,2026-02-20,09:45:00,135800,136000,135400,135800,6315,857570000,656,607
010120,2026-02-20,09:50:00,135800,136600,135800,136200,5880,801280000,758,418
010120,2026-02-20,09:55:00,136100,136400,135800,135800,7415,1009160000,493,990
010120,2026-02-20,10:00:00,135800,136400,135800,136200,5835,794340000,516,651
010120,2026-02-20,10:05:00,136200,136400,135800,136200,4510,613800000,465,437
010120,2026-02-20,10:10:00,136000,136600,136000,136600,6185,843770000,1029,208
010120,2026-02-20,10:15:00,136600,136800,136400,136600,4870,665370000,388,586
010120,2026-02-20,10:20:00,136600,137200,136400,137200,16750,2291530000,2503,847
010120,2026-02-20,10:25:00,137200,138000,137000,137200,19915,2737690000,2304,1679
010120,2026-02-20,10:30:00,137200,137600,136700,136800,9220,1264560000,1017,827
010120,2026-02-20,10:35:00,136800,137200,136600,136800,4840,662580000,412,556
010120,2026-02-20,10:40:00,136800,136800,136200,136400,5250,716740000,350,700
010120,2026-02-20,10:45:00,136600,136600,135800,136000,5780,787370000,319,837
010120,2026-02-20,10:50:00,135800,136600,135600,135800,8575,1167130000,839,876
010120,2026-02-20,10:55:00,135800,136200,135400,136000,6900,937560000,544,836
010120,2026-02-20,11:00:00,136000,136200,135600,135600,4040,549400000,350,458
010120,2026-02-20,11:05:00,135800,136000,135600,135600,5160,700750000,405,627
010120,2026-02-20,11:10:00,135600,136200,135400,135800,7935,1077490000,864,723
010120,2026-02-20,11:15:00,135800,136200,135800,135800,3190,433770000,274,364
010120,2026-02-20,11:20:00,135800,136000,135200,135600,5580,756040000,519,597
010120,2026-02-20,11:25:00,135400,136000,135400,135600,4435,602080000,417,470
010120,2026-02-20,11:30:00,135800,136200,135600,136000,1805,245250000,220,141
010120,2026-02-20,11:35:00,136200,136600,136000,136400,2685,365860000,328,209
010120,2026-02-20,11:40:00,136400,136800,136200,136400,7985,1090220000,992,605
010120,2026-02-20,11:45:00,136600,136600,136200,136200,2380,324540000,244,232
010120,2026-02-20,11:50:00,136400,136400,136200,136200,1465,199670000,137,156
010120,2026-02-20,11:55:00,136400,136800,136200,136600,3335,454900000,526,141
010120,2026-02-20,12:00:00,136800,136800,136600,136600,2445,334120000,133,356
010120,2026-02-20,12:05:00,136800,136800,136600,136600,1780,243360000,212,144
010120,2026-02-20,12:10:00,136600,136800,136600,136800,1670,228290000,170,164
010120,2026-02-20,12:15:00,136600,137400,136600,137400,6830,936120000,1035,331
010120,2026-02-20,12:20:00,137400,137600,137200,137400,4010,551040000,578,224
010120,2026-02-20,12:25:00,137400,137800,137400,137800,5375,739630000,615,460
010120,2026-02-20,12:30:00,137800,137800,137400,137600,2510,345340000,49,453
010120,2026-02-20,12:35:00,137500,137800,137400,137600,3030,416770000,335,271
010120,2026-02-20,12:40:00,137600,138000,137400,137800,11000,1515220000,1635,565
010120,2026-02-20,12:45:00,137800,138000,137800,137800,1960,270140000,51,341
010120,2026-02-20,12:50:00,138000,138000,137800,137800,5150,709850000,174,856
010120,2026-02-20,12:55:00,138000,138600,137800,138300,17835,2463370000,2597,970
010120,2026-02-20,13:00:00,138200,138600,138200,138200,4740,655840000,511,437
010120,2026-02-20,13:05:00,138400,138600,138000,138000,8960,1238550000,659,1133
010120,2026-02-20,13:10:00,137800,138800,137800,138600,6215,860120000,868,375
010120,2026-02-20,13:15:00,138600,138800,138400,138600,6875,952780000,750,625
010120,2026-02-20,13:20:00,138600,138800,138200,138400,5420,750810000,405,679
010120,2026-02-20,13:25:00,138400,138600,137800,138200,10770,1488630000,1158,996
010120,2026-02-20,13:30:00,138200,138600,137800,138400,7585,1047430000,656,861
010120,2026-02-20,13:35:00,138600,138600,138000,138000,6365,880460000,512,761
010120,2026-02-20,13:40:00,138000,138400,137800,138000,7440,1027150000,647,841
010120,2026-02-20,13:45:00,137800,138200,137600,137800,5355,738240000,318,753
010120,2026-02-20,13:50:00,137800,138200,137600,138000,4725,652020000,400,545
010120,2026-02-20,13:55:00,138000,138200,137800,137800,4965,685070000,384,609
010120,2026-02-20,14:00:00,137800,138000,137800,137800,2705,372920000,142,399
010120,2026-02-20,14:05:00,138000,138000,137600,137600,5455,751770000,272,819
010120,2026-02-20,14:10:00,137800,137800,137400,137400,7890,1086030000,335,1243
010120,2026-02-20,14:15:00,137400,137600,137200,137200,4095,562490000,205,614
010120,2026-02-20,14:20:00,137200,137600,137000,137200,7715,1059130000,508,1035
010120,2026-02-20,14:25:00,137200,137600,137200,137400,5490,753870000,405,693
010120,2026-02-20,14:30:00,137400,137600,137200,137400,3700,508200000,125,615
010120,2026-02-20,14:35:00,137200,137600,137200,137400,3915,537890000,181,602
010120,2026-02-20,14:40:00,137600,137800,137200,137200,5645,776590000,208,921
010120,2026-02-20,14:45:00,137200,138000,137200,137600,8050,1107720000,624,986
010120,2026-02-20,14:50:00,137600,137800,137600,137800,3480,479110000,260,436
010120,2026-02-20,14:55:00,137800,138000,137600,138000,4840,667210000,328,640
010120,2026-02-20,15:00:00,137800,138000,137600,137800,7855,1082580000,316,1255
010120,2026-02-20,15:05:00,137800,138000,137600,137800,5175,713160000,375,660
010120,2026-02-20,15:10:00,137800,138000,137600,137600,4290,590800000,296,562
010120,2026-02-20,15:15:00,137600,137800,137400,137600,8330,1146050000,377,1289
010120,2026-02-20,15:20:00,137600,137800,137200,137600,7690,1057720000,514,1024
010120,2026-02-20,15:30:00,138200,138200,138200,138200,23960,3311270000,4788,0
010120,2026-02-23,09:05:00,140200,141000,138400,140200,52995,7407380000,5446,5153
010120,2026-02-23,09:10:00,140200,142000,140200,141000,43050,6079560000,4851,3759
010120,2026-02-23,09:15:00,141000,143800,140400,143800,34710,4939020000,4214,2728
010120,2026-02-23,09:20:00,143800,144600,142600,143800,53770,7734930000,5306,5448
010120,2026-02-23,09:25:00,143600,146000,143600,145800,49095,7124050000,4456,5363
010120,2026-02-23,09:30:00,145600,145800,139400,142000,50855,7275840000,2854,7317
010120,2026-02-23,09:35:00,142400,144400,142000,143600,19675,2822880000,1616,2319
010120,2026-02-23,09:40:00,143500,144600,143400,144400,9970,1436330000,1218,776
010120,2026-02-23,09:45:00,144200,146800,144000,145800,41215,6003760000,6470,1773
010120,2026-02-23,09:50:00,146000,146000,144800,145600,21785,3171200000,1868,2489
010120,2026-02-23,09:55:00,145600,146200,145000,146200,22485,3276720000,2509,1988
010120,2026-02-23,10:00:00,146200,146400,144200,144400,11165,1622740000,852,1381
010120,2026-02-23,10:05:00,144400,145000,143600,144000,13335,1922000000,1127,1540
010120,2026-02-23,10:10:00,144200,145200,144000,144200,9475,1369740000,563,1332
010120,2026-02-23,10:15:00,144400,144400,143200,143400,7795,1121460000,450,1109
010120,2026-02-23,10:20:00,143400,144000,142800,143000,14305,2048740000,1204,1657
010120,2026-02-23,10:25:00,143000,144000,142800,142800,10745,1541120000,883,1266
010120,2026-02-23,10:30:00,142800,143000,142200,142400,6085,867590000,285,932
010120,2026-02-23,10:35:00,142400,144000,142400,143800,10980,1569980000,1423,773
010120,2026-02-23,10:40:00,143800,144000,142800,143000,5050,724470000,388,622
010120,2026-02-23,10:45:00,143200,144000,142800,143800,3090,442800000,245,373
010120,2026-02-23,10:50:00,143800,144000,142800,143200,6590,944600000,521,797
010120,2026-02-23,10:55:00,143200,143400,143000,143200,3620,518250000,320,404
010120,2026-02-23,11:00:00,143200,143400,143000,143000,2320,332270000,143,321
010120,2026-02-23,11:05:00,143000,144000,143000,143000,9685,1390210000,462,1475
010120,2026-02-23,11:10:00,143000,143800,142600,143600,10070,1442400000,970,1044
010120,2026-02-23,11:15:00,143600,143800,142800,143000,9810,1404380000,223,1739
010120,2026-02-23,11:20:00,142800,143000,142400,142400,7235,1032830000,105,1342
010120,2026-02-23,11:25:00,142400,144000,142400,144000,8335,1192400000,1010,657
010120,2026-02-23,11:30:00,143800,144400,143600,143800,10280,1481350000,628,1428
010120,2026-02-23,11:35:00,143800,144600,143800,144600,5785,834680000,664,493
010120,2026-02-23,11:40:00,144400,144600,144000,144200,2400,346030000,141,339
010120,2026-02-23,11:45:00,144200,144600,144000,144400,2590,373400000,254,264
010120,2026-02-23,11:50:00,144400,144600,144000,144200,2870,414030000,166,408
010120,2026-02-23,11:55:00,144200,144200,144000,144000,1880,270800000,126,250
010120,2026-02-23,12:00:00,144200,144200,143800,143800,2275,327330000,95,360
010120,2026-02-23,12:05:00,143800,144600,143800,144200,6685,964210000,757,580
010120,2026-02-23,12:10:00,144400,144600,144000,144000,3065,442340000,129,484
010120,2026-02-23,12:15:00,144000,144200,143800,143800,1710,246190000,77,265
010120,2026-02-23,12:20:00,144000,144400,143600,143600,4890,704050000,326,652
010120,2026-02-23,12:25:00,143600,144000,143200,143400,3650,523790000,335,395
010120,2026-02-23,12:30:00,143400,143400,142600,143400,5625,804860000,395,730
010120,2026-02-23,12:35:00,143400,143600,142800,143200,3010,430880000,134,468
010120,2026-02-23,12:40:00,143400,143800,142800,143600,6555,939360000,723,588
010120,2026-02-23,12:45:00,143600,143800,143200,143600,2785,399720000,168,389
010120,2026-02-23,12:50:00,143600,143600,143000,143000,2245,321730000,131,318
010120,2026-02-23,12:55:00,143000,143400,142400,142800,4265,609440000,419,434
010120,2026-02-23,13:00:00,142800,143400,142800,143000,4570,654090000,402,512
010120,2026-02-23,13:05:00,143000,143600,142800,143200,5575,798190000,351,764
010120,2026-02-23,13:10:00,143400,144000,143000,143800,2850,409080000,282,288
010120,2026-02-23,13:15:00,144000,144000,143400,143400,2355,338150000,83,388
010120,2026-02-23,13:20:00,143400,143600,143200,143400,2345,336250000,90,379
010120,2026-02-23,13:25:00,143600,143600,142600,143200,4440,635850000,211,677
010120,2026-02-23,13:30:00,143000,143200,142800,143000,2355,336860000,109,362
010120,2026-02-23,13:35:00,142800,143400,142800,143000,2945,421580000,231,358
010120,2026-02-23,13:40:00,143000,143200,143000,143000,4555,651660000,290,621
010120,2026-02-23,13:45:00,143000,143200,143000,143200,3080,440510000,82,534
010120,2026-02-23,13:50:00,143000,143400,142800,143200,4680,669350000,357,579
010120,2026-02-23,13:55:00,143200,143400,143000,143000,3985,570940000,175,622
010120,2026-02-23,14:00:00,143000,143200,143000,143000,2850,407610000,58,512
010120,2026-02-23,14:05:00,143000,143200,142800,143000,5780,826610000,300,856
010120,2026-02-23,14:10:00,143200,143200,142800,142800,4260,609160000,71,781
010120,2026-02-23,14:15:00,142600,142800,142400,142400,4465,636590000,88,805
010120,2026-02-23,14:20:00,142400,142600,142000,142000,10375,1475750000,540,1535
010120,2026-02-23,14:25:00,142200,142400,141800,142000,19720,2800560000,975,2969
010120,2026-02-23,14:30:00,142000,142600,141800,142600,8075,1147920000,747,868
010120,2026-02-23,14:35:00,142400,143200,142400,143000,3705,529260000,360,381
010120,2026-02-23,14:40:00,143000,143800,143000,143400,12450,1784750000,1227,1263
010120,2026-02-23,14:45:00,143400,143800,143400,143400,4700,674870000,334,606
010120,2026-02-23,14:50:00,143600,143600,143000,143400,6200,888060000,423,817
010120,2026-02-23,14:55:00,143400,144000,143200,144000,9730,1397580000,1023,923
010120,2026-02-23,15:00:00,143800,144000,143600,143800,5965,858010000,301,892
010120,2026-02-23,15:05:00,143800,144200,143800,144000,7465,1074810000,1175,318
010120,2026-02-23,15:10:00,144000,144200,143800,144000,9835,1416200000,663,1304
010120,2026-02-23,15:15:00,144000,144400,143800,144000,9255,1334000000,884,967
010120,2026-02-23,15:20:00,144200,144200,144000,144000,4400,633990000,388,492
010120,2026-02-23,15:30:00,144400,144400,144400,144400,32045,4627300000,6403,0
010120,2026-02-24,09:05:00,144200,147200,143800,146400,45750,6663860000,4560,4579
010120,2026-02-24,09:10:00,146200,154000,146200,153800,95040,14354780000,10279,8729
010120,2026-02-24,09:15:00,153800,154800,147600,149400,88745,13394340000,7991,9758
010120,2026-02-24,09:20:00,149400,150800,149000,150600,36900,5522690000,3455,3925
010120,2026-02-24,09:25:00,150600,151400,149000,149200,28850,4337360000,2562,3208
010120,2026-02-24,09:30:00,149200,150000,148800,148900,25730,3841850000,2322,2824
010120,2026-02-24,09:35:00,148800,149000,147200,147200,32865,4867460000,2499,4074
010120,2026-02-24,09:40:00,147400,149000,146200,149000,27310,4017810000,2161,3301
010120,2026-02-24,09:45:00,149000,149400,148600,149200,12620,1880500000,1103,1421
010120,2026-02-24,09:50:00,149000,149400,148400,149000,14925,2221070000,1456,1529
010120,2026-02-24,09:55:00,149000,149200,147700,147800,19765,2934630000,1650,2303
010120,2026-02-24,10:00:00,147800,149000,147400,149000,13600,2015480000,1454,1266
010120,2026-02-24,10:05:00,148800,149800,148000,148000,10390,1547780000,1015,1063
010120,2026-02-24,10:10:00,148000,148800,148000,148600,12505,1855600000,1788,713
010120,2026-02-24,10:15:00,148600,150000,148600,149400,12895,1926950000,1669,910
010120,2026-02-24,10:20:00,149400,150400,149200,150200,17815,2668080000,2211,1352
010120,2026-02-24,10:25:00,150300,150400,149800,149800,6845,1027600000,444,925
010120,2026-02-24,10:30:00,149800,150400,149600,149800,11570,1735560000,1038,1276
010120,2026-02-24,10:35:00,149800,150000,149600,150000,6365,953780000,1024,249
010120,2026-02-24,10:40:00,149800,150200,149000,149200,14325,2142500000,1013,1852
010120,2026-02-24,10:45:00,149000,149400,148800,149200,6380,951580000,572,704
010120,2026-02-24,10:50:00,149400,150000,149200,150000,5885,879800000,824,353
010120,2026-02-24,10:55:00,150000,150400,149400,149400,9320,1397200000,618,1246
010120,2026-02-24,11:00:00,149400,149600,149400,149400,4335,647910000,276,591
010120,2026-02-24,11:05:00,149400,150200,149400,150200,5535,828380000,879,228
010120,2026-02-24,11:10:00,150200,150200,149200,149600,10595,1586660000,880,1239
010120,2026-02-24,11:15:00,149400,150000,149400,150000,3855,576790000,403,368
010120,2026-02-24,11:20:00,150000,150100,149400,149600,9475,1419470000,947,948
010120,2026-02-24,11:25:00,149600,150000,149400,149600,4860,727530000,404,568
010120,2026-02-24,11:30:00,149400,149600,148800,149200,10095,1506470000,851,1168
010120,2026-02-24,11:35:00,149200,149400,148800,148800,4310,642390000,314,548
010120,2026-02-24,11:40:00,148800,149400,148800,149200,3435,512190000,359,328
010120,2026-02-24,11:45:00,149400,149400,149000,149000,3180,474480000,126,510
010120,2026-02-24,11:50:00,149000,149200,149000,149000,3570,532030000,107,607
010120,2026-02-24,11:55:00,149000,149400,149000,149400,5395,805120000,704,375
010120,2026-02-24,12:00:00,149200,149600,149200,149600,3610,539200000,494,228
010120,2026-02-24,12:05:00,149600,149600,149400,149600,3070,458890000,225,389
010120,2026-02-24,12:10:00,149400,149600,149400,149400,3220,481330000,260,384
010120,2026-02-24,12:15:00,149400,149600,149400,149600,2875,429720000,202,373
010120,2026-02-24,12:20:00,149400,150000,148800,149800,15355,2293340000,1367,1704
010120,2026-02-24,12:25:00,149800,150200,149800,150000,4565,684590000,460,453
010120,2026-02-24,12:30:00,149800,150200,149800,149800,5015,752160000,471,532
010120,2026-02-24,12:35:00,149800,150200,149600,149600,2345,351250000,108,361
010120,2026-02-24,12:40:00,149600,150000,149600,150000,4060,607840000,439,373
010120,2026-02-24,12:45:00,149800,150400,149600,150000,8815,1322230000,839,924
010120,2026-02-24,12:50:00,150000,150200,149800,150000,5825,874170000,431,734
010120,2026-02-24,12:55:00,149800,150000,149600,149800,3290,492930000,261,397
010120,2026-02-24,13:00:00,150000,150800,150000,150600,8360,1257530000,1210,462
010120,2026-02-24,13:05:00,150600,151000,150600,150600,5800,874260000,575,585
010120,2026-02-24,13:10:00,150800,150800,150400,150600,6855,1032650000,600,771
010120,2026-02-24,13:15:00,150600,150800,149800,150600,9620,1446750000,661,1263
010120,2026-02-24,13:20:00,150400,150800,150200,150600,5075,763780000,400,615
010120,2026-02-24,13:25:00,150600,151000,150600,150800,4365,658100000,508,365
010120,2026-02-24,13:30:00,150800,151000,150600,151000,5190,783000000,413,625
010120,2026-02-24,13:35:00,150800,151200,150600,150800,8185,1235300000,997,640
010120,2026-02-24,13:40:00,150800,151000,150600,150800,6230,939090000,517,729
010120,2026-02-24,13:45:00,150800,150800,150400,150400,3195,480980000,169,470
010120,2026-02-24,13:50:00,150400,150600,150200,150200,6545,984470000,262,1047
010120,2026-02-24,13:55:00,150200,150400,150000,150000,5125,769840000,315,710
010120,2026-02-24,14:00:00,150000,150200,149800,149800,5275,791110000,342,713
010120,2026-02-24,14:05:00,149800,150400,149600,149800,8460,1268060000,875,817
010120,2026-02-24,14:10:00,149800,150000,149400,149400,6725,1005680000,505,840
010120,2026-02-24,14:15:00,149400,149600,148800,149000,13635,2033990000,584,2143
010120,2026-02-24,14:20:00,149000,149000,148600,148600,5940,883740000,404,784
010120,2026-02-24,14:25:00,148800,149200,148600,149000,5085,757640000,686,331
010120,2026-02-24,14:30:00,149200,149400,149000,149200,4280,638680000,472,384
010120,2026-02-24,14:35:00,149200,149400,149200,149400,4920,734520000,454,530
010120,2026-02-24,14:40:00,149200,149600,149000,149200,9845,1469590000,1352,617
010120,2026-02-24,14:45:00,149200,149400,149000,149200,6830,1018990000,393,973
010120,2026-02-24,14:50:00,149400,149400,148600,148800,7380,1099250000,424,1052
010120,2026-02-24,14:55:00,148600,149000,148600,148800,6645,988590000,648,681
010120,2026-02-24,15:00:00,148800,149200,148800,149000,6370,948890000,558,716
010120,2026-02-24,15:05:00,148800,149200,148800,149000,4335,646150000,374,493
010120,2026-02-24,15:10:00,149000,149200,149000,149000,3885,579150000,281,496
010120,2026-02-24,15:15:00,149000,149200,149000,149200,6705,999380000,341,1000
010120,2026-02-24,15:20:00,149000,149400,149000,149400,9705,1447680000,1176,765
010120,2026-02-24,15:30:00,149200,149200,149200,149200,39310,5865050000,7832,0
010120,2026-02-25,09:05:00,154600,154800,151600,152000,67705,10392050000,5600,7941
010120,2026-02-25,09:10:00,152000,152800,151000,152400,34365,5215420000,2748,4125
010120,2026-02-25,09:15:00,152400,152600,151100,152000,22095,3352870000,2113,2306
010120,2026-02-25,09:20:00,151800,153400,151000,153400,19155,2917980000,2314,1517
010120,2026-02-25,09:25:00,153400,154400,153000,153600,22160,3407550000,1866,2566
010120,2026-02-25,09:30:00,153800,154400,152400,152600,22995,3528780000,2039,2560
010120,2026-02-25,09:35:00,152600,153500,152400,153000,13280,2031180000,1473,1183
010120,2026-02-25,09:40:00,153000,153800,152400,153400,8570,1312240000,921,793
010120,2026-02-25,09:45:00,153600,154200,153200,153400,10335,1588320000,937,1130
010120,2026-02-25,09:50:00,153400,154000,152800,152800,13350,2049060000,711,1959
010120,2026-02-25,09:55:00,152800,154000,152800,153600,9870,1516380000,1177,797
010120,2026-02-25,10:00:00,153400,153600,152400,153000,7695,1178610000,466,1073
010120,2026-02-25,10:05:00,153000,153800,153000,153400,5820,892780000,559,605
010120,2026-02-25,10:10:00,153200,154000,152400,152400,7905,1212600000,461,1120
010120,2026-02-25,10:15:00,152600,153200,152200,152200,7015,1070690000,716,687
010120,2026-02-25,10:20:00,152200,153600,152200,153400,9745,1492100000,1079,870
010120,2026-02-25,10:25:00,153400,153800,153200,153600,4220,647800000,421,423
010120,2026-02-25,10:30:00,153800,154000,153600,153800,7790,1198310000,997,561
010120,2026-02-25,10:35:00,154000,154400,153800,153800,9335,1437860000,1116,751
010120,2026-02-25,10:40:00,154000,154800,153800,154600,12740,1968490000,1433,1115
010120,2026-02-25,10:45:00,154800,155000,154200,154600,6785,1049110000,721,636
010120,2026-02-25,10:50:00,154600,155400,154400,155000,13440,2082910000,1796,892
010120,2026-02-25,10:55:00,155200,155200,154400,155200,12510,1937760000,1344,1158
010120,2026-02-25,11:00:00,155000,155600,154800,155200,17810,2765390000,1565,1997
010120,2026-02-25,11:05:00,155000,155400,154700,154800,8535,1323110000,806,901
010120,2026-02-25,11:10:00,155000,155200,154800,155000,4970,770550000,746,248
010120,2026-02-25,11:15:00,155200,155200,154400,154700,8155,1262060000,842,789
010120,2026-02-25,11:20:00,154800,155000,154600,154800,5910,915380000,710,472
010120,2026-02-25,11:25:00,155000,155000,154600,154600,4450,688820000,374,516
010120,2026-02-25,11:30:00,154600,155000,154400,154600,8685,1344170000,832,905
010120,2026-02-25,11:35:00,154400,154600,154400,154400,5385,831980000,538,539
010120,2026-02-25,11:40:00,154400,154800,154400,154800,7860,1215670000,1048,524
010120,2026-02-25,11:45:00,154800,155000,154600,154800,6430,995670000,748,538
010120,2026-02-25,11:50:00,154800,155000,154600,154900,5815,900050000,738,425
010120,2026-02-25,11:55:00,154800,155100,154800,155100,6225,964570000,837,408
010120,2026-02-25,12:00:00,155000,155200,154800,155000,3640,564100000,449,279
010120,2026-02-25,12:05:00,155100,155400,155000,155200,8380,1300710000,1205,471
010120,2026-02-25,12:10:00,155200,155200,155000,155200,4605,714230000,447,474
010120,2026-02-25,12:15:00,155200,155600,155000,155200,5850,908410000,701,469
010120,2026-02-25,12:20:00,155300,155300,154800,154800,4190,649340000,335,503
010120,2026-02-25,12:25:00,154800,155000,154800,154800,6180,957230000,578,658
010120,2026-02-25,12:30:00,154800,155000,154600,154600,4385,678480000,397,480
010120,2026-02-25,12:35:00,154600,154800,154000,154000,6540,1009990000,331,977
010120,2026-02-25,12:40:00,154200,154800,154000,154600,7160,1105130000,825,607
010120,2026-02-25,12:45:00,154500,155000,154200,154600,8635,1334130000,747,980
010120,2026-02-25,12:50:00,154400,154800,154400,154600,3915,605460000,521,262
010120,2026-02-25,12:55:00,154600,155000,154600,154800,6255,968010000,677,574
010120,2026-02-25,13:00:00,154800,154800,154200,154400,4165,643890000,387,446
010120,2026-02-25,13:05:00,154400,154600,153800,154000,10595,1633370000,837,1282
010120,2026-02-25,13:10:00,153800,154000,153600,153600,7705,1184980000,440,1101
010120,2026-02-25,13:15:00,153600,154000,153200,153200,12160,1866980000,490,1942
010120,2026-02-25,13:20:00,153200,153400,152600,153000,12670,1938770000,612,1922
010120,2026-02-25,13:25:00,152800,153200,152600,153200,7665,1171800000,935,598
010120,2026-02-25,13:30:00,153000,153600,152800,153400,19075,2922060000,1300,2515
010120,2026-02-25,13:35:00,153400,153600,152800,153000,11150,1708650000,616,1614
010120,2026-02-25,13:40:00,153000,153400,152800,153200,5815,890190000,488,675
010120,2026-02-25,13:45:00,153000,153400,152800,153400,11905,1822870000,875,1506
010120,2026-02-25,13:50:00,153200,153400,152800,152800,7335,1121750000,374,1093
010120,2026-02-25,13:55:00,152800,153200,152600,152800,12215,1868010000,1225,1218
010120,2026-02-25,14:00:00,152800,153400,152800,153200,11920,1824120000,1215,1169
010120,2026-02-25,14:05:00,153200,153400,152800,153000,11290,1729040000,710,1548
010120,2026-02-25,14:10:00,153200,153200,152800,152800,6255,956650000,503,748
010120,2026-02-25,14:15:00,153000,153200,152800,152800,10865,1661920000,1175,998
010120,2026-02-25,14:20:00,152800,153000,152400,152400,12375,1889130000,801,1674
010120,2026-02-25,14:25:00,152600,152600,151600,152000,20420,3106810000,990,3094
010120,2026-02-25,14:30:00,152200,152600,151600,152000,15385,2339480000,1446,1631
010120,2026-02-25,14:35:00,152000,152000,151800,152000,6765,1027590000,675,678
010120,2026-02-25,14:40:00,151800,152000,151200,151400,15475,2346850000,1273,1822
010120,2026-02-25,14:45:00,151400,151600,150900,151200,23250,3513870000,1221,3429
010120,2026-02-25,14:50:00,151200,151800,151200,151600,20660,3130000000,1547,2585
010120,2026-02-25,14:55:00,151600,152200,151400,152000,12290,1866950000,1452,1006
010120,2026-02-25,15:00:00,151800,152000,151200,151400,15490,2348820000,1355,1743
010120,2026-02-25,15:05:00,151400,151800,150600,151000,29400,4440260000,2192,3688
010120,2026-02-25,15:10:00,150800,151100,150600,150600,27505,4147840000,2216,3285
010120,2026-02-25,15:15:00,150600,151000,150200,150400,29325,4412230000,1964,3901
010120,2026-02-25,15:20:00,150400,150800,149600,150400,52310,7850250000,5508,4954
010120,2026-02-25,15:30:00,150600,150600,150600,150600,30955,4661820000,6191,0
010120,2026-02-26,09:05:00,152600,155600,150800,154400,77490,11901830000,7389,8109
010120,2026-02-26,09:10:00,154400,157600,154400,156200,59810,9357350000,6691,5271
010120,2026-02-26,09:15:00,156200,157000,155000,156300,41210,6433930000,3833,4409
010120,2026-02-26,09:20:00,156300,157400,155600,156000,36200,5666710000,4071,3169
010120,2026-02-26,09:25:00,156000,156400,154600,154600,27075,4208550000,1397,4018
010120,2026-02-26,09:30:00,154500,156000,154000,155400,24845,3856290000,2276,2693
010120,2026-02-26,09:35:00,155400,156400,155000,155000,19900,3100470000,2109,1871
010120,2026-02-26,09:40:00,155200,155800,155000,155800,10835,1682920000,1118,1049
010120,2026-02-26,09:45:00,155800,157000,155800,156900,13015,2035550000,1523,1080
010120,2026-02-26,09:50:00,156900,157400,156400,156800,15500,2431690000,1810,1290
010120,2026-02-26,09:55:00,156800,157200,156400,157200,13330,2090330000,1010,1656
010120,2026-02-26,10:00:00,157200,157800,156800,157200,30330,4776180000,3880,2186
010120,2026-02-26,10:05:00,157000,158000,156200,157800,20515,3223520000,2042,2061
010120,2026-02-26,10:10:00,158000,158000,155400,155600,19085,2989600000,911,2906
010120,2026-02-26,10:15:00,155400,157000,155200,156200,11570,1805290000,837,1477
010120,2026-02-26,10:20:00,156400,156400,155600,155800,4885,761750000,418,559
010120,2026-02-26,10:25:00,156000,156400,155800,156000,5785,903130000,443,714
010120,2026-02-26,10:30:00,156000,156600,156000,156400,5125,800920000,241,784
010120,2026-02-26,10:35:00,156400,156600,155600,156300,12405,1938780000,1199,1282
010120,2026-02-26,10:40:00,156200,156800,155800,156600,7460,1166870000,731,761
010120,2026-02-26,10:45:00,156600,157000,156400,156400,5180,811760000,376,660
010120,2026-02-26,10:50:00,156400,157200,156000,156800,6190,969340000,613,625
010120,2026-02-26,10:55:00,157000,157400,156800,157400,5900,927000000,345,835
010120,2026-02-26,11:00:00,157200,158600,157200,158400,17110,2702560000,2762,660
010120,2026-02-26,11:05:00,158600,158600,157800,158400,12670,2004750000,1179,1355
010120,2026-02-26,11:10:00,158400,159800,158400,159600,13380,2128560000,1655,1021
010120,2026-02-26,11:15:00,159600,159800,159000,159000,12815,2043400000,990,1573
010120,2026-02-26,11:20:00,159000,159600,159000,159400,5140,818890000,702,326
010120,2026-02-26,11:25:00,159400,160000,159200,159800,10050,1604840000,1171,839
010120,2026-02-26,11:30:00,159800,160800,159600,160600,19640,3144640000,3414,514
010120,2026-02-26,11:35:00,160800,161000,160400,160800,13850,2226940000,1651,1119
010120,2026-02-26,11:40:00,160800,161000,160400,161000,4730,760610000,557,389
010120,2026-02-26,11:45:00,161000,161200,160600,160800,7930,1276050000,595,991
010120,2026-02-26,11:50:00,160800,162200,160800,161800,16805,2716750000,2293,1068
010120,2026-02-26,11:55:00,161800,162000,161400,162000,6315,1021630000,532,731
010120,2026-02-26,12:00:00,161800,162800,161800,162400,9635,1563550000,1016,911
010120,2026-02-26,12:05:00,162400,163200,162400,163000,11325,1843760000,1228,1037
010120,2026-02-26,12:10:00,163200,163400,162600,162600,6635,1080400000,427,900
010120,2026-02-26,12:15:00,162600,163800,162400,163800,15065,2457710000,2036,977
010120,2026-02-26,12:20:00,163800,164600,163600,163800,18530,3040050000,1989,1717
010120,2026-02-26,12:25:00,164000,164800,163000,163400,20530,3365720000,1724,2382
010120,2026-02-26,12:30:00,163400,163600,163000,163200,7210,1176600000,441,1001
010120,2026-02-26,12:35:00,163200,163800,163000,163600,8325,1360240000,757,908
010120,2026-02-26,12:40:00,163600,163600,162800,162800,7125,1161560000,440,985
010120,2026-02-26,12:45:00,162800,163200,162600,162800,15820,2576530000,999,2165
010120,2026-02-26,12:50:00,163000,163400,162600,163000,5695,928070000,581,558
010120,2026-02-26,12:55:00,163200,163200,162200,162400,7875,1280330000,460,1115
010120,2026-02-26,13:00:00,162600,162600,162000,162000,5740,931810000,380,768
010120,2026-02-26,13:05:00,162200,163200,162000,163200,8505,1384530000,1310,391
010120,2026-02-26,13:10:00,163200,163400,161800,162000,17320,2819020000,954,2510
010120,2026-02-26,13:15:00,161800,162200,160600,160600,25335,4097910000,1098,3969
010120,2026-02-26,13:20:00,160600,161800,160600,161600,16410,2646090000,1229,2053
010120,2026-02-26,13:25:00,161600,161800,161400,161800,9835,1589150000,781,1186
010120,2026-02-26,13:30:00,161600,163000,161600,162400,12140,1971550000,978,1450
010120,2026-02-26,13:35:00,162400,163000,162200,162800,11070,1800130000,874,1340
010120,2026-02-26,13:40:00,162800,163400,162800,163000,10145,1654390000,999,1030
010120,2026-02-26,13:45:00,163100,163200,162600,163000,10970,1786010000,1079,1115
010120,2026-02-26,13:50:00,163000,163200,162200,162800,10445,1698710000,793,1296
010120,2026-02-26,13:55:00,162800,163200,162600,162800,9640,1570270000,809,1119
010120,2026-02-26,14:00:00,162800,163000,162200,162400,11370,1848610000,795,1479
010120,2026-02-26,14:05:00,162200,162400,161400,161800,18460,2986970000,1472,2220
010120,2026-02-26,14:10:00,161800,162200,160400,161200,18400,2965570000,1555,2125
010120,2026-02-26,14:15:00,161000,162800,161000,162200,19585,3171340000,1546,2371
010120,2026-02-26,14:20:00,162200,162800,162000,162600,12675,2058720000,1461,1074
010120,2026-02-26,14:25:00,162600,162600,161600,162200,10865,1760610000,1125,1048
010120,2026-02-26,14:30:00,162000,162400,161600,162200,10060,1629120000,1172,840
010120,2026-02-26,14:35:00,162000,162600,161800,162400,13825,2241250000,1597,1168
010120,2026-02-26,14:40:00,162400,162600,162000,162200,10340,1677920000,1101,967
010120,2026-02-26,14:45:00,162200,162600,161600,161800,13765,2230540000,1458,1295
010120,2026-02-26,14:50:00,161800,162400,161400,162000,14110,2285630000,1263,1559
010120,2026-02-26,14:55:00,162000,162200,161600,161600,12815,2074610000,1006,1557
010120,2026-02-26,15:00:00,161600,162000,161000,161400,18265,2949690000,1290,2363
010120,2026-02-26,15:05:00,161400,161800,161000,161600,20195,3258300000,2094,1945
010120,2026-02-26,15:10:00,161600,162000,161000,161400,12985,2097590000,712,1885
010120,2026-02-26,15:15:00,161600,161800,160400,160600,25305,4079620000,1785,3276
010120,2026-02-26,15:20:00,160600,161200,160200,160800,29460,4729480000,2434,3458
010120,2026-02-26,15:30:00,160600,160600,160600,160600,52635,8453180000,10463,0
010120,2026-02-27,09:05:00,159600,161600,158600,161600,45105,7211890000,5575,3438
010120,2026-02-27,09:10:00,161600,162400,160600,161200,29850,4819260000,2463,3507
010120,2026-02-27,09:15:00,161000,161800,160000,161200,44610,7175050000,2779,6143
010120,2026-02-27,09:20:00,161400,161400,160000,160400,20860,3349760000,1481,2691
010120,2026-02-27,09:25:00,160200,161200,159800,161000,20345,3268770000,2189,1880
010120,2026-02-27,09:30:00,161200,161400,159000,159200,31605,5061360000,2135,4186
010120,2026-02-27,09:35:00,159000,160400,159000,159400,26485,4226870000,3183,2114
010120,2026-02-27,09:40:00,159400,159600,158200,158400,19960,3165920000,798,3194
010120,2026-02-27,09:45:00,158400,159000,157600,157800,25760,4079240000,1590,3562
010120,2026-02-27,09:50:00,157800,158200,157400,158000,11925,1881980000,1277,1108
010120,2026-02-27,09:55:00,158200,159000,158000,158000,20165,3195890000,2509,1524
010120,2026-02-27,10:00:00,158000,158000,157400,157600,15325,2418210000,951,2114
010120,2026-02-27,10:05:00,157600,157800,156800,157000,21710,3414380000,1120,3222
010120,2026-02-27,10:10:00,157000,157800,156200,156400,26010,4076240000,2534,2668
010120,2026-02-27,10:15:00,156400,157400,156200,157400,28425,4452120000,2964,2721
010120,2026-02-27,10:20:00,157400,158800,157200,157800,19535,3085220000,2060,1847
010120,2026-02-27,10:25:00,157600,159500,157600,159000,11895,1888420000,1339,1040
010120,2026-02-27,10:30:00,159200,159600,157400,158600,11445,1816700000,634,1655
010120,2026-02-27,10:35:00,158800,159600,158400,159400,11250,1789210000,993,1257
010120,2026-02-27,10:40:00,159400,159800,158000,158000,7745,1230120000,437,1112
010120,2026-02-27,10:45:00,158000,158000,157200,157800,11165,1758810000,802,1431
010120,2026-02-27,10:50:00,157600,157800,157000,157400,6700,1053540000,685,655
010120,2026-02-27,10:55:00,157200,158000,157200,157800,7360,1159610000,912,560
010120,2026-02-27,11:00:00,157800,158000,157400,157600,9245,1457700000,738,1111
010120,2026-02-27,11:05:00,157600,158200,157400,158200,5540,874520000,579,529
010120,2026-02-27,11:10:00,158000,159000,158000,158800,7945,1259100000,1063,526
010120,2026-02-27,11:15:00,158800,159000,158000,158200,8680,1375640000,653,1083
010120,2026-02-27,11:20:00,158200,159000,158200,158600,6850,1086290000,647,723
010120,2026-02-27,11:25:00,158600,159200,158600,158600,9460,1503850000,820,1072
010120,2026-02-27,11:30:00,158600,159000,158600,158800,6985,1109360000,1209,188
010120,2026-02-27,11:35:00,158800,159000,158600,158600,6125,972430000,338,887
010120,2026-02-27,11:40:00,158600,159400,158600,159000,14220,2260520000,1745,1099
010120,2026-02-27,11:45:00,159000,159800,159000,159600,4595,732470000,758,161
010120,2026-02-27,11:50:00,159800,160000,159200,159600,9110,1454340000,629,1193
010120,2026-02-27,11:55:00,159600,159800,159400,159600,3395,541530000,100,579
010120,2026-02-27,12:00:00,159400,159600,159400,159500,1845,294180000,95,274
010120,2026-02-27,12:05:00,159400,159600,159200,159200,8095,1289950000,158,1461
010120,2026-02-27,12:10:00,159400,159400,159200,159400,2195,349690000,139,300
010120,2026-02-27,12:15:00,159200,159400,159000,159000,8525,1356940000,445,1260
010120,2026-02-27,12:20:00,159000,159800,159000,159400,14005,2232770000,1436,1365
010120,2026-02-27,12:25:00,159400,159400,159000,159000,3710,590810000,272,470
010120,2026-02-27,12:30:00,159000,159200,159000,159000,1440,229110000,145,143
010120,2026-02-27,12:35:00,159000,159400,158600,159000,10505,1669620000,779,1322
010120,2026-02-27,12:40:00,159000,159400,158600,159200,13005,2067390000,1475,1126
010120,2026-02-27,12:45:00,159200,159400,159000,159200,4275,680490000,223,632
010120,2026-02-27,12:50:00,159000,159400,159000,159200,5575,887580000,615,500
010120,2026-02-27,12:55:00,159400,159400,159000,159000,3880,617740000,131,645
010120,2026-02-27,13:00:00,159000,159200,159000,159000,2600,413430000,43,477
010120,2026-02-27,13:05:00,159000,159200,158600,158800,6680,1060720000,60,1276
010120,2026-02-27,13:10:00,158800,158800,158600,158600,3445,546470000,122,567
010120,2026-02-27,13:15:00,158600,158800,158600,158600,4450,705880000,111,779
010120,2026-02-27,13:20:00,158800,158800,158400,158500,8635,1369410000,416,1311
010120,2026-02-27,13:25:00,158500,158600,158400,158600,3970,629420000,504,290
010120,2026-02-27,13:30:00,158400,158800,158400,158800,9460,1500890000,1592,300
010120,2026-02-27,13:35:00,158800,159200,158600,159000,6415,1019520000,519,764
010120,2026-02-27,13:40:00,159000,159200,159000,159200,2280,362760000,223,233
010120,2026-02-27,13:45:00,159200,159400,159000,159400,7845,1249140000,761,808
010120,2026-02-27,13:50:00,159200,159400,159200,159400,3590,571680000,178,540
010120,2026-02-27,13:55:00,159400,159400,158800,159000,6650,1058160000,250,1080
010120,2026-02-27,14:00:00,159000,159200,158800,159200,7550,1200350000,1139,371
010120,2026-02-27,14:05:00,159200,159200,159000,159000,4105,652880000,183,638
010120,2026-02-27,14:10:00,159000,159400,159000,159200,12660,2015560000,1208,1324
010120,2026-02-27,14:15:00,159000,159200,158800,158800,6305,1001960000,282,979
010120,2026-02-27,14:20:00,159000,159200,158800,159000,13665,2172260000,1624,1109
010120,2026-02-27,14:25:00,159000,159200,158800,158800,6650,1056470000,306,1024
010120,2026-02-27,14:30:00,158800,159000,158800,158800,4820,765560000,149,815
010120,2026-02-27,14:35:00,158800,159400,158800,159000,13465,2141800000,1477,1216
010120,2026-02-27,14:40:00,159000,159200,159000,159200,12155,1933990000,1361,1070
010120,2026-02-27,14:45:00,159000,159200,158600,158800,14335,2277370000,516,2351
010120,2026-02-27,14:50:00,158600,159200,158600,159000,10215,1623830000,1123,920
010120,2026-02-27,14:55:00,159200,159200,158600,158800,12030,1911470000,310,2096
010120,2026-02-27,15:00:00,158800,158800,158400,158800,15995,2537560000,872,2327
010120,2026-02-27,15:05:00,158600,158800,157600,158000,27800,4394500000,808,4752
010120,2026-02-27,15:10:00,157800,158000,157800,157800,6230,983240000,181,1065
010120,2026-02-27,15:15:00,157800,158000,157800,157800,10130,1599180000,688,1338
010120,2026-02-27,15:20:00,158000,158000,157800,157800,10880,1717180000,331,1845
010120,2026-02-27,15:30:00,157400,157400,157400,157400,266890,42008480000,53372,0
010120,2026-03-03,09:05:00,155400,155600,152000,153200,61695,9472180000,6477,5862
010120,2026-03-03,09:10:00,153000,153400,152000,152400,36005,5494020000,2713,4488
010120,2026-03-03,09:15:00,152400,152400,150600,150600,36480,5529980000,2167,5129
010120,2026-03-03,09:20:00,150600,152100,150400,151600,29545,4465280000,3686,2223
010120,2026-03-03,09:25:00,151400,152000,151200,151400,18920,2867210000,2314,1470
010120,2026-03-03,09:30:00,151600,151600,150200,150800,39270,5920470000,2972,4882
010120,2026-03-03,09:35:00,151000,152000,150600,152000,29335,4434110000,3537,2330
010120,2026-03-03,09:40:00,152000,152600,151200,152400,14760,2240330000,1653,1299
010120,2026-03-03,09:45:00,152400,153200,152000,152600,15610,2381880000,2053,1069
010120,2026-03-03,09:50:00,152600,153600,152200,152600,38215,5848080000,3992,3651
010120,2026-03-03,09:55:00,152600,153400,152200,152800,17720,2705640000,2234,1310
010120,2026-03-03,10:00:00,153000,153000,152200,152800,15395,2348590000,1767,1312
010120,2026-03-03,10:05:00,152600,153000,152200,152600,12435,1899160000,1271,1216
010120,2026-03-03,10:10:00,152800,153200,152600,153200,12990,1985890000,1320,1278
010120,2026-03-03,10:15:00,153200,153600,152400,152400,23590,3608850000,2444,2274
010120,2026-03-03,10:20:00,152400,152600,151600,151600,15445,2348270000,799,2290
010120,2026-03-03,10:25:00,151600,152400,151600,152400,9900,1503580000,1061,919
010120,2026-03-03,10:30:00,152400,152400,151400,151600,12020,1825090000,848,1556
010120,2026-03-03,10:35:00,151400,151600,151200,151400,6140,929620000,787,441
010120,2026-03-03,10:40:00,151400,151600,151000,151200,14175,2145010000,1082,1753
010120,2026-03-03,10:45:00,151200,151400,151000,151200,7430,1123220000,551,935
010120,2026-03-03,10:50:00,151000,151200,150600,150600,15690,2367150000,1138,2000
010120,2026-03-03,10:55:00,150800,151000,150200,150400,17730,2669010000,1125,2421
010120,2026-03-03,11:00:00,150400,150400,150000,150000,23775,3570190000,1108,3647
010120,2026-03-03,11:05:00,150200,150200,149000,149000,34275,5124760000,1071,5784
010120,2026-03-03,11:10:00,149000,149800,148800,149200,19345,2888860000,1832,2037
010120,2026-03-03,11:15:00,149200,149400,149000,149200,6955,1037450000,239,1152
010120,2026-03-03,11:20:00,149200,149200,147200,147200,26405,3915800000,808,4473
010120,2026-03-03,11:25:00,147400,148200,147000,148000,22510,3320850000,2118,2384
010120,2026-03-03,11:30:00,148200,148600,147800,148200,7225,1070480000,565,880
010120,2026-03-03,11:35:00,148200,148800,148200,148400,6145,912440000,717,512
010120,2026-03-03,11:40:00,148400,148600,148000,148000,5330,789990000,390,676
010120,2026-03-03,11:45:00,148000,148400,147600,147600,15775,2334100000,1209,1946
010120,2026-03-03,11:50:00,147700,147900,147000,147000,12250,1805100000,773,1677
010120,2026-03-03,11:55:00,147000,147400,146800,146800,10755,1581750000,567,1584
010120,2026-03-03,12:00:00,147000,147000,146600,146800,10890,1598110000,545,1633
010120,2026-03-03,12:05:00,146800,147200,146600,146600,11930,1752500000,1150,1236
010120,2026-03-03,12:10:00,146600,147000,146400,146600,10130,1485340000,593,1433
010120,2026-03-03,12:15:00,146400,146600,145400,146200,34040,4965330000,2047,4761
010120,2026-03-03,12:20:00,146200,147400,146200,146600,12920,1898580000,1573,1011
010120,2026-03-03,12:25:00,146600,146800,145600,145800,8040,1175560000,143,1465
010120,2026-03-03,12:30:00,145600,145800,144800,144800,13225,1921620000,664,1981
010120,2026-03-03,12:35:00,144800,145200,144200,144400,23680,3423820000,2093,2643
010120,2026-03-03,12:40:00,144400,146600,144200,146600,21600,3142890000,2766,1554
010120,2026-03-03,12:45:00,146600,148000,146200,146800,19145,2812670000,2091,1738
010120,2026-03-03,12:50:00,146600,147200,146200,146600,12805,1877930000,1187,1374
010120,2026-03-03,12:55:00,146600,147400,146600,146600,5120,752090000,360,664
010120,2026-03-03,13:00:00,146600,146800,146400,146800,7815,1145660000,954,609
010120,2026-03-03,13:05:00,147000,147400,146200,146400,7575,1112020000,611,904
010120,2026-03-03,13:10:00,146200,146400,145400,145800,12435,1814610000,464,2023
010120,2026-03-03,13:15:00,145800,146600,145600,145800,13235,1933040000,1412,1235
010120,2026-03-03,13:20:00,145800,146000,145200,146000,10580,1540360000,958,1158
010120,2026-03-03,13:25:00,145600,146200,145200,146200,10300,1499950000,1095,965
010120,2026-03-03,13:30:00,146000,146200,145000,145000,15460,2251610000,632,2460
010120,2026-03-03,13:35:00,145000,145600,145000,145000,10045,1459480000,1035,974
010120,2026-03-03,13:40:00,145000,145200,144800,144800,10335,1499220000,864,1203
010120,2026-03-03,13:45:00,144900,145000,144400,144400,11255,1628950000,987,1264
010120,2026-03-03,13:50:00,144600,144800,144200,144200,13240,1912620000,1416,1232
010120,2026-03-03,13:55:00,144200,144400,143600,143600,18850,2715820000,817,2953
010120,2026-03-03,14:00:00,143600,143800,142200,143200,32305,4617850000,3101,3360
010120,2026-03-03,14:05:00,143200,144400,143200,143600,11855,1702830000,1106,1265
010120,2026-03-03,14:10:00,143600,145200,143400,145200,11880,1714080000,1374,1002
010120,2026-03-03,14:15:00,145000,146200,144800,146200,10205,1483150000,1395,646
010120,2026-03-03,14:20:00,146200,146400,145200,145600,11245,1641570000,828,1421
010120,2026-03-03,14:25:00,145400,146000,145200,146000,8130,1184120000,868,758
010120,2026-03-03,14:30:00,146000,146400,145400,145800,8085,1180030000,669,948
010120,2026-03-03,14:35:00,145800,146400,145400,145600,11545,1682390000,1222,1087
010120,2026-03-03,14:40:00,145600,145600,144400,145000,13470,1950840000,955,1739
010120,2026-03-03,14:45:00,145000,145200,144600,144800,6735,975260000,677,670
010120,2026-03-03,14:50:00,144600,144800,143800,144400,12860,1854170000,921,1651
010120,2026-03-03,14:55:00,144400,144400,143800,143800,10270,1478390000,660,1394
010120,2026-03-03,15:00:00,144000,144000,143400,143400,14070,2020550000,1175,1639
010120,2026-03-03,15:05:00,143400,144600,143400,144000,17745,2553750000,2053,1496
010120,2026-03-03,15:10:00,143800,144000,143200,143200,12570,1805060000,792,1722
010120,2026-03-03,15:15:00,143400,143400,142600,142800,13115,1875040000,1050,1573
010120,2026-03-03,15:20:00,143000,143200,142400,142800,18145,2591270000,1339,2290
010120,2026-03-03,15:30:00,142800,142800,142800,142800,64025,9142760000,12769,0
010120,2026-03-04,09:05:00,136800,137600,128400,128400,108165,14353330000,12991,8642
010120,2026-03-04,09:10:00,128800,135600,128200,135600,56450,7465220000,7277,4013
010120,2026-03-04,09:15:00,135600,136600,132000,135200,50700,6807320000,5957,4183
010120,2026-03-04,09:20:00,135200,138000,134200,138000,42840,5819490000,3915,4653
010120,2026-03-04,09:25:00,138000,139800,137600,139200,36820,5111570000,3563,3801
010120,2026-03-04,09:30:00,139200,140800,138200,139800,32555,4550750000,2901,3610
010120,2026-03-04,09:35:00,140000,140000,135600,136000,33930,4656740000,2595,4191
010120,2026-03-04,09:40:00,135800,136000,133000,133400,31365,4222970000,2672,3601
010120,2026-03-04,09:45:00,133400,135600,133000,133600,23295,3121740000,3132,1527
010120,2026-03-04,09:50:00,133600,135800,133000,134600,17725,2382570000,1768,1777
010120,2026-03-04,09:55:00,134600,137000,134200,136600,10805,1470160000,1414,747
010120,2026-03-04,10:00:00,136600,138200,136000,137200,12265,1680000000,1367,1086
010120,2026-03-04,10:05:00,136800,137800,136600,137400,8080,1108170000,888,728
010120,2026-03-04,10:10:00,137200,137400,135000,135200,11790,1605080000,646,1712
010120,2026-03-04,10:15:00,135200,135800,134600,135000,9025,1219160000,1030,775
010120,2026-03-04,10:20:00,135200,135800,134200,134600,9330,1257910000,1099,767
010120,2026-03-04,10:25:00,134600,134600,133400,133600,13865,1856590000,1221,1552
010120,2026-03-04,10:30:00,133800,133800,133000,133200,11540,1540190000,623,1685
010120,2026-03-04,10:35:00,133200,133200,131200,131600,19745,2606730000,1475,2474
010120,2026-03-04,10:40:00,131400,135400,131200,135000,13525,1804960000,1679,1026
010120,2026-03-04,10:45:00,134800,135400,133800,134200,9265,1246530000,854,999
010120,2026-03-04,10:50:00,134200,134200,132400,132600,8985,1198270000,620,1177
010120,2026-03-04,10:55:00,132600,133800,132200,132400,9795,1301940000,832,1127
010120,2026-03-04,11:00:00,132400,133000,132000,132800,7130,945060000,644,782
010120,2026-03-04,11:05:00,132600,133600,132000,132000,10760,1424860000,1018,1134
010120,2026-03-04,11:10:00,132200,132200,130600,130800,12150,1595630000,1031,1399
010120,2026-03-04,11:15:00,130800,131800,130000,130400,14925,1952400000,1163,1822
010120,2026-03-04,11:20:00,130200,130600,129000,129400,22810,2954680000,2128,2434
010120,2026-03-04,11:50:00,128800,129200,128600,129000,10700,1378960000,1858,282
010120,2026-03-04,11:55:00,129000,131200,126000,126000,49085,6283930000,3681,6136
010120,2026-03-04,12:00:00,126000,130000,125000,127200,48785,6184500000,5697,4060
010120,2026-03-04,12:05:00,127000,127600,123400,123400,38840,4878790000,3245,4523
010120,2026-03-04,12:10:00,123600,129600,123000,129400,35475,4480110000,4299,2796
010120,2026-03-04,12:15:00,129600,129600,124200,124400,22310,2815960000,2236,2226
010120,2026-03-04,12:20:00,124400,125400,122000,125200,31500,3891990000,3172,3128
010120,2026-03-04,12:25:00,125200,126400,122400,124000,31300,3899520000,2693,3567
010120,2026-03-04,12:30:00,123800,124600,122600,122800,18665,2307520000,1390,2343
010120,2026-03-04,12:35:00,122600,123800,120000,120200,29225,3559370000,1581,4264
010120,2026-03-04,12:40:00,120200,123600,120000,122600,24005,2925420000,2603,2198
010120,2026-03-04,12:45:00,122400,127200,122400,127000,21745,2718940000,2497,1852
010120,2026-03-04,12:50:00,127000,129400,126000,128200,21485,2749580000,2064,2233
010120,2026-03-04,12:55:00,128200,130000,128000,128200,19735,2544410000,1759,2188
010120,2026-03-04,13:00:00,128200,130800,128000,130400,16960,2194680000,2385,1007
010120,2026-03-04,13:05:00,130400,131400,129200,131200,21410,2789770000,2113,2169
010120,2026-03-04,13:10:00,131200,132600,130600,131800,16075,2118870000,1502,1713
010120,2026-03-04,13:15:00,131800,132600,130000,131000,17920,2352380000,1620,1964
010120,2026-03-04,13:20:00,131000,131400,127800,129000,18110,2345680000,803,2819
010120,2026-03-04,13:25:00,128800,130000,127600,128400,14690,1892340000,1463,1475
010120,2026-03-04,13:30:00,128400,129200,127400,128200,12365,1585820000,928,1545
010120,2026-03-04,13:35:00,128400,129400,127400,128800,15510,1985120000,1605,1497
010120,2026-03-04,13:40:00,128800,129600,127200,127400,13245,1697400000,1114,1535
010120,2026-03-04,13:45:00,127200,130600,126600,130200,17210,2205430000,2234,1208
010120,2026-03-04,13:50:00,130200,130600,129000,130000,10940,1419110000,868,1320
010120,2026-03-04,13:55:00,130000,130000,127600,128600,12755,1640190000,1113,1438
010120,2026-03-04,14:00:00,128600,129400,127600,127800,9255,1188880000,903,948
010120,2026-03-04,14:05:00,128000,130000,127800,127800,10605,1365600000,927,1194
010120,2026-03-04,14:10:00,127800,129000,127400,128600,10545,1350200000,973,1136
010120,2026-03-04,14:15:00,128400,129200,128000,128200,8110,1041820000,680,942
010120,2026-03-04,14:20:00,128200,129000,127600,128600,8625,1107830000,834,891
010120,2026-03-04,14:25:00,128800,129200,127200,127600,11115,1422690000,867,1356
010120,2026-03-04,14:30:00,127400,127400,125800,126600,16200,2049950000,1144,2096
010120,2026-03-04,14:35:00,126600,126900,125400,126200,13045,1646750000,1140,1469
010120,2026-03-04,14:40:00,126000,128200,125600,127200,15055,1910650000,1061,1950
010120,2026-03-04,14:45:00,127000,129200,126800,129000,13245,1696660000,1255,1394
010120,2026-03-04,14:50:00,128800,129800,127800,128200,18270,2351720000,2115,1539
010120,2026-03-04,14:55:00,128000,129000,127600,129000,13390,1716640000,1113,1565
010120,2026-03-04,15:00:00,129000,129000,127400,127400,11960,1532710000,828,1564
010120,2026-03-04,15:05:00,127200,128000,126000,127000,19915,2526660000,2176,1807
010120,2026-03-04,15:10:00,127000,128000,125600,126200,20355,2580610000,2083,1988
010120,2026-03-04,15:15:00,126000,126800,124400,125200,23060,2898240000,2104,2508
010120,2026-03-04,15:20:00,125200,125800,124400,125200,16095,2007450000,1892,1327
010120,2026-03-04,15:30:00,125200,125200,125200,125200,40040,5013010000,7901,0
010120,2026-03-05,09:05:00,142800,144000,140600,143800,43625,6235450000,5099,3626
010120,2026-03-05,09:10:00,143800,144000,139800,139800,36125,5122050000,2669,4556
010120,2026-03-05,09:15:00,140000,142600,139600,142400,35280,4990210000,4195,2861
010120,2026-03-05,09:20:00,142400,142600,140200,142000,28820,4076580000,2584,3180
010120,2026-03-05,09:25:00,142000,143000,141600,142800,18005,2559810000,2383,1218
010120,2026-03-05,09:30:00,142800,143600,142200,142800,19185,2739890000,2210,1627
010120,2026-03-05,09:35:00,143000,143600,142200,143400,18045,2581010000,2059,1550
010120,2026-03-05,09:40:00,143600,143600,141400,141400,26725,3814750000,1593,3752
010120,2026-03-05,09:45:00,141600,142200,141000,141800,16460,2329500000,1655,1637
010120,2026-03-05,09:50:00,141800,143800,141800,143600,19960,2853980000,2200,1792
010120,2026-03-05,09:55:00,143800,144200,143400,144000,30110,4332860000,4623,1399
010120,2026-03-05,10:00:00,143800,144400,143200,144100,24655,3549440000,2664,2267
010120,2026-03-05,10:05:00,144200,145600,143800,145000,29950,4336190000,3593,2397
010120,2026-03-05,10:10:00,145000,146600,144800,146200,17480,2545870000,2412,1084
010120,2026-03-05,10:15:00,146200,146600,145800,146200,16415,2397650000,1043,2240
010120,2026-03-05,10:20:00,146200,146600,144400,144600,13570,1976660000,940,1774
010120,2026-03-05,10:25:00,144400,144600,143400,144000,10855,1562200000,893,1278
010120,2026-03-05,10:30:00,143800,144400,143200,143200,8460,1217200000,670,1022
010120,2026-03-05,10:35:00,143400,143400,141600,141800,14725,2097150000,980,1965
010120,2026-03-05,10:40:00,142000,143400,141800,142600,12300,1754130000,1205,1255
010120,2026-03-05,10:45:00,142600,142600,140400,140400,10870,1536050000,713,1461
010120,2026-03-05,10:50:00,140400,142000,140200,141000,10585,1493210000,1261,856
010120,2026-03-05,10:55:00,140600,140800,139000,139600,19310,2697130000,848,3014
010120,2026-03-05,11:00:00,139600,140800,138200,139800,16525,2304340000,1266,2039
010120,2026-03-05,11:05:00,139800,141200,139200,140600,10790,1514890000,846,1312
010120,2026-03-05,11:10:00,140800,142000,140400,141800,10605,1496670000,1085,1036
010120,2026-03-05,11:15:00,141800,142000,140400,141400,6505,917750000,665,636
010120,2026-03-05,11:20:00,141400,142000,140800,141800,8920,1262830000,511,1273
010120,2026-03-05,11:25:00,141800,141800,140200,140200,10940,1542300000,1245,943
010120,2026-03-05,11:30:00,140400,141200,140000,141000,9340,1313250000,1163,705
010120,2026-03-05,11:35:00,141000,141200,140400,140800,6980,983470000,428,968
010120,2026-03-05,11:40:00,140600,142400,140600,142200,6070,860480000,655,559
010120,2026-03-05,11:45:00,142400,142600,141800,142000,5085,723190000,443,574
010120,2026-03-05,11:50:00,142000,142800,141600,142800,8640,1231010000,776,952
010120,2026-03-05,11:55:00,142800,142800,141400,141600,8450,1198640000,458,1232
010120,2026-03-05,12:00:00,141600,142000,141200,142000,6980,988150000,670,726
010120,2026-03-05,12:05:00,142000,142200,141200,141800,4580,649350000,468,448
010120,2026-03-05,12:10:00,142000,143000,141800,142200,7685,1095310000,722,815
010120,2026-03-05,12:15:00,142400,142600,141800,142200,5760,818980000,720,432
010120,2026-03-05,12:20:00,142200,142400,141800,142000,3200,455240000,267,373
010120,2026-03-05,12:25:00,142000,142600,142000,142400,4920,700210000,253,731
010120,2026-03-05,12:30:00,142200,142400,141400,141600,4855,689400000,415,556
010120,2026-03-05,12:35:00,141800,142000,141000,141200,9990,1412260000,840,1158
010120,2026-03-05,12:40:00,141200,141600,140800,141000,11000,1552610000,531,1669
010120,2026-03-05,12:45:00,141000,141600,141000,141000,4495,635180000,244,655
010120,2026-03-05,12:50:00,141200,141200,140200,140400,12345,1736440000,332,2137
010120,2026-03-05,12:55:00,140400,140800,139800,140600,18230,2553910000,748,2898
010120,2026-03-05,13:00:00,140600,140600,139800,140200,11725,1642600000,811,1534
010120,2026-03-05,13:05:00,140200,140600,139400,139600,12895,1807070000,1003,1576
010120,2026-03-05,13:10:00,139600,140600,139600,140000,9490,1329990000,862,1036
010120,2026-03-05,13:15:00,140200,141800,140000,141400,10675,1505470000,837,1298
010120,2026-03-05,13:20:00,141600,142000,141000,142000,6485,918580000,754,543
010120,2026-03-05,13:25:00,141800,142200,141400,141800,7995,1134680000,687,912
010120,2026-03-05,13:30:00,142000,142600,141800,142600,5625,799760000,645,480
010120,2026-03-05,13:35:00,142600,142600,141800,142200,9150,1302660000,459,1371
010120,2026-03-05,13:40:00,142200,143000,142200,143000,5790,826420000,680,478
010120,2026-03-05,13:45:00,143000,143200,142600,143000,9800,1401190000,753,1207
010120,2026-03-05,13:50:00,142800,144200,142800,143800,14360,2063780000,1519,1353
010120,2026-03-05,13:55:00,144000,144200,143600,144000,8460,1217060000,1131,561
010120,2026-03-05,14:00:00,144000,144800,143600,144600,14115,2036000000,1835,988
010120,2026-03-05,14:05:00,144600,145000,144000,144400,7845,1133900000,771,798
010120,2026-03-05,14:10:00,144600,144600,143600,144400,7240,1044380000,630,818
010120,2026-03-05,14:15:00,144200,144600,143800,144600,7530,1086750000,853,653
010120,2026-03-05,14:20:00,144400,144600,143600,144200,8130,1172160000,855,771
010120,2026-03-05,14:25:00,144000,144400,143400,144200,9560,1375470000,678,1234
010120,2026-03-05,14:30:00,144200,144400,143800,144200,5275,760350000,434,621
010120,2026-03-05,14:35:00,144400,144600,144200,144400,4300,620870000,519,341
010120,2026-03-05,14:40:00,144400,144800,144000,144000,6365,919310000,671,602
010120,2026-03-05,14:45:00,144000,144600,144000,144000,5595,807000000,628,491
010120,2026-03-05,14:50:00,144000,144800,143800,144600,6275,905290000,542,713
010120,2026-03-05,14:55:00,144600,144800,144400,144600,7390,1068710000,865,613
010120,2026-03-05,15:00:00,144600,145000,143000,143400,13305,1914840000,804,1857
010120,2026-03-05,15:05:00,143000,143400,141400,141600,13100,1864600000,1216,1404
010120,2026-03-05,15:10:00,141600,141800,140200,140400,10270,1447020000,814,1240
010120,2026-03-05,15:15:00,140400,141600,140200,141000,8445,1190050000,1087,602
010120,2026-03-05,15:20:00,141000,141400,140400,141400,7660,1078600000,354,1178
010120,2026-03-05,15:30:00,140200,140200,140200,140200,46275,6487750000,9212,0
010120,2026-03-06,09:05:00,136800,140200,136000,140000,40025,5536530000,5433,2572
010120,2026-03-06,09:10:00,140200,140800,139200,139600,25415,3553720000,3073,2010
010120,2026-03-06,09:15:00,139800,142800,139600,142200,28955,4094060000,4019,1772
010120,2026-03-06,09:20:00,142200,143200,141400,142400,31810,4534990000,3708,2654
010120,2026-03-06,09:25:00,142400,142800,141200,142200,16435,2334340000,2077,1210
010120,2026-03-06,09:30:00,142200,142800,141800,142000,20330,2894610000,2412,1654
010120,2026-03-06,09:35:00,142000,142200,140200,140200,18080,2548490000,1812,1804
010120,2026-03-06,09:40:00,140200,140600,138200,139200,29325,4090920000,3096,2769
010120,2026-03-06,09:45:00,139200,140200,138600,139000,17550,2443480000,1954,1556
010120,2026-03-06,09:50:00,139000,139800,138400,138600,13020,1810460000,1371,1233
010120,2026-03-06,09:55:00,138600,139000,138200,138200,6340,878410000,627,641
010120,2026-03-06,10:00:00,138400,138400,137000,138200,14130,1946980000,893,1933
010120,2026-03-06,10:05:00,138200,138400,137200,137800,6740,929380000,611,737
010120,2026-03-06,10:10:00,137800,138400,137000,137600,7055,970380000,590,821
010120,2026-03-06,10:15:00,137400,137600,136200,136200,9045,1237490000,353,1456
010120,2026-03-06,10:20:00,136400,137000,135400,135600,10815,1472100000,436,1727
010120,2026-03-06,10:25:00,135600,136000,135000,135000,10995,1489130000,1031,1168
010120,2026-03-06,10:30:00,135000,135200,133400,134800,19915,2674220000,1092,2891
010120,2026-03-06,10:35:00,134800,136600,134600,136200,12980,1762820000,1625,971
010120,2026-03-06,10:40:00,136400,137400,136000,136200,10440,1427250000,989,1099
010120,2026-03-06,10:45:00,136200,137400,135600,135600,9510,1299130000,620,1282
010120,2026-03-06,10:50:00,135600,136800,135400,136400,13205,1796620000,1372,1269
010120,2026-03-06,10:55:00,136200,137200,136200,137000,5715,781610000,784,359
010120,2026-03-06,11:00:00,137000,138400,136800,137000,9520,1309650000,754,1150
010120,2026-03-06,11:05:00,137000,137600,136800,136800,7940,1089510000,561,1027
010120,2026-03-06,11:10:00,136800,137600,136600,137000,3910,536160000,349,433
010120,2026-03-06,11:15:00,137000,138000,136800,138000,3630,498700000,429,297
010120,2026-03-06,11:20:00,138000,138400,137600,138200,5690,785330000,611,527
010120,2026-03-06,11:25:00,138200,138600,137800,137800,6940,959140000,220,1168
010120,2026-03-06,11:30:00,137800,138000,137400,137600,5660,779250000,292,840
010120,2026-03-06,11:35:00,137600,137800,137000,137000,6085,835470000,398,819
010120,2026-03-06,11:40:00,137000,137200,136400,136600,5380,735700000,412,664
010120,2026-03-06,11:45:00,136400,137800,136400,137400,10045,1375280000,918,1091
010120,2026-03-06,11:50:00,137600,138200,137200,137800,2660,366310000,176,356
010120,2026-03-06,11:55:00,138000,138000,137400,137600,2635,363000000,184,343
010120,2026-03-06,12:00:00,137400,138200,137400,138000,2670,368130000,291,243
010120,2026-03-06,12:05:00,138200,139200,138000,139200,3940,546580000,423,365
010120,2026-03-06,12:10:00,139400,139400,138400,138800,3535,491120000,272,435
010120,2026-03-06,12:15:00,138800,139000,138200,138600,3855,534610000,180,591
010120,2026-03-06,12:20:00,138400,138400,137800,137800,4610,636030000,294,628
010120,2026-03-06,12:25:00,137800,138600,137800,138000,2520,348390000,222,282
010120,2026-03-06,12:30:00,138000,138600,137800,138200,3605,498230000,251,470
010120,2026-03-06,12:35:00,138000,138200,137800,137800,2675,369000000,31,504
010120,2026-03-06,12:40:00,138000,138400,137600,138200,2505,345410000,233,268
010120,2026-03-06,12:45:00,138200,138800,138200,138600,2110,292050000,207,215
010120,2026-03-06,12:50:00,138600,139000,138400,138800,3360,466020000,269,403
010120,2026-03-06,12:55:00,138600,139000,138200,138600,2065,286630000,159,254
010120,2026-03-06,13:00:00,138600,139200,138600,139200,3010,418150000,299,303
010120,2026-03-06,13:05:00,139000,139400,138600,139200,3350,465810000,340,330
010120,2026-03-06,13:10:00,139200,139600,138800,139000,4015,558980000,315,488
010120,2026-03-06,13:15:00,138800,139200,138400,138400,2875,399030000,169,406
010120,2026-03-06,13:20:00,138400,138600,137400,137600,5580,769430000,315,801
010120,2026-03-06,13:25:00,137600,137800,137200,137800,5490,754920000,467,631
010120,2026-03-06,13:30:00,137600,137800,137200,137200,3440,472810000,195,493
010120,2026-03-06,13:35:00,137200,138400,137200,138200,7495,1033930000,630,869
010120,2026-03-06,13:40:00,138200,138200,137400,138000,3000,413440000,233,367
010120,2026-03-06,13:45:00,138000,138800,138000,138000,5360,740930000,479,593
010120,2026-03-06,13:50:00,138200,138600,137800,138400,3580,494530000,417,299
010120,2026-03-06,13:55:00,138200,139000,138000,138400,5395,747180000,487,592
010120,2026-03-06,14:00:00,138400,138400,137800,138000,4505,622230000,400,501
010120,2026-03-06,14:05:00,138000,139000,138000,138800,7270,1006770000,680,774
010120,2026-03-06,14:10:00,139000,139600,138600,139400,8975,1248870000,1014,781
010120,2026-03-06,14:15:00,139200,139800,139000,139600,6510,906900000,531,771
010120,2026-03-06,14:20:00,139800,139800,138600,139400,6510,905370000,653,649
010120,2026-03-06,14:25:00,139400,139400,139000,139200,3855,536620000,405,366
010120,2026-03-06,14:30:00,139000,139400,139000,139400,5260,732110000,496,556
010120,2026-03-06,14:35:00,139600,139800,139200,139600,9440,1317210000,816,1072
010120,2026-03-06,14:40:00,139600,140200,139400,140200,7600,1062820000,1092,428
010120,2026-03-06,14:45:00,140000,140200,139400,139800,8215,1148860000,906,737
010120,2026-03-06,14:50:00,139800,140000,139600,140000,9050,1265070000,686,1124
010120,2026-03-06,14:55:00,139800,140400,139600,140400,7280,1019060000,907,549
010120,2026-03-06,15:00:00,140200,141200,140200,141200,8395,1180740000,1119,560
010120,2026-03-06,15:05:00,141200,141200,140400,140400,15250,2145590000,811,2239
010120,2026-03-06,15:10:00,140400,140800,140200,140800,11175,1570450000,1062,1173
010120,2026-03-06,15:15:00,140800,140800,140600,140600,5065,712440000,323,690
010120,2026-03-06,15:20:00,140800,141000,140400,140800,12075,1698980000,831,1584
010120,2026-03-06,15:30:00,140800,140800,140800,140800,22955,3232060000,4515,0
010120,2026-03-09,09:05:00,129600,131200,127800,130600,52505,6800440000,6258,4243
010120,2026-03-09,09:10:00,130800,133600,130200,133000,15155,1999030000,1732,1299
010120,2026-03-09,09:15:00,133000,133200,130000,130400,22255,2921490000,2059,2392
010120,2026-03-09,09:20:00,130400,131400,129000,129000,21460,2784480000,1530,2762
010120,2026-03-09,09:25:00,129000,129600,128000,129000,20850,2683440000,1751,2419
010120,2026-03-09,09:30:00,129000,130000,128400,130000,12260,1582210000,1161,1291
010120,2026-03-09,09:35:00,130000,131200,129200,130200,13095,1701470000,1379,1240
010120,2026-03-09,09:40:00,130400,131500,130200,131000,6360,832810000,652,620
010120,2026-03-09,09:45:00,131000,131000,129800,130400,8560,1115230000,701,1011
010120,2026-03-09,09:50:00,130400,130600,129400,129600,7335,952870000,671,796
010120,2026-03-09,09:55:00,129600,129800,129000,129000,6245,807650000,545,704
010120,2026-03-09,10:00:00,129000,129400,128800,129000,6575,848750000,495,820
010120,2026-03-09,10:05:00,129000,130400,128800,129400,7840,1015740000,1034,534
010120,2026-03-09,10:10:00,129400,129600,128400,128600,5270,679090000,444,610
010120,2026-03-09,10:15:00,128600,129400,128200,129200,6210,798920000,484,758
010120,2026-03-09,10:20:00,129200,130400,129200,130200,4860,630600000,395,577
010120,2026-03-09,10:25:00,130000,130200,128600,128600,4810,621820000,264,698
010120,2026-03-09,10:30:00,129000,129200,128200,128200,4075,523710000,133,682
010120,2026-03-09,10:35:00,128400,128600,128200,128400,4135,530540000,336,491
010120,2026-03-09,11:05:00,128200,128600,127000,127200,30495,3900670000,2260,3839
010120,2026-03-09,11:10:00,127200,129600,127200,128400,11875,1525420000,1289,1086
010120,2026-03-09,11:15:00,128200,130400,128200,129800,13965,1811490000,1629,1164
010120,2026-03-09,11:20:00,129400,129600,128000,128800,6275,806590000,468,787
010120,2026-03-09,11:25:00,128400,129200,128400,128800,4685,603120000,297,640
010120,2026-03-09,11:30:00,128600,130200,128400,129800,7680,993040000,913,623
010120,2026-03-09,11:35:00,129800,130000,128800,128800,5045,652680000,466,543
010120,2026-03-09,11:40:00,129000,130400,128800,130200,4785,620840000,503,454
010120,2026-03-09,11:45:00,130200,131200,130200,130600,7795,1018010000,901,658
010120,2026-03-09,11:50:00,130600,131400,130400,131000,5080,665270000,367,649
010120,2026-03-09,11:55:00,131000,131800,130800,131400,6500,853030000,557,743
010120,2026-03-09,12:00:00,131400,132000,130600,130600,7370,967100000,882,592
010120,2026-03-09,12:05:00,130600,131200,130400,130400,3895,509520000,356,423
010120,2026-03-09,12:10:00,130400,131000,130200,130400,3635,474320000,314,413
010120,2026-03-09,12:15:00,130400,130600,129800,130400,4295,559190000,300,559
010120,2026-03-09,12:20:00,130400,130800,130000,130200,3335,435170000,371,296
010120,2026-03-09,12:25:00,130200,131000,130000,130800,3270,426740000,254,400
010120,2026-03-09,12:30:00,130800,131200,130400,131000,3580,468720000,404,312
010120,2026-03-09,12:35:00,131000,131800,130200,131600,4620,605140000,605,319
010120,2026-03-09,12:40:00,131800,132600,130800,130800,8305,1093330000,978,683
010120,2026-03-09,12:45:00,130800,131200,130800,130800,2780,363880000,189,367
010120,2026-03-09,12:50:00,130800,131000,130400,130600,4000,522880000,435,365
010120,2026-03-09,12:55:00,130600,131200,130600,130800,4515,591180000,252,651
010120,2026-03-09,13:00:00,131000,131200,130600,131000,3150,411800000,287,343
010120,2026-03-09,13:05:00,131000,131600,130600,131400,3435,450400000,372,315
010120,2026-03-09,13:10:00,131400,132400,131200,132000,4855,640570000,622,349
010120,2026-03-09,13:15:00,132200,132200,131400,131600,3695,486990000,425,314
010120,2026-03-09,13:20:00,131600,132000,131400,131400,5185,682320000,717,320
010120,2026-03-09,13:25:00,131600,132400,131200,131800,5310,699760000,609,453
010120,2026-03-09,13:30:00,132000,132600,131800,132000,4870,644040000,542,432
010120,2026-03-09,13:35:00,132000,132600,132000,132000,4460,589820000,577,315
010120,2026-03-09,13:40:00,132100,132400,131400,131600,7240,954440000,650,798
010120,2026-03-09,13:45:00,131600,132000,131200,131800,7145,939630000,843,586
010120,2026-03-09,13:50:00,131600,132000,131200,131800,5620,740190000,684,440
010120,2026-03-09,13:55:00,131600,131800,131200,131600,4820,633880000,505,459
010120,2026-03-09,14:00:00,131400,131600,130600,130800,6205,813760000,477,764
010120,2026-03-09,14:05:00,130800,131800,130400,131600,8570,1121520000,906,808
010120,2026-03-09,14:10:00,131400,132600,131400,132400,8350,1102090000,1113,557
010120,2026-03-09,14:15:00,132200,132600,131800,132400,6505,860250000,628,673
010120,2026-03-09,14:20:00,132200,132600,131600,132000,7045,930780000,728,681
010120,2026-03-09,14:25:00,131800,133600,131800,133600,15015,1995250000,2235,768
010120,2026-03-09,14:30:00,133600,137000,133400,135000,19930,2685060000,2795,1191
010120,2026-03-09,14:35:00,135200,140200,135000,135600,24250,3304860000,3107,1743
010120,2026-03-09,14:40:00,135600,136400,135000,135800,10925,1484580000,1332,853
010120,2026-03-09,14:45:00,135800,136800,135000,135800,13525,1836980000,1641,1064
010120,2026-03-09,14:50:00,135600,135800,134400,135400,9660,1305590000,1039,893
010120,2026-03-09,14:55:00,135400,136200,135000,135600,7690,1043570000,769,769
010120,2026-03-09,15:00:00,135400,136000,135200,135800,8780,1192010000,889,867
010120,2026-03-09,15:05:00,135800,136200,135000,135200,9400,1275190000,885,995
010120,2026-03-09,15:10:00,135200,136000,134800,135400,7595,1026950000,781,738
010120,2026-03-09,15:15:00,135200,136400,135200,135800,4885,663480000,666,311
010120,2026-03-09,15:20:00,135800,136600,135600,136200,7315,995000000,1079,384
010120,2026-03-09,15:30:00,136200,136200,136200,136200,29600,4031510000,5882,0
010120,2026-03-10,09:05:00,144800,144800,142000,143400,51270,7364720000,4238,6016
010120,2026-03-10,09:10:00,143400,143600,142000,143000,15615,2227650000,1266,1857
010120,2026-03-10,09:15:00,143000,144200,142200,142800,28860,4135960000,2367,3405
010120,2026-03-10,09:20:00,142600,144000,142600,143800,12790,1835130000,1104,1454
010120,2026-03-10,09:25:00,143600,144000,142800,143600,11515,1650600000,1218,1085
010120,2026-03-10,09:30:00,143600,144000,143400,143800,9105,1308020000,1243,578
010120,2026-03-10,09:35:00,144000,144600,143600,144000,10460,1507970000,1373,719
010120,2026-03-10,09:40:00,144000,145400,143800,145200,22690,3277750000,3505,1033
010120,2026-03-10,09:45:00,145200,147000,144600,146800,29600,4324470000,4363,1557
010120,2026-03-10,09:50:00,146800,148000,146800,147400,31685,4670150000,4037,2300
010120,2026-03-10,09:55:00,147400,148800,146800,147000,29630,4378000000,3885,2041
010120,2026-03-10,10:00:00,147000,147400,146200,146800,14295,2099570000,1568,1291
010120,2026-03-10,10:05:00,146800,147200,146500,146600,11675,1714730000,1169,1166
010120,2026-03-10,10:10:00,146800,147200,146400,146800,11835,1737450000,1593,774
010120,2026-03-10,10:15:00,146600,147800,146600,147600,11300,1665560000,1390,870
010120,2026-03-10,10:20:00,147600,147800,147400,147600,8125,1199430000,1118,507
010120,2026-03-10,10:25:00,147600,147800,147000,147200,9700,1430930000,831,1109
010120,2026-03-10,10:30:00,147400,147600,146800,147200,8600,1266270000,960,760
010120,2026-03-10,10:35:00,147400,148400,147200,148000,10040,1484610000,1628,380
010120,2026-03-10,10:40:00,148000,148400,147400,147600,8880,1312110000,834,942
010120,2026-03-10,10:45:00,147600,148000,147400,148000,6010,887970000,861,341
010120,2026-03-10,10:50:00,148000,148000,147400,147800,7420,1096110000,721,763
010120,2026-03-10,10:55:00,147800,148600,147600,148600,14250,2110930000,1764,1086
010120,2026-03-10,11:00:00,148600,149000,148200,148800,16735,2487040000,2437,910
010120,2026-03-10,11:05:00,148600,148800,147200,148400,11235,1665750000,906,1341
010120,2026-03-10,11:10:00,148200,148600,148000,148400,4860,720790000,587,385
010120,2026-03-10,11:15:00,148400,148400,147800,148400,4200,622110000,516,324
010120,2026-03-10,11:20:00,148200,148400,148000,148200,5310,787010000,345,717
010120,2026-03-10,11:25:00,148200,148200,147800,148000,4165,616830000,495,338
010120,2026-03-10,11:30:00,147800,148000,147400,147600,3905,576890000,254,527
010120,2026-03-10,11:35:00,147600,147600,146800,147200,7195,1059020000,603,836
010120,2026-03-10,11:40:00,147000,147400,146700,147400,4315,634580000,453,410
010120,2026-03-10,11:45:00,147200,147400,146400,146800,9835,1443670000,1166,801
010120,2026-03-10,11:50:00,146800,147200,145800,146000,10955,1603150000,815,1376
010120,2026-03-10,11:55:00,146000,146200,145600,146200,6650,970360000,600,730
010120,2026-03-10,12:00:00,146200,146200,145600,146000,5845,852980000,747,422
010120,2026-03-10,12:05:00,146000,146400,145600,145800,6640,969800000,837,491
010120,2026-03-10,12:10:00,145900,146400,145800,146200,4305,629290000,457,404
010120,2026-03-10,12:15:00,146200,146800,146200,146200,4805,703480000,534,427
010120,2026-03-10,12:20:00,146200,146600,145800,146400,3490,510190000,425,273
010120,2026-03-10,12:25:00,146200,146800,146000,146200,5105,747540000,446,575
010120,2026-03-10,12:30:00,146300,146400,144200,145200,12080,1756660000,550,1866
010120,2026-03-10,12:35:00,145400,145600,141200,144800,17325,2496920000,1724,1741
010120,2026-03-10,12:40:00,145200,145400,144500,144600,7585,1099100000,639,878
010120,2026-03-10,12:45:00,144600,144800,143400,143600,12130,1746820000,1164,1262
010120,2026-03-10,12:50:00,143600,143800,142600,143200,13855,1983340000,1162,1609
010120,2026-03-10,12:55:00,143000,144600,142000,144400,19775,2836480000,1804,2151
010120,2026-03-10,13:00:00,144400,145200,144200,144200,5635,815860000,678,449
010120,2026-03-10,13:05:00,144400,144600,143400,143400,9345,1344660000,1091,778
010120,2026-03-10,13:10:00,143200,144600,143000,143800,10830,1557880000,993,1173
010120,2026-03-10,13:15:00,144000,144600,143800,144400,4055,584760000,608,203
010120,2026-03-10,13:20:00,144400,145000,144000,145000,4130,596170000,526,300
010120,2026-03-10,13:25:00,144900,145000,144400,145000,2915,422200000,300,283
010120,2026-03-10,13:30:00,145000,145000,144200,144400,3505,507240000,291,410
010120,2026-03-10,13:35:00,144400,144600,144000,144200,4115,594160000,388,435
010120,2026-03-10,13:40:00,144400,144400,144000,144300,3590,517950000,387,331
010120,2026-03-10,13:45:00,144200,144400,143400,143600,4810,692400000,266,696
010120,2026-03-10,13:50:00,143500,143800,143200,143400,4770,684450000,465,489
010120,2026-03-10,13:55:00,143400,143800,142600,143000,7140,1021510000,687,741
010120,2026-03-10,14:00:00,142800,143800,142600,143600,5080,727410000,630,386
010120,2026-03-10,14:05:00,143400,144600,143400,144600,4470,644290000,553,341
010120,2026-03-10,14:10:00,144600,144800,143800,144400,6015,867660000,443,760
010120,2026-03-10,14:15:00,144400,144600,143600,144000,4440,639820000,473,415
010120,2026-03-10,14:20:00,144000,144400,143600,143900,3700,532890000,427,313
010120,2026-03-10,14:25:00,143900,144200,143600,143600,3175,457100000,291,344
010120,2026-03-10,14:30:00,143700,144400,143700,144200,5705,821280000,531,610
010120,2026-03-10,14:35:00,144000,144400,144000,144400,2890,417110000,467,111
010120,2026-03-10,14:40:00,144400,144500,143800,144400,4915,709060000,562,421
010120,2026-03-10,14:45:00,144400,145000,144400,145000,4920,711830000,684,300
010120,2026-03-10,14:50:00,145000,145200,144400,145200,6120,886950000,743,481
010120,2026-03-10,14:55:00,145000,145400,144800,145200,5940,862500000,858,330
010120,2026-03-10,15:00:00,145200,146000,145200,145900,6720,978540000,1147,197
010120,2026-03-10,15:05:00,145800,146200,145600,146200,10450,1525010000,1360,730
010120,2026-03-10,15:10:00,146200,146600,146000,146600,13090,1916100000,1557,1061
010120,2026-03-10,15:15:00,146400,146800,146000,146200,10420,1524820000,1040,1044
010120,2026-03-10,15:20:00,146000,146400,144400,144400,11585,1686160000,615,1702
010120,2026-03-10,15:30:00,144800,144800,144800,144800,19075,2762050000,3804,0
010120,2026-03-11,09:05:00,149400,149600,147600,148400,26065,3871090000,2609,2604
010120,2026-03-11,09:10:00,148200,149800,148000,149800,19610,2917290000,2745,1177
010120,2026-03-11,09:15:00,149800,151000,149600,150200,21370,3210430000,2667,1607
010120,2026-03-11,09:20:00,150200,150600,149600,149600,16605,2491450000,1613,1708
010120,2026-03-11,09:25:00,149600,150400,148600,148800,7240,1082790000,416,1032
010120,2026-03-11,09:30:00,148800,150000,148800,149000,8130,1214260000,913,713
010120,2026-03-11,09:35:00,149000,149200,148600,149000,6055,902120000,412,799
010120,2026-03-11,09:40:00,148900,149400,148600,149400,8825,1315320000,815,950
010120,2026-03-11,09:45:00,149400,149600,149200,149400,4265,637360000,405,448
010120,2026-03-11,09:50:00,149400,150000,149200,149500,9115,1364050000,1000,823
010120,2026-03-11,09:55:00,149500,150000,149400,149800,5470,818840000,824,270
010120,2026-03-11,10:00:00,149800,150400,149800,150200,5815,873160000,584,579
010120,2026-03-11,10:05:00,150200,151000,150200,150400,13515,2036030000,1636,1067
010120,2026-03-11,10:10:00,150600,150800,150400,150600,2890,435200000,345,233
010120,2026-03-11,10:15:00,150600,150600,150400,150600,2975,447940000,372,223
010120,2026-03-11,10:20:00,150600,151000,150400,150800,6110,920370000,765,457
010120,2026-03-11,10:25:00,150800,151000,150400,150600,3515,529650000,275,428
010120,2026-03-11,10:30:00,150600,151000,150200,150200,4850,730320000,497,473
010120,2026-03-11,10:35:00,150200,150600,150000,150400,5760,865490000,654,498
010120,2026-03-11,10:40:00,150400,150600,150000,150200,2245,337470000,275,174
010120,2026-03-11,10:45:00,150200,150400,149600,150000,9235,1384390000,555,1292
010120,2026-03-11,10:50:00,150200,150600,150000,150400,2905,436750000,367,214
010120,2026-03-11,10:55:00,150400,150800,150400,150400,2930,441180000,330,256
010120,2026-03-11,11:00:00,150400,150600,149800,149800,2070,310960000,132,282
010120,2026-03-11,11:05:00,150000,150000,149400,149800,5500,822960000,395,705
010120,2026-03-11,11:10:00,149600,149800,149200,149600,3375,504570000,268,407
010120,2026-03-11,11:15:00,149600,149600,149000,149200,3090,461220000,215,403
010120,2026-03-11,11:20:00,149400,149600,149200,149200,3445,514690000,295,394
010120,2026-03-11,11:25:00,149400,149400,149200,149400,1215,181410000,131,112
010120,2026-03-11,11:30:00,149200,149400,149200,149200,1545,230540000,33,276
010120,2026-03-11,11:35:00,149300,149400,149000,149100,1170,174470000,81,153
010120,2026-03-11,11:40:00,149100,149800,149000,149200,4520,674730000,685,219
010120,2026-03-11,11:45:00,149200,149400,149000,149200,1925,287150000,212,173
010120,2026-03-11,11:50:00,149400,149400,149000,149100,2685,400720000,390,147
010120,2026-03-11,11:55:00,149100,149400,149000,149200,1685,251400000,216,121
010120,2026-03-11,12:00:00,149200,149600,149200,149400,2175,324940000,300,135
010120,2026-03-11,12:05:00,149400,149600,149000,149200,2605,388850000,275,246
010120,2026-03-11,12:10:00,149000,149600,149000,149200,2470,368700000,259,235
010120,2026-03-11,12:15:00,149200,149400,148800,149000,5920,882800000,726,458
010120,2026-03-11,12:20:00,149000,149200,148600,148600,4255,633800000,342,509
010120,2026-03-11,12:25:00,148600,148800,148400,148400,3085,458530000,264,353
010120,2026-03-11,12:30:00,148600,148600,148200,148200,3280,486790000,143,513
010120,2026-03-11,12:35:00,148200,148600,148200,148400,3715,551670000,368,375
010120,2026-03-11,12:40:00,148400,148700,148400,148600,3280,487220000,417,239
010120,2026-03-11,12:45:00,148600,149000,148400,148800,2400,356900000,209,271
010120,2026-03-11,12:50:00,148800,149200,148600,148800,3080,458710000,316,300
010120,2026-03-11,12:55:00,149000,149000,148200,148400,2720,403870000,144,400
010120,2026-03-11,13:00:00,148400,148800,148200,148600,3740,555370000,438,310
010120,2026-03-11,13:05:00,148700,148800,148200,148200,3215,477300000,344,299
010120,2026-03-11,13:10:00,148200,148400,148200,148200,4470,662620000,295,599
010120,2026-03-11,13:15:00,148200,148800,148200,148600,3190,473450000,417,221
010120,2026-03-11,13:20:00,148600,149200,148600,148800,2795,416050000,322,237
010120,2026-03-11,13:25:00,148800,149000,148400,148400,1765,262350000,57,296
010120,2026-03-11,13:30:00,148400,148800,148400,148400,2715,403420000,217,326
010120,2026-03-11,13:35:00,148500,148600,148200,148200,3960,587660000,323,469
010120,2026-03-11,13:40:00,148200,148400,148200,148400,2665,395250000,239,294
010120,2026-03-11,13:45:00,148400,148400,147800,147800,4590,679490000,39,879
010120,2026-03-11,13:50:00,147800,148600,147800,148600,5860,867840000,649,523
010120,2026-03-11,13:55:00,148600,149000,148200,148400,4890,727000000,672,306
010120,2026-03-11,14:00:00,148400,148800,148200,148800,3050,453070000,396,214
010120,2026-03-11,14:05:00,148600,149000,148400,148600,4600,684090000,382,538
010120,2026-03-11,14:10:00,148600,148800,148000,148200,3550,527080000,141,569
010120,2026-03-11,14:15:00,148200,148200,147800,147800,6270,928320000,337,917
010120,2026-03-11,14:20:00,147800,148000,147400,147400,10040,1482870000,377,1631
010120,2026-03-11,14:25:00,147600,147600,147000,147000,7945,1170110000,365,1224
010120,2026-03-11,14:30:00,147000,147600,147000,147400,5345,787680000,310,759
010120,2026-03-11,14:35:00,147400,147600,146600,146700,6635,975310000,340,987
010120,2026-03-11,14:40:00,146700,146800,146200,146200,7025,1028920000,288,1117
010120,2026-03-11,14:45:00,146200,146600,145200,145400,13675,1995410000,507,2228
010120,2026-03-11,14:50:00,145200,145800,144000,145400,14330,2079530000,1078,1788
010120,2026-03-11,14:55:00,145400,146000,144400,144600,8575,1245220000,528,1187
010120,2026-03-11,15:00:00,144600,145000,143200,143600,18815,2710610000,1113,2650
010120,2026-03-11,15:05:00,143400,143600,141600,143000,30540,4351070000,3687,2421
010120,2026-03-11,15:10:00,143400,144600,143000,144400,17075,2456280000,1984,1431
010120,2026-03-11,15:15:00,144200,145400,143600,145200,13975,2017480000,946,1849
010120,2026-03-11,15:20:00,145200,145600,144400,144800,9655,1399940000,797,1134
010120,2026-03-11,15:30:00,144400,144400,144400,144400,21440,3095940000,4283,0
010120,2026-03-12,09:05:00,144200,148800,143600,147600,25550,3729880000,2721,2389
010120,2026-03-12,09:10:00,147600,147600,143600,144400,23565,3410430000,2221,2492
010120,2026-03-12,09:15:00,144400,144800,143800,144600,9260,1335370000,1138,714
010120,2026-03-12,09:20:00,144800,146400,144000,146000,21405,3107190000,2502,1779
010120,2026-03-12,09:25:00,146000,146600,145200,146400,7580,1105660000,556,960
010120,2026-03-12,09:30:00,146400,147200,145600,147000,8850,1295650000,1167,603
010120,2026-03-12,09:35:00,147000,147800,147000,147200,9700,1429880000,1160,780
010120,2026-03-12,09:40:00,147200,148200,147200,148000,5995,886190000,822,377
010120,2026-03-12,09:45:00,147900,148000,147000,147900,4130,609570000,392,434
010120,2026-03-12,09:50:00,148000,148000,147400,147600,4060,599940000,374,438
010120,2026-03-12,09:55:00,147600,148600,147400,148400,8155,1206880000,1113,518
010120,2026-03-12,10:00:00,148400,148800,148200,148400,6135,911560000,795,432
010120,2026-03-12,10:05:00,148400,148400,147400,147800,6065,897040000,367,846
010120,2026-03-12,10:10:00,147800,148400,147400,148200,7165,1060730000,804,629
010120,2026-03-12,10:15:00,148200,148400,148000,148400,3530,523240000,406,300
010120,2026-03-12,10:20:00,148400,148400,147800,148000,4590,679660000,500,418
010120,2026-03-12,10:25:00,148000,148600,147200,148400,8435,1247190000,1102,585
010120,2026-03-12,10:30:00,148600,149000,148200,148800,4415,655640000,751,132
010120,2026-03-12,10:35:00,148800,149400,148800,149400,6560,978140000,1070,242
010120,2026-03-12,10:40:00,149200,149600,149200,149600,4030,602200000,665,141
010120,2026-03-12,10:45:00,149600,150000,149400,149800,7450,1115820000,1232,258
010120,2026-03-12,10:50:00,150000,150000,149600,149800,4735,709230000,632,315
010120,2026-03-12,10:55:00,149800,149800,148800,148800,7865,1174970000,464,1109
010120,2026-03-12,11:00:00,148900,149400,148600,149400,2980,444010000,307,289
010120,2026-03-12,11:05:00,149400,149400,149000,149400,4125,615720000,594,231
010120,2026-03-12,11:10:00,149400,149400,148800,149200,3340,497880000,447,221
010120,2026-03-12,11:15:00,149000,149200,148000,148400,3495,519430000,287,412
010120,2026-03-12,11:20:00,148400,148400,147800,147800,2890,427830000,265,313
010120,2026-03-12,11:25:00,147800,148200,147400,148000,3275,483630000,352,303
010120,2026-03-12,11:30:00,148000,148200,147400,147800,3970,586980000,459,335
010120,2026-03-12,11:35:00,147800,148200,147600,147800,1965,290660000,302,91
010120,2026-03-12,11:40:00,148000,148000,147000,147200,4255,626650000,191,660
010120,2026-03-12,11:45:00,147000,148000,147000,147800,8010,1181240000,742,860
010120,2026-03-12,11:50:00,147800,147800,147200,147400,2525,372360000,264,241
010120,2026-03-12,11:55:00,147200,147400,146800,147000,2425,356650000,260,225
010120,2026-03-12,12:00:00,147200,148000,147000,148000,3595,530170000,619,100
010120,2026-03-12,12:05:00,148000,148000,147400,147400,1595,235640000,184,135
010120,2026-03-12,12:10:00,147400,148000,147200,147800,2200,324800000,304,136
010120,2026-03-12,12:15:00,147600,147800,147200,147400,2915,430080000,304,279
010120,2026-03-12,12:20:00,147600,147800,147200,147600,3270,482610000,396,258
010120,2026-03-12,12:25:00,147800,148000,147600,147800,1640,242400000,252,76
010120,2026-03-12,12:30:00,148000,148000,146800,146800,2990,440540000,274,324
010120,2026-03-12,12:35:00,146800,147000,146600,146800,3035,445460000,216,391
010120,2026-03-12,12:40:00,146800,147000,146400,146600,3140,460890000,348,280
010120,2026-03-12,12:45:00,146400,146800,146400,146600,2080,304770000,186,230
010120,2026-03-12,12:50:00,146400,146800,146200,146800,3480,510050000,377,319
010120,2026-03-12,12:55:00,146800,147200,146600,146800,2455,360470000,254,237
010120,2026-03-12,13:00:00,146800,147800,146600,147800,2005,295140000,279,122
010120,2026-03-12,13:05:00,147600,148000,147600,148000,2240,331050000,205,243
010120,2026-03-12,13:10:00,148000,148400,147400,147800,4615,683200000,478,445
010120,2026-03-12,13:15:00,147800,148000,147600,148000,2170,320990000,341,93
010120,2026-03-12,13:20:00,148000,148400,147600,148400,6600,977250000,664,656
010120,2026-03-12,13:25:00,148200,148400,148200,148200,2515,372890000,178,325
010120,2026-03-12,13:30:00,148400,148400,147400,148400,3925,581070000,366,419
010120,2026-03-12,13:35:00,148400,148400,147800,147800,2410,356930000,218,264
010120,2026-03-12,13:40:00,148000,148200,147400,148200,4905,724890000,479,502
010120,2026-03-12,13:45:00,148000,148200,147400,147800,5040,744350000,548,460
010120,2026-03-12,13:50:00,147600,148000,147400,147600,2580,380960000,310,206
010120,2026-03-12,13:55:00,147600,148000,147400,147800,2875,425010000,327,248
010120,2026-03-12,14:00:00,147800,148000,147600,148000,2655,392660000,318,213
010120,2026-03-12,14:05:00,147800,148600,147800,148600,7240,1073440000,1099,349
010120,2026-03-12,14:10:00,148600,149400,148400,149000,9265,1380250000,1410,443
010120,2026-03-12,14:15:00,149000,149400,148600,148800,8675,1293720000,894,841
010120,2026-03-12,14:20:00,148600,149000,148000,148200,4530,673250000,518,388
010120,2026-03-12,14:25:00,148200,148800,148000,148600,3965,588310000,487,306
010120,2026-03-12,14:30:00,148600,148600,147600,148200,9995,1480710000,813,1186
010120,2026-03-12,14:35:00,148200,148600,147200,147400,7345,1085440000,490,979
010120,2026-03-12,14:40:00,147200,147800,147000,147600,4585,675840000,489,428
010120,2026-03-12,14:45:00,147600,148200,147600,148200,4055,599710000,550,261
010120,2026-03-12,14:50:00,148200,148200,147400,147600,4530,669720000,532,374
010120,2026-03-12,14:55:00,147600,148000,147400,148000,3915,578210000,517,266
010120,2026-03-12,15:00:00,148000,148600,147800,148200,3900,577670000,541,239
010120,2026-03-12,15:05:00,148200,148400,147800,148400,3360,497800000,519,153
010120,2026-03-12,15:10:00,148200,148400,147600,147600,3175,469850000,398,237
010120,2026-03-12,15:15:00,147800,148200,147200,148000,11040,1628430000,1784,424
010120,2026-03-12,15:20:00,148000,148200,147800,148000,5560,822680000,880,232
010120,2026-03-12,15:30:00,148000,148000,148000,148000,115005,17020740000,22969,0
010120,2026-03-13,09:05:00,143400,147800,142400,147800,32885,4782140000,3786,2791
010120,2026-03-13,09:10:00,147800,151000,147400,150400,40310,6008140000,4928,3134
010120,2026-03-13,09:15:00,150400,151000,148600,150600,20035,3006590000,2194,1813
010120,2026-03-13,09:20:00,150600,151200,149000,149800,27925,4196570000,3078,2507
010120,2026-03-13,09:25:00,149800,149800,148000,148800,14980,2226630000,1621,1375
010120,2026-03-13,09:30:00,148800,150200,148800,149200,15860,2368150000,1664,1508
010120,2026-03-13,09:35:00,149400,150000,149000,149400,6465,967160000,691,602
010120,2026-03-13,09:40:00,149600,150000,149200,149600,4845,724950000,649,320
010120,2026-03-13,09:45:00,149600,149600,148400,149100,6065,903850000,340,873
010120,2026-03-13,09:50:00,149100,150000,148600,149800,6805,1015930000,766,595
010120,2026-03-13,09:55:00,150000,150000,149000,149400,7165,1071390000,700,733
010120,2026-03-13,10:00:00,149400,150400,149200,150000,6810,1021800000,977,385
010120,2026-03-13,10:05:00,150000,150400,149400,149500,9205,1378230000,1188,653
010120,2026-03-13,10:10:00,149600,150400,149400,150400,4065,609370000,595,218
010120,2026-03-13,10:15:00,150400,150600,149600,149600,9690,1454980000,973,965
010120,2026-03-13,10:20:00,149800,149800,149400,149600,3745,560250000,298,451
010120,2026-03-13,10:25:00,149400,149800,149200,149200,3055,456540000,244,367
010120,2026-03-13,10:30:00,149200,150000,149200,150000,3555,532620000,544,167
010120,2026-03-13,10:35:00,150000,150200,149800,149900,1660,248950000,84,248
010120,2026-03-13,10:40:00,149900,150200,149600,149800,5525,827730000,353,752
010120,2026-03-13,10:45:00,149800,150200,149400,149800,7225,1081770000,810,635
010120,2026-03-13,10:50:00,149800,150200,149600,149800,2830,424040000,282,284
010120,2026-03-13,10:55:00,149800,149800,148600,149200,8520,1270500000,277,1427
010120,2026-03-13,11:00:00,149200,149400,148600,149200,6840,1019850000,711,657
010120,2026-03-13,11:05:00,149000,149400,148400,149200,4465,664960000,273,620
010120,2026-03-13,11:10:00,149200,150000,148800,149800,9260,1383860000,1314,538
010120,2026-03-13,11:15:00,149600,150400,149400,149400,9290,1393000000,1193,665
010120,2026-03-13,11:20:00,149400,150000,149200,149400,6610,989010000,1085,237
010120,2026-03-13,11:25:00,149400,149800,149200,149800,5160,771480000,592,440
010120,2026-03-13,11:30:00,149800,150000,149800,149800,1530,229260000,94,212
010120,2026-03-13,11:35:00,150000,150200,149800,150200,2620,393250000,430,94
010120,2026-03-13,11:40:00,150200,150200,149800,149800,3105,465810000,268,353
010120,2026-03-13,11:45:00,149800,150200,149600,150200,3120,468140000,537,87
010120,2026-03-13,11:50:00,150200,150400,150000,150200,2785,418240000,352,205
010120,2026-03-13,11:55:00,150400,150600,150200,150400,4310,648390000,771,91
010120,2026-03-13,12:00:00,150400,150400,150200,150400,2870,431610000,493,81
010120,2026-03-13,12:05:00,150400,150400,150000,150200,3795,570160000,235,524
010120,2026-03-13,12:10:00,150400,150600,150000,150600,5625,846050000,687,438
010120,2026-03-13,12:15:00,150600,150800,150400,150600,3040,457980000,209,399
010120,2026-03-13,12:20:00,150400,150800,150200,150600,7420,1116880000,1025,459
010120,2026-03-13,12:25:00,150600,151000,150600,150600,5580,841420000,724,392
010120,2026-03-13,12:30:00,150600,151000,150600,150600,3695,557370000,544,195
010120,2026-03-13,12:35:00,150800,151000,150600,150800,7215,1088140000,1028,415
010120,2026-03-13,12:40:00,150800,150800,150000,150400,5500,827430000,351,749
010120,2026-03-13,12:45:00,150200,150400,150000,150000,3605,541660000,248,473
010120,2026-03-13,12:50:00,150000,150200,150000,150200,1795,269510000,255,104
010120,2026-03-13,12:55:00,150000,150600,150000,150200,2830,425180000,476,90
010120,2026-03-13,13:00:00,150400,150800,150200,150800,2985,449520000,450,147
010120,2026-03-13,13:05:00,150800,150800,150200,150400,2100,316130000,317,103
010120,2026-03-13,13:10:00,150400,150800,150000,150400,3310,497780000,375,287
010120,2026-03-13,13:15:00,150000,150200,149200,149400,6165,923890000,129,1104
010120,2026-03-13,13:20:00,149400,149800,149000,149200,6365,950510000,350,923
010120,2026-03-13,13:25:00,149000,149200,148600,148600,5755,856880000,270,881
010120,2026-03-13,13:30:00,148600,148600,148200,148200,5705,846480000,349,792
010120,2026-03-13,13:35:00,148200,148400,147600,147800,7905,1170250000,74,1507
010120,2026-03-13,13:40:00,147800,148000,147000,147300,11595,1708310000,792,1527
010120,2026-03-13,13:45:00,147200,148000,147200,147800,4320,637420000,391,473
010120,2026-03-13,13:50:00,148000,148400,147800,148200,2375,351900000,345,130
010120,2026-03-13,13:55:00,148200,148600,148200,148200,6470,960110000,640,654
010120,2026-03-13,14:00:00,148400,149200,148200,148600,10950,1628380000,1619,571
010120,2026-03-13,14:05:00,148600,149000,148600,148800,7730,1150260000,1126,420
010120,2026-03-13,14:10:00,148800,148800,148200,148400,10230,1519460000,1001,1045
010120,2026-03-13,14:15:00,148400,148400,147600,147800,8550,1265140000,867,843
010120,2026-03-13,14:20:00,148000,148400,147800,148400,7935,1175430000,1078,509
010120,2026-03-13,14:25:00,148200,149200,148200,148800,9190,1367510000,1141,697
010120,2026-03-13,14:30:00,148800,149200,148600,149200,5815,866800000,1038,125
010120,2026-03-13,14:35:00,149200,149400,149000,149400,7065,1054450000,1043,370
010120,2026-03-13,14:40:00,149200,149400,149000,149400,6340,946370000,1023,245
010120,2026-03-13,14:45:00,149200,149400,148600,148800,7760,1155560000,1168,384
010120,2026-03-13,14:50:00,148600,148800,147800,148800,13025,1930930000,1347,1258
010120,2026-03-13,14:55:00,148800,148800,148000,148600,10275,1525910000,940,1115
010120,2026-03-13,15:00:00,148400,149000,148000,148600,7760,1152450000,984,568
010120,2026-03-13,15:05:00,148600,148800,148000,148400,9105,1351750000,1100,721
010120,2026-03-13,15:10:00,148400,149000,148200,149000,5330,791710000,861,205
010120,2026-03-13,15:15:00,148800,149400,148600,149200,7900,1177440000,1002,578
010120,2026-03-13,15:20:00,149400,149600,149000,149200,9640,1438720000,1087,841
010120,2026-03-13,15:30:00,149400,149400,149400,149400,35230,5263360000,6959,0
010120,2026-03-16,09:05:00,149000,149000,147000,147400,32930,4877890000,3614,2972
010120,2026-03-16,09:10:00,147600,148400,147000,147800,10845,1600700000,1012,1157
010120,2026-03-16,09:15:00,148000,148800,147400,148400,14650,2168880000,1728,1202
010120,2026-03-16,09:20:00,148200,148800,147800,148000,7715,1143350000,785,758
010120,2026-03-16,09:25:00,148000,149200,147600,148600,8965,1329860000,1112,681
010120,2026-03-16,09:30:00,148400,148600,147200,147400,5475,808890000,126,969
010120,2026-03-16,09:35:00,147400,148200,147200,147800,4935,729320000,605,382
010120,2026-03-16,09:40:00,147800,148600,147800,148600,8695,1288770000,1067,672
010120,2026-03-16,09:45:00,148600,149600,148400,148800,8130,1212970000,898,728
010120,2026-03-16,09:50:00,148600,149400,148400,149200,3465,515560000,300,393
010120,2026-03-16,09:55:00,149200,149400,148200,148400,5160,768090000,363,669
010120,2026-03-16,10:00:00,148200,148400,147800,148000,4260,630980000,463,389
010120,2026-03-16,10:05:00,148000,148600,147800,147800,5260,778720000,428,624
010120,2026-03-16,10:10:00,147800,148000,147200,147200,7265,1072940000,924,529
010120,2026-03-16,10:15:00,147200,147400,146400,146400,9280,1364080000,293,1563
010120,2026-03-16,10:20:00,146400,147200,146400,147000,7455,1093830000,960,531
010120,2026-03-16,10:25:00,147000,147200,146600,146600,4315,633830000,473,390
010120,2026-03-16,10:30:00,146600,146800,145600,145800,11110,1623080000,409,1813
010120,2026-03-16,10:35:00,145600,145800,143600,143600,13905,2011360000,310,2471
010120,2026-03-16,10:40:00,143800,145200,143600,144600,14260,2063440000,1858,994
010120,2026-03-16,10:45:00,144600,144600,143800,144000,10865,1566820000,890,1283
010120,2026-03-16,10:50:00,144200,145000,144000,145000,7650,1104430000,718,812
010120,2026-03-16,10:55:00,144800,145400,144800,145400,3640,528150000,549,179
010120,2026-03-16,11:00:00,145200,145800,145000,145600,2940,427460000,383,205
010120,2026-03-16,11:05:00,145400,145800,144800,145200,8795,1277880000,1087,672
010120,2026-03-16,11:10:00,145200,145600,145000,145200,2490,361770000,201,297
010120,2026-03-16,11:15:00,145200,145600,144800,145000,8355,1212720000,640,1031
010120,2026-03-16,11:20:00,144800,145000,144400,144600,4170,602800000,79,755
010120,2026-03-16,11:25:00,144600,144600,143800,144000,7295,1050690000,458,1001
010120,2026-03-16,11:30:00,144000,144600,144000,144200,4680,675230000,452,484
010120,2026-03-16,11:35:00,144000,144200,144000,144200,2655,382540000,223,308
010120,2026-03-16,11:40:00,144200,144200,143800,144000,2995,430930000,74,525
010120,2026-03-16,11:45:00,143800,144000,143800,143800,3045,437930000,64,545
010120,2026-03-16,11:50:00,143800,144000,143600,143800,2120,304760000,66,358
010120,2026-03-16,11:55:00,143800,144600,143600,144000,11405,1641290000,1941,340
010120,2026-03-16,12:00:00,144000,144600,143800,144400,2365,341480000,207,266
010120,2026-03-16,12:05:00,144600,145200,144400,144800,3325,481220000,357,308
010120,2026-03-16,12:10:00,144800,144800,144600,144600,855,123710000,78,93
010120,2026-03-16,12:15:00,144600,145200,144600,144600,3395,492070000,335,344
010120,2026-03-16,12:20:00,144600,144800,144400,144400,1795,259500000,190,169
010120,2026-03-16,12:25:00,144400,144600,144000,144500,3740,539600000,526,222
010120,2026-03-16,12:30:00,144500,145100,144500,144800,2235,323460000,302,145
010120,2026-03-16,12:35:00,144800,145800,144600,145800,7845,1139660000,972,597
010120,2026-03-16,12:40:00,145800,146000,145400,145800,2340,340920000,277,191
010120,2026-03-16,12:45:00,145800,146400,145800,146200,3435,501800000,352,335
010120,2026-03-16,12:50:00,146200,146200,146000,146200,1720,251280000,162,182
010120,2026-03-16,12:55:00,146000,146200,145600,145600,2785,406270000,213,344
010120,2026-03-16,13:00:00,145600,145800,145400,145800,2555,372040000,338,173
010120,2026-03-16,13:05:00,145800,146200,145600,145800,4390,640610000,553,325
010120,2026-03-16,13:10:00,145600,146000,145600,146000,1525,222400000,185,120
010120,2026-03-16,13:15:00,146000,146000,145800,145800,1200,175040000,85,155
010120,2026-03-16,13:20:00,145800,146400,145800,146400,7390,1079630000,940,538
010120,2026-03-16,13:25:00,146400,146400,145800,145800,1135,165840000,75,152
010120,2026-03-16,13:30:00,145800,146000,145800,146000,2130,310770000,227,199
010120,2026-03-16,13:35:00,145800,146000,145800,145900,1410,205650000,94,188
010120,2026-03-16,13:40:00,145800,146000,145800,146000,3140,458170000,367,261
010120,2026-03-16,13:45:00,146000,146000,145800,145800,1485,216600000,80,217
010120,2026-03-16,13:50:00,145900,146000,145400,145600,3375,491380000,101,574
010120,2026-03-16,13:55:00,145400,146400,145400,146200,8620,1256360000,1300,424
010120,2026-03-16,14:00:00,146200,146600,146200,146200,2645,387130000,402,127
010120,2026-03-16,14:05:00,146200,146400,146200,146400,1015,148500000,108,95
010120,2026-03-16,14:10:00,146200,147000,146200,146800,7280,1067730000,763,693
010120,2026-03-16,14:15:00,146800,146800,146400,146600,1740,255020000,185,163
010120,2026-03-16,14:20:00,146400,146800,146400,146400,5225,765950000,741,304
010120,2026-03-16,14:25:00,146400,146600,146000,146200,3495,510950000,187,512
010120,2026-03-16,14:30:00,146000,146600,146000,146200,5540,810290000,759,349
010120,2026-03-16,14:35:00,146200,146200,145800,145800,1495,218230000,103,196
010120,2026-03-16,14:40:00,145800,146000,145800,145800,3585,523170000,469,248
010120,2026-03-16,14:45:00,145800,146400,145800,146400,4615,674180000,599,324
010120,2026-03-16,14:50:00,146400,146800,146200,146200,3865,566340000,469,304
010120,2026-03-16,14:55:00,146200,146800,146200,146200,4570,669300000,567,347
010120,2026-03-16,15:00:00,146400,146400,146200,146200,1570,229720000,192,122
010120,2026-03-16,15:05:00,146400,146800,146200,146800,5710,836670000,1016,126
010120,2026-03-16,15:10:00,146800,147000,146600,146800,4690,688670000,606,332
010120,2026-03-16,15:15:00,146800,147400,146800,147400,2845,418600000,519,50
010120,2026-03-16,15:20:00,147400,147600,147200,147400,4250,626520000,504,346
010120,2026-03-16,15:30:00,146600,146600,146600,146600,19315,2831570000,3858,0
010120,2026-03-17,09:05:00,151400,152200,150000,151800,23850,3609420000,2750,2020
010120,2026-03-17,09:10:00,151800,152000,150800,151600,12600,1905140000,1066,1454
010120,2026-03-17,09:15:00,151400,151600,151000,151000,3330,503770000,282,384
010120,2026-03-17,09:20:00,151200,151400,150600,151200,7505,1133860000,454,1047
010120,2026-03-17,09:25:00,151200,151400,150600,150800,5955,899360000,345,846
010120,2026-03-17,09:30:00,150700,150800,150600,150600,3110,468730000,247,375
010120,2026-03-17,09:35:00,150800,152200,150800,152000,19775,2998980000,2909,1046
010120,2026-03-17,09:40:00,152000,152800,151800,152200,17120,2608170000,2251,1173
010120,2026-03-17,09:45:00,152200,152400,151800,151800,5830,886730000,319,847
010120,2026-03-17,09:50:00,152000,152800,151800,152400,6220,948150000,965,279
010120,2026-03-17,09:55:00,152600,152800,152400,152800,5660,863850000,847,285
010120,2026-03-17,10:00:00,152800,152800,152000,152400,12220,1862510000,684,1760
010120,2026-03-17,10:05:00,152400,152600,152000,152200,4080,620960000,379,437
010120,2026-03-17,10:10:00,152200,152400,152000,152200,4035,613960000,447,360
010120,2026-03-17,10:15:00,152200,152800,151800,152000,9095,1386020000,1147,672
010120,2026-03-17,10:20:00,152000,152200,151000,151600,4645,703860000,276,653
010120,2026-03-17,10:25:00,151600,151800,151400,151800,2375,359980000,224,251
010120,2026-03-17,10:30:00,151800,152000,151400,152000,2930,444850000,480,106
010120,2026-03-17,10:35:00,152200,152400,151800,152000,2450,372560000,245,245
010120,2026-03-17,10:40:00,152000,152400,151800,152000,2225,338540000,231,214
010120,2026-03-17,10:45:00,152000,152200,151600,151800,2715,412430000,335,208
010120,2026-03-17,10:50:00,151600,152000,151400,151600,4980,755480000,379,617
010120,2026-03-17,10:55:00,151600,152200,151400,152000,2380,361250000,337,139
010120,2026-03-17,11:00:00,151800,152000,151600,151600,2305,349940000,140,321
010120,2026-03-17,11:05:00,151600,151800,151600,151800,1735,263160000,150,197
010120,2026-03-17,11:10:00,151800,152000,151600,152000,2260,342960000,308,144
010120,2026-03-17,11:15:00,152000,152400,151800,152200,4375,665450000,442,433
010120,2026-03-17,11:20:00,152200,152400,152200,152200,2920,444780000,351,233
010120,2026-03-17,11:25:00,152200,153000,152200,153000,16230,2479500000,3063,183
010120,2026-03-17,11:30:00,153000,153000,152800,152800,3665,560530000,519,214
010120,2026-03-17,11:35:00,152800,153400,152600,153400,13395,2049360000,1468,1211
010120,2026-03-17,11:40:00,153200,153600,153200,153400,5770,885270000,763,391
010120,2026-03-17,11:45:00,153400,153600,153000,153400,3815,584950000,409,354
010120,2026-03-17,11:50:00,153200,153600,153000,153200,3515,539110000,519,184
010120,2026-03-17,11:55:00,153400,153400,152800,153000,2125,325370000,203,222
010120,2026-03-17,12:00:00,153000,153200,152600,152800,2655,406190000,259,272
010120,2026-03-17,12:05:00,152600,153200,152600,153200,2120,324230000,201,223
010120,2026-03-17,12:10:00,153200,153200,153000,153200,2370,362990000,365,109
010120,2026-03-17,12:15:00,153200,153400,153200,153400,2125,325810000,266,159
010120,2026-03-17,12:20:00,153200,153800,153200,153600,9105,1397610000,1653,168
010120,2026-03-17,12:25:00,153600,153800,153400,153800,2955,454020000,346,245
010120,2026-03-17,12:30:00,153600,153800,153400,153600,2150,330260000,193,237
010120,2026-03-17,12:35:00,153800,153800,153600,153800,1640,252060000,183,145
010120,2026-03-17,12:40:00,153600,153800,153200,153600,3150,483680000,350,280
010120,2026-03-17,12:45:00,153600,153600,153000,153400,2765,423830000,274,279
010120,2026-03-17,12:50:00,153000,153600,153000,153400,2900,444940000,390,190
010120,2026-03-17,12:55:00,153200,153800,153200,153600,2885,443150000,410,167
010120,2026-03-17,13:00:00,153600,153800,153400,153400,3770,579100000,580,174
010120,2026-03-17,13:05:00,153600,154000,153600,154000,11380,1751250000,2110,166
010120,2026-03-17,13:10:00,154000,154000,153600,154000,4925,757580000,477,508
010120,2026-03-17,13:15:00,154000,154000,153800,154000,2885,444080000,373,204
010120,2026-03-17,13:20:00,153800,154200,153600,154200,9965,1534400000,1683,310
010120,2026-03-17,13:25:00,154200,154600,154000,154200,6475,999140000,686,609
010120,2026-03-17,13:30:00,154000,154400,154000,154400,3195,492620000,521,118
010120,2026-03-17,13:35:00,154200,154600,154200,154400,2545,392900000,322,187
010120,2026-03-17,13:40:00,154400,154600,154200,154500,3385,522760000,259,418
010120,2026-03-17,13:45:00,154500,154600,154400,154600,2420,373930000,301,183
010120,2026-03-17,13:50:00,154400,155000,154400,155000,7750,1199030000,1328,222
010120,2026-03-17,13:55:00,155000,155400,154800,155200,8885,1378060000,1090,687
010120,2026-03-17,14:00:00,155200,155600,155000,155400,8395,1304910000,1353,326
010120,2026-03-17,14:05:00,155400,155600,155200,155400,5485,852800000,752,345
010120,2026-03-17,14:10:00,155600,155800,155400,155800,5715,889660000,930,213
010120,2026-03-17,14:15:00,155600,155800,155400,155600,6925,1077470000,801,584
010120,2026-03-17,14:20:00,155400,155800,155400,155800,5555,864460000,813,298
010120,2026-03-17,14:25:00,155600,155800,155200,155600,6125,952310000,583,642
010120,2026-03-17,14:30:00,155600,156000,155400,156000,7710,1201150000,1219,323
010120,2026-03-17,14:35:00,156000,156200,155800,156000,10590,1652310000,1788,330
010120,2026-03-17,14:40:00,156000,156400,155800,156400,7940,1240010000,1151,437
010120,2026-03-17,14:45:00,156300,156400,155600,155800,9785,1525780000,1151,806
010120,2026-03-17,14:50:00,155800,155800,154800,154800,9570,1486040000,1077,837
010120,2026-03-17,14:55:00,154600,155400,154600,155200,7065,1095730000,1000,413
010120,2026-03-17,15:00:00,155200,155200,154400,154400,9395,1453600000,1176,703
010120,2026-03-17,15:05:00,154400,154800,153800,154000,11565,1783070000,1236,1077
010120,2026-03-17,15:10:00,154000,154200,153000,153400,10850,1666920000,1169,1001
010120,2026-03-17,15:15:00,153400,153800,153000,153600,9600,1473140000,1260,660
010120,2026-03-17,15:20:00,153400,153800,152200,153800,18100,2769220000,1655,1965
010120,2026-03-17,15:30:00,152400,152400,152400,152400,26260,4002020000,5245,0
010120,2026-03-18,09:05:00,157400,158800,156800,158400,45035,7106880000,4858,4149
010120,2026-03-18,09:10:00,158400,158800,158000,158600,14515,2298650000,1154,1749
010120,2026-03-18,09:15:00,158600,159000,158200,158800,14500,2300650000,1592,1308
010120,2026-03-18,09:20:00,158800,159400,158800,159400,16685,2652600000,1950,1387
010120,2026-03-18,09:25:00,159200,161000,159000,161000,33810,5403030000,5802,960
010120,2026-03-18,09:30:00,161000,162200,160600,161000,33095,5337790000,4131,2488
010120,2026-03-18,09:35:00,161000,161000,160000,160400,16380,2630310000,1374,1902
010120,2026-03-18,09:40:00,160400,160600,159200,160200,15390,2457920000,1125,1953
010120,2026-03-18,09:45:00,160200,161000,160000,160600,11795,1893280000,1423,936
010120,2026-03-18,09:50:00,160400,161600,160400,161400,14210,2289740000,2079,763
010120,2026-03-18,09:55:00,161400,163000,161200,163000,26240,4253830000,4555,693
010120,2026-03-18,10:00:00,162800,163200,162400,163000,14715,2395660000,1571,1372
010120,2026-03-18,10:05:00,163000,163400,162600,163400,13875,2261060000,1523,1252
010120,2026-03-18,10:10:00,163400,163800,163200,163500,12550,2052180000,1811,699
010120,2026-03-18,10:15:00,163600,164000,163400,164000,12550,2055120000,1521,989
010120,2026-03-18,10:20:00,163800,164700,163600,164200,25985,4264220000,4068,1129
010120,2026-03-18,10:25:00,164200,164400,163600,164000,10235,1678050000,1105,942
010120,2026-03-18,10:30:00,163800,164000,162200,162800,16575,2700180000,1164,2151
010120,2026-03-18,10:35:00,162800,162800,162000,162200,6275,1019210000,486,769
010120,2026-03-18,10:40:00,162200,162600,161600,162000,12325,1996870000,1062,1403
010120,2026-03-18,10:45:00,162200,163600,162000,163600,6130,998350000,803,423
010120,2026-03-18,10:50:00,163600,163600,162600,162800,5925,966600000,584,601
010120,2026-03-18,10:55:00,162800,163400,162600,162800,3765,613400000,259,494
010120,2026-03-18,11:00:00,163000,163000,162400,162600,6600,1073870000,740,580
010120,2026-03-18,11:05:00,162600,163000,162600,163000,3020,491900000,430,174
010120,2026-03-18,11:10:00,163000,163800,162800,163600,8380,1368130000,1189,487
010120,2026-03-18,11:15:00,163600,163800,163400,163600,4075,666570000,253,562
010120,2026-03-18,11:20:00,163600,164400,163400,164400,14105,2311940000,2256,565
010120,2026-03-18,11:25:00,164400,164800,164200,164600,10945,1801280000,1744,445
010120,2026-03-18,11:30:00,164600,165800,164600,165400,26795,4426460000,4502,857
010120,2026-03-18,11:35:00,165600,165800,164800,165000,11080,1832140000,841,1375
010120,2026-03-18,11:40:00,165000,165600,165000,165400,4170,689110000,548,286
010120,2026-03-18,11:45:00,165400,165600,165400,165600,6060,1003150000,890,322
010120,2026-03-18,11:50:00,165600,166000,165400,165600,19330,3205090000,3242,624
010120,2026-03-18,11:55:00,165600,165600,165000,165200,3980,657570000,353,443
010120,2026-03-18,12:00:00,165200,165200,165000,165200,2225,367290000,162,283
010120,2026-03-18,12:05:00,165200,165600,165000,165600,5030,831010000,705,301
010120,2026-03-18,12:10:00,165600,165600,165000,165200,3720,614480000,310,434
010120,2026-03-18,12:15:00,165400,165800,165000,165600,4945,818000000,732,257
010120,2026-03-18,12:20:00,165600,165800,165200,165200,2700,446850000,354,186
010120,2026-03-18,12:25:00,165400,165600,165400,165600,3360,556210000,488,184
010120,2026-03-18,12:30:00,165500,165800,165400,165600,3570,591060000,554,160
010120,2026-03-18,12:35:00,165800,166000,165400,165600,9520,1578640000,1748,156
010120,2026-03-18,12:40:00,165800,166000,165400,165800,5335,884620000,825,242
010120,2026-03-18,12:45:00,165800,166000,165600,165600,2705,448450000,420,121
010120,2026-03-18,12:50:00,165800,166000,165600,166000,5100,845480000,760,260
010120,2026-03-18,12:55:00,165800,166600,165800,166200,18325,3044050000,3147,518
010120,2026-03-18,13:00:00,166200,167200,166200,167000,15745,2626460000,2677,472
010120,2026-03-18,13:05:00,167000,167800,167000,167400,22915,3836550000,2722,1861
010120,2026-03-18,13:10:00,167600,167600,166000,166800,8065,1343620000,638,975
010120,2026-03-18,13:15:00,167000,167400,166600,167400,9505,1587900000,1626,275
010120,2026-03-18,13:20:00,167400,167600,167200,167400,9005,1506730000,1282,519
010120,2026-03-18,13:25:00,167400,167800,167200,167700,12045,2017590000,2133,276
010120,2026-03-18,13:30:00,167700,167800,167400,167600,7970,1336850000,1212,382
010120,2026-03-18,13:35:00,167600,167600,166200,166400,29175,4876110000,928,4907
010120,2026-03-18,13:40:00,166600,166800,166200,166400,5825,969490000,585,580
010120,2026-03-18,13:45:00,166200,166600,165400,165600,14090,2339410000,1440,1378
010120,2026-03-18,13:50:00,165600,166400,165400,166200,9475,1571500000,1257,638
010120,2026-03-18,13:55:00,166200,166900,166000,166200,8685,1445870000,1041,696
010120,2026-03-18,14:00:00,166200,166600,165600,165800,7560,1255480000,923,589
010120,2026-03-18,14:05:00,165600,166400,165600,166200,4230,702350000,612,234
010120,2026-03-18,14:10:00,166200,166400,165800,166000,4380,727510000,454,422
010120,2026-03-18,14:15:00,166000,166200,165800,165800,7440,1234850000,1059,429
010120,2026-03-18,14:20:00,165600,166200,165600,166000,5970,990710000,788,406
010120,2026-03-18,14:25:00,166000,166400,165600,166200,8125,1348990000,1178,447
010120,2026-03-18,14:30:00,166300,166800,166200,166400,5405,899860000,871,210
010120,2026-03-18,14:35:00,166600,167200,166400,167000,9120,1521660000,1251,573
010120,2026-03-18,14:40:00,166800,167000,166400,166800,8280,1380790000,994,662
010120,2026-03-18,14:45:00,166800,167600,166800,167600,10855,1816060000,1664,507
010120,2026-03-18,14:50:00,167400,167600,166800,167200,7225,1207620000,725,720
010120,2026-03-18,14:55:00,167000,167200,166600,167000,5785,965710000,533,624
010120,2026-03-18,15:00:00,167000,167200,166200,166200,5690,948850000,658,480
010120,2026-03-18,15:05:00,166200,166800,166200,166800,6410,1068540000,934,348
010120,2026-03-18,15:10:00,166800,167200,166600,167200,10140,1692950000,1708,320
010120,2026-03-18,15:15:00,167200,167200,166600,167000,10665,1780850000,1023,1110
010120,2026-03-18,15:20:00,167000,167200,166600,167000,10445,1744100000,991,1098
010120,2026-03-18,15:30:00,166600,166600,166600,166600,43880,7310400000,8772,0
010120,2026-03-19,09:05:00,163800,168600,163600,168000,31920,5297470000,4569,1807
010120,2026-03-19,09:10:00,168000,169200,166000,169000,43005,7229680000,5383,3218
010120,2026-03-19,09:15:00,169000,169000,167000,167400,21065,3534680000,2212,2001
010120,2026-03-19,09:20:00,167600,169000,167000,168800,19760,3324510000,1528,2424
010120,2026-03-19,09:25:00,169000,169000,167000,167400,17270,2899900000,1391,2063
010120,2026-03-19,09:30:00,167400,168000,166400,167400,18310,3061330000,1326,2336
010120,2026-03-19,09:35:00,167400,168000,166600,166800,9215,1541330000,1188,655
010120,2026-03-19,09:40:00,166800,167800,166600,167200,7115,1189050000,826,597
010120,2026-03-19,09:45:00,167200,167400,166200,166400,11800,1965640000,1325,1035
010120,2026-03-19,09:50:00,166400,168000,166000,168000,12140,2026640000,1500,928
010120,2026-03-19,09:55:00,167800,167800,167200,167600,6500,1089660000,631,669
010120,2026-03-19,10:00:00,167800,168400,167000,167600,7980,1338360000,986,610
010120,2026-03-19,10:05:00,167600,168000,167000,167800,5610,940050000,668,454
010120,2026-03-19,10:10:00,167800,169200,167800,169200,11830,1994260000,1928,438
010120,2026-03-19,10:15:00,169000,169200,168800,168800,11605,1961870000,698,1623
010120,2026-03-19,10:20:00,168800,169800,168400,169400,12585,2129590000,1558,959
010120,2026-03-19,10:25:00,169400,170200,169000,170200,19905,3378900000,2885,1096
010120,2026-03-19,10:30:00,170200,171200,170200,171200,17760,3033850000,2090,1462
010120,2026-03-19,10:35:00,171000,172400,171000,171800,26010,4469540000,3354,1848
010120,2026-03-19,10:40:00,172000,173400,171800,173400,12940,2233450000,1820,768
010120,2026-03-19,10:45:00,173400,174400,172400,172700,27370,4751720000,2914,2560
010120,2026-03-19,10:50:00,172700,173600,172600,173400,12940,2240580000,1294,1294
010120,2026-03-19,10:55:00,173400,174000,173200,173800,11405,1980030000,1390,891
010120,2026-03-19,11:00:00,173800,173800,172800,173200,8245,1428340000,939,710
010120,2026-03-19,11:05:00,173000,174200,173000,174200,10745,1866850000,1418,731
010120,2026-03-19,11:10:00,174200,174800,174000,174600,6885,1201010000,978,399
010120,2026-03-19,11:15:00,174800,176000,174600,175400,18855,3306230000,2237,1534
010120,2026-03-19,11:20:00,175600,176000,174800,175800,10955,1920520000,910,1281
010120,2026-03-19,11:25:00,175600,176200,175600,175800,8500,1495130000,1150,550
010120,2026-03-19,11:30:00,175600,175800,175000,175200,6465,1134100000,498,795
010120,2026-03-19,11:35:00,175200,176800,175000,176200,13280,2337860000,1440,1216
010120,2026-03-19,11:40:00,176300,177000,176200,177000,7255,1282150000,1061,390
010120,2026-03-19,11:45:00,176800,177200,176200,176600,10185,1799750000,996,1041
010120,2026-03-19,11:50:00,176600,177200,176400,176600,6075,1073820000,711,504
010120,2026-03-19,11:55:00,176600,177600,176400,177600,10920,1932150000,1394,790
010120,2026-03-19,12:00:00,177400,177800,177000,177000,12460,2210520000,1170,1322
010120,2026-03-19,12:05:00,177000,177500,177000,177400,7715,1367470000,959,584
010120,2026-03-19,12:10:00,177400,178400,177200,178400,11030,1962560000,1488,718
010120,2026-03-19,12:15:00,178400,179600,178000,179200,12960,2317380000,1782,810
010120,2026-03-19,12:20:00,179600,179600,178600,178600,15760,2824480000,938,2214
010120,2026-03-19,12:25:00,178800,178800,178000,178200,12230,2181320000,1310,1136
010120,2026-03-19,12:30:00,178200,178200,176800,177000,14325,2540600000,1004,1861
010120,2026-03-19,12:35:00,177000,177100,175600,177000,14165,2496930000,1119,1714
010120,2026-03-19,12:40:00,177000,177200,176200,177000,5970,1054390000,572,622
010120,2026-03-19,12:45:00,177200,177200,176600,177200,4960,877740000,430,562
010120,2026-03-19,12:50:00,177200,177400,176400,176800,6935,1226610000,736,651
010120,2026-03-19,12:55:00,177000,177200,176200,176800,6900,1218920000,636,744
010120,2026-03-19,13:00:00,176800,177200,176200,176600,5595,989090000,461,658
010120,2026-03-19,13:05:00,176600,176800,176000,176200,6605,1164980000,538,783
010120,2026-03-19,13:10:00,176100,176200,174800,175000,15880,2785870000,1079,2097
010120,2026-03-19,13:15:00,175000,175400,174600,174800,14470,2530670000,1394,1500
010120,2026-03-19,13:20:00,174800,175000,173800,174000,14730,2566590000,1266,1680
010120,2026-03-19,13:25:00,174000,176000,173600,175800,12480,2179120000,1466,1030
010120,2026-03-19,13:30:00,175800,176000,174800,175000,11885,2084350000,1272,1105
010120,2026-03-19,13:35:00,175000,175600,174800,175500,5290,926020000,551,507
010120,2026-03-19,13:40:00,175600,175600,174800,175400,5570,976190000,458,656
010120,2026-03-19,13:45:00,175400,175400,174400,174600,6415,1121120000,690,593
010120,2026-03-19,13:50:00,174800,174800,173800,173800,10790,1878540000,981,1177
010120,2026-03-19,13:55:00,173800,175000,173600,174600,9095,1587050000,1174,645
010120,2026-03-19,14:00:00,174600,175400,174600,175000,6505,1138160000,744,557
010120,2026-03-19,14:05:00,175000,175800,174800,175200,7185,1259160000,917,520
010120,2026-03-19,14:10:00,175000,175200,174200,174600,7160,1251040000,595,837
010120,2026-03-19,14:15:00,174600,174800,174200,174800,3905,681730000,324,457
010120,2026-03-19,14:20:00,175000,175400,174600,175400,5500,962450000,778,322
010120,2026-03-19,14:25:00,175400,175600,175200,175600,3415,599220000,468,215
010120,2026-03-19,14:30:00,175600,175800,174800,174800,8285,1453730000,643,1014
010120,2026-03-19,14:35:00,175000,175200,174200,174200,5895,1029970000,605,574
010120,2026-03-19,14:40:00,174200,174300,173300,173600,7165,1245740000,422,1011
010120,2026-03-19,14:45:00,173500,174000,173200,173800,6705,1164270000,770,571
010120,2026-03-19,14:50:00,173800,174800,173600,174600,9470,1648750000,1203,691
010120,2026-03-19,14:55:00,174600,174800,174200,174800,5045,880620000,658,351
010120,2026-03-19,15:00:00,175000,175000,173600,173800,6205,1083150000,648,593
010120,2026-03-19,15:05:00,173800,175000,173600,175000,8315,1448930000,997,666
010120,2026-03-19,15:10:00,174800,175000,174600,174800,4000,699250000,531,269
010120,2026-03-19,15:15:00,175000,175000,174600,174800,8160,1427150000,1223,409
010120,2026-03-19,15:20:00,175000,175600,174600,175400,6235,1091720000,818,429
010120,2026-03-19,15:30:00,174600,174600,174600,174600,16435,2869550000,3192,0
010120,2026-03-20,09:05:00,180200,181400,177000,177600,84910,15187200000,7662,9320
010120,2026-03-20,09:10:00,177400,177600,173200,176800,61900,10835390000,6096,6284
010120,2026-03-20,09:15:00,176400,178000,176200,177600,35325,6251960000,4665,2400
010120,2026-03-20,09:20:00,177500,177600,175800,176400,22000,3883270000,2559,1841
010120,2026-03-20,09:25:00,176400,178600,176000,178000,26935,4768290000,3215,2172
010120,2026-03-20,09:30:00,177900,178900,177500,178100,12425,2215640000,1545,940
010120,2026-03-20,09:35:00,178200,178800,176800,177000,9835,1750620000,679,1288
010120,2026-03-20,09:40:00,176800,177200,176400,176600,5755,1016460000,514,637
010120,2026-03-20,09:45:00,176600,178400,176600,177600,6730,1195600000,464,882
010120,2026-03-20,09:50:00,177400,178800,177200,178800,6460,1149200000,763,529
010120,2026-03-20,09:55:00,178800,179000,178200,178200,6490,1158930000,593,705
010120,2026-03-20,10:00:00,178200,179000,178200,178800,7625,1361600000,780,745
010120,2026-03-20,10:05:00,178600,179200,178400,179200,7460,1334540000,761,731
010120,2026-03-20,10:10:00,179200,179400,178200,178400,6350,1136210000,609,661
010120,2026-03-20,10:15:00,178200,178400,177400,177800,4025,716100000,293,512
010120,2026-03-20,10:20:00,177800,177800,176800,177000,5415,960040000,359,724
010120,2026-03-20,10:25:00,177000,178000,177000,177400,5960,1058170000,518,674
010120,2026-03-20,10:30:00,177400,177800,177000,177600,4805,852680000,411,550
010120,2026-03-20,10:35:00,177600,178000,177400,178000,2485,441480000,271,226
010120,2026-03-20,10:40:00,177800,179000,177800,179000,3885,693000000,607,170
010120,2026-03-20,10:45:00,178900,179200,178400,178600,3320,593890000,278,386
010120,2026-03-20,10:50:00,178400,178600,177800,177800,2210,393680000,83,359
010120,2026-03-20,10:55:00,177800,178000,177200,177200,4770,847040000,218,736
010120,2026-03-20,11:00:00,177400,177800,177400,177600,2000,355150000,151,249
010120,2026-03-20,11:05:00,177800,177800,177400,177400,3145,558230000,85,544
010120,2026-03-20,11:10:00,177400,177600,177200,177200,1800,319310000,164,196
010120,2026-03-20,11:15:00,177400,177800,177200,177600,3425,607820000,269,416
010120,2026-03-20,11:20:00,177800,178000,177400,177600,3430,609050000,303,383
010120,2026-03-20,11:25:00,177600,178400,177400,177600,5290,941530000,457,601
010120,2026-03-20,11:30:00,178000,178200,177600,178000,3100,551310000,263,357
010120,2026-03-20,11:35:00,178200,178600,178000,178000,6245,1113540000,767,482
010120,2026-03-20,11:40:00,178000,178600,178000,178400,1875,334360000,185,190
010120,2026-03-20,11:45:00,178400,179000,178400,178400,3650,652100000,369,361
010120,2026-03-20,11:50:00,178800,179200,178400,179000,5350,956700000,838,232
010120,2026-03-20,11:55:00,179200,179200,178800,179200,2935,525240000,371,216
010120,2026-03-20,12:00:00,178800,179000,178600,179000,3180,568780000,246,390
010120,2026-03-20,12:05:00,178800,179000,178800,178800,2075,371180000,160,255
010120,2026-03-20,12:10:00,178800,179800,178800,179800,5710,1024300000,908,234
010120,2026-03-20,12:15:00,179800,180600,179600,180600,10285,1851640000,1878,179
010120,2026-03-20,12:20:00,180600,180800,180200,180200,3760,678580000,317,435
010120,2026-03-20,12:25:00,180400,180600,180400,180400,1755,316740000,174,177
010120,2026-03-20,12:30:00,180400,180400,180000,180400,2900,522660000,257,323
010120,2026-03-20,12:35:00,180400,180400,179600,179800,2575,463310000,185,330
010120,2026-03-20,12:40:00,179800,180000,179400,179700,4085,733980000,452,365
010120,2026-03-20,12:45:00,179800,179800,179400,179600,2465,442790000,132,361
010120,2026-03-20,12:50:00,179700,179800,179400,179800,3835,688490000,219,548
010120,2026-03-20,12:55:00,179600,179800,179400,179600,1775,318680000,94,261
010120,2026-03-20,13:00:00,179400,179600,178600,179000,4610,825640000,139,783
010120,2026-03-20,13:05:00,178800,179600,178200,178200,11340,2030810000,1354,914
010120,2026-03-20,13:10:00,178200,178400,177800,177800,4500,801310000,170,730
010120,2026-03-20,13:15:00,177800,178000,177400,177400,5860,1040710000,120,1052
010120,2026-03-20,13:20:00,177400,177800,177000,177200,4170,739720000,285,549
010120,2026-03-20,13:25:00,177000,177400,176800,177000,4880,864280000,388,588
010120,2026-03-20,13:30:00,177000,177800,177000,177600,4305,762900000,313,548
010120,2026-03-20,13:35:00,177600,178000,177400,177600,3985,708010000,305,492
010120,2026-03-20,13:40:00,177600,178200,177400,177800,3480,618380000,225,471
010120,2026-03-20,13:45:00,177800,178400,177800,178400,4890,871320000,409,569
010120,2026-03-20,13:50:00,178400,178400,178000,178200,2845,506940000,202,367
010120,2026-03-20,13:55:00,178200,178400,178000,178200,3095,551460000,208,411
010120,2026-03-20,14:00:00,178200,178400,178000,178400,3845,684990000,289,480
010120,2026-03-20,14:05:00,178400,178400,177600,177600,5305,943560000,391,670
010120,2026-03-20,14:10:00,177600,177800,177200,177200,5585,991290000,358,759
010120,2026-03-20,14:15:00,177200,177600,176600,177000,8260,1462030000,528,1124
010120,2026-03-20,14:20:00,177000,177400,176800,177200,5090,901470000,296,722
010120,2026-03-20,14:25:00,177400,177600,177000,177400,4165,738640000,439,394
010120,2026-03-20,14:30:00,177200,178200,177200,178000,5920,1052000000,639,545
010120,2026-03-20,14:35:00,177800,178600,177600,177800,4955,882200000,421,570
010120,2026-03-20,14:40:00,177600,178000,177000,177200,6460,1147010000,309,983
010120,2026-03-20,14:45:00,177200,177800,177000,177400,7610,1349450000,750,772
010120,2026-03-20,14:50:00,177400,177800,177200,177400,5985,1062530000,552,645
010120,2026-03-20,14:55:00,177400,178000,177400,177800,6700,1190900000,561,779
010120,2026-03-20,15:00:00,177800,178400,177400,178200,8865,1578370000,982,791
010120,2026-03-20,15:05:00,178200,178800,178000,178600,6385,1138820000,595,682
010120,2026-03-20,15:10:00,178400,178800,178400,178800,7730,1380970000,1013,533
010120,2026-03-20,15:15:00,178600,178800,178400,178600,6915,1233980000,333,1050
010120,2026-03-20,15:20:00,178600,178600,177400,178400,13260,2363030000,829,1823
010120,2026-03-20,15:30:00,177200,177200,177200,177200,139720,24758380000,27743,0
010120,2026-03-23,09:05:00,170800,173000,169800,170400,33650,5762610000,3863,2862
010120,2026-03-23,09:10:00,170600,170600,169000,170000,26055,4421690000,2436,2775
010120,2026-03-23,09:15:00,169800,171800,169000,170200,25625,4355830000,2913,2212
010120,2026-03-23,09:20:00,170200,170600,168200,170400,20240,3424690000,1370,2678
010120,2026-03-23,09:25:00,170600,171800,169400,169600,18135,3096240000,1618,2009
010120,2026-03-23,09:30:00,169600,169800,168600,168800,10630,1801530000,781,1345
010120,2026-03-23,09:35:00,168600,169200,168000,168000,18940,3190900000,1731,2057
010120,2026-03-23,09:40:00,168200,168200,167200,167600,25920,4347760000,1803,3381
010120,2026-03-23,09:45:00,167800,168600,167600,168000,8035,1350400000,641,966
010120,2026-03-23,09:50:00,168000,168200,166800,167200,15050,2519000000,1340,1670
010120,2026-03-23,09:55:00,167000,167800,165600,165600,17775,2958790000,1005,2550
010120,2026-03-23,10:00:00,165600,165600,164800,164800,27085,4473410000,2749,2668
010120,2026-03-23,10:05:00,164800,165800,164800,165600,9825,1624330000,1407,558
010120,2026-03-23,10:10:00,165800,167800,165200,167800,14030,2340390000,1602,1204
010120,2026-03-23,10:15:00,167800,168200,167600,168000,7780,1306290000,1062,494
010120,2026-03-23,10:20:00,168000,168600,167600,168200,11975,2014670000,1177,1218
010120,2026-03-23,10:25:00,168400,168800,167800,168800,7820,1316220000,940,624
010120,2026-03-23,10:30:00,168800,169200,168400,169000,9875,1667020000,1169,806
010120,2026-03-23,10:35:00,168900,170000,168600,169000,10445,1767850000,1115,974
010120,2026-03-23,10:40:00,169200,170400,168600,170200,8150,1382550000,1091,539
010120,2026-03-23,10:45:00,170400,171000,170000,170200,11095,1893650000,1325,894
010120,2026-03-23,10:50:00,170200,170600,169400,169600,12420,2113810000,904,1580
010120,2026-03-23,10:55:00,169800,170200,169000,169800,8910,1510370000,980,802
010120,2026-03-23,11:00:00,169600,170200,169400,170000,11745,1994630000,705,1644
010120,2026-03-23,11:05:00,170000,170800,169600,170400,11110,1894050000,1226,996
010120,2026-03-23,11:10:00,170400,170600,170000,170400,3620,616690000,565,159
010120,2026-03-23,11:15:00,170600,170600,169200,169200,7005,1189060000,579,822
010120,2026-03-23,11:20:00,169200,170200,169000,169600,7360,1247460000,713,759
010120,2026-03-23,11:25:00,169600,170600,169400,170200,5130,872800000,469,557
010120,2026-03-23,11:30:00,170200,170600,169400,169400,3540,602420000,302,406
010120,2026-03-23,11:35:00,169600,169600,169000,169000,2620,443500000,301,223
010120,2026-03-23,11:40:00,169200,169200,168400,168400,5900,997100000,615,565
010120,2026-03-23,11:45:00,168400,168400,168000,168000,7125,1198300000,667,758
010120,2026-03-23,11:50:00,168000,168200,168000,168000,3750,630040000,36,714
010120,2026-03-23,11:55:00,168000,168000,167600,167600,5700,956500000,427,713
010120,2026-03-23,12:00:00,167600,168000,167400,167600,4430,742570000,429,457
010120,2026-03-23,12:05:00,167600,168000,167400,167800,4235,710150000,396,451
010120,2026-03-23,12:10:00,167600,167800,167000,167400,3980,666110000,260,536
010120,2026-03-23,12:15:00,167200,167400,166400,166800,5450,909330000,346,744
010120,2026-03-23,12:20:00,166600,167000,166400,166800,6035,1005640000,767,440
010120,2026-03-23,12:25:00,166600,167400,166600,167000,2625,438530000,299,226
010120,2026-03-23,12:30:00,167000,167400,166600,167000,2305,385020000,223,238
010120,2026-03-23,12:35:00,166800,167000,166600,167000,2050,342000000,245,165
010120,2026-03-23,12:40:00,167000,167400,166400,166800,6325,1055210000,602,663
010120,2026-03-23,12:45:00,166600,166800,166200,166400,6420,1068260000,622,662
010120,2026-03-23,12:50:00,166500,166600,166000,166000,4100,681930000,391,429
010120,2026-03-23,12:55:00,166000,166400,165800,165800,5955,989050000,454,737
010120,2026-03-23,13:00:00,165800,166200,165800,165800,6350,1053560000,743,527
010120,2026-03-23,13:05:00,166000,166200,165600,165600,6610,1096730000,475,847
010120,2026-03-23,13:10:00,165600,166400,165400,166200,7675,1272190000,1032,503
010120,2026-03-23,13:15:00,166000,166800,166000,166600,3675,610930000,393,342
010120,2026-03-23,13:20:00,166600,167400,166200,166400,7805,1300580000,660,901
010120,2026-03-23,13:25:00,166200,167400,166000,167000,6920,1155340000,1015,369
010120,2026-03-23,13:30:00,167000,168000,167000,167200,9545,1598070000,1272,637
010120,2026-03-23,13:35:00,167400,167600,167000,167200,3145,526230000,409,220
010120,2026-03-23,13:40:00,167200,167400,167000,167000,4715,788320000,543,400
010120,2026-03-23,13:45:00,167000,167200,166400,166600,2430,405180000,163,323
010120,2026-03-23,13:50:00,166600,166800,166200,166200,4560,759080000,403,509
010120,2026-03-23,13:55:00,166400,167600,166000,167400,5500,917210000,574,526
010120,2026-03-23,14:00:00,167400,167600,167000,167400,3580,599030000,254,462
010120,2026-03-23,14:05:00,167200,168000,167000,167800,4845,811500000,557,412
010120,2026-03-23,14:10:00,167800,168200,167400,168000,4455,747660000,343,548
010120,2026-03-23,14:15:00,168000,168000,167600,168000,3690,619240000,468,270
010120,2026-03-23,14:20:00,167800,168000,167200,167200,3820,640180000,185,579
010120,2026-03-23,14:25:00,167400,167400,166800,167000,5675,948320000,474,661
010120,2026-03-23,14:30:00,166800,167200,166400,166600,5645,941770000,806,323
010120,2026-03-23,14:35:00,166600,166800,166000,166400,4390,730140000,308,570
010120,2026-03-23,14:40:00,166200,166800,166000,166800,4415,734800000,616,267
010120,2026-03-23,14:45:00,166600,166600,166000,166200,4575,761070000,365,550
010120,2026-03-23,14:50:00,166200,166200,165400,165600,9395,1558830000,530,1349
010120,2026-03-23,14:55:00,165400,165800,165200,165400,6105,1010000000,560,661
010120,2026-03-23,15:00:00,165200,165800,165200,165200,5655,935660000,578,553
010120,2026-03-23,15:05:00,165400,165600,165200,165200,10405,1720730000,1254,827
010120,2026-03-23,15:10:00,165400,165400,165000,165200,6155,1016730000,191,1040
010120,2026-03-23,15:15:00,165000,165200,164600,164600,11780,1942070000,61,2295
010120,2026-03-23,15:20:00,164600,165200,164600,164800,15855,2612290000,1848,1323
010120,2026-03-23,15:30:00,164600,164600,164600,164600,29825,4909190000,5959,0
010120,2026-03-24,09:05:00,172400,173600,170800,171400,72900,12540390000,10200,4380
010120,2026-03-24,09:10:00,171400,173800,171200,171400,35980,6207180000,4321,2875
010120,2026-03-24,09:15:00,171600,172800,171200,171800,20810,3578100000,2414,1748
010120,2026-03-24,09:20:00,171600,171600,170400,171400,17025,2911340000,1424,1981
010120,2026-03-24,09:25:00,171200,171800,170400,170800,14515,2484270000,1824,1079
010120,2026-03-24,09:30:00,170800,171800,170000,170200,20510,3507010000,867,3235
010120,2026-03-24,09:35:00,170200,170400,169000,169000,14090,2389910000,1333,1485
010120,2026-03-24,09:40:00,169200,169200,167200,167200,13925,2344120000,1055,1730
010120,2026-03-24,09:45:00,167200,168000,166600,167400,17500,2924600000,2038,1462
010120,2026-03-24,09:50:00,167300,168600,167000,167200,6385,1071200000,680,597
010120,2026-03-24,09:55:00,167000,167400,166500,166600,9060,1512400000,963,849
010120,2026-03-24,10:00:00,166600,167200,166200,166400,13730,2289360000,1602,1144
010120,2026-03-24,10:05:00,166400,166800,166000,166200,7835,1302370000,362,1205
010120,2026-03-24,10:10:00,166200,166800,165600,166000,9375,1557400000,617,1258
010120,2026-03-24,10:15:00,166000,166200,165600,165600,5090,844090000,434,584
010120,2026-03-24,10:20:00,165800,165800,163600,165000,22130,3641570000,1058,3368
010120,2026-03-24,10:25:00,165000,166600,164800,166000,10270,1705150000,1385,669
010120,2026-03-24,10:30:00,166000,166200,165200,165600,5825,965670000,552,613
010120,2026-03-24,10:35:00,165600,165600,164200,164400,4865,801730000,235,738
010120,2026-03-24,10:40:00,164200,164400,162600,162600,11610,1897500000,566,1756
010120,2026-03-24,10:45:00,162600,163400,161600,161600,13125,2130820000,991,1634
010120,2026-03-24,10:50:00,161800,162200,161000,161200,10120,1635960000,766,1258
010120,2026-03-24,10:55:00,161400,161800,160600,160800,10095,1627370000,853,1166
010120,2026-03-24,11:00:00,160800,161600,160200,161400,17805,2862840000,1925,1636
010120,2026-03-24,11:05:00,161400,163000,160800,163000,9890,1602030000,1244,734
010120,2026-03-24,11:10:00,162800,163000,161800,162200,7635,1239350000,842,685
010120,2026-03-24,11:15:00,162200,162400,161000,161400,7430,1200710000,490,996
010120,2026-03-24,11:20:00,161400,162400,161400,162200,8780,1420860000,869,887
010120,2026-03-24,11:25:00,162000,163800,162000,163400,6310,1029190000,719,543
010120,2026-03-24,11:30:00,163400,164000,162800,163400,8940,1460520000,893,895
010120,2026-03-24,11:35:00,163400,163400,162600,162900,12385,2018070000,1329,1148
010120,2026-03-24,11:40:00,162800,163600,162800,163000,7905,1289680000,626,955
010120,2026-03-24,11:45:00,163000,163800,163000,163800,5950,972040000,518,672
010120,2026-03-24,11:50:00,163800,164400,163400,164000,10115,1659410000,984,1039
010120,2026-03-24,11:55:00,163800,164000,162600,163000,8320,1357910000,619,1045
010120,2026-03-24,12:00:00,163000,164000,162800,163200,6105,996320000,651,570
010120,2026-03-24,12:05:00,163000,163200,162600,162800,6210,1011470000,602,640
010120,2026-03-24,12:10:00,163000,163200,162400,162400,6270,1021280000,596,658
010120,2026-03-24,12:15:00,162400,163000,162400,162400,4820,784290000,514,450
010120,2026-03-24,12:20:00,162400,162800,162200,162600,5195,844100000,664,375
010120,2026-03-24,12:25:00,162600,163800,162400,163800,6700,1093060000,955,385
010120,2026-03-24,12:30:00,163800,164000,163000,163800,5790,946140000,769,389
010120,2026-03-24,12:35:00,163800,164000,162800,163000,9620,1570170000,677,1247
010120,2026-03-24,12:40:00,163000,163800,162400,163200,10615,1729900000,1217,906
010120,2026-03-24,12:45:00,163400,164200,163200,164200,4980,815960000,523,473
010120,2026-03-24,12:50:00,164000,164200,163200,163400,2700,441950000,104,436
010120,2026-03-24,12:55:00,163400,163400,162600,162800,4050,659680000,190,620
010120,2026-03-24,13:00:00,162800,163400,162600,163000,4095,667550000,531,288
010120,2026-03-24,13:05:00,163200,164000,163000,163800,4985,816000000,610,387
010120,2026-03-24,13:10:00,164000,164400,163800,163800,5645,926120000,646,483
010120,2026-03-24,13:15:00,164000,164000,163600,163600,3180,520790000,256,380
010120,2026-03-24,13:20:00,163600,163800,163200,163600,4700,768500000,503,437
010120,2026-03-24,13:25:00,163600,163800,163200,163400,3585,586260000,270,447
010120,2026-03-24,13:30:00,163400,163800,163400,163800,3415,558510000,396,287
010120,2026-03-24,13:35:00,163600,163800,163200,163600,4930,805950000,529,457
010120,2026-03-24,13:40:00,163800,164000,163400,163600,3745,613000000,334,415
010120,2026-03-24,13:45:00,163600,163600,163400,163400,2115,345790000,194,229
010120,2026-03-24,13:50:00,163400,164200,163400,163800,5845,956970000,698,471
010120,2026-03-24,13:55:00,163800,164800,163600,164600,5960,978700000,808,384
010120,2026-03-24,14:00:00,164600,164800,164400,164400,6590,1084480000,787,531
010120,2026-03-24,14:05:00,164400,164600,161600,161800,38725,6294650000,2479,5266
010120,2026-03-24,14:10:00,161600,162400,161400,162000,17575,2845340000,1772,1743
010120,2026-03-24,14:15:00,161800,162600,161600,162600,15860,2571190000,1707,1465
010120,2026-03-24,14:20:00,162400,164400,162000,163000,20900,3401850000,2510,1670
010120,2026-03-24,14:25:00,163000,163400,161800,162200,17945,2916050000,1535,2054
010120,2026-03-24,14:30:00,162400,162600,161400,161600,14325,2320660000,1116,1749
010120,2026-03-24,14:35:00,161600,162000,161200,161400,18400,2971820000,1731,1949
010120,2026-03-24,14:40:00,161400,162200,161200,161600,20615,3333570000,1916,2207
010120,2026-03-24,14:45:00,161800,162600,161600,162000,18025,2923110000,2116,1489
010120,2026-03-24,14:50:00,162000,163000,161800,162000,22080,3585430000,2470,1946
010120,2026-03-24,14:55:00,162000,162800,161800,162400,18315,2969380000,2097,1566
010120,2026-03-24,15:00:00,162200,162800,162000,162400,18940,3074920000,1981,1807
010120,2026-03-24,15:05:00,162400,163000,162000,162200,17945,2913870000,2091,1498
010120,2026-03-24,15:10:00,162000,162800,162000,162600,17595,2856390000,1854,1665
010120,2026-03-24,15:15:00,162600,163000,162000,162600,18590,3019470000,1608,2110
010120,2026-03-24,15:20:00,162800,163400,162400,163000,15105,2461210000,2025,996
010120,2026-03-24,15:30:00,162600,162600,162600,162600,61990,10079570000,12370,0
010120,2026-03-25,09:05:00,169600,175600,169400,173200,72865,12602280000,9013,5560
010120,2026-03-25,09:10:00,173000,175400,172600,174600,52500,9160190000,7188,3312
010120,2026-03-25,09:15:00,174400,175800,173400,175800,45285,7915560000,5240,3817
010120,2026-03-25,09:20:00,175600,176000,173800,174000,21895,3831130000,1637,2742
010120,2026-03-25,09:25:00,173800,175000,173600,174200,13810,2407770000,1238,1524
010120,2026-03-25,09:30:00,174400,175400,174200,174600,14495,2534140000,1598,1301
010120,2026-03-25,09:35:00,174800,175000,174400,175000,6320,1104570000,870,394
010120,2026-03-25,09:40:00,175000,175000,173400,173600,13125,2284320000,1147,1478
010120,2026-03-25,09:45:00,173600,174000,173200,173800,8225,1427510000,834,811
010120,2026-03-25,09:50:00,173800,174200,173600,174000,6760,1175830000,691,661
010120,2026-03-25,09:55:00,174000,174000,172400,173000,11010,1905210000,908,1294
010120,2026-03-25,10:00:00,173000,173200,172600,173000,3640,629300000,338,390
010120,2026-03-25,10:05:00,173200,173200,172400,172400,4385,757260000,279,598
010120,2026-03-25,10:10:00,172600,172800,172200,172600,4530,781570000,363,543
010120,2026-03-25,10:15:00,172600,173200,172200,172400,7315,1263380000,788,675
010120,2026-03-25,10:20:00,172600,173000,172200,172200,3715,641120000,354,389
010120,2026-03-25,10:25:00,172200,172800,172000,172200,5520,951600000,383,721
010120,2026-03-25,10:30:00,172600,172600,171800,172000,5475,942350000,391,704
010120,2026-03-25,10:35:00,172000,172600,172000,172600,6060,1044210000,567,645
010120,2026-03-25,10:40:00,172600,173400,172400,173200,14190,2455870000,1174,1664
010120,2026-03-25,10:45:00,173000,173200,172200,172400,7825,1352910000,677,888
010120,2026-03-25,10:50:00,172400,172800,172200,172800,3665,632150000,346,387
010120,2026-03-25,10:55:00,172400,173000,172400,173000,2715,469140000,355,188
010120,2026-03-25,11:00:00,172800,173200,172400,172400,4645,803150000,383,546
010120,2026-03-25,11:05:00,172400,172400,171000,171200,9115,1563720000,777,1046
010120,2026-03-25,11:10:00,171200,171400,170400,170600,10185,1739690000,969,1068
010120,2026-03-25,11:15:00,170600,170800,169400,169800,16940,2879360000,1485,1903
010120,2026-03-25,11:20:00,169800,170000,169200,169600,10225,1734240000,902,1143
010120,2026-03-25,11:25:00,169400,170000,169000,169600,5225,885680000,345,700
010120,2026-03-25,11:30:00,169800,170400,169600,169800,6785,1154080000,818,539
010120,2026-03-25,11:35:00,169800,170000,169600,169800,1965,333750000,215,178
010120,2026-03-25,11:40:00,170000,170200,169400,169600,2830,480380000,219,347
010120,2026-03-25,11:45:00,169600,169600,168400,168400,6555,1107580000,210,1101
010120,2026-03-25,11:50:00,168400,169000,167400,167600,7780,1307480000,481,1075
010120,2026-03-25,11:55:00,167800,167800,167000,167200,6900,1155080000,432,948
010120,2026-03-25,12:00:00,167200,167600,166600,167200,6595,1102020000,764,555
010120,2026-03-25,12:05:00,167400,167800,167000,167600,4880,817520000,519,457
010120,2026-03-25,12:10:00,167600,168400,167400,168200,4370,734250000,501,373
010120,2026-03-25,12:15:00,168200,168200,167000,167200,5250,880420000,348,702
010120,2026-03-25,12:20:00,167000,167800,166800,167800,6345,1061330000,482,787
010120,2026-03-25,12:25:00,167800,168000,167400,167600,6010,1008700000,375,827
010120,2026-03-25,12:30:00,167500,167800,167400,167600,2580,432430000,197,319
010120,2026-03-25,12:35:00,167800,167800,167200,167200,2570,430430000,212,302
010120,2026-03-25,12:40:00,167400,167800,167200,167400,4635,776210000,497,430
010120,2026-03-25,12:45:00,167200,167600,167200,167200,2270,380010000,214,240
010120,2026-03-25,12:50:00,167400,167600,166800,167000,5695,951990000,255,884
010120,2026-03-25,12:55:00,167000,167600,166800,167400,3465,579350000,425,268
010120,2026-03-25,13:00:00,167600,167800,167200,167400,2455,411240000,243,248
010120,2026-03-25,13:05:00,167400,167800,167200,167200,2360,395100000,156,316
010120,2026-03-25,13:10:00,167400,167800,167000,167400,4020,672560000,415,389
010120,2026-03-25,13:15:00,167400,167600,166600,167000,7500,1252010000,617,883
010120,2026-03-25,13:20:00,167000,167400,166600,167400,4570,762470000,598,316
010120,2026-03-25,13:25:00,167200,168400,167200,168000,6240,1047290000,879,369
010120,2026-03-25,13:30:00,168200,169000,168000,168800,9625,1623190000,945,980
010120,2026-03-25,13:35:00,168600,169200,168600,169100,6085,1028700000,780,437
010120,2026-03-25,13:40:00,169100,169200,168400,169000,8830,1489260000,452,1314
010120,2026-03-25,13:45:00,169000,169600,168600,169400,7205,1217040000,1040,401
010120,2026-03-25,13:50:00,169400,170400,168800,170200,11175,1895990000,1511,724
010120,2026-03-25,13:55:00,170000,170400,169000,169200,10835,1838900000,865,1302
010120,2026-03-25,14:00:00,169200,169600,169000,169200,5230,885580000,578,468
010120,2026-03-25,14:05:00,169400,169800,168400,168400,7495,1267480000,643,856
010120,2026-03-25,14:10:00,168600,168800,168000,168600,7385,1244010000,616,861
010120,2026-03-25,14:15:00,168600,168800,168000,168400,5225,879320000,453,592
010120,2026-03-25,14:20:00,168400,168400,167800,168200,5045,848270000,468,541
010120,2026-03-25,14:25:00,168000,169200,167800,168800,7670,1290800000,842,692
010120,2026-03-25,14:30:00,168800,169000,167800,168000,4905,826120000,518,463
010120,2026-03-25,14:35:00,168000,168600,167600,167800,6635,1114920000,770,557
010120,2026-03-25,14:40:00,167800,169000,167600,168800,7155,1203660000,924,507
010120,2026-03-25,14:45:00,168800,168800,168200,168800,7630,1285560000,731,795
010120,2026-03-25,14:50:00,168800,169300,168400,168400,7385,1245340000,710,767
010120,2026-03-25,14:55:00,168400,168800,168000,168000,6450,1086400000,674,616
010120,2026-03-25,15:00:00,168000,168400,167800,168200,9645,1620840000,1135,794
010120,2026-03-25,15:05:00,168200,168800,168200,168400,5300,892870000,509,551
010120,2026-03-25,15:10:00,168400,168600,168200,168200,4915,827480000,426,557
010120,2026-03-25,15:15:00,168200,168600,167800,168600,6585,1107960000,809,508
010120,2026-03-25,15:20:00,168400,169000,168400,169000,5925,1000050000,844,341
010120,2026-03-25,15:30:00,168800,168800,168800,168800,20180,3406380000,4034,0
010120,2026-03-26,09:05:00,170800,172200,169200,171000,23315,3977050000,2714,1949
010120,2026-03-26,09:10:00,170800,171600,170200,170800,14920,2549460000,1342,1642
010120,2026-03-26,09:15:00,170800,171400,170000,170600,8710,1484920000,895,847
010120,2026-03-26,09:20:00,170600,171800,170000,171000,7525,1286210000,957,548
010120,2026-03-26,09:25:00,171000,171400,170400,170600,7470,1275420000,465,1029
010120,2026-03-26,09:30:00,170600,170800,170000,170200,3605,614210000,251,470
010120,2026-03-26,09:35:00,170200,170600,169600,170400,6295,1070300000,572,687
010120,2026-03-26,09:40:00,170400,171000,170000,170200,6345,1081880000,777,492
010120,2026-03-26,09:45:00,170000,170000,169200,169200,3420,579750000,240,444
010120,2026-03-26,09:50:00,169200,170000,168800,169800,6130,1036780000,440,786
010120,2026-03-26,09:55:00,169800,169800,167800,168200,10550,1778510000,648,1462
010120,2026-03-26,10:00:00,168200,169600,168100,169000,5315,896440000,724,339
010120,2026-03-26,10:05:00,168800,170400,168800,170000,4335,736310000,539,328
010120,2026-03-26,10:10:00,170000,170800,169200,169600,3015,512220000,362,241
010120,2026-03-26,10:15:00,169600,170400,169400,169600,4145,703830000,504,325
010120,2026-03-26,10:20:00,169600,169600,168600,168600,3405,575750000,295,386
010120,2026-03-26,10:25:00,168800,170200,168600,169400,6955,1177440000,808,583
010120,2026-03-26,10:30:00,169400,170800,169000,169600,9435,1603620000,1392,495
010120,2026-03-26,10:35:00,169600,171000,169200,170000,5390,916840000,685,393
010120,2026-03-26,10:40:00,170000,171000,169600,170400,6070,1033980000,893,321
010120,2026-03-26,10:45:00,170200,171400,170000,170600,7215,1231480000,559,884
010120,2026-03-26,10:50:00,170400,170800,169800,170400,6600,1123340000,506,814
010120,2026-03-26,10:55:00,170600,170600,169400,169800,2275,386880000,94,361
010120,2026-03-26,11:00:00,169600,170400,169200,170400,4365,741190000,465,408
010120,2026-03-26,11:05:00,170200,171000,170200,170800,5480,935530000,694,402
010120,2026-03-26,11:10:00,170800,170800,169400,169400,2500,425430000,129,371
010120,2026-03-26,11:15:00,169600,169800,169000,169000,3495,592100000,260,439
010120,2026-03-26,11:20:00,169200,169200,168000,168000,5950,1002470000,223,967
010120,2026-03-26,11:25:00,168000,168600,167000,167400,9480,1589940000,475,1421
010120,2026-03-26,11:30:00,167200,167800,167200,167400,6905,1155580000,633,748
010120,2026-03-26,11:35:00,167200,167200,165600,166200,12505,2081570000,880,1621
010120,2026-03-26,11:40:00,166200,166800,165800,166200,5445,905480000,561,528
010120,2026-03-26,11:45:00,166000,167200,166000,167000,4870,811080000,474,500
010120,2026-03-26,11:50:00,167000,167400,166200,166400,5000,833620000,304,696
010120,2026-03-26,11:55:00,166600,167400,166200,167000,4530,755230000,540,366
010120,2026-03-26,12:00:00,167000,167200,166800,166800,1630,272210000,108,218
010120,2026-03-26,12:05:00,166800,168000,166800,167800,5810,972620000,566,596
010120,2026-03-26,12:10:00,168000,168200,167400,167800,2850,478350000,289,281
010120,2026-03-26,12:15:00,167800,168800,167400,168400,3130,525900000,423,203
010120,2026-03-26,12:20:00,168600,168600,167800,168000,10210,1718160000,650,1392
010120,2026-03-26,12:25:00,167800,168400,167800,168400,2665,447730000,278,255
010120,2026-03-26,12:30:00,168000,168600,168000,168600,1545,260020000,146,163
010120,2026-03-26,12:35:00,168600,169800,168400,169800,4750,804140000,639,311
010120,2026-03-26,12:40:00,169800,170200,169400,169800,6735,1143370000,671,676
010120,2026-03-26,12:45:00,169800,170000,169200,169600,4255,722300000,360,491
010120,2026-03-26,12:50:00,169600,169800,169000,169200,3910,662490000,381,401
010120,2026-03-26,12:55:00,169400,169600,168800,169400,2325,393320000,225,240
010120,2026-03-26,13:00:00,169000,169600,169000,169600,2505,423990000,188,313
010120,2026-03-26,13:05:00,169400,170000,169200,169200,5495,931550000,630,469
010120,2026-03-26,13:10:00,169200,170000,169000,170000,3270,554820000,293,361
010120,2026-03-26,13:15:00,170200,170400,169600,169800,4065,690920000,294,519
010120,2026-03-26,13:20:00,170000,170200,169200,169600,2005,340460000,149,252
010120,2026-03-26,13:25:00,169200,170200,169200,170000,5155,875260000,582,449
010120,2026-03-26,13:30:00,170000,170200,169200,169400,3225,547170000,254,391
010120,2026-03-26,13:35:00,169600,169600,168400,168400,6315,1067350000,456,807
010120,2026-03-26,13:40:00,168400,168600,168000,168000,3560,598870000,348,364
010120,2026-03-26,13:45:00,168000,168400,167800,168000,4470,751170000,241,653
010120,2026-03-26,13:50:00,168000,168400,167600,168000,4480,752110000,340,556
010120,2026-03-26,13:55:00,167800,168200,167400,167400,2515,421820000,82,421
010120,2026-03-26,14:00:00,167600,168000,167400,167400,3275,549120000,234,421
010120,2026-03-26,14:05:00,167600,168000,167200,168000,5060,847760000,321,691
010120,2026-03-26,14:10:00,167800,168000,167200,167400,2830,473990000,106,460
010120,2026-03-26,14:15:00,167400,167600,166800,167200,5280,882110000,487,569
010120,2026-03-26,14:20:00,167200,167200,166800,167000,3705,618600000,188,553
010120,2026-03-26,14:25:00,167000,167200,166600,166800,4095,683550000,173,646
010120,2026-03-26,14:30:00,166800,167000,166200,166600,7100,1182190000,588,832
010120,2026-03-26,14:35:00,166600,166800,166200,166600,6925,1151970000,460,925
010120,2026-03-26,14:40:00,166600,167200,166500,166800,11430,1909190000,1759,527
010120,2026-03-26,14:45:00,166800,167400,166400,166600,9630,1605550000,947,979
010120,2026-03-26,14:50:00,166600,166600,166000,166000,5055,840900000,450,561
010120,2026-03-26,14:55:00,166000,166200,165400,165600,9145,1516000000,257,1572
010120,2026-03-26,15:00:00,165400,166000,165400,165800,9015,1494230000,797,1006
010120,2026-03-26,15:05:00,165800,166200,165600,166000,7135,1183680000,818,609
010120,2026-03-26,15:10:00,166200,166200,165400,165600,10855,1798700000,1458,713
010120,2026-03-26,15:15:00,165600,166200,165400,166000,6600,1093560000,669,651
010120,2026-03-26,15:20:00,166000,166800,166000,166800,5380,895770000,496,580
010120,2026-03-26,15:30:00,166800,166800,166800,166800,30535,5093240000,6094,0
010120,2026-03-27,09:05:00,160600,162000,159600,159800,28375,4552850000,2638,3037
010120,2026-03-27,09:10:00,159600,159800,157600,157800,40720,6444630000,2749,5395
010120,2026-03-27,09:15:00,157800,157800,156000,156000,23640,3707220000,1067,3661
010120,2026-03-27,09:20:00,156200,156200,153600,154400,65725,10168350000,5544,7601
010120,2026-03-27,09:25:00,154400,155400,154000,154400,31465,4867650000,3114,3179
010120,2026-03-27,09:30:00,154400,155400,154000,154400,23030,3560070000,2719,1887
010120,2026-03-27,09:35:00,154600,155600,154200,154800,20990,3252410000,2069,2129
010120,2026-03-27,09:40:00,154700,155000,154200,154400,16785,2595640000,1475,1882
010120,2026-03-27,09:45:00,154400,154400,154000,154000,12800,1973150000,505,2055
010120,2026-03-27,09:50:00,154000,154200,152600,152800,42590,6532690000,2274,6244
010120,2026-03-27,09:55:00,152800,153600,152400,152600,14405,2202150000,789,2092
010120,2026-03-27,10:00:00,152600,154000,152600,153800,11940,1831780000,826,1562
010120,2026-03-27,10:05:00,153600,155400,153600,155200,14615,2257380000,1771,1152
010120,2026-03-27,10:10:00,155400,156000,155200,155800,12250,1907950000,1269,1181
010120,2026-03-27,10:15:00,156000,156400,155600,156000,13080,2041420000,1233,1383
010120,2026-03-27,10:20:00,156000,157000,155800,156800,8440,1320320000,921,767
010120,2026-03-27,10:25:00,156800,157400,156600,157200,10430,1638180000,849,1237
010120,2026-03-27,10:30:00,157200,157200,156200,157000,12110,1898920000,870,1552
010120,2026-03-27,10:35:00,157000,157800,156600,157400,8915,1403160000,929,854
010120,2026-03-27,10:40:00,157400,157800,156600,157000,13790,2165890000,790,1968
010120,2026-03-27,10:45:00,157000,157200,156200,156200,9190,1440380000,338,1500
010120,2026-03-27,10:50:00,156200,156400,155600,156000,12675,1976950000,615,1920
010120,2026-03-27,10:55:00,156200,156200,155400,155600,12035,1873030000,566,1841
010120,2026-03-27,11:00:00,155600,156600,155600,156400,7170,1119290000,594,840
010120,2026-03-27,11:05:00,156600,157200,156200,156600,9475,1485570000,763,1132
010120,2026-03-27,11:10:00,156600,156600,155400,155800,7485,1167330000,451,1046
010120,2026-03-27,11:15:00,155800,155800,154800,154800,13185,2045880000,489,2148
010120,2026-03-27,11:20:00,154800,155800,154600,155600,13740,2130290000,998,1750
010120,2026-03-27,11:25:00,155400,155600,154600,155200,4535,702890000,323,584
010120,2026-03-27,11:30:00,155000,155400,154800,155400,4415,684840000,379,504
010120,2026-03-27,11:35:00,155400,156200,155000,156000,10380,1616370000,611,1465
010120,2026-03-27,11:40:00,156000,156200,155600,156000,3980,620480000,346,450
010120,2026-03-27,11:45:00,156000,156400,156000,156400,3300,515510000,184,476
010120,2026-03-27,11:50:00,156400,156600,156000,156000,4285,669710000,391,466
010120,2026-03-27,11:55:00,156000,156600,156000,156200,8055,1258870000,817,794
010120,2026-03-27,12:00:00,156000,156400,155800,156200,5040,786780000,332,676
010120,2026-03-27,12:05:00,156200,156800,156000,156400,4835,755700000,448,519
010120,2026-03-27,12:10:00,156400,156600,156000,156000,3885,606680000,274,503
010120,2026-03-27,12:15:00,156200,156600,156000,156200,5780,903610000,683,473
010120,2026-03-27,12:20:00,156200,156600,156000,156000,3990,623330000,377,421
010120,2026-03-27,12:25:00,156200,156600,155600,155800,4960,774050000,352,640
010120,2026-03-27,12:30:00,155600,155800,155200,155400,11495,1786790000,712,1587
010120,2026-03-27,12:35:00,155400,156400,155400,156400,5730,893480000,658,488
010120,2026-03-27,12:40:00,156400,157000,156000,157000,7375,1154390000,738,737
010120,2026-03-27,12:45:00,157000,157600,156800,157200,9200,1446940000,1187,653
010120,2026-03-27,12:50:00,157200,157600,157000,157200,5595,879710000,552,567
010120,2026-03-27,12:55:00,157400,158000,157200,157800,5105,804880000,551,470
010120,2026-03-27,13:00:00,158000,158800,157800,158800,6590,1042520000,962,356
010120,2026-03-27,13:05:00,158800,158800,157600,158000,15065,2382260000,1439,1574
010120,2026-03-27,13:10:00,158000,158000,157400,157600,4615,727680000,401,522
010120,2026-03-27,13:15:00,157600,158800,157600,158000,5285,836170000,610,447
010120,2026-03-27,13:20:00,158000,159000,158000,158800,4445,705020000,654,235
010120,2026-03-27,13:25:00,159000,159600,158800,159400,4845,771450000,690,279
010120,2026-03-27,13:30:00,159400,159800,159000,159600,7085,1129590000,662,755
010120,2026-03-27,13:35:00,159600,160400,159200,160400,11935,1906910000,1435,952
010120,2026-03-27,13:40:00,160200,160600,159600,160600,6260,1001970000,611,641
010120,2026-03-27,13:45:00,160400,160800,160000,160200,9360,1500950000,644,1228
010120,2026-03-27,13:50:00,160200,160400,160000,160400,3440,551230000,247,441
010120,2026-03-27,13:55:00,160400,160600,160000,160000,7610,1219180000,724,798
010120,2026-03-27,14:00:00,160200,161800,160000,161800,10350,1666670000,1235,835
010120,2026-03-27,14:05:00,161400,162200,161400,162200,9305,1505620000,1400,461
010120,2026-03-27,14:10:00,162000,162200,161600,162200,5885,952860000,630,547
010120,2026-03-27,14:15:00,162200,162400,162000,162200,6245,1013060000,573,676
010120,2026-03-27,14:20:00,162400,162600,162000,162000,9640,1563860000,654,1274
010120,2026-03-27,14:25:00,162200,162200,160600,160800,11310,1827370000,535,1727
010120,2026-03-27,14:30:00,160600,160800,160000,160400,13175,2112380000,967,1668
010120,2026-03-27,14:35:00,160600,161000,159800,161000,9605,1540150000,831,1090
010120,2026-03-27,14:40:00,160800,161000,160200,160800,4025,646800000,392,413
010120,2026-03-27,14:45:00,160800,161400,160600,160800,5760,927750000,494,658
010120,2026-03-27,14:50:00,160600,160800,160400,160400,3255,522580000,287,364
010120,2026-03-27,14:55:00,160400,160600,160400,160600,3065,492020000,395,218
010120,2026-03-27,15:00:00,160600,160800,160200,160400,9055,1453260000,1177,634
010120,2026-03-27,15:05:00,160400,161000,160200,161000,5490,882270000,711,387
010120,2026-03-27,15:10:00,160800,160800,160200,160400,5130,823220000,582,444
010120,2026-03-27,15:15:00,160400,160600,160200,160400,4820,773220000,474,490
010120,2026-03-27,15:20:00,160200,160600,160000,160400,8545,1369450000,428,1281
010120,2026-03-27,15:30:00,160200,160200,160200,160200,25770,4128350000,5111,0
010120,2026-03-30,09:05:00,149800,151600,149400,149400,35490,5326210000,4831,2267
010120,2026-03-30,09:10:00,149600,151600,149600,151000,15910,2396500000,1797,1385
010120,2026-03-30,09:15:00,151000,152000,150800,152000,10360,1570900000,1038,1034
010120,2026-03-30,09:20:00,152000,153000,151000,152800,22605,3432150000,2097,2424
010120,2026-03-30,09:25:00,152900,153800,152200,152800,12380,1893990000,1413,1063
010120,2026-03-30,09:30:00,152600,153800,152600,152800,11845,1813650000,1071,1298
010120,2026-03-30,09:35:00,153000,153600,152400,153200,16510,2524870000,1633,1669
010120,2026-03-30,09:40:00,153000,154000,152800,153600,29380,4507070000,4323,1553
010120,2026-03-30,09:45:00,153600,155600,153000,155400,18525,2848560000,2509,1196
010120,2026-03-30,09:50:00,155400,156000,155000,155200,13985,2174230000,1443,1354
010120,2026-03-30,09:55:00,155200,155400,153800,154000,10095,1559690000,1102,917
010120,2026-03-30,10:00:00,154000,155000,153800,155000,7740,1194930000,800,748
010120,2026-03-30,10:05:00,154800,155600,154200,154400,9500,1473450000,784,1116
010120,2026-03-30,10:10:00,154200,154400,154000,154400,2915,449440000,277,306
010120,2026-03-30,10:15:00,154400,155000,154200,154200,7740,1196880000,623,925
010120,2026-03-30,10:20:00,154200,154600,153600,154000,5200,801110000,331,709
010120,2026-03-30,10:25:00,154000,154200,153400,153400,4775,734020000,410,545
010120,2026-03-30,10:30:00,153400,153800,153000,153200,6765,1037360000,757,596
010120,2026-03-30,10:35:00,153200,156200,153200,156000,12815,1985170000,2037,526
010120,2026-03-30,10:40:00,156000,156000,155200,155600,5125,797530000,318,707
010120,2026-03-30,10:45:00,155600,157000,155600,156800,10895,1703190000,1190,989
010120,2026-03-30,10:50:00,156600,157000,156400,156800,7155,1120920000,587,844
010120,2026-03-30,10:55:00,157000,157400,155200,155200,11375,1776630000,956,1319
010120,2026-03-30,11:00:00,155400,155800,154800,154800,4235,658010000,295,552
010120,2026-03-30,11:05:00,154800,155200,154400,154600,5950,921700000,533,657
010120,2026-03-30,11:10:00,154600,155200,154600,154800,3780,585580000,395,361
010120,2026-03-30,11:15:00,154800,156200,154800,156000,5520,857630000,755,349
010120,2026-03-30,11:20:00,156000,156200,154600,154600,4705,730670000,209,732
010120,2026-03-30,11:25:00,154800,154800,154000,154200,7510,1159180000,445,1057
010120,2026-03-30,11:30:00,154200,154600,154000,154200,3370,519650000,109,565
010120,2026-03-30,11:35:00,154000,154200,153600,153600,6285,967520000,406,851
010120,2026-03-30,11:40:00,153600,154000,153600,154000,3000,461250000,139,461
010120,2026-03-30,11:45:00,153800,154600,153800,154000,5980,921570000,641,555
010120,2026-03-30,11:50:00,154200,155400,153800,155200,7400,1143310000,834,646
010120,2026-03-30,11:55:00,155000,156600,154600,155200,6580,1022020000,788,528
010120,2026-03-30,12:00:00,155200,155600,155200,155600,2640,410220000,312,216
010120,2026-03-30,12:05:00,155400,155600,155200,155600,3140,488080000,255,373
010120,2026-03-30,12:10:00,155600,156400,155400,156200,6425,1002230000,873,412
010120,2026-03-30,12:15:00,156400,156800,156000,156000,6760,1057230000,606,746
010120,2026-03-30,12:20:00,156200,156600,155600,156200,9305,1453820000,1014,847
010120,2026-03-30,12:25:00,156400,156800,156200,156400,8215,1284540000,733,910
010120,2026-03-30,12:30:00,156200,156400,155200,155400,8685,1353250000,490,1247
010120,2026-03-30,12:35:00,155400,155600,154600,155000,7425,1151420000,490,995
010120,2026-03-30,12:40:00,155000,155200,154400,155200,7120,1101910000,490,934
010120,2026-03-30,12:45:00,155200,155800,154800,155400,5925,920350000,431,754
010120,2026-03-30,12:50:00,155400,155600,154800,155200,6360,986470000,505,767
010120,2026-03-30,12:55:00,155200,155600,154800,154800,4300,666660000,328,532
010120,2026-03-30,13:00:00,154800,155400,154400,155000,7370,1140950000,481,993
010120,2026-03-30,13:05:00,155000,155400,154600,155000,3655,566710000,268,463
010120,2026-03-30,13:10:00,155200,155800,155000,155400,4590,713180000,336,582
010120,2026-03-30,13:15:00,155200,155400,154600,154600,4800,743480000,251,709
010120,2026-03-30,13:20:00,154600,155200,154600,155200,3490,540410000,365,333
010120,2026-03-30,13:25:00,155000,155400,154800,155200,3210,497960000,216,426
010120,2026-03-30,13:30:00,155400,155800,155200,155400,3300,513150000,244,416
010120,2026-03-30,13:35:00,155400,156200,155400,155800,5845,910520000,649,520
010120,2026-03-30,13:40:00,155800,155800,155200,155200,3780,587790000,170,586
010120,2026-03-30,13:45:00,155200,155400,155000,155000,4790,743800000,453,505
010120,2026-03-30,13:50:00,155000,155000,154600,154800,5745,889350000,446,703
010120,2026-03-30,13:55:00,154800,155000,154200,154200,4635,716210000,246,681
010120,2026-03-30,14:00:00,154400,155200,154400,155200,6645,1028250000,700,629
010120,2026-03-30,14:05:00,155200,155200,154600,154600,3730,577760000,168,578
010120,2026-03-30,14:10:00,154800,155200,154600,155200,8715,1349950000,1262,481
010120,2026-03-30,14:15:00,155000,155200,154600,154600,2885,447150000,101,476
010120,2026-03-30,14:20:00,154800,155000,154600,154800,4675,723890000,515,420
010120,2026-03-30,14:25:00,154800,155000,154600,154800,4915,761100000,413,570
010120,2026-03-30,14:30:00,155000,155400,154800,155400,4005,621200000,547,254
010120,2026-03-30,14:35:00,155400,155800,155200,155800,7270,1130060000,839,615
010120,2026-03-30,14:40:00,155800,155800,155000,155200,8455,1313330000,617,1074
010120,2026-03-30,14:45:00,155200,155400,155000,155000,5320,825230000,540,524
010120,2026-03-30,14:50:00,155000,155200,154400,154600,7745,1199180000,443,1106
010120,2026-03-30,14:55:00,154600,155000,154400,154600,4935,763520000,498,489
010120,2026-03-30,15:00:00,154600,154800,154400,154800,5830,901330000,283,883
010120,2026-03-30,15:05:00,154600,154800,154400,154600,5220,806800000,601,443
010120,2026-03-30,15:10:00,154800,154800,154400,154600,5480,847040000,418,678
010120,2026-03-30,15:15:00,154600,154600,154200,154400,8360,1290300000,691,981
010120,2026-03-30,15:20:00,154400,154800,154200,154600,11805,1823100000,877,1484
010120,2026-03-30,15:30:00,155000,155000,155000,155000,42135,6530920000,8390,0
010120,2026-03-31,09:05:00,150400,153200,150400,152200,26290,3991110000,3071,2187
010120,2026-03-31,09:10:00,152200,153000,150200,150600,11215,1698010000,745,1498
010120,2026-03-31,09:15:00,150600,150600,149000,149200,23405,3501810000,1620,3061
010120,2026-03-31,09:20:00,149400,149400,146000,147000,36180,5335140000,2339,4897
010120,2026-03-31,09:25:00,147200,148000,146400,147000,16125,2372740000,1495,1730
010120,2026-03-31,09:30:00,147000,148400,146400,148400,16415,2421080000,1728,1555
010120,2026-03-31,09:35:00,148200,148600,146600,146600,12270,1810570000,817,1637
010120,2026-03-31,09:40:00,146600,147800,146600,147000,13965,2054490000,2062,731
010120,2026-03-31,09:45:00,147200,148600,146400,148600,17865,2629910000,1489,2084
010120,2026-03-31,09:50:00,148600,150200,148400,149400,19350,2891420000,2104,1766
010120,2026-03-31,09:55:00,149400,150000,149000,149600,9455,1413670000,1175,716
010120,2026-03-31,10:00:00,149600,149600,148400,149400,8340,1242550000,891,777
010120,2026-03-31,10:05:00,149400,150400,148400,148800,10140,1514080000,1023,1005
010120,2026-03-31,10:10:00,148600,148800,147000,147000,10855,1605900000,489,1682
010120,2026-03-31,10:15:00,147000,147800,147000,147200,7930,1167920000,735,851
010120,2026-03-31,10:20:00,147200,148400,147000,147800,9710,1434550000,1227,715
010120,2026-03-31,10:25:00,147600,149600,147600,149400,8850,1317070000,1168,602
010120,2026-03-31,10:30:00,149200,149600,148800,149400,8120,1211530000,919,705
010120,2026-03-31,10:35:00,149400,151000,149200,150800,15760,2366960000,2350,802
010120,2026-03-31,10:40:00,150800,151200,150400,151200,9965,1503590000,1151,842
010120,2026-03-31,10:45:00,151000,151200,150600,150800,10050,1516810000,1314,696
010120,2026-03-31,10:50:00,150600,151400,150000,150000,9955,1499950000,938,1053
010120,2026-03-31,10:55:00,150200,151400,150000,151400,10230,1543340000,1280,766
010120,2026-03-31,11:00:00,151400,151400,150400,150600,8665,1307090000,899,834
010120,2026-03-31,11:05:00,150400,150800,150000,150200,6905,1038650000,861,520
010120,2026-03-31,11:10:00,150000,151000,150000,151000,7210,1085310000,973,469
010120,2026-03-31,11:15:00,150800,151000,150200,150400,3925,590990000,427,358
010120,2026-03-31,11:20:00,150600,150800,149600,150200,10405,1562010000,476,1605
010120,2026-03-31,11:25:00,150000,150400,149200,149400,6245,935260000,409,840
010120,2026-03-31,11:30:00,149200,149600,148400,148800,10835,1613890000,538,1629
010120,2026-03-31,11:35:00,148800,149400,148400,148400,4955,737580000,451,540
010120,2026-03-31,11:40:00,148800,149600,148400,148600,4845,721340000,326,643
010120,2026-03-31,11:45:00,148600,148800,147800,147800,6580,975700000,396,920
010120,2026-03-31,11:50:00,147800,148800,147800,148800,5680,841790000,698,438
010120,2026-03-31,11:55:00,148400,149400,148400,148800,3980,593190000,326,470
010120,2026-03-31,12:00:00,148800,149000,148000,148600,4620,686700000,423,501
010120,2026-03-31,12:05:00,148400,148600,148000,148600,6045,897240000,724,485
010120,2026-03-31,12:10:00,148600,149400,148400,149000,5415,806240000,746,337
010120,2026-03-31,12:15:00,149000,149600,148800,148800,8715,1299020000,850,893
010120,2026-03-31,12:20:00,148800,149000,148400,148800,3700,550070000,273,467
010120,2026-03-31,12:25:00,148600,148800,148200,148400,4855,720850000,432,539
010120,2026-03-31,12:30:00,148200,148800,147800,148000,16320,2419200000,1049,2215
010120,2026-03-31,12:35:00,148000,148200,147000,147400,12280,1811150000,676,1780
010120,2026-03-31,12:40:00,147400,147600,147000,147400,8125,1196290000,916,709
010120,2026-03-31,12:45:00,147200,147600,146600,146600,12370,1817530000,784,1690
010120,2026-03-31,12:50:00,146400,146800,146200,146400,6740,987330000,486,862
010120,2026-03-31,12:55:00,146200,146800,146000,146400,13305,1947730000,1068,1593
010120,2026-03-31,13:00:00,146400,147000,146200,146200,5080,744140000,393,623
010120,2026-03-31,13:05:00,146400,146400,145600,146000,20115,2936720000,945,3078
010120,2026-03-31,13:10:00,145600,146000,145600,145600,8570,1248980000,784,930
010120,2026-03-31,13:15:00,145600,145800,145000,145000,8920,1297070000,404,1380
010120,2026-03-31,13:20:00,145000,145600,144200,145200,22300,3231730000,1648,2812
010120,2026-03-31,13:25:00,145200,146200,145000,145400,10635,1547300000,1206,921
010120,2026-03-31,13:30:00,145400,145800,145000,145200,6445,936430000,599,690
010120,2026-03-31,13:35:00,145200,146000,145200,145800,7140,1039720000,816,612
010120,2026-03-31,13:40:00,145800,145800,145200,145200,9430,1372510000,946,940
010120,2026-03-31,13:45:00,145200,145400,144600,145000,9915,1437420000,778,1205
010120,2026-03-31,13:50:00,145000,145400,144600,144800,6425,931570000,689,596
010120,2026-03-31,13:55:00,144800,145200,144000,144600,21235,3070180000,1437,2810
010120,2026-03-31,14:00:00,144600,144800,144000,144400,16685,2407670000,1235,2102
010120,2026-03-31,14:05:00,144400,145600,144400,145000,10240,1484270000,1065,983
010120,2026-03-31,14:10:00,145200,145400,144200,144400,8705,1260610000,806,935
010120,2026-03-31,14:15:00,144600,145200,144000,144200,13880,2005680000,893,1883
010120,2026-03-31,14:20:00,144200,144800,143600,144200,16570,2388140000,1651,1663
010120,2026-03-31,14:25:00,144200,145600,144200,145600,13885,2014080000,2043,734
010120,2026-03-31,14:30:00,145400,146000,145200,145400,12305,1791480000,1716,745
010120,2026-03-31,14:35:00,145200,145400,144200,145000,9625,1394200000,1013,912
010120,2026-03-31,14:40:00,144800,145400,144400,144600,15475,2241850000,2025,1070
010120,2026-03-31,14:45:00,144600,145000,144400,144800,12070,1747380000,1443,971
010120,2026-03-31,14:50:00,145000,145600,144800,145400,16980,2466370000,2387,1009
010120,2026-03-31,14:55:00,145400,145800,145200,145200,9135,1329140000,811,1016
010120,2026-03-31,15:00:00,145200,145600,144600,144800,13430,1947900000,1202,1484
010120,2026-03-31,15:05:00,144800,145000,143600,144000,18030,2600270000,1425,2181
010120,2026-03-31,15:10:00,144000,144200,143200,143400,22695,3259800000,1970,2569
010120,2026-03-31,15:15:00,143400,143800,143000,143000,18830,2700210000,1629,2137
010120,2026-03-31,15:20:00,143200,144000,143000,143600,29710,4264380000,3432,2510
010120,2026-03-31,15:30:00,143600,143600,143600,143600,128615,18469110000,25693,0
010120,2026-04-01,09:05:00,154000,156000,153400,153800,65770,10166260000,9142,4012
010120,2026-04-01,09:10:00,153600,154800,152400,152600,19495,2994100000,1741,2158
010120,2026-04-01,09:15:00,152600,153800,151600,153000,23245,3551310000,2544,2105
010120,2026-04-01,09:20:00,152800,153800,152400,153600,14655,2243370000,2161,770
010120,2026-04-01,09:25:00,153600,153600,152200,152400,14660,2240090000,1470,1462
010120,2026-04-01,09:30:00,152400,153800,152400,153600,10160,1555400000,1311,721
010120,2026-04-01,09:35:00,153800,154000,153000,153200,12455,1911680000,1547,944
010120,2026-04-01,09:40:00,153000,154200,153000,154200,12050,1853190000,1721,689
010120,2026-04-01,09:45:00,154200,155000,154000,154200,24355,3764240000,3377,1494
010120,2026-04-01,09:50:00,154000,154600,153800,154400,8235,1269130000,1334,313
010120,2026-04-01,09:55:00,154600,155400,154200,155200,13285,2057080000,1547,1110
010120,2026-04-01,10:00:00,155200,155600,154400,155400,17995,2792260000,1751,1848
010120,2026-04-01,10:05:00,155600,155600,154000,154000,12860,1990210000,1219,1353
010120,2026-04-01,10:10:00,154000,154600,153400,154400,9265,1425820000,881,972
010120,2026-04-01,10:15:00,154600,155400,154400,155200,8310,1288640000,1088,574
010120,2026-04-01,10:20:00,155000,155600,155000,155400,7800,1211120000,774,786
010120,2026-04-01,10:25:00,155600,156400,155400,156200,19615,3056950000,3192,731
010120,2026-04-01,10:30:00,156300,156600,155800,156000,13910,2172660000,1511,1271
010120,2026-04-01,10:35:00,156000,156400,155400,155600,8455,1318850000,861,830
010120,2026-04-01,10:40:00,155600,156600,155400,155800,19535,3044570000,2830,1077
010120,2026-04-01,10:45:00,155800,156200,155600,156200,6765,1054820000,795,558
010120,2026-04-01,10:50:00,156100,156600,155800,156600,10590,1653960000,1367,751
010120,2026-04-01,10:55:00,156600,157000,156400,157000,7990,1252050000,1069,529
010120,2026-04-01,11:00:00,157000,157800,156800,157600,8935,1405620000,1452,335
010120,2026-04-01,11:05:00,157600,158200,157600,158000,11630,1836510000,1595,731
010120,2026-04-01,11:10:00,158000,158200,157000,157200,8685,1369920000,831,906
010120,2026-04-01,11:15:00,157200,157600,157000,157600,7595,1194800000,964,555
010120,2026-04-01,11:20:00,157400,157600,157000,157400,3965,623430000,422,371
010120,2026-04-01,11:25:00,157200,157600,157000,157600,4820,758460000,421,543
010120,2026-04-01,11:30:00,157600,157600,157000,157000,4160,654480000,363,469
010120,2026-04-01,11:35:00,157000,157800,156800,157000,13110,2062940000,1330,1292
010120,2026-04-01,11:40:00,157000,157600,156800,157400,5100,802110000,688,332
010120,2026-04-01,11:45:00,157600,157600,157200,157600,3680,579280000,327,409
010120,2026-04-01,11:50:00,157600,157600,157200,157200,2350,369950000,225,245
010120,2026-04-01,11:55:00,157200,157600,157000,157400,2760,434090000,288,264
010120,2026-04-01,12:00:00,157400,157400,156800,157000,3255,511570000,287,364
010120,2026-04-01,12:05:00,157000,157200,156400,156600,5545,869370000,488,621
010120,2026-04-01,12:10:00,156800,156800,156400,156600,2825,442590000,232,333
010120,2026-04-01,12:15:00,156600,157400,156600,157200,6995,1098470000,789,610
010120,2026-04-01,12:20:00,157200,157400,157000,157200,3035,477160000,336,271
010120,2026-04-01,12:25:00,157400,157600,157000,157400,3560,560140000,409,303
010120,2026-04-01,12:30:00,157400,157600,157200,157400,3375,531180000,357,318
010120,2026-04-01,12:35:00,157400,157800,157200,157800,4710,742180000,597,345
010120,2026-04-01,12:40:00,157800,157800,157200,157600,5150,810970000,394,636
010120,2026-04-01,12:45:00,157600,157800,157400,157800,2375,374420000,238,237
010120,2026-04-01,12:50:00,157800,158000,157400,157800,5360,845730000,484,588
010120,2026-04-01,12:55:00,157800,158800,157600,158800,13150,2081670000,2066,564
010120,2026-04-01,13:00:00,158800,159200,158400,158600,16930,2689270000,1081,2305
010120,2026-04-01,13:05:00,158600,159200,158600,159200,4915,781140000,611,372
010120,2026-04-01,13:10:00,159000,159200,158400,159000,7965,1265170000,614,979
010120,2026-04-01,13:15:00,158800,161000,158800,160800,22840,3653240000,3765,803
010120,2026-04-01,13:20:00,160600,161600,160600,161200,14955,2408570000,1585,1406
010120,2026-04-01,13:25:00,161200,161600,160800,161600,10290,1658200000,1245,813
010120,2026-04-01,13:30:00,161600,161800,160800,161000,14280,2302230000,1202,1654
010120,2026-04-01,13:35:00,161000,161200,160200,160600,7735,1242440000,703,844
010120,2026-04-01,13:40:00,160600,160800,160000,160200,6965,1116520000,730,663
010120,2026-04-01,13:45:00,160400,160800,160000,160000,6655,1067180000,643,688
010120,2026-04-01,13:50:00,160200,160600,159800,160400,7080,1134710000,557,859
010120,2026-04-01,13:55:00,160600,160800,160000,160600,5235,840050000,511,536
010120,2026-04-01,14:00:00,160600,160600,159800,160600,7845,1257820000,751,818
010120,2026-04-01,14:05:00,160400,160600,160000,160600,6065,972510000,571,642
010120,2026-04-01,14:10:00,160600,160800,160200,160600,5865,942100000,713,460
010120,2026-04-01,14:15:00,160800,161400,160600,161200,9730,1566180000,1186,760
010120,2026-04-01,14:20:00,161200,161600,160600,161200,9795,1578120000,1140,819
010120,2026-04-01,14:25:00,161200,161600,161000,161600,8830,1424950000,1065,701
010120,2026-04-01,14:30:00,161400,161800,161200,161600,8985,1451520000,1064,733
010120,2026-04-01,14:35:00,161400,162000,161400,162000,9045,1463500000,1010,799
010120,2026-04-01,14:40:00,162000,162000,161400,161800,8920,1442740000,1016,768
010120,2026-04-01,14:45:00,161800,161800,161000,161600,7125,1150530000,831,594
010120,2026-04-01,14:50:00,161400,161800,161000,161400,8345,1347450000,1050,619
010120,2026-04-01,14:55:00,161400,161600,160600,161000,9215,1485050000,788,1055
010120,2026-04-01,15:00:00,160900,161800,159600,159800,20120,3226480000,2078,1946
010120,2026-04-01,15:05:00,160000,160800,159800,160600,12580,2018230000,1490,1026
010120,2026-04-01,15:10:00,160400,160600,159800,160200,9390,1504460000,823,1055
010120,2026-04-01,15:15:00,160400,160400,159400,159400,9315,1491360000,785,1078
010120,2026-04-01,15:20:00,159600,159800,158600,159000,15430,2457000000,1525,1561
010120,2026-04-01,15:30:00,158800,158800,158800,158800,22275,3537260000,4443,0
010120,2026-04-02,09:05:00,165200,165200,163200,164400,38440,6328290000,4411,3277
010120,2026-04-02,09:10:00,164200,164400,161200,163600,26505,4302440000,2786,2515
010120,2026-04-02,09:15:00,163600,164000,162600,163000,11495,1876410000,1150,1149
010120,2026-04-02,09:20:00,163000,164200,162000,162000,18665,3043300000,879,2854
010120,2026-04-02,09:25:00,162000,162600,160000,160400,16550,2669020000,913,2397
010120,2026-04-02,09:30:00,160400,161600,160200,160800,14000,2251350000,1086,1714
010120,2026-04-02,09:35:00,160800,161800,160400,161400,6420,1034050000,710,574
010120,2026-04-02,09:40:00,161400,161800,160600,161000,7715,1243840000,549,994
010120,2026-04-02,09:45:00,160800,163000,160600,162800,8500,1374510000,973,727
010120,2026-04-02,09:50:00,162900,163200,161800,162600,7510,1220670000,618,884
010120,2026-04-02,09:55:00,162600,162800,162000,162400,3655,593210000,300,431
010120,2026-04-02,10:00:00,162400,163200,162200,163000,4685,762040000,354,583
010120,2026-04-02,10:05:00,163000,163600,161600,162000,11195,1823940000,776,1463
010120,2026-04-02,10:10:00,161800,163200,160400,163000,10260,1653170000,856,1196
010120,2026-04-02,10:15:00,163000,164400,162200,162600,15825,2587970000,1543,1622
010120,2026-04-02,10:20:00,162600,162600,158800,159600,32710,5237760000,2186,4356
010120,2026-04-02,10:25:00,159600,160400,155600,155600,47250,7461190000,4518,4932
010120,2026-04-02,10:30:00,156000,156800,154200,155200,51920,8065160000,6641,3743
010120,2026-04-02,10:35:00,155000,155600,151600,155400,60405,9253410000,7276,4805
010120,2026-04-02,10:40:00,155200,155200,153400,153800,33650,5194890000,2526,4204
010120,2026-04-02,10:45:00,153800,154200,151800,152000,28555,4360860000,2099,3612
010120,2026-04-02,10:50:00,152000,153200,150400,153200,32585,4931860000,3184,3333
010120,2026-04-02,10:55:00,153200,155000,153200,154200,17670,2726770000,1416,2118
010120,2026-04-02,11:00:00,154200,155400,153800,154400,19565,3022220000,2101,1812
010120,2026-04-02,11:05:00,154400,155000,152600,152600,17315,2659950000,1803,1660
010120,2026-04-02,11:10:00,152800,153800,152200,152800,18610,2845150000,2048,1674
010120,2026-04-02,11:15:00,152600,152800,150600,150800,15255,2314460000,767,2284
010120,2026-04-02,11:20:00,151000,152600,150800,152400,10620,1611180000,1143,981
010120,2026-04-02,11:25:00,152400,152700,150600,150800,8845,1339440000,522,1247
010120,2026-04-02,11:30:00,151000,151200,150400,150600,8545,1288070000,557,1152
010120,2026-04-02,11:35:00,150600,151400,150000,151200,10725,1614310000,707,1438
010120,2026-04-02,11:40:00,151400,152200,150400,150600,8640,1308400000,496,1232
010120,2026-04-02,11:45:00,150600,152000,150600,151800,6415,971610000,689,594
010120,2026-04-02,11:50:00,151800,152200,151000,152000,9000,1364720000,865,935
010120,2026-04-02,11:55:00,151900,152400,151400,152400,15355,2334740000,1998,1073
010120,2026-04-02,12:00:00,152200,153000,152000,152200,8090,1233780000,767,851
010120,2026-04-02,12:05:00,152200,152200,150800,150800,6295,953460000,349,910
010120,2026-04-02,12:10:00,150800,152000,150800,151200,4915,743820000,523,460
010120,2026-04-02,12:15:00,151400,152000,151200,151800,2360,357980000,326,146
010120,2026-04-02,12:20:00,151800,152000,151400,151600,5615,851940000,618,505
010120,2026-04-02,12:25:00,151600,152200,151200,152200,6795,1031160000,769,590
010120,2026-04-02,12:30:00,152200,152400,151600,151800,3815,580020000,266,497
010120,2026-04-02,12:35:00,151800,151800,151000,151400,5550,840520000,532,578
010120,2026-04-02,12:40:00,151200,151200,150200,150200,6200,934470000,229,1011
010120,2026-04-02,12:45:00,150200,151000,150200,150600,4465,672120000,480,413
010120,2026-04-02,12:50:00,150600,150600,150200,150200,4035,606730000,90,717
010120,2026-04-02,12:55:00,150200,150400,150000,150400,10295,1545210000,445,1614
010120,2026-04-02,13:00:00,150400,150400,150000,150200,4380,657600000,243,633
010120,2026-04-02,13:05:00,150200,150800,150000,150400,8645,1300160000,716,1013
010120,2026-04-02,13:10:00,150400,150800,149800,150600,8195,1230370000,533,1106
010120,2026-04-02,13:15:00,150400,151200,150200,150800,5045,760700000,727,282
010120,2026-04-02,13:20:00,151000,152000,151000,151300,5195,787380000,575,464
010120,2026-04-02,13:25:00,151400,151600,151000,151200,2000,302670000,219,181
010120,2026-04-02,13:30:00,151200,151600,151000,151000,3580,541600000,324,392
010120,2026-04-02,13:35:00,151000,151600,151000,151200,2665,403180000,267,266
010120,2026-04-02,13:40:00,151300,151600,151000,151000,6785,1026210000,760,597
010120,2026-04-02,13:45:00,151100,151400,150800,151200,2830,427520000,268,298
010120,2026-04-02,13:50:00,151100,151400,150600,151200,4235,639420000,530,317
010120,2026-04-02,13:55:00,151400,151400,150600,150600,4870,735380000,373,601
010120,2026-04-02,14:00:00,150600,151600,150600,151200,5150,778120000,530,500
010120,2026-04-02,14:05:00,151400,152200,151400,151800,7625,1157940000,1008,517
010120,2026-04-02,14:10:00,151800,152000,151400,151400,4025,610320000,266,539
010120,2026-04-02,14:15:00,151400,152400,151400,152000,8095,1230270000,961,658
010120,2026-04-02,14:20:00,152100,152400,151800,152200,8790,1337020000,458,1300
010120,2026-04-02,14:25:00,152000,152800,151600,151900,10130,1541320000,1069,957
010120,2026-04-02,14:30:00,151800,152200,151600,151800,9125,1385280000,467,1358
010120,2026-04-02,14:35:00,151600,152400,150800,151200,12035,1823900000,891,1516
010120,2026-04-02,14:40:00,151100,151200,150400,150400,8505,1281160000,536,1165
010120,2026-04-02,14:45:00,150400,151000,150200,150600,6800,1024090000,513,847
010120,2026-04-02,14:50:00,150800,151000,150400,150600,7930,1194760000,538,1048
010120,2026-04-02,14:55:00,150400,150600,149800,149900,16695,2505310000,1225,2114
010120,2026-04-02,15:00:00,149900,150200,149800,149800,7120,1067500000,725,699
010120,2026-04-02,15:05:00,149800,150400,149800,150400,6905,1035560000,506,875
010120,2026-04-02,15:10:00,150400,151000,149800,150600,12760,1918480000,1597,955
010120,2026-04-02,15:15:00,150600,151600,150600,151000,9075,1370360000,1210,605
010120,2026-04-02,15:20:00,151200,152000,151000,152000,9625,1457750000,1295,630
010120,2026-04-02,15:30:00,151800,151800,151800,151800,25855,3924790000,5007,0
010120,2026-04-03,09:05:00,158200,158200,156400,157600,26895,4237790000,2964,2415
010120,2026-04-03,09:10:00,157600,158000,156400,156600,17365,2731550000,1127,2346
010120,2026-04-03,09:15:00,156600,156600,154800,155400,18270,2844630000,787,2867
010120,2026-04-03,09:20:00,155400,156600,155200,156000,14525,2267450000,1070,1835
010120,2026-04-03,09:25:00,155800,155800,154400,154400,11245,1743790000,574,1675
010120,2026-04-03,09:30:00,154400,156000,154000,155800,15695,2430810000,1578,1561
010120,2026-04-03,09:35:00,155800,155800,154200,154600,9750,1509720000,741,1209
010120,2026-04-03,09:40:00,154600,155000,154000,154400,7690,1188350000,595,943
010120,2026-04-03,09:45:00,154600,155800,154200,155200,9210,1428070000,628,1214
010120,2026-04-03,09:50:00,155200,156100,155200,156000,5035,783830000,689,318
010120,2026-04-03,09:55:00,156000,156400,155800,156400,8985,1402650000,892,905
010120,2026-04-03,10:00:00,156200,156600,156000,156200,7285,1138140000,676,781
010120,2026-04-03,10:05:00,156200,156200,155800,156000,3175,495550000,351,284
010120,2026-04-03,10:10:00,156200,156800,155800,156800,8620,1347460000,1285,439
010120,2026-04-03,10:15:00,156800,157000,156400,156600,3925,615330000,511,274
010120,2026-04-03,10:20:00,156600,157000,156400,156700,3955,619500000,344,447
010120,2026-04-03,10:25:00,156600,157000,156200,156400,8830,1382340000,690,1076
010120,2026-04-03,10:30:00,156600,156600,156000,156000,3750,585920000,467,283
010120,2026-04-03,10:35:00,156000,156200,155200,155200,7010,1091260000,351,1051
010120,2026-04-03,10:40:00,155400,155600,155000,155200,3625,562620000,453,272
010120,2026-04-03,10:45:00,155000,155600,154600,155600,3300,511800000,314,346
010120,2026-04-03,10:50:00,155600,155600,154800,155200,4305,667760000,509,352
010120,2026-04-03,10:55:00,155200,155400,154400,154600,3105,480740000,255,366
010120,2026-04-03,11:00:00,154600,154600,153200,153600,13635,2100220000,427,2300
010120,2026-04-03,11:05:00,153400,154000,153200,153800,3865,593230000,326,447
010120,2026-04-03,11:10:00,154000,154000,153200,153400,4030,618740000,349,457
010120,2026-04-03,11:15:00,153600,154000,153200,153400,4770,732160000,248,706
010120,2026-04-03,11:20:00,153200,153600,152800,153400,10535,1612700000,1168,939
010120,2026-04-03,11:25:00,153400,153600,153000,153200,2395,367340000,169,310
010120,2026-04-03,11:30:00,153000,153200,152600,152600,3370,515090000,264,410
010120,2026-04-03,11:35:00,152600,152800,147600,151800,24145,3651070000,2033,2796
010120,2026-04-03,11:40:00,151800,152800,151800,152400,9690,1474590000,801,1137
010120,2026-04-03,11:45:00,152200,152600,151400,151700,10380,1577500000,776,1300
010120,2026-04-03,11:50:00,151600,152400,151200,152200,6340,960760000,374,894
010120,2026-04-03,11:55:00,152200,153200,152200,153000,3335,508910000,401,266
010120,2026-04-03,12:00:00,153000,153200,152400,153000,2795,427070000,255,304
010120,2026-04-03,12:05:00,152800,153400,152600,152800,3365,514810000,459,214
010120,2026-04-03,12:10:00,152800,153000,152400,152800,2305,351950000,184,277
010120,2026-04-03,12:15:00,152600,153000,152400,152800,1550,236710000,165,145
010120,2026-04-03,12:20:00,152800,153400,152400,153200,4290,655780000,550,308
010120,2026-04-03,12:25:00,153400,153800,153200,153400,2565,393670000,341,172
010120,2026-04-03,12:30:00,153600,153600,153000,153000,2560,392580000,148,364
010120,2026-04-03,12:35:00,153000,154200,152800,154000,5090,781770000,810,208
010120,2026-04-03,12:40:00,154200,154200,153600,153800,3250,500180000,266,384
010120,2026-04-03,12:45:00,154000,154000,153600,154000,1905,293010000,212,169
010120,2026-04-03,12:50:00,153800,154200,153800,154000,3005,462830000,302,299
010120,2026-04-03,12:55:00,154000,154400,154000,154000,2490,383860000,359,139
010120,2026-04-03,13:00:00,154000,154600,154000,154400,3465,535040000,513,180
010120,2026-04-03,13:05:00,154600,154600,154200,154400,4185,646260000,418,419
010120,2026-04-03,13:10:00,154600,155000,154200,154800,3070,474620000,436,178
010120,2026-04-03,13:15:00,154800,155000,154200,154200,5195,803080000,503,536
010120,2026-04-03,13:20:00,154200,154600,154000,154000,2245,346540000,213,236
010120,2026-04-03,13:25:00,154400,154400,153800,153800,3995,615270000,232,567
010120,2026-04-03,13:30:00,153800,154400,153600,153800,6065,934490000,788,425
010120,2026-04-03,13:35:00,153800,154000,153600,153600,4040,621140000,374,434
010120,2026-04-03,13:40:00,153800,154000,153600,153800,3065,471120000,258,355
010120,2026-04-03,13:45:00,153800,153800,153400,153600,2865,440200000,307,266
010120,2026-04-03,13:50:00,153600,153600,153200,153400,7185,1102010000,687,750
010120,2026-04-03,13:55:00,153600,154200,153400,154000,2145,329820000,249,180
010120,2026-04-03,14:00:00,153800,154000,153600,153600,2470,379890000,155,339
010120,2026-04-03,14:05:00,153800,153800,153200,153200,4380,672050000,245,631
010120,2026-04-03,14:10:00,153200,153800,153200,153600,8900,1364930000,1095,685
010120,2026-04-03,14:15:00,153600,153800,152800,153200,8700,1331820000,612,1128
010120,2026-04-03,14:20:00,153400,153400,152600,152600,3975,607710000,253,542
010120,2026-04-03,14:25:00,152800,153000,152400,152600,8670,1323560000,658,1076
010120,2026-04-03,14:30:00,152600,153400,152400,153000,3345,511400000,409,260
010120,2026-04-03,14:35:00,153000,153400,152800,152800,4385,671020000,417,460
010120,2026-04-03,14:40:00,153000,153000,152600,152800,5040,770360000,549,459
010120,2026-04-03,14:45:00,152800,153400,152800,153000,5160,789560000,439,593
010120,2026-04-03,14:50:00,152800,153600,152800,153400,6200,949090000,631,609
010120,2026-04-03,14:55:00,153200,153800,153000,153400,5340,819140000,548,520
010120,2026-04-03,15:00:00,153400,154000,153000,153600,5305,814110000,473,588
010120,2026-04-03,15:05:00,153800,154000,153400,154000,5510,846740000,486,616
010120,2026-04-03,15:10:00,153800,154000,153400,153600,6890,1058820000,570,808
010120,2026-04-03,15:15:00,153600,154200,153400,154000,6935,1067740000,756,631
010120,2026-04-03,15:20:00,154000,154200,153400,153800,6010,925190000,391,811
010120,2026-04-03,15:30:00,153800,153800,153800,153800,12855,1977100000,2521,0
010120,2026-04-06,09:05:00,159800,162200,158400,161600,54815,8793540000,8150,2813
010120,2026-04-06,09:10:00,161600,164400,161400,164200,44595,7274720000,6578,2341
010120,2026-04-06,09:15:00,164400,165800,163800,165800,40230,6626510000,5245,2801
010120,2026-04-06,09:20:00,165600,165800,164600,165200,27955,4622410000,2747,2844
010120,2026-04-06,09:25:00,165200,165200,163000,164000,28900,4745530000,2113,3667
010120,2026-04-06,09:30:00,163900,164400,162200,162400,15740,2566150000,1245,1903
010120,2026-04-06,09:35:00,162200,163600,162000,163400,15605,2539860000,1292,1829
010120,2026-04-06,09:40:00,163400,164000,161600,162000,10295,1675240000,669,1390
010120,2026-04-06,09:45:00,162000,163800,162000,163800,7360,1201660000,966,506
010120,2026-04-06,09:50:00,163800,164000,163200,163200,7135,1168210000,814,613
010120,2026-04-06,09:55:00,163400,164400,163200,164400,10905,1785940000,1676,505
010120,2026-04-06,10:00:00,164400,165000,164200,164800,9315,1534790000,1114,749
010120,2026-04-06,10:05:00,164600,165600,164400,165400,10075,1663310000,1687,328
010120,2026-04-06,10:10:00,165400,165600,163000,163800,10400,1712110000,773,1307
010120,2026-04-06,10:15:00,163800,164000,163200,163400,4300,703600000,347,513
010120,2026-04-06,10:20:00,163400,163600,162600,162800,5585,910810000,383,734
010120,2026-04-06,10:25:00,162600,163000,162400,162600,3640,592230000,403,325
010120,2026-04-06,10:30:00,162800,163200,162400,162800,3775,614270000,380,375
010120,2026-04-06,10:35:00,162800,163000,161400,161600,12255,1985050000,580,1871
010120,2026-04-06,10:40:00,161400,162000,161200,161400,5400,872370000,489,591
010120,2026-04-06,10:45:00,161600,162200,161200,161900,4190,677620000,568,270
010120,2026-04-06,10:50:00,161800,162000,160400,160600,8485,1368230000,396,1301
010120,2026-04-06,10:55:00,160400,160600,160000,160200,7775,1246490000,660,895
010120,2026-04-06,11:00:00,160200,160800,159600,160600,8145,1303710000,672,957
010120,2026-04-06,11:05:00,160400,161400,160200,160800,7805,1254900000,588,973
010120,2026-04-06,11:10:00,160800,162800,160400,162800,9325,1506270000,1249,616
010120,2026-04-06,11:15:00,162600,163000,162200,162800,6320,1027990000,437,827
010120,2026-04-06,11:20:00,162800,163000,162200,163000,3615,588330000,476,247
010120,2026-04-06,11:25:00,163000,163400,162800,163200,6170,1006590000,885,349
010120,2026-04-06,11:30:00,163000,163200,162600,163000,2300,374690000,238,222
010120,2026-04-06,11:35:00,163000,163000,162000,162200,3570,580110000,257,457
010120,2026-04-06,11:40:00,162200,162800,161600,161600,3390,549420000,232,446
010120,2026-04-06,11:45:00,161600,162000,161200,161800,2830,456990000,289,277
010120,2026-04-06,11:50:00,162000,162200,161600,161600,2685,434540000,299,238
010120,2026-04-06,11:55:00,161600,161800,160800,161200,3195,515200000,345,294
010120,2026-04-06,12:00:00,161000,161200,160600,160600,2410,387480000,175,307
010120,2026-04-06,12:05:00,160400,160600,160000,160200,3685,590710000,293,444
010120,2026-04-06,12:10:00,160200,160400,159400,159600,6520,1042370000,320,984
010120,2026-04-06,12:15:00,159400,160200,159400,160000,3025,483460000,362,243
010120,2026-04-06,12:20:00,160000,160200,159400,159400,4110,657090000,264,558
010120,2026-04-06,12:25:00,159600,159800,159000,159800,2740,436540000,249,299
010120,2026-04-06,12:30:00,159800,159800,159000,159400,1960,312580000,217,175
010120,2026-04-06,12:35:00,159600,159600,159000,159200,3150,501820000,177,453
010120,2026-04-06,12:40:00,159200,159200,158400,158600,4205,667810000,156,685
010120,2026-04-06,12:45:00,158400,158600,158000,158200,4195,663810000,155,684
010120,2026-04-06,12:50:00,158200,158800,158000,158400,3455,547180000,434,257
010120,2026-04-06,12:55:00,158400,158800,158000,158400,3050,482970000,318,292
010120,2026-04-06,13:00:00,158400,158800,158000,158600,4180,661630000,489,347
010120,2026-04-06,13:05:00,158400,159600,158400,159600,6475,1030230000,746,549
010120,2026-04-06,13:10:00,159600,159800,158800,159400,4095,652820000,401,418
010120,2026-04-06,13:15:00,159400,159400,158200,158800,6505,1032420000,354,947
010120,2026-04-06,13:20:00,158600,159000,158400,158800,2580,409380000,220,296
010120,2026-04-06,13:25:00,158600,159000,158200,158200,3320,526160000,236,428
010120,2026-04-06,13:30:00,158400,159000,158200,158800,2295,363800000,306,153
010120,2026-04-06,13:35:00,158800,159000,158400,158800,2435,386240000,181,306
010120,2026-04-06,13:40:00,159000,159600,158800,159600,2995,476590000,369,230
010120,2026-04-06,13:45:00,159600,159800,159200,159800,3195,509780000,361,278
010120,2026-04-06,13:50:00,159600,160000,159200,159800,3665,584830000,309,424
010120,2026-04-06,13:55:00,159600,160000,159400,159600,3510,560380000,240,462
010120,2026-04-06,14:00:00,159800,159800,159000,159200,3255,518880000,260,391
010120,2026-04-06,14:05:00,159400,159800,159000,159800,2020,322290000,242,162
010120,2026-04-06,14:10:00,159800,160200,159400,160200,4030,644620000,677,129
010120,2026-04-06,14:15:00,160200,160600,160000,160400,4115,659980000,397,426
010120,2026-04-06,14:20:00,160400,160800,160000,160800,4105,658020000,477,344
010120,2026-04-06,14:25:00,160800,160800,160000,160200,5355,859030000,432,639
010120,2026-04-06,14:30:00,160200,160600,159600,159800,4410,705030000,348,534
010120,2026-04-06,14:35:00,159800,160000,159400,159600,3840,613040000,325,443
010120,2026-04-06,14:40:00,159600,159600,159000,159200,4285,682350000,305,552
010120,2026-04-06,14:45:00,159400,159400,158600,158800,4940,784230000,144,844
010120,2026-04-06,14:50:00,158800,158800,158000,158000,6205,982530000,279,962
010120,2026-04-06,14:55:00,158100,158800,158000,158600,4680,740940000,465,471
010120,2026-04-06,15:00:00,158600,158800,158200,158800,5140,815330000,245,783
010120,2026-04-06,15:05:00,158200,158800,158000,158800,4295,680150000,347,512
010120,2026-04-06,15:10:00,158800,159000,158400,158800,3240,514070000,280,368
010120,2026-04-06,15:15:00,158800,159600,158600,159400,4620,734970000,386,538
010120,2026-04-06,15:20:00,159600,159800,159000,159200,5660,902670000,459,673
010120,2026-04-06,15:30:00,159800,159800,159800,159800,19675,3144060000,3854,0
010120,2026-04-07,09:05:00,164000,164200,160200,161000,34655,5624350000,3524,3407
010120,2026-04-07,09:10:00,161000,161200,159200,159800,26720,4281290000,1595,3749
010120,2026-04-07,09:15:00,159800,161600,159800,161200,17100,2752380000,1115,2305
010120,2026-04-07,09:20:00,161000,161600,160400,160600,12440,2004380000,546,1942
010120,2026-04-07,09:25:00,160800,161800,160200,161200,7725,1241100000,661,884
010120,2026-04-07,09:30:00,161200,162200,160500,162200,10685,1724670000,607,1530
010120,2026-04-07,09:35:00,162400,162400,160800,161000,5375,868620000,330,745
010120,2026-04-07,09:40:00,160800,161200,160400,160600,10000,1607560000,669,1331
010120,2026-04-07,09:45:00,160400,161000,160200,160600,5155,827420000,361,670
010120,2026-04-07,09:50:00,160600,160800,159600,159600,12660,2026230000,320,2212
010120,2026-04-07,09:55:00,159600,159800,158400,158600,14075,2239350000,528,2287
010120,2026-04-07,10:00:00,158400,158600,157000,157400,15795,2490910000,815,2344
010120,2026-04-07,10:05:00,157400,157800,156200,157600,15870,2488480000,1147,2027
010120,2026-04-07,10:10:00,157600,158200,157000,157200,13560,2136460000,1263,1449
010120,2026-04-07,10:15:00,157200,157400,156400,156600,8675,1360580000,340,1395
010120,2026-04-07,10:20:00,156600,157800,156600,157500,7445,1170960000,591,898
010120,2026-04-07,10:25:00,157400,157800,157000,157200,10510,1653460000,803,1299
010120,2026-04-07,10:30:00,157200,157600,156800,157400,5505,865230000,389,712
010120,2026-04-07,10:35:00,157400,157800,157000,157600,7405,1165490000,323,1158
010120,2026-04-07,10:40:00,157400,158000,156600,156600,7425,1168010000,379,1106
010120,2026-04-07,10:45:00,156700,157000,156200,156400,8920,1395870000,277,1507
010120,2026-04-07,10:50:00,156600,157800,156400,157200,5755,904770000,539,612
010120,2026-04-07,10:55:00,157200,157200,155600,155800,14820,2314000000,485,2479
010120,2026-04-07,11:00:00,155600,156000,155000,155400,14925,2319540000,1263,1722
010120,2026-04-07,11:05:00,155400,155800,155200,155200,5700,886080000,387,753
010120,2026-04-07,11:10:00,155200,155600,154800,155200,10840,1681110000,538,1630
010120,2026-04-07,11:15:00,155200,155800,154800,154800,5460,847080000,432,660
010120,2026-04-07,11:20:00,154800,155600,154600,155400,6830,1058730000,575,791
010120,2026-04-07,11:25:00,155400,155600,155000,155200,4995,775670000,404,595
010120,2026-04-07,11:30:00,155200,156200,155200,155600,7100,1105380000,698,722
010120,2026-04-07,11:35:00,155700,156200,155600,155800,3930,612260000,374,412
010120,2026-04-07,11:40:00,155800,156000,155400,155800,5525,860640000,477,628
010120,2026-04-07,11:45:00,155600,156000,155200,155600,6640,1032550000,430,898
010120,2026-04-07,11:50:00,155600,156600,155600,156000,5555,867280000,647,464
010120,2026-04-07,11:55:00,156000,156200,155200,155400,6090,948460000,203,1015
010120,2026-04-07,12:00:00,155400,155400,155200,155200,2930,454980000,233,353
010120,2026-04-07,12:05:00,155200,155800,155200,155600,2625,408090000,239,286
010120,2026-04-07,12:10:00,155600,155800,155000,155000,4470,694390000,182,712
010120,2026-04-07,12:15:00,155000,155400,154800,155200,5410,838820000,266,816
010120,2026-04-07,12:20:00,155000,155200,154600,154800,5755,891540000,239,912
010120,2026-04-07,12:25:00,154600,155000,154600,154800,4450,688580000,456,434
010120,2026-04-07,12:30:00,154600,155000,154600,155000,4945,765650000,321,668
010120,2026-04-07,12:35:00,154800,155200,154800,154900,6135,951550000,724,503
010120,2026-04-07,12:40:00,154900,155000,154400,154400,7630,1180160000,306,1220
010120,2026-04-07,12:45:00,154400,154800,154400,154600,3265,504490000,266,387
010120,2026-04-07,12:50:00,154600,154800,154400,154600,3140,485530000,193,435
010120,2026-04-07,12:55:00,154600,154700,154200,154200,5635,870180000,220,907
010120,2026-04-07,13:00:00,154200,154400,154200,154400,3585,552940000,158,559
010120,2026-04-07,13:05:00,154200,154400,154000,154200,3870,596760000,258,516
010120,2026-04-07,13:10:00,154200,154400,154000,154200,2390,368330000,264,214
010120,2026-04-07,13:15:00,154000,154400,153800,153800,14140,2177000000,482,2346
010120,2026-04-07,13:20:00,153600,153800,153400,153600,6080,933960000,331,885
010120,2026-04-07,13:25:00,153600,154600,153600,154400,3225,496630000,257,388
010120,2026-04-07,13:30:00,154400,154600,154200,154200,4240,654630000,334,514
010120,2026-04-07,13:35:00,154400,155600,154200,155100,4950,767320000,453,537
010120,2026-04-07,13:40:00,155200,155400,154800,155200,5070,786490000,387,627
010120,2026-04-07,13:45:00,155200,156400,154800,155800,3480,541290000,429,267
010120,2026-04-07,13:50:00,155800,157000,154200,156600,6380,994330000,534,742
010120,2026-04-07,13:55:00,156400,156800,156200,156200,4690,734230000,419,519
010120,2026-04-07,14:00:00,156200,156600,156200,156600,3490,545940000,299,399
010120,2026-04-07,14:05:00,156500,157600,156200,157400,6915,1085170000,906,477
010120,2026-04-07,14:10:00,157200,157600,156800,157000,4580,719670000,336,580
010120,2026-04-07,14:15:00,157000,157800,157000,157400,4630,728550000,557,369
010120,2026-04-07,14:20:00,157400,157600,157000,157200,3205,504160000,255,386
010120,2026-04-07,14:25:00,157200,157400,156800,156800,2905,456630000,184,397
010120,2026-04-07,14:30:00,157000,157200,156400,156600,5030,788560000,381,625
010120,2026-04-07,14:35:00,156400,157000,156400,156400,4385,687090000,563,314
010120,2026-04-07,14:40:00,156600,156800,156200,156800,5985,936520000,632,565
010120,2026-04-07,14:45:00,156800,157200,156400,156600,9180,1438840000,1161,675
010120,2026-04-07,14:50:00,156800,156800,156200,156600,7960,1245610000,803,789
010120,2026-04-07,14:55:00,156400,157200,156400,157000,12165,1907780000,1405,1028
010120,2026-04-07,15:00:00,157000,157400,156800,157400,8835,1389350000,1001,766
010120,2026-04-07,15:05:00,157200,157600,157000,157400,10005,1574900000,1152,849
010120,2026-04-07,15:10:00,157600,157800,157200,157800,6015,947560000,898,305
010120,2026-04-07,15:15:00,157600,158000,157600,157800,8110,1279860000,1115,507
010120,2026-04-07,15:20:00,157800,158000,157400,157600,7300,1151530000,708,752
010120,2026-04-07,15:30:00,157600,157600,157600,157600,20495,3230010000,4084,0
010120,2026-04-13,09:05:00,171200,188300,171200,188300,429229,75356570000,298485,130744
010120,2026-04-13,09:10:00,187900,187900,174800,180200,216103,38827790000,121158,94945
010120,2026-04-13,09:15:00,180100,180200,175400,177300,136024,24102470000,61045,74979
010120,2026-04-13,09:20:00,177300,179500,177200,179400,103278,18415420000,58464,44814
010120,2026-04-13,09:25:00,179400,179500,175000,176100,102182,18074720000,31555,70627
010120,2026-04-13,09:30:00,176100,177100,175500,175600,49303,8695570000,17581,31722
010120,2026-04-13,09:35:00,175600,176650,175300,176100,31060,5463660000,15227,15833
010120,2026-04-13,09:40:00,176200,176300,175500,175500,29034,5111230000,11596,17438
010120,2026-04-13,09:45:00,175900,178000,175600,178000,32232,5695480000,24507,7725
010120,2026-04-13,09:50:00,178000,178900,177800,178200,35031,6248190000,16986,18045
010120,2026-04-13,09:55:00,178200,180700,178100,180600,40546,7280570000,29792,10754
010120,2026-04-13,10:00:00,180550,184200,180100,183200,80088,14585490000,46609,33479
010120,2026-04-13,10:05:00,183300,183400,180500,180600,51641,9413120000,18147,33494
010120,2026-04-13,10:10:00,180500,182400,180400,181700,30208,5487040000,15931,14277
010120,2026-04-13,10:15:00,181700,181800,180400,180400,27729,5020620000,6694,21035
010120,2026-04-13,10:20:00,180400,181900,180000,181900,21236,3837100000,11934,9302
010120,2026-04-13,10:25:00,181900,182000,180500,181400,25870,4688680000,14150,11720
010120,2026-04-13,10:30:00,181300,182400,181000,182200,23236,4221230000,14277,8959
010120,2026-04-13,10:35:00,182100,182200,181900,182000,25617,4662860000,8524,17093
010120,2026-04-13,10:40:00,182000,182100,181100,181400,20888,3796760000,8932,11956
010120,2026-04-13,10:45:00,181400,181500,180100,180100,20320,3669690000,4431,15889
010120,2026-04-13,10:50:00,180100,180200,179000,179000,23818,4279780000,5719,18099
010120,2026-04-13,10:55:00,179100,179100,178800,178800,11712,2096350000,2773,8939
010120,2026-04-13,11:00:00,178800,178850,178300,178400,13750,2454060000,3996,9754
010120,2026-04-13,11:05:00,178400,179600,178300,179600,13667,2443800000,8163,5504
010120,2026-04-13,11:10:00,179600,179800,179000,179100,9882,1771610000,4127,5755
010120,2026-04-13,11:15:00,179100,179200,178700,178700,9926,1776350000,2952,6974
010120,2026-04-13,11:20:00,178700,178800,177300,178500,43680,7774140000,10803,32877
010120,2026-04-13,11:25:00,178500,178700,177600,178300,13923,2479260000,6986,6937
010120,2026-04-13,11:30:00,178300,178400,177500,177600,12130,2157520000,4653,7477
010120,2026-04-13,11:35:00,177600,178900,177500,178900,10832,1926620000,7043,3789
010120,2026-04-13,11:40:00,178900,179100,178400,178500,12777,2285420000,5241,7536
010120,2026-04-13,11:45:00,178600,180200,178400,180100,20067,3602100000,13978,6089
010120,2026-04-13,11:50:00,180000,180200,179700,180000,16404,2953120000,8736,7668
010120,2026-04-13,11:55:00,180000,180600,180000,180400,17345,3128740000,12220,5125
010120,2026-04-13,12:00:00,180500,180600,179700,179700,16168,2915680000,7157,9011
010120,2026-04-13,12:05:00,179700,179900,178400,178400,18245,3267030000,5665,12580
010120,2026-04-13,12:10:00,178400,179200,178100,179200,9995,1783790000,5731,4264
010120,2026-04-13,12:15:00,179200,179300,177100,177300,23652,4203120000,3721,19931
010120,2026-04-13,12:20:00,177300,177800,177200,177300,9985,1771250000,4428,5557
010120,2026-04-13,12:25:00,177200,178100,177100,178000,8960,1590520000,4741,4219
010120,2026-04-13,12:30:00,178000,178600,178000,178400,8239,1468230000,4751,3488
010120,2026-04-13,12:35:00,178400,178500,178100,178200,6974,1243510000,3307,3667
010120,2026-04-13,12:40:00,178200,178300,178000,178200,4823,859330000,2625,2198
010120,2026-04-13,12:45:00,178100,178700,178100,178500,6369,1136060000,3661,2708
010120,2026-04-13,12:50:00,178600,178900,178200,178400,10159,1815040000,4252,5907
010120,2026-04-13,12:55:00,178400,178600,178300,178400,5770,1029610000,3377,2393
010120,2026-04-13,13:00:00,178500,178600,178400,178500,5353,955360000,3125,2228
010120,2026-04-13,13:05:00,178500,179000,178500,178800,9498,1697770000,4458,5040
010120,2026-04-13,13:10:00,178800,178900,178200,178300,9799,1749420000,3244,6555
010120,2026-04-13,13:15:00,178300,178400,178200,178300,4917,876600000,2958,1959
010120,2026-04-13,13:20:00,178200,178600,178200,178400,5050,901200000,2269,2781
010120,2026-04-13,13:25:00,178500,178600,178100,178200,8148,1452740000,2855,5293
010120,2026-04-13,13:30:00,178200,178500,178100,178400,5792,1032730000,3233,2559
010120,2026-04-13,13:35:00,178400,178500,178100,178300,9420,1679670000,3014,6406
010120,2026-04-13,13:40:00,178200,178300,178000,178100,10052,1790120000,3345,6707
010120,2026-04-13,13:45:00,178000,178100,177600,177700,12011,2136610000,3399,8612
010120,2026-04-13,13:50:00,177700,177800,177300,177300,17272,3066100000,4797,12475
010120,2026-04-13,13:55:00,177400,177900,177300,177500,13592,2412100000,7192,6400
010120,2026-04-13,14:00:00,177400,178500,177400,177900,12953,2304720000,7540,5413
010120,2026-04-13,14:05:00,177800,178100,177300,177500,17593,3124830000,10249,7344
010120,2026-04-13,14:10:00,177400,177800,177400,177500,9502,1687450000,4702,4800
010120,2026-04-13,14:15:00,177400,177800,177300,177500,14935,2650650000,10275,4660
010120,2026-04-13,14:20:00,177400,177900,177400,177400,14176,2516720000,6519,7657
010120,2026-04-13,14:25:00,177500,177700,177400,177700,8514,1511580000,5818,2696
010120,2026-04-13,14:30:00,177700,177900,177600,177600,8064,1433570000,4402,3662
010120,2026-04-13,14:35:00,177700,177700,177400,177500,10698,1899010000,4811,5887
010120,2026-04-13,14:40:00,177500,177800,177400,177400,19806,3515250000,10364,9442
010120,2026-04-13,14:45:00,177400,177600,177400,177600,10322,1831710000,5196,5126
010120,2026-04-13,14:50:00,177600,177900,177400,177900,9402,1669870000,5012,4390
010120,2026-04-13,14:55:00,177800,177900,177400,177500,23747,4217670000,10989,12758
010120,2026-04-13,15:00:00,177500,177600,176900,177100,38063,6744760000,13588,24475
010120,2026-04-13,15:05:00,177100,177600,176900,177200,24055,4262300000,11496,12559
010120,2026-04-13,15:10:00,177200,177400,176900,177000,28608,5068990000,12919,15689
010120,2026-04-13,15:15:00,177000,177600,176900,177200,32713,5796260000,17764,14949
010120,2026-04-13,15:20:00,177200,177500,176900,177500,37417,6629560000,18817,18600
010120,2026-04-13,15:30:00,179200,179200,179200,179200,251071,44991910000,249083,0
010120,2026-04-14,09:05:00,200000,200000,194000,194000,218435,42909650000,89285,129150
010120,2026-04-14,09:10:00,194100,196500,193600,196200,101144,19736260000,49057,52087
010120,2026-04-14,09:15:00,196200,196200,192900,193300,100475,19510120000,25803,74672
010120,2026-04-14,09:20:00,193400,193400,190000,191300,95274,18275280000,35093,60181
010120,2026-04-14,09:25:00,191300,191400,189100,189200,81749,15549730000,24346,57403
010120,2026-04-14,09:30:00,189150,190500,189000,189800,59241,11247310000,27986,31255
010120,2026-04-14,09:35:00,189900,191500,188500,189000,71462,13570390000,24481,46981
010120,2026-04-14,09:40:00,189000,189100,186100,186500,79363,14860520000,28927,50436
010120,2026-04-14,09:45:00,186600,188000,185200,185400,72178,13461780000,21506,50672
010120,2026-04-14,09:50:00,185500,187200,185300,186900,42100,7842340000,19324,22776
010120,2026-04-14,09:55:00,186900,187900,186700,187800,33107,6203990000,15275,17832
010120,2026-04-14,10:00:00,187800,188300,186900,188000,36904,6921350000,14048,22856
010120,2026-04-14,10:05:00,188000,189100,187600,188600,41958,7907300000,15357,26601
010120,2026-04-14,10:10:00,188700,189500,188200,188400,24940,4707520000,11250,13690
010120,2026-04-14,10:15:00,188350,188400,186700,186700,28036,5253330000,9693,18343
010120,2026-04-14,10:20:00,186700,186800,186300,186500,23697,4421460000,6431,17266
010120,2026-04-14,10:25:00,186500,186600,185700,186000,27288,5077460000,10187,17101
010120,2026-04-14,10:30:00,186000,186700,185800,185900,32184,5990900000,12056,20128
010120,2026-04-14,10:35:00,186000,186000,185000,185100,51346,9517570000,11542,39804
010120,2026-04-14,10:40:00,185100,185200,184000,184100,53492,9875060000,14028,39464
010120,2026-04-14,10:45:00,184100,185000,184050,184800,25483,4704330000,13818,11665
010120,2026-04-14,10:50:00,184700,184900,184000,184100,26168,4827650000,6569,19599
010120,2026-04-14,10:55:00,184100,184100,183100,183800,33809,6208610000,8788,25021
010120,2026-04-14,11:00:00,183800,184300,183500,183700,21255,3906490000,11417,9838
010120,2026-04-14,11:05:00,183800,183900,183300,183400,21587,3962370000,9576,12011
010120,2026-04-14,11:10:00,183400,184700,183300,184500,27723,5109560000,16410,11313
010120,2026-04-14,11:15:00,184500,184600,184000,184300,15513,2858600000,7124,8389
010120,2026-04-14,11:20:00,184300,184600,184100,184600,14233,2623570000,5859,8374
010120,2026-04-14,11:25:00,184550,184600,183900,184000,20704,3812300000,7020,13684
010120,2026-04-14,11:30:00,184000,184700,184000,184700,8535,1573050000,5135,3400
010120,2026-04-14,11:35:00,184700,185600,184600,185500,21081,3904230000,11312,9769
010120,2026-04-14,11:40:00,185500,185600,185300,185400,12009,2227140000,4398,7611
010120,2026-04-14,11:45:00,185400,185500,185100,185300,9724,1801890000,3771,5953
010120,2026-04-14,11:50:00,185300,185400,185000,185000,10069,1864480000,3070,6999
010120,2026-04-14,11:55:00,185000,185300,184500,185000,11132,2059190000,3313,7819
010120,2026-04-14,12:00:00,185000,185100,184700,184700,8972,1658620000,2564,6408
010120,2026-04-14,12:05:00,184700,184800,184000,184000,16041,2957500000,4305,11736
010120,2026-04-14,12:10:00,184000,184500,184000,184300,11249,2071790000,4214,7035
010120,2026-04-14,12:15:00,184400,185600,184000,184100,19321,3563250000,7221,12100
010120,2026-04-14,12:20:00,184200,184800,184000,184600,11504,2121390000,4014,7490
010120,2026-04-14,12:25:00,184600,185400,184600,185400,13975,2586690000,6385,7590
010120,2026-04-14,12:30:00,185300,185600,185000,185500,14930,2766250000,6233,8697
010120,2026-04-14,12:35:00,185500,186300,185400,185800,24420,4541400000,10521,13899
010120,2026-04-14,12:40:00,185800,185900,185200,185600,8670,1609010000,2315,6355
010120,2026-04-14,12:45:00,185500,185700,185200,185700,10090,1871680000,3666,6424
010120,2026-04-14,12:50:00,185700,186500,185500,186200,18072,3359690000,9436,8636
010120,2026-04-14,12:55:00,186100,186500,185600,185750,18359,3415360000,9420,8939
010120,2026-04-14,13:00:00,185700,186100,185600,185800,10107,1878270000,3973,6134
010120,2026-04-14,13:05:00,185800,186000,185600,185700,8601,1597880000,3342,5259
010120,2026-04-14,13:10:00,185600,185700,185200,185200,11020,2043330000,2878,8142
010120,2026-04-14,13:15:00,185200,185700,185150,185600,8842,1639570000,3920,4922
010120,2026-04-14,13:20:00,185600,186300,185600,186300,8325,1548160000,4247,4078
010120,2026-04-14,13:25:00,186200,186700,186200,186700,15003,2798270000,7739,7264
010120,2026-04-14,13:30:00,186700,186800,186200,186200,10103,1884730000,3194,6909
010120,2026-04-14,13:35:00,186200,186400,186000,186400,8325,1549480000,3567,4758
010120,2026-04-14,13:40:00,186300,186700,186300,186500,9547,1780830000,3888,5659
010120,2026-04-14,13:45:00,186500,186900,186400,186800,9948,1856910000,4664,5284
010120,2026-04-14,13:50:00,186800,188000,186800,187800,24537,4600510000,17057,7480
010120,2026-04-14,13:55:00,187800,188500,187800,188350,19053,3584350000,9772,9281
010120,2026-04-14,14:00:00,188350,189100,188100,188300,32896,6203460000,15175,17721
010120,2026-04-14,14:05:00,188300,188800,187800,188100,25494,4800740000,7900,17594
010120,2026-04-14,14:10:00,188100,188600,187800,188300,17511,3294610000,7552,9959
010120,2026-04-14,14:15:00,188300,188900,188300,188800,13001,2452580000,8548,4453
010120,2026-04-14,14:20:00,188800,188900,187900,187900,14234,2684520000,5713,8521
010120,2026-04-14,14:25:00,187900,188000,187500,187600,10773,2021940000,3891,6882
010120,2026-04-14,14:30:00,187700,188000,187600,187900,8295,1557820000,3791,4504
010120,2026-04-14,14:35:00,187900,188000,186500,186500,15359,2876610000,3343,12016
010120,2026-04-14,14:40:00,186600,186600,186000,186200,17414,3244210000,6856,10558
010120,2026-04-14,14:45:00,186200,186600,186200,186600,9967,1858180000,4622,5345
010120,2026-04-14,14:50:00,186500,187000,186300,186600,10476,1954800000,4309,6167
010120,2026-04-14,14:55:00,186600,187000,186200,186300,9273,1728500000,3272,6001
010120,2026-04-14,15:00:00,186300,186400,186100,186100,7813,1455090000,2782,5031
010120,2026-04-14,15:05:00,186100,186900,185800,186800,16248,3025940000,6054,10194
010120,2026-04-14,15:10:00,186800,187900,186700,187500,13830,2591370000,7881,5949
010120,2026-04-14,15:15:00,187400,187500,186500,186600,8616,1609920000,3411,5205
010120,2026-04-14,15:20:00,186500,186700,186400,186600,10431,1945890000,3293,7138
010120,2026-04-14,15:30:00,185600,185600,185600,185600,34482,6399850000,33768,0
010120,2026-04-15,09:05:00,191200,191200,187100,187700,80329,15211370000,35550,44779
010120,2026-04-15,09:10:00,187800,189800,186700,189300,51609,9710600000,23502,28107
010120,2026-04-15,09:15:00,189400,190100,188100,190100,38880,7351430000,18980,19900
010120,2026-04-15,09:20:00,190000,191000,189700,190900,35915,6834960000,20849,15066
010120,2026-04-15,09:25:00,190900,191000,189900,190400,28101,5355190000,14024,14077
010120,2026-04-15,09:30:00,190500,190700,189300,189400,23141,4398630000,6957,16184
010120,2026-04-15,09:35:00,189300,189400,188400,188900,23573,4452980000,8597,14976
010120,2026-04-15,09:40:00,189000,189500,188700,188900,16942,3203560000,6674,10268
010120,2026-04-15,09:45:00,188900,189100,188000,188000,17327,3265360000,4684,12643
010120,2026-04-15,09:50:00,188100,188200,187300,187400,23750,4459860000,8337,15413
010120,2026-04-15,09:55:00,187400,188000,187200,187350,16639,3120370000,7844,8795
010120,2026-04-15,10:00:00,187400,187850,187300,187700,9385,1759710000,6489,2896
010120,2026-04-15,10:05:00,187800,187900,187100,187200,22479,4213550000,9025,13454
010120,2026-04-15,10:10:00,187200,188200,187100,188100,12545,2352090000,6903,5642
010120,2026-04-15,10:15:00,188100,189000,187600,188900,15159,2854960000,8628,6531
010120,2026-04-15,10:20:00,188900,189000,188100,188400,14250,2687490000,6197,8053
010120,2026-04-15,10:25:00,188400,188500,187700,188000,8998,1691850000,3585,5413
010120,2026-04-15,10:30:00,188000,188100,187600,187700,7182,1349320000,2121,5061
010120,2026-04-15,10:35:00,187600,188000,187600,187900,7369,1383670000,4134,3235
010120,2026-04-15,10:40:00,188000,188000,187700,187700,7478,1404670000,3856,3622
010120,2026-04-15,10:45:00,187700,188000,187700,187800,6135,1152470000,2640,3495
010120,2026-04-15,10:50:00,187800,188700,187700,188500,10199,1921000000,6532,3667
010120,2026-04-15,10:55:00,188500,188600,187900,188200,9374,1764260000,4269,5105
010120,2026-04-15,11:00:00,188100,188700,188000,188500,10213,1923980000,6404,3809
010120,2026-04-15,11:05:00,188500,188500,188200,188400,10706,2016330000,6477,4229
010120,2026-04-15,11:10:00,188400,189300,188400,189200,12132,2292210000,7649,4483
010120,2026-04-15,11:15:00,189300,189300,188900,188900,6629,1253150000,2476,4153
010120,2026-04-15,11:20:00,188900,189000,188200,188300,9807,1849610000,2590,7217
010120,2026-04-15,11:25:00,188350,188400,187700,187900,12626,2373910000,3240,9386
010120,2026-04-15,11:30:00,187900,188200,187800,188000,6211,1167890000,4009,2202
010120,2026-04-15,11:35:00,188100,188100,187700,187800,8215,1543330000,3278,4937
010120,2026-04-15,11:40:00,187700,188200,187600,188100,8064,1514620000,4124,3940
010120,2026-04-15,11:45:00,188100,188200,188000,188100,3613,679470000,1575,2038
010120,2026-04-15,11:50:00,188100,188100,187900,188000,3039,571400000,1231,1808
010120,2026-04-15,11:55:00,188000,188900,188000,188800,8732,1645230000,6248,2484
010120,2026-04-15,12:00:00,188800,188900,188000,188400,10583,1994980000,3709,6874
010120,2026-04-15,12:05:00,188400,188500,188100,188100,3401,640270000,780,2621
010120,2026-04-15,12:10:00,188100,188200,188000,188100,4598,864840000,2418,2180
010120,2026-04-15,12:15:00,188100,188500,188100,188500,3602,678300000,2074,1528
010120,2026-04-15,12:20:00,188400,188500,188000,188100,6567,1235760000,1763,4804
010120,2026-04-15,12:25:00,188200,188400,188100,188300,3703,696880000,2502,1201
010120,2026-04-15,12:30:00,188200,188300,188200,188200,2544,478890000,1245,1299
010120,2026-04-15,12:35:00,188200,188500,188000,188300,8994,1692620000,3860,5134
010120,2026-04-15,12:40:00,188400,188400,188100,188100,4565,859530000,1724,2841
010120,2026-04-15,12:45:00,188100,188300,188000,188100,4522,850710000,1804,2718
010120,2026-04-15,12:50:00,188100,188100,188000,188100,2539,477480000,1559,980
010120,2026-04-15,12:55:00,188100,188500,188000,188300,9781,1841590000,5697,4084
010120,2026-04-15,13:00:00,188400,188700,188200,188200,7964,1501030000,3567,4397
010120,2026-04-15,13:05:00,188200,188400,188100,188200,6264,1179240000,3201,3063
010120,2026-04-15,13:10:00,188300,188500,188000,188100,9607,1808120000,4370,5237
010120,2026-04-15,13:15:00,188100,188200,188000,188000,7762,1460140000,4957,2805
010120,2026-04-15,13:20:00,188100,188200,187900,188000,10846,2039300000,4185,6661
010120,2026-04-15,13:25:00,188000,188100,187800,187900,13420,2522120000,3823,9597
010120,2026-04-15,13:30:00,187900,188100,187800,188100,7420,1394820000,4979,2441
010120,2026-04-15,13:35:00,188000,188100,187900,187900,8171,1535900000,2030,6141
010120,2026-04-15,13:40:00,187900,188000,187800,187900,10459,1965100000,3965,6494
010120,2026-04-15,13:45:00,187800,187900,187600,187700,10534,1977340000,2806,7728
010120,2026-04-15,13:50:00,187600,187900,187500,187700,13998,2626300000,4826,9172
010120,2026-04-15,13:55:00,187700,187800,187500,187600,7240,1358310000,3584,3656
010120,2026-04-15,14:00:00,187500,187800,187500,187700,6856,1286620000,3303,3553
010120,2026-04-15,14:05:00,187700,188100,187700,187800,8497,1596180000,4156,4341
010120,2026-04-15,14:10:00,187800,187900,187600,187800,9768,1833490000,4320,5448
010120,2026-04-15,14:15:00,187800,188100,187700,188100,7357,1382890000,3818,3539
010120,2026-04-15,14:20:00,188000,188100,187900,188000,5801,1090760000,2443,3358
010120,2026-04-15,14:25:00,188000,188100,187400,187400,19020,3570400000,3840,15180
010120,2026-04-15,14:30:00,187400,187600,187400,187500,6992,1311200000,3695,3297
010120,2026-04-15,14:35:00,187500,187700,187500,187500,7297,1369030000,3928,3369
010120,2026-04-15,14:40:00,187500,187600,187000,187000,18386,3442140000,2974,15412
010120,2026-04-15,14:45:00,187000,187100,186500,186800,28286,5284960000,6099,22187
010120,2026-04-15,14:50:00,186700,186800,185600,185700,26622,4955940000,4475,22147
010120,2026-04-15,14:55:00,185700,185700,184500,184500,25722,4759450000,8291,17431
010120,2026-04-15,15:00:00,184500,186800,184400,186400,26580,4930530000,14947,11633
010120,2026-04-15,15:05:00,186400,186800,186200,186400,12185,2272070000,5748,6437
010120,2026-04-15,15:10:00,186400,186500,186000,186000,9154,1704930000,3023,6131
010120,2026-04-15,15:15:00,186000,186400,186000,186300,8059,1500630000,3431,4628
010120,2026-04-15,15:20:00,186300,186600,186300,186600,9264,1727300000,5301,3963
010120,2026-04-15,15:30:00,186800,186800,186800,186800,37231,6954750000,37189,0
010120,2026-04-16,09:05:00,189400,189900,188700,188700,41641,7877970000,19889,21747
010120,2026-04-16,09:10:00,188700,189300,188400,188400,22777,4299850000,11059,11718
010120,2026-04-16,09:15:00,188400,188600,187700,187800,20784,3908980000,7731,13053
010120,2026-04-16,09:20:00,187900,188300,187700,188000,13991,2630570000,5283,8708
010120,2026-04-16,09:25:00,187900,188000,186500,187000,28727,5374310000,7898,20829
010120,2026-04-16,09:30:00,187100,187700,186800,187700,13285,2488400000,8476,4809
010120,2026-04-16,09:35:00,187600,189200,187400,188700,19448,3663470000,13049,6399
010120,2026-04-16,09:40:00,188700,189400,188300,189000,13428,2537610000,8086,5342
010120,2026-04-16,09:45:00,189000,189100,188600,188800,11674,2204370000,5687,5987
010120,2026-04-16,09:50:00,188800,190000,188700,190000,27349,5180860000,20479,6870
010120,2026-04-16,09:55:00,190000,190500,189800,190100,23459,4459420000,14924,8535
010120,2026-04-16,10:00:00,190050,191700,190000,191600,37979,7254800000,24766,13213
010120,2026-04-16,10:05:00,191700,191700,189900,190000,18312,3491730000,6146,12166
010120,2026-04-16,10:10:00,189900,190100,189400,189850,10824,2053350000,4627,6197
010120,2026-04-16,10:15:00,189900,190000,189600,189600,5921,1123730000,2287,3634
010120,2026-04-16,10:20:00,189600,189800,189500,189700,3294,624710000,1647,1647
010120,2026-04-16,10:25:00,189700,191000,189500,190700,15830,3010240000,9918,5912
010120,2026-04-16,10:30:00,190700,191000,190000,190800,16130,3073600000,9338,6792
010120,2026-04-16,10:35:00,190800,191000,190100,190200,12623,2408410000,5626,6997
010120,2026-04-16,10:40:00,190100,190700,190000,190700,11747,2235490000,6959,4788
010120,2026-04-16,10:45:00,190700,190700,190200,190300,4781,910780000,1483,3298
010120,2026-04-16,10:50:00,190300,190800,190100,190800,10946,2083840000,7147,3799
010120,2026-04-16,10:55:00,190700,191400,190700,191200,17174,3280160000,10901,6273
010120,2026-04-16,11:00:00,191100,191200,190700,190700,5392,1029610000,1667,3725
010120,2026-04-16,11:05:00,190800,191000,190300,190400,6624,1263680000,3134,3490
010120,2026-04-16,11:10:00,190300,190400,190100,190200,3577,680600000,1053,2524
010120,2026-04-16,11:15:00,190100,190500,190100,190200,8535,1623810000,4107,4428
010120,2026-04-16,11:20:00,190200,190500,190100,190300,3803,723620000,1500,2303
010120,2026-04-16,11:25:00,190300,190400,190000,190000,4139,787210000,1270,2869
010120,2026-04-16,11:30:00,190000,190100,189500,189900,11695,2219830000,3466,8229
010120,2026-04-16,11:35:00,189800,190100,189700,190000,4319,820210000,1960,2359
010120,2026-04-16,11:40:00,189900,190100,189900,190000,2551,484550000,1128,1423
010120,2026-04-16,11:45:00,190000,190200,189700,190000,7244,1376450000,2931,4313
010120,2026-04-16,11:50:00,189900,190000,189700,189700,2162,410270000,316,1846
010120,2026-04-16,11:55:00,189700,189800,189700,189700,2189,415300000,474,1715
010120,2026-04-16,12:00:00,189700,189800,189600,189600,3027,574200000,932,2095
010120,2026-04-16,12:05:00,189600,189700,189600,189700,2041,387000000,309,1732
010120,2026-04-16,12:10:00,189600,189700,189200,189500,9691,1835950000,2360,7331
010120,2026-04-16,12:15:00,189400,189500,189100,189200,5324,1007820000,1242,4082
010120,2026-04-16,12:20:00,189200,189300,189200,189250,2823,534130000,174,2649
010120,2026-04-16,12:25:00,189250,189300,189100,189200,3263,617430000,546,2717
010120,2026-04-16,12:30:00,189200,189300,188700,189000,10632,2009550000,1482,9150
010120,2026-04-16,12:35:00,189000,189100,188800,188900,5799,1095840000,1649,4150
010120,2026-04-16,12:40:00,188800,189000,188800,188900,2553,482330000,896,1657
010120,2026-04-16,12:45:00,188900,189100,188900,189100,3577,676170000,1802,1775
010120,2026-04-16,12:50:00,189000,189100,189000,189000,2891,546530000,1216,1675
010120,2026-04-16,12:55:00,189000,189100,188800,188950,4742,895960000,1793,2949
010120,2026-04-16,13:00:00,188900,189000,188700,188700,5875,1109450000,966,4909
010120,2026-04-16,13:05:00,188700,188800,188100,188300,12177,2295320000,2426,9751
010120,2026-04-16,13:10:00,188300,188400,188100,188100,3644,686000000,541,3103
010120,2026-04-16,13:15:00,188100,188200,188000,188000,5387,1012930000,737,4650
010120,2026-04-16,13:20:00,188000,188300,188000,188150,10153,1910280000,6723,3430
010120,2026-04-16,13:25:00,188200,188200,187600,187800,10491,1972000000,2309,8182
010120,2026-04-16,13:30:00,187700,187700,187300,187350,8212,1539680000,1425,6787
010120,2026-04-16,13:35:00,187300,187800,187300,187800,7589,1422540000,4396,3193
010120,2026-04-16,13:40:00,187700,188000,187600,187900,6730,1264050000,3048,3682
010120,2026-04-16,13:45:00,187950,188000,187700,187900,4939,927560000,1886,3053
010120,2026-04-16,13:50:00,187800,188250,187800,188200,4889,919410000,2555,2334
010120,2026-04-16,13:55:00,188200,188300,188000,188200,4890,920060000,1699,3191
010120,2026-04-16,14:00:00,188200,188300,187800,187800,7614,1431160000,2211,5403
010120,2026-04-16,14:05:00,187800,187900,187300,187400,9545,1790430000,2262,7283
010120,2026-04-16,14:10:00,187500,188100,187300,187900,9902,1857300000,4595,5307
010120,2026-04-16,14:15:00,187900,188000,187500,187700,4256,799120000,1407,2849
010120,2026-04-16,14:20:00,187700,187800,187500,187700,4848,909920000,1544,3304
010120,2026-04-16,14:25:00,187700,188000,187700,187900,5479,1029270000,1670,3809
010120,2026-04-16,14:30:00,187900,188300,187800,188100,5222,981450000,2665,2557
010120,2026-04-16,14:35:00,188100,188500,188100,188400,4796,903370000,1982,2814
010120,2026-04-16,14:40:00,188400,188500,188100,188300,7032,1324710000,1582,5450
010120,2026-04-16,14:45:00,188300,188300,188100,188200,5094,958720000,2192,2902
010120,2026-04-16,14:50:00,188200,188400,188100,188300,5005,942060000,1908,3097
010120,2026-04-16,14:55:00,188300,188400,188200,188200,5340,1005280000,2080,3260
010120,2026-04-16,15:00:00,188200,188500,188200,188400,3859,726770000,1813,2046
010120,2026-04-16,15:05:00,188400,188700,188300,188500,8414,1586250000,4242,4172
010120,2026-04-16,15:10:00,188500,188700,188400,188500,6047,1140080000,2418,3629
010120,2026-04-16,15:15:00,188600,188600,188300,188300,8380,1579300000,3043,5337
010120,2026-04-16,15:20:00,188300,188600,188300,188600,6405,1206900000,3164,3241
010120,2026-04-16,15:30:00,188600,188600,188600,188600,31886,6013690000,31747,0
010120,2026-04-17,09:05:00,188800,188900,186700,186800,34608,6500430000,13463,21145
010120,2026-04-17,09:10:00,186800,187400,185900,186400,28281,5269740000,11865,16416
010120,2026-04-17,09:15:00,186400,188900,186300,188700,15851,2971750000,6993,8858
010120,2026-04-17,09:20:00,188800,189800,188100,189500,24334,4601860000,14412,9922
010120,2026-04-17,09:25:00,189500,189700,188800,189000,11215,2122220000,4408,6807
010120,2026-04-17,09:30:00,189000,190500,188900,189800,16675,3165970000,11379,5296
010120,2026-04-17,09:35:00,189700,190400,189200,189200,15382,2918840000,6149,9233
010120,2026-04-17,09:40:00,189200,189400,188800,189000,8625,1631190000,2298,6327
010120,2026-04-17,09:45:00,189000,189900,188900,189300,14792,2801950000,7716,7076
010120,2026-04-17,09:50:00,189200,189200,188500,188600,9510,1795920000,2386,7124
010120,2026-04-17,09:55:00,188500,188600,187700,188000,9871,1855600000,3515,6356
010120,2026-04-17,10:00:00,187900,188000,187500,187500,6541,1228110000,2009,4532
010120,2026-04-17,10:05:00,187600,187600,187000,187100,19771,3702700000,5928,13843
010120,2026-04-17,10:10:00,187000,187400,186900,187200,12157,2274580000,7805,4352
010120,2026-04-17,10:15:00,187200,187300,186900,187000,13640,2551340000,5740,7900
010120,2026-04-17,10:20:00,187050,188200,187050,187600,19052,3575270000,11086,7966
010120,2026-04-17,10:25:00,187600,188300,187600,188000,12513,2351540000,7029,5484
010120,2026-04-17,10:30:00,188000,189000,187900,188900,12678,2391300000,7855,4823
010120,2026-04-17,10:35:00,188900,188900,188600,188900,11434,2158320000,5449,5985
010120,2026-04-17,10:40:00,188900,189200,188200,188700,11092,2094330000,5860,5232
010120,2026-04-17,10:45:00,188400,188700,188200,188650,8341,1572090000,4474,3867
010120,2026-04-17,10:50:00,188700,188700,188100,188600,8066,1519250000,3436,4630
010120,2026-04-17,10:55:00,188500,188600,188100,188400,6919,1303440000,1978,4941
010120,2026-04-17,11:00:00,188400,188900,188300,188600,10062,1898080000,5804,4258
010120,2026-04-17,11:05:00,188600,188700,188100,188400,5850,1102180000,1730,4120
010120,2026-04-17,11:10:00,188300,188300,187500,187800,11753,2208920000,2171,9582
010120,2026-04-17,11:15:00,187700,187700,187100,187500,13631,2554200000,4730,8901
010120,2026-04-17,11:20:00,187500,187700,187200,187300,4243,795450000,2047,2196
010120,2026-04-17,11:25:00,187400,187500,187100,187200,6361,1191270000,1522,4839
010120,2026-04-17,11:30:00,187200,187200,187100,187200,4763,891400000,2420,2343
010120,2026-04-17,11:35:00,187100,187200,187000,187100,7511,1405200000,2708,4803
010120,2026-04-17,11:40:00,187100,187100,187000,187000,6230,1165220000,2079,4151
010120,2026-04-17,11:45:00,187000,187100,186900,186900,8578,1604200000,1261,7317
010120,2026-04-17,11:50:00,187000,187000,186900,187000,2399,448580000,2104,295
010120,2026-04-17,11:55:00,186900,187000,186800,186800,7252,1355470000,2139,5113
010120,2026-04-17,12:00:00,186900,186900,186800,186800,3839,717270000,1483,2356
010120,2026-04-17,12:05:00,186800,186900,186800,186900,3183,594700000,1152,2031
010120,2026-04-17,12:10:00,186900,186900,186800,186800,3010,562310000,434,2576
010120,2026-04-17,12:15:00,186800,186900,186800,186900,4371,816830000,3312,1059
010120,2026-04-17,12:20:00,186800,186900,186700,186800,5800,1083360000,546,5254
010120,2026-04-17,12:25:00,186700,186800,186600,186700,7033,1312840000,1924,5109
010120,2026-04-17,12:30:00,186600,186800,186600,186600,4270,797200000,917,3353
010120,2026-04-17,12:35:00,186600,186700,186500,186600,5602,1045310000,1186,4416
010120,2026-04-17,12:40:00,186500,186600,186400,186500,10191,1900570000,2608,7583
010120,2026-04-17,12:45:00,186500,186500,186400,186400,4596,856920000,2242,2354
010120,2026-04-17,12:50:00,186500,186500,186400,186500,3491,650780000,548,2943
010120,2026-04-17,12:55:00,186500,186800,186400,186700,7261,1354580000,5022,2239
010120,2026-04-17,13:00:00,186800,186800,186500,186600,5165,963840000,1713,3452
010120,2026-04-17,13:05:00,186600,186600,186400,186600,5464,1018860000,2043,3421
010120,2026-04-17,13:10:00,186600,186800,186400,186700,5086,948770000,1904,3182
010120,2026-04-17,13:15:00,186700,187100,186600,187100,7522,1405280000,5277,2245
010120,2026-04-17,13:20:00,187100,187900,187000,187700,13501,2528110000,10772,2729
010120,2026-04-17,13:25:00,187700,187700,187300,187300,6016,1127780000,2271,3745
010120,2026-04-17,13:30:00,187400,187400,187300,187300,2612,489310000,789,1823
010120,2026-04-17,13:35:00,187400,188300,187200,188200,18516,3472490000,12988,5528
010120,2026-04-17,13:40:00,188300,188300,187500,187500,5311,997100000,1408,3903
010120,2026-04-17,13:45:00,187500,187600,187000,187100,10012,1874910000,3154,6858
010120,2026-04-17,13:50:00,187200,187200,187000,187000,4241,793460000,695,3546
010120,2026-04-17,13:55:00,187000,187200,187000,187100,7007,1310680000,2556,4451
010120,2026-04-17,14:00:00,187000,187100,186900,186900,6193,1158090000,1518,4675
010120,2026-04-17,14:05:00,186900,187000,186800,186900,6982,1304900000,2895,4087
010120,2026-04-17,14:10:00,186900,187600,186900,187400,14354,2685870000,10277,4077
010120,2026-04-17,14:15:00,187400,187400,187300,187300,4318,809020000,2568,1750
010120,2026-04-17,14:20:00,187300,187400,186900,187000,7805,1461200000,1672,6133
010120,2026-04-17,14:25:00,187000,187200,186800,186800,7983,1492190000,2517,5466
010120,2026-04-17,14:30:00,186800,187200,186700,186800,8886,1660690000,3501,5385
010120,2026-04-17,14:35:00,186800,187000,186700,186800,6876,1284300000,781,6095
010120,2026-04-17,14:40:00,186700,187400,186600,186900,13383,2501960000,7216,6167
010120,2026-04-17,14:45:00,186900,187300,186800,186800,7705,1440820000,2769,4936
010120,2026-04-17,14:50:00,186800,187100,186700,186700,8513,1590430000,2824,5689
010120,2026-04-17,14:55:00,186700,186900,186600,186800,9082,1695920000,3373,5709
010120,2026-04-17,15:00:00,186700,187000,186600,186900,9903,1849460000,3333,6570
010120,2026-04-17,15:05:00,186900,187000,186700,186800,9037,1688710000,2140,6897
010120,2026-04-17,15:10:00,186900,187000,186400,186600,55612,10379610000,25321,30291
010120,2026-04-17,15:15:00,186600,186700,186400,186500,16018,2988240000,5513,10505
010120,2026-04-17,15:20:00,186400,186600,186300,186600,14636,2728500000,7920,6716
010120,2026-04-17,15:30:00,186500,186500,186500,186500,49411,9215150000,49309,0
010120,2026-04-20,09:05:00,187400,188000,186500,187400,34706,6496820000,18346,16360
010120,2026-04-20,09:10:00,187500,187500,185500,186200,34175,6366610000,14884,19291
010120,2026-04-20,09:15:00,186200,186500,184100,184200,34322,6362630000,12909,21413
010120,2026-04-20,09:20:00,184200,184700,183500,184000,36138,6654610000,16608,19530
010120,2026-04-20,09:25:00,184100,185500,184000,184900,13689,2530050000,6879,6810
010120,2026-04-20,09:30:00,184900,184900,184500,184900,13188,2435360000,8490,4698
010120,2026-04-20,09:35:00,185000,185600,184800,185000,14859,2751170000,8112,6747
010120,2026-04-20,09:40:00,185100,185100,184100,184300,21843,4030800000,5069,16774
010120,2026-04-20,09:45:00,184200,184400,183600,183700,28086,5164940000,7437,20649
010120,2026-04-20,09:50:00,183700,184200,183700,184200,8612,1584070000,5778,2834
010120,2026-04-20,09:55:00,184200,184300,183600,183600,15474,2847280000,3908,11566
010120,2026-04-20,10:00:00,183600,184000,183600,183950,8026,1475490000,4741,3285
010120,2026-04-20,10:05:00,183900,184700,183900,184700,9519,1753780000,4713,4806
010120,2026-04-20,10:10:00,184800,185500,184700,185200,11192,2071690000,6725,4467
010120,2026-04-20,10:15:00,185200,185600,185100,185200,7959,1474720000,4474,3485
010120,2026-04-20,10:20:00,185200,185300,184900,185000,11424,2114840000,3400,8024
010120,2026-04-20,10:25:00,184900,185100,184500,184600,9990,1846450000,4294,5696
010120,2026-04-20,10:30:00,184500,185000,184500,185000,6212,1148140000,4290,1922
010120,2026-04-20,10:35:00,184950,185300,184900,185200,6505,1204280000,4112,2393
010120,2026-04-20,10:40:00,185200,185300,185000,185050,4616,854540000,2102,2514
010120,2026-04-20,10:45:00,185000,185200,185000,185000,3140,581180000,1804,1336
010120,2026-04-20,10:50:00,185000,185400,185000,185200,6234,1154440000,4274,1960
010120,2026-04-20,10:55:00,185200,185500,185100,185400,6607,1224260000,3006,3601
010120,2026-04-20,11:00:00,185400,185500,185200,185300,6202,1149630000,3192,3010
010120,2026-04-20,11:05:00,185300,185400,185200,185300,4101,759970000,953,3148
010120,2026-04-20,11:10:00,185300,185300,185000,185300,8626,1597180000,3802,4824
010120,2026-04-20,11:15:00,185300,185400,185200,185200,3741,693210000,1284,2457
010120,2026-04-20,11:20:00,185200,185400,185200,185200,4738,878140000,2451,2287
010120,2026-04-20,11:25:00,185200,185300,185100,185100,5689,1053270000,1389,4300
010120,2026-04-20,11:30:00,185100,185200,185000,185000,4006,741300000,619,3387
010120,2026-04-20,11:35:00,185000,185300,184700,185100,11740,2170790000,4058,7682
010120,2026-04-20,11:40:00,185200,185200,184900,185100,5557,1028290000,2438,3119
010120,2026-04-20,11:45:00,185000,185100,184900,184900,1980,366210000,527,1453
010120,2026-04-20,11:50:00,184900,184900,184700,184800,3495,645920000,871,2624
010120,2026-04-20,11:55:00,184700,185000,184600,184700,7920,1463040000,3546,4374
010120,2026-04-20,12:00:00,184700,184800,184600,184700,3076,568060000,2002,1074
010120,2026-04-20,12:05:00,184600,185000,184600,184900,3088,571000000,1250,1838
010120,2026-04-20,12:10:00,184900,185100,184800,185000,4076,753930000,2454,1622
010120,2026-04-20,12:15:00,184900,185000,184600,184600,2663,491910000,233,2430
010120,2026-04-20,12:20:00,184600,184700,184500,184600,4777,881730000,1571,3206
010120,2026-04-20,12:25:00,184500,184800,184500,184600,5286,975990000,2708,2578
010120,2026-04-20,12:30:00,184600,184700,184600,184700,1541,284550000,727,814
010120,2026-04-20,12:35:00,184600,184800,184500,184600,4387,810080000,1893,2494
010120,2026-04-20,12:40:00,184600,184600,184400,184400,8504,1568930000,1192,7312
010120,2026-04-20,12:45:00,184500,184500,184200,184300,7221,1331270000,1543,5678
010120,2026-04-20,12:50:00,184300,184300,184100,184100,3361,619050000,486,2875
010120,2026-04-20,12:55:00,184100,184200,184100,184100,12139,2235480000,7676,4463
010120,2026-04-20,13:00:00,184200,184300,184100,184100,5820,1072010000,3403,2417
010120,2026-04-20,13:05:00,184100,184200,184000,184100,8926,1643230000,3626,5300
010120,2026-04-20,13:10:00,184100,184800,184100,184700,7391,1362620000,5385,2006
010120,2026-04-20,13:15:00,184600,184900,184600,184800,4060,750190000,1901,2159
010120,2026-04-20,13:20:00,184800,185000,184700,184800,4986,921640000,2781,2205
010120,2026-04-20,13:25:00,184800,185200,184800,184900,7047,1303360000,4582,2465
010120,2026-04-20,13:30:00,185000,185200,184700,185100,10968,2028230000,5700,5268
010120,2026-04-20,13:35:00,184800,185200,184800,185000,10550,1951730000,6309,4241
010120,2026-04-20,13:40:00,184900,185200,184700,184900,5532,1022910000,2391,3141
010120,2026-04-20,13:45:00,184800,185000,184700,184900,2697,498570000,1297,1400
010120,2026-04-20,13:50:00,184800,184900,184600,184700,5231,966620000,2021,3210
010120,2026-04-20,13:55:00,184700,184900,184600,184800,7081,1308040000,4416,2665
010120,2026-04-20,14:00:00,184900,185000,184700,184800,3685,681100000,1320,2365
010120,2026-04-20,14:05:00,184800,184900,184700,184700,3699,683480000,585,3114
010120,2026-04-20,14:10:00,184700,184900,184700,184800,6188,1143500000,3530,2658
010120,2026-04-20,14:15:00,184800,184900,184700,184750,1739,321270000,610,1129
010120,2026-04-20,14:20:00,184750,184800,184700,184800,3249,600220000,1272,1977
010120,2026-04-20,14:25:00,184700,184800,184700,184700,4763,879770000,515,4248
010120,2026-04-20,14:30:00,184700,184800,184500,184550,5134,947860000,983,4151
010120,2026-04-20,14:35:00,184500,184600,184400,184400,14054,2592550000,4496,9558
010120,2026-04-20,14:40:00,184500,184500,184400,184400,3454,637050000,846,2608
010120,2026-04-20,14:45:00,184400,184500,184200,184300,7606,1401920000,2738,4868
010120,2026-04-20,14:50:00,184300,184300,184100,184100,5869,1080950000,2142,3727
010120,2026-04-20,14:55:00,184100,184200,184000,184100,7394,1361200000,2459,4935
010120,2026-04-20,15:00:00,184100,184300,184100,184200,6181,1138210000,2078,4103
010120,2026-04-20,15:05:00,184200,184300,184100,184100,7671,1412880000,2584,5087
010120,2026-04-20,15:10:00,184200,184200,184000,184100,8674,1596610000,1401,7273
010120,2026-04-20,15:15:00,184000,184300,184000,184200,8198,1509110000,2967,5231
010120,2026-04-20,15:20:00,184200,184400,184100,184200,7140,1314920000,2838,4302
010120,2026-04-20,15:30:00,184200,184200,184200,184200,33132,6102910000,32467,0
010120,2026-04-21,09:05:00,185500,186600,185000,185950,28829,5354990000,13933,14896
010120,2026-04-21,09:10:00,185950,186800,185500,186300,27457,5112910000,14970,12487
010120,2026-04-21,09:15:00,186300,186400,185400,185500,15605,2900030000,4903,10702
010120,2026-04-21,09:20:00,185500,186200,185300,186200,20593,3824440000,10913,9680
010120,2026-04-21,09:25:00,186200,186300,185500,185500,10203,1895930000,4511,5692
010120,2026-04-21,09:30:00,185600,185900,185500,185700,11983,2225020000,5910,6073
010120,2026-04-21,09:35:00,185600,185800,185100,185100,14283,2649120000,3637,10646
010120,2026-04-21,09:40:00,185100,185200,184200,184200,23315,4307410000,5063,18252
010120,2026-04-21,09:45:00,184200,184800,183600,183700,21591,3977100000,4707,16884
010120,2026-04-21,09:50:00,183600,184300,183600,183800,19339,3556500000,7302,12037
010120,2026-04-21,09:55:00,183700,183800,183000,183400,23391,4288820000,4263,19128
010120,2026-04-21,10:00:00,183300,183600,182900,183000,16744,3066070000,3246,13498
010120,2026-04-21,10:05:00,183000,184600,182900,184600,17281,3172220000,7451,9830
010120,2026-04-21,10:10:00,184500,184600,184200,184400,11291,2082240000,3684,7607
010120,2026-04-21,10:15:00,184300,184400,183800,183800,8762,1613020000,1949,6813
010120,2026-04-21,10:20:00,183800,184200,183400,183700,11135,2045040000,3105,8030
010120,2026-04-21,10:25:00,183700,183700,183250,183300,8159,1496600000,1126,7033
010120,2026-04-21,10:30:00,183400,183400,183000,183200,12000,2198440000,2380,9620
010120,2026-04-21,10:35:00,183200,183700,183200,183300,9188,1685330000,3874,5314
010120,2026-04-21,10:40:00,183300,183400,183100,183200,5857,1073310000,1526,4331
010120,2026-04-21,10:45:00,183200,183300,183100,183100,5743,1051900000,1400,4343
010120,2026-04-21,10:50:00,183200,183500,183100,183400,6017,1102510000,2547,3470
010120,2026-04-21,10:55:00,183400,183600,183300,183400,4801,880600000,1723,3078
010120,2026-04-21,11:00:00,183300,183400,183100,183300,6573,1204360000,1346,5227
010120,2026-04-21,11:05:00,183200,183300,183100,183200,4579,838650000,1181,3398
010120,2026-04-21,11:10:00,183100,183600,183000,183450,18863,3454290000,5530,13333
010120,2026-04-21,11:15:00,183500,184100,183000,184000,13691,2510880000,5309,8382
010120,2026-04-21,11:20:00,183900,184700,183900,184500,13448,2479870000,7546,5902
010120,2026-04-21,11:25:00,184500,184600,183700,183800,11288,2077720000,3519,7769
010120,2026-04-21,11:30:00,183800,183900,183300,183300,7680,1409610000,959,6721
010120,2026-04-21,11:35:00,183300,183500,183200,183400,5334,977880000,1338,3996
010120,2026-04-21,11:40:00,183400,183600,183100,183200,9024,1654030000,2058,6966
010120,2026-04-21,11:45:00,183200,183300,183000,183000,9870,1807360000,3711,6159
010120,2026-04-21,11:50:00,183100,183100,182800,182900,22687,4150450000,3081,19606
010120,2026-04-21,11:55:00,182900,183400,182600,183400,17503,3199740000,4606,12897
010120,2026-04-21,12:00:00,183300,183700,183300,183300,6720,1232770000,1639,5081
010120,2026-04-21,12:05:00,183300,183800,183200,183700,7317,1342290000,3041,4276
010120,2026-04-21,12:10:00,183800,183800,183000,183200,5940,1088410000,1885,4055
010120,2026-04-21,12:15:00,183300,183500,183200,183300,3664,671710000,1579,2085
010120,2026-04-21,12:20:00,183300,183450,183100,183200,4301,788240000,966,3335
010120,2026-04-21,12:25:00,183300,183300,183000,183100,4433,811760000,842,3591
010120,2026-04-21,12:30:00,183100,183400,183100,183200,4233,775480000,1433,2800
010120,2026-04-21,12:35:00,183200,183300,183100,183100,3221,589930000,1223,1998
010120,2026-04-21,12:40:00,183100,183200,183000,183000,2686,491720000,891,1795
010120,2026-04-21,12:45:00,183000,183300,183000,183300,6432,1178270000,3182,3250
010120,2026-04-21,12:50:00,183200,183500,183200,183300,5143,942870000,2131,3012
010120,2026-04-21,12:55:00,183300,183800,183200,183700,8744,1604120000,4218,4526
010120,2026-04-21,13:00:00,183700,184000,183500,183900,10679,1962870000,5702,4977
010120,2026-04-21,13:05:00,184000,185000,183900,184900,14171,2613860000,8227,5944
010120,2026-04-21,13:10:00,185000,185400,184900,185200,14850,2749490000,6550,8300
010120,2026-04-21,13:15:00,185100,185400,185000,185100,10610,1964680000,4349,6261
010120,2026-04-21,13:20:00,185100,185300,184900,184900,11046,2044310000,4086,6960
010120,2026-04-21,13:25:00,184900,185200,184800,185100,9879,1827210000,3546,6333
010120,2026-04-21,13:30:00,185100,185100,184600,184700,5532,1022770000,1157,4375
010120,2026-04-21,13:35:00,184600,184800,184300,184400,8870,1637130000,2202,6668
010120,2026-04-21,13:40:00,184400,184600,184300,184300,7531,1388940000,2920,4611
010120,2026-04-21,13:45:00,184400,184500,184200,184500,5099,939920000,1399,3700
010120,2026-04-21,13:50:00,184400,184900,184400,184900,7727,1427200000,2887,4840
010120,2026-04-21,13:55:00,184800,184900,184300,184400,12933,2386200000,3934,8999
010120,2026-04-21,14:00:00,184400,184900,184400,184600,7550,1394140000,2621,4929
010120,2026-04-21,14:05:00,184600,185000,184600,184900,6321,1167980000,3207,3114
010120,2026-04-21,14:10:00,185000,185000,184600,184900,7401,1368020000,2166,5235
010120,2026-04-21,14:15:00,184800,185000,184800,184800,4140,765300000,1488,2652
010120,2026-04-21,14:20:00,184800,184900,184700,184800,3907,721960000,1002,2905
010120,2026-04-21,14:25:00,184700,184800,184600,184700,5578,1030350000,1744,3834
010120,2026-04-21,14:30:00,184800,184900,184600,184600,5052,933350000,1876,3176
010120,2026-04-21,14:35:00,184600,184800,184500,184600,6478,1195800000,2429,4049
010120,2026-04-21,14:40:00,184600,184800,184600,184700,4487,828780000,1949,2538
010120,2026-04-21,14:45:00,184700,184800,184600,184700,5429,1002660000,1784,3645
010120,2026-04-21,14:50:00,184700,184900,184700,184800,5602,1035190000,1752,3850
010120,2026-04-21,14:55:00,184800,184900,184700,184700,6750,1247160000,1031,5719
010120,2026-04-21,15:00:00,184700,184800,184600,184600,7125,1315820000,3819,3306
010120,2026-04-21,15:05:00,184600,184800,184600,184600,3644,672830000,1310,2334
010120,2026-04-21,15:10:00,184700,185000,184600,185000,8275,1529050000,4894,3381
010120,2026-04-21,15:15:00,184900,185200,184900,185000,12152,2248700000,7006,5146
010120,2026-04-21,15:20:00,185000,185100,184700,184700,13800,2552150000,4218,9582
010120,2026-04-21,15:30:00,184700,184700,184700,184700,21010,3880540000,20978,0
010120,2026-04-22,09:05:00,191700,198800,191200,195800,226014,44235230000,142340,83674
010120,2026-04-22,09:10:00,195800,196700,189900,190200,127035,24577640000,52248,74787
010120,2026-04-22,09:15:00,190200,193700,189200,192100,73288,14039240000,35755,37533
010120,2026-04-22,09:20:00,192100,193900,190500,192400,50220,9651210000,24369,25851
010120,2026-04-22,09:25:00,192400,192500,190900,191950,27093,5189920000,13263,13830
010120,2026-04-22,09:30:00,191950,192000,190200,190200,25275,4831350000,7866,17409
010120,2026-04-22,09:35:00,190300,191300,190200,190300,22070,4208030000,10633,11437
010120,2026-04-22,09:40:00,190400,190500,188700,188700,42665,8087410000,10299,32366
010120,2026-04-22,09:45:00,188700,188800,187600,187900,45004,8470900000,16625,28379
010120,2026-04-22,09:50:00,187800,189100,187500,188700,26932,5069230000,11021,15911
010120,2026-04-22,09:55:00,188700,189000,187800,187900,18937,3567770000,6541,12396
010120,2026-04-22,10:00:00,187900,189000,187900,188600,14946,2817730000,6342,8604
010120,2026-04-22,10:05:00,188500,189650,188400,188900,13007,2460610000,6719,6288
010120,2026-04-22,10:10:00,188900,188900,188100,188400,14697,2768640000,7213,7484
010120,2026-04-22,10:15:00,188400,189600,188300,189400,9829,1857030000,4187,5642
010120,2026-04-22,10:20:00,189500,190200,189200,189300,13724,2603400000,7040,6684
010120,2026-04-22,10:25:00,189300,189800,189100,189400,8892,1684280000,4618,4274
010120,2026-04-22,10:30:00,189400,189400,188500,188500,9826,1857140000,1874,7952
010120,2026-04-22,10:35:00,188600,188800,188300,188400,6352,1197630000,2402,3950
010120,2026-04-22,10:40:00,188400,189500,188200,189200,13434,2536890000,8160,5274
010120,2026-04-22,10:45:00,189100,189600,188800,189400,9432,1784520000,4426,5006
010120,2026-04-22,10:50:00,189400,190000,189400,189900,9107,1727570000,5345,3762
010120,2026-04-22,10:55:00,189800,189900,189400,189400,7321,1388840000,2655,4666
010120,2026-04-22,11:00:00,189500,189600,189000,189300,6489,1228420000,3090,3399
010120,2026-04-22,11:05:00,189300,190500,189200,190200,16068,3052270000,10440,5628
010120,2026-04-22,11:10:00,190200,190300,189200,189300,10044,1904000000,4266,5778
010120,2026-04-22,11:15:00,189300,189800,189200,189500,8024,1519710000,3258,4766
010120,2026-04-22,11:20:00,189500,189600,189200,189300,4610,873070000,1079,3531
010120,2026-04-22,11:25:00,189300,189500,189300,189400,4660,882590000,1766,2894
010120,2026-04-22,11:30:00,189400,190100,189400,190000,6358,1206570000,3093,3265
010120,2026-04-22,11:35:00,190000,190200,189800,189800,4070,773300000,1581,2489
010120,2026-04-22,11:40:00,189800,190000,189800,189900,3145,597210000,1610,1535
010120,2026-04-22,11:45:00,189900,190100,189900,190000,4266,810470000,2125,2141
010120,2026-04-22,11:50:00,190100,190200,190000,190100,4187,795940000,2107,2080
010120,2026-04-22,11:55:00,190200,190400,190000,190400,11116,2113540000,5967,5149
010120,2026-04-22,12:00:00,190400,190700,190300,190400,8550,1628990000,3794,4756
010120,2026-04-22,12:05:00,190500,190900,190400,190800,6302,1201190000,4040,2262
010120,2026-04-22,12:10:00,190800,191600,190800,191500,11988,2292590000,7361,4627
010120,2026-04-22,12:15:00,191500,191800,191100,191200,11461,2194420000,5481,5980
010120,2026-04-22,12:20:00,191200,191300,190700,190900,7555,1442600000,3147,4408
010120,2026-04-22,12:25:00,191000,191500,190600,191400,9148,1747570000,5052,4096
010120,2026-04-22,12:30:00,191400,191800,191000,191700,7905,1513520000,4086,3819
010120,2026-04-22,12:35:00,191700,192800,191700,192100,22897,4402550000,15032,7865
010120,2026-04-22,12:40:00,192100,192100,191500,191800,8713,1671500000,3976,4737
010120,2026-04-22,12:45:00,191800,192000,191500,191700,9649,1850770000,4645,5004
010120,2026-04-22,12:50:00,191700,192800,191700,192500,15538,2988810000,9736,5802
010120,2026-04-22,12:55:00,192500,192800,192100,192800,15158,2918120000,8441,6717
010120,2026-04-22,13:00:00,192700,192800,192300,192500,6481,1247710000,3425,3056
010120,2026-04-22,13:05:00,192500,192500,192100,192400,5675,1090940000,2180,3495
010120,2026-04-22,13:10:00,192500,192600,192200,192300,7891,1518180000,4499,3392
010120,2026-04-22,13:15:00,192300,193800,192200,193800,26851,5184060000,20339,6512
010120,2026-04-22,13:20:00,193700,194200,193300,193900,30891,5986050000,18522,12369
010120,2026-04-22,13:25:00,193900,194000,193600,194000,10769,2087820000,5165,5604
010120,2026-04-22,13:30:00,193900,195700,193900,195200,56494,11018620000,41952,14542
010120,2026-04-22,13:35:00,195200,195300,194500,195200,29512,5749080000,14199,15313
010120,2026-04-22,13:40:00,195200,195300,194500,194700,16657,3245780000,7351,9306
010120,2026-04-22,13:45:00,194700,195200,194600,194900,15930,3105110000,8896,7034
010120,2026-04-22,13:50:00,194900,195000,193600,193600,17155,3331780000,5310,11845
010120,2026-04-22,13:55:00,193600,193700,192800,192800,20976,4052450000,6109,14867
010120,2026-04-22,14:00:00,192800,192900,192000,192300,15076,2900930000,5578,9498
010120,2026-04-22,14:05:00,192300,192300,191600,191900,13850,2658020000,3945,9905
010120,2026-04-22,14:10:00,191900,192300,191800,192200,8603,1651750000,4460,4143
010120,2026-04-22,14:15:00,192200,192900,192200,192800,11816,2275270000,4704,7112
010120,2026-04-22,14:20:00,192900,193200,192700,192800,10859,2095400000,4585,6274
010120,2026-04-22,14:25:00,192900,192900,192600,192700,9467,1824780000,2996,6471
010120,2026-04-22,14:30:00,192700,193800,192700,193400,16296,3150590000,6465,9831
010120,2026-04-22,14:35:00,193400,194300,193400,194100,10333,2002970000,6129,4204
010120,2026-04-22,14:40:00,194100,194200,193600,193700,9110,1766480000,2704,6406
010120,2026-04-22,14:45:00,193800,194300,193500,194200,11163,2165380000,5410,5753
010120,2026-04-22,14:50:00,194200,194300,193900,194100,12198,2368230000,6533,5665
010120,2026-04-22,14:55:00,194100,194300,194000,194200,6800,1320520000,3755,3045
010120,2026-04-22,15:00:00,194300,194500,194200,194200,9233,1794390000,5900,3333
010120,2026-04-22,15:05:00,194200,194300,193500,193700,10769,2088250000,4447,6322
010120,2026-04-22,15:10:00,193800,193800,193600,193800,6976,1351460000,2733,4243
010120,2026-04-22,15:15:00,193700,193800,193500,193600,10196,1974420000,4657,5539
010120,2026-04-22,15:20:00,193600,193900,193600,193900,12420,2406930000,8492,3928
010120,2026-04-22,15:30:00,194200,194200,194200,194200,35330,6861080000,35220,0
010120,2026-04-23,09:05:00,211500,215500,207500,209000,240598,50886450000,157154,83432
010120,2026-04-23,09:10:00,209000,209500,205000,207500,79468,16441140000,30768,48700
010120,2026-04-23,09:15:00,207500,211500,207000,210000,70735,14829320000,39134,31601
010120,2026-04-23,09:20:00,210000,215500,209000,215500,119891,25468020000,79312,40579
010120,2026-04-23,09:25:00,215500,223500,212500,222500,208899,45758120000,147452,61447
010120,2026-04-23,09:30:00,222500,227500,220500,225500,192308,43062040000,121774,70534
010120,2026-04-23,09:35:00,225500,229500,223500,229000,152429,34533170000,87776,64653
010120,2026-04-23,09:40:00,229000,231500,225000,225000,165035,37712640000,80353,84682
010120,2026-04-23,09:45:00,225000,229500,225000,227500,86161,19585390000,46822,39339
010120,2026-04-23,09:50:00,227500,229500,226500,227500,87148,19879230000,54889,32259
010120,2026-04-23,09:55:00,227500,229000,224000,225500,76075,17194290000,27344,48731
010120,2026-04-23,10:00:00,225500,226000,221000,221500,67262,14974400000,15726,51536
010120,2026-04-23,10:05:00,221500,223500,221000,221000,42246,9381430000,21115,21131
010120,2026-04-23,10:10:00,221000,221500,218000,220000,67243,14762500000,21755,45488
010120,2026-04-23,10:15:00,220000,221250,217500,219500,51020,11205780000,23188,27832
010120,2026-04-23,10:20:00,219500,220000,217000,217750,39180,8539310000,13344,25836
010120,2026-04-23,10:25:00,217750,220250,217500,219500,30875,6761230000,16177,14698
010120,2026-04-23,10:30:00,219750,220500,218500,219000,28360,6234780000,12327,16033
010120,2026-04-23,10:35:00,219000,220000,218000,219500,16488,3609360000,6249,10239
010120,2026-04-23,10:40:00,219500,220000,218500,219750,10764,2357760000,4688,6076
010120,2026-04-23,10:45:00,219500,221000,218000,219000,31855,6990120000,16692,15163
010120,2026-04-23,10:50:00,219000,219500,218000,218000,11048,2411720000,4328,6720
010120,2026-04-23,10:55:00,218000,218250,215500,216000,33009,7153230000,4306,28703
010120,2026-04-23,11:00:00,216000,217000,215250,215500,26377,5695580000,6662,19715
010120,2026-04-23,11:05:00,215500,218000,215500,215500,23616,5117400000,11963,11653
010120,2026-04-23,11:10:00,215500,216000,213000,213500,35941,7711430000,6189,29752
010120,2026-04-23,11:15:00,213500,215000,212500,214000,29321,6261350000,11652,17669
010120,2026-04-23,11:20:00,213500,215000,212500,214500,16899,3611880000,7917,8982
010120,2026-04-23,11:25:00,214000,216000,214000,215500,15721,3384030000,10468,5253
010120,2026-04-23,11:30:00,215500,215500,213500,213500,11488,2463240000,3597,7891
010120,2026-04-23,11:35:00,214000,214000,211000,212000,29321,6223120000,7397,21924
010120,2026-04-23,11:40:00,211500,213500,211000,212250,24799,5263780000,13126,11673
010120,2026-04-23,11:45:00,212000,212500,210500,210500,19917,4203810000,4352,15565
010120,2026-04-23,11:50:00,210500,211500,210000,210500,20190,4256170000,7468,12722
010120,2026-04-23,11:55:00,210500,212000,209000,211000,33569,7065810000,11423,22146
010120,2026-04-23,12:00:00,211500,212000,209500,209750,15656,3300050000,4909,10747
010120,2026-04-23,12:05:00,209750,210000,208000,210000,29921,6253940000,10809,19112
010120,2026-04-23,12:10:00,209500,210000,207000,207000,27800,5779890000,8838,18962
010120,2026-04-23,12:15:00,207000,208500,205500,206500,54902,11346270000,28700,26202
010120,2026-04-23,12:20:00,207000,209000,206500,208000,22156,4608540000,10382,11774
010120,2026-04-23,12:25:00,207500,208500,205000,207500,31238,6451090000,10117,21121
010120,2026-04-23,12:30:00,207000,208000,206000,208000,15497,3203800000,7088,8409
010120,2026-04-23,12:35:00,208000,208000,205500,207000,12415,2566440000,4376,8039
010120,2026-04-23,12:40:00,206500,206500,203000,203500,55142,11277180000,16121,39021
010120,2026-04-23,12:45:00,204000,207500,203500,207500,29779,6112660000,15719,14060
010120,2026-04-23,12:50:00,207000,208500,206500,208500,40583,8426810000,21722,18861
010120,2026-04-23,12:55:00,208000,209000,207500,208500,29965,6242100000,16916,13049
010120,2026-04-23,13:00:00,208500,209000,207000,208250,17773,3694710000,7174,10599
010120,2026-04-23,13:05:00,208000,208500,207000,207000,10670,2215960000,4361,6309
010120,2026-04-23,13:10:00,207000,208000,206000,207500,19232,3975080000,6270,12962
010120,2026-04-23,13:15:00,207500,209500,207500,209000,22855,4764760000,11976,10879
010120,2026-04-23,13:20:00,208500,210000,208000,209500,25990,5433000000,13572,12418
010120,2026-04-23,13:25:00,209000,210000,208500,209000,21925,4586690000,7621,14304
010120,2026-04-23,13:30:00,208500,209500,208500,209000,8114,1696250000,3854,4260
010120,2026-04-23,13:35:00,209000,210000,209000,210000,9249,1936790000,5960,3289
010120,2026-04-23,13:40:00,210000,211250,209500,210500,53973,11363330000,29884,24089
010120,2026-04-23,13:45:00,210500,211000,209500,210000,18855,3960910000,7287,11568
010120,2026-04-23,13:50:00,210000,211000,209500,210500,12170,2557410000,6040,6130
010120,2026-04-23,13:55:00,210250,211500,210000,211000,17405,3671110000,10783,6622
010120,2026-04-23,14:00:00,211000,211500,210000,211000,16320,3442770000,5251,11069
010120,2026-04-23,14:05:00,211500,212000,210500,211500,18056,3817360000,9255,8801
010120,2026-04-23,14:10:00,211500,214000,211500,213500,29565,6297600000,19304,10261
010120,2026-04-23,14:15:00,213500,214000,212000,212500,21403,4558190000,7852,13551
010120,2026-04-23,14:20:00,212500,213000,210500,211500,16368,3464530000,6162,10206
010120,2026-04-23,14:25:00,212000,212500,211500,211750,9654,2046440000,4221,5433
010120,2026-04-23,14:30:00,211500,213500,211250,213000,16110,3419840000,9296,6814
010120,2026-04-23,14:35:00,212500,214000,212500,213500,10586,2258240000,6928,3658
010120,2026-04-23,14:40:00,214000,214250,212500,212500,18365,3920080000,8106,10259
010120,2026-04-23,14:45:00,213000,214000,212500,214000,11140,2375930000,8074,3066
010120,2026-04-23,14:50:00,213500,215000,213000,214500,25026,5363300000,18107,6919
010120,2026-04-23,14:55:00,214500,216000,214500,216000,24729,5323450000,15499,9230
010120,2026-04-23,15:00:00,215500,216000,215000,215500,18565,4004720000,10815,7750
010120,2026-04-23,15:05:00,215500,217500,215000,217500,32164,6951540000,19019,13145
010120,2026-04-23,15:10:00,217500,217500,216000,217000,13876,3011770000,6713,7163
010120,2026-04-23,15:15:00,217250,217500,215500,216000,25890,5606120000,9574,16316
010120,2026-04-23,15:20:00,216000,216500,215500,216250,13527,2925320000,9140,4387
010120,2026-04-23,15:30:00,217000,217000,217000,217000,43652,9472480000,43526,0
010120,2026-04-24,09:05:00,221000,224500,218000,220000,114480,25264720000,50324,63620
010120,2026-04-24,09:10:00,219500,224500,219500,222000,66300,14761040000,35006,31294
010120,2026-04-24,09:15:00,222500,223000,218500,219000,39203,8628210000,12638,26565
010120,2026-04-24,09:20:00,219000,222000,218000,222000,36310,7995940000,18526,17784
010120,2026-04-24,09:25:00,221500,223500,220500,223000,36011,8003770000,21162,14849
010120,2026-04-24,09:30:00,223500,225000,222500,223000,53414,11957190000,30141,23273
010120,2026-04-24,09:35:00,223250,225500,223000,225000,44774,10045120000,31510,13264
010120,2026-04-24,09:40:00,225000,230000,225000,229000,100093,22814180000,70888,29205
010120,2026-04-24,09:45:00,228500,234000,227500,233000,110938,25621380000,73963,36975
010120,2026-04-24,09:50:00,233500,234000,228000,230000,75517,17447570000,26772,48745
010120,2026-04-24,09:55:00,229500,232500,229000,231500,48381,11171910000,23967,24414
010120,2026-04-24,10:00:00,231500,231500,226500,227000,47079,10742000000,12051,35028
010120,2026-04-24,10:05:00,227000,229000,225500,229000,33960,7705580000,14386,19574
010120,2026-04-24,10:10:00,229000,229500,226500,228500,34702,7920690000,19516,15186
010120,2026-04-24,10:15:00,228000,230000,227500,228000,23220,5309930000,12959,10261
010120,2026-04-24,10:20:00,227500,228000,225000,226000,29368,6650480000,11984,17384
010120,2026-04-24,10:25:00,226000,228000,226000,227000,15641,3550030000,8767,6874
010120,2026-04-24,10:30:00,227000,229000,227000,228000,12043,2745670000,7627,4416
010120,2026-04-24,10:35:00,228500,229500,227500,229000,19859,4540520000,12296,7563
010120,2026-04-24,10:40:00,229000,229500,228000,229250,9127,2087950000,6223,2904
010120,2026-04-24,10:45:00,229500,229500,228000,229000,9509,2177360000,4956,4553
010120,2026-04-24,10:50:00,229500,231000,229000,230000,33574,7723810000,24537,9037
010120,2026-04-24,10:55:00,230500,231500,230000,231500,16101,3720710000,9110,6991
010120,2026-04-24,11:00:00,231500,232000,231000,231000,14253,3301250000,9450,4803
010120,2026-04-24,11:05:00,231000,232000,229500,231500,25040,5781520000,11473,13567
010120,2026-04-24,11:10:00,231500,232000,230000,230500,9020,2083720000,2037,6983
010120,2026-04-24,11:15:00,230500,232000,230000,230000,20334,4697490000,11322,9012
010120,2026-04-24,11:20:00,230500,230500,228500,228500,13832,3174140000,3511,10321
010120,2026-04-24,11:25:00,229000,229000,227500,227500,9067,2067850000,2488,6579
010120,2026-04-24,11:30:00,227500,228000,226500,228000,11894,2703040000,5623,6271
010120,2026-04-24,11:35:00,228000,229000,227500,228500,11934,2724000000,8224,3710
010120,2026-04-24,11:40:00,229000,229000,228000,228500,5204,1189400000,2812,2392
010120,2026-04-24,11:45:00,228500,229500,228000,229500,6663,1525220000,5400,1263
010120,2026-04-24,11:50:00,229000,230000,229000,229500,5325,1221590000,2769,2556
010120,2026-04-24,11:55:00,229500,230500,229000,230000,9284,2133180000,8531,753
010120,2026-04-24,12:00:00,230500,230500,229500,230500,6861,1579370000,3477,3384
010120,2026-04-24,12:05:00,230500,231000,230000,230500,7352,1695610000,3803,3549
010120,2026-04-24,12:10:00,230500,231000,230000,231000,5295,1220770000,3913,1382
010120,2026-04-24,12:15:00,231000,231000,230000,231000,6840,1577090000,2436,4404
010120,2026-04-24,12:20:00,231000,231000,230000,231000,6297,1451130000,4558,1739
010120,2026-04-24,12:25:00,231000,231000,230000,230000,9251,2132930000,1620,7631
010120,2026-04-24,12:30:00,230500,230500,230000,230250,3726,857960000,1981,1745
010120,2026-04-24,12:35:00,230500,231000,230000,230500,13367,3080600000,5842,7525
010120,2026-04-24,12:40:00,230500,230500,229500,229500,5798,1333360000,2320,3478
010120,2026-04-24,12:45:00,229500,230000,228000,228500,14731,3371310000,2621,12110
010120,2026-04-24,12:50:00,229000,229000,228000,229000,8561,1955720000,5285,3276
010120,2026-04-24,12:55:00,228500,229000,228500,229000,2766,632960000,1877,889
010120,2026-04-24,13:00:00,229000,229000,226000,226500,23176,5270220000,3420,19756
010120,2026-04-24,13:05:00,226500,227000,226000,226500,19566,4429760000,8438,11128
010120,2026-04-24,13:10:00,226500,228000,226500,228000,16022,3639800000,7466,8556
010120,2026-04-24,13:15:00,227500,228000,227500,227500,5269,1199820000,2228,3041
010120,2026-04-24,13:20:00,228000,228000,227000,227500,10619,2417100000,2777,7842
010120,2026-04-24,13:25:00,228000,228500,226000,226500,23762,5401590000,7030,16732
010120,2026-04-24,13:30:00,226500,226500,223500,225500,46476,10455450000,9060,37416
010120,2026-04-24,13:35:00,226000,228000,225500,226000,16822,3808360000,7620,9202
010120,2026-04-24,13:40:00,226000,227000,225000,227000,14914,3368180000,5841,9073
010120,2026-04-24,13:45:00,227000,228000,226000,227000,10342,2347330000,4494,5848
010120,2026-04-24,13:50:00,227500,228000,227000,227500,6530,1485600000,3081,3449
010120,2026-04-24,13:55:00,227500,228000,226500,226500,12039,2736430000,4179,7860
010120,2026-04-24,14:00:00,227000,227500,226500,227500,9616,2182690000,3989,5627
010120,2026-04-24,14:05:00,227500,227500,226500,227000,7528,1708820000,3282,4246
010120,2026-04-24,14:10:00,226500,227000,226500,227000,5260,1192450000,2335,2925
010120,2026-04-24,14:15:00,226500,227500,226500,227000,9980,2264450000,5126,4854
010120,2026-04-24,14:20:00,227500,227500,227000,227500,6549,1488080000,2898,3651
010120,2026-04-24,14:25:00,227500,228250,227000,228000,19110,4347350000,9051,10059
010120,2026-04-24,14:30:00,228500,228500,228000,228000,6512,1486210000,2939,3573
010120,2026-04-24,14:35:00,228500,228500,228000,228500,9890,2257830000,4894,4996
010120,2026-04-24,14:40:00,228500,228500,228000,228500,4487,1024110000,2137,2350
010120,2026-04-24,14:45:00,228000,229000,227500,227500,18184,4151600000,7512,10672
010120,2026-04-24,14:50:00,227500,228000,227000,227000,13326,3032490000,6213,7113
010120,2026-04-24,14:55:00,227000,228000,227000,228000,7883,1794220000,3880,4003
010120,2026-04-24,15:00:00,227500,228000,227000,227500,17964,4088030000,4589,13375
010120,2026-04-24,15:05:00,227500,228000,227000,227500,10585,2409340000,2806,7779
010120,2026-04-24,15:10:00,227500,228000,227000,227000,10658,2422550000,4880,5778
010120,2026-04-24,15:15:00,227500,228000,227000,228000,15576,3543780000,7325,8251
010120,2026-04-24,15:20:00,228000,228000,227000,227500,20033,4557020000,6487,13546
010120,2026-04-24,15:30:00,226500,226500,226500,226500,54926,12440740000,54813,0
010120,2026-04-27,09:05:00,246500,247500,242000,244000,141191,34540150000,69758,71433
010120,2026-04-27,09:10:00,244000,245500,241000,245000,67226,16355570000,24396,42830
010120,2026-04-27,09:15:00,245500,255000,244500,253500,115569,28902880000,75569,40000
010120,2026-04-27,09:20:00,253500,256000,250500,256000,75306,19090470000,44095,31211
010120,2026-04-27,09:25:00,255500,256500,252500,252500,55369,14112470000,21865,33504
010120,2026-04-27,09:30:00,252750,255000,251000,255000,42053,10620760000,17528,24525
010120,2026-04-27,09:35:00,255000,255000,250500,250500,30302,7624600000,7065,23237
010120,2026-04-27,09:40:00,250500,250750,247000,247500,51550,12813470000,13539,38011
010120,2026-04-27,09:45:00,247500,248500,245500,248500,37204,9191000000,15847,21357
010120,2026-04-27,09:50:00,248500,248500,246000,247000,25915,6397390000,11564,14351
010120,2026-04-27,09:55:00,247000,247500,245000,246000,22169,5453570000,9192,12977
010120,2026-04-27,10:00:00,246000,247500,245500,246000,22302,5496180000,10371,11931
010120,2026-04-27,10:05:00,246000,252000,246000,250500,32491,8122250000,20634,11857
010120,2026-04-27,10:10:00,251000,252500,250500,252500,22442,5643990000,11105,11337
010120,2026-04-27,10:15:00,252500,252500,250500,251000,14215,3576150000,5947,8268
010120,2026-04-27,10:20:00,251250,252000,250500,252000,12359,3105070000,6686,5673
010120,2026-04-27,10:25:00,252000,252000,250500,251500,12545,3154370000,3829,8716
010120,2026-04-27,10:30:00,251500,254000,251000,253500,21701,5483510000,14391,7310
010120,2026-04-27,10:35:00,253500,254000,251500,252500,13471,3402510000,4449,9022
010120,2026-04-27,10:40:00,252500,253000,251500,252500,9721,2452090000,3225,6496
010120,2026-04-27,10:45:00,252500,253500,252000,253000,10514,2657210000,4511,6003
010120,2026-04-27,10:50:00,253000,253000,252000,252500,6951,1754190000,1900,5051
010120,2026-04-27,10:55:00,252000,253000,252000,252500,6605,1666460000,3425,3180
010120,2026-04-27,11:00:00,252500,253000,251000,252000,15313,3855860000,6216,9097
010120,2026-04-27,11:05:00,252000,252500,251500,252000,4899,1235450000,3465,1434
010120,2026-04-27,11:10:00,252000,254000,252000,254000,10851,2745300000,9895,956
010120,2026-04-27,11:15:00,254000,254500,253500,254500,14163,3594200000,7271,6892
010120,2026-04-27,11:20:00,254500,255000,254000,255000,9438,2403200000,6690,2748
010120,2026-04-27,11:25:00,255000,256000,254500,256000,18310,4671170000,15221,3089
010120,2026-04-27,11:30:00,256000,259500,255500,259500,57605,14847810000,43279,14326
010120,2026-04-27,11:35:00,259500,259500,257000,258000,20562,5310720000,9084,11478
010120,2026-04-27,11:40:00,258500,260500,257000,260500,23008,5967080000,19456,3552
010120,2026-04-27,11:45:00,260500,261500,260000,260500,24439,6370420000,16041,8398
010120,2026-04-27,11:50:00,261000,261000,257500,257500,23727,6146160000,7267,16460
010120,2026-04-27,11:55:00,258000,259500,257500,259000,11443,2956770000,5581,5862
010120,2026-04-27,12:00:00,259000,259000,258000,258500,9820,2538440000,4916,4904
010120,2026-04-27,12:05:00,258500,259000,257000,257000,8067,2080140000,1595,6472
010120,2026-04-27,12:10:00,257000,258000,257000,258000,9032,2324190000,3030,6002
010120,2026-04-27,12:15:00,257500,258000,256000,256500,9201,2365900000,2501,6700
010120,2026-04-27,12:20:00,256000,257000,255000,256500,15239,3899650000,6700,8539
010120,2026-04-27,12:25:00,256500,256500,255500,255500,4623,1184320000,1172,3451
010120,2026-04-27,12:30:00,255500,257250,255500,257250,9870,2531250000,6592,3278
010120,2026-04-27,12:35:00,257500,257500,255500,255500,10863,2784870000,3015,7848
010120,2026-04-27,12:40:00,255500,257000,255500,255500,9953,2549170000,4580,5373
010120,2026-04-27,12:45:00,256000,256000,255500,255500,11936,3051080000,4769,7167
010120,2026-04-27,12:50:00,256000,256000,255000,255000,6474,1653350000,2898,3576
010120,2026-04-27,12:55:00,255000,257500,255000,257000,10046,2572980000,8083,1963
010120,2026-04-27,13:00:00,257000,257500,255500,255500,15922,4089600000,8178,7744
010120,2026-04-27,13:05:00,255500,256000,254500,254500,18760,4780870000,1941,16819
010120,2026-04-27,13:10:00,255000,256000,254000,254500,14121,3598940000,5569,8552
010120,2026-04-27,13:15:00,255000,255000,253500,253500,10020,2547580000,2177,7843
010120,2026-04-27,13:20:00,254000,254500,253250,254000,13809,3504930000,6194,7615
010120,2026-04-27,13:25:00,254000,254500,253500,254000,10547,2677710000,5652,4895
010120,2026-04-27,13:30:00,254000,254500,253500,254000,5571,1414550000,2945,2626
010120,2026-04-27,13:35:00,254000,254000,253000,253000,10441,2644980000,2200,8241
010120,2026-04-27,13:40:00,253000,254750,253000,253500,20485,5197430000,8199,12286
010120,2026-04-27,13:45:00,254000,254500,253500,254500,6605,1677480000,3423,3182
010120,2026-04-27,13:50:00,254000,255500,254000,255000,14398,3666750000,8954,5444
010120,2026-04-27,13:55:00,255000,255500,254000,255000,8171,2080500000,3027,5144
010120,2026-04-27,14:00:00,254500,255000,253000,253500,14908,3782090000,6541,8367
010120,2026-04-27,14:05:00,254000,254500,253500,254000,9377,2383350000,6064,3313
010120,2026-04-27,14:10:00,254500,254500,253000,254000,11630,2950030000,5582,6048
010120,2026-04-27,14:15:00,253500,254000,253500,253500,4989,1265340000,1241,3748
010120,2026-04-27,14:20:00,253500,255000,253500,254500,11636,2959230000,7433,4203
010120,2026-04-27,14:25:00,254500,255500,254000,255500,11262,2868330000,5516,5746
010120,2026-04-27,14:30:00,255000,255500,254500,255000,11312,2884560000,6036,5276
010120,2026-04-27,14:35:00,255500,255500,254500,254500,7655,1950980000,2571,5084
010120,2026-04-27,14:40:00,254500,255000,253000,253000,13472,3423900000,2868,10604
010120,2026-04-27,14:45:00,253500,253500,252500,253000,17844,4514570000,8770,9074
010120,2026-04-27,14:50:00,253000,254000,253000,253500,15772,3997910000,4859,10913
010120,2026-04-27,14:55:00,253500,253500,253000,253500,7811,1977410000,2456,5355
010120,2026-04-27,15:00:00,253000,254000,252500,252500,15330,3883200000,6978,8352
010120,2026-04-27,15:05:00,252500,254000,252500,253500,8880,2249430000,6147,2733
010120,2026-04-27,15:10:00,253500,254000,253000,253500,11013,2792200000,6405,4608
010120,2026-04-27,15:15:00,253500,255000,253500,254750,19152,4870540000,10965,8187
010120,2026-04-27,15:20:00,254500,255500,254500,255500,17879,4560910000,10852,7027
010120,2026-04-27,15:30:00,255500,255500,255500,255500,34281,8758790000,33956,0
010120,2026-04-28,09:05:00,275500,278000,264000,268000,239104,64488960000,136002,103101
010120,2026-04-28,09:10:00,268000,272000,265000,271500,246926,66229430000,139870,107056
010120,2026-04-28,09:15:00,271500,280000,270500,276000,211293,58411340000,94838,116455
010120,2026-04-28,09:20:00,276250,278000,274500,276500,96539,26700990000,45840,50699
010120,2026-04-28,09:25:00,276500,281500,275500,279500,92798,25889250000,54893,37905
010120,2026-04-28,09:30:00,279500,280000,274500,274500,58306,16136900000,12995,45311
010120,2026-04-28,09:35:00,274500,276500,274000,275500,53091,14604370000,19802,33289
010120,2026-04-28,09:40:00,275500,279000,275000,278500,44186,12250080000,24120,20066
010120,2026-04-28,09:45:00,278500,280500,278000,279750,43588,12175840000,25002,18586
010120,2026-04-28,09:50:00,279500,281500,277000,277000,53762,14998500000,26009,27753
010120,2026-04-28,09:55:00,277000,277500,275000,275000,27558,7606440000,7066,20492
010120,2026-04-28,10:00:00,275000,275500,271000,271000,63519,17354580000,18981,44538
010120,2026-04-28,10:05:00,271000,274000,271000,271000,45670,12442650000,19944,25726
010120,2026-04-28,10:10:00,271000,272500,270500,270500,28693,7785230000,12348,16345
010120,2026-04-28,10:15:00,270500,271000,264500,264500,87612,23436910000,13896,73716
010120,2026-04-28,10:20:00,264500,265500,261500,262500,69144,18226130000,21037,48107
010120,2026-04-28,10:25:00,262750,263000,255000,257500,143995,37156020000,60362,83633
010120,2026-04-28,10:30:00,257000,257500,251500,252500,127849,32485550000,45304,82545
010120,2026-04-28,10:35:00,252000,258500,252000,258500,132825,33975320000,61398,71427
010120,2026-04-28,10:40:00,258500,261750,258000,261500,101731,26413260000,51412,50319
010120,2026-04-28,10:45:00,261500,263500,260000,260750,87045,22809220000,30811,56234
010120,2026-04-28,10:50:00,260750,262000,259000,260000,46211,12029490000,17246,28965
010120,2026-04-28,10:55:00,260000,262000,259500,260500,28748,7491650000,10529,18219
010120,2026-04-28,11:00:00,260000,260500,257000,258250,36287,9382750000,10264,26023
010120,2026-04-28,11:05:00,258250,259000,256000,256500,22766,5856710000,6260,16506
010120,2026-04-28,11:10:00,256500,260000,256500,259500,35292,9114620000,19086,16206
010120,2026-04-28,11:15:00,260000,260000,258000,258000,21176,5484260000,7274,13902
010120,2026-04-28,11:20:00,258000,262000,258000,262000,17014,4436450000,11599,5415
010120,2026-04-28,11:25:00,261500,264000,261500,263500,32944,8656040000,17678,15266
010120,2026-04-28,11:30:00,263500,265500,262000,262000,47486,12547170000,20389,27097
010120,2026-04-28,11:35:00,262000,264500,262000,264000,13849,3640960000,8733,5116
010120,2026-04-28,11:40:00,264000,264500,262000,262500,17406,4580560000,3827,13579
010120,2026-04-28,11:45:00,262000,262500,261000,262500,15011,3927540000,3903,11108
010120,2026-04-28,11:50:00,262000,262500,261000,261000,10463,2740190000,2857,7606
010120,2026-04-28,11:55:00,261500,261500,260500,261500,12200,3183870000,2933,9267
010120,2026-04-28,12:00:00,261500,261500,261000,261000,7259,1895620000,2035,5224
010120,2026-04-28,12:05:00,261000,261500,259000,259000,19528,5073830000,1959,17569
010120,2026-04-28,12:10:00,259000,260500,259000,260250,10506,2729290000,5028,5478
010120,2026-04-28,12:15:00,260250,261000,259500,260000,10673,2777350000,1915,8758
010120,2026-04-28,12:20:00,260000,262000,260000,261500,11026,2873430000,4084,6942
010120,2026-04-28,12:25:00,261500,262000,261000,261500,8014,2094280000,2553,5461
010120,2026-04-28,12:30:00,261000,262500,260500,262000,10368,2708300000,2907,7461
010120,2026-04-28,12:35:00,262000,262500,261500,261500,10534,2759440000,1780,8754
010120,2026-04-28,12:40:00,261500,262000,261000,261500,8027,2098290000,3038,4989
010120,2026-04-28,12:45:00,261500,262000,261000,261500,8272,2162520000,3854,4418
010120,2026-04-28,12:50:00,261500,263000,261500,263000,11273,2957120000,5444,5829
010120,2026-04-28,12:55:00,263000,264500,263000,263500,20051,5284980000,7215,12836
010120,2026-04-28,13:00:00,263500,264000,262000,262000,16356,4304100000,2263,14093
010120,2026-04-28,13:05:00,262500,262500,262000,262000,5953,1560890000,2261,3692
010120,2026-04-28,13:10:00,262000,262500,262000,262500,7120,1866210000,1546,5574
010120,2026-04-28,13:15:00,262000,263500,262000,263000,12641,3322890000,5423,7218
010120,2026-04-28,13:20:00,263500,263500,262500,262750,14114,3711680000,6597,7517
010120,2026-04-28,13:25:00,262500,263000,261500,262000,16831,4411090000,3315,13516
010120,2026-04-28,13:30:00,261500,263000,261500,262000,15536,4071000000,6421,9115
010120,2026-04-28,13:35:00,262000,263500,262000,263000,12781,3360750000,4837,7944
010120,2026-04-28,13:40:00,263000,263500,263000,263000,8263,2174150000,1979,6284
010120,2026-04-28,13:45:00,263000,263500,262500,262500,9420,2477180000,1759,7661
010120,2026-04-28,13:50:00,262500,264000,262500,263000,15566,4095760000,6791,8775
010120,2026-04-28,13:55:00,263250,265000,263000,265000,17181,4536950000,12258,4923
010120,2026-04-28,14:00:00,264500,265000,263500,263500,16980,4489110000,7118,9862
010120,2026-04-28,14:05:00,263500,264500,262000,262000,14978,3942420000,2477,12501
010120,2026-04-28,14:10:00,262000,263500,262000,262500,10177,2673730000,5305,4872
010120,2026-04-28,14:15:00,262500,263000,262500,262500,5357,1406750000,1093,4264
010120,2026-04-28,14:20:00,262500,263000,261000,261000,20900,5473240000,3887,17013
010120,2026-04-28,14:25:00,261000,262500,261000,261500,11556,3025240000,5123,6433
010120,2026-04-28,14:30:00,261500,262000,260500,260750,11351,2962910000,1874,9477
010120,2026-04-28,14:35:00,260500,260750,259500,260000,30683,7979570000,3586,27097
010120,2026-04-28,14:40:00,260500,260500,258500,259500,21553,5590010000,4675,16878
010120,2026-04-28,14:45:00,259000,261000,258500,261000,17008,4418270000,7618,9390
010120,2026-04-28,14:50:00,260500,262000,260500,261500,9809,2562140000,4971,4838
010120,2026-04-28,14:55:00,261500,263500,261500,263000,16370,4296270000,8258,8112
010120,2026-04-28,15:00:00,262500,263000,262000,262000,9314,2444860000,1520,7794
010120,2026-04-28,15:05:00,262000,262500,261500,262500,11734,3074970000,5505,6229
010120,2026-04-28,15:10:00,262000,262500,261500,261500,7960,2085480000,1472,6488
010120,2026-04-28,15:15:00,261500,262000,260500,261500,16536,4319320000,5715,10821
010120,2026-04-28,15:20:00,261500,262500,261000,262000,18593,4863930000,8508,10085
010120,2026-04-28,15:30:00,261500,261500,261500,261500,55358,14476110000,54298,0
010120,2026-04-29,09:05:00,268500,271000,264000,264500,103933,27872340000,53410,50503
010120,2026-04-29,09:10:00,264500,266500,263000,266500,41422,10952790000,20585,20837
010120,2026-04-29,09:15:00,266000,270000,265500,269500,51921,13912180000,35682,16239
010120,2026-04-29,09:20:00,269500,272000,268500,270500,66682,18009280000,42090,24592
010120,2026-04-29,09:25:00,270000,273000,269000,269500,70723,19150330000,38847,31876
010120,2026-04-29,09:30:00,269500,270500,268500,269000,22884,6166750000,7729,15155
010120,2026-04-29,09:35:00,269000,273500,268500,272000,53071,14400380000,32750,20321
010120,2026-04-29,09:40:00,272000,275000,271500,274000,47108,12888930000,29581,17527
010120,2026-04-29,09:45:00,273750,280500,273500,280000,109703,30415100000,80974,28729
010120,2026-04-29,09:50:00,280000,280500,275500,276500,76963,21373290000,35898,41065
010120,2026-04-29,09:55:00,276000,277500,274500,275500,50361,13882350000,20849,29512
010120,2026-04-29,10:00:00,275500,277500,275000,277000,31618,8721970000,14513,17105
010120,2026-04-29,10:05:00,276500,277000,273500,275000,29890,8217280000,10728,19162
010120,2026-04-29,10:10:00,274500,275500,272000,275000,43920,12019280000,19773,24147
010120,2026-04-29,10:15:00,274000,275000,272500,272500,19469,5328500000,7122,12347
010120,2026-04-29,10:20:00,272500,276500,272500,276000,36481,10036170000,27229,9252
010120,2026-04-29,10:25:00,276000,277500,276000,276500,20553,5688870000,15779,4774
010120,2026-04-29,10:30:00,276500,277500,275000,275000,26269,7262620000,13061,13208
010120,2026-04-29,10:35:00,275000,276500,274500,275500,25404,6997750000,14871,10533
010120,2026-04-29,10:40:00,275500,276000,274500,274500,12657,3485580000,6263,6394
010120,2026-04-29,10:45:00,274500,275500,274500,274500,10301,2831920000,4449,5852
010120,2026-04-29,10:50:00,275000,275000,274500,274500,4710,1293900000,2042,2668
010120,2026-04-29,10:55:00,275000,275000,272500,272500,20355,5564860000,3573,16782
010120,2026-04-29,11:00:00,273000,273000,270500,270500,21676,5890560000,3865,17811
010120,2026-04-29,11:05:00,271000,272000,270500,272000,17780,4820630000,9833,7947
010120,2026-04-29,11:10:00,272000,273000,271500,272250,10752,2927720000,7325,3427
010120,2026-04-29,11:15:00,272500,273000,271500,271500,9970,2715860000,4200,5770
010120,2026-04-29,11:20:00,272000,272750,271500,271500,7397,2012070000,3012,4385
010120,2026-04-29,11:25:00,271500,272000,270500,271000,10042,2725120000,2077,7965
010120,2026-04-29,11:30:00,270500,271500,270500,270500,10050,2721430000,4281,5769
010120,2026-04-29,11:35:00,270500,271000,270500,270500,6260,1694960000,3252,3008
010120,2026-04-29,11:40:00,271000,271000,270000,270000,11478,3103360000,4385,7093
010120,2026-04-29,11:45:00,270000,271000,269000,269500,28610,7722610000,6960,21650
010120,2026-04-29,11:50:00,269500,270500,269000,270000,13153,3544670000,5886,7267
010120,2026-04-29,11:55:00,270000,271000,270000,270750,5539,1499700000,3436,2103
010120,2026-04-29,12:00:00,271000,271000,270000,270000,7276,1968300000,2798,4478
010120,2026-04-29,12:05:00,270500,271000,270000,270500,3837,1037490000,2659,1178
010120,2026-04-29,12:10:00,270500,271500,270500,271500,7742,2099480000,5002,2740
010120,2026-04-29,12:15:00,271000,271500,271000,271500,3817,1035240000,1717,2100
010120,2026-04-29,12:20:00,271000,271500,271000,271000,7894,2140670000,2853,5041
010120,2026-04-29,12:25:00,271000,271500,270000,270500,10194,2759660000,1873,8321
010120,2026-04-29,12:30:00,270000,270500,269500,270000,10672,2880460000,1133,9539
010120,2026-04-29,12:35:00,269500,270000,269500,269500,6397,1724710000,1475,4922
010120,2026-04-29,12:40:00,269500,270000,269500,270000,6275,1691830000,1450,4825
010120,2026-04-29,12:45:00,269500,271000,269500,270500,12362,3340530000,6408,5954
010120,2026-04-29,12:50:00,270500,270500,270000,270500,4828,1304380000,1663,3165
010120,2026-04-29,12:55:00,270000,270500,270000,270500,6563,1772680000,1320,5243
010120,2026-04-29,13:00:00,270500,270500,269500,269500,10270,2771270000,1818,8452
010120,2026-04-29,13:05:00,270000,271750,269500,270500,12583,3406510000,7872,4711
010120,2026-04-29,13:10:00,270500,272000,270500,272000,8566,2323990000,6395,2171
010120,2026-04-29,13:15:00,271500,272500,271500,272000,5769,1570010000,3899,1870
010120,2026-04-29,13:20:00,272000,272500,270500,271000,11635,3159710000,2864,8771
010120,2026-04-29,13:25:00,271000,271500,270500,271000,7805,2114480000,3059,4746
010120,2026-04-29,13:30:00,271000,272500,270750,271500,16493,4479740000,8924,7569
010120,2026-04-29,13:35:00,271500,272500,271000,272000,12153,3305160000,4534,7619
010120,2026-04-29,13:40:00,272000,272500,271000,272000,5811,1578700000,1256,4555
010120,2026-04-29,13:45:00,271500,272000,271000,271500,11006,2987950000,6291,4715
010120,2026-04-29,13:50:00,272000,273500,271500,273000,13363,3640350000,10453,2910
010120,2026-04-29,13:55:00,273000,273500,272500,273000,9912,2707080000,6696,3216
010120,2026-04-29,14:00:00,273000,273500,273000,273250,8217,2245530000,4094,4123
010120,2026-04-29,14:05:00,273000,273500,272000,272000,9946,2711840000,2396,7550
010120,2026-04-29,14:10:00,272000,272500,271500,272250,5857,1593520000,1930,3927
010120,2026-04-29,14:15:00,272250,273000,272000,272000,8833,2406710000,4209,4624
010120,2026-04-29,14:20:00,272000,272500,270500,271000,11439,3104120000,2029,9410
010120,2026-04-29,14:25:00,270500,272000,270000,272000,17707,4798550000,8490,9217
010120,2026-04-29,14:30:00,271500,272000,271000,272000,6459,1752850000,2941,3518
010120,2026-04-29,14:35:00,271500,273000,271500,272500,10018,2727730000,5035,4983
010120,2026-04-29,14:40:00,272750,273500,272500,273500,9724,2654390000,5945,3779
010120,2026-04-29,14:45:00,273000,273500,272000,272500,10202,2781800000,3136,7066
010120,2026-04-29,14:50:00,272500,274000,272500,274000,13623,3722530000,8058,5565
010120,2026-04-29,14:55:00,273500,275000,273500,275000,16798,4605880000,10487,6311
010120,2026-04-29,15:00:00,275000,275000,274000,274500,16293,4475860000,9001,7292
010120,2026-04-29,15:05:00,274000,277000,274000,276000,25850,7127960000,20449,5401
010120,2026-04-29,15:10:00,276500,276500,275000,276000,11472,3164680000,6121,5351
010120,2026-04-29,15:15:00,275500,276000,274000,274000,18558,5099820000,5483,13075
010120,2026-04-29,15:20:00,274000,275500,274000,275500,14140,3883650000,7086,7054
010120,2026-04-29,15:30:00,273000,273000,273000,273000,57878,15800690000,56996,0
010120,2026-04-30,09:05:00,278000,281000,275500,279000,112549,31315070000,61262,51287
010120,2026-04-30,09:10:00,279000,282500,276500,277250,61366,17134090000,22599,38767
010120,2026-04-30,09:15:00,277000,280500,276500,277500,35375,9858160000,17965,17410
010120,2026-04-30,09:20:00,277500,279000,275750,279000,41827,11589140000,14905,26922
010120,2026-04-30,09:25:00,279000,281500,278500,281000,37023,10361160000,25325,11698
010120,2026-04-30,09:30:00,281000,282000,280000,281500,32328,9081960000,15894,16434
010120,2026-04-30,09:35:00,281500,283500,281000,283000,47485,13411200000,32529,14956
010120,2026-04-30,09:40:00,282500,283500,282000,283000,21371,6046770000,8941,12430
010120,2026-04-30,09:45:00,283000,283500,280000,280000,24063,6774270000,6420,17643
010120,2026-04-30,09:50:00,280000,281000,278000,279000,23827,6655550000,7605,16222
010120,2026-04-30,09:55:00,279000,280000,278000,278000,19225,5361540000,8022,11203
010120,2026-04-30,10:00:00,278000,278500,276000,276000,21805,6046230000,3864,17941
010120,2026-04-30,10:05:00,276500,277500,276000,276000,19243,5323260000,8241,11002
010120,2026-04-30,10:10:00,276500,277500,275000,276750,25219,6959050000,8668,16551
010120,2026-04-30,10:15:00,276750,278500,276500,278000,16773,4660760000,8707,8066
010120,2026-04-30,10:20:00,278000,278500,277000,277000,11243,3122950000,2113,9130
010120,2026-04-30,10:25:00,277000,278500,277000,278250,8873,2465640000,5319,3554
010120,2026-04-30,10:30:00,278000,279500,278000,279000,7904,2203000000,5977,1927
010120,2026-04-30,10:35:00,279000,279500,278500,279500,8204,2288190000,2963,5241
010120,2026-04-30,10:40:00,279500,279500,277500,278000,16733,4658660000,3936,12797
010120,2026-04-30,10:45:00,278000,279000,278000,278500,7706,2145480000,2551,5155
010120,2026-04-30,10:50:00,278500,278500,277500,277500,6183,1718200000,1306,4877
010120,2026-04-30,10:55:00,277500,278500,277500,278500,10942,3040920000,4806,6136
010120,2026-04-30,11:00:00,278500,279000,277500,278500,5155,1435200000,1660,3495
010120,2026-04-30,11:05:00,278500,280000,278500,279500,11110,3102000000,7042,4068
010120,2026-04-30,11:10:00,279500,280500,279500,280500,11970,3350200000,6272,5698
010120,2026-04-30,11:15:00,280500,280500,279000,279500,10324,2888090000,2663,7661
010120,2026-04-30,11:20:00,279500,280000,279000,279500,8554,2390480000,1838,6716
010120,2026-04-30,11:25:00,279500,280000,279000,279500,5947,1661770000,1594,4353
010120,2026-04-30,11:30:00,280000,280000,279000,279000,9142,2556880000,3924,5218
010120,2026-04-30,11:35:00,279000,279500,277000,279000,18900,5253340000,5855,13045
010120,2026-04-30,11:40:00,278500,278500,277500,278000,3508,975330000,691,2817
010120,2026-04-30,11:45:00,277500,278000,277500,277750,3425,951010000,1118,2307
010120,2026-04-30,11:50:00,277750,278000,277000,277500,7328,2033460000,1511,5817
010120,2026-04-30,11:55:00,277000,277500,276500,277000,10332,2862340000,1979,8353
010120,2026-04-30,12:00:00,276500,277500,276500,277000,15783,4367820000,9544,6239
010120,2026-04-30,12:05:00,277500,277750,277000,277500,5019,1391750000,2523,2496
010120,2026-04-30,12:10:00,277500,278000,276500,276500,5563,1542770000,874,4689
010120,2026-04-30,12:15:00,276500,277000,275500,275500,9718,2683060000,896,8822
010120,2026-04-30,12:20:00,275500,276000,275500,276000,3801,1047870000,1413,2388
010120,2026-04-30,12:25:00,276000,276000,275500,276000,4650,1282360000,2563,2087
010120,2026-04-30,12:30:00,276000,277500,275500,276500,9793,2710570000,4564,5229
010120,2026-04-30,12:35:00,277000,278500,276500,278500,5905,1638520000,4060,1845
010120,2026-04-30,12:40:00,278000,279000,278000,278750,5612,1563480000,2563,3049
010120,2026-04-30,12:45:00,279000,279000,277500,277500,4987,1388210000,1395,3592
010120,2026-04-30,12:50:00,277500,278500,277000,278000,5015,1392950000,2641,2374
010120,2026-04-30,12:55:00,278000,279000,278000,279000,6103,1699920000,3232,2871
010120,2026-04-30,13:00:00,279000,279500,278500,279000,6121,1708100000,3303,2818
010120,2026-04-30,13:05:00,279000,279500,277500,277500,6802,1892020000,2621,4181
010120,2026-04-30,13:10:00,277500,278000,277500,277500,5727,1590550000,2602,3125
010120,2026-04-30,13:15:00,278000,278000,277000,277000,7403,2053830000,2206,5197
010120,2026-04-30,13:20:00,277000,277500,275500,275500,12113,3349140000,2870,9243
010120,2026-04-30,13:25:00,275500,276000,275000,275500,12952,3567750000,3541,9411
010120,2026-04-30,13:30:00,275500,276500,275000,275500,8141,2245200000,4166,3975
010120,2026-04-30,13:35:00,276000,276000,275000,275500,17590,4841600000,4135,13455
010120,2026-04-30,13:40:00,275500,276500,275000,276000,9809,2704810000,5392,4417
010120,2026-04-30,13:45:00,276000,277500,276000,277000,8316,2300100000,4391,3925
010120,2026-04-30,13:50:00,277500,278000,276500,277000,10992,3048790000,2996,7996
010120,2026-04-30,13:55:00,276500,277000,276000,276000,5430,1499950000,917,4513
010120,2026-04-30,14:00:00,276000,276500,274500,274500,15459,4254440000,879,14580
010120,2026-04-30,14:05:00,274500,276500,274500,275000,10811,2976760000,5829,4982
010120,2026-04-30,14:10:00,275000,277000,275000,276000,12149,3354090000,6049,6100
010120,2026-04-30,14:15:00,275500,276500,275500,276000,6065,1674590000,4368,1697
010120,2026-04-30,14:20:00,276000,277500,276000,277000,10169,2812720000,5738,4431
010120,2026-04-30,14:25:00,277000,277500,276500,277000,6615,1831220000,2666,3949
010120,2026-04-30,14:30:00,277000,277500,276500,277000,5671,1571340000,1071,4600
010120,2026-04-30,14:35:00,277000,278000,276500,278000,10633,2948950000,5026,5607
010120,2026-04-30,14:40:00,278000,278500,277500,278500,6751,1876690000,5163,1588
010120,2026-04-30,14:45:00,278500,278500,277500,277500,8265,2297730000,1743,6522
010120,2026-04-30,14:50:00,277500,278000,277000,277500,7915,2196100000,3598,4317
010120,2026-04-30,14:55:00,277500,278000,277000,277000,5751,1595190000,1204,4547
010120,2026-04-30,15:00:00,277000,278000,277000,277750,9180,2546970000,6504,2676
010120,2026-04-30,15:05:00,277750,278500,277500,277500,12653,3519460000,7552,5101
010120,2026-04-30,15:10:00,277500,278500,277500,278000,10471,2911560000,5498,4973
010120,2026-04-30,15:15:00,278000,278500,277500,277500,9979,2774700000,2837,7142
010120,2026-04-30,15:20:00,277500,278000,277500,278000,6306,1751120000,2405,3901
010120,2026-04-30,15:30:00,278000,278000,278000,278000,91663,25482310000,91580,0
010120,2026-05-04,09:05:00,286500,287000,281000,284000,112061,31868390000,49940,62120
010120,2026-05-04,09:10:00,284000,287000,283500,287000,37649,10757030000,18257,19392
010120,2026-05-04,09:15:00,286500,287500,285500,285500,41884,12000990000,18876,23008
010120,2026-05-04,09:20:00,286000,288500,285000,288000,60489,17340340000,36630,23859
010120,2026-05-04,09:25:00,287500,288500,286500,287000,42494,12217410000,15913,26581
010120,2026-05-04,09:30:00,287000,288000,285000,287000,33307,9531040000,14459,18848
010120,2026-05-04,09:35:00,287000,287500,284500,284500,32557,9296450000,9794,22763
010120,2026-05-04,09:40:00,285000,286500,284500,285000,29594,8452130000,10233,19361
010120,2026-05-04,09:45:00,285000,287000,284000,286000,32159,9173590000,15457,16702
010120,2026-05-04,09:50:00,286000,287000,284000,284500,21684,6192220000,11187,10497
010120,2026-05-04,09:55:00,284750,286000,284000,285500,13336,3802690000,7829,5507
010120,2026-05-04,10:00:00,286000,290000,285500,287500,73141,21059230000,55270,17871
010120,2026-05-04,10:05:00,287500,289000,286500,288000,15138,4355790000,8209,6929
010120,2026-05-04,10:10:00,288000,289000,287000,289000,23857,6872550000,10249,13608
010120,2026-05-04,10:15:00,288500,293000,288500,291500,91461,26581660000,61563,29898
010120,2026-05-04,10:20:00,291500,292000,290500,290500,19163,5581440000,8311,10852
010120,2026-05-04,10:25:00,290500,292250,289000,290000,33319,9688550000,14003,19316
010120,2026-05-04,10:30:00,290000,293500,290000,293500,24260,7086250000,20321,3939
010120,2026-05-04,10:35:00,293250,295000,293000,294000,43904,12907870000,27062,16842
010120,2026-05-04,10:40:00,294000,296000,293500,296000,51731,15255630000,32885,18846
010120,2026-05-04,10:45:00,296000,296500,293500,295500,35210,10377650000,14728,20482
010120,2026-05-04,10:50:00,295500,296000,294500,295000,28425,8392610000,15100,13325
010120,2026-05-04,10:55:00,295500,295500,291000,291500,33481,9818350000,9663,23818
010120,2026-05-04,11:00:00,291500,293500,291500,293500,19351,5663270000,11550,7801
010120,2026-05-04,11:05:00,293500,294000,292500,294000,15142,4441400000,9418,5724
010120,2026-05-04,11:10:00,293500,294000,292500,293500,11978,3513090000,6630,5348
010120,2026-05-04,11:15:00,293750,294000,292500,294000,12565,3683510000,4512,8053
010120,2026-05-04,11:20:00,293500,294000,292000,292500,10566,3097820000,2306,8260
010120,2026-05-04,11:25:00,292000,292500,290500,290500,14995,4366890000,3215,11780
010120,2026-05-04,11:30:00,290500,291500,290500,291000,16257,4727540000,4834,11423
010120,2026-05-04,11:35:00,290500,291000,288000,288500,25137,7277930000,2918,22219
010120,2026-05-04,11:40:00,288500,289000,288000,289000,9599,2769710000,4444,5155
010120,2026-05-04,11:45:00,288500,289000,287500,288500,16707,4817750000,6133,10574
010120,2026-05-04,11:50:00,289000,290500,288000,289500,12600,3649780000,7397,5203
010120,2026-05-04,11:55:00,289500,290500,289000,289500,8787,2545380000,3292,5495
010120,2026-05-04,12:00:00,289500,291000,289000,290000,10314,2992910000,4844,5470
010120,2026-05-04,12:05:00,290500,291500,290000,291500,7814,2273910000,4588,3226
010120,2026-05-04,12:10:00,291500,291500,290500,291500,7420,2159090000,3150,4270
010120,2026-05-04,12:15:00,291500,291500,291000,291000,4334,1262800000,2400,1934
010120,2026-05-04,12:20:00,291500,291500,290000,291000,8739,2541170000,3664,5075
010120,2026-05-04,12:25:00,291000,291000,290500,291000,2715,789480000,1530,1185
010120,2026-05-04,12:30:00,290500,291000,290000,290500,6171,1792240000,1707,4464
010120,2026-05-04,12:35:00,290500,292500,290000,292000,9664,2814730000,7645,2019
010120,2026-05-04,12:40:00,292000,293000,291500,292750,7198,2103720000,5423,1775
010120,2026-05-04,12:45:00,293000,293500,292500,293500,6846,2005920000,3953,2893
010120,2026-05-04,12:50:00,293000,293500,293000,293000,4006,1174960000,2302,1704
010120,2026-05-04,12:55:00,293000,293500,292500,292500,6443,1888130000,2027,4416
010120,2026-05-04,13:00:00,292500,293500,292500,293000,6426,1882960000,3332,3094
010120,2026-05-04,13:05:00,293000,293500,292000,292500,8617,2521210000,3990,4627
010120,2026-05-04,13:10:00,292000,292500,291500,292500,4779,1396000000,1342,3437
010120,2026-05-04,13:15:00,292000,292500,291500,292000,4460,1301910000,1097,3363
010120,2026-05-04,13:20:00,291500,292500,291500,292000,8634,2519360000,4375,4259
010120,2026-05-04,13:25:00,292000,293500,292000,293000,7349,2151740000,4997,2352
010120,2026-05-04,13:30:00,292500,293000,292000,292500,3730,1090710000,909,2821
010120,2026-05-04,13:35:00,292000,293000,292000,292500,12096,3538130000,7676,4420
010120,2026-05-04,13:40:00,292500,293000,292000,293000,4896,1432410000,993,3903
010120,2026-05-04,13:45:00,292500,294500,292500,293500,17155,5037140000,12917,4238
010120,2026-05-04,13:50:00,293500,294500,293500,294000,11234,3302660000,8308,2926
010120,2026-05-04,13:55:00,294000,294500,294000,294500,3077,905240000,1243,1834
010120,2026-05-04,14:00:00,294500,294500,293500,294000,11740,3450920000,3613,8127
010120,2026-05-04,14:05:00,293500,294500,293500,293750,10884,3199150000,6764,4120
010120,2026-05-04,14:10:00,293500,294500,293500,293500,7165,2105530000,3286,3879
010120,2026-05-04,14:15:00,293500,294000,293000,293000,7265,2130950000,2219,5046
010120,2026-05-04,14:20:00,293500,294000,293000,293000,6204,1819380000,3207,2997
010120,2026-05-04,14:25:00,293500,294000,293000,293500,6262,1837940000,3075,3187
010120,2026-05-04,14:30:00,293500,294000,292500,292500,9164,2686470000,2637,6527
010120,2026-05-04,14:35:00,292500,294000,292500,293500,8935,2619960000,4744,4191
010120,2026-05-04,14:40:00,293750,294000,293000,293500,8691,2553120000,4814,3877
010120,2026-05-04,14:45:00,293500,294500,293500,294500,8217,2416230000,5824,2393
010120,2026-05-04,14:50:00,294000,294500,293000,293000,7091,2084080000,1174,5917
010120,2026-05-04,14:55:00,293500,294000,293000,293500,7984,2342100000,3312,4672
010120,2026-05-04,15:00:00,293000,294000,293000,293500,7310,2145850000,2579,4731
010120,2026-05-04,15:05:00,293500,294000,292500,293500,15108,4431000000,5967,9141
010120,2026-05-04,15:10:00,293000,293500,292500,292500,15091,4420180000,3928,11163
010120,2026-05-04,15:15:00,292500,293000,292000,293000,21167,6194860000,9220,11947
010120,2026-05-04,15:20:00,293000,294000,292500,293750,21755,6379210000,13563,8192
010120,2026-05-04,15:30:00,294000,294000,294000,294000,31908,9380950000,31817,0
010120,2026-05-06,09:05:00,305500,306000,299500,301500,126385,38279350000,53845,72540
010120,2026-05-06,09:10:00,302000,310000,298500,305000,80305,24357840000,36173,44132
010120,2026-05-06,09:15:00,305000,306500,302500,303500,48640,14797410000,21947,26693
010120,2026-05-06,09:20:00,303500,308500,303000,307500,48445,14845740000,27522,20923
010120,2026-05-06,09:25:00,307500,308000,305000,305000,31481,9666640000,10723,20758
010120,2026-05-06,09:30:00,305000,312000,305000,308500,80241,24819810000,52418,27823
010120,2026-05-06,09:35:00,308500,309000,306000,307000,30676,9441390000,14239,16437
010120,2026-05-06,09:40:00,307000,307000,304000,305500,39518,12073880000,17739,21779
010120,2026-05-06,09:45:00,305500,307500,305000,307500,19406,5941130000,8603,10803
010120,2026-05-06,09:50:00,307500,308500,306500,308000,19431,5977250000,9732,9699
010120,2026-05-06,09:55:00,308500,311500,308000,311000,43158,13371110000,29254,13904
010120,2026-05-06,10:00:00,311500,311500,309000,310500,24182,7501190000,12319,11863
010120,2026-05-06,10:05:00,310000,315000,310000,314000,42896,13418270000,33406,9490
010120,2026-05-06,10:10:00,314000,319500,314000,319500,56527,17882320000,35047,21480
010120,2026-05-06,10:15:00,319500,319500,315500,319250,43485,13825010000,18573,24912
010120,2026-05-06,10:20:00,319500,328500,319500,326500,89219,28842430000,50768,38451
010120,2026-05-06,10:25:00,327000,327500,320000,324000,55261,17906830000,23062,32199
010120,2026-05-06,10:30:00,324000,324000,316000,316000,50681,16151310000,14996,35685
010120,2026-05-06,10:35:00,316500,321500,316000,321500,33839,10783640000,21405,12434
010120,2026-05-06,10:40:00,321000,321500,318500,318500,26838,8584480000,9482,17356
010120,2026-05-06,10:45:00,318500,322000,317500,321500,19365,6191440000,10626,8739
010120,2026-05-06,10:50:00,321500,322000,318000,319500,22307,7142280000,8104,14203
010120,2026-05-06,10:55:00,319500,320500,318000,318000,16457,5250240000,6989,9468
010120,2026-05-06,11:00:00,318000,319000,317000,318000,17043,5419590000,5129,11914
010120,2026-05-06,11:05:00,318000,319000,317500,318000,11480,3654830000,4120,7360
010120,2026-05-06,11:10:00,317500,318500,316500,318000,14200,4506250000,4704,9496
010120,2026-05-06,11:15:00,318250,318500,316000,316000,13786,4367770000,2498,11288
010120,2026-05-06,11:20:00,316000,317000,315500,316500,17155,5424960000,6667,10488
010120,2026-05-06,11:25:00,316500,317000,315000,315000,12313,3889310000,2189,10124
010120,2026-05-06,11:30:00,315000,316500,315000,316000,12060,3810770000,5754,6306
010120,2026-05-06,11:35:00,316000,317750,316000,316500,9726,3082040000,3873,5853
010120,2026-05-06,11:40:00,316500,318000,316500,316500,8299,2629270000,2560,5739
010120,2026-05-06,11:45:00,316500,317000,314000,314500,20673,6511200000,4404,16269
010120,2026-05-06,11:50:00,314500,315500,314500,314500,9153,2881270000,3119,6034
010120,2026-05-06,11:55:00,314500,317000,314500,316500,9952,3140680000,5255,4697
010120,2026-05-06,12:00:00,316500,318000,316000,317500,8654,2746040000,2604,6050
010120,2026-05-06,12:05:00,317000,318500,317000,317500,8769,2784950000,4279,4490
010120,2026-05-06,12:10:00,317500,318500,317500,318000,4544,1445130000,2240,2304
010120,2026-05-06,12:15:00,318250,319500,318000,319000,8368,2669070000,4684,3684
010120,2026-05-06,12:20:00,319000,319500,318500,319000,6106,1948120000,2266,3840
010120,2026-05-06,12:25:00,318500,319000,318000,318000,6399,2037300000,760,5639
010120,2026-05-06,12:30:00,318000,318500,317000,317000,10097,3209750000,1705,8392
010120,2026-05-06,12:35:00,317000,317500,315500,316000,15986,5057560000,3176,12810
010120,2026-05-06,12:40:00,316000,317000,315000,315000,12251,3868850000,3250,9001
010120,2026-05-06,12:45:00,315000,316000,315000,315500,4834,1525020000,2185,2649
010120,2026-05-06,12:50:00,315500,316000,314500,315000,10741,3387320000,2879,7862
010120,2026-05-06,12:55:00,314500,315500,313000,313000,16251,5099890000,2981,13270
010120,2026-05-06,13:00:00,313000,314000,312500,313500,13078,4095830000,3335,9743
010120,2026-05-06,13:05:00,313500,317000,313500,316750,9456,2985270000,4988,4468
010120,2026-05-06,13:10:00,316500,316750,314000,314000,8850,2791270000,2443,6407
010120,2026-05-06,13:15:00,314000,316000,313000,316000,11472,3607940000,3968,7504
010120,2026-05-06,13:20:00,315500,317000,315000,316500,8895,2810690000,4001,4894
010120,2026-05-06,13:25:00,316500,317000,315000,316000,10539,3330150000,2560,7979
010120,2026-05-06,13:30:00,316000,317500,316000,317000,10094,3199310000,4549,5545
010120,2026-05-06,13:35:00,317000,318000,317000,317000,8323,2640560000,2567,5756
010120,2026-05-06,13:40:00,317000,317000,315500,315500,7306,2308850000,2400,4906
010120,2026-05-06,13:45:00,315500,316250,314500,315000,10364,3267910000,1910,8454
010120,2026-05-06,13:50:00,314500,316000,314500,316000,8270,2604280000,3016,5254
010120,2026-05-06,13:55:00,316000,317000,315500,316000,10079,3185990000,2481,7598
010120,2026-05-06,14:00:00,316000,316000,315000,315000,5933,1871950000,1087,4846
010120,2026-05-06,14:05:00,315000,316000,314000,314500,11051,3478360000,3924,7127
010120,2026-05-06,14:10:00,314500,315000,314000,314500,8305,2611330000,2554,5751
010120,2026-05-06,14:15:00,314500,315500,314000,314000,8914,2803480000,3874,5040
010120,2026-05-06,14:20:00,314000,315000,313500,314500,11001,3455000000,4132,6869
010120,2026-05-06,14:25:00,314500,315000,313000,313000,10198,3201730000,3241,6957
010120,2026-05-06,14:30:00,313000,315000,313000,314500,11595,3639230000,4752,6843
010120,2026-05-06,14:35:00,314500,315750,314000,314500,10441,3288370000,4480,5961
010120,2026-05-06,14:40:00,314750,316500,314500,316000,13516,4264380000,6020,7496
010120,2026-05-06,14:45:00,316000,316500,315000,315500,11415,3602860000,5062,6353
010120,2026-05-06,14:50:00,315500,317500,315500,317000,13729,4341860000,7206,6523
010120,2026-05-06,14:55:00,317500,317500,317000,317000,6794,2154800000,2197,4597
010120,2026-05-06,15:00:00,317000,317500,315500,316000,25272,7999100000,6375,18897
010120,2026-05-06,15:05:00,316000,318000,316000,317500,14912,4728140000,10476,4436
010120,2026-05-06,15:10:00,317500,319000,317500,317500,20322,6463830000,7797,12525
010120,2026-05-06,15:15:00,318000,319000,317500,319000,12569,4002050000,5855,6714
010120,2026-05-06,15:20:00,318500,319000,318000,318500,16923,5387740000,6680,10243
010120,2026-05-06,15:30:00,315500,315500,315500,315500,51413,16220790000,51386,0
010120,2026-05-07,09:05:00,331000,335000,317500,318000,146261,48077960000,76338,69923
010120,2026-05-07,09:10:00,318000,318000,301000,303500,178574,54675160000,87091,91483
010120,2026-05-07,09:15:00,303500,313000,302250,312500,120971,37373920000,63521,57450
010120,2026-05-07,09:20:00,312000,315500,311000,315000,76772,24049260000,36516,40256
010120,2026-05-07,09:25:00,315000,316000,308000,308000,80248,24982230000,25716,54532
010120,2026-05-07,09:30:00,308000,308250,303000,303500,87527,26647710000,45101,42426
010120,2026-05-07,09:35:00,303500,307500,299000,307500,107762,32506600000,50013,57749
010120,2026-05-07,09:40:00,307000,309500,306500,308500,62985,19405420000,36094,26891
010120,2026-05-07,09:45:00,309000,309000,305500,306000,38140,11713010000,18756,19384
010120,2026-05-07,09:50:00,306000,309500,305000,308500,34018,10459450000,20679,13339
010120,2026-05-07,09:55:00,308000,308500,304000,304000,39087,11964330000,12929,26158
010120,2026-05-07,10:00:00,304500,304500,299500,300000,46342,13952050000,6530,39812
010120,2026-05-07,10:05:00,300000,300000,298000,298000,34393,10276770000,3975,30418
010120,2026-05-07,10:10:00,299000,300000,298500,299000,34060,10193020000,17170,16890
010120,2026-05-07,10:15:00,299000,302500,298000,301000,53276,15955690000,33050,20226
010120,2026-05-07,10:20:00,301000,302000,300000,302000,29313,8821050000,17418,11895
010120,2026-05-07,10:25:00,302000,302000,299500,299500,29354,8819580000,9436,19918
010120,2026-05-07,10:30:00,300000,301500,299000,300500,31866,9566670000,14829,17037
010120,2026-05-07,10:35:00,300500,301000,297000,297000,43592,13015670000,7711,35881
010120,2026-05-07,10:40:00,297500,300500,297000,299500,22837,6821700000,12423,10414
010120,2026-05-07,10:45:00,299500,301500,299500,301000,30233,9092650000,15650,14583
010120,2026-05-07,10:50:00,300500,302500,300500,302500,32339,9750860000,19023,13316
010120,2026-05-07,10:55:00,302000,303000,300000,301000,31705,9554870000,12865,18840
010120,2026-05-07,11:00:00,300500,304000,300500,304000,22986,6954250000,12850,10136
010120,2026-05-07,11:05:00,303500,306500,303500,306000,47188,14410240000,25027,22161
010120,2026-05-07,11:10:00,306000,309000,305500,309000,28128,8652450000,18294,9834
010120,2026-05-07,11:15:00,308500,310500,308500,310000,22788,7057430000,11077,11711
010120,2026-05-07,11:20:00,309750,310000,307000,308000,27012,8331670000,6293,20719
010120,2026-05-07,11:25:00,308000,309500,306000,307500,24065,7406380000,8023,16042
010120,2026-05-07,11:30:00,307500,309000,307000,308000,12228,3762610000,5177,7051
010120,2026-05-07,11:35:00,308000,308500,307000,307500,14157,4356130000,6901,7256
010120,2026-05-07,11:40:00,307500,308500,307000,307000,10945,3365480000,4657,6288
010120,2026-05-07,11:45:00,307000,307500,304500,304500,23572,7204780000,5073,18499
010120,2026-05-07,11:50:00,305000,305000,303000,304000,9776,2970660000,2014,7762
010120,2026-05-07,11:55:00,303500,304500,303000,303500,8789,2667770000,3138,5651
010120,2026-05-07,12:00:00,304000,306500,303500,305500,10636,3245350000,4504,6132
010120,2026-05-07,12:05:00,306000,306000,303500,303500,7649,2327630000,1449,6200
010120,2026-05-07,12:10:00,304000,304000,303000,303500,6020,1826610000,654,5366
010120,2026-05-07,12:15:00,303500,303500,303000,303000,5950,1803090000,477,5473
010120,2026-05-07,12:20:00,303500,304500,303000,304000,7141,2168480000,4192,2949
010120,2026-05-07,12:25:00,304500,304500,304000,304500,3977,1209830000,1662,2315
010120,2026-05-07,12:30:00,304500,306500,304000,306000,7693,2348970000,4668,3025
010120,2026-05-07,12:35:00,306000,307500,306000,307000,9598,2944350000,4383,5215
010120,2026-05-07,12:40:00,307000,307500,306000,307000,7393,2266690000,3319,4074
010120,2026-05-07,12:45:00,307500,307500,307000,307000,5606,1721820000,1569,4037
010120,2026-05-07,12:50:00,307000,308500,307000,308000,9998,3077560000,4186,5812
010120,2026-05-07,12:55:00,308000,309250,308000,308500,17041,5257720000,10234,6807
010120,2026-05-07,13:00:00,308500,309000,307500,308000,10379,3200550000,2448,7931
010120,2026-05-07,13:05:00,308000,308500,307000,307500,12148,3738300000,3139,9009
010120,2026-05-07,13:10:00,307500,308000,307000,307500,9204,2830100000,3676,5528
010120,2026-05-07,13:15:00,307000,307500,306500,307000,8197,2516080000,3694,4503
010120,2026-05-07,13:20:00,307000,307500,306500,307000,3760,1154450000,1414,2346
010120,2026-05-07,13:25:00,307500,309000,307000,308500,11226,3454840000,6732,4494
010120,2026-05-07,13:30:00,308500,309000,308000,309000,7188,2217980000,2831,4357
010120,2026-05-07,13:35:00,308750,309000,308500,308500,3361,1037410000,1137,2224
010120,2026-05-07,13:40:00,308500,309000,308000,308000,6555,2022130000,1105,5450
010120,2026-05-07,13:45:00,308000,310000,308000,309500,13821,4269140000,8912,4909
010120,2026-05-07,13:50:00,309500,310000,308500,308500,9506,2938210000,2918,6588
010120,2026-05-07,13:55:00,308500,309500,308500,309000,5421,1674890000,3117,2304
010120,2026-05-07,14:00:00,309000,311000,309000,311000,15853,4916620000,9773,6080
010120,2026-05-07,14:05:00,310500,312500,310000,312500,16233,5056070000,12006,4227
010120,2026-05-07,14:10:00,312500,314000,311500,313500,12116,3787480000,6847,5269
010120,2026-05-07,14:15:00,314000,317000,313500,315500,27267,8606950000,15909,11358
010120,2026-05-07,14:20:00,315500,318000,315500,317000,22879,7248910000,12005,10874
010120,2026-05-07,14:25:00,316500,318000,315500,316500,20776,6574730000,9432,11344
010120,2026-05-07,14:30:00,316500,319000,316500,318500,13836,4400470000,8950,4886
010120,2026-05-07,14:35:00,318500,320000,318000,319000,24090,7682090000,9676,14414
010120,2026-05-07,14:40:00,318500,319500,316500,317000,19263,6126190000,7540,11723
010120,2026-05-07,14:45:00,317000,319000,317000,318500,14119,4488260000,7174,6945
010120,2026-05-07,14:50:00,318500,321000,318500,320500,28999,9277160000,19974,9025
010120,2026-05-07,14:55:00,320500,320500,318500,319000,14322,4576220000,4134,10188
010120,2026-05-07,15:00:00,318500,318500,317500,318000,13025,4142070000,3892,9133
010120,2026-05-07,15:05:00,318000,319000,317500,318500,8205,2613300000,5229,2976
010120,2026-05-07,15:10:00,319000,319000,318000,318000,11743,3740880000,4133,7610
010120,2026-05-07,15:15:00,318500,319000,317500,318500,12136,3860310000,3824,8312
010120,2026-05-07,15:20:00,318500,319000,318000,319000,11305,3599160000,5839,5466
010120,2026-05-07,15:30:00,318500,318500,318500,318500,50987,16239350000,50965,0
010120,2026-05-08,09:05:00,309500,309500,302500,306500,102856,31502430000,65364,37475
010120,2026-05-08,09:10:00,307000,310000,305500,306500,34225,10535560000,14784,19441
010120,2026-05-08,09:15:00,306500,310000,306000,310000,36288,11165190000,18443,17845
010120,2026-05-08,09:20:00,309500,314000,308500,312500,43135,13439990000,25072,18063
010120,2026-05-08,09:25:00,312750,314500,312000,313000,25634,8026630000,11893,13741
010120,2026-05-08,09:30:00,313000,314500,310500,311500,23246,7272610000,10841,12405
010120,2026-05-08,09:35:00,311500,315000,311000,315000,13179,4128550000,7542,5637
010120,2026-05-08,09:40:00,314500,317000,314500,316000,27052,8541880000,14769,12283
010120,2026-05-08,09:45:00,316000,318000,313500,318000,23562,7437040000,11587,11975
010120,2026-05-08,09:50:00,318000,318000,315000,317000,19174,6071450000,9915,9259
010120,2026-05-08,09:55:00,317000,319000,316500,317500,27966,8872120000,15146,12820
010120,2026-05-08,10:00:00,318000,319000,317000,317500,17229,5480710000,10017,7212
010120,2026-05-08,10:05:00,317500,318500,314500,316500,19034,6023170000,6694,12340
010120,2026-05-08,10:10:00,317000,319500,316500,319500,15561,4953430000,8541,7020
010120,2026-05-08,10:15:00,319500,319500,317000,317500,19710,6278530000,9602,10108
010120,2026-05-08,10:20:00,317500,318500,317500,318500,6023,1914250000,2385,3638
010120,2026-05-08,10:25:00,318000,318500,315500,315500,19293,6120870000,6281,13012
010120,2026-05-08,10:30:00,315500,317000,314500,314500,15821,4989360000,3290,12531
010120,2026-05-08,10:35:00,314500,314500,312000,312000,9959,3120230000,1724,8235
010120,2026-05-08,10:40:00,312000,313000,311000,311500,12786,3987220000,3056,9730
010120,2026-05-08,10:45:00,312000,314500,311500,313500,12164,3805630000,5208,6956
010120,2026-05-08,10:50:00,314000,315000,312500,312500,7259,2278820000,3218,4041
010120,2026-05-08,10:55:00,312500,314000,311000,311000,10406,3248600000,2685,7721
010120,2026-05-08,11:00:00,311000,311500,309500,310000,21851,6779840000,4504,17347
010120,2026-05-08,11:05:00,310000,311500,309500,311000,13189,4090810000,4753,8436
010120,2026-05-08,11:10:00,311000,311000,310000,310500,8019,2490010000,2028,5991
010120,2026-05-08,11:15:00,310750,311000,309000,309500,11876,3679200000,3857,8019
010120,2026-05-08,11:20:00,310000,310000,308000,308500,10362,3200810000,2202,8160
010120,2026-05-08,11:25:00,308500,312000,308500,311500,18193,5636200000,8935,9258
010120,2026-05-08,11:30:00,312000,312000,311000,311000,8154,2539880000,3455,4699
010120,2026-05-08,11:35:00,311500,311500,309500,309750,6907,2142880000,3569,3338
010120,2026-05-08,11:40:00,309500,310000,308000,308500,12794,3947580000,4643,8151
010120,2026-05-08,11:45:00,308500,310500,308500,310500,8205,2540990000,3881,4324
010120,2026-05-08,11:50:00,310000,311500,310000,311000,7758,2411260000,4657,3101
010120,2026-05-08,11:55:00,311500,311500,310000,310000,6277,1949590000,1454,4823
010120,2026-05-08,12:00:00,310000,310500,309500,310000,6563,2036050000,2456,4107
010120,2026-05-08,12:05:00,310000,311000,310000,310500,5674,1761370000,2898,2776
010120,2026-05-08,12:10:00,310500,312000,310500,311000,9425,2933640000,4464,4961
010120,2026-05-08,12:15:00,311000,312000,311000,311000,6351,1978140000,2607,3744
010120,2026-05-08,12:20:00,311000,311500,310000,310000,4674,1452670000,951,3723
010120,2026-05-08,12:25:00,310500,311000,310000,310500,5346,1660060000,3549,1797
010120,2026-05-08,12:30:00,310500,311000,310500,311000,3980,1236390000,1188,2792
010120,2026-05-08,12:35:00,310500,311500,310500,311000,9171,2852480000,5567,3604
010120,2026-05-08,12:40:00,311000,312000,311000,311500,7239,2255180000,3010,4229
010120,2026-05-08,12:45:00,312000,312500,311500,312000,6524,2034680000,3200,3324
010120,2026-05-08,12:50:00,312000,312500,311500,311500,7586,2365430000,1705,5881
010120,2026-05-08,12:55:00,311500,312500,310500,310500,9546,2972070000,2708,6838
010120,2026-05-08,13:00:00,310500,312000,310500,311500,8832,2748560000,3105,5727
010120,2026-05-08,13:05:00,311000,312000,309500,310000,18048,5604740000,3660,14388
010120,2026-05-08,13:10:00,310000,311500,310000,311000,4773,1483990000,2809,1964
010120,2026-05-08,13:15:00,311000,311500,311000,311000,3154,981860000,1910,1244
010120,2026-05-08,13:20:00,311000,311500,310000,311000,9051,2812770000,4588,4463
010120,2026-05-08,13:25:00,311000,312000,311000,312000,8350,2601030000,4098,4252
010120,2026-05-08,13:30:00,311500,313000,311500,313000,6907,2157330000,5755,1152
010120,2026-05-08,13:35:00,312500,313500,311000,311500,12273,3833920000,2986,9287
010120,2026-05-08,13:40:00,311500,312000,310500,310500,7039,2189480000,1744,5295
010120,2026-05-08,13:45:00,310500,311000,310000,310500,10454,3246240000,3336,7118
010120,2026-05-08,13:50:00,310500,311500,310500,310500,10895,3388660000,6345,4550
010120,2026-05-08,13:55:00,310500,311500,310500,311000,3845,1196440000,2078,1767
010120,2026-05-08,14:00:00,311000,312500,311000,312500,11238,3498240000,5520,5718
010120,2026-05-08,14:05:00,312500,312500,311000,311500,7050,2197410000,1977,5073
010120,2026-05-08,14:10:00,311000,312500,310500,312500,17516,5457820000,8757,8759
010120,2026-05-08,14:15:00,312000,313000,311000,312500,9955,3105850000,4011,5944
010120,2026-05-08,14:20:00,312000,313500,311500,312500,14570,4550880000,7893,6677
010120,2026-05-08,14:25:00,312500,313500,311500,312000,16040,5013570000,8089,7951
010120,2026-05-08,14:30:00,312000,313500,311000,313000,15350,4790870000,7970,7380
010120,2026-05-08,14:35:00,313000,313500,312000,312500,10975,3434700000,5467,5508
010120,2026-05-08,14:40:00,312500,316500,312500,316500,14030,4415080000,12124,1906
010120,2026-05-08,14:45:00,316000,317000,315500,315500,13723,4340830000,6745,6978
010120,2026-05-08,14:50:00,315500,316000,315000,316000,10004,3158460000,5308,4696
010120,2026-05-08,14:55:00,315500,317500,315500,315500,17135,5425610000,9680,7455
010120,2026-05-08,15:00:00,316000,316000,315500,315500,8140,2570010000,3699,4441
010120,2026-05-08,15:05:00,315500,316000,315500,315500,8695,2746350000,6104,2591
010120,2026-05-08,15:10:00,315500,316000,315500,315500,11799,3724990000,4796,7003
010120,2026-05-08,15:15:00,315500,316500,315500,316000,13405,4234910000,8532,4873
010120,2026-05-08,15:20:00,316000,316500,314500,314500,34220,10790580000,12425,21795
010120,2026-05-08,15:30:00,313000,313000,313000,313000,56897,17808760000,56664,0
010120,2026-05-11,09:05:00,313000,315000,303000,303000,90247,27903500000,41947,48267
010120,2026-05-11,09:10:00,303000,307500,302000,305500,48714,14831620000,23373,25341
010120,2026-05-11,09:15:00,305000,306500,304000,306500,29874,9117540000,14972,14902
010120,2026-05-11,09:20:00,306000,308500,305500,307500,27794,8529400000,12257,15537
010120,2026-05-11,09:25:00,307000,308000,305000,306000,28236,8651830000,12252,15984
010120,2026-05-11,09:30:00,306000,307500,305000,305500,20870,6387330000,9066,11804
010120,2026-05-11,09:35:00,305500,305500,304000,304500,28325,8635570000,10584,17741
010120,2026-05-11,09:40:00,304500,305000,299000,299500,83419,25114490000,20622,62797
010120,2026-05-11,09:45:00,299500,301500,299000,301000,37108,11142220000,26015,11093
010120,2026-05-11,09:50:00,301000,301500,300000,300750,32018,9627780000,12462,19556
010120,2026-05-11,09:55:00,300500,301500,299000,299500,40127,12045660000,8526,31601
010120,2026-05-11,10:00:00,299500,299500,296000,297000,77632,23083520000,21832,55800
010120,2026-05-11,10:05:00,297000,298500,295000,298000,49452,14652530000,23765,25687
010120,2026-05-11,10:10:00,298000,300000,297500,299750,21661,6476190000,9862,11799
010120,2026-05-11,10:15:00,299750,302000,299000,300000,38625,11609690000,19621,19004
010120,2026-05-11,10:20:00,299500,300000,299000,299500,13825,4140710000,5909,7916
010120,2026-05-11,10:25:00,299250,302500,299000,302500,13550,4076110000,9842,3708
010120,2026-05-11,10:30:00,302000,303000,301500,303000,10909,3297220000,7507,3402
010120,2026-05-11,10:35:00,302750,303000,301000,301500,18027,5442870000,6472,11555
010120,2026-05-11,10:40:00,301500,301500,300500,301500,15510,4667500000,6825,8685
010120,2026-05-11,10:45:00,301250,301500,300500,300500,6668,2007280000,1525,5143
010120,2026-05-11,10:50:00,301000,301500,300500,300500,10915,3283620000,3272,7643
010120,2026-05-11,10:55:00,300500,301000,300000,300000,10662,3202920000,5107,5555
010120,2026-05-11,11:00:00,300000,301500,300000,301000,13060,3929180000,7279,5781
010120,2026-05-11,11:05:00,301000,302000,301000,301750,7381,2225140000,4949,2432
010120,2026-05-11,11:10:00,301750,302000,301000,301000,5802,1748770000,1580,4222
010120,2026-05-11,11:15:00,301500,302000,301000,301250,8156,2458360000,4548,3608
010120,2026-05-11,11:20:00,301000,301500,300500,301000,10850,3264460000,1873,8977
010120,2026-05-11,11:25:00,300500,302000,300500,301500,9135,2750750000,5982,3153
010120,2026-05-11,11:30:00,301500,302000,301000,301500,6728,2027940000,3690,3038
010120,2026-05-11,11:35:00,301500,302000,300500,300500,14305,4311390000,6506,7799
010120,2026-05-11,11:40:00,301000,301000,300500,301000,5637,1694250000,664,4973
010120,2026-05-11,11:45:00,301000,301000,300000,300500,10362,3113790000,4866,5496
010120,2026-05-11,11:50:00,300500,301000,300000,300500,4385,1317430000,779,3606
010120,2026-05-11,11:55:00,300000,300500,300000,300500,10853,3257010000,2701,8152
010120,2026-05-11,12:00:00,300000,300500,300000,300000,5257,1577360000,535,4722
010120,2026-05-11,12:05:00,300000,300500,300000,300000,6577,1973660000,1155,5422
010120,2026-05-11,12:10:00,300000,300500,299500,299500,20727,6214650000,3755,16972
010120,2026-05-11,12:15:00,300000,300500,299500,299500,9296,2787140000,4951,4345
010120,2026-05-11,12:20:00,299500,300500,299500,299500,7296,2187780000,4856,2440
010120,2026-05-11,12:25:00,299500,300500,299500,300000,6162,1848180000,4066,2096
010120,2026-05-11,12:30:00,300000,301500,300000,301500,7695,2314760000,6026,1669
010120,2026-05-11,12:35:00,301500,301500,300500,300500,8213,2472960000,2355,5858
010120,2026-05-11,12:40:00,300500,301000,300500,300500,4721,1418930000,613,4108
010120,2026-05-11,12:45:00,300500,301000,300500,300500,3493,1050180000,1093,2400
010120,2026-05-11,12:50:00,300500,301000,300500,301000,3688,1108610000,736,2952
010120,2026-05-11,12:55:00,300500,301000,300500,300500,3752,1128440000,1937,1815
010120,2026-05-11,13:00:00,300750,301000,300500,300500,4630,1392120000,1612,3018
010120,2026-05-11,13:05:00,300500,301500,300500,301000,9739,2931370000,3947,5792
010120,2026-05-11,13:10:00,301000,301000,300000,300000,10716,3219600000,2988,7728
010120,2026-05-11,13:15:00,300000,300500,300000,300500,9806,2943680000,3701,6105
010120,2026-05-11,13:20:00,300250,300500,300000,300000,9213,2766280000,4624,4589
010120,2026-05-11,13:25:00,300000,300500,300000,300000,9378,2815680000,4569,4809
010120,2026-05-11,13:30:00,300000,300500,300000,300000,10280,3085450000,2911,7369
010120,2026-05-11,13:35:00,300000,300500,299000,299500,22478,6734740000,4725,17753
010120,2026-05-11,13:40:00,299500,300000,299000,299500,11738,3515620000,2204,9534
010120,2026-05-11,13:45:00,299500,300000,299000,299250,8723,2609350000,1792,6931
010120,2026-05-11,13:50:00,299000,299500,299000,299000,11883,3553760000,1496,10387
010120,2026-05-11,13:55:00,299000,299500,298500,299000,19947,5964470000,2627,17320
010120,2026-05-11,14:00:00,298500,299500,298500,299000,15755,4707290000,8593,7162
010120,2026-05-11,14:05:00,298500,299000,298500,299000,9519,2842790000,2757,6762
010120,2026-05-11,14:10:00,298500,299000,298000,298000,12519,3735680000,1274,11245
010120,2026-05-11,14:15:00,298000,299000,298000,298500,11582,3455770000,5598,5984
010120,2026-05-11,14:20:00,298500,299000,298500,298500,7507,2241080000,495,7012
010120,2026-05-11,14:25:00,298500,299000,298000,298500,16041,4786580000,5027,11014
010120,2026-05-11,14:30:00,298500,300000,298000,299500,13111,3918710000,6631,6480
010120,2026-05-11,14:35:00,299500,300000,299500,299500,18160,5444410000,11186,6974
010120,2026-05-11,14:40:00,299500,300000,299500,299500,7661,2295710000,2485,5176
010120,2026-05-11,14:45:00,299500,300500,299500,300000,14573,4373050000,8543,6030
010120,2026-05-11,14:50:00,300000,300500,299500,300000,14465,4340050000,6467,7998
010120,2026-05-11,14:55:00,300000,303500,300000,303000,32477,9802850000,24717,7760
010120,2026-05-11,15:00:00,303000,303500,302500,302500,20216,6128610000,8076,12140
010120,2026-05-11,15:05:00,302500,303000,301500,302500,18267,5522060000,6381,11886
010120,2026-05-11,15:10:00,302000,303500,302000,302500,12290,3719140000,5885,6405
010120,2026-05-11,15:15:00,303000,303500,302500,303500,16547,5013820000,9850,6697
010120,2026-05-11,15:20:00,303000,304000,303000,304000,16287,4941540000,11849,4438
010120,2026-05-11,15:30:00,304000,304000,304000,304000,44470,13518880000,44045,0
010120,2026-05-12,09:05:00,301500,307500,301500,304000,106798,32532040000,70747,36048
010120,2026-05-12,09:10:00,304500,305000,298500,299500,57426,17249140000,27061,30365
010120,2026-05-12,09:15:00,299500,301000,298500,299000,31540,9449680000,15448,16092
010120,2026-05-12,09:20:00,299000,299500,296000,296000,46238,13757530000,8853,37385
010120,2026-05-12,09:25:00,296000,296500,291500,292000,66139,19444130000,15401,50738
010120,2026-05-12,09:30:00,291500,295000,291500,294000,42277,12390590000,18872,23405
010120,2026-05-12,09:35:00,293500,294500,293000,294000,20907,6141390000,9851,11056
010120,2026-05-12,09:40:00,294000,295500,293500,294500,24671,7262530000,12129,12542
010120,2026-05-12,09:45:00,294000,295500,293500,294000,22785,6706290000,8107,14678
010120,2026-05-12,09:50:00,293500,297000,293000,297000,22074,6505760000,13164,8910
010120,2026-05-12,09:55:00,296500,297500,296000,296000,20841,6183860000,8256,12585
010120,2026-05-12,10:00:00,296000,297000,295500,296000,11376,3369290000,5315,6061
010120,2026-05-12,10:05:00,296000,297000,294000,294000,18411,5438160000,4063,14348
010120,2026-05-12,10:10:00,294000,294500,293000,293000,18858,5535680000,6082,12776
010120,2026-05-12,10:15:00,293500,293500,291000,291500,31195,9112980000,3751,27444
010120,2026-05-12,10:20:00,291000,291500,288000,288500,68964,19987980000,10267,58697
010120,2026-05-12,10:25:00,288000,290000,286000,287000,59527,17134610000,22988,36539
010120,2026-05-12,10:30:00,287000,289000,285000,285000,75449,21583580000,30898,44551
010120,2026-05-12,10:35:00,285500,285500,275000,275500,105431,29667620000,51408,54023
010120,2026-05-12,10:40:00,275000,279500,272500,275500,96116,26553740000,51376,44740
010120,2026-05-12,10:45:00,275500,283500,274500,283500,71793,19929460000,35866,35927
010120,2026-05-12,10:50:00,283500,289500,283000,289000,78861,22663290000,33709,45152
010120,2026-05-12,10:55:00,289000,289000,283500,283500,38495,11009000000,15170,23325
010120,2026-05-12,11:00:00,283750,284500,281500,283000,35932,10160480000,19316,16616
010120,2026-05-12,11:05:00,283500,286500,282500,286500,23445,6662430000,13589,9856
010120,2026-05-12,11:10:00,286500,289000,284500,288500,21498,6170120000,8979,12519
010120,2026-05-12,11:15:00,289000,291000,287500,287500,32929,9533670000,12965,19964
010120,2026-05-12,11:20:00,288000,289000,287000,288500,11349,3266560000,4987,6362
010120,2026-05-12,11:25:00,288500,291000,288000,290000,14828,4300520000,7446,7382
010120,2026-05-12,11:30:00,290000,291000,288000,288000,12527,3623680000,4134,8393
010120,2026-05-12,11:35:00,288000,289500,287000,287000,12715,3662690000,5087,7628
010120,2026-05-12,11:40:00,287500,288000,286500,287500,11373,3265140000,4647,6726
010120,2026-05-12,11:45:00,287000,288000,285500,287500,15546,4452610000,5331,10215
010120,2026-05-12,11:50:00,288000,289500,287500,289500,9931,2864590000,3943,5988
010120,2026-05-12,11:55:00,289500,292000,289000,291000,18087,5254060000,10591,7496
010120,2026-05-12,12:00:00,291000,292500,290500,291500,14463,4218790000,8305,6158
010120,2026-05-12,12:05:00,291500,292000,288500,289000,18192,5280130000,4466,13726
010120,2026-05-12,12:10:00,289000,290000,288000,288000,6540,1888930000,2458,4082
010120,2026-05-12,12:15:00,288000,289500,288000,289000,6092,1759980000,2886,3206
010120,2026-05-12,12:20:00,289000,289500,288000,288250,6847,1976690000,2674,4173
010120,2026-05-12,12:25:00,288500,290000,288000,289500,6083,1758410000,3466,2617
010120,2026-05-12,12:30:00,289500,291000,289000,290500,3901,1130850000,2796,1105
010120,2026-05-12,12:35:00,290500,291000,290000,290500,5740,1668390000,2398,3342
010120,2026-05-12,12:40:00,290500,290500,289000,289500,7653,2217350000,2557,5096
010120,2026-05-12,12:45:00,289750,290000,289000,289750,6128,1774090000,2730,3398
010120,2026-05-12,12:50:00,289750,290000,288000,288000,9079,2622790000,1859,7220
010120,2026-05-12,12:55:00,288000,289000,288000,288500,4033,1162940000,2373,1660
010120,2026-05-12,13:00:00,289000,289500,288000,288000,5784,1667790000,1909,3875
010120,2026-05-12,13:05:00,288000,289000,287500,288000,6091,1755100000,1874,4217
010120,2026-05-12,13:10:00,288000,290000,288000,289500,8091,2340890000,4489,3602
010120,2026-05-12,13:15:00,289500,290000,288000,288000,5864,1693520000,2661,3203
010120,2026-05-12,13:20:00,288000,288500,287500,287500,9032,2600730000,2875,6157
010120,2026-05-12,13:25:00,287500,288000,287000,287500,5576,1603360000,2500,3076
010120,2026-05-12,13:30:00,288000,288000,287000,287000,5191,1491110000,1830,3361
010120,2026-05-12,13:35:00,287500,288500,286500,286500,11409,3279160000,4517,6892
010120,2026-05-12,13:40:00,287000,287500,285500,286500,10373,2968300000,3034,7339
010120,2026-05-12,13:45:00,286500,286500,285000,286000,12960,3701790000,4218,8742
010120,2026-05-12,13:50:00,286000,286500,285000,285000,12955,3700240000,7421,5534
010120,2026-05-12,13:55:00,285000,286000,284500,285500,17074,4867390000,4681,12393
010120,2026-05-12,14:00:00,285500,286000,284000,284000,9727,2770970000,3348,6379
010120,2026-05-12,14:05:00,284500,287500,284000,286500,14474,4133180000,8979,5495
010120,2026-05-12,14:10:00,286500,287000,284500,285000,8652,2471390000,2531,6121
010120,2026-05-12,14:15:00,284500,285000,283500,284000,11034,3134870000,3887,7147
010120,2026-05-12,14:20:00,284000,284500,282500,283000,20443,5790760000,11022,9421
010120,2026-05-12,14:25:00,282750,285500,282500,285000,14816,4206930000,7642,7174
010120,2026-05-12,14:30:00,285000,287000,285000,287000,9283,2655250000,4935,4348
010120,2026-05-12,14:35:00,286500,287000,285000,285000,14092,4028400000,5334,8758
010120,2026-05-12,14:40:00,285000,285500,283500,284000,12115,3445870000,4424,7691
010120,2026-05-12,14:45:00,283500,285000,283000,285000,12671,3598640000,6795,5876
010120,2026-05-12,14:50:00,284500,288500,284000,287500,20771,5943090000,13260,7511
010120,2026-05-12,14:55:00,287000,288000,286000,287000,11779,3381390000,5311,6468
010120,2026-05-12,15:00:00,287000,287750,286000,287000,14960,4290070000,7400,7560
010120,2026-05-12,15:05:00,287000,288000,286000,287000,15442,4430670000,6413,9029
010120,2026-05-12,15:10:00,287000,287500,286000,286500,15693,4498910000,6865,8828
010120,2026-05-12,15:15:00,286500,289000,286500,288500,13188,3794700000,8978,4210
010120,2026-05-12,15:20:00,288500,290000,288500,289250,14534,4202390000,7817,6717
010120,2026-05-12,15:30:00,289000,289000,289000,289000,78019,22547490000,77901,0
010120,2026-05-13,09:05:00,277500,280000,273500,275500,87715,24233490000,58463,29201
010120,2026-05-13,09:10:00,275500,278500,274500,276000,29770,8222200000,15043,14727
010120,2026-05-13,09:15:00,276000,277500,273500,273500,26156,7189710000,11350,14806
010120,2026-05-13,09:20:00,273750,275500,272000,275000,39959,10919430000,18682,21277
010120,2026-05-13,09:25:00,274500,278000,274250,276000,24914,6883290000,14967,9947
010120,2026-05-13,09:30:00,276000,278000,275500,276500,26485,7336840000,15369,11116
010120,2026-05-13,09:35:00,277000,277500,275000,277000,16283,4495800000,7548,8735
010120,2026-05-13,09:40:00,277000,281000,276500,280500,29483,8232300000,19185,10298
010120,2026-05-13,09:45:00,281000,285000,281000,284500,26442,7491450000,17081,9361
010120,2026-05-13,09:50:00,284000,285000,281500,281500,22109,6264910000,9932,12177
010120,2026-05-13,09:55:00,281500,283000,280500,281000,14729,4149720000,5850,8879
010120,2026-05-13,10:00:00,281500,282000,281000,281500,9682,2725910000,4781,4901
010120,2026-05-13,10:05:00,281750,283000,280000,282500,14813,4163670000,5679,9134
010120,2026-05-13,10:10:00,282500,284500,282000,284500,13060,3697600000,7577,5483
010120,2026-05-13,10:15:00,284500,286500,284000,285500,18077,5153050000,11015,7062
010120,2026-05-13,10:20:00,285500,287500,284500,287500,21886,6255880000,12613,9273
010120,2026-05-13,10:25:00,287500,290500,287000,290000,31405,9066040000,16117,15288
010120,2026-05-13,10:30:00,289500,290000,286000,288500,33594,9675950000,13816,19778
010120,2026-05-13,10:35:00,289000,289000,285500,287000,17148,4924970000,4946,12202
010120,2026-05-13,10:40:00,287500,288500,287000,288000,8740,2512800000,4228,4512
010120,2026-05-13,10:45:00,288000,289500,287500,288000,17004,4906560000,6538,10466
010120,2026-05-13,10:50:00,288000,288500,285500,287500,16142,4627620000,4844,11298
010120,2026-05-13,10:55:00,287000,288000,285500,286000,11140,3195120000,3714,7426
010120,2026-05-13,11:00:00,286000,287000,284000,287000,15394,4389310000,5953,9441
010120,2026-05-13,11:05:00,287000,287000,285000,285500,7022,2008420000,3245,3777
010120,2026-05-13,11:10:00,285500,286500,284000,284500,6827,1947360000,2461,4366
010120,2026-05-13,11:15:00,285000,286000,284000,285500,5842,1664200000,3329,2513
010120,2026-05-13,11:20:00,285000,287500,285000,287000,10656,3051990000,5194,5462
010120,2026-05-13,11:25:00,286500,287500,285500,287000,4904,1406470000,2174,2730
010120,2026-05-13,11:30:00,287000,287500,286500,287500,5929,1701290000,3613,2316
010120,2026-05-13,11:35:00,287500,288000,287000,288000,5629,1618080000,2442,3187
010120,2026-05-13,11:40:00,288000,288500,286500,286500,12357,3551560000,3670,8687
010120,2026-05-13,11:45:00,286500,287000,286500,286500,4868,1395500000,1642,3226
010120,2026-05-13,11:50:00,287000,287500,286500,287000,6881,1974440000,4117,2764
010120,2026-05-13,11:55:00,286500,287000,284500,284500,9340,2669090000,1063,8277
010120,2026-05-13,12:00:00,284500,286500,284000,285500,10261,2923370000,6045,4216
010120,2026-05-13,12:05:00,285500,286000,285000,286000,3946,1126810000,1248,2698
010120,2026-05-13,12:10:00,286000,286500,285500,286000,4105,1174220000,1215,2890
010120,2026-05-13,12:15:00,286500,287000,286000,287000,7338,2101830000,3012,4326
010120,2026-05-13,12:20:00,286000,287000,286000,286500,4151,1189020000,1585,2566
010120,2026-05-13,12:25:00,287000,287500,286500,287000,5937,1703950000,2558,3379
010120,2026-05-13,12:30:00,287000,287000,286500,286500,3757,1077300000,1839,1918
010120,2026-05-13,12:35:00,286750,287000,285250,285500,9753,2788890000,3070,6683
010120,2026-05-13,12:40:00,286500,287000,285500,286000,4576,1310010000,2617,1959
010120,2026-05-13,12:45:00,286000,286500,285000,285000,5631,1608490000,1140,4491
010120,2026-05-13,12:50:00,285500,285500,284500,284500,6260,1783530000,1558,4702
010120,2026-05-13,12:55:00,284500,285000,284000,284500,8304,2362950000,3573,4731
010120,2026-05-13,13:00:00,284500,285500,284500,284500,7174,2042650000,3278,3896
010120,2026-05-13,13:05:00,284500,285000,283500,284000,10309,2929740000,2260,8049
010120,2026-05-13,13:10:00,283500,284000,282500,283500,13204,3741610000,5410,7794
010120,2026-05-13,13:15:00,284000,284000,283000,283500,7253,2058440000,4416,2837
010120,2026-05-13,13:20:00,283750,284000,282500,283500,10398,2945360000,5863,4535
010120,2026-05-13,13:25:00,284000,284000,282500,283000,6095,1725610000,2530,3565
010120,2026-05-13,13:30:00,283000,284000,282500,283000,7969,2255850000,4806,3163
010120,2026-05-13,13:35:00,283000,284500,283000,284000,6553,1860890000,3168,3385
010120,2026-05-13,13:40:00,284000,284500,283000,284000,6670,1894390000,3198,3472
010120,2026-05-13,13:45:00,284000,284500,284000,284000,4154,1181030000,2576,1578
010120,2026-05-13,13:50:00,284500,285000,284000,284500,4489,1276410000,2154,2335
010120,2026-05-13,13:55:00,284750,285000,284000,284500,7295,2075960000,3585,3710
010120,2026-05-13,14:00:00,284000,285500,284000,285000,5054,1438970000,2092,2962
010120,2026-05-13,14:05:00,284500,285500,284000,284500,4819,1370890000,2296,2523
010120,2026-05-13,14:10:00,285000,285000,284000,284500,3356,955310000,1363,1993
010120,2026-05-13,14:15:00,284750,285500,284500,284500,7700,2193500000,4460,3240
010120,2026-05-13,14:20:00,285000,285000,283500,283500,9441,2682550000,2762,6679
010120,2026-05-13,14:25:00,283500,284500,283500,284000,5644,1602130000,2588,3056
010120,2026-05-13,14:30:00,284000,284500,283500,283750,5619,1595550000,2549,3070
010120,2026-05-13,14:35:00,284000,284500,283000,283500,7101,2014240000,2676,4425
010120,2026-05-13,14:40:00,283500,284500,283500,284000,6724,1908730000,3222,3502
010120,2026-05-13,14:45:00,284000,284500,283500,284500,7783,2212270000,4350,3433
010120,2026-05-13,14:50:00,284500,284500,284000,284000,5141,1460890000,1735,3406
010120,2026-05-13,14:55:00,284000,285000,284000,285000,8222,2338550000,4730,3492
010120,2026-05-13,15:00:00,284500,286500,284500,285500,19313,5510260000,13823,5490
010120,2026-05-13,15:05:00,285500,286000,285000,285500,5728,1635980000,3260,2468
010120,2026-05-13,15:10:00,285750,286000,285000,285500,7163,2045780000,4191,2972
010120,2026-05-13,15:15:00,285000,285500,284000,284500,12635,3600850000,5881,6754
010120,2026-05-13,15:20:00,284500,285500,284500,285000,11085,3157140000,6478,4607
010120,2026-05-13,15:30:00,285000,285000,285000,285000,49421,14084990000,49361,0
010120,2026-05-14,09:05:00,297000,298500,290500,293000,91330,26961280000,32546,58784
010120,2026-05-14,09:10:00,293000,298000,292500,293000,38319,11280070000,14735,23584
010120,2026-05-14,09:15:00,293000,295000,290000,295000,34201,10003260000,11640,22561
010120,2026-05-14,09:20:00,294750,295000,289000,290000,41551,12098730000,13448,28103
010120,2026-05-14,09:25:00,289500,293000,288000,292000,31338,9109770000,15062,16276
010120,2026-05-14,09:30:00,291750,292500,289500,289500,16264,4730110000,5686,10578
010120,2026-05-14,09:35:00,289500,292500,288500,289000,19726,5724990000,7095,12631
010120,2026-05-14,09:40:00,289000,290500,288000,289500,19151,5538160000,5454,13697
010120,2026-05-14,09:45:00,289500,290000,287500,288000,13484,3891950000,5402,8082
010120,2026-05-14,09:50:00,288000,288000,285000,285000,24899,7125740000,7123,17776
010120,2026-05-14,09:55:00,285500,287000,285000,286000,24413,6969690000,9321,15092
010120,2026-05-14,10:00:00,285750,286000,284500,284500,18270,5211550000,5917,12353
010120,2026-05-14,10:05:00,285000,285000,280000,281000,40531,11430610000,12265,28266
010120,2026-05-14,10:10:00,280500,284000,280500,284000,16699,4705320000,10459,6240
010120,2026-05-14,10:15:00,283500,284500,282000,282000,12776,3618890000,5930,6846
010120,2026-05-14,10:20:00,282000,282500,278000,279000,24943,6981650000,4920,20023
010120,2026-05-14,10:25:00,279000,282000,279000,281500,11357,3183290000,5987,5370
010120,2026-05-14,10:30:00,281000,283500,281000,282500,7823,2208770000,4314,3509
010120,2026-05-14,10:35:00,282500,284000,281500,282500,14238,4024610000,4556,9682
010120,2026-05-14,10:40:00,282500,283500,282000,283000,10303,2912520000,5235,5068
010120,2026-05-14,10:45:00,283500,283500,281000,282000,10916,3081540000,2875,8041
010120,2026-05-14,10:50:00,282000,283000,280500,282000,8472,2383790000,3309,5163
010120,2026-05-14,10:55:00,282000,282750,280500,280500,6642,1866770000,1897,4745
010120,2026-05-14,11:00:00,280000,281000,279000,279500,14100,3945900000,1892,12208
010120,2026-05-14,11:05:00,279000,279500,278500,279500,8094,2258090000,4429,3665
010120,2026-05-14,11:10:00,279500,280500,279500,280000,6453,1806480000,3417,3036
010120,2026-05-14,11:15:00,280500,280500,279500,280000,6631,1854970000,2027,4604
010120,2026-05-14,11:20:00,280000,280500,279500,280000,4575,1279600000,1544,3031
010120,2026-05-14,11:25:00,280000,281000,279000,280500,6014,1685680000,2833,3181
010120,2026-05-14,11:30:00,280500,281000,279500,279500,4163,1166430000,1280,2883
010120,2026-05-14,11:35:00,280000,280500,279500,280000,4633,1296500000,2356,2277
010120,2026-05-14,11:40:00,280000,280500,279000,279000,7059,1973410000,3311,3748
010120,2026-05-14,11:45:00,279500,280500,278500,278500,9120,2547140000,3138,5982
010120,2026-05-14,11:50:00,278500,279000,278000,278000,17324,4820000000,1602,15722
010120,2026-05-14,11:55:00,278000,278500,277500,277500,10232,2844400000,4503,5729
010120,2026-05-14,12:00:00,277500,278000,276500,276500,19477,5394190000,8942,10535
010120,2026-05-14,12:05:00,276500,279000,276500,278000,9085,2522190000,4996,4089
010120,2026-05-14,12:10:00,278000,279000,277500,278500,5368,1493460000,2257,3111
010120,2026-05-14,12:15:00,278500,280000,278250,279000,5085,1418960000,2820,2265
010120,2026-05-14,12:20:00,279000,279000,277500,278000,4804,1337470000,971,3833
010120,2026-05-14,12:25:00,278000,278500,277500,277500,3420,950560000,2296,1124
010120,2026-05-14,12:30:00,277500,279500,277500,279000,5057,1409700000,3030,2027
010120,2026-05-14,12:35:00,279000,279000,277500,277500,4820,1340040000,1443,3377
010120,2026-05-14,12:40:00,277500,278000,277000,277000,4521,1254930000,1699,2822
010120,2026-05-14,12:45:00,277000,279000,277000,277500,7672,2133270000,2210,5462
010120,2026-05-14,12:50:00,278000,278500,277000,277500,3801,1056220000,1776,2025
010120,2026-05-14,12:55:00,277500,278500,277500,278000,4291,1192610000,1945,2346
010120,2026-05-14,13:00:00,278000,278500,277500,278000,6783,1884700000,4356,2427
010120,2026-05-14,13:05:00,278000,278000,277000,277000,3741,1037440000,1834,1907
010120,2026-05-14,13:10:00,277500,277500,277000,277000,5583,1547630000,2268,3315
010120,2026-05-14,13:15:00,277500,277500,277000,277000,5481,1518920000,1380,4101
010120,2026-05-14,13:20:00,277000,277500,275500,277000,18978,5245920000,2962,16016
010120,2026-05-14,13:25:00,277000,277500,276500,276500,4064,1125040000,837,3227
010120,2026-05-14,13:30:00,277000,277000,275500,276000,8932,2467350000,2633,6299
010120,2026-05-14,13:35:00,276000,276500,276000,276000,3120,861390000,515,2605
010120,2026-05-14,13:40:00,276000,277500,275500,277500,8706,2405140000,4228,4478
010120,2026-05-14,13:45:00,277500,278000,277000,278000,5173,1434950000,2010,3163
010120,2026-05-14,13:50:00,277500,277500,276500,277000,5690,1575830000,1532,4158
010120,2026-05-14,13:55:00,276500,277000,276000,276500,6255,1729200000,1960,4295
010120,2026-05-14,14:00:00,276500,277000,276000,276500,6168,1703160000,1495,4673
010120,2026-05-14,14:05:00,276000,276500,276000,276000,7788,2150540000,2204,5584
010120,2026-05-14,14:10:00,276000,276500,275500,276000,9705,2678480000,810,8895
010120,2026-05-14,14:15:00,275500,276500,275500,276000,12009,3310720000,3096,8913
010120,2026-05-14,14:20:00,275500,276000,275000,275250,13353,3674910000,961,12392
010120,2026-05-14,14:25:00,275250,276000,275000,275000,20583,5663590000,5248,15335
010120,2026-05-14,14:30:00,275500,275500,275000,275500,6330,1741300000,1103,5227
010120,2026-05-14,14:35:00,275000,275500,274500,274500,17624,4844880000,4775,12849
010120,2026-05-14,14:40:00,274500,276000,274000,275500,16882,4643240000,5187,11695
010120,2026-05-14,14:45:00,275500,277000,275000,276000,11161,3080150000,3442,7719
010120,2026-05-14,14:50:00,276000,277000,275000,276500,14943,4129680000,5487,9456
010120,2026-05-14,14:55:00,276500,277000,276000,276500,10706,2959190000,2673,8033
010120,2026-05-14,15:00:00,276500,278000,276500,277500,14481,4012610000,5539,8942
010120,2026-05-14,15:05:00,277500,279000,277000,278500,12154,3380270000,3705,8449
010120,2026-05-14,15:10:00,278500,279000,278000,279000,10544,2936650000,1906,8638
010120,2026-05-14,15:15:00,278500,279000,278000,278000,12561,3498610000,3397,9164
010120,2026-05-14,15:20:00,278000,280000,277000,277500,32877,9146210000,20550,12327
010120,2026-05-14,15:30:00,280000,280000,280000,280000,133167,37286760000,133077,0
010120,2026-05-15,09:05:00,278000,278500,271500,272000,47361,12998990000,20332,27009
010120,2026-05-15,09:10:00,272000,274000,270500,272000,37794,10279010000,18664,19130
010120,2026-05-15,09:15:00,272000,273500,271500,272000,15185,4138820000,8249,6936
010120,2026-05-15,09:20:00,272500,273500,270500,271000,30505,8292940000,13955,16550
010120,2026-05-15,09:25:00,271000,271500,269500,270500,52281,14130580000,20824,31457
010120,2026-05-15,09:30:00,271000,271000,268500,269000,25825,6968840000,8553,17272
010120,2026-05-15,09:35:00,269000,269000,267500,267500,41685,11181910000,14573,27112
010120,2026-05-15,09:40:00,267500,268000,264000,265500,69476,18466040000,22490,46986
010120,2026-05-15,09:45:00,265000,266500,262500,265000,77666,20522290000,32595,45071
010120,2026-05-15,09:50:00,264500,267500,264500,265500,36088,9601300000,16005,20083
010120,2026-05-15,09:55:00,265000,268500,264000,268500,30812,8194690000,13172,17640
010120,2026-05-15,10:00:00,268000,269000,266500,268000,21064,5641300000,9197,11867
010120,2026-05-15,10:05:00,267500,269500,267000,269000,15332,4121520000,7883,7449
010120,2026-05-15,10:10:00,269000,270000,266500,266500,15266,4095530000,6527,8739
010120,2026-05-15,10:15:00,266500,267500,265500,266500,12804,3408610000,4749,8055
010120,2026-05-15,10:20:00,266500,266500,265500,265500,9461,2515360000,5096,4365
010120,2026-05-15,10:25:00,265500,267000,265000,266500,11328,3008060000,4793,6535
010120,2026-05-15,10:30:00,266500,268000,265000,265500,12395,3303300000,5688,6707
010120,2026-05-15,10:35:00,265750,266000,264500,265500,17840,4729630000,8578,9262
010120,2026-05-15,10:40:00,266000,268500,266000,268000,13953,3734790000,9033,4920
010120,2026-05-15,10:45:00,268000,268500,267500,267500,8399,2250190000,2851,5548
010120,2026-05-15,10:50:00,267500,268000,265500,265500,8676,2313080000,2759,5917
010120,2026-05-15,10:55:00,265500,266000,264000,264000,35667,9432250000,13792,21875
010120,2026-05-15,11:00:00,264000,265500,263500,264000,18886,4988090000,7972,10914
010120,2026-05-15,11:05:00,263500,265000,263000,263500,15273,4026650000,6907,8366
010120,2026-05-15,11:10:00,263500,264000,261000,263000,40583,10646220000,13027,27556
010120,2026-05-15,11:15:00,263000,264000,261000,261000,18377,4814410000,7393,10984
010120,2026-05-15,11:20:00,261000,262000,260500,261000,23443,6116380000,8406,15037
010120,2026-05-15,11:25:00,261000,264500,260500,262500,14285,3749270000,7105,7180
010120,2026-05-15,11:30:00,262500,263500,260500,261000,13151,3445590000,5170,7981
010120,2026-05-15,11:35:00,261000,263500,260500,263500,9729,2549540000,5437,4292
010120,2026-05-15,11:40:00,263000,264000,262500,262500,6277,1651550000,1459,4818
010120,2026-05-15,11:45:00,262500,264500,262000,263000,7877,2071050000,3780,4097
010120,2026-05-15,11:50:00,263500,264500,262500,263500,9681,2549030000,3229,6452
010120,2026-05-15,11:55:00,263500,264500,263000,263500,9592,2529380000,2809,6783
010120,2026-05-15,12:00:00,263500,264000,262500,262500,7158,1882130000,666,6492
010120,2026-05-15,12:05:00,262500,263500,262500,262500,6414,1685100000,2656,3758
010120,2026-05-15,12:10:00,262500,263500,261500,261500,11162,2926230000,2662,8500
010120,2026-05-15,12:15:00,261500,263000,261500,262000,6305,1652430000,1902,4403
010120,2026-05-15,12:20:00,262000,263000,261500,262000,7384,1935500000,2488,4896
010120,2026-05-15,12:25:00,262000,262500,261500,261500,7653,2003260000,2419,5234
010120,2026-05-15,12:30:00,261500,262000,261000,261000,6250,1632970000,1304,4946
010120,2026-05-15,12:35:00,261000,262000,261000,261500,4754,1241750000,1177,3577
010120,2026-05-15,12:40:00,261000,262000,261000,261500,10728,2803580000,4451,6277
010120,2026-05-15,12:45:00,261500,263000,261000,261500,7864,2059810000,2114,5750
010120,2026-05-15,12:50:00,261000,262000,261000,261500,8684,2270530000,3642,5042
010120,2026-05-15,12:55:00,261500,262000,261000,261000,9933,2595110000,2896,7037
010120,2026-05-15,13:00:00,261500,262500,260500,261000,10715,2798380000,4431,6284
010120,2026-05-15,13:05:00,261000,261250,260000,260000,17670,4604200000,4614,13056
010120,2026-05-15,13:10:00,260000,261000,260000,260250,8770,2282090000,2656,6114
010120,2026-05-15,13:15:00,260250,260500,259500,260000,28512,7414290000,2514,25998
010120,2026-05-15,13:20:00,260000,260000,258000,258000,23954,6206450000,5105,18849
010120,2026-05-15,13:25:00,258500,259000,258000,258500,18648,4815350000,5929,12719
010120,2026-05-15,13:30:00,258000,260000,258000,259000,18945,4907040000,7383,11562
010120,2026-05-15,13:35:00,259000,259500,257500,258500,16362,4226430000,5638,10724
010120,2026-05-15,13:40:00,258500,260500,258500,259500,13958,3621700000,6346,7612
010120,2026-05-15,13:45:00,259500,261000,259000,259500,11962,3112000000,4823,7139
010120,2026-05-15,13:50:00,259500,260000,258000,258500,7563,1959730000,1569,5994
010120,2026-05-15,13:55:00,259000,259000,257500,257500,12717,3279550000,3523,9194
010120,2026-05-15,14:00:00,257500,258500,257000,257000,12378,3185110000,3755,8623
010120,2026-05-15,14:05:00,257000,258500,256500,258000,21645,5568120000,11168,10477
010120,2026-05-15,14:10:00,258000,258500,257000,258000,19563,5040610000,9393,10170
010120,2026-05-15,14:15:00,258500,261000,258000,260500,17897,4646160000,6602,11295
010120,2026-05-15,14:20:00,260500,262000,260000,260000,13003,3391070000,6567,6436
010120,2026-05-15,14:25:00,260000,261500,260000,260000,9893,2579190000,3248,6645
010120,2026-05-15,14:30:00,260500,261000,260000,260000,10140,2640410000,5915,4225
010120,2026-05-15,14:35:00,260000,260500,257500,257500,19405,5023150000,5778,13627
010120,2026-05-15,14:40:00,257500,259000,256500,256500,26146,6724910000,6163,19983
010120,2026-05-15,14:45:00,256500,257500,256000,256000,20568,5274000000,5493,15075
010120,2026-05-15,14:50:00,256000,256500,255000,255000,19406,4964430000,8019,11387
010120,2026-05-15,14:55:00,255000,256500,255000,255000,16596,4240350000,8614,7982
010120,2026-05-15,15:00:00,255500,256000,254000,254500,21579,5501250000,6112,15467
010120,2026-05-15,15:05:00,254000,255500,253000,255000,21183,5376310000,9336,11847
010120,2026-05-15,15:10:00,255000,258000,254000,257500,26760,6859770000,12548,14212
010120,2026-05-15,15:15:00,257500,258000,255500,257000,21175,5430590000,9235,11940
010120,2026-05-15,15:20:00,257000,260000,256500,259750,18303,4726090000,9505,8798
010120,2026-05-15,15:30:00,259000,259000,259000,259000,37360,9676230000,37329,0
010120,2026-05-18,09:05:00,247500,251500,240500,240500,129453,31766090000,83718,45716
010120,2026-05-18,09:10:00,241000,242500,236500,237000,106198,25392380000,64612,41586
010120,2026-05-18,09:15:00,237000,238500,233500,234000,81131,19146060000,46950,34181
010120,2026-05-18,09:20:00,234000,235500,232500,233500,72028,16811130000,45534,26494
010120,2026-05-18,09:25:00,233750,240000,233500,238500,47734,11325070000,25238,22496
010120,2026-05-18,09:30:00,238500,243000,238000,242000,59396,14270580000,37683,21713
010120,2026-05-18,09:35:00,242000,242000,235500,236000,33699,8041670000,11328,22371
010120,2026-05-18,09:40:00,236000,240500,235500,240000,36725,8752060000,21008,15717
010120,2026-05-18,09:45:00,239500,240000,235000,235500,21383,5060350000,6462,14921
010120,2026-05-18,09:50:00,235500,238500,233500,238500,33425,7874640000,14067,19358
010120,2026-05-18,09:55:00,238500,242000,237500,240000,33859,8141250000,19610,14249
010120,2026-05-18,10:00:00,240000,242500,239500,241500,22206,5358830000,12141,10065
010120,2026-05-18,10:05:00,242000,243500,239500,239500,30221,7307840000,13908,16313
010120,2026-05-18,10:10:00,239500,241500,238500,241000,18924,4539390000,11185,7739
010120,2026-05-18,10:15:00,241500,242500,239000,239000,23232,5589840000,10402,12830
010120,2026-05-18,10:20:00,239500,240000,238000,238000,13099,3127760000,6451,6648
010120,2026-05-18,10:25:00,238000,240000,237000,239500,20940,4992110000,9701,11239
010120,2026-05-18,10:30:00,239500,242500,239000,242000,17597,4233260000,9778,7819
010120,2026-05-18,10:35:00,242000,243000,241500,241500,14225,3444230000,6914,7311
010120,2026-05-18,10:40:00,242000,242500,240000,241000,17475,4213860000,8042,9433
010120,2026-05-18,10:45:00,241000,244000,240500,243750,13900,3378990000,8827,5073
010120,2026-05-18,10:50:00,243750,245500,243000,243500,22719,5546200000,12854,9865
010120,2026-05-18,10:55:00,244000,245500,243000,244000,13609,3323050000,5985,7624
010120,2026-05-18,11:00:00,244500,246500,244000,245000,20959,5142300000,11227,9732
010120,2026-05-18,11:05:00,244500,245250,242500,245250,18231,4443910000,7083,11148
010120,2026-05-18,11:10:00,245250,246000,244000,245000,12365,3029710000,7792,4573
010120,2026-05-18,11:15:00,245250,248000,244750,248000,19108,4719470000,11205,7903
010120,2026-05-18,11:20:00,248000,248500,246500,247000,21881,5420900000,11777,10104
010120,2026-05-18,11:25:00,247500,251500,246500,250000,31925,7954960000,21956,9969
010120,2026-05-18,11:30:00,250500,251500,249000,251000,24774,6194500000,11954,12820
010120,2026-05-18,11:35:00,250500,252000,248500,250000,33276,8331880000,15265,18011
010120,2026-05-18,11:40:00,250500,251000,248000,248000,24539,6126420000,9307,15232
010120,2026-05-18,11:45:00,248000,252500,248000,252000,20837,5226850000,13229,7608
010120,2026-05-18,11:50:00,252500,254500,252000,252000,35111,8894490000,20683,14428
010120,2026-05-18,11:55:00,252000,252500,248500,250000,20267,5071170000,7148,13119
010120,2026-05-18,12:00:00,249500,252000,249500,250500,13006,3260640000,6244,6762
010120,2026-05-18,12:05:00,251000,253000,250000,250000,25649,6463950000,6236,19413
010120,2026-05-18,12:10:00,250500,252500,250000,252000,14300,3594900000,7170,7130
010120,2026-05-18,12:15:00,251500,252000,249000,250000,13497,3380840000,3567,9930
010120,2026-05-18,12:20:00,250000,250500,247000,247750,15185,3772270000,4792,10393
010120,2026-05-18,12:25:00,248000,249500,247000,249000,11912,2956440000,6925,4987
010120,2026-05-18,12:30:00,249000,250000,248000,249000,10521,2621430000,5759,4762
010120,2026-05-18,12:35:00,249500,249500,247000,249000,14222,3529010000,6800,7422
010120,2026-05-18,12:40:00,249000,250000,248500,250000,9368,2335350000,4798,4570
010120,2026-05-18,12:45:00,249500,250500,249000,249500,13765,3437330000,7806,5959
010120,2026-05-18,12:50:00,250000,250000,248000,249500,10458,2602140000,5272,5186
010120,2026-05-18,12:55:00,249000,250500,248000,248500,8984,2240050000,4454,4530
010120,2026-05-18,13:00:00,249000,250500,248000,250000,12190,3040250000,7960,4230
010120,2026-05-18,13:05:00,250000,250000,248500,249000,8303,2070260000,4885,3418
010120,2026-05-18,13:10:00,249000,250000,248500,249500,6610,1646900000,3256,3354
010120,2026-05-18,13:15:00,249500,252500,249000,252000,13164,3303940000,9210,3954
010120,2026-05-18,13:20:00,252000,253000,251000,251500,13712,3455330000,7304,6408
010120,2026-05-18,13:25:00,252000,252000,249000,249500,11632,2910600000,5233,6399
010120,2026-05-18,13:30:00,249500,249500,248500,249000,11547,2874190000,4500,7047
010120,2026-05-18,13:35:00,249000,250500,248500,249500,11799,2944780000,6439,5360
010120,2026-05-18,13:40:00,250000,250000,248500,250000,10551,2632270000,5052,5499
010120,2026-05-18,13:45:00,249500,251500,249000,251500,12522,3136230000,8075,4447
010120,2026-05-18,13:50:00,251000,251500,250000,250500,9154,2295700000,4069,5085
010120,2026-05-18,13:55:00,250000,250500,249500,250000,8273,2067710000,4941,3332
010120,2026-05-18,14:00:00,250500,250500,249000,250500,9510,2374060000,6222,3288
010120,2026-05-18,14:05:00,250500,251000,249000,250000,11626,2903880000,7558,4068
010120,2026-05-18,14:10:00,249500,251000,249500,251000,9703,2430960000,5545,4158
010120,2026-05-18,14:15:00,251000,251000,249500,249500,7810,1954910000,2232,5578
010120,2026-05-18,14:20:00,250000,250000,247000,247500,25961,6446240000,11141,14820
010120,2026-05-18,14:25:00,247500,249000,247000,248500,14186,3518710000,8940,5246
010120,2026-05-18,14:30:00,248500,250000,248500,249500,9151,2281160000,5883,3268
010120,2026-05-18,14:35:00,249500,251000,248500,250500,15712,3923310000,9689,6023
010120,2026-05-18,14:40:00,250500,252000,250000,251000,16372,4108820000,10975,5397
010120,2026-05-18,14:45:00,251000,251500,249500,251000,14293,3581450000,8693,5600
010120,2026-05-18,14:50:00,250500,252500,250000,252000,15633,3923500000,10812,4821
010120,2026-05-18,14:55:00,252000,252500,251000,252000,12889,3247240000,6997,5892
010120,2026-05-18,15:00:00,252000,252500,250500,251500,12011,3019960000,6448,5563
010120,2026-05-18,15:05:00,251000,252000,251000,251500,13110,3296190000,7147,5963
010120,2026-05-18,15:10:00,251000,253500,251000,253000,16970,4276750000,12101,4869
010120,2026-05-18,15:15:00,253500,253500,252500,253000,14707,3723140000,6019,8688
010120,2026-05-18,15:20:00,253000,255500,253000,255500,17747,4514020000,11590,6157
010120,2026-05-18,15:30:00,253500,253500,253500,253500,41125,10425190000,40982,0
010120,2026-05-19,09:05:00,266000,266500,250500,255000,202059,52254210000,86761,115255
010120,2026-05-19,09:10:00,255000,259000,253500,257000,67046,17199290000,32623,34423
010120,2026-05-19,09:15:00,257500,257500,247000,247500,79953,20059620000,26492,53461
010120,2026-05-19,09:20:00,248000,255500,247500,255000,31751,7972630000,16906,14845
010120,2026-05-19,09:25:00,255000,256500,251000,252500,40746,10368280000,20514,20232
010120,2026-05-19,09:30:00,252500,257500,251500,257000,24448,6248540000,13455,10993
010120,2026-05-19,09:35:00,257000,257000,253500,254500,25773,6567530000,8679,17094
010120,2026-05-19,09:40:00,254000,255500,253000,254000,13133,3336140000,6000,7133
010120,2026-05-19,09:45:00,254000,255500,252500,254000,19730,5005270000,8629,11101
010120,2026-05-19,09:50:00,254000,254500,251000,253500,19058,4812240000,6606,12452
010120,2026-05-19,09:55:00,254000,254000,250000,250250,11351,2859580000,3043,8308
010120,2026-05-19,10:00:00,250000,250500,248000,248000,23495,5861350000,5556,17939
010120,2026-05-19,10:05:00,248000,249000,247000,247000,18821,4664250000,6926,11895
010120,2026-05-19,10:10:00,247500,249500,247000,248500,19882,4936110000,9128,10754
010120,2026-05-19,10:15:00,248500,250500,247000,247500,21651,5376780000,12785,8866
010120,2026-05-19,10:20:00,248000,249000,247500,248000,6065,1505710000,2887,3178
010120,2026-05-19,10:25:00,248000,248500,245500,246500,24168,5966650000,8907,15261
010120,2026-05-19,10:30:00,247000,248500,245500,248000,15522,3825330000,6218,9304
010120,2026-05-19,10:35:00,248500,248500,245500,246500,15881,3916960000,6734,9147
010120,2026-05-19,10:40:00,246500,248500,246000,246500,19612,4843610000,11612,8000
010120,2026-05-19,10:45:00,246500,246500,243000,246500,41671,10197370000,15443,26228
010120,2026-05-19,10:50:00,246500,247000,243000,243250,12098,2968120000,4455,7643
010120,2026-05-19,10:55:00,243250,244000,241500,243000,25043,6076600000,11640,13403
010120,2026-05-19,11:00:00,243500,244500,242000,244000,15292,3717680000,7717,7575
010120,2026-05-19,11:05:00,244000,244500,242000,242500,26160,6365820000,4091,22069
010120,2026-05-19,11:10:00,243000,244000,241500,242000,14631,3547140000,6297,8334
010120,2026-05-19,11:15:00,242500,243000,241000,241500,23352,5642570000,8850,14502
010120,2026-05-19,11:20:00,241500,245000,241000,244500,22142,5384830000,14258,7884
010120,2026-05-19,11:25:00,245000,245500,243000,243500,11550,2819130000,6489,5061
010120,2026-05-19,11:30:00,243000,245500,243000,244500,10250,2504550000,4915,5335
010120,2026-05-19,11:35:00,244000,245500,243500,245000,8592,2100910000,5144,3448
010120,2026-05-19,11:40:00,245000,245000,243500,244500,6908,1686380000,4094,2814
010120,2026-05-19,11:45:00,244000,247000,244000,247000,13637,3351200000,9512,4125
010120,2026-05-19,11:50:00,247000,247000,245000,246000,13417,3301690000,7264,6153
010120,2026-05-19,11:55:00,246000,246750,245000,246500,7770,1911200000,5241,2529
010120,2026-05-19,12:00:00,246000,246500,244500,244500,8438,2070750000,3192,5246
010120,2026-05-19,12:05:00,244500,245000,243000,244000,13218,3220100000,5496,7722
010120,2026-05-19,12:10:00,244500,246000,244000,245500,6930,1696660000,3112,3818
010120,2026-05-19,12:15:00,245500,246000,245000,245500,7841,1925360000,3871,3970
010120,2026-05-19,12:20:00,245500,246000,244500,246000,8628,2113990000,4591,4037
010120,2026-05-19,12:25:00,246000,246500,244500,245500,6869,1685130000,3543,3326
010120,2026-05-19,12:30:00,246000,246500,244500,246000,9222,2264720000,2514,6708
010120,2026-05-19,12:35:00,246000,247000,245500,246500,6648,1638590000,3757,2891
010120,2026-05-19,12:40:00,246500,246500,245000,245500,7465,1837510000,3573,3892
010120,2026-05-19,12:45:00,245000,245500,244000,245500,11126,2725470000,5932,5194
010120,2026-05-19,12:50:00,245500,245500,243500,245500,9060,2212500000,2249,6811
010120,2026-05-19,12:55:00,245000,245500,243000,243500,5769,1408190000,1670,4099
010120,2026-05-19,13:00:00,244000,244000,242500,243750,13178,3204390000,6970,6208
010120,2026-05-19,13:05:00,244000,244000,242000,242750,8692,2110950000,2702,5990
010120,2026-05-19,13:10:00,242500,243000,242000,242500,6481,1571460000,3889,2592
010120,2026-05-19,13:15:00,242000,242500,242000,242000,5535,1341000000,3027,2508
010120,2026-05-19,13:20:00,242000,242250,241000,241000,10352,2500730000,4035,6317
010120,2026-05-19,13:25:00,241500,242000,240500,241000,10751,2592980000,4328,6423
010120,2026-05-19,13:30:00,241000,241500,240500,241000,7901,1903460000,5408,2493
010120,2026-05-19,13:35:00,241500,242000,241000,242000,8269,1998350000,5240,3029
010120,2026-05-19,13:40:00,242000,243000,241500,242000,10629,2573690000,6212,4417
010120,2026-05-19,13:45:00,241500,242000,240500,240500,9266,2237330000,2053,7213
010120,2026-05-19,13:50:00,240500,241500,240500,240500,8842,2130700000,5202,3640
010120,2026-05-19,13:55:00,240500,242000,240500,242000,11091,2676550000,6946,4145
010120,2026-05-19,14:00:00,242000,243000,241500,242500,12101,2930220000,6906,5195
010120,2026-05-19,14:05:00,242000,243750,242000,242000,12565,3048490000,8293,4272
010120,2026-05-19,14:10:00,242500,244000,241500,243500,10767,2610510000,5892,4875
010120,2026-05-19,14:15:00,243500,244000,242500,243000,4503,1096410000,2158,2345
010120,2026-05-19,14:20:00,242500,243000,242000,242500,11821,2865960000,7407,4414
010120,2026-05-19,14:25:00,242500,243000,241500,242000,7933,1921830000,3532,4401
010120,2026-05-19,14:30:00,242000,244500,241500,244250,8902,2162170000,5937,2965
010120,2026-05-19,14:35:00,244000,245000,243000,243500,8093,1974060000,3946,4147
010120,2026-05-19,14:40:00,243500,245000,243000,244500,10346,2528140000,6524,3822
010120,2026-05-19,14:45:00,244500,245500,243500,244000,17618,4313940000,9622,7996
010120,2026-05-19,14:50:00,244000,244500,243000,243500,13159,3206980000,5860,7299
010120,2026-05-19,14:55:00,244000,245000,243500,245000,7981,1949130000,4039,3942
010120,2026-05-19,15:00:00,245000,245000,243500,244000,8659,2114730000,5518,3141
010120,2026-05-19,15:05:00,244000,244500,243000,243500,8508,2073820000,5011,3497
010120,2026-05-19,15:10:00,243000,244000,242500,243000,15637,3801860000,7998,7639
010120,2026-05-19,15:15:00,243000,243500,242500,243000,12245,2974670000,5590,6655
010120,2026-05-19,15:20:00,243000,244000,242000,243000,17515,4254520000,11078,6437
010120,2026-05-19,15:30:00,243500,243500,243500,243500,59604,14513570000,59455,0
010120,2026-05-20,09:05:00,240500,250000,240500,243000,77336,18966500000,47083,30243
010120,2026-05-20,09:10:00,243500,248000,241000,244000,39006,9552650000,23406,15600
010120,2026-05-20,09:15:00,244000,245000,237500,238750,38508,9260740000,18501,20007
010120,2026-05-20,09:20:00,238750,239500,233500,234000,35446,8396800000,15814,19632
010120,2026-05-20,09:25:00,234000,238000,233000,237500,39105,9170820000,18839,20266
010120,2026-05-20,09:30:00,237500,241500,236000,241500,22193,5305520000,12054,10139
010120,2026-05-20,09:35:00,241500,242000,239000,241500,13988,3365040000,5590,8398
010120,2026-05-20,09:40:00,241000,243500,237000,238000,21334,5124090000,8279,13055
010120,2026-05-20,09:45:00,238000,239500,237000,238000,8430,2007710000,3611,4819
010120,2026-05-20,09:50:00,238000,239000,237000,237500,11020,2620410000,5068,5952
010120,2026-05-20,09:55:00,237500,238000,235500,237500,11696,2767360000,4311,7385
010120,2026-05-20,10:00:00,237500,239000,235000,236000,9921,2345980000,4801,5120
010120,2026-05-20,10:05:00,236000,237000,233500,235500,16249,3810560000,4699,11550
010120,2026-05-20,10:10:00,235500,237000,233500,237000,8432,1980660000,4063,4369
010120,2026-05-20,10:15:00,237000,238500,236000,236500,10530,2499560000,4523,6007
010120,2026-05-20,10:20:00,236500,237500,235000,235500,6074,1434880000,2296,3778
010120,2026-05-20,10:25:00,235500,238500,235250,235500,6546,1552440000,3129,3417
010120,2026-05-20,10:30:00,236000,236000,234000,234500,9093,2133240000,2892,6201
010120,2026-05-20,10:35:00,234500,235000,233500,233750,5907,1383220000,2893,3014
010120,2026-05-20,10:40:00,233750,235000,233500,234500,5525,1293510000,3499,2026
010120,2026-05-20,10:45:00,234500,234750,233500,234500,5557,1300130000,2732,2825
010120,2026-05-20,10:50:00,234000,235000,233000,234500,7760,1815110000,2960,4800
010120,2026-05-20,10:55:00,234500,237000,234250,236500,7000,1651320000,4081,2919
010120,2026-05-20,11:00:00,236500,237500,236000,237000,4161,985500000,2533,1628
010120,2026-05-20,11:05:00,236500,237500,235500,237500,6354,1504430000,3276,3078
010120,2026-05-20,11:10:00,237500,239000,237000,238500,6886,1637570000,3520,3366
010120,2026-05-20,11:15:00,238500,239000,237000,238500,6156,1464930000,3383,2773
010120,2026-05-20,11:20:00,238500,240000,238000,240000,7068,1689250000,5015,2053
010120,2026-05-20,11:25:00,240000,242500,239500,240500,19045,4596700000,9931,9114
010120,2026-05-20,11:30:00,241000,241500,237500,237500,12235,2926130000,2626,9609
010120,2026-05-20,11:35:00,238000,238000,233000,234500,35846,8407430000,9844,26002
010120,2026-05-20,11:40:00,234500,234500,231500,233000,24181,5627400000,7460,16721
010120,2026-05-20,11:45:00,233500,234500,231500,232000,8400,1954440000,3530,4870
010120,2026-05-20,11:50:00,231500,234500,231500,234000,10152,2363600000,6561,3591
010120,2026-05-20,11:55:00,233500,234000,232500,233250,7841,1829570000,3580,4261
010120,2026-05-20,12:00:00,233250,235000,233000,233500,8542,1995840000,2743,5799
010120,2026-05-20,12:05:00,234000,234000,231500,233000,12359,2871820000,3848,8511
010120,2026-05-20,12:10:00,233250,234500,232500,234500,5379,1256200000,3340,2039
010120,2026-05-20,12:15:00,234500,234500,232000,232000,4810,1121100000,1405,3405
010120,2026-05-20,12:20:00,232500,232500,231500,232500,4319,1002810000,2046,2273
010120,2026-05-20,12:25:00,232500,233500,231500,231500,4993,1160090000,2574,2419
010120,2026-05-20,12:30:00,231750,233000,231500,232500,7260,1685010000,3348,3912
010120,2026-05-20,12:35:00,232500,233000,231500,233000,4882,1134570000,2554,2328
010120,2026-05-20,12:40:00,232500,234000,232000,232500,6036,1406080000,3476,2560
010120,2026-05-20,12:45:00,232500,233000,231500,232000,4986,1157650000,1952,3034
010120,2026-05-20,12:50:00,232500,232500,231500,232000,3772,874990000,2587,1185
010120,2026-05-20,12:55:00,232000,233000,232000,232750,3304,768100000,2186,1118
010120,2026-05-20,13:00:00,232500,233500,232000,232000,8522,1982650000,3994,4528
010120,2026-05-20,13:05:00,232500,234000,232000,232500,6798,1585380000,4645,2153
010120,2026-05-20,13:10:00,232500,235000,232500,235000,6152,1439260000,3546,2606
010120,2026-05-20,13:15:00,235000,235500,233500,235000,6150,1442070000,3374,2776
010120,2026-05-20,13:20:00,235000,236500,234500,234500,7749,1823850000,4143,3606
010120,2026-05-20,13:25:00,235000,235500,234000,235000,4520,1061350000,2633,1887
010120,2026-05-20,13:30:00,235000,236000,234000,236000,4461,1048370000,2592,1869
010120,2026-05-20,13:35:00,236000,236000,234500,235000,4988,1172560000,1824,3164
010120,2026-05-20,13:40:00,235000,236000,234500,235500,4452,1047170000,2409,2043
010120,2026-05-20,13:45:00,235500,236500,235000,236000,4228,996860000,2218,2010
010120,2026-05-20,13:50:00,236000,236500,234500,235000,5453,1284130000,2273,3180
010120,2026-05-20,13:55:00,235000,236000,234000,234500,3199,751860000,1584,1615
010120,2026-05-20,14:00:00,234500,235000,234000,234500,5433,1272870000,2982,2451
010120,2026-05-20,14:05:00,234500,237000,234000,236000,8721,2057410000,5732,2989
010120,2026-05-20,14:10:00,236000,237000,235000,235250,4782,1127800000,2625,2157
010120,2026-05-20,14:15:00,235250,236000,234500,235000,3450,811300000,1262,2188
010120,2026-05-20,14:20:00,235000,235500,234000,234500,4453,1044600000,2005,2448
010120,2026-05-20,14:25:00,234750,236000,234500,236000,6580,1547200000,2650,3930
010120,2026-05-20,14:30:00,236000,236000,234500,235000,3966,932460000,2203,1763
010120,2026-05-20,14:35:00,235500,237000,235000,236000,8553,2020350000,4933,3620
010120,2026-05-20,14:40:00,236500,238000,236000,237500,9613,2278820000,7145,2468
010120,2026-05-20,14:45:00,237500,237500,235000,235250,7714,1823790000,2760,4954
010120,2026-05-20,14:50:00,235500,236000,234750,235000,3440,809090000,1344,2096
010120,2026-05-20,14:55:00,234500,236250,234500,236000,4256,1002250000,2389,1867
010120,2026-05-20,15:00:00,236000,237000,235500,236500,6294,1487330000,3098,3196
010120,2026-05-20,15:05:00,236500,238000,236000,237500,6426,1524010000,4809,1617
010120,2026-05-20,15:10:00,237500,237500,236000,237000,7729,1831380000,3686,4043
010120,2026-05-20,15:15:00,237000,237500,236500,237000,8875,2102700000,4254,4621
010120,2026-05-20,15:20:00,236500,238500,236500,238500,10643,2528210000,5965,4678
010120,2026-05-20,15:30:00,238500,238500,238500,238500,34066,8124730000,33991,0
010120,2026-05-21,09:05:00,254000,257000,247500,257000,117881,29826480000,53119,64762
010120,2026-05-21,09:10:00,256500,258000,253500,256000,63173,16177380000,35705,27468
010120,2026-05-21,09:15:00,256000,256500,253000,253500,36935,9402650000,15839,21096
010120,2026-05-21,09:20:00,254000,255500,252500,254000,27285,6927090000,11792,15493
010120,2026-05-21,09:25:00,253500,255500,253000,253500,18437,4692100000,8562,9875
010120,2026-05-21,09:30:00,253500,257000,253500,256500,22764,5809570000,14939,7825
010120,2026-05-21,09:35:00,256500,257500,255500,256500,12329,3162850000,7004,5325
010120,2026-05-21,09:40:00,256500,258000,255500,257000,19077,4904350000,12481,6596
010120,2026-05-21,09:45:00,257000,260000,257000,259500,22986,5942000000,17426,5560
010120,2026-05-21,09:50:00,259500,261000,257000,261000,29719,7703280000,19510,10209
010120,2026-05-21,09:55:00,260500,261000,257500,257750,20711,5364220000,9138,11573
010120,2026-05-21,10:00:00,258000,259500,257000,259500,13835,3571140000,7259,6576
010120,2026-05-21,10:05:00,259500,259500,256500,258000,17124,4411890000,6065,11059
010120,2026-05-21,10:10:00,258500,259500,257000,259500,10780,2781460000,7165,3615
010120,2026-05-21,10:15:00,259500,262000,259000,260500,32188,8399670000,22555,9633
010120,2026-05-21,10:20:00,260500,262000,258500,259500,16442,4275100000,6556,9886
010120,2026-05-21,10:25:00,259500,263000,259500,263000,17245,4508040000,13235,4010
010120,2026-05-21,10:30:00,263000,264500,261500,261500,41453,10919160000,23511,17942
010120,2026-05-21,10:35:00,261500,264500,261000,264500,18756,4923660000,11709,7047
010120,2026-05-21,10:40:00,264500,264500,261500,263000,13298,3494020000,7177,6121
010120,2026-05-21,10:45:00,263000,264000,261000,261500,15277,4010350000,8660,6617
010120,2026-05-21,10:50:00,261500,261500,260500,261000,8972,2341640000,4445,4527
010120,2026-05-21,10:55:00,261000,261500,259500,260000,13937,3629620000,5562,8375
010120,2026-05-21,11:00:00,259500,263000,259500,262500,15114,3948830000,10348,4766
010120,2026-05-21,11:05:00,263000,263500,261500,262500,8649,2271550000,5101,3548
010120,2026-05-21,11:10:00,262500,263500,262500,263000,6900,1813940000,4717,2183
010120,2026-05-21,11:15:00,263500,267000,262500,266500,36393,9621700000,28485,7908
010120,2026-05-21,11:20:00,266500,267500,264500,266000,29673,7895770000,11274,18399
010120,2026-05-21,11:25:00,265500,267500,265000,265500,12556,3341370000,6424,6132
010120,2026-05-21,11:30:00,266000,266500,264500,264500,13814,3668150000,5234,8580
010120,2026-05-21,11:35:00,264500,265000,263500,264750,14113,3724950000,4939,9174
010120,2026-05-21,11:40:00,265000,267000,264500,267000,7587,2019120000,5905,1682
010120,2026-05-21,11:45:00,267000,268000,265000,266500,14148,3772230000,8377,5771
010120,2026-05-21,11:50:00,267000,267000,265500,265750,6259,1667590000,3334,2925
010120,2026-05-21,11:55:00,265500,266500,265000,265500,7408,1968400000,3518,3890
010120,2026-05-21,12:00:00,265000,266000,265000,265500,6617,1757300000,3115,3502
010120,2026-05-21,12:05:00,265000,265500,264500,265000,6898,1826820000,2313,4585
010120,2026-05-21,12:10:00,265000,266500,264500,266500,9530,2530220000,6119,3411
010120,2026-05-21,12:15:00,266500,267000,265000,265500,7719,2052520000,3499,4220
010120,2026-05-21,12:20:00,265500,266500,264500,265500,11680,3100650000,4882,6798
010120,2026-05-21,12:25:00,265500,266500,265000,266500,5299,1408850000,2492,2807
010120,2026-05-21,12:30:00,266500,267000,265000,266500,8476,2255320000,4429,4047
010120,2026-05-21,12:35:00,266000,268500,266000,268000,17821,4764900000,12783,5038
010120,2026-05-21,12:40:00,268000,268500,267500,268000,8950,2398840000,5333,3617
010120,2026-05-21,12:45:00,268500,269000,267000,267500,13705,3670170000,5324,8381
010120,2026-05-21,12:50:00,267500,270000,267500,270000,18741,5042630000,14583,4158
010120,2026-05-21,12:55:00,270000,270000,269000,269000,13738,3703510000,4418,9320
010120,2026-05-21,13:00:00,269000,270500,267500,269500,20931,5638710000,12711,8220
010120,2026-05-21,13:05:00,269500,269500,268000,269000,8848,2376390000,3128,5720
010120,2026-05-21,13:10:00,268500,269000,267000,268000,11098,2975480000,4832,6266
010120,2026-05-21,13:15:00,268000,269500,268000,269500,7516,2022760000,4250,3266
010120,2026-05-21,13:20:00,269250,269500,268000,268500,6716,1804280000,2590,4126
010120,2026-05-21,13:25:00,268500,268500,267500,268000,9252,2479010000,3301,5951
010120,2026-05-21,13:30:00,268000,268500,267500,268000,6460,1731380000,3208,3252
010120,2026-05-21,13:35:00,268500,268500,267000,267750,10832,2898940000,4952,5880
010120,2026-05-21,13:40:00,268000,268000,267000,267500,10640,2847160000,5633,5007
010120,2026-05-21,13:45:00,268000,269500,267500,269500,11123,2988330000,8334,2789
010120,2026-05-21,13:50:00,269500,269500,268500,269000,11262,3030600000,5319,5943
010120,2026-05-21,13:55:00,269000,269500,267500,268000,16035,4307050000,4709,11326
010120,2026-05-21,14:00:00,268000,269500,267500,269500,12287,3294590000,7037,5250
010120,2026-05-21,14:05:00,269500,269500,267000,268000,9959,2668960000,3387,6572
010120,2026-05-21,14:10:00,268000,268000,266500,267500,16307,4356540000,5591,10716
010120,2026-05-21,14:15:00,267500,269500,267000,269000,23100,6207570000,12227,10873
010120,2026-05-21,14:20:00,269000,269000,267500,269000,14796,3969700000,5271,9525
010120,2026-05-21,14:25:00,268500,269000,268000,268500,7226,1941000000,3617,3609
010120,2026-05-21,14:30:00,269000,269500,268500,268500,8884,2389950000,5970,2914
010120,2026-05-21,14:35:00,268500,271000,268500,271000,30898,8336880000,23175,7723
010120,2026-05-21,14:40:00,271000,272000,270500,271500,18418,5000290000,13406,5012
010120,2026-05-21,14:45:00,271500,273000,271500,272500,20980,5710940000,15270,5710
010120,2026-05-21,14:50:00,272500,273000,270000,270500,26893,7296120000,10265,16628
010120,2026-05-21,14:55:00,270000,272000,270000,271500,14847,4025020000,9062,5785
010120,2026-05-21,15:00:00,272000,272000,271000,271500,16697,4537790000,11958,4739
010120,2026-05-21,15:05:00,271500,272000,270500,271000,15346,4161520000,7463,7883
010120,2026-05-21,15:10:00,271000,272000,270500,271500,19830,5376580000,8571,11259
010120,2026-05-21,15:15:00,271500,272000,271000,271000,15105,4101570000,8916,6189
010120,2026-05-21,15:20:00,271500,272500,270000,272500,26898,7293160000,13473,13425
010120,2026-05-21,15:30:00,271500,271500,271500,271500,50770,13784040000,49445,0
010120,2026-05-22,09:05:00,282000,285000,274000,277500,138937,38847670000,64908,74027
010120,2026-05-22,09:10:00,278000,282500,277000,281000,53419,14935550000,25824,27595
010120,2026-05-22,09:15:00,281000,281500,275500,277000,44012,12252170000,15923,28089
010120,2026-05-22,09:20:00,277500,280500,274000,279500,51156,14169560000,24781,26375
010120,2026-05-22,09:25:00,279500,280000,276000,277000,27225,7567970000,9750,17475
010120,2026-05-22,09:30:00,277000,278000,275500,276000,15720,4348690000,5386,10334
010120,2026-05-22,09:35:00,276500,279500,275500,276500,15793,4380020000,7706,8087
010120,2026-05-22,09:40:00,276500,279500,275000,279500,18234,5054820000,8561,9673
010120,2026-05-22,09:45:00,279000,279500,276000,278000,11015,3057620000,4445,6570
010120,2026-05-22,09:50:00,278000,279000,276500,277000,9095,2527390000,2581,6514
010120,2026-05-22,09:55:00,277000,278000,275500,276000,18660,5157440000,6699,11961
010120,2026-05-22,10:00:00,276000,276500,273000,276000,22723,6236630000,6548,16175
010120,2026-05-22,10:05:00,275500,279000,274000,278000,17475,4830150000,7947,9528
010120,2026-05-22,10:10:00,278000,281500,277500,281500,25790,7208750000,18998,6792
010120,2026-05-22,10:15:00,281000,282500,280000,281500,17523,4934590000,10824,6699
010120,2026-05-22,10:20:00,281500,283500,280500,283500,26119,7372820000,17329,8790
010120,2026-05-22,10:25:00,283250,283500,281000,281500,11327,3199790000,2491,8836
010120,2026-05-22,10:30:00,281500,282500,279000,280000,11501,3232010000,3359,8142
010120,2026-05-22,10:35:00,280000,281000,279500,280500,8399,2353680000,3458,4941
010120,2026-05-22,10:40:00,280500,281000,280000,280500,7220,2025200000,5023,2197
010120,2026-05-22,10:45:00,280500,280500,279500,279500,5858,1639590000,2695,3163
010120,2026-05-22,10:50:00,280000,280500,279500,280000,4704,1317040000,2956,1748
010120,2026-05-22,10:55:00,280500,280500,279000,279500,5524,1546040000,1069,4455
010120,2026-05-22,11:00:00,279000,279500,278000,279000,6368,1774860000,1883,4485
010120,2026-05-22,11:05:00,279000,279500,278500,279000,4005,1116880000,2431,1574
010120,2026-05-22,11:10:00,279000,279500,278500,279000,4374,1220420000,2637,1737
010120,2026-05-22,11:15:00,279500,279500,277000,277000,6991,1942450000,1542,5449
010120,2026-05-22,11:20:00,277000,278000,277000,278000,4364,1210950000,3240,1124
010120,2026-05-22,11:25:00,278000,278000,276000,276500,8541,2367090000,2578,5963
010120,2026-05-22,11:30:00,276000,276500,275500,275500,5204,1436180000,1750,3454
010120,2026-05-22,11:35:00,275500,277500,275500,276500,12600,3484090000,6269,6331
010120,2026-05-22,11:40:00,276000,277000,276000,277000,4459,1232840000,2246,2213
010120,2026-05-22,11:45:00,276500,277000,276500,276500,2600,719780000,1755,845
010120,2026-05-22,11:50:00,276500,277500,276000,276000,6334,1753250000,2580,3754
010120,2026-05-22,11:55:00,276000,276500,275500,276000,5363,1481260000,2265,3098
010120,2026-05-22,12:00:00,276000,276500,276000,276500,3117,860890000,1220,1897
010120,2026-05-22,12:05:00,276000,279000,276000,279000,9720,2700970000,8648,1072
010120,2026-05-22,12:10:00,279000,279000,277500,278000,7486,2082440000,2717,4769
010120,2026-05-22,12:15:00,278000,278500,277500,278500,4182,1163140000,1573,2609
010120,2026-05-22,12:20:00,278500,280000,278000,279000,8022,2238460000,5282,2740
010120,2026-05-22,12:25:00,279000,279500,278000,279000,4369,1217870000,2217,2152
010120,2026-05-22,12:30:00,278500,279000,278000,278500,3441,958480000,946,2495
010120,2026-05-22,12:35:00,278000,279000,278000,278500,4434,1234870000,3071,1363
010120,2026-05-22,12:40:00,278500,279500,278500,279500,4560,1272470000,2495,2065
010120,2026-05-22,12:45:00,279000,280000,279000,280000,5862,1638520000,3040,2822
010120,2026-05-22,12:50:00,280000,280000,279000,279000,3534,987370000,2320,1214
010120,2026-05-22,12:55:00,279500,280000,278500,280000,5946,1660160000,3679,2267
010120,2026-05-22,13:00:00,279500,281000,279500,281000,10553,2957430000,9329,1224
010120,2026-05-22,13:05:00,280500,281000,280000,280500,6520,1828900000,3223,3297
010120,2026-05-22,13:10:00,280500,280500,279500,280000,8888,2489310000,3781,5107
010120,2026-05-22,13:15:00,280000,280500,280000,280500,2665,747050000,1684,981
010120,2026-05-22,13:20:00,280000,280500,280000,280500,5947,1665900000,1521,4426
010120,2026-05-22,13:25:00,280000,280500,280000,280000,4231,1185310000,1255,2976
010120,2026-05-22,13:30:00,280000,280500,280000,280000,3230,905150000,1535,1695
010120,2026-05-22,13:35:00,280000,281000,279500,280500,10223,2864680000,6068,4155
010120,2026-05-22,13:40:00,280500,281000,279500,280000,7122,1995360000,2057,5065
010120,2026-05-22,13:45:00,279500,280000,279500,280000,3097,866620000,2004,1093
010120,2026-05-22,13:50:00,279500,280000,278500,278500,8366,2336320000,1336,7030
010120,2026-05-22,13:55:00,278500,279500,278000,279500,9818,2736690000,6084,3734
010120,2026-05-22,14:00:00,279000,280000,279000,279000,6062,1694110000,3160,2902
010120,2026-05-22,14:05:00,279500,280500,279000,280500,9394,2628930000,7673,1721
010120,2026-05-22,14:10:00,280000,281000,280000,281000,5330,1495330000,3952,1378
010120,2026-05-22,14:15:00,280500,281000,279500,280000,6793,1903800000,2080,4713
010120,2026-05-22,14:20:00,279500,280000,279500,279500,2914,815510000,2106,808
010120,2026-05-22,14:25:00,279500,280000,279000,279000,6153,1720630000,2574,3579
010120,2026-05-22,14:30:00,279500,279500,279000,279500,4692,1311030000,3880,812
010120,2026-05-22,14:35:00,279500,280000,279000,280000,7471,2088760000,3911,3560
010120,2026-05-22,14:40:00,280000,280000,279500,279500,5043,1411190000,3331,1712
010120,2026-05-22,14:45:00,280000,280500,279500,280000,7912,2216860000,6847,1065
010120,2026-05-22,14:50:00,280500,280500,280000,280500,4503,1262660000,3627,876
010120,2026-05-22,14:55:00,280000,281000,280000,281000,14371,4031780000,7857,6514
010120,2026-05-22,15:00:00,281000,281000,279000,279500,24736,6925640000,8473,16263
010120,2026-05-22,15:05:00,279500,280500,279000,280000,13832,3870000000,8315,5517
010120,2026-05-22,15:10:00,280000,281000,279500,280000,19255,5395040000,9399,9856
010120,2026-05-22,15:15:00,279500,280500,279500,280000,13260,3712730000,8681,4579
010120,2026-05-22,15:20:00,280000,280500,279500,280000,20874,5842210000,12602,8272
010120,2026-05-22,15:30:00,281000,281000,281000,281000,65181,18315860000,65103,0
010120,2026-05-26,09:05:00,287000,291000,275500,277000,123940,35097990000,49249,74691
010120,2026-05-26,09:10:00,276500,280500,274000,277500,60878,16863350000,26392,34486
010120,2026-05-26,09:15:00,277500,282000,276500,280000,34669,9714840000,17400,17269
010120,2026-05-26,09:20:00,280000,282000,277500,278000,27027,7560220000,9943,17084
010120,2026-05-26,09:25:00,278000,280500,277000,280000,30956,8647440000,19715,11241
010120,2026-05-26,09:30:00,280000,282000,279500,281250,22910,6440240000,14803,8107
010120,2026-05-26,09:35:00,281250,282500,281000,281500,14828,4175870000,8497,6331
010120,2026-05-26,09:40:00,281500,282500,281000,282500,14456,4072490000,7848,6608
010120,2026-05-26,09:45:00,282500,282500,279000,279500,29149,8178770000,7419,21730
010120,2026-05-26,09:50:00,279500,280500,279000,280500,16690,4666430000,5812,10878
010120,2026-05-26,09:55:00,280500,282500,280000,281250,14320,4031550000,6927,7393
010120,2026-05-26,10:00:00,281250,282500,280000,280500,16921,4764900000,5819,11102
010120,2026-05-26,10:05:00,280500,281000,280000,280500,10840,3041250000,5791,5049
010120,2026-05-26,10:10:00,281000,282000,280000,280000,16609,4668640000,6262,10347
010120,2026-05-26,10:15:00,280500,283500,280000,283500,23078,6511020000,16960,6118
010120,2026-05-26,10:20:00,283500,284500,283000,284500,18041,5115750000,14468,3573
010120,2026-05-26,10:25:00,284500,285000,283000,285000,20462,5815760000,11872,8590
010120,2026-05-26,10:30:00,284750,286750,284750,286000,21773,6221930000,16830,4943
010120,2026-05-26,10:35:00,286000,287000,285000,285000,20196,5774530000,9187,11009
010120,2026-05-26,10:40:00,285500,286500,283500,285000,20647,5878930000,6558,14089
010120,2026-05-26,10:45:00,285000,285500,283500,285500,11261,3203050000,5849,5412
010120,2026-05-26,10:50:00,285500,286000,284500,285250,12297,3509760000,5818,6479
010120,2026-05-26,10:55:00,285250,286000,285000,285500,11248,3210670000,5405,5843
010120,2026-05-26,11:00:00,285500,286000,285000,285750,6924,1976980000,4731,2193
010120,2026-05-26,11:05:00,286000,286000,285000,285250,6706,1914490000,2315,4391
010120,2026-05-26,11:10:00,285250,285500,284500,285000,8317,2370920000,1623,6694
010120,2026-05-26,11:15:00,284750,285000,284500,284500,4635,1319940000,1499,3136
010120,2026-05-26,11:20:00,284500,285000,284000,284250,8215,2336180000,2047,6168
010120,2026-05-26,11:25:00,284250,284500,284000,284250,4278,1216590000,2293,1985
010120,2026-05-26,11:30:00,284250,284500,284000,284250,4998,1421250000,2550,2448
010120,2026-05-26,11:35:00,284500,285000,284000,284500,9185,2614400000,3109,6076
010120,2026-05-26,11:40:00,284500,285000,284500,285000,3971,1130900000,1244,2727
010120,2026-05-26,11:45:00,284500,285000,284000,284500,7953,2263250000,1592,6361
010120,2026-05-26,11:50:00,284250,284500,284000,284250,5013,1425730000,3281,1732
010120,2026-05-26,11:55:00,284500,285000,284000,284500,7034,2002040000,2470,4564
010120,2026-05-26,12:00:00,285000,285000,283500,283500,10135,2882750000,2032,8103
010120,2026-05-26,12:05:00,283500,284000,283000,283500,10205,2893080000,1652,8553
010120,2026-05-26,12:10:00,283000,283500,283000,283250,5081,1438880000,1010,4071
010120,2026-05-26,12:15:00,283250,283500,283000,283250,3655,1035390000,1116,2539
010120,2026-05-26,12:20:00,283250,284000,283000,283750,6780,1922560000,4404,2376
010120,2026-05-26,12:25:00,283750,284500,283750,284500,3811,1082460000,2456,1355
010120,2026-05-26,12:30:00,284500,284750,284000,284500,6273,1784820000,3132,3141
010120,2026-05-26,12:35:00,284250,284750,283500,284000,7799,2217630000,2799,5000
010120,2026-05-26,12:40:00,283750,284500,283000,283500,7694,2182960000,2298,5396
010120,2026-05-26,12:45:00,283500,284000,283000,283500,7376,2090640000,3887,3489
010120,2026-05-26,12:50:00,283500,284000,283000,283500,3231,915610000,2068,1163
010120,2026-05-26,12:55:00,283500,283500,283000,283500,2966,840450000,2132,834
010120,2026-05-26,13:00:00,283000,284000,283000,283500,5303,1503240000,2399,2904
010120,2026-05-26,13:05:00,284000,284000,283500,283500,2361,669920000,1233,1128
010120,2026-05-26,13:10:00,283500,284000,283500,284000,4130,1172440000,3163,967
010120,2026-05-26,13:15:00,283500,284000,283500,283500,7469,2117990000,1051,6418
010120,2026-05-26,13:20:00,283500,285000,283500,284500,9797,2783570000,7039,2758
010120,2026-05-26,13:25:00,284500,285500,284000,284000,11623,3309470000,6501,5122
010120,2026-05-26,13:30:00,284000,284500,284000,284500,2168,616340000,1269,899
010120,2026-05-26,13:35:00,284000,284500,283000,283500,11981,3398490000,3960,8021
010120,2026-05-26,13:40:00,283500,284500,283500,284000,6509,1847710000,3912,2597
010120,2026-05-26,13:45:00,284000,284000,283500,283500,1871,530990000,1117,754
010120,2026-05-26,13:50:00,284000,284000,281500,282500,19878,5618120000,2401,17477
010120,2026-05-26,13:55:00,282000,282500,281500,281500,6593,1858700000,2381,4212
010120,2026-05-26,14:00:00,282000,283000,281500,282000,5340,1507260000,2779,2561
010120,2026-05-26,14:05:00,282000,283000,281000,281500,10528,2968660000,2942,7586
010120,2026-05-26,14:10:00,281000,282000,281000,282000,11619,3266500000,2922,8697
010120,2026-05-26,14:15:00,281500,283500,281500,283000,6451,1821540000,4576,1875
010120,2026-05-26,14:20:00,283500,284000,283000,283000,4483,1270630000,2881,1602
010120,2026-05-26,14:25:00,283250,284000,282500,283000,7731,2189410000,2931,4800
010120,2026-05-26,14:30:00,283000,284000,283000,283500,5341,1513940000,3561,1780
010120,2026-05-26,14:35:00,283500,284000,283000,283500,4046,1147220000,1464,2582
010120,2026-05-26,14:40:00,283500,284000,283000,284000,5974,1693600000,3088,2886
010120,2026-05-26,14:45:00,283500,284000,283500,284000,2678,759960000,1536,1142
010120,2026-05-26,14:50:00,283500,284000,283000,283000,6350,1800480000,2383,3967
010120,2026-05-26,14:55:00,283000,283500,283000,283000,4554,1290640000,3718,836
010120,2026-05-26,15:00:00,283000,284000,283000,283500,5510,1562040000,4462,1048
010120,2026-05-26,15:05:00,283500,284000,283500,283500,10919,3100310000,6482,4437
010120,2026-05-26,15:10:00,283500,284000,283000,283000,8028,2277000000,2487,5541
010120,2026-05-26,15:15:00,283000,284000,283000,284000,5312,1506670000,2671,2641
010120,2026-05-26,15:20:00,283500,284500,283500,284000,14006,3975320000,9317,4689
010120,2026-05-26,15:30:00,285000,285000,285000,285000,38162,10876160000,37933,0
010120,2026-05-27,09:05:00,282500,282500,275000,276500,86158,23928700000,41047,44967
010120,2026-05-27,09:10:00,277000,277000,270500,270500,56812,15556820000,16043,40769
010120,2026-05-27,09:15:00,271000,275000,270000,272500,46409,12655370000,23842,22567
010120,2026-05-27,09:20:00,273000,273000,271000,271000,29335,7979620000,14430,14905
010120,2026-05-27,09:25:00,271000,271500,268000,269000,61880,16684700000,16430,45450
010120,2026-05-27,09:30:00,269000,271500,269000,271500,24561,6624440000,14209,10352
010120,2026-05-27,09:35:00,271000,272000,268000,268500,32950,8885470000,9509,23441
010120,2026-05-27,09:40:00,268500,269500,267500,269000,36617,9825040000,12405,24212
010120,2026-05-27,09:45:00,268500,270000,268000,270000,15175,4085510000,7240,7935
010120,2026-05-27,09:50:00,270000,270500,269000,269000,17914,4834370000,9222,8692
010120,2026-05-27,09:55:00,269500,269500,268000,268500,15684,4215330000,3809,11875
010120,2026-05-27,10:00:00,268500,268500,265500,266500,44469,11868800000,8270,36199
010120,2026-05-27,10:05:00,266000,267500,266000,267250,17978,4791690000,10481,7497
010120,2026-05-27,10:10:00,267250,267500,266500,267500,12487,3335950000,6088,6399
010120,2026-05-27,10:15:00,267500,268000,266500,268000,12123,3239780000,5508,6615
010120,2026-05-27,10:20:00,267500,269000,267500,268000,12893,3457250000,6038,6855
010120,2026-05-27,10:25:00,268000,268500,267500,268000,6078,1629820000,4124,1954
010120,2026-05-27,10:30:00,268500,269000,267000,269000,17284,4632500000,6370,10914
010120,2026-05-27,10:35:00,268500,269000,267500,267500,10447,2799920000,2884,7563
010120,2026-05-27,10:40:00,267500,268000,267000,267000,6626,1771680000,1019,5607
010120,2026-05-27,10:45:00,267500,267500,267000,267000,11266,3008710000,1408,9858
010120,2026-05-27,10:50:00,267250,267500,266500,267000,8969,2393200000,1459,7510
010120,2026-05-27,10:55:00,267000,267500,266500,267000,12248,3269570000,8739,3509
010120,2026-05-27,11:00:00,267000,269500,267000,268000,11911,3195300000,5665,6246
010120,2026-05-27,11:05:00,268000,268000,267000,267000,6155,1645810000,3436,2719
010120,2026-05-27,11:10:00,267000,267500,267000,267500,7146,1908790000,1629,5517
010120,2026-05-27,11:15:00,267500,267500,267000,267000,5029,1343220000,970,4059
010120,2026-05-27,11:20:00,267000,267500,266500,267000,7282,1943830000,1118,6164
010120,2026-05-27,11:25:00,266500,267000,266000,266000,15691,4180500000,3087,12604
010120,2026-05-27,11:30:00,266000,266500,266000,266500,7017,1868170000,3260,3757
010120,2026-05-27,11:35:00,266500,266500,266000,266000,7542,2007220000,2180,5362
010120,2026-05-27,11:40:00,266500,266500,265500,265500,21739,5776610000,1926,19813
010120,2026-05-27,11:45:00,265750,266000,265500,265500,11595,3082810000,8553,3042
010120,2026-05-27,11:50:00,265500,266500,265500,266000,13031,3463250000,4580,8451
010120,2026-05-27,11:55:00,266000,266500,265500,265500,6605,1757290000,1771,4834
010120,2026-05-27,12:00:00,266000,266000,265500,265500,5215,1385150000,1147,4068
010120,2026-05-27,12:05:00,265500,266000,265000,265500,6513,1729210000,1337,5176
010120,2026-05-27,12:10:00,265500,266500,265000,266500,8799,2338560000,5998,2801
010120,2026-05-27,12:15:00,266000,267000,266000,267000,5725,1524680000,3182,2543
010120,2026-05-27,12:20:00,266500,267000,265500,266000,8102,2157060000,1621,6481
010120,2026-05-27,12:25:00,266000,266000,265500,265500,3520,935270000,1417,2103
010120,2026-05-27,12:30:00,266000,266000,265500,265500,5238,1391300000,1228,4010
010120,2026-05-27,12:35:00,265500,266000,265000,265500,6366,1689480000,1272,5094
010120,2026-05-27,12:40:00,265250,265500,265000,265000,5398,1431220000,1470,3928
010120,2026-05-27,12:45:00,265000,266000,265000,265500,7943,2108520000,5171,2772
010120,2026-05-27,12:50:00,265500,266000,265500,265500,5357,1422880000,1203,4154
010120,2026-05-27,12:55:00,265500,265500,265000,265500,8313,2205050000,1954,6359
010120,2026-05-27,13:00:00,265500,265500,265000,265500,7337,1945100000,1732,5605
010120,2026-05-27,13:05:00,265000,265500,265000,265000,5203,1379570000,1606,3597
010120,2026-05-27,13:10:00,265500,265500,265000,265500,5372,1424640000,2134,3238
010120,2026-05-27,13:15:00,265250,265500,265000,265000,4849,1285930000,1863,2986
010120,2026-05-27,13:20:00,265500,265500,265000,265000,8691,2304740000,3349,5342
010120,2026-05-27,13:25:00,265000,265500,264000,264500,21178,5606260000,2612,18566
010120,2026-05-27,13:30:00,264000,264500,263500,263500,16872,4451350000,1425,15447
010120,2026-05-27,13:35:00,263500,264000,262000,262500,22308,5858510000,6676,15632
010120,2026-05-27,13:40:00,262500,263500,262000,263000,9798,2573420000,4636,5162
010120,2026-05-27,13:45:00,263000,264500,263000,264000,9747,2572380000,4577,5170
010120,2026-05-27,13:50:00,264000,266000,264000,264500,13034,3455250000,5414,7620
010120,2026-05-27,13:55:00,264500,265000,263000,264500,9285,2450380000,4621,4664
010120,2026-05-27,14:00:00,264500,265000,263500,264000,6393,1690530000,1335,5058
010120,2026-05-27,14:05:00,263500,264000,263000,263000,6104,1607060000,2160,3944
010120,2026-05-27,14:10:00,263000,263500,262000,262000,12579,3304570000,2745,9834
010120,2026-05-27,14:15:00,262000,262500,262000,262000,6305,1652930000,2021,4284
010120,2026-05-27,14:20:00,262000,262500,261000,261000,12792,3344890000,2847,9945
010120,2026-05-27,14:25:00,261000,263000,261000,262500,13330,3492950000,5254,8076
010120,2026-05-27,14:30:00,262500,263500,262500,263000,7119,1871470000,3372,3747
010120,2026-05-27,14:35:00,263000,264500,262500,262500,13518,3563790000,4208,9310
010120,2026-05-27,14:40:00,262500,263500,262500,262500,8683,2283060000,4000,4683
010120,2026-05-27,14:45:00,263000,265000,262500,264000,14449,3813310000,6204,8245
010120,2026-05-27,14:50:00,264000,264500,263000,263000,7326,1931680000,2154,5172
010120,2026-05-27,14:55:00,263000,263500,262000,262500,9520,2500230000,2223,7297
010120,2026-05-27,15:00:00,262500,262500,262000,262000,5934,1555780000,2197,3737
010120,2026-05-27,15:05:00,262000,262500,261000,261000,14975,3916080000,3197,11778
010120,2026-05-27,15:10:00,261000,261500,260500,261000,12862,3357370000,2651,10211
010120,2026-05-27,15:15:00,260500,261000,260500,260500,7738,2017070000,2685,5053
010120,2026-05-27,15:20:00,260500,261500,260500,261500,13688,3572490000,9363,4325
010120,2026-05-27,15:30:00,261500,261500,261500,261500,37676,9852270000,37475,0
010120,2026-05-28,09:05:00,258000,261500,254500,255500,82841,21357130000,59546,23000
010120,2026-05-28,09:10:00,255500,255500,250500,252000,65353,16507910000,35474,29879
010120,2026-05-28,09:15:00,252000,254000,250000,250000,42829,10783820000,17831,24998
010120,2026-05-28,09:20:00,250500,253000,249000,250500,52076,13059200000,26773,25303
010120,2026-05-28,09:25:00,250500,251000,248500,250500,38078,9508420000,20818,17260
010120,2026-05-28,09:30:00,250000,250500,248000,248500,38302,9530900000,18856,19446
010120,2026-05-28,09:35:00,249000,251000,248500,248500,24964,6226700000,13340,11624
010120,2026-05-28,09:40:00,249000,249500,248000,249000,18674,4645000000,10489,8185
010120,2026-05-28,09:45:00,249000,249500,247000,247750,32065,7953700000,9041,23024
010120,2026-05-28,09:50:00,247750,249000,246500,247500,24194,5991310000,11580,12614
010120,2026-05-28,09:55:00,247500,250500,247500,249000,26621,6627970000,15783,10838
010120,2026-05-28,10:00:00,248500,249500,248000,248500,14611,3633670000,7935,6676
010120,2026-05-28,10:05:00,248000,250250,247500,250000,21845,5437130000,13881,7964
010120,2026-05-28,10:10:00,250000,250000,247000,247500,31408,7789630000,10929,20479
010120,2026-05-28,10:15:00,247500,248000,245500,246500,40563,9997200000,8194,32369
010120,2026-05-28,10:20:00,246750,247000,245500,246000,20936,5149120000,6050,14886
010120,2026-05-28,10:25:00,246000,246000,245000,245250,19445,4772820000,5781,13664
010120,2026-05-28,10:30:00,245250,245500,243500,244000,43734,10688030000,17170,26564
010120,2026-05-28,10:35:00,243500,245500,243500,245000,14215,3473120000,7129,7086
010120,2026-05-28,10:40:00,245000,245500,244500,244500,13830,3388400000,6927,6903
010120,2026-05-28,10:45:00,244500,245500,244000,244000,11193,2738120000,4342,6851
010120,2026-05-28,10:50:00,244250,244500,243000,244000,28393,6919690000,16052,12341
010120,2026-05-28,10:55:00,244000,246500,244000,245500,18583,4557080000,9230,9353
010120,2026-05-28,11:00:00,245000,247000,245000,246500,9863,2424720000,4059,5804
010120,2026-05-28,11:05:00,246000,247500,245000,245500,16040,3950120000,6448,9592
010120,2026-05-28,11:10:00,246000,246500,244500,245000,9638,2365130000,2561,7077
010120,2026-05-28,11:15:00,244500,245000,244000,244500,8937,2183440000,3844,5093
010120,2026-05-28,11:20:00,244000,245000,243500,244500,9644,2352780000,2753,6891
010120,2026-05-28,11:25:00,245000,245500,244000,244000,12239,2993220000,3782,8457
010120,2026-05-28,11:30:00,244000,244500,243500,244000,10198,2489170000,3127,7071
010120,2026-05-28,11:35:00,244000,244500,243500,243500,8194,1998390000,3434,4760
010120,2026-05-28,11:40:00,243750,244000,243000,243500,11003,2679140000,2339,8664
010120,2026-05-28,11:45:00,243500,243500,242000,242000,25858,6277970000,6095,19763
010120,2026-05-28,11:50:00,242500,243000,242000,242500,10582,2564610000,3726,6856
010120,2026-05-28,11:55:00,242500,243500,242500,243000,13282,3226350000,7421,5861
010120,2026-05-28,12:00:00,243000,243000,242000,242000,6275,1521140000,668,5607
010120,2026-05-28,12:05:00,242000,243000,241500,241500,13084,3166470000,4389,8695
010120,2026-05-28,12:10:00,241500,243000,241000,242500,13257,3208970000,6656,6601
010120,2026-05-28,12:15:00,243000,244000,242000,244000,8960,2177960000,5260,3700
010120,2026-05-28,12:20:00,244000,244500,243000,243000,5749,1401100000,1921,3828
010120,2026-05-28,12:25:00,243000,244000,242500,243000,9246,2245280000,4128,5118
010120,2026-05-28,12:30:00,242500,243000,241500,242000,11461,2775890000,4794,6667
010120,2026-05-28,12:35:00,242000,242000,240500,241000,16473,3971970000,3884,12589
010120,2026-05-28,12:40:00,241000,241500,239000,239500,39307,9438890000,5792,33515
010120,2026-05-28,12:45:00,239500,241000,238500,239000,25032,5996180000,13074,11958
010120,2026-05-28,12:50:00,239500,240500,238500,239500,19119,4580700000,9409,9710
010120,2026-05-28,12:55:00,239500,240500,239000,240500,15251,3652980000,6657,8594
010120,2026-05-28,13:00:00,240500,241000,238500,239000,9495,2274800000,2631,6864
010120,2026-05-28,13:05:00,238500,239500,238000,238000,13546,3229310000,4090,9456
010120,2026-05-28,13:10:00,238000,239000,237500,238000,17211,4099950000,7523,9688
010120,2026-05-28,13:15:00,238500,239000,237000,237000,12321,2927340000,4091,8230
010120,2026-05-28,13:20:00,237000,238000,236000,236500,21144,5007180000,10485,10659
010120,2026-05-28,13:25:00,236000,238000,235000,237000,25193,5944090000,8777,16416
010120,2026-05-28,13:30:00,237000,238000,236000,237500,11966,2834400000,5317,6649
010120,2026-05-28,13:35:00,237500,239000,237000,239000,10128,2413190000,4050,6078
010120,2026-05-28,13:40:00,238500,240000,238000,239500,12640,3022020000,6373,6267
010120,2026-05-28,13:45:00,239500,240000,238500,239500,11990,2868170000,4828,7162
010120,2026-05-28,13:50:00,239500,239500,238000,238500,18718,4465490000,10982,7736
010120,2026-05-28,13:55:00,238500,240000,238000,239500,9107,2176910000,4862,4245
010120,2026-05-28,14:00:00,239000,239500,238500,238500,8187,1957180000,2703,5484
010120,2026-05-28,14:05:00,238500,239500,238000,238500,9357,2231850000,3808,5549
010120,2026-05-28,14:10:00,238500,240500,238000,240000,11543,2760380000,6182,5361
010120,2026-05-28,14:15:00,240000,242000,240000,241500,14860,3578950000,8217,6643
010120,2026-05-28,14:20:00,242000,242500,240000,240000,17575,4240100000,6792,10783
010120,2026-05-28,14:25:00,240500,242000,240000,241500,12441,2997310000,6154,6287
010120,2026-05-28,14:30:00,241500,242500,241500,241500,11978,2898050000,5122,6856
010120,2026-05-28,14:35:00,241500,242500,241500,242500,11967,2894840000,6515,5452
010120,2026-05-28,14:40:00,242000,243000,242000,242500,12798,3100920000,5928,6870
010120,2026-05-28,14:45:00,242000,243500,242000,243000,14130,3427430000,5394,8736
010120,2026-05-28,14:50:00,243000,244500,243000,244000,16082,3920950000,8824,7258
010120,2026-05-28,14:55:00,244000,245000,243500,244000,15633,3817240000,6311,9322
010120,2026-05-28,15:00:00,244000,245000,243500,244000,18498,4515400000,6011,12487
010120,2026-05-28,15:05:00,243500,245000,243500,244500,10995,2685290000,4935,6060
010120,2026-05-28,15:10:00,244500,245500,244000,244500,17273,4227320000,7415,9858
010120,2026-05-28,15:15:00,244000,246000,244000,245500,26497,6478990000,10202,16295
010120,2026-05-28,15:20:00,246000,246500,245000,246000,19322,4747540000,7329,11993
010120,2026-05-28,15:30:00,246500,246500,246500,246500,26261,6473340000,26177,0
